S01000004C617965724E6F726D2E7331394B
S20500000013E7
S20500000100F9
S20500000200F8
S20500000300F7
S20500000413E3
S20500000500F5
S20500000600F4
S20500000700F3
S20500000813DF
S20500000900F1
S20500000A00F0
S20500000B00EF
S20500000C13DB
S20500000D00ED
S20500000E00EC
S20500000F00EB
S20500001013D7
S20500001100E9
S20500001200E8
S20500001300E7
S20500001413D3
S20500001500E5
S20500001600E4
S20500001700E3
S20500001813CF
S20500001900E1
S20500001A00E0
S20500001B00DF
S20500001C13CB
S20500001D00DD
S20500001E00DC
S20500001F00DB
S20500002013C7
S20500002100D9
S20500002200D8
S20500002300D7
S20500002413C3
S20500002500D5
S20500002600D4
S20500002700D3
S20500002813BF
S20500002900D1
S20500002A00D0
S20500002B00CF
S20500002C13BB
S20500002D00CD
S20500002E00CC
S20500002F00CB
S20500003013B7
S20500003100C9
S20500003200C8
S20500003300C7
S20500003413B3
S20500003500C5
S20500003600C4
S20500003700C3
S20500003813AF
S20500003900C1
S20500003A00C0
S20500003B00BF
S20500003C13AB
S20500003D00BD
S20500003E00BC
S20500003F00BB
S20500004013A7
S20500004100B9
S20500004200B8
S20500004300B7
S20500004413A3
S20500004500B5
S20500004600B4
S20500004700B3
S205000048139F
S20500004900B1
S20500004A00B0
S20500004B00AF
S20500004C139B
S20500004D00AD
S20500004E00AC
S20500004F00AB
S2050000501397
S20500005100A9
S20500005200A8
S20500005300A7
S2050000541393
S20500005500A5
S20500005600A4
S20500005700A3
S205000058138F
S20500005900A1
S20500005A00A0
S20500005B009F
S20500005C138B
S20500005D009D
S20500005E009C
S20500005F009B
S2050000601387
S2050000610099
S2050000620098
S2050000630097
S2050000641383
S2050000650095
S2050000660094
S2050000670093
S205000068137F
S2050000690091
S20500006A0090
S20500006B008F
S20500006C137B
S20500006D008D
S20500006E008C
S20500006F008B
S2050000701377
S2050000710089
S2050000720088
S2050000730087
S2050000741373
S2050000750085
S2050000760084
S2050000770083
S205000078136F
S2050000790081
S20500007A0080
S20500007B007F
S20500007C136B
S20500007D007D
S20500007E007C
S20500007F007B
S2050000806F0B
S2050000810079
S2050000824038
S2050000830077
S20500008493E3
S2050000850075
S2050000860074
S2050000870073
S205000088135F
S20500008981F0
S20500008A0070
S20500008B006F
S20500008C93DB
S20500008D81EC
S20500008E006C
S20500008F006B
S2050000901357
S20500009182E7
S2050000920068
S2050000930067
S20500009493D3
S20500009582E3
S2050000960064
S2050000970063
S205000098134F
S20500009983DE
S20500009A0060
S20500009B005F
S20500009C93CB
S20500009D83DA
S20500009E005C
S20500009F005B
S2050000A01347
S2050000A184D5
S2050000A20058
S2050000A30057
S2050000A493C3
S2050000A584D1
S2050000A60054
S2050000A70053
S2050000A8133F
S2050000A985CC
S2050000AA0050
S2050000AB004F
S2050000AC93BB
S2050000AD85C8
S2050000AE004C
S2050000AF004B
S2050000B01337
S2050000B186C3
S2050000B20048
S2050000B30047
S2050000B493B3
S2050000B586BF
S2050000B60044
S2050000B70043
S2050000B8132F
S2050000B987BA
S2050000BA0040
S2050000BB003F
S2050000BC93AB
S2050000BD87B6
S2050000BE003C
S2050000BF003B
S2050000C01327
S2050000C188B1
S2050000C20038
S2050000C30037
S2050000C493A3
S2050000C588AD
S2050000C60034
S2050000C70033
S2050000C8131F
S2050000C989A8
S2050000CA0030
S2050000CB002F
S2050000CC939B
S2050000CD89A4
S2050000CE002C
S2050000CF002B
S2050000D01317
S2050000D18A9F
S2050000D20028
S2050000D30027
S2050000D49393
S2050000D58A9B
S2050000D60024
S2050000D70023
S2050000D8130F
S2050000D98B96
S2050000DA0020
S2050000DB001F
S2050000DC938B
S2050000DD8B92
S2050000DE001C
S2050000DF001B
S2050000E01307
S2050000E18C8D
S2050000E20018
S2050000E30017
S2050000E49383
S2050000E58C89
S2050000E60014
S2050000E70013
S2050000E813FF
S2050000E98D84
S2050000EA0010
S2050000EB000F
S2050000EC937B
S2050000ED8D80
S2050000EE000C
S2050000EF000B
S2050000F013F7
S2050000F18E7B
S2050000F20008
S2050000F30007
S2050000F49373
S2050000F58E77
S2050000F60004
S2050000F70003
S2050000F813EF
S2050000F98F72
S2050000FA0000
S2050000FB00FF
S2050000FC936B
S2050000FD8F6E
S2050000FE00FC
S2050000FF00FB
S20500010017E2
S2050001016197
S20500010210E7
S20500010300F6
S20500010413E2
S20500010501F3
S20500010601F2
S205000107DF13
S20500010817DA
S2050001090DE3
S20500010A10DF
S20500010B00EE
S20500010C13DA
S20500010D0DDF
S20500010ECD1E
S20500010F6B7F
S2050001109752
S2050001110DDB
S20500011210D7
S20500011300E6
S2050001149352
S2050001158D57
S205000116CD16
S2050001176D75
S205000118637E
S2050001195888
S20500011ABD22
S20500011B01DD
S20500011C23BA
S20500011D20BC
S20500011E0DCE
S20500011F00DA
S20500012013C6
S2050001210DCB
S2050001224D8A
S20500012300D6
S205000124E3F2
S205000125DCF8
S205000126AD26
S205000127FFD3
S205000128EFE2
S20500012920B0
S20500012A10BF
S20500012B09C5
S20500012C13BA
S20500012D05C7
S20500012E00CB
S20500012F00CA
S2050001309336
S20500013105C3
S20500013200C7
S20500013300C6
S205000134EFD6
S20500013520A4
S2050001365073
S2050001374B77
S205000138EFD2
S20500013900C0
S20500013A00BF
S20500013B00BE
S20500013C6756
S20500013D803C
S20500013E00BB
S20500013F00BA
S2050001409326
S205000141D7E1
S2050001424572
S2050001434175
S20500014413A2
S20500014501B3
S20500014601B2
S205000147FFB3
S205000148931E
S205000149F7B9
S20500014AF7B8
S20500014B7F2F
S20500014C238A
S20500014D2488
S20500014E812A
S20500014F00AA
S2050001502386
S2050001512286
S2050001529116
S20500015300A6
S2050001542382
S2050001552084
S2050001562182
S20500015701A1
S205000158237E
S205000159267A
S20500015A118E
S20500015B009E
S20500015C138A
S20500015D8715
S20500015E1784
S20500015FC0DA
S2050001609306
S2050001610692
S2050001623067
S2050001630195
S2050001641382
S2050001658410
S205000166058E
S2050001670092
S20500016893FE
S205000169048C
S20500016A058A
S20500016B008E
S20500016C137A
S20500016D0983
S20500016E0685
S20500016F008A
S2050001706326
S205000171CCBC
S205000172E6A1
S2050001730482
S2050001746322
S2050001754A3A
S205000176077C
S2050001771072
S205000178B7CA
S2050001790779
S20500017A106F
S20500017B007E
S20500017C93EA
S20500017D87F5
S20500017EF784
S20500017FFF7B
S205000180B3C6
S205000181D7A1
S205000182E790
S2050001834036
S2050001843342
S205000185F77D
S205000186B7BC
S2050001870072
S205000188333E
S2050001896709
S20500018AA7C8
S20500018B006E
S20500018C630A
S20500018D1A52
S20500018E0764
S20500018F0664
S20500019093D6
S2050001910761
S2050001920463
S2050001930066
S205000194B7AE
S205000195065E
S2050001960063
S20500019780E2
S205000198233E
S2050001992040
S20500019A99C6
S20500019B005E
S20500019C332A
S20500019DF468
S20500019E86D5
S20500019F005A
S2050001A02336
S2050001A12236
S2050001A2F95E
S2050001A30056
S2050001A493C2
S2050001A50450
S2050001A60053
S2050001A70052
S2050001A883CE
S2050001A92030
S2050001AAC18E
S2050001AB004E
S2050001AC93BA
S2050001AD0547
S2050001AE0447
S2050001AF004A
S2050001B00346
S2050001B12424
S2050001B281C6
S2050001B30046
S2050001B40342
S2050001B5291B
S2050001B60142
S2050001B70042
S2050001B8132E
S2050001B985BB
S2050001BA043B
S2050001BB003E
S2050001BC83BA
S2050001BD2418
S2050001BE41FA
S2050001BF003A
S2050001C01326
S2050001C10137
S2050001C20136
S2050001C30135
S2050001C467CE
S2050001C580B4
S2050001C60033
S2050001C70032
S2050001C8939E
S2050001C9062A
S2050001CA30FF
S2050001CB032B
S2050001CC63CA
S2050001CDC26A
S2050001CEE645
S2050001CF0822
S2050001D01316
S2050001D10721
S2050001D2F037
S2050001D3FF27
S2050001D49392
S2050001D5879D
S2050001D6D74C
S2050001D7BE64
S2050001D8B36E
S2050001D957C9
S2050001DAF728
S2050001DB001E
S2050001DC33EA
S2050001DDF725
S2050001DEA774
S2050001DF001A
S2050001E0E336
S2050001E10810
S2050001E20710
S2050001E3FA1C
S2050001E49382
S2050001E5C74D
S2050001E6F71C
S2050001E7FF13
S2050001E8B35E
S2050001E9F719
S2050001EAA768
S2050001EB000E
S2050001EC13FA
S2050001ED8884
S2050001EE0704
S2050001EF000A
S2050001F013F6
S2050001F18682
S2050001F20700
S2050001F30006
S2050001F49372
S2050001F5887C
S2050001F605FE
S2050001F70002
S2050001F8936E
S2050001F9867A
S2050001FA05FA
S2050001FB00FE
S2050001FC6F8E
S2050001FD00FC
S2050001FE00FB
S2050001FF02F8
S2050002009365
S205000201C730
S205000202F7FF
S205000203FFF6
S20500020413E1
S20500020507EC
S20500020600F2
S20500020700F1
S205000208B33D
S205000209F7F8
S20500020AB737
S20500020B00ED
S20500020C13D9
S20500020D08E3
S20500020E07E3
S20500020F00E9
S20500021013D5
S20500021106E1
S20500021207DF
S20500021300E5
S2050002149351
S205000215885B
S20500021607DB
S20500021700E1
S205000218934D
S2050002198659
S20500021A07D7
S20500021B00DD
S20500021C23B9
S20500021D20BB
S20500021E09D1
S20500021F01D8
S20500022023B5
S20500022122B5
S20500022219BD
S20500022301D4
S205000224EFE5
S20500022510C3
S2050002269042
S2050002274A87
S20500022813BD
S205000229844B
S20500022A05C9
S20500022B00CD
S20500022C8349
S20500022D20AB
S20500022EC109
S20500022F00C9
S2050002309335
S20500023105C2
S20500023204C2
S20500023300C5
S20500023403C1
S205000235249F
S2050002368141
S20500023700C1
S205000238932D
S20500023904BB
S20500023A05B9
S20500023B00BD
S20500023C03B9
S20500023D2992
S20500023E01B9
S20500023F00B9
S20500024013A5
S2050002418532
S20500024204B2
S20500024300B5
S2050002448331
S205000245248F
S2050002464171
S20500024700B1
S205000248139D
S20500024901AE
S20500024A01AD
S20500024B01AC
S20500024C6745
S20500024D802B
S20500024E00AA
S20500024F00A9
S2050002502385
S2050002512087
S205000252A9FD
S20500025300A5
S2050002542381
S2050002552281
S205000256B9E9
S20500025700A1
S205000258EFB1
S205000259009F
S20500025A009E
S20500025B0796
S20500025C6339
S20500025D1E7D
S20500025E0595
S20500025F0495
S2050002601385
S2050002618611
S2050002620492
S2050002630095
S2050002641381
S205000265850E
S205000266048E
S2050002670091
S20500026893FD
S2050002690689
S20500026A048A
S20500026B008D
S20500026C93F9
S20500026D0586
S20500026E0486
S20500026F0089
S205000270EF99
S2050002710087
S2050002728006
S2050002730C79
S20500027493F1
S205000275047F
S205000276057D
S2050002770081
S205000278136D
S20500027984FB
S20500027A0579
S20500027B007D
S20500027C2359
S20500027D205B
S20500027EA9D1
S20500027F0079
S2050002802355
S2050002812255
S205000282B9BD
S2050002830075
S2050002846F05
S205000285F083
S2050002865F13
S205000287F27F
S205000288B7B9
S2050002890768
S20500028A006E
S20500028B80ED
S20500028C83E9
S20500028D204B
S20500028EC1A9
S20500028F0069
S205000290B3B5
S205000291F770
S205000292B7AF
S2050002930065
S20500029493D1
S205000295055E
S205000296045E
S2050002970061
S205000298035D
S205000299243B
S20500029A81DD
S20500029B005D
S20500029C2339
S20500029D203B
S20500029E0654
S20500029F0059
S2050002A02335
S2050002A12235
S2050002A2F660
S2050002A30055
S2050002A40351
S2050002A5292A
S2050002A60151
S2050002A70051
S2050002A8133D
S2050002A985CA
S2050002AA044A
S2050002AB004D
S2050002AC83C9
S2050002AD2427
S2050002AE4109
S2050002AF0049
S2050002B01335
S2050002B10146
S2050002B20145
S2050002B30144
S2050002B467DD
S2050002B580C3
S2050002B60042
S2050002B70041
S2050002B8B789
S2050002B90738
S2050002BA003E
S2050002BB80BD
S2050002BC3309
S2050002BDF447
S2050002BE87B3
S2050002BF0039
S2050002C093A5
S2050002C10433
S2050002C20036
S2050002C30035
S2050002C46FC5
S2050002C5F043
S2050002C65FD3
S2050002C7EE43
S2050002C833FD
S2050002C967C8
S2050002CAB579
S2050002CB002D
S2050002CC9399
S2050002CD0724
S2050002CE0525
S2050002CF0029
S2050002D063C5
S2050002D10C1B
S2050002D2071F
S2050002D30421
S2050002D437ED
S2050002D5071C
S2050002D60022
S2050002D780A1
S2050002D863BD
S2050002D9829D
S2050002DAE539
S2050002DB0419
S2050002DC9389
S2050002DD0615
S2050002DEF723
S2050002DFFF1A
S2050002E0B365
S2050002E1F621
S2050002E2B660
S2050002E30015
S2050002E437DD
S2050002E5080B
S2050002E6F022
S2050002E7FF12
S2050002E833DD
S2050002E98887
S2050002EA0608
S2050002EB010C
S2050002ECB755
S2050002ED0803
S2050002EEE02A
S2050002EF7F8A
S2050002F013F5
S2050002F10502
S2050002F240C6
S2050002F30005
S2050002F463A1
S2050002F562A1
S2050002F618EA
S2050002F703FE
S2050002F837C9
S2050002F908F7
S2050002FA10EE
S2050002FB00FD
S2050002FC13E9
S2050002FD05F6
S2050002FE30CA
S2050002FF00F9
S2050003006394
S205000301EC0A
S20500030205F0
S20500030301F3
S20500030433C0
S20500030507EB
S205000306B73A
S20500030700F0
S205000308638C
S2050003096886
S20500030A07E6
S20500030B01EB
S20500030C37B4
S20500030D07E3
S20500030EF0F9
S20500030F7F69
S20500031013D4
S20500031105E1
S20500031200E5
S20500031300E4
S2050003146380
S2050003158E54
S205000316E6FB
S20500031700E0
S2050003186778
S205000319805E
S20500031A00DD
S20500031B00DC
S20500031C33A8
S20500031D35A5
S20500031EA039
S20500031F00D8
S20500032013C4
S20500032105D1
S20500032225B0
S20500032300D4
S205000324676C
S2050003258052
S20500032600D1
S20500032700D0
S20500032813BC
S20500032905C9
S20500032A20AD
S20500032B00CC
S20500032C6764
S20500032D804A
S20500032E00C9
S20500032F00C8
S20500033013B4
S205000331B511
S20500033217AE
S20500033300C4
S205000334675C
S2050003358042
S20500033600C1
S20500033700C0
S205000338B708
S20500033907B7
S20500033A10AD
S20500033B00BC
S20500033C13A8
S20500033D01B9
S20500033E01B8
S20500033FFEBA
S2050003409324
S2050003418E28
S205000342F7BE
S205000343FFB5
S2050003443380
S205000345F8BA
S205000346BEF3
S20500034700B0
S205000348B3FC
S205000349F7B7
S20500034ADECF
S20500034B00AC
S20500034C1398
S20500034DD3D7
S20500034E4663
S20500034F01A7
S2050003502384
S205000351287E
S2050003522184
S20500035301A3
S2050003541390
S205000355D9C9
S205000356455C
S205000357019F
S205000358930C
S2050003599707
S20500035A3766
S20500035B009C
S20500035C2378
S20500035D2C6E
S20500035E8118
S20500035F0098
S2050003601384
S205000361187E
S205000362385D
S2050003630094
S2050003641380
S205000365D4BE
S205000366F59C
S205000367018F
S205000368137C
S2050003695737
S20500036AD5B8
S20500036B018B
S20500036C93F8
S20500036D5832
S20500036ED6B3
S20500036F0187
S2050003701374
S205000371790D
S205000372F98C
S2050003737F05
S2050003741370
S205000375730F
S205000376F38E
S2050003777F01
S205000378235C
S2050003792E50
S20500037A116C
S20500037B007C
S20500037C2358
S20500037D2A50
S20500037E91E8
S20500037F0078
S2050003802354
S2050003812650
S2050003823144
S2050003830173
S20500038493E0
S205000385D69C
S205000386F67B
S205000387016F
S205000388B3BC
S205000389E886
S20500038AF875
S20500038B006C
S20500038C3338
S20500038D6703
S20500038E0762
S20500038F0167
S20500039093D4
S2050003911551
S2050003923530
S2050003930064
S2050003941350
S2050003951F43
S205000396362B
S2050003970060
S205000398B3AC
S2050003990757
S20500039A69F4
S20500039B401C
S20500039C63F8
S20500039D0456
S20500039ED485
S20500039F1E3A
S2050003A063F4
S2050003A15204
S2050003A2F065
S2050003A3163E
S2050003A463F0
S2050003A5064C
S2050003A6034E
S2050003A72828
S2050003A893BC
S2050003A90648
S2050003AAF05D
S2050003AB7FCD
S2050003AC63E8
S2050003AD0644
S2050003AED970
S2050003AF4206
S2050003B093B4
S2050003B10640
S2050003B280C5
S2050003B30341
S2050003B41330
S2050003B5063C
S2050003B61031
S2050003B70040
S2050003B863DC
S2050003B9CE70
S2050003BAF647
S2050003BB023A
S2050003BCB784
S2050003BD0634
S2050003BE80B9
S2050003BF0038
S2050003C0B384
S2050003C1E84E
S2050003C2D85D
S2050003C30034
S2050003C493A0
S2050003C5062C
S2050003C6F041
S2050003C7012F
S2050003C863CC
S2050003C9CE60
S2050003CAF637
S2050003CB52DA
S2050003CC9398
S2050003CD0624
S2050003CE0029
S2050003CF0226
S2050003D0B374
S2050003D186A0
S2050003D2F62F
S2050003D340E4
S2050003D433F0
S2050003D5968C
S2050003D6D849
S2050003D70020
S2050003D833EC
S2050003D955C9
S2050003DAFF1E
S2050003DB001C
S2050003DCB368
S2050003DD1604
S2050003DEDF3A
S2050003DF0018
S2050003E033E4
S2050003E166B0
S2050003E2A66F
S2050003E30014
S2050003E4B360
S2050003E536DC
S2050003E6D041
S2050003E70010
S2050003E8B35C
S2050003E9D836
S2050003EAF815
S2050003EB000C
S2050003EC33D8
S2050003ED66A4
S2050003EED633
S2050003EF0008
S2050003F033D4
S2050003F107FF
S2050003F217EE
S2050003F341C3
S2050003F433D0
S2050003F5867C
S2050003F6C53C
S2050003F740C0
S2050003F8B34C
S2050003F9B549
S2050003FAC538
S2050003FB00FC
S2050003FC9368
S2050003FD04F6
S2050003FE06F3
S2050003FF00F8
S205000400B343
S20500040109EC
S205000402B73D
S20500040340B3
S205000404935F
S205000405975A
S2050004068967
S20500040700EF
S205000408638B
S205000409DA13
S20500040A07E5
S20500040B32B9
S20500040CB733
S20500040D07E2
S20500040E8068
S20500040F00E7
S2050004109353
S205000411875E
S205000412F7ED
S205000413FFE4
S205000414B32F
S205000415F9E8
S205000416F9E7
S20500041700DF
S205000418637B
S2050004198855
S20500041A09D3
S20500041B2CAF
S20500041C13C7
S20500041D8554
S20500041E09CF
S20500041F00D7
S205000420EFE7
S20500042120B5
S20500042200D4
S2050004235182
S205000424933F
S20500042507CA
S205000426854B
S205000427FFD0
S205000428933B
S20500042906C7
S20500042A00CC
S20500042B02C9
S20500042C3397
S20500042D8742
S20500042EF6D2
S20500042F4087
S2050004303393
S205000431D7EE
S205000432E4E0
S20500043300C3
S205000434B30F
S2050004359928
S205000436F9C7
S20500043700BF
S205000438338B
S2050004396756
S20500043A3785
S20500043B01BA
S20500043CB307
S20500043D9425
S20500043EF4C4
S20500043F00B7
S2050004406353
S205000441C8ED
S205000442278D
S2050004434B68
S205000444B3FF
S205000445872A
S2050004462789
S205000447416E
S205000448931B
S2050004498726
S20500044A1795
S20500044B00AB
S20500044CB3F7
S20500044D8623
S20500044EF6B2
S20500044F4067
S2050004503373
S205000451960F
S205000452D4D0
S20500045300A3
S205000454B3EF
S205000455D9C8
S205000456F4AC
S205000457009F
S205000458336B
S2050004593667
S20500045AC0DC
S20500045B009B
S20500045C3367
S20500045D6633
S20500045E3662
S20500045F0196
S205000460B3E3
S205000461167F
S205000462D7BD
S2050004630093
S205000464B3DF
S205000465E4AD
S205000466C6CA
S205000467008F
S205000468B3DB
S2050004695934
S20500046AF795
S20500046B008B
S20500046C1377
S20500046D0980
S20500046E0088
S20500046F0087
S20500047093F3
S205000471F78E
S2050004727410
S2050004730083
S205000474631F
S2050004758001
S2050004760779
S205000477027D
S20500047893EB
S205000479F786
S20500047AF488
S20500047B007B
S20500047C1367
S20500047D0772
S20500047E4038
S20500047F0077
S2050004806313
S2050004818AEB
S205000482E78D
S2050004830073
S20500048493DF
S20500048587EA
S205000486442C
S205000487006F
S205000488333B
S205000489B6B7
S20500048A97D5
S20500048B006B
S20500048CB3B7
S20500048D89E0
S20500048EC99F
S20500048F0067
S20500049093D3
S20500049184E1
S205000492075D
S2050004930063
S20500049493CF
S20500049597CA
S20500049689D7
S205000497005F
S20500049863FB
S205000499DA83
S20500049A0755
S20500049B6EED
S20500049C93C7
S20500049D0752
S20500049E193F
S20500049F0057
S2050004A01343
S2050004A1074E
S2050004A2F064
S2050004A37FD4
S2050004A4133F
S2050004A50E43
S2050004A6044C
S2050004A7004F
S2050004A863EB
S2050004A986C7
S2050004AAE765
S2050004AB2A21
S2050004AC3713
S2050004AD0742
S2050004AE80C8
S2050004AFFF48
S2050004B01333
S2050004B1073E
S2050004B2F74D
S2050004B3FF44
S2050004B4330F
S2050004B5F74A
S2050004B6E957
S2050004B7003F
S2050004B893AB
S2050004B9F746
S2050004BAF745
S2050004BB7FBC
S2050004BC1327
S2050004BD1821
S2050004BED761
S2050004BF0136
S2050004C01323
S2050004C1D65F
S2050004C23400
S2050004C30033
S2050004C4131F
S2050004C5171A
S2050004C69799
S2050004C7002F
S2050004C833FB
S2050004C968C5
S2050004CAC864
S2050004CB002B
S2050004CC1317
S2050004CD57D2
S2050004CEC761
S2050004CF0027
S2050004D083A3
S2050004D12005
S2050004D2C163
S2050004D30122
S2050004D4031F
S2050004D524FD
S2050004D6819F
S2050004D7011E
S2050004D8938B
S2050004D99786
S2050004DA47D5
S2050004DB011A
S2050004DCB367
S2050004DDE732
S2050004DEE731
S2050004DF0017
S2050004E01303
S2050004E117FE
S2050004E2FE16
S2050004E30112
S2050004E4B35F
S2050004E5E72A
S2050004E6E729
S2050004E7000F
S2050004E8838B
S2050004E924E9
S2050004EA41CB
S2050004EB010A
S2050004EC0307
S2050004ED29E0
S2050004EE0107
S2050004EF0106
S2050004F08383
S2050004F129DC
S2050004F2C143
S2050004F30003
S2050004F413EF
S2050004F505FC
S2050004F608F8
S2050004F700FF
S2050004F8936B
S2050004F98578
S2050004FA07F5
S2050004FB00FB
S2050004FC13E7
S2050004FD01F8
S2050004FE01F7
S2050004FF02F5
S205000500678E
S2050005018074
S20500050200F3
S20500050300F2
S205000504638E
S2050005058C64
S20500050607E8
S20500050714DA
S205000508B33A
S20500050907E5
S20500050A23C8
S20500050B41A9
S20500050C6386
S20500050D12D6
S20500050E09DE
S20500050F3CAA
S20500051033B2
S205000511657F
S205000512B72C
S20500051300E2
S205000514637E
S20500051504DC
S20500051605DA
S2050005174C92
S20500051813CA
S2050005198557
S20500051AF7E4
S20500051BFFDB
S20500051C6376
S20500051D02D6
S20500051E05D2
S20500051F6076
S20500052013C2
S20500052108CC
S205000522F0E3
S2050005237F53
S205000524636E
S205000525864A
S20500052607C8
S2050005275777
S205000528933A
S20500052907C5
S20500052A804B
S20500052B03C7
S20500052C13B6
S20500052D06C2
S20500052E10B7
S20500052F00C6
S2050005306362
S205000531CCF8
S205000532A71C
S20500053302C0
S205000534932E
S20500053507B9
S20500053605BA
S20500053700BE
S20500053813AA
S20500053906B6
S20500053AF0CB
S20500053B01B9
S20500053C6356
S20500053D4C6C
S20500053EF6C1
S20500053F5660
S20500054013A2
S20500054105AF
S20500054200B3
S20500054302B0
S205000544337E
S20500054505AB
S205000546F5BA
S205000547406E
S205000548337A
S2050005491696
S20500054AA704
S20500054B00AA
S20500054C3376
S20500054DD8D0
S20500054EF5B2
S20500054F00A6
S2050005503372
S205000551950F
S205000552A5FE
S20500055300A2
S205000554336E
S205000555663A
S2050005560699
S205000557019D
S205000558336A
S2050005593567
S20500055AA0FB
S20500055B009A
S20500055C3366
S20500055D5741
S20500055EF7A0
S20500055F0096
S2050005603362
S205000561662E
S205000562A6ED
S2050005630092
S205000564B3DE
S2050005658808
S205000566E8A7
S205000567404E
S205000568335A
S2050005690686
S20500056ACFBC
S20500056B404A
S20500056C3356
S20500056D3751
S20500056ECFB8
S20500056F0086
S20500057093F2
S2050005710480
S205000572067D
S2050005730082
S205000574B3CE
S20500057589F7
S205000576E897
S205000577403E
S205000578136A
S2050005790973
S20500057A0378
S20500057B007A
S20500057C1366
S20500057D84F4
S20500057E0671
S20500057F0076
S2050005806F06
S205000581F084
S2050005825F14
S205000583E88A
S205000584630E
S2050005855020
S205000586F07F
S2050005871E50
S205000588630A
S205000589105C
S20500058A0368
S20500058B1456
S20500058CB3B6
S20500058DE682
S20500058EE87F
S20500058F0165
S2050005906302
S2050005918CD8
S205000592065D
S205000593263C
S20500059493CE
S20500059586DA
S205000596F768
S205000597FF5F
S20500059863FA
S20500059980DC
S20500059A0655
S20500059B4812
S20500059C1346
S20500059D0652
S20500059EF067
S20500059F7FD7
S2050005A063F2
S2050005A18CC8
S2050005A2C78C
S2050005A32230
S2050005A493BE
S2050005A50749
S2050005A680CF
S2050005A7034B
S2050005A893BA
S2050005A90943
S2050005AA103B
S2050005AB004A
S2050005AC63E6
S2050005ADCC7C
S2050005AED770
S2050005AF0244
S2050005B093B2
S2050005B187BD
S2050005B2063D
S2050005B30042
S2050005B493AE
S2050005B5063A
S2050005B6F04F
S2050005B7013D
S2050005B863DA
S2050005B9C07C
S2050005BAF645
S2050005BB4AF0
S2050005BC93A6
S2050005BD0632
S2050005BE0037
S2050005BF0234
S2050005C0B382
S2050005C186AE
S2050005C2F63D
S2050005C340F2
S2050005C4B37E
S2050005C59997
S2050005C6D857
S2050005C7002E
S2050005C833FA
S2050005C956D6
S2050005CAFF2C
S2050005CB002A
S2050005CCB376
S2050005CD1612
S2050005CEDF48
S2050005CF0026
S2050005D0B372
S2050005D1E93B
S2050005D2C95A
S2050005D30022
S2050005D4B36E
S2050005D536EA
S2050005D6D04F
S2050005D7001E
S2050005D8B36A
S2050005D9D844
S2050005DAF823
S2050005DB001A
S2050005DCB366
S2050005DDE92F
S2050005DED93E
S2050005DF0016
S2050005E033E2
S2050005E1070D
S2050005E217FC
S2050005E30111
S2050005E4B35E
S2050005E5858B
S2050005E6B956
S2050005E7000E
S2050005E8B35A
S2050005E9B953
S2050005EA35D6
S2050005EB0109
S2050005EC9376
S2050005ED8484
S2050005EE0502
S2050005EF0006
S2050005F0B352
S2050005F1897B
S2050005F2E91A
S2050005F30002
S2050005F4936E
S2050005F59769
S2050005F68976
S2050005F700FE
S2050005F8639A
S2050005F9D22A
S2050005FA07F4
S2050005FB14E6
S2050005FC13E6
S2050005FD09EF
S2050005FE19DE
S2050005FF00F6
S2050006009361
S20500060107EC
S205000602F002
S2050006037F72
S205000604638D
S2050006050CE3
S205000606F9F5
S20500060736B7
S205000608B735
S20500060907E4
S20500060A806A
S20500060BFFEA
S20500060C9355
S20500060D8760
S20500060EF7EF
S20500060FFFE6
S20500061013D1
S205000611F6ED
S20500061214CE
S20500061300E1
S205000614B32D
S205000615F7E8
S205000616F9E5
S20500061700DD
S20500061813C9
S205000619D704
S20500061A14C6
S20500061B00D9
S20500061C33A5
S20500061D6770
S20500061EC70F
S20500061F00D5
S20500062013C1
S205000621963D
S205000622F7DB
S20500062301D0
S205000624B31D
S205000625646B
S205000626E6E8
S20500062700CD
S2050006289339
S205000629D9F2
S20500062A17B3
S20500062B00C9
S20500062C6F59
S20500062DF0D7
S20500062E5F67
S20500062FE4E1
S205000630B311
S205000631E6DD
S205000632E8DA
S20500063301C0
S205000634635D
S2050006358A35
S20500063606B8
S2050006371CA1
S2050006389329
S2050006398635
S20500063AF7C3
S20500063BFFBA
S20500063C6355
S20500063D8037
S20500063E06B0
S20500063F4075
S20500064013A1
S20500064106AD
S205000642F0C2
S2050006437F32
S205000644634D
S2050006458A25
S205000646C7E7
S2050006471895
S2050006489319
S20500064907A4
S20500064A802A
S20500064B03A6
S20500064C1395
S20500064D06A1
S20500064E1096
S20500064F00A5
S205000650E3C1
S205000651C2E1
S205000652D7CB
S205000653DAC7
S205000654930D
S2050006558718
S2050006560698
S205000657009D
S2050006586F2D
S205000659F0AB
S20500065ADFBB
S20500065BD6C3
S20500065C1385
S20500065D088F
S20500065E197D
S20500065F0095
S2050006601381
S205000661781B
S205000662E8AA
S2050006637F12
S205000664632D
S2050006651C73
S2050006660886
S205000667226B
S2050006683359
S2050006696328
S20500066AB7D3
S20500066B0089
S20500066C3355
S20500066DE89F
S20500066EE89E
S20500066F0184
S2050006706321
S2050006711073
S2050006720979
S2050006733849
S205000674631D
S2050006750E71
S205000676037B
S2050006774637
S2050006786319
S2050006790675
S20500067A0872
S20500067B4039
S20500067CB3C5
S20500067D89EE
S20500067EE591
S20500067F4134
S2050006803341
S205000681B5BE
S205000682353D
S2050006830170
S205000684333D
S2050006850669
S2050006861757
S205000687412C
S2050006883339
S2050006890665
S20500068AA6C4
S20500068B4029
S20500068C1355
S20500068D1552
S20500068E86E0
S20500068F0065
S2050006906301
S2050006915E05
S205000692055D
S2050006935011
S205000694B3AD
S205000695055A
S205000696BF9F
S205000697401D
S2050006983329
S20500069987D4
S20500069AE872
S20500069B4019
S20500069C3325
S20500069D3F18
S20500069EBF97
S20500069F0055
S2050006A03321
S2050006A1074C
S2050006A2E76B
S2050006A34110
S2050006A4133D
S2050006A51639
S2050006A687C7
S2050006A7004D
S2050006A893B9
S2050006A984C7
S2050006AA0545
S2050006AB0049
S2050006AC63E5
S2050006AD5EE9
S2050006AE0640
S2050006AF52F3
S2050006B0B78D
S2050006B1073C
S2050006B280C2
S2050006B3FF42
S2050006B493AD
S2050006B587B8
S2050006B6F747
S2050006B7FF3E
S2050006B83309
S2050006B977C4
S2050006BAF743
S2050006BB0039
S2050006BC1325
S2050006BD8EA9
S2050006BE0630
S2050006BF0035
S2050006C093A1
S2050006C1072C
S2050006C21022
S2050006C30031
S2050006C46FC1
S2050006C5F03F
S2050006C69F8F
S2050006C7DF4E
S2050006C89399
S2050006C90625
S2050006CAF03A
S2050006CB7FAA
S2050006CC63C5
S2050006CD0621
S2050006CED94D
S2050006CF1015
S2050006D09391
S2050006D1061D
S2050006D280A2
S2050006D3031E
S2050006D4938D
S2050006D50916
S2050006D6100E
S2050006D7001D
S2050006D8E339
S2050006D9C655
S2050006DAF624
S2050006DBF029
S2050006DCB761
S2050006DD0611
S2050006DE8096
S2050006DF0015
S2050006E0B361
S2050006E1E82B
S2050006E2D83A
S2050006E30011
S2050006E46FA1
S2050006E5F01F
S2050006E61FEF
S2050006E7ED20
S2050006E813F9
S2050006E98586
S2050006EA0406
S2050006EB0009
S2050006ECEF19
S2050006ED20E7
S2050006EE40C6
S2050006EF24E1
S2050006F09371
S2050006F107FC
S2050006F2857D
S2050006F30100
S2050006F4936D
S2050006F506F9
S2050006F6F00E
S2050006F701FC
S2050006F8E319
S2050006F9D823
S2050006FAF604
S2050006FBD227
S2050006FC13E5
S2050006FD07F0
S2050006FE8571
S2050006FFFFF6
S20500070033C0
S205000701975B
S205000702E40D
S20500070300F0
S205000704638C
S205000705C628
S20500070627C6
S20500070723C9
S20500070833B8
S2050007098961
S20500070A27C2
S20500070B41A7
S20500070C9354
S20500070D07DF
S20500070E19CC
S20500070F00E4
S2050007106380
S205000711D60C
S205000712F6EB
S2050007134898
S20500071413CC
S20500071509D5
S20500071619C4
S205000717FEDE
S2050007189348
S20500071906D4
S20500071A00D9
S20500071B02D6
S20500071CB324
S20500071D5482
S20500071E27AE
S20500071F01D3
S2050007206370
S2050007218C46
S205000722D7FA
S20500072300D0
S205000724933C
S20500072506C8
S20500072600CD
S20500072704C8
S205000728B318
S2050007298743
S20500072AF6D3
S20500072B4088
S20500072C3394
S20500072D17AF
S20500072EF7CE
S20500072F00C4
S2050007303390
S205000731378B
S205000732E0E1
S20500073300C0
S205000734B30C
S205000735E4DA
S205000736E4D9
S20500073700BC
S20500073813A8
S20500073909B1
S20500073A00B9
S20500073B00B8
S20500073C9324
S20500073DF7BF
S20500073E7441
S20500073F00B4
S205000740E3D0
S2050007419C16
S20500074207AA
S205000743D2DE
S205000744931C
S20500074507A7
S20500074609A4
S20500074700AC
S2050007481398
S205000749D6D4
S20500074A3475
S20500074B00A8
S20500074C1394
S20500074D871F
S20500074E099C
S20500074F00A4
S2050007506F34
S20500075100A2
S20500075200A1
S2050007530C94
S205000754930C
S2050007550797
S205000756F0AD
S2050007577F1D
S2050007581388
S2050007590793
S20500075A0099
S20500075B0098
S20500075C1384
S20500075D088E
S20500075E0095
S20500075F0094
S2050007606F24
S205000761F0A2
S2050007621F72
S205000763D7B9
S205000764632C
S2050007658A04
S2050007660786
S2050007670C80
S205000768B3D8
S2050007690783
S20500076A2366
S20500076B4147
S20500076C6324
S20500076D0284
S20500076E097C
S20500076F1E66
S20500077093F0
S205000771067C
S205000772F091
S2050007737F01
S205000774631C
S2050007750876
S205000776D3AA
S205000777324A
S20500077893E8
S2050007790674
S20500077A80F9
S20500077B0375
S20500077C93E4
S20500077D096D
S20500077E1065
S20500077F0074
S2050007806310
S205000781CEA4
S205000782F67B
S205000783026E
S205000784B7B8
S2050007850668
S20500078680ED
S205000787006C
S2050007883338
S2050007896703
S20500078AD792
S20500078B0068
S20500078C93D4
S20500078D0660
S20500078EF075
S20500078F0163
S2050007906300
S205000791C89A
S205000792F66B
S2050007933C24
S20500079493CC
S2050007950658
S205000796005D
S205000797025A
S205000798B3A8
S20500079986D4
S20500079AF663
S20500079B4018
S20500079CB3A4
S20500079D193D
S20500079ED77E
S20500079F0054
S2050007A03320
S2050007A1D67C
S2050007A2F55C
S2050007A30050
S2050007A4B39C
S2050007A596B8
S2050007A6D578
S2050007A7004C
S2050007A8B398
S2050007A9E961
S2050007AAC980
S2050007AB0048
S2050007ACB394
S2050007AD3610
S2050007AED075
S2050007AF0044
S2050007B03310
S2050007B157EB
S2050007B2F74A
S2050007B30040
S2050007B4B38C
S2050007B5E955
S2050007B6D964
S2050007B7003C
S2050007B8B388
S2050007B988B2
S2050007BAE851
S2050007BB0038
S2050007BC3304
S2050007BD87AF
S2050007BEE94C
S2050007BF0133
S2050007C0B380
S2050007C139F9
S2050007C237FA
S2050007C3012F
S2050007C4939C
S2050007C5042A
S2050007C60726
S2050007C7002C
S2050007C8B378
S2050007C989A1
S2050007CA1910
S2050007CB0127
S2050007CC1314
S2050007CD091D
S2050007CE0322
S2050007CF0024
S2050007D06FB4
S2050007D1F032
S2050007D25FC2
S2050007D3E23E
S2050007D463BC
S2050007D5100E
S2050007D60815
S2050007D7021A
S2050007D81308
S2050007D91604
S2050007DA35E4
S2050007DB0018
S2050007DC1304
S2050007DD56C0
S2050007DE36DF
S2050007DF0014
S2050007E01300
S2050007E118FA
S2050007E2D73A
S2050007E3010F
S2050007E433DC
S2050007E568A6
S2050007E6C845
S2050007E7000C
S2050007E813F8
S2050007E957B3
S2050007EA37D2
S2050007EB0008
S2050007EC33D4
S2050007ED679F
S2050007EE07FE
S2050007EF0103
S2050007F063A0
S2050007F106FC
S2050007F207FA
S2050007F318E8
S2050007F413EC
S2050007F50EF0
S2050007F600FD
S2050007F700FC
S2050007F89368
S2050007F907F3
S2050007FAF009
S2050007FB7F79
S2050007FC37C0
S2050007FD07EF
S2050007FE08ED
S2050007FF00F4
S20500080013DF
S20500080108E9
S20500080200F0
S20500080300EF
S2050008046F7F
S205000805F0FD
S205000806DF0D
S205000807CC1F
S20500080813D7
S20500080916D3
S20500080A35B3
S20500080B00E7
S20500080C13D3
S20500080D568F
S20500080E36AE
S20500080F00E3
S20500081013CF
S20500081118C9
S205000812D709
S20500081301DE
S205000814934B
S20500081506D7
S205000816F0EC
S2050008177F5C
S20500081833A7
S2050008196871
S20500081AC810
S20500081B00D7
S20500081C13C3
S20500081D577E
S20500081E379D
S20500081F00D3
S205000820E3EF
S205000821864B
S205000822D7F9
S205000823FCD3
S20500082413BB
S20500082517B6
S205000826C705
S20500082700CB
S20500082813B7
S2050008295772
S20500082AC701
S20500082B00C7
S20500082C9333
S20500082DF7CE
S20500082EF7CD
S20500082F7F44
S20500083013AF
S2050008310EB3
S20500083204BC
S20500083300BF
S2050008346F4F
S205000835F0CD
S205000836DFDD
S205000837C9F2
S2050008389327
S20500083906B3
S20500083A199F
S20500083B00B7
S20500083C13A3
S20500083DF8BD
S20500083EE6CE
S20500083F7F34
S205000840634F
S2050008411899
S20500084208A8
S205000843149B
S205000844B3FB
S2050008456647
S205000846B7F5
S20500084700AB
S2050008486347
S2050008491C8D
S20500084A099F
S20500084B287F
S20500084C6343
S20500084D8223
S20500084E069E
S20500084F3073
S205000850B3EF
S205000851E6BB
S205000852E8B8
S205000853019E
S205000854633B
S2050008558815
S2050008560696
S2050008572279
S205000858B3E7
S2050008598712
S20500085AE5B3
S20500085B0196
S20500085CB3E3
S20500085DB5E0
S20500085EB7DD
S20500085F0093
S205000860335F
S205000861078A
S2050008621779
S205000863018E
S205000864335B
S2050008650786
S205000866B7D5
S205000867008B
S2050008681377
S205000869D8B1
S20500086A3751
S20500086B0087
S20500086C93F3
S20500086D176E
S20500086E87FD
S20500086F0083
S205000870136F
S2050008710E73
S205000872047C
S205000873007F
S205000874631B
S205000875DE9F
S2050008760775
S2050008773447
S205000878B7C3
S2050008790772
S20500087A80F8
S20500087BFF78
S20500087C93E3
S20500087D87EE
S20500087EF77D
S20500087FFF74
S205000880333F
S20500088177FA
S205000882F779
S205000883006F
S20500088493DB
S2050008851756
S205000886D795
S205000887016A
S2050008881357
S2050008895712
S20500088A3731
S20500088B0067
S20500088C3333
S20500088DE87D
S20500088E075D
S20500088F0162
S205000890332F
S20500089177EA
S205000892D789
S205000893015E
S20500089493CB
S2050008950756
S205000896104C
S205000897005B
S2050008986FEB
S205000899F069
S20500089A9FB9
S20500089BC394
S20500089C3323
S20500089D88CD
S20500089EE56F
S20500089F4112
S2050008A0B39F
S2050008A1B79A
S2050008A2054B
S2050008A3014E
S2050008A4B39B
S2050008A50944
S2050008A61735
S2050008A7410A
S2050008A8B397
S2050008A989C0
S2050008AAF94F
S2050008AB4007
S2050008AC93B3
S2050008AD97AE
S2050008AE89BB
S2050008AF0043
S2050008B093AF
S2050008B1043D
S2050008B20838
S2050008B3003F
S2050008B463DB
S2050008B5C677
S2050008B60735
S2050008B7102B
S2050008B83307
S2050008B968D1
S2050008BA3800
S2050008BB0136
S2050008BCE353
S2050008BD1E17
S2050008BE082C
S2050008BFB47F
S2050008C0131F
S2050008C10E23
S2050008C20030
S2050008C3002F
S2050008C4939B
S2050008C50726
S2050008C6002C
S2050008C7002B
S2050008C81317
S2050008C90722
S2050008CA0028
S2050008CB0027
S2050008CC6FB7
S2050008CDF035
S2050008CE5FC5
S2050008CFC063
S2050008D0130F
S2050008D1051C
S2050008D2F030
S2050008D37FA0
S2050008D463BB
S2050008D50E0F
S2050008D6A379
S2050008D71A01
S2050008D81307
S2050008D90514
S2050008DA8098
S2050008DB0314
S2050008DC1303
S2050008DD060F
S2050008DE1004
S2050008DF0013
S2050008E0E32F
S2050008E144CD
S2050008E2F51B
S2050008E3C847
S2050008E437D7
S2050008E50607
S2050008E6808C
S2050008E7000B
S2050008E833D7
S2050008E967A2
S2050008EAC741
S2050008EB0007
S2050008EC6F97
S2050008EDF015
S2050008EEDF25
S2050008EFC43F
S2050008F0B74B
S2050008F109F8
S2050008F28080
S2050008F3FF00
S2050008F4936B
S2050008F58974
S2050008F6F903
S2050008F7FFFC
S2050008F833C7
S2050008F909F0
S2050008FAF9FF
S2050008FB40B7
S2050008FCB343
S2050008FD797C
S2050008FE37BD
S2050008FF01F2
S2050009006F82
S205000901F000
S2050009021FD0
S205000903B737
S205000904935A
S2050009058666
S20500090607E4
S205000907FEEC
S20500090813D6
S20500090906E2
S20500090A00E7
S20500090B02E4
S20500090CB332
S20500090DD60E
S20500090ED80B
S20500090F00E2
S205000910637E
S2050009118A56
S205000912C718
S20500091300DE
S20500091413CA
S20500091506D6
S20500091600DB
S20500091704D6
S205000918B326
S20500091907D1
S20500091AF6E1
S20500091B4096
S20500091CB322
S20500091D973D
S20500091EF8DB
S20500091F00D2
S205000920339E
S2050009216F61
S205000922FFD0
S20500092300CE
S205000924339A
S2050009253696
S205000926E0EB
S20500092701C9
S2050009283396
S2050009296662
S20500092AD6F1
S20500092B00C6
S20500092C6F56
S20500092DF0D4
S20500092E9F24
S20500092FAC16
S205000930B70A
S20500093106BA
S205000932803F
S205000933FFBF
S205000934932A
S2050009358636
S205000936F6C5
S205000937FFBB
S205000938B306
S20500093907B1
S20500093AF9BE
S20500093B4076
S20500093C3382
S20500093D773D
S20500093ED7DC
S20500093F00B2
S205000940139E
S2050009411898
S205000942D7D8
S20500094301AD
S205000944337A
S2050009456844
S2050009463873
S20500094701A9
S2050009481396
S2050009495751
S20500094A3770
S20500094B00A6
S20500094C6F36
S20500094DF0B4
S20500094E9F04
S20500094FEDB5
S205000950B3EE
S205000951663A
S205000952B7E8
S205000953009E
S205000954633A
S2050009558616
S2050009560695
S2050009571E7C
S2050009589306
S2050009598612
S20500095AF7A0
S20500095BFF97
S20500095C6332
S20500095D8E06
S20500095E068D
S20500095F0A88
S205000960137E
S205000961058B
S205000962F09F
S2050009637F0F
S205000964632A
S205000965800C
S205000966A7E4
S2050009671476
S20500096893F6
S2050009690781
S20500096A8007
S20500096B0383
S20500096C93F2
S20500096D097B
S20500096E1073
S20500096F0082
S205000970E39E
S205000971C6BA
S205000972D7A8
S205000973E49A
S20500097493EA
S20500097587F5
S2050009760675
S205000977007A
S2050009786F0A
S205000979F088
S20500097A5F18
S20500097BE195
S20500097C1362
S20500097D0E66
S20500097E046F
S20500097F0072
S20500098093DE
S2050009810769
S205000982F07F
S2050009837FEF
S205000984135A
S2050009850765
S205000986006B
S205000987006A
S2050009881356
S2050009890860
S20500098A0067
S20500098B0066
S20500098C6FF6
S20500098DF074
S20500098E5F04
S20500098FB4AE
S20500099093CE
S2050009910759
S205000992F06F
S2050009937FDF
S205000994E37A
S20500099584D8
S205000996F665
S205000997FE5C
S2050009983326
S2050009998FC9
S20500099AE572
S20500099B0155
S20500099CB3A2
S20500099D351F
S20500099EBF94
S20500099F0052
S2050009A0B39E
S2050009A10749
S2050009A21738
S2050009A3014D
S2050009A4B39A
S2050009A587C5
S2050009A6B794
S2050009A7004A
S2050009A81336
S2050009A996B2
S2050009AAF750
S2050009AB0145
S2050009AC1332
S2050009AD5FE5
S2050009AE1F24
S2050009AF0042
S2050009B0B38E
S2050009B164DC
S2050009B2E659
S2050009B3013D
S2050009B493AA
S2050009B5D963
S2050009B61724
S2050009B7003A
S2050009B81326
S2050009B989AF
S2050009BA0631
S2050009BB0036
S2050009BC6FC6
S2050009BDF044
S2050009BE5FD4
S2050009BFAB87
S2050009C033FE
S2050009C1062A
S2050009C2BF70
S2050009C340EE
S2050009C4B37A
S2050009C587A5
S2050009C6E843
S2050009C740EA
S2050009C833F6
S2050009C937F1
S2050009CACF58
S2050009CB0026
S2050009CC9392
S2050009CD0420
S2050009CE061D
S2050009CF0022
S2050009D0B36E
S2050009D18997
S2050009D2E738
S2050009D340DE
S2050009D4130A
S2050009D58498
S2050009D60615
S2050009D7001A
S2050009D86FAA
S2050009D9F028
S2050009DA1FF8
S2050009DBA472
S2050009DC1302
S2050009DD16FE
S2050009DE36DD
S2050009DF0012
S2050009E013FE
S2050009E156BA
S2050009E236D9
S2050009E3000E
S2050009E413FA
S2050009E58488
S2050009E60605
S2050009E7000A
S2050009E813F6
S2050009E98781
S2050009EA08FF
S2050009EB0006
S2050009EC6F96
S2050009EDF014
S2050009EE5FA4
S2050009EFE220
S2050009F0E31E
S2050009F112EE
S2050009F203FC
S2050009F3DE20
S2050009F4639A
S2050009F506F6
S2050009F608F3
S2050009F71CDE
S2050009F813E6
S2050009F9D721
S2050009FA38BF
S2050009FB00F6
S2050009FC13E2
S2050009FD16DE
S2050009FE36BD
S2050009FF00F2
S205000A00935D
S205000A019857
S205000A02D816
S205000A0301EC
S205000A0433B9
S205000A056784
S205000A0617D3
S205000A0701E8
S205000A0813D5
S205000A095691
S205000A0A36B0
S205000A0B00E5
S205000A0C33B1
S205000A0D677C
S205000A0EC71B
S205000A0F00E1
S205000A1013CD
S205000A11845B
S205000A1206D8
S205000A1300DD
S205000A146F6D
S205000A15F0EB
S205000A16DFFB
S205000A17DDFC
S205000A1833A5
S205000A198F48
S205000A1AE5F1
S205000A1B01D4
S205000A1CB321
S205000A1D08CB
S205000A1E17BB
S205000A1F01D0
S205000A20B31D
S205000A21359A
S205000A22BF0F
S205000A2300CD
S205000A24B319
S205000A258942
S205000A26B812
S205000A2700C9
S205000A289335
S205000A299730
S205000A2A893D
S205000A2B00C5
S205000A2C9331
S205000A2D04BF
S205000A2E0FB3
S205000A2F00C1
S205000A30635D
S205000A31D4EB
S205000A3207B7
S205000A330EAF
S205000A3413A9
S205000A3509B2
S205000A36209A
S205000A3700B9
S205000A386F49
S205000A39F0C7
S205000A3A1F97
S205000A3BBDF8
S205000A3C3381
S205000A3D8F24
S205000A3EE5CD
S205000A3F4170
S205000A40B3FD
S205000A4108A7
S205000A421797
S205000A43416C
S205000A44B3F9
S205000A45B5F6
S205000A46E5C5
S205000A4701A8
S205000A489315
S205000A4904A3
S205000A4A0F97
S205000A4B00A5
S205000A4CB3F1
S205000A4D891A
S205000A4EB8EA
S205000A4F4061
S205000A50138D
S205000A510996
S205000A52108E
S205000A53009D
S205000A546F2D
S205000A55F0AB
S205000A561F7B
S205000A579BFE
S205000A589305
S205000A598611
S205000A5A078F
S205000A5BFE97
S205000A5C1381
S205000A5D068D
S205000A5E0092
S205000A5F028F
S205000A60B3DD
S205000A61D6B9
S205000A62D8B6
S205000A63008D
S205000A646329
S205000A658A01
S205000A66C7C3
S205000A670089
S205000A681375
S205000A690681
S205000A6A0086
S205000A6B0481
S205000A6CB3D1
S205000A6D077C
S205000A6EF68C
S205000A6F4041
S205000A70B3CD
S205000A7197E8
S205000A72F886
S205000A73007D
S205000A743349
S205000A756F0C
S205000A76FF7B
S205000A770079
S205000A78B3C5
S205000A79393E
S205000A7AE096
S205000A7B0174
S205000A7CB3C1
S205000A7DE98A
S205000A7ED999
S205000A7F0071
S205000A806F01
S205000A81F07F
S205000A825F0F
S205000A83B6B7
S205000A841359
S205000A851655
S205000A863535
S205000A870069
S205000A8893D5
S205000A89590E
S205000A8A3630
S205000A8B0065
S205000A8C6FF5
S205000A8DF073
S205000A8E5F03
S205000A8FEB76
S205000A90134D
S205000A911649
S205000A923628
S205000A93005D
S205000A941349
S205000A955605
S205000A963624
S205000A970059
S205000A981345
S205000A9984D3
S205000A9A0650
S205000A9B0055
S205000A9C1341
S205000A9D87CC
S205000A9E084A
S205000A9F0051
S205000AA06FE1
S205000AA1F05F
S205000AA21F2F
S205000AA3D479
S205000AA41339
S205000AA51635
S205000AA63614
S205000AA70049
S205000AA81335
S205000AA956F1
S205000AAA3610
S205000AAB0045
S205000AAC1331
S205000AAD87BC
S205000AAE083A
S205000AAF0041
S205000AB06FD1
S205000AB1F04F
S205000AB21F1F
S205000AB3D36A
S205000AB41329
S205000AB585B6
S205000AB60733
S205000AB7FE3B
S205000AB81325
S205000AB90631
S205000ABA0036
S205000ABB0233
S205000ABC3301
S205000ABD55DE
S205000ABEA78B
S205000ABF0031
S205000AC063CD
S205000AC18AA5
S205000AC2C767
S205000AC3002D
S205000AC41319
S205000AC50625
S205000AC6002A
S205000AC70425
S205000AC8B375
S205000AC90720
S205000ACAF630
S205000ACB40E5
S205000ACCB371
S205000ACD170C
S205000ACEF72B
S205000ACF0021
S205000AD0B36D
S205000AD1E53A
S205000AD2F529
S205000AD3001D
S205000AD433E9
S205000AD536E5
S205000AD6B06A
S205000AD70019
S205000AD833E5
S205000AD966B1
S205000ADAA670
S205000ADB0015
S205000ADC6FA5
S205000ADDF023
S205000ADEDF33
S205000ADFA869
S205000AE0E32D
S205000AE1828D
S205000AE20608
S205000AE3FC11
S205000AE433D9
S205000AE5EF1C
S205000AE6E822
S205000AE70108
S205000AE8E325
S205000AE916F1
S205000AEA0FF7
S205000AEBD035
S205000AEC6F95
S205000AEDF013
S205000AEEDF23
S205000AEFCE33
S205000AF0E31D
S205000AF108F7
S205000AF208F6
S205000AF3DC21
S205000AF413E9
S205000AF518E3
S205000AF636C4
S205000AF700F9
S205000AF89365
S205000AF99760
S205000AFAD81E
S205000AFB01F4
S205000AFC13E1
S205000AFD589B
S205000AFE38BA
S205000AFF00F1
S205000B0013DC
S205000B01D717
S205000B0238B5
S205000B0300EC
S205000B0433B8
S205000B056882
S205000B06F8F1
S205000B0700E8
S205000B0833B4
S205000B09776F
S205000B0AD70E
S205000B0B01E3
S205000B0C13D0
S205000B0D8E54
S205000B0E06DB
S205000B0F00E0
S205000B10934C
S205000B1107D7
S205000B1200DD
S205000B1300DC
S205000B146F6C
S205000B15F0EA
S205000B16DFFA
S205000B179B3D
S205000B189344
S205000B1907CF
S205000B1A10C5
S205000B1B00D4
S205000B1C6F64
S205000B1DF0E2
S205000B1EDFF2
S205000B1FC20E
S205000B20B31C
S205000B2105C9
S205000B22BF0E
S205000B23408C
S205000B24B318
S205000B258842
S205000B26E8E1
S205000B274088
S205000B283394
S205000B29378F
S205000B2ABF06
S205000B2B00C4
S205000B2C9330
S205000B2D843E
S205000B2E05BC
S205000B2F00C0
S205000B30B30C
S205000B318935
S205000B32E8D5
S205000B33407C
S205000B3413A8
S205000B358436
S205000B3606B3
S205000B3700B8
S205000B3813A4
S205000B3909AD
S205000B3A10A5
S205000B3B00B4
S205000B3C6F44
S205000B3DF0C2
S205000B3E9F12
S205000B3F8C24
S205000B40139C
S205000B411698
S205000B423677
S205000B4300AC
S205000B441398
S205000B455654
S205000B463673
S205000B4700A8
S205000B481394
S205000B49871F
S205000B4A089D
S205000B4B00A4
S205000B4C6F34
S205000B4DF0B2
S205000B4E5F42
S205000B4FCCD4
S205000B50138C
S205000B511688
S205000B523667
S205000B53009C
S205000B549308
S205000B555941
S205000B563663
S205000B570098
S205000B581384
S205000B59870F
S205000B5A088D
S205000B5B0094
S205000B5C6F24
S205000B5DF0A2
S205000B5E5F32
S205000B5FDEB2
S205000B6093FC
S205000B618608
S205000B620786
S205000B63FE8E
S205000B641378
S205000B650684
S205000B660089
S205000B670286
S205000B68B3D4
S205000B695630
S205000B6AD7AE
S205000B6B0084
S205000B6C6320
S205000B6D8AF8
S205000B6EC7BA
S205000B6F0080
S205000B70136C
S205000B710678
S205000B72007D
S205000B730478
S205000B74B3C8
S205000B750773
S205000B76F683
S205000B774038
S205000B78B3C4
S205000B79175F
S205000B7AF77E
S205000B7B0074
S205000B7CB3C0
S205000B7DE58D
S205000B7EF57C
S205000B7F0070
S205000B80B3BC
S205000B813935
S205000B82B0BD
S205000B83006C
S205000B84B3B8
S205000B85E981
S205000B86D990
S205000B870068
S205000B886FF8
S205000B89F076
S205000B8A5F06
S205000B8BC3A1
S205000B8C1350
S205000B8DD68C
S205000B8E342D
S205000B8F0060
S205000B9093CC
S205000B910757
S205000B920954
S205000B93005C
S205000B941348
S205000B9587D3
S205000B960950
S205000B970058
S205000B986FE8
S205000B99F066
S205000B9A9FB6
S205000B9BC78D
S205000B9C93C0
S205000B9D064C
S205000B9E0051
S205000B9F024E
S205000BA0B39C
S205000BA186C8
S205000BA2F657
S205000BA3400C
S205000BA41338
S205000BA50644
S205000BA60049
S205000BA70048
S205000BA86FD8
S205000BA9F056
S205000BAA5FE6
S205000BAB8BB9
S205000BAC3310
S205000BADE85A
S205000BAEC978
S205000BAF0040
S205000BB0E35C
S205000BB10836
S205000BB20835
S205000BB3D06C
S205000BB493A8
S205000BB5D961
S205000BB63900
S205000BB70038
S205000BB81324
S205000BB9072F
S205000BBA062F
S205000BBB0034
S205000BBC6FC4
S205000BBDF042
S205000BBE5FD2
S205000BBFD858
S205000BC0131C
S205000BC10E20
S205000BC2002D
S205000BC3002C
S205000BC49398
S205000BC50723
S205000BC6F039
S205000BC77FA9
S205000BC837F0
S205000BC9071F
S205000BCA081D
S205000BCB0024
S205000BCC6FB4
S205000BCDF032
S205000BCE5FC2
S205000BCF9090
S205000BD0938C
S205000BD11707
S205000BD2D746
S205000BD3011B
S205000BD41308
S205000BD557C3
S205000BD637E2
S205000BD70018
S205000BD833E4
S205000BD9E82E
S205000BDA070E
S205000BDB0113
S205000BDC33E0
S205000BDD779B
S205000BDED73A
S205000BDF010F
S205000BE0937C
S205000BE10707
S205000BE2000D
S205000BE3000C
S205000BE46F9C
S205000BE5F01A
S205000BE6DF2A
S205000BE78E7A
S205000BE813F4
S205000BE918EE
S205000BEAD72E
S205000BEB0103
S205000BEC9370
S205000BEDD52D
S205000BEE35CC
S205000BEF0000
S205000BF033CC
S205000BF16896
S205000BF2B845
S205000BF300FC
S205000BF413E8
S205000BF557A3
S205000BF637C2
S205000BF700F8
S205000BF813E4
S205000BF98472
S205000BFA06EF
S205000BFB00F4
S205000BFC6F84
S205000BFDF002
S205000BFE9F52
S205000BFFC22E
S205000C0013DB
S205000C0101EC
S205000C0201EB
S205000C03FBF0
S205000C049357
S205000C05D712
S205000C0645A3
S205000C0701E6
S205000C0823C3
S205000C0924C1
S205000C0A8163
S205000C0B04DF
S205000C0C23BF
S205000C0D22BF
S205000C0E914F
S205000C0F04DB
S205000C1023BB
S205000C1120BD
S205000C1221BB
S205000C1305D6
S205000C1423B7
S205000C152CAD
S205000C164197
S205000C1703D4
S205000C1823B3
S205000C192AAB
S205000C1A5183
S205000C1B03D0
S205000C1C933F
S205000C1D943D
S205000C1EC50B
S205000C1F00CF
S205000C2023AB
S205000C2126A7
S205000C2211BB
S205000C2304C7
S205000C2423A7
S205000C252E9B
S205000C263197
S205000C2703C4
S205000C2823A3
S205000C29289D
S205000C2A6163
S205000C2B03C0
S205000C2C239F
S205000C2D269B
S205000C2E714F
S205000C2F03BC
S205000C30239B
S205000C312499
S205000C32813B
S205000C3303B8
S205000C349327
S205000C35F7C2
S205000C36F7C1
S205000C377F38
S205000C3813A3
S205000C3904B1
S205000C3A05AF
S205000C3B00B3
S205000C3C139F
S205000C3D0AA7
S205000C3E06AA
S205000C3F00AF
S205000C40139B
S205000C418924
S205000C4206A6
S205000C4300AB
S205000C449317
S205000C45D4D5
S205000C46C4E4
S205000C4700A7
S205000C489313
S205000C49DACB
S205000C4AF5AF
S205000C4B01A2
S205000C4C633F
S205000C4D8A17
S205000C4E0799
S205000C4F1887
S205000C50138B
S205000C510796
S205000C52F0AC
S205000C537F1C
S205000C546337
S205000C558811
S205000C56E7B1
S205000C57088F
S205000C581383
S205000C595B3A
S205000C5AD5BF
S205000C5B0192
S205000C5C93FF
S205000C5D94FD
S205000C5E345C
S205000C5F008F
S205000C60B3DB
S205000C616429
S205000C629BF1
S205000C63008B
S205000C643753
S205000C650782
S205000C668008
S205000C670087
S205000C683353
S205000C69EB9A
S205000C6AE4A0
S205000C6B0083
S205000C6C93EF
S205000C6D1B66
S205000C6E354B
S205000C6F007F
S205000C7093EB
S205000C7189F4
S205000C721765
S205000C73C0BB
S205000C7493E7
S205000C750475
S205000C760078
S205000C770077
S205000C781363
S205000C790C69
S205000C7A0074
S205000C7B0073
S205000C7C93DF
S205000C7D571A
S205000C7E4927
S205000C7F016E
S205000C80135B
S205000C811459
S205000C82C9A3
S205000C83006B
S205000C8493D7
S205000C85F772
S205000C86F771
S205000C877FE8
S205000C881353
S205000C895411
S205000C8AC4A0
S205000C8B0063
S205000C8C134F
S205000C8D5908
S205000C8EF967
S205000C8F015E
S205000C9063FB
S205000C9182DB
S205000C920755
S205000C930853
S205000C941347
S205000C950752
S205000C96F068
S205000C977FD8
S205000C9863F3
S205000C998ACB
S205000C9AE76D
S205000C9B183B
S205000C9C133F
S205000C9D143D
S205000C9E341C
S205000C9F004F
S205000CA0133B
S205000CA157F6
S205000CA2DA72
S205000CA3014A
S205000CA43317
S205000CA567E2
S205000CA687C1
S205000CA70047
S205000CA893B3
S205000CA987BE
S205000CAA172D
S205000CABC083
S205000CAC370B
S205000CAD043D
S205000CAE80C0
S205000CAF003F
S205000CB0B38B
S205000CB189B4
S205000CB2F943
S205000CB340FB
S205000CB43307
S205000CB564D5
S205000CB687B1
S205000CB70037
S205000CB81323
S205000CB9181D
S205000CBA3AFA
S205000CBB0033
S205000CBC939F
S205000CBD072A
S205000CBE0030
S205000CBF002F
S205000CC0131B
S205000CC10726
S205000CC2F03C
S205000CC3002B
S205000CC433F7
S205000CC5CA5F
S205000CC62AFE
S205000CC70126
S205000CC863C3
S205000CC964C1
S205000CCA978D
S205000CCB24FF
S205000CCC37EB
S205000CCD071A
S205000CCE1010
S205000CCF001F
S205000CD0130B
S205000CD10716
S205000CD20715
S205000CD3001B
S205000CD49387
S205000CD59485
S205000CD624F4
S205000CD70017
S205000CD8B363
S205000CD98491
S205000CDAE430
S205000CDB0013
S205000CDC030F
S205000CDDA76A
S205000CDE040C
S205000CDF000F
S205000CE067A7
S205000CE1000D
S205000CE20705
S205000CE3000B
S205000CE433D7
S205000CE5EB1E
S205000CE6A464
S205000CE70007
S205000CE863A3
S205000CE91EE7
S205000CEA0BF9
S205000CEB1CE7
S205000CEC936F
S205000CED57AA
S205000CEE49B7
S205000CEF01FE
S205000CF013EB
S205000CF114E9
S205000CF2C933
S205000CF300FB
S205000CF49367
S205000CF5F702
S205000CF6F701
S205000CF77F78
S205000CF89363
S205000CF90BEA
S205000CFA00F4
S205000CFB00F3
S205000CFC935F
S205000CFD04ED
S205000CFE8070
S205000CFF00EF
S205000D00935A
S205000D0109E3
S205000D02F0FB
S205000D037F6B
S205000D0413D6
S205000D050CDC
S205000D0620C7
S205000D0700E6
S205000D0813D2
S205000D095490
S205000D0AC41F
S205000D0B00E2
S205000D0C13CE
S205000D0D5987
S205000D0EF9E6
S205000D0F01DD
S205000D10E3FA
S205000D11924A
S205000D1207D4
S205000D13F8E2
S205000D1433A6
S205000D156870
S205000D164493
S205000D1701D5
S205000D186372
S205000D1902D2
S205000D1A08CB
S205000D1B1CB6
S205000D1C636E
S205000D1D06CA
S205000D1E04CB
S205000D1F5C72
S205000D2013BA
S205000D2105C7
S205000D2204C7
S205000D2300CA
S205000D24EFDA
S205000D2510B8
S205000D26D0F7
S205000D274086
S205000D289332
S205000D2907BD
S205000D2A05BE
S205000D2B00C2
S205000D2C932E
S205000D2D06BA
S205000D2E556A
S205000D2FFFBF
S205000D3013AA
S205000D3107B5
S205000D32D0EB
S205000D3301B9
S205000D3413A6
S205000D358830
S205000D368730
S205000D37FFB7
S205000D383382
S205000D3907AD
S205000D3AD7DC
S205000D3B4072
S205000D3C337E
S205000D3D149C
S205000D3E04AB
S205000D3F01AD
S205000D40337A
S205000D415755
S205000D42EAC1
S205000D4300AA
S205000D443376
S205000D456444
S205000D468720
S205000D4700A6
S205000D483372
S205000D49188C
S205000D4A0A99
S205000D4B01A1
S205000D4CB3EE
S205000D4D8719
S205000D4E3768
S205000D4F019D
S205000D50930A
S205000D518913
S205000D523764
S205000D533F5B
S205000D549306
S205000D550791
S205000D560097
S205000D570096
S205000D586F26
S205000D59F0A4
S205000D5A9FF4
S205000D5BF69C
S205000D5C335E
S205000D5D0789
S205000D5EF798
S205000D5F404E
S205000D6093FA
S205000D610686
S205000D62800B
S205000D630387
S205000D646326
S205000D65D0B8
S205000D66E6A1
S205000D676026
S205000D6893F2
S205000D69077D
S205000D6A0083
S205000D6B0082
S205000D6C93EE
S205000D6D067A
S205000D6E007F
S205000D6F007E
S205000D70136A
S205000D710775
S205000D72007B
S205000D73007A
S205000D7483F6
S205000D752058
S205000D76C1B6
S205000D770472
S205000D780372
S205000D792450
S205000D7A81F2
S205000D7B046E
S205000D7C93DE
S205000D7D97D9
S205000D7E4728
S205000D7F016D
S205000D80B3BA
S205000D81E785
S205000D82D794
S205000D83006A
S205000D8493D6
S205000D851652
S205000D86FA6D
S205000D870165
S205000D88B3B2
S205000D89E77D
S205000D8AD78C
S205000D8B0062
S205000D8C83DE
S205000D8D243C
S205000D8E411E
S205000D8F045A
S205000D90035A
S205000D912933
S205000D92015A
S205000D930456
S205000D9483D6
S205000D95292F
S205000D96C196
S205000D970353
S205000D980352
S205000D992A2A
S205000D9A81D2
S205000D9B034F
S205000D9C83CE
S205000D9D2A26
S205000D9E410E
S205000D9F034B
S205000DA0034A
S205000DA12B21
S205000DA2014A
S205000DA30347
S205000DA483C6
S205000DA52B1D
S205000DA6C186
S205000DA70244
S205000DA80342
S205000DA92C18
S205000DAA81C2
S205000DAB0240
S205000DAC132E
S205000DAD053B
S205000DAE0738
S205000DAF003E
S205000DB093AA
S205000DB185B7
S205000DB20734
S205000DB3003A
S205000DB41326
S205000DB50137
S205000DB60136
S205000DB70531
S205000DB867CE
S205000DB980B4
S205000DBA0033
S205000DBB0032
S205000DBC939E
S205000DBD0729
S205000DBEF03F
S205000DBF7FAF
S205000DC0939A
S205000DC10626
S205000DC2002B
S205000DC3002A
S205000DC41316
S205000DC50721
S205000DC60027
S205000DC70026
S205000DC86FB6
S205000DC9F034
S205000DCADF44
S205000DCBFA28
S205000DCC130E
S205000DCD0A16
S205000DCE001F
S205000DCF001E
S205000DD0938A
S205000DD10715
S205000DD2F02B
S205000DD37F9B
S205000DD4B762
S205000DD50612
S205000DD6080F
S205000DD70016
S205000DD81302
S205000DD9070D
S205000DDA0013
S205000DDB0012
S205000DDC6FA2
S205000DDDF020
S205000DDE9F70
S205000DDFF915
S205000DE033DA
S205000DE1EB21
S205000DE2A467
S205000DE3000A
S205000DE463A6
S205000DE50CFC
S205000DE60BFC
S205000DE710F6
S205000DE863A2
S205000DE98480
S205000DEA04FF
S205000DEB52B0
S205000DEC13EE
S205000DED857B
S205000DEE04FB
S205000DEF00FE
S205000DF0EF0E
S205000DF110EC
S205000DF210EB
S205000DF334C6
S205000DF413E6
S205000DF507F1
S205000DF605F2
S205000DF700F6
S205000DF89362
S205000DF907ED
S205000DFA559E
S205000DFBFFF3
S205000DFC13DE
S205000DFD0BE5
S205000DFED01F
S205000DFF01ED
S205000E009359
S205000E010BE0
S205000E028763
S205000E03FFEA
S205000E0433B5
S205000E050BDC
S205000E06FBEB
S205000E0740A5
S205000E08B331
S205000E09944F
S205000E0A746E
S205000E0B01E0
S205000E0C33AD
S205000E0D5B84
S205000E0E647A
S205000E0F01DC
S205000E1033A9
S205000E116B70
S205000E129B3F
S205000E1300D9
S205000E14B325
S205000E151BBC
S205000E167462
S205000E1701D4
S205000E189341
S205000E1907CC
S205000E1AD002
S205000E1BC011
S205000E1CB31D
S205000E1D8946
S205000E1EE7E7
S205000E1F408D
S205000E209339
S205000E2104C7
S205000E2200CA
S205000E2300C9
S205000E2413B5
S205000E250CBB
S205000E2600C6
S205000E2700C5
S205000E286F55
S205000E29F0D3
S205000E2A5F63
S205000E2BE5DC
S205000E2C338D
S205000E2D6857
S205000E2E447A
S205000E2F01BC
S205000E309329
S205000E318932
S205000E3219A1
S205000E338039
S205000E346355
S205000E351C9B
S205000E3608AE
S205000E370AAB
S205000E389321
S205000E39E4CF
S205000E3A248E
S205000E3B00B1
S205000E3C139D
S205000E3D04AB
S205000E3E00AE
S205000E3F00AD
S205000E409319
S205000E4107A4
S205000E42208A
S205000E4300A9
S205000E446F39
S205000E45F0B7
S205000E46DFC7
S205000E47E7BE
S205000E481391
S205000E49891A
S205000E4A0A98
S205000E4B00A1
S205000E4C138D
S205000E4D049B
S205000E4E0B93
S205000E4F009D
S205000E501389
S205000E518813
S205000E520B8F
S205000E530099
S205000E549305
S205000E550790
S205000E562076
S205000E570095
S205000E586331
S205000E59088B
S205000E5AFC96
S205000E5B6031
S205000E5C93FD
S205000E5D0788
S205000E5E305E
S205000E5F008D
S205000E60E3A9
S205000E610685
S205000E62FC8E
S205000E63F693
S205000E6493F5
S205000E650780
S205000E661076
S205000E670085
S205000E681371
S205000E690A79
S205000E6A0979
S205000E6B0081
S205000E6CE39D
S205000E6D0E71
S205000E6EFC82
S205000E6FEE8F
S205000E7093E9
S205000E7187F4
S205000E72F981
S205000E733F3A
S205000E746315
S205000E755225
S205000E76F086
S205000E773C39
S205000E781361
S205000E7977FC
S205000E7A78FA
S205000E7B0071
S205000E7C630D
S205000E7D1659
S205000E7E0767
S205000E7F5C11
S205000E801359
S205000E811754
S205000E8274F6
S205000E830069
S205000E846305
S205000E855A0D
S205000E86075F
S205000E870065
S205000E88B7AD
S205000E89075C
S205000E8A0062
S205000E8BFF62
S205000E8C93CD
S205000E8D87D8
S205000E8EF767
S205000E8FFF5E
S205000E903329
S205000E9174E7
S205000E92F466
S205000E930059
S205000E9493C5
S205000E9587D0
S205000E96094D
S205000E974015
S205000E981341
S205000E99074C
S205000E9AE072
S205000E9B7FD2
S205000E9CE36D
S205000E9D400F
S205000E9EF757
S205000E9FF25B
S205000EA01339
S205000EA158F3
S205000EA23812
S205000EA30049
S205000EA41335
S205000EA51730
S205000EA6D472
S205000EA70144
S205000EA893B1
S205000EA9162D
S205000EAA94AE
S205000EAB0041
S205000EAC330D
S205000EAD67D8
S205000EAE0737
S205000EAF013C
S205000EB093A9
S205000EB1D665
S205000EB2C674
S205000EB30039
S205000EB493A5
S205000EB5F740
S205000EB6F73F
S205000EB77FB6
S205000EB86FC5
S205000EB9F043
S205000EBADF53
S205000EBBEB46
S205000EBC131D
S205000EBD8CA3
S205000EBE0727
S205000EBF002D
S205000EC06FBD
S205000EC1F03B
S205000EC25FCB
S205000EC3F930
S205000EC41315
S205000EC58B9C
S205000EC60422
S205000EC70025
S205000EC89391
S205000EC90B18
S205000ECA051D
S205000ECB0021
S205000ECC938D
S205000ECD041B
S205000ECEC05E
S205000ECF001D
S205000ED09389
S205000ED10912
S205000ED2F02A
S205000ED37F9A
S205000ED41305
S205000ED50C0B
S205000ED630E6
S205000ED70015
S205000ED86FA5
S205000ED9F023
S205000EDA5FB3
S205000EDBDA37
S205000EDC937D
S205000EDDE42B
S205000EDE14FA
S205000EDF000D
S205000EE013F9
S205000EE10407
S205000EE2000A
S205000EE30009
S205000EE49375
S205000EE50700
S205000EE610F6
S205000EE70005
S205000EE86F95
S205000EE9F013
S205000EEA9F63
S205000EEBDD24
S205000EEC936D
S205000EEDE41B
S205000EEE34CA
S205000EEF00FD
S205000EF013E9
S205000EF108F3
S205000EF20AF0
S205000EF300F9
S205000EF49365
S205000EF507F0
S205000EF630C6
S205000EF700F5
S205000EF86F85
S205000EF9F003
S205000EFA9F53
S205000EFBDC15
S205000EFC935D
S205000EFD0BE4
S205000EFE00EE
S205000EFF00ED
S205000F009358
S205000F0104E6
S205000F0240A9
S205000F0300E8
S205000F049354
S205000F0509DD
S205000F0600E5
S205000F0700E4
S205000F0813D0
S205000F090CD6
S205000F0A10D1
S205000F0B00E0
S205000F0C6F70
S205000F0DF0EE
S205000F0E1FBE
S205000F0FD705
S205000F1023B8
S205000F1122B8
S205000F129148
S205000F1303D5
S205000F1423B4
S205000F1520B6
S205000F16A134
S205000F1703D1
S205000F1823B0
S205000F192EA4
S205000F1AB120
S205000F1B01CF
S205000F1C636C
S205000F1D6A64
S205000F1E6469
S205000F1F3B91
S205000F206368
S205000F2106C4
S205000F228B3E
S205000F233A8E
S205000F249334
S205000F25893D
S205000F26F9CC
S205000F27FFC5
S205000F2813B0
S205000F298C36
S205000F2A0BB6
S205000F2B00C0
S205000F2C932C
S205000F2D04BA
S205000F2E0BB2
S205000F2F00BC
S205000F3013A8
S205000F310DAD
S205000F3200B9
S205000F3300B8
S205000F349324
S205000F355C5A
S205000F36882D
S205000F3701B3
S205000F3813A0
S205000F39149E
S205000F3A842D
S205000F3B00B0
S205000F3C139C
S205000F3D5955
S205000F3E04A9
S205000F3F01AB
S205000F40B3F8
S205000F41ECBE
S205000F428C1D
S205000F4300A8
S205000F449314
S205000F4505A1
S205000F46099C
S205000F4700A4
S205000F481390
S205000F49851D
S205000F4A049D
S205000F4B00A0
S205000F4C138C
S205000F4D9B03
S205000F4E0C91
S205000F4F019B
S205000F509308
S205000F511A80
S205000F528811
S205000F530098
S205000F541384
S205000F555B3B
S205000F560B8A
S205000F570193
S205000F58EFA4
S205000F591082
S205000F5AD0C1
S205000F5B127E
S205000F5C93FC
S205000F5D0589
S205000F5E0588
S205000F5F008C
S205000F601378
S205000F610486
S205000F620584
S205000F630088
S205000F641374
S205000F650581
S205000F660B7A
S205000F670084
S205000F68EF94
S205000F691072
S205000F6A1071
S205000F6B0F71
S205000F6C93EC
S205000F6D0777
S205000F6E0578
S205000F6F007C
S205000F7093E8
S205000F710575
S205000F720970
S205000F730078
S205000F741364
S205000F7585F1
S205000F760471
S205000F770074
S205000F7893E0
S205000F7984EE
S205000F7A076A
S205000F7B0070
S205000F7CEF80
S205000F7D105E
S205000F7E105D
S205000F7F1557
S205000F801358
S205000F811555
S205000F820564
S205000F830167
S205000F8493D4
S205000F85570F
S205000F860C59
S205000F870163
S205000F88B3B0
S205000F89E77B
S205000F8AA7BA
S205000F8B0060
S205000F8C63FC
S205000F8DFA64
S205000F8E97C6
S205000F8F005C
S205000F90B3A8
S205000F9187D3
S205000F92FC5D
S205000F930058
S205000F941344
S205000F95074F
S205000F96F461
S205000F97FF55
S205000F9863F0
S205000F99FE54
S205000F9A97BA
S205000F9B3B15
S205000F9C133C
S205000F9D044A
S205000F9E0746
S205000F9F004C
S205000FA0B398
S205000FA184C6
S205000FA297B2
S205000FA34008
S205000FA493B4
S205000FA50541
S205000FA6093C
S205000FA70044
S205000FA81330
S205000FA985BD
S205000FAA043D
S205000FAB0040
S205000FACEF50
S205000FAD102E
S205000FAE90AD
S205000FAF0D2F
S205000FB093A8
S205000FB10535
S205000FB20534
S205000FB30038
S205000FB493A4
S205000FB50B2B
S205000FB60530
S205000FB70034
S205000FB81320
S205000FB9052D
S205000FBA0B26
S205000FBB0030
S205000FBCEF40
S205000FBD101E
S205000FBED05D
S205000FBF0923
S205000FC09398
S205000FC10723
S205000FC20524
S205000FC30028
S205000FC49394
S205000FC50521
S205000FC6091C
S205000FC70024
S205000FC81310
S205000FC9859D
S205000FCA041D
S205000FCB0020
S205000FCC938C
S205000FCD849A
S205000FCE0716
S205000FCF001C
S205000FD0EF2C
S205000FD1100A
S205000FD2D049
S205000FD30F09
S205000FD49384
S205000FD517FF
S205000FD60C09
S205000FD70113
S205000FD81300
S205000FD915FD
S205000FDA050C
S205000FDB010F
S205000FDC937C
S205000FDDD737
S205000FDE0706
S205000FDF010B
S205000FE0B358
S205000FE1E723
S205000FE2A762
S205000FE30008
S205000FE463A4
S205000FE5FA0C
S205000FE6976E
S205000FE70004
S205000FE8B350
S205000FE9877B
S205000FEAFC05
S205000FEB0000
S205000FEC13EC
S205000FED8777
S205000FEEFB02
S205000FEFFFFD
S205000FF06398
S205000FF1FA00
S205000FF29762
S205000FF335C3
S205000FF49364
S205000FF50BEB
S205000FF607EE
S205000FF700F4
S205000FF837BC
S205000FF903EF
S205000FFA01F0
S205000FFB00F0
S205000FFC13DC
S205000FFD14DA
S205000FFE04E9
S205000FFF01EB
S20500100033B7
S2050010016485
S2050010027474
S20500100301E6
S2050010049353
S2050010050DD8
S205001006F3F1
S205001007FFE4
S205001008B32F
S2050010097869
S20500100AB42C
S20500100B01DE
S20500100CB32B
S20500100DFDE0
S20500100EBA22
S20500100F01DA
S205001010B327
S2050010118B4E
S2050010129741
S2050010134097
S20500101413C3
S205001015DCF9
S2050010160ACA
S20500101701D2
S205001018933F
S205001019577A
S20500101A04CC
S20500101B01CE
S20500101C13BB
S20500101D8548
S20500101E08C4
S20500101F00CB
S2050010209337
S2050010218544
S2050010220DBB
S20500102300C7
S205001024EFD7
S20500102510B5
S2050010265074
S20500102703C0
S20500102813AF
S20500102908B9
S20500102A05BB
S20500102B00BF
S20500102C932B
S20500102D05B8
S20500102E0CB0
S20500102F00BB
S20500103013A7
S2050010318534
S20500103208B0
S20500103300B7
S205001034EFC7
S20500103510A5
S2050010365064
S20500103702B1
S205001038931F
S20500103908A9
S20500103A05AB
S20500103B00AF
S20500103C931B
S20500103D8528
S20500103E0D9F
S20500103F00AB
S2050010401397
S2050010418524
S20500104207A1
S20500104300A7
S205001044EFB7
S2050010451095
S2050010465054
S20500104701A2
S205001048138F
S2050010490E93
S20500104A059B
S20500104B009F
S20500104C930B
S20500104D0598
S20500104E0C90
S20500104F009B
S2050010501387
S2050010518514
S2050010520791
S2050010530097
S205001054EFA7
S2050010551085
S2050010565044
S2050010570093
S20500105893FF
S205001059573A
S20500105A0888
S20500105B018E
S20500105CB3DB
S20500105D8805
S20500105EC8C4
S20500105F018A
S205001060B3D7
S2050010618702
S2050010621771
S2050010630186
S2050010646323
S205001065F491
S205001066C7BD
S2050010670182
S205001068334F
S205001069057C
S20500106A651B
S20500106B007F
S20500106C3747
S20500106D0677
S20500106E017B
S20500106F007B
S2050010701367
S2050010710673
S205001072F682
S205001073FF78
S205001074B3C3
S205001075F481
S205001076C7AD
S2050010770073
S20500107893DF
S205001079D69B
S20500107A0769
S20500107B016E
S20500107C93DB
S20500107D94D9
S20500107E0468
S20500107F016A
S2050010803337
S20500108178F1
S205001082C8A0
S2050010830067
S205001084B3B3
S20500108587DE
S205001086A6BE
S2050010870063
S205001088B3AF
S20500108984DD
S20500108A045C
S20500108B015E
S20500108C63FB
S20500108DEA73
S20500108EFB61
S20500108F203B
S20500109063F7
S20500109186D3
S205001092FB5D
S2050010932037
S205001094B3A3
S2050010950451
S2050010969DB7
S2050010974013
S205001098B39F
S2050010998BC6
S20500109AFB55
S20500109B400F
S20500109C331B
S20500109D3D10
S20500109E9DAF
S20500109F004B
S2050010A0B397
S2050010A18BBE
S2050010A2AB9D
S2050010A34106
S2050010A463E3
S2050010A58ABB
S2050010A67CC8
S2050010A7370C
S2050010A893AF
S2050010A9053C
S2050010AA0937
S2050010AB003F
S2050010AC132B
S2050010AD85B8
S2050010AE0B31
S2050010AF003B
S2050010B0EF4B
S2050010B11029
S2050010B240F8
S2050010B37DBA
S2050010B493A3
S2050010B50530
S2050010B6052F
S2050010B70033
S2050010B8230F
S2050010B9260B
S2050010BAA18F
S2050010BB002F
S2050010BC131B
S2050010BD0D20
S2050010BE0527
S2050010BF002B
S2050010C01317
S2050010C10524
S2050010C20B1D
S2050010C30027
S2050010C4EF37
S2050010C51015
S2050010C640E4
S2050010C779AA
S2050010C8938F
S2050010C9071A
S2050010CA051B
S2050010CB001F
S2050010CC938B
S2050010CD0518
S2050010CE0913
S2050010CF001B
S2050010D01307
S2050010D18594
S2050010D20B0D
S2050010D30017
S2050010D49383
S2050010D58B8A
S2050010D6070D
S2050010D70013
S2050010D8EF23
S2050010D91001
S2050010DA40D0
S2050010DB7F90
S2050010DC13FB
S2050010DD15F8
S2050010DE0507
S2050010DF010A
S2050010E09377
S2050010E1D732
S2050010E20404
S2050010E30106
S2050010E4B353
S2050010E5E71E
S2050010E6A75D
S2050010E70003
S2050010E8639F
S2050010E9F011
S2050010EA7789
S2050010EB03FC
S2050010ECB34B
S2050010ED8776
S2050010EEFC00
S2050010EF00FB
S2050010F09367
S2050010F106F3
S2050010F2FDFB
S2050010F3FFF8
S2050010F46393
S2050010F5E213
S2050010F6975D
S2050010F737BC
S2050010F8638F
S2050010F9F001
S2050010FA7779
S2050010FB37B8
S2050010FC13DB
S2050010FD07E6
S2050010FEEDFF
S2050010FFFFEC
S20500110023C6
S20500110126C2
S205001102E106
S20500110300E6
S205001104B332
S205001105875D
S205001106974C
S20500110701E1
S205001108B32E
S2050011098B55
S20500110A7768
S20500110B419D
S20500110C934A
S20500110D05D7
S20500110E09D2
S20500110F00DA
S20500111013C6
S2050011118553
S2050011120BCC
S20500111300D6
S205001114EFE6
S20500111510C4
S20500111600D3
S205001117775B
S205001118933E
S20500111905CB
S20500111A05CA
S20500111B00CE
S20500111C13BA
S20500111D0DBF
S20500111E05C6
S20500111F00CA
S20500112013B6
S20500112105C3
S2050011220BBC
S20500112300C6
S205001124EFD6
S20500112510B4
S2050011264083
S205001127734F
S205001128932E
S20500112907B9
S20500112A05BA
S20500112B00BE
S20500112C932A
S20500112D05B7
S20500112E09B2
S20500112F00BA
S20500113013A6
S2050011318533
S2050011320BAC
S20500113300B6
S20500113413A2
S205001135892B
S20500113607AC
S20500113700B2
S205001138931E
S205001139941C
S20500113A04AB
S20500113B01AD
S20500113CEFBE
S20500113D109C
S20500113E00AB
S20500113F7931
S2050011401396
S2050011411593
S20500114205A2
S20500114301A5
S2050011449312
S205001145D4D0
S205001146049F
S20500114701A1
S205001148B3EE
S205001149E4BC
S20500114AA4FB
S20500114B009E
S20500114C633A
S20500114DFE9E
S20500114E2477
S20500114F0199
S205001150B3E6
S2050011518414
S2050011529CFB
S2050011530096
S2050011549302
S205001155078D
S205001156FD96
S205001157FF93
S205001158632E
S205001159E4AC
S20500115A94FB
S20500115B315D
S20500115C632A
S20500115DF29A
S20500115E2467
S20500115F3159
S2050011601376
S2050011610D7B
S205001162ED9A
S205001163FF87
S205001164B3D2
S2050011658400
S20500116694EF
S2050011670181
S20500116883FE
S2050011692759
S20500116AC1BE
S20500116B007E
S20500116CB3CA
S20500116D84F8
S20500116E2457
S20500116F4139
S20500117093E6
S20500117185F3
S2050011720D6A
S2050011730076
S2050011741362
S20500117598DC
S205001176076C
S2050011770171
S205001178333E
S2050011796808
S20500117AA8C7
S20500117B016D
S20500117C135A
S20500117D1359
S20500117E0863
S20500117F0169
S2050011801356
S2050011815315
S2050011820364
S2050011830165
S20500118493D2
S205001185570D
S205001186085B
S2050011870161
S205001188134E
S205001189055B
S20500118A035C
S20500118B005E
S20500118CEF6E
S20500118D104C
S20500118EC09B
S20500118F6CEE
S20500119093C6
S2050011910850
S2050011920552
S2050011930056
S20500119493C2
S205001195054F
S2050011960C47
S2050011970052
S205001198133E
S205001199054B
S20500119A034C
S20500119B004E
S20500119CEF5E
S20500119D103C
S20500119EC08B
S20500119F6BDF
S2050011A01336
S2050011A10345
S2050011A20542
S2050011A30046
S2050011A493B2
S2050011A585BF
S2050011A60D36
S2050011A70042
S2050011A8132E
S2050011A985BB
S2050011AA0738
S2050011AB003E
S2050011ACEF4E
S2050011AD102C
S2050011AEC07B
S2050011AF6AD0
S2050011B01326
S2050011B10E2A
S2050011B20532
S2050011B30036
S2050011B493A2
S2050011B5052F
S2050011B60C27
S2050011B70032
S2050011B8131E
S2050011B985AB
S2050011BA0728
S2050011BB002E
S2050011BCEF3E
S2050011BD101C
S2050011BEC06B
S2050011BF69C1
S2050011C09396
S2050011C1D751
S2050011C2081F
S2050011C30125
S2050011C433F2
S2050011C50321
S2050011C6C360
S2050011C70121
S2050011C8B36E
S2050011C98799
S2050011CA67B8
S2050011CB001E
S2050011CC63BA
S2050011CDF626
S2050011CEC754
S2050011CF0119
S2050011D037E2
S2050011D10711
S2050011D20116
S2050011D30016
S2050011D433E2
S2050011D5050F
S2050011D6E52E
S2050011D70012
S2050011D8B75A
S2050011D9060A
S2050011DA010E
S2050011DB000E
S2050011DC937A
S2050011DD8686
S2050011DEF615
S2050011DFFF0B
S2050011E013F6
S2050011E1D731
S2050011E20700
S2050011E30105
S2050011E4B352
S2050011E5F70D
S2050011E6D72C
S2050011E70002
S2050011E8936E
S2050011E99769
S2050011EA07F8
S2050011EB01FD
S2050011ECB34A
S2050011EDF804
S2050011EED823
S2050011EF00FA
S2050011F033C6
S2050011F107F1
S2050011F2A750
S2050011F300F6
S2050011F4B342
S2050011F5876D
S2050011F617DC
S2050011F701F1
S2050011F8638E
S2050011F9E010
S2050011FAE40B
S2050011FB02EC
S2050011FC638A
S2050011FD8C60
S2050011FEE407
S2050011FF00EA
S2050012008365
S2050012012CBB
S20500120241A5
S20500120302E3
S20500120403E1
S2050012052DB6
S20500120601E1
S20500120702DF
S205001208835D
S2050012092DB2
S20500120AC11D
S20500120B01DC
S20500120C13C9
S20500120D6873
S20500120E18C2
S20500120F00D9
S2050012106F69
S205001211F0E7
S2050012121FB7
S205001213C60F
S2050012146371
S2050012158A49
S20500121607CB
S2050012171CB5
S205001218B31D
S205001219844B
S20500121A9C32
S20500121B00CD
S20500121C13B9
S20500121D06C5
S20500121EF8D2
S20500121FFFCA
S2050012209335
S2050012218641
S20500122204C2
S20500122300C5
S2050012246361
S205001225ECD7
S205001226942E
S2050012271BA6
S205001228635D
S205001229EAD5
S20500122AE4DA
S20500122B2499
S20500122C6359
S20500122D8833
S20500122EE4D6
S20500122F2693
S20500123013A5
S20500123108AF
S20500123206B0
S20500123300B5
S2050012346F45
S205001235F0C3
S205001236DFD3
S205001237FCB5
S205001238139D
S20500123907A8
S20500123A109E
S20500123B00AD
S20500123CE3C9
S20500123D901B
S20500123E07A3
S20500123FB2F7
S2050012409315
S2050012418720
S205001242E9BD
S2050012434164
S205001244B3F1
S205001245168D
S205001246F8AA
S20500124700A1
S205001248B3ED
S2050012493669
S20500124AD0CE
S20500124B009D
S20500124CB3E9
S20500124D1784
S20500124EF4A6
S20500124F0099
S205001250B3E5
S205001251E7B0
S205001252F6A0
S2050012530095
S2050012543361
S205001255583B
S205001256E8AA
S2050012570091
S205001258335D
S2050012596827
S20500125AF896
S20500125B008D
S20500125C93F9
S20500125D7714
S20500125E7812
S20500125F0089
S2050012603355
S2050012615433
S205001262E4A2
S2050012630085
S2050012646321
S2050012658003
S205001266077B
S205001267027F
S20500126893ED
S2050012697708
S20500126AF886
S20500126B007D
S20500126C1369
S20500126D0774
S20500126E403A
S20500126F0079
S2050012706315
S2050012718AED
S205001272E78F
S2050012730075
S20500127493E1
S205001275076C
S205001276482A
S2050012770071
S205001278333D
S205001279B8B7
S20500127A0767
S20500127B016C
S20500127C3339
S20500127D0467
S20500127E0466
S20500127F0168
S2050012801355
S20500128188DF
S205001282075F
S2050012830065
S2050012841351
S205001285164D
S20500128684DE
S2050012870061
S20500128893CD
S2050012890758
S20500128A104E
S20500128B005D
S20500128C93C9
S20500128D0655
S20500128E005A
S20500128F0059
S2050012901345
S2050012910750
S2050012920056
S2050012930055
S205001294E371
S2050012954013
S205001296064C
S205001297AEA3
S2050012986FE1
S205001299004F
S20500129A80CE
S20500129B123B
S20500129CE369
S20500129D7CCF
S20500129E9DAD
S20500129FDE6B
S2050012A0B395
S2050012A10641
S2050012A25DE9
S2050012A30144
S2050012A43311
S2050012A5B68D
S2050012A6A69C
S2050012A70140
S2050012A8B38D
S2050012A9053A
S2050012AA96A8
S2050012AB013C
S2050012ACB389
S2050012AD8BB0
S2050012AEBB7F
S2050012AF0039
S2050012B01325
S2050012B18DAA
S2050012B20630
S2050012B30035
S2050012B493A1
S2050012B5052E
S2050012B6F43E
S2050012B7FF32
S2050012B863CD
S2050012B9FE31
S2050012BA7CB2
S2050012BB0726
S2050012BC63C9
S2050012BDE04B
S2050012BEFB2F
S2050012BF1415
S2050012C063C5
S2050012C18C9B
S2050012C277AF
S2050012C31312
S2050012C41311
S2050012C5849F
S2050012C6051D
S2050012C70021
S2050012C86FB1
S2050012C9F02F
S2050012CADF3F
S2050012CBDC41
S2050012CCE339
S2050012CDEC2F
S2050012CE0B0F
S2050012CFC554
S2050012D01305
S2050012D11CFB
S2050012D2FB1B
S2050012D30114
S2050012D41301
S2050012D5D73C
S2050012D61BF7
S2050012D70011
S2050012D8937D
S2050012D954BB
S2050012DA1BF3
S2050012DB000D
S2050012DC33D9
S2050012DD6C9F
S2050012DEEC1E
S2050012DF0009
S2050012E013F5
S2050012E19D6A
S2050012E2FB0B
S2050012E30104
S2050012E46F95
S2050012E5F013
S2050012E61FE3
S2050012E7C53C
S2050012E813ED
S2050012E905FA
S2050012EA0AF4
S2050012EB00FD
S2050012ECEF0D
S2050012ED10EB
S2050012EE40BA
S2050012EF6495
S2050012F09365
S2050012F106F1
S2050012F255A1
S2050012F301F4
S2050012F413E1
S2050012F507EC
S2050012F6C032
S2050012F701F0
S2050012F8935D
S2050012F907E8
S2050012FA05E9
S2050012FB02EB
S2050012FCE309
S2050012FD5A91
S2050012FED713
S2050012FFA247
S20500130013D4
S20500130105E1
S2050013028560
S205001303FFE5
S20500130413D0
S20500130508DA
S20500130600E1
S20500130700E0
S20500130833AC
S20500130914CA
S20500130AAA33
S20500130B00DC
S20500130C6F6C
S20500130DF0EA
S20500130E1FBA
S20500130FA434
S205001310EFE8
S20500131110C6
S20500131200D5
S2050013136272
S2050013149340
S20500131507CB
S205001316557C
S20500131701CF
S205001318933C
S20500131906C8
S20500131AC00D
S20500131B01CB
S20500131C13B8
S20500131D07C3
S20500131E05C4
S20500131F02C6
S205001320E3E4
S205001321DEE8
S205001322F6CF
S205001323AC18
S2050013249330
S20500132504BE
S205001326853C
S205001327FFC1
S205001328338C
S2050013291BA3
S20500132A9429
S20500132B00BC
S20500132C9328
S20500132D0BAF
S20500132E00B9
S20500132F00B8
S2050013306F48
S205001331F0C6
S2050013329F16
S205001333AE06
S205001334E3D0
S205001335981A
S2050013367C35
S205001337F9B7
S205001338E3CC
S20500133902AC
S20500133A06A7
S20500133BF8B4
S20500133C1398
S20500133D8426
S20500133E05A4
S20500133F00A8
S2050013406F38
S205001341F0B6
S2050013425F46
S205001343D5CF
S205001344E3C0
S205001345F8AA
S205001346970A
S205001347CAD6
S205001348930C
S2050013498B13
S20500134AEBB2
S20500134BFF9D
S20500134CB3E8
S20500134D8713
S20500134E9702
S20500134F0197
S2050013506F28
S205001351F0A6
S2050013529FF6
S205001353CACA
S205001354E3B0
S205001355F49E
S20500135697FA
S205001357C4CC
S205001358137C
S205001359048A
S20500135AE4A9
S20500135BFF8D
S20500135CB3D8
S20500135D8703
S20500135E97F2
S20500135F0187
S2050013606F18
S205001361F096
S2050013621F66
S205001363C4C0
S20500136493F0
S205001365067C
S205001366F091
S205001367017F
S205001368E39C
S205001369DCA2
S20500136AE697
S20500136BEC90
S20500136C93E8
S20500136D0674
S20500136E1069
S20500136FFE7A
S205001370B3C4
S20500137186F0
S205001372F67F
S2050013734034
S20500137493E0
S205001375076B
S2050013760071
S205001377026E
S205001378B3BC
S2050013795618
S20500137AD499
S20500137B006C
S20500137C6308
S20500137D0862
S20500137EF772
S20500137F0068
S20500138093D4
S20500138187DF
S205001382E97C
S2050013834321
S205001384B3B0
S205001385174B
S205001386F46D
S2050013870060
S205001388332C
S20500138968F6
S20500138AF865
S20500138B005C
S20500138C3328
S20500138D3822
S20500138E0059
S20500138F0157
S2050013903324
S20500139168EE
S205001392D87D
S2050013930054
S2050013941340
S20500139577DB
S20500139678D9
S2050013970050
S20500139893BC
S2050013990648
S20500139A004D
S20500139B004C
S20500139C63E8
S20500139D0842
S20500139E0742
S20500139F0246
S2050013A093B4
S2050013A177CF
S2050013A2F84D
S2050013A30044
S2050013A41330
S2050013A5073B
S2050013A64001
S2050013A70040
S2050013A8132C
S2050013A9043A
S2050013AA003D
S2050013AB003C
S2050013AC63D8
S2050013AD8AB0
S2050013AEE752
S2050013AF0038
S2050013B093A4
S2050013B1072F
S2050013B248ED
S2050013B30034
S2050013B43300
S2050013B5B87A
S2050013B6072A
S2050013B7012F
S2050013B833FC
S2050013B934FA
S2050013BA002D
S2050013BB012B
S2050013BC1318
S2050013BD88A2
S2050013BE0722
S2050013BF0028
S2050013C09394
S2050013C11610
S2050013C29491
S2050013C30024
S2050013C41310
S2050013C5170B
S2050013C6D44D
S2050013C7011F
S2050013C8938C
S2050013C9D648
S2050013CAC657
S2050013CB001C
S2050013CC1308
S2050013CD58C2
S2050013CE38E1
S2050013CF0018
S2050013D033E4
S2050013D167AF
S2050013D2E82D
S2050013D30014
S2050013D49380
S2050013D5070B
S2050013D60011
S2050013D70010
S2050013D86FA0
S2050013D9F01E
S2050013DADF2E
S2050013DB9973
S2050013DC13F8
S2050013DD0802
S2050013DE0603
S2050013DF0008
S2050013E0E324
S2050013E19076
S2050013E2E61F
S2050013E3E222
S2050013E4E320
S2050013E59E64
S2050013E657AA
S2050013E7E11F
S2050013E8837C
S2050013E92CD2
S2050013EA41BC
S2050013EB02FA
S2050013EC03F8
S2050013ED2DCD
S2050013EE01F8
S2050013EF02F6
S2050013F08374
S2050013F12DC9
S2050013F2C134
S2050013F301F3
S2050013F46F84
S2050013F5F002
S2050013F6DF12
S2050013F7A749
S2050013F8E30C
S2050013F9F6F8
S2050013FA9657
S2050013FBEC00
S2050013FCB338
S2050013FD8664
S2050013FEDA0F
S2050013FF00E8
S20500140033B3
S205001401B62F
S205001402568E
S20500140301E2
S20500140433AF
S20500140506DB
S205001406964A
S20500140701DE
S20500140813CB
S20500140904D9
S20500140AE4F8
S20500140BFFDC
S20500140C13C7
S20500140D8D4C
S20500140E06D2
S20500140F00D7
S205001410B323
S2050014118B4A
S205001412CB09
S20500141300D3
S2050014146F63
S205001415F0E1
S2050014161FB1
S205001417C807
S20500141813BB
S20500141907C6
S20500141A20AC
S20500141BC00B
S20500141C8347
S20500141D2C9D
S20500141E4187
S20500141F02C5
S20500142003C3
S2050014212D98
S20500142201C3
S20500142302C1
S205001424833F
S2050014252D94
S205001426C1FF
S20500142701BE
S205001428932B
S2050014298736
S20500142AF9C3
S20500142B3F7C
S20500142C13A7
S20500142D08B1
S20500142EF0C8
S20500142FFFB8
S205001430E3D3
S205001431C4F1
S205001432E9CB
S205001433E0D3
S205001434139F
S20500143507AA
S2050014364868
S20500143700AF
S205001438337B
S2050014393875
S20500143A07A5
S20500143B01AA
S20500143C3377
S20500143D04A5
S20500143E04A4
S20500143F01A6
S2050014401393
S205001441089D
S205001442079D
S20500144300A3
S2050014446F33
S205001445F0B1
S205001446DFC1
S205001447A3FC
S205001448138B
S2050014497726
S20500144AF8A4
S20500144B009B
S20500144C9307
S20500144D0693
S20500144E4058
S20500144F0097
S205001450E3B3
S205001451088D
S205001452D7BD
S205001453A2F1
S2050014546F23
S205001455F0A1
S2050014561F71
S205001457FE91
S205001458236B
S2050014592667
S20500145AD1BB
S20500145B008B
S20500145C6F1B
S20500145DF099
S20500145EDFA9
S20500145FCABD
S2050014601373
S2050014618DF8
S205001462077D
S2050014630083
S2050014646F13
S205001465F091
S2050014665F21
S205001467D0AF
S205001468136B
S2050014690A73
S20500146A0973
S20500146B007B
S20500146C93E7
S20500146D0772
S20500146EF088
S20500146F7FF8
S20500147093E3
S205001471066F
S2050014720074
S2050014730073
S205001474135F
S205001475076A
S2050014760070
S205001477006F
S2050014786FFF
S205001479F07D
S20500147ADF8D
S20500147B8FDC
S20500147C1357
S20500147D96D3
S20500147E1A4E
S20500147F0067
S205001480B3B3
S205001481362F
S205001482560E
S2050014830162
S205001484B3AF
S20500148586DB
S20500148696CA
S205001487015E
S205001488B3AB
S20500148986D7
S20500148AD488
S20500148B005B
S20500148C1347
S20500148D0851
S20500148EE870
S20500148FFF58
S20500149093C3
S2050014910A4B
S205001492064E
S2050014930053
S205001494E36F
S20500149588C9
S205001496E66A
S205001497F45B
S2050014986FDF
S205001499F05D
S20500149A9FAD
S20500149BD675
S20500149CE367
S20500149DE069
S20500149EFA4E
S20500149FFE49
S2050014A01333
S2050014A1083D
S2050014A2063E
S2050014A30043
S2050014A46FD3
S2050014A5F051
S2050014A61F21
S2050014A7F44B
S2050014A8132B
S2050014A9D766
S2050014AA45F7
S2050014AB013A
S2050014ACB783
S2050014AD0732
S2050014AE1028
S2050014AF0037
S2050014B093A3
S2050014B187AE
S2050014B2F73D
S2050014B3FF34
S2050014B4131F
S2050014B5D859
S2050014B646EA
S2050014B7012E
S2050014B8131B
S2050014B977B6
S2050014BAF735
S2050014BB7FAC
S2050014BC1317
S2050014BD0326
S2050014BEF038
S2050014BF7FA8
S2050014C033F3
S2050014C1FE27
S2050014C2B76D
S2050014C30023
S2050014C4938F
S2050014C50819
S2050014C6051B
S2050014C7001F
S2050014C8B36B
S2050014C9F726
S2050014CAD745
S2050014CB001B
S2050014CC9387
S2050014CDD544
S2050014CEF523
S2050014CF0116
S2050014D01303
S2050014D1789D
S2050014D2F81C
S2050014D37F94
S2050014D4937F
S2050014D5D63B
S2050014D6F61A
S2050014D7010E
S2050014D813FB
S2050014D90508
S2050014DA10FC
S2050014DB000B
S2050014DC63A7
S2050014DD0CFD
S2050014DE67A1
S2050014DF0007
S2050014E063A3
S2050014E108FD
S2050014E2689C
S2050014E30003
S2050014E4639F
S2050014E514ED
S2050014E607F9
S2050014E701FE
S2050014E8639B
S2050014E906F7
S2050014EAFEFE
S2050014EB02F9
S2050014EC6793
S2050014ED8079
S2050014EE00F8
S2050014EF00F7
S2050014F0678F
S2050014F18075
S2050014F200F4
S2050014F300F3
S2050014F4E30F
S2050014F51CD5
S2050014F6E808
S2050014F7FEF1
S2050014F8B33B
S2050014F96786
S2050014FAFEEE
S2050014FB00EB
S2050014FCB337
S2050014FDE702
S2050014FEC721
S2050014FF00E7
S205001500B332
S205001501E7FD
S20500150217CC
S20500150301E1
S205001504E3FE
S205001505944C
S20500150607D8
S205001507FEE0
S205001508B32A
S2050015098557
S20500150AD506
S20500150B409A
S20500150C33A6
S20500150D35A3
S20500150EB027
S20500150F00D6
S205001510676E
S2050015118054
S20500151200D3
S20500151300D2
S205001514E3EE
S2050015159C34
S205001516C807
S205001517FCD2
S205001518636A
S2050015198A42
S20500151AD5F6
S20500151B00CA
S20500151CE3E6
S20500151D18B0
S20500151E07C0
S20500151FFCCA
S2050015203392
S2050015216E56
S2050015221EA5
S20500152301C1
S205001524338E
S205001525358B
S205001526C0FF
S20500152701BD
S2050015286756
S205001529803C
S20500152A00BB
S20500152B00BA
S20500152C13A6
S20500152D05B3
S20500152E00B7
S20500152F00B6
S205001530674E
S2050015318034
S20500153200B3
S20500153300B2
S205001534931E
S205001535D8D8
S205001536456A
S20500153701AD
S205001538B7F6
S20500153907A5
S20500153A109B
S20500153B00AA
S20500153C9316
S20500153D8721
S20500153EF7B0
S20500153FFFA7
S2050015401392
S205001541D7CD
S205001542465D
S20500154301A1
S205001544930E
S205001545F8A8
S205001546F8A7
S2050015477F1F
S205001548138A
S2050015490E8E
S20500154AF0AB
S20500154B7F1B
S20500154C3366
S20500154DF3A5
S20500154EB7E0
S20500154F0096
S2050015501382
S205001551088C
S205001552058E
S2050015530092
S20500155493FE
S2050015550E82
S205001556058A
S205001557008E
S205001558B3DA
S205001559F795
S20500155AD7B4
S20500155B008A
S20500155C93F6
S20500155DD5B3
S20500155EF592
S20500155F0185
S2050015601372
S2050015610F75
S205001562067D
S2050015630082
S205001564136E
S205001565750B
S205001566F788
S2050015677FFF
S20500156893EA
S205001569D6A6
S20500156AF685
S20500156B0179
S20500156C6316
S20500156D88F0
S20500156EC8AF
S20500156F0571
S2050015706312
S2050015710470
S205001572C5AE
S205001573036F
S205001574630E
S2050015759AD6
S2050015760867
S2050015770668
S205001578333A
S2050015796804
S20500157A0368
S20500157B0169
S20500157C6306
S20500157D1058
S20500157E0562
S20500157F0660
S2050015803332
S205001581E67E
S205001582C79C
S2050015830062
S20500158463FE
S2050015850C54
S2050015860659
S2050015870856
S20500158863FA
S205001589124A
S20500158A0853
S20500158B0A50
S20500158C1346
S20500158D0553
S20500158E1047
S20500158F0056
S20500159063F2
S20500159182D2
S205001592064D
S205001593084A
S20500159467EA
S20500159580D0
S205001596004F
S205001597004E
S205001598331A
S205001599E666
S20500159AC784
S20500159B004A
S20500159C63E6
S20500159D1434
S20500159E0641
S20500159F083E
S2050015A063E2
S2050015A196AE
S2050015A2083B
S2050015A30042
S2050015A4330E
S2050015A563DD
S2050015A6033C
S2050015A7013D
S2050015A8E35A
S2050015A9023A
S2050015AA0338
S2050015ABFE3C
S2050015AC63D6
S2050015AD80B8
S2050015AED562
S2050015AF0630
S2050015B063D2
S2050015B192A2
S2050015B2052E
S2050015B3062C
S2050015B4131E
S2050015B5052B
S2050015B6101F
S2050015B7002E
S2050015B867C6
S2050015B980AC
S2050015BA002B
S2050015BB002A
S2050015BC33F6
S2050015BD63C5
S2050015BE0324
S2050015BF0125
S2050015C063C2
S2050015C11212
S2050015C20320
S2050015C3061C
S2050015C4E33E
S2050015C5160A
S2050015C6150A
S2050015C7FF1F
S2050015C8B36A
S2050015C9E735
S2050015CAC754
S2050015CB001A
S2050015CC63B6
S2050015CD9C7C
S2050015CE0710
S2050015CF0412
S2050015D0E332
S2050015D19084
S2050015D2D53E
S2050015D3FE14
S2050015D413FE
S2050015D5050B
S2050015D6000F
S2050015D7000E
S2050015D867A6
S2050015D9808C
S2050015DA000B
S2050015DB000A
S2050015DCE326
S2050015DD0800
S2050015DE08FF
S2050015DFFA0C
S2050015E0E322
S2050015E1986C
S2050015E2D52E
S2050015E3FC06
S2050015E46F92
S2050015E50000
S2050015E6807F
S2050015E702FC
S2050015E8E31A
S2050015E904F8
S2050015EA05F6
S2050015EBFCFE
S2050015ECE316
S2050015ED9266
S2050015EED522
S2050015EFFCFA
S2050015F0E312
S2050015F140B4
S2050015F215DE
S2050015F3FDF5
S2050015F4638E
S2050015F5CC24
S2050015F6A847
S2050015F700EE
S2050015F8E30A
S2050015F9EC00
S2050015FA6784
S2050015FBFAF0
S2050015FC6386
S2050015FD18D0
S2050015FEF3F4
S2050015FF00E6
S205001600E301
S205001601687B
S205001602DF03
S205001603FBE6
S20500160413CD
S20500160505DA
S20500160600DE
S20500160700DD
S205001608E3F9
S205001609F6E5
S20500160AEEEC
S20500160BF9E0
S20500160C13C5
S20500160D05D2
S20500160E10C6
S20500160F00D5
S205001610E3F1
S2050016119241
S20500161205CD
S205001613F8D9
S20500161413BD
S20500161505CA
S205001616F0DE
S205001617FFCE
S2050016186765
S205001619804B
S20500161A00CA
S20500161B00C9
S20500161CE3E5
S20500161D1AAD
S20500161E08BE
S20500161FF8CD
S205001620675D
S2050016218043
S20500162200C2
S20500162300C1
S20500162413AD
S20500162505BA
S205001626E0DE
S205001627FFBE
S2050016286755
S205001629803B
S20500162A00BA
S20500162B00B9
S20500162CE3D5
S20500162D8631
S20500162ED5E1
S20500162FFCB9
S2050016306F45
S205001631F0C3
S2050016321F93
S205001633F8B9
S205001634931D
S205001635D8D7
S2050016364569
S20500163701AC
S205001638B7F5
S20500163907A4
S20500163A109A
S20500163B00A9
S20500163C9315
S20500163D8720
S20500163EF7AF
S20500163FFFA6
S2050016401391
S205001641D7CC
S205001642465C
S20500164301A0
S205001644930D
S205001645F8A7
S205001646F8A6
S2050016477F1E
S2050016481389
S2050016490398
S20500164AF0AA
S20500164B7F1A
S20500164C3365
S20500164DFE99
S20500164EB7DF
S20500164F0095
S2050016501381
S205001651088B
S205001652058D
S2050016530091
S20500165493FD
S2050016550E81
S2050016560589
S205001657008D
S205001658B3D9
S205001659F794
S20500165AD7B3
S20500165B0089
S20500165C93F5
S20500165DD5B2
S20500165EF591
S20500165F0184
S2050016601371
S2050016610F74
S205001662067C
S2050016630081
S205001664136D
S205001665750A
S205001666F787
S2050016677FFE
S20500166893E9
S205001669D6A5
S20500166AF684
S20500166B0178
S20500166C6315
S20500166D8AED
S20500166E680E
S20500166F0471
S2050016706311
S205001671046F
S205001672650D
S205001673026F
S205001674630D
S20500167598D7
S2050016760866
S2050016770667
S2050016783339
S2050016796803
S20500167A0E5C
S20500167B0168
S20500167C6305
S20500167D1E49
S20500167E0561
S20500167F085D
S2050016803331
S205001681E67D
S205001682C79B
S2050016830061
S20500168463FD
S205001685045B
S2050016860658
S2050016870A53
S20500168863F9
S2050016891645
S20500168A0852
S20500168B0A4F
S20500168C1345
S20500168D0552
S20500168E1046
S20500168F0055
S20500169063F1
S20500169180D3
S205001692064C
S2050016930849
S20500169467E9
S20500169580CF
S205001696004E
S205001697004D
S2050016983319
S205001699E665
S20500169AC783
S20500169B0049
S20500169C1335
S20500169D0542
S20500169E2026
S20500169F0045
S2050016A0E361
S2050016A11A29
S2050016A2063C
S2050016A3FE43
S2050016A463DD
S2050016A596A9
S2050016A60836
S2050016A7003D
S2050016A83309
S2050016A96ECD
S2050016AA0E2C
S2050016AB0138
S2050016ACE355
S2050016AD0037
S2050016AE0E28
S2050016AFFE37
S2050016B063D1
S2050016B18CA7
S2050016B2D55D
S2050016B3042D
S2050016B463CD
S2050016B59E91
S2050016B60529
S2050016B70429
S2050016B81319
S2050016B90526
S2050016BA101A
S2050016BB0029
S2050016BC67C1
S2050016BD80A7
S2050016BE0026
S2050016BF0025
S2050016C033F1
S2050016C16EB5
S2050016C20E14
S2050016C30120
S2050016C463BD
S2050016C5100F
S2050016C60E10
S2050016C70617
S2050016C8E339
S2050016C91605
S2050016CA1505
S2050016CBFF1A
S2050016CCB365
S2050016CDE730
S2050016CEC74F
S2050016CF0015
S2050016D01301
S2050016D1050E
S2050016D220F2
S2050016D30011
S2050016D4E32D
S2050016D5907F
S2050016D60707
S2050016D7FC11
S2050016D8E329
S2050016D99E6D
S2050016DAD535
S2050016DBFC0D
S2050016DC13F5
S2050016DD0502
S2050016DE0006
S2050016DF0005
S2050016E0679D
S2050016E18083
S2050016E20002
S2050016E30001
S2050016E4E31D
S2050016E508F7
S2050016E605F9
S2050016E7FC01
S2050016E8E319
S2050016E99665
S2050016EAD525
S2050016EBFCFD
S2050016ECE315
S2050016ED44B3
S2050016EE15E1
S2050016EFFDF8
S2050016F06391
S2050016F1CC27
S2050016F2A84A
S2050016F300F1
S2050016F4E30D
S2050016F5E00F
S2050016F6C727
S2050016F7FDF0
S2050016F86389
S2050016F918D3
S2050016FAFEEC
S2050016FB00E9
S2050016FCE305
S2050016FD6C7B
S2050016FEDF07
S2050016FFFBEA
S20500170013D0
S20500170105DD
S20500170200E1
S20500170300E0
S205001704E3FC
S205001705F8E6
S205001706EEEF
S205001707F9E3
S20500170813C8
S20500170905D5
S20500170A10C9
S20500170B00D8
S20500170CE3F4
S20500170D9442
S20500170E05D0
S20500170FF8DC
S20500171013C0
S20500171105CD
S205001712F0E1
S205001713FFD1
S2050017146768
S205001715804E
S20500171600CD
S20500171700CC
S205001718E3E8
S2050017190AC0
S20500171A08C1
S20500171BF6D2
S20500171CE3E4
S20500171D9C2A
S20500171ED5F0
S20500171FF8CC
S2050017206F54
S205001721F0D2
S2050017229F22
S205001723FEC2
S20500172413AC
S20500172505B9
S205001726209D
S20500172700BC
S2050017286754
S205001729803A
S20500172A00B9
S20500172B00B8
S20500172CE3D4
S20500172D14A2
S20500172E08AD
S20500172FF8BC
S205001730674C
S2050017318032
S20500173200B1
S20500173300B0
S205001734E3CC
S205001735802E
S205001736D5D8
S205001737FCB0
S2050017386F3C
S205001739F0BA
S20500173ADFCA
S20500173BF7B1
S20500173C1394
S20500173D01A5
S20500173E01A4
S20500173FFDA7
S2050017409310
S205001741D7CB
S205001742455C
S205001743019F
S205001744237C
S205001745247A
S205001746811C
S205001747029A
S2050017482378
S2050017492278
S20500174A9108
S20500174B0296
S20500174C2374
S20500174D2076
S20500174E2174
S20500174F0391
S2050017502370
S2050017512E64
S2050017523160
S205001753018F
S205001754236C
S2050017552A64
S205001756513C
S205001757018B
S20500175893F8
S20500175994F6
S20500175AC5C4
S20500175B0088
S20500175C2364
S20500175D2660
S20500175E1174
S20500175F0282
S2050017602360
S2050017612C56
S2050017624140
S205001763017F
S205001764235C
S2050017652856
S205001766611C
S205001767017B
S2050017682358
S2050017692654
S20500176A7108
S20500176B0177
S20500176C2354
S20500176D2452
S20500176E81F4
S20500176F0173
S20500177093E0
S205001771F77B
S205001772F77A
S2050017737FF1
S205001774135C
S205001775046A
S2050017760568
S205001777006C
S20500177893D8
S2050017790A60
S20500177A0663
S20500177B0068
S20500177C93D4
S20500177D89DD
S20500177E065F
S20500177F0064
S20500178093D0
S205001781D48E
S205001782C49D
S2050017830060
S205001784134C
S205001785D985
S205001786F568
S205001787015B
S20500178863F8
S20500178980DA
S20500178A0752
S20500178B4E0A
S20500178C1344
S20500178D074F
S20500178EF065
S20500178F7FD5
S20500179063F0
S20500179186CC
S205001792E76A
S2050017930A46
S20500179493BC
S20500179596B8
S2050017963419
S205001797004C
S2050017981338
S20500179957F3
S20500179AD574
S20500179B0147
S20500179C3314
S20500179D67DF
S20500179ED76E
S20500179F0044
S2050017A0B78C
S2050017A1063C
S2050017A280C1
S2050017A30040
S2050017A4B38C
S2050017A564DA
S2050017A6D766
S2050017A7003C
S2050017A81328
S2050017A91A20
S2050017AA3504
S2050017AB0038
S2050017AC1324
S2050017AD8CAA
S2050017AE171E
S2050017AFC074
S2050017B01320
S2050017B10B27
S2050017B20031
S2050017B30030
S2050017B4939C
S2050017B50B23
S2050017B6002D
S2050017B7002C
S2050017B89398
S2050017B9D753
S2050017BA49E0
S2050017BB0127
S2050017BC1314
S2050017BD978F
S2050017BEC95C
S2050017BF0024
S2050017C09390
S2050017C1F72B
S2050017C2F72A
S2050017C37FA1
S2050017C4130C
S2050017C58E90
S2050017C60A13
S2050017C7001C
S2050017C81308
S2050017C954C6
S2050017CAC752
S2050017CB0018
S2050017CC9384
S2050017CDD93D
S2050017CEF91C
S2050017CF0113
S2050017D063B0
S2050017D18092
S2050017D2070A
S2050017D30A06
S2050017D413FC
S2050017D50707
S2050017D6F01D
S2050017D77F8D
S2050017D863A8
S2050017D98E7C
S2050017DAE722
S2050017DB14F4
S2050017DC13F4
S2050017DD17EF
S2050017DE34D1
S2050017DF0004
S2050017E09370
S2050017E1D62C
S2050017E2DA27
S2050017E301FF
S2050017E4B34C
S2050017E5E618
S2050017E6E617
S2050017E700FC
S2050017E89368
S2050017E98773
S2050017EA17E2
S2050017EBC038
S2050017EC37C0
S2050017ED07EF
S2050017EE8075
S2050017EF00F4
S2050017F033C0
S2050017F1E40E
S2050017F2E60B
S2050017F300F0
S2050017F413DC
S2050017F59E50
S2050017F63AB3
S2050017F700EC
S2050017F833B8
S2050017F98367
S2050017FA8762
S2050017FB01E7
S2050017FC9354
S2050017FD06E0
S2050017FE00E5
S2050017FF00E4
S205001800934F
S20500180107DA
S205001802A040
S20500180300DF
S205001804934B
S20500180508D5
S20500180613C9
S20500180700DB
S2050018086377
S205001809CC0D
S20500180A6771
S20500180B0BCC
S20500180CB323
S20500180D4590
S20500180E399B
S20500180F01D2
S205001810933F
S20500181107CA
S20500181220B0
S20500181300CF
S20500181413BB
S2050018158845
S20500181605C7
S20500181700CB
S2050018186367
S205001819C603
S20500181A6761
S20500181B15B2
S20500181C13B3
S20500181D0BBA
S20500181EFBC9
S20500181FFFC4
S20500182013AF
S20500182107BA
S20500182210B0
S20500182300BF
S205001824635B
S205001825605D
S2050018266755
S20500182717A4
S2050018286357
S2050018298633
S20500182AF6C2
S20500182B486F
S20500182C9323
S20500182D04B1
S20500182E04B0
S20500182F00B3
S205001830139F
S2050018310AA7
S2050018320EA2
S20500183300AF
S205001834931B
S2050018358B22
S20500183606A6
S20500183700AB
S2050018386F3B
S20500183900A9
S20500183AC0E8
S20500183B099E
S20500183C3373
S20500183DEABB
S20500183EA400
S20500183F00A3
S205001840633F
S205001841148D
S2050018420A96
S2050018434857
S205001844930B
S205001845D7C6
S2050018464953
S205001847019A
S2050018481387
S2050018499702
S20500184AC9CF
S20500184B0097
S20500184C9303
S20500184DF79E
S20500184EF79D
S20500184F7F14
S20500185093FF
S205001851048D
S2050018520090
S205001853008F
S205001854137B
S2050018550B82
S205001856800C
S205001857008B
S2050018581377
S2050018590C7D
S20500185AF098
S20500185B7F08
S20500185C93F3
S20500185D0B7A
S20500185E2064
S20500185F0083
S205001860136F
S2050018618EF3
S2050018620A76
S205001863007F
S205001864136B
S2050018655429
S205001866C7B5
S205001867007B
S20500186893E7
S205001869D9A0
S20500186AF97F
S20500186B0176
S20500186CE393
S20500186D94E1
S20500186E076D
S20500186FF67D
S205001870B3BF
S205001871670A
S205001872541C
S205001873016E
S205001874630B
S2050018758EDF
S2050018760765
S2050018774625
S2050018786307
S2050018790C5D
S20500187A0464
S20500187B5413
S20500187C1353
S20500187D0560
S20500187E0460
S20500187F0063
S205001880EF73
S2050018811051
S2050018820060
S2050018830B54
S205001884134B
S205001885035A
S2050018860557
S205001887005B
S2050018881347
S2050018890752
S20500188A5503
S20500188BFF58
S20500188C93C3
S20500188D074E
S20500188ED084
S20500188F0152
S205001890133F
S2050018910E43
S20500189283CD
S205001893FF50
S205001894B39B
S20500189587C6
S205001896E765
S205001897400B
S205001898B397
S205001899D772
S20500189AFA4E
S20500189B0047
S20500189C3313
S20500189D172E
S20500189EC480
S20500189F0142
S2050018A0330F
S2050018A1E45D
S2050018A2E759
S2050018A3003F
S2050018A4330B
S2050018A59E9F
S2050018A6CA72
S2050018A7013A
S2050018A83307
S2050018A90336
S2050018AA6CCC
S2050018AB40F7
S2050018AC1323
S2050018AD0332
S2050018AED361
S2050018AFC073
S2050018B0939F
S2050018B1072A
S2050018B2A090
S2050018B3002F
S2050018B4939B
S2050018B50627
S2050018B6002C
S2050018B7002B
S2050018B89397
S2050018B90821
S2050018BA1315
S2050018BB0027
S2050018BCE343
S2050018BDD84D
S2050018BE67BD
S2050018BFF52E
S2050018C0938F
S2050018C1051C
S2050018C20917
S2050018C3001F
S2050018C4938B
S2050018C50716
S2050018C620FC
S2050018C7001B
S2050018C863B7
S2050018C98693
S2050018CAFB1D
S2050018CB3ED9
S2050018CC9383
S2050018CD070E
S2050018CE30E4
S2050018CF0013
S2050018D063AF
S2050018D18889
S2050018D2FB15
S2050018D354BB
S2050018D4937B
S2050018D50706
S2050018D610FC
S2050018D7000B
S2050018D813F7
S2050018D98881
S2050018DA0503
S2050018DB0007
S2050018DC63A3
S2050018DD966F
S2050018DEFB09
S2050018DF52B1
S2050018E0936F
S2050018E107FA
S2050018E20000
S2050018E300FF
S2050018E4936B
S2050018E506F7
S2050018E600FC
S2050018E700FB
S2050018E813E7
S2050018E907F2
S2050018EA00F8
S2050018EB00F7
S2050018EC8373
S2050018ED20D5
S2050018EEC133
S2050018EF02F1
S2050018F003EF
S2050018F124CD
S2050018F2816F
S2050018F302ED
S2050018F4935B
S2050018F59756
S2050018F647A5
S2050018F701EA
S2050018F8B337
S2050018F9E702
S2050018FAD711
S2050018FB00E7
S2050018FC13D3
S2050018FD18CD
S2050018FEF8EC
S2050018FF01E2
S205001900B32E
S205001901E7F9
S20500190207D8
S20500190301DD
S205001904835A
S20500190524B8
S205001906419A
S20500190702D8
S20500190803D6
S20500190929AF
S20500190A01D6
S20500190B02D4
S20500190C8352
S20500190D29AB
S20500190EC112
S20500190F01D1
S20500191003CE
S2050019112AA6
S205001912814E
S20500191301CD
S205001914834A
S2050019152AA2
S205001916418A
S20500191701C9
S20500191803C6
S2050019192B9D
S20500191A01C6
S20500191B01C5
S20500191C8342
S20500191D2B99
S20500191EC102
S20500191F00C2
S20500192003BE
S2050019212C94
S205001922813E
S20500192300BE
S20500192413AA
S20500192505B7
S20500192607B4
S20500192700BA
S2050019289326
S2050019298533
S20500192A07B0
S20500192B00B6
S20500192C13A2
S20500192D01B3
S20500192E01B2
S20500192F03AF
S205001930674A
S2050019318030
S20500193200AF
S20500193300AE
S205001934337A
S2050019356745
S2050019365457
S20500193701A9
S2050019381396
S20500193903A5
S20500193AFCAB
S20500193B7F27
S20500193C6342
S20500193D069E
S20500193E079C
S20500193F3C66
S205001940376A
S2050019411789
S205001942009F
S205001943009E
S205001944336A
S2050019454854
S2050019463962
S2050019470199
S2050019481386
S2050019490791
S20500194A0790
S20500194B8016
S20500194C1382
S20500194D6B29
S20500194E3B58
S20500194F0092
S20500195093FE
S205001951068A
S205001952A0EF
S205001953008E
S20500195493FA
S2050019550587
S2050019560883
S205001957008A
S205001958B3D6
S2050019590880
S20500195AEC9B
S20500195B0086
S20500195C6322
S20500195DCCB8
S20500195E661D
S20500195F433F
S20500196093EE
S205001961067A
S205001962304F
S205001963007E
S205001964136A
S2050019650676
S205001966106B
S205001967007A
S2050019683346
S2050019691662
S20500196A6611
S20500196B0175
S20500196C1362
S20500196D77FD
S20500196E066D
S20500196F531F
S205001970E38E
S2050019711A56
S2050019720768
S205001973F47A
S20500197493DA
S20500197577F5
S2050019760665
S2050019772446
S2050019786306
S20500197990D8
S20500197A0760
S20500197B481E
S20500197C1352
S20500197D76EE
S20500197E86DD
S20500197F085A
S20500198063FE
S2050019811E42
S2050019820659
S2050019833826
S205001984B7A6
S2050019850F4D
S205001986015A
S205001987005A
S20500198893C6
S20500198982D6
S20500198AFF58
S20500198BFF57
S20500198C3322
S20500198D7FD5
S20500198E5AF9
S20500198F0052
S205001990B39E
S20500199172DE
S2050019925EF1
S205001993004E
S205001994133A
S2050019955AF2
S2050019960A41
S2050019970149
S2050019981336
S2050019995EEA
S20500199A0E39
S20500199B0145
S20500199C1332
S20500199D053F
S20500199E0F34
S20500199F0042
S2050019A093AE
S2050019A185BB
S2050019A2023D
S2050019A3003E
S2050019A4EF4E
S2050019A5003C
S2050019A650EB
S2050019A76BCF
S2050019A81326
S2050019A90731
S2050019AA0532
S2050019AB0036
S2050019AC93A2
S2050019AD052F
S2050019AE0E25
S2050019AF0032
S2050019B0131E
S2050019B1052B
S2050019B20F20
S2050019B3002E
S2050019B4EF3E
S2050019B5002C
S2050019B650DB
S2050019B76AC0
S2050019B89396
S2050019B90721
S2050019BA0522
S2050019BB0026
S2050019BC9392
S2050019BD859F
S2050019BE0221
S2050019BF0022
S2050019C0130E
S2050019C1051B
S2050019C20A15
S2050019C3001E
S2050019C4EF2E
S2050019C5001C
S2050019C650CB
S2050019C769B1
S2050019C89386
S2050019C90E0A
S2050019CA0512
S2050019CB0016
S2050019CC9382
S2050019CD050F
S2050019CE0E05
S2050019CF0012
S2050019D013FE
S2050019D1050B
S2050019D20A05
S2050019D3000E
S2050019D4EF1E
S2050019D5000C
S2050019D650BB
S2050019D768A2
S2050019D8B356
S2050019D98682
S2050019DAD730
S2050019DB0105
S2050019DC9372
S2050019DD53B1
S2050019DE07FC
S2050019DF0101
S2050019E0B34E
S2050019E1837D
S2050019E2D32C
S2050019E300FE
S2050019E4936A
S2050019E507F5
S2050019E605F6
S2050019E700FA
S2050019E86396
S2050019E9F404
S2050019EAD324
S2050019EB01F5
S2050019ECB342
S2050019ED07ED
S2050019EEF5FE
S2050019EF01F1
S2050019F0B73A
S2050019F109E7
S2050019F201EE
S2050019F300EE
S2050019F413DA
S2050019F58963
S2050019F6F9F2
S2050019F7FFEB
S2050019F8B336
S2050019F9FEEA
S2050019FA23C4
S2050019FB01E5
S2050019FC33B2
S2050019FD776D
S2050019FE27BC
S2050019FF01E1
S205001A00934D
S205001A019E41
S205001A020ED0
S205001A0301DC
S205001A0433A9
S205001A057962
S205001A0624B6
S205001A0701D8
S205001A089345
S205001A09D304
S205001A0A03D3
S205001A0B01D4
S205001A0CB321
S205001A0D8E45
S205001A0EEEE4
S205001A0F00D1
S205001A1013BD
S205001A11547B
S205001A1204CA
S205001A1301CC
S205001A1413B9
S205001A1505C6
S205001A160FBB
S205001A1700C9
S205001A189335
S205001A1905C2
S205001A1A09BD
S205001A1B00C5
S205001A1CEFD5
S205001A1D00C3
S205001A1ED0F2
S205001A1F635E
S205001A20932D
S205001A210FB0
S205001A2205B9
S205001A2300BD
S205001A249329
S205001A2505B6
S205001A2604B6
S205001A2700B9
S205001A2813A5
S205001A2905B2
S205001A2A0FA7
S205001A2B00B5
S205001A2CEFC5
S205001A2D00B3
S205001A2ED0E2
S205001A2F624F
S205001A30139D
S205001A3107A8
S205001A3205A9
S205001A3300AD
S205001A349319
S205001A3505A6
S205001A3609A1
S205001A3700A9
S205001A381395
S205001A3905A2
S205001A3A0A9C
S205001A3B00A5
S205001A3CEFB5
S205001A3D00A3
S205001A3ED0D2
S205001A3F6140
S205001A40138D
S205001A410F90
S205001A420599
S205001A43009D
S205001A449309
S205001A450596
S205001A460496
S205001A470099
S205001A481385
S205001A490592
S205001A4A0A8C
S205001A4B0095
S205001A4CEFA5
S205001A4D0093
S205001A4ED0C2
S205001A4F6031
S205001A5093FD
S205001A51D6B9
S205001A520F7F
S205001A53018C
S205001A543359
S205001A550784
S205001A56E7A3
S205001A570188
S205001A58B3D5
S205001A598601
S205001A5AE6A0
S205001A5B0085
S205001A5C6321
S205001A5DF48F
S205001A5EE69C
S205001A5F0180
S205001A60334D
S205001A61057A
S205001A623549
S205001A63017C
S205001A643745
S205001A650A71
S205001A660179
S205001A670079
S205001A681365
S205001A690F68
S205001A6AFA7C
S205001A6BFF76
S205001A6C3341
S205001A6DF77C
S205001A6EE68C
S205001A6F0170
S205001A70B3BD
S205001A71FF70
S205001A72EF7F
S205001A73016C
S205001A741359
S205001A751754
S205001A760763
S205001A770168
S205001A783335
S205001A790760
S205001A7AF76F
S205001A7B0164
S205001A7C3331
S205001A7DFF64
S205001A7EE47E
S205001A7F0160
S205001A8093CD
S205001A81D689
S205001A820658
S205001A83015C
S205001A84B3A9
S205001A858FCC
S205001A86A6B4
S205001A870059
S205001A88B3A5
S205001A8983D4
S205001A8AE373
S205001A8B0055
S205001A8C93C1
S205001A8DD47F
S205001A8E044E
S205001A8F0150
S205001A90133D
S205001A91054A
S205001A920F3F
S205001A93004D
S205001A9493B9
S205001A9585C6
S205001A960248
S205001A970049
S205001A98EF59
S205001A990047
S205001A9A1036
S205001A9B5CE9
S205001A9C93B1
S205001A9D0A39
S205001A9E053D
S205001A9F0041
S205001AA093AD
S205001AA1053A
S205001AA20E30
S205001AA3003D
S205001AA41329
S205001AA50536
S205001AA60F2B
S205001AA70039
S205001AA8EF49
S205001AA90037
S205001AAA1026
S205001AAB5BDA
S205001AAC93A1
S205001AAD092A
S205001AAE052D
S205001AAF0031
S205001AB0939D
S205001AB185AA
S205001AB2022C
S205001AB3002D
S205001AB41319
S205001AB585A6
S205001AB60426
S205001AB70029
S205001AB8EF39
S205001AB90027
S205001ABA1016
S205001ABB5ACB
S205001ABC9391
S205001ABD0221
S205001ABE051D
S205001ABF0021
S205001AC0938D
S205001AC1051A
S205001AC20E10
S205001AC3001D
S205001AC41309
S205001AC58596
S205001AC60416
S205001AC70019
S205001AC8EF29
S205001AC90017
S205001ACA1006
S205001ACB59BC
S205001ACC1301
S205001ACDD63D
S205001ACE0A08
S205001ACF0110
S205001AD0B35D
S205001AD18986
S205001AD259B5
S205001AD3000D
S205001AD433D9
S205001AD50605
S205001AD636D4
S205001AD70108
S205001AD863A5
S205001AD97493
S205001ADA56B0
S205001ADB0005
S205001ADC33D1
S205001ADD05FE
S205001ADE45BD
S205001ADF0100
S205001AE037C9
S205001AE10AF5
S205001AE201FD
S205001AE300FD
S205001AE49369
S205001AE506F5
S205001AE6FA00
S205001AE7FFFA
S205001AE8B345
S205001AE97285
S205001AEAD620
S205001AEB00F5
S205001AECB341
S205001AEDFAF9
S205001AEEDA18
S205001AEF00F1
S205001AF013DD
S205001AF15699
S205001AF206E8
S205001AF301EC
S205001AF49359
S205001AF59259
S205001AF602E8
S205001AF701E8
S205001AF833B5
S205001AF90ED9
S205001AFAA640
S205001AFB00E5
S205001AFCB331
S205001AFD8261
S205001AFE5290
S205001AFF01E0
S205001B0013CC
S205001B0105D9
S205001B020FCE
S205001B0300DC
S205001B049348
S205001B0505D5
S205001B0609D0
S205001B0700D8
S205001B08EFE8
S205001B0900D6
S205001B0A10C5
S205001B0B557F
S205001B0C9340
S205001B0D09C9
S205001B0E05CC
S205001B0F00D0
S205001B10933C
S205001B1105C9
S205001B1204C9
S205001B1300CC
S205001B1413B8
S205001B1505C5
S205001B160FBA
S205001B1700C8
S205001B18EFD8
S205001B1900C6
S205001B1A10B5
S205001B1B5470
S205001B1C13B0
S205001B1D0FB3
S205001B1E05BC
S205001B1F00C0
S205001B20932C
S205001B2105B9
S205001B2209B4
S205001B2300BC
S205001B2413A8
S205001B258535
S205001B2604B5
S205001B2700B8
S205001B28EFC8
S205001B2900B6
S205001B2A10A5
S205001B2B5361
S205001B2C13A0
S205001B2D09A9
S205001B2E05AC
S205001B2F00B0
S205001B30931C
S205001B3105A9
S205001B3204A9
S205001B3300AC
S205001B341398
S205001B358525
S205001B3604A5
S205001B3700A8
S205001B38EFB8
S205001B3900A6
S205001B3A1095
S205001B3B5252
S205001B3CB3F0
S205001B3D069C
S205001B3E2F72
S205001B3F019F
S205001B40930C
S205001B41D5C9
S205001B420994
S205001B43019B
S205001B443368
S205001B458416
S205001B46D5C4
S205001B470098
S205001B481384
S205001B490F87
S205001B4A0590
S205001B4B0094
S205001B4C6330
S205001B4D741E
S205001B4E246D
S205001B4F018F
S205001B50335C
S205001B510F7F
S205001B524548
S205001B53018B
S205001B543754
S205001B550684
S205001B560188
S205001B570088
S205001B581374
S205001B590680
S205001B5AF68F
S205001B5BFF85
S205001B5CB3D0
S205001B5D760C
S205001B5EC4BD
S205001B5F0080
S205001B60B3CC
S205001B61F985
S205001B62C9B4
S205001B63007C
S205001B6493E8
S205001B6596E4
S205001B660673
S205001B670177
S205001B68B3C4
S205001B6987EF
S205001B6A77FE
S205001B6B0074
S205001B6CB3C0
S205001B6D86EC
S205001B6E363B
S205001B6F016F
S205001B70B3BC
S205001B7185E9
S205001B72F677
S205001B73016B
S205001B743338
S205001B75B7B3
S205001B76E782
S205001B770068
S205001B783334
S205001B7987DF
S205001B7AE580
S205001B7B0064
S205001B7CB3B0
S205001B7D82E0
S205001B7E570A
S205001B7F0060
S205001B80332C
S205001B810658
S205001B82C796
S205001B83015B
S205001B84B3A8
S205001B85B7A3
S205001B86F267
S205001B870058
S205001B88B3A4
S205001B89074F
S205001B8AF65F
S205001B8B0054
S205001B8CB3A0
S205001B8DB69C
S205001B8ED57C
S205001B8F0050
S205001B90B39C
S205001B913519
S205001B92B796
S205001B93004C
S205001B94B398
S205001B95E664
S205001B96B693
S205001B970048
S205001B983314
S205001B99370F
S205001B9AE65F
S205001B9B0044
S205001B9C93B0
S205001B9D55ED
S205001B9E043D
S205001B9F013F
S205001BA0330C
S205001BA1B688
S205001BA2C776
S205001BA3003C
S205001BA4B388
S205001BA586B4
S205001BA6B683
S205001BA70038
S205001BA81324
S205001BA99A9C
S205001BAA92A3
S205001BAB0034
S205001BAC3300
S205001BAD67CB
S205001BAEC76A
S205001BAF0030
S205001BB033FC
S205001BB10727
S205001BB2D756
S205001BB3002C
S205001BB433F8
S205001BB56AC0
S205001BB6DA4F
S205001BB70127
S205001BB833F4
S205001BB9071F
S205001BBAE73E
S205001BBB0123
S205001BBC33F0
S205001BBD3AE8
S205001BBE40E1
S205001BBF011F
S205001BC0938C
S205001BC1D24C
S205001BC272AB
S205001BC3011B
S205001BC41308
S205001BC51703
S205001BC69782
S205001BC70018
S205001BC89384
S205001BC9D640
S205001BCA779E
S205001BCB0113
S205001BCC33E0
S205001BCD6AA8
S205001BCE5AB7
S205001BCF0010
S205001BD0937C
S205001BD19777
S205001BD29776
S205001BD3000C
S205001BD433D8
S205001BD56AA0
S205001BD6FA0F
S205001BD70008
S205001BD89374
S205001BD917EF
S205001BDA778E
S205001BDB0004
S205001BDCB350
S205001BDD649E
S205001BDED72A
S205001BDF0000
S205001BE0639C
S205001BE1D02E
S205001BE207F6
S205001BE302FA
S205001BE49368
S205001BE557A3
S205001BE61ADF
S205001BE700F8
S205001BE813E4
S205001BE97A7C
S205001BEA1ADB
S205001BEB00F4
S205001BEC13E0
S205001BED975B
S205001BEEF4FD
S205001BEF01EF
S205001BF0B33C
S205001BF1E707
S205001BF247A6
S205001BF301EB
S205001BF433B8
S205001BF5EA00
S205001BF6E702
S205001BF700E8
S205001BF89354
S205001BF9D412
S205001BFA14D1
S205001BFB00E4
S205001BFC13D0
S205001BFD835F
S205001BFE08D9
S205001BFF00E0
S205001C00934B
S205001C0107D6
S205001C02F3E9
S205001C033F9C
S205001C046377
S205001C055683
S205001C06F0E8
S205001C0712C5
S205001C0813C3
S205001C09775E
S205001C0A7A5A
S205001C0B00D3
S205001C0C636F
S205001C0D00D1
S205001C0E07C9
S205001C0F02CD
S205001C1013BB
S205001C117756
S205001C12FAD2
S205001C1300CB
S205001C149337
S205001C1506C3
S205001C164088
S205001C1700C7
S205001C186363
S205001C190ABB
S205001C1AD7ED
S205001C1B00C3
S205001C1C13AF
S205001C1D07BA
S205001C1E4A76
S205001C1F00BF
S205001C20338B
S205001C213A83
S205001C224775
S205001C2301BA
S205001C24B307
S205001C258435
S205001C264474
S205001C2701B6
S205001C2813A3
S205001C290AAB
S205001C2A07AD
S205001C2B00B3
S205001C2C139F
S205001C2D971A
S205001C2E743C
S205001C2F00AF
S205001C30634B
S205001C315A53
S205001C3207A5
S205001C3300AB
S205001C34B7F3
S205001C3507A2
S205001C3600A8
S205001C37FFA8
S205001C389313
S205001C39871E
S205001C3AF7AD
S205001C3BFFA4
S205001C3CB3EF
S205001C3DF4AD
S205001C3EF4AC
S205001C3F009F
S205001C40930B
S205001C410796
S205001C420399
S205001C43405B
S205001C441387
S205001C450792
S205001C46E0B8
S205001C477F18
S205001C486333
S205001C494451
S205001C4AF79D
S205001C4B1C77
S205001C4C137F
S205001C4D5A37
S205001C4E3A56
S205001C4F008F
S205001C50137B
S205001C5197F6
S205001C52D4B8
S205001C53018A
S205001C5493F7
S205001C5596F3
S205001C5694F4
S205001C570087
S205001C583353
S205001C59671E
S205001C5A473D
S205001C5B0182
S205001C5C93EF
S205001C5DD6AB
S205001C5EC6BA
S205001C5F007F
S205001C6093EB
S205001C61F786
S205001C62F785
S205001C637FFC
S205001C646F0B
S205001C65F089
S205001C669FD9
S205001C67C8AF
S205001C683343
S205001C69EA8B
S205001C6AA4D0
S205001C6B0073
S205001C6C630F
S205001C6D0869
S205001C6E0A66
S205001C6F0669
S205001C70630B
S205001C718EDF
S205001C720468
S205001C731259
S205001C741357
S205001C7585E4
S205001C760464
S205001C770067
S205001C78EF77
S205001C790065
S205001C7A90D4
S205001C7B4B18
S205001C7C134F
S205001C7D075A
S205001C7E055B
S205001C7F005F
S205001C8093CB
S205001C810657
S205001C825507
S205001C83FF5C
S205001C8493C7
S205001C850752
S205001C86D088
S205001C870156
S205001C881343
S205001C890A4B
S205001C8A87CD
S205001C8BFF54
S205001C8CB39F
S205001C8D87CA
S205001C8ED779
S205001C8F400F
S205001C90B39B
S205001C9157F6
S205001C92F458
S205001C93004B
S205001C94B397
S205001C9596B3
S205001C964404
S205001C970146
S205001C98B393
S205001C99E461
S205001C9AD76D
S205001C9B0043
S205001C9C330F
S205001C9D1A27
S205001C9E44FC
S205001C9F013E
S205001CA093AB
S205001CA10736
S205001CA2D06C
S205001CA3C07B
S205001CA43307
S205001CA58CAD
S205001CA6E751
S205001CA740F7
S205001CA81323
S205001CA90B2A
S205001CAA0034
S205001CAB0033
S205001CAC939F
S205001CAD0B26
S205001CAE0030
S205001CAF002F
S205001CB06FBF
S205001CB1F03D
S205001CB29F8D
S205001CB3B07B
S205001CB41317
S205001CB588A1
S205001CB60523
S205001CB70027
S205001CB89393
S205001CB9071E
S205001CBAF034
S205001CBB7FA4
S205001CBC938F
S205001CBD061B
S205001CBE0020
S205001CBF001F
S205001CC0130B
S205001CC10716
S205001CC2001C
S205001CC3001B
S205001CC46FAB
S205001CC5F029
S205001CC69F79
S205001CC7C255
S205001CC81303
S205001CC90A0B
S205001CCA050F
S205001CCB0013
S205001CCC13FF
S205001CCD0B06
S205001CCEC050
S205001CCF000F
S205001CD013FB
S205001CD10C01
S205001CD2F01C
S205001CD37F8C
S205001CD49377
S205001CD50BFE
S205001CD630D8
S205001CD70007
S205001CD86F97
S205001CD9F015
S205001CDA1FE5
S205001CDBAE55
S205001CDC936F
S205001CDD04FD
S205001CDE0000
S205001CDF00FF
S205001CE013EB
S205001CE10BF2
S205001CE240BC
S205001CE300FB
S205001CE413E7
S205001CE50CED
S205001CE600F8
S205001CE700F7
S205001CE89363
S205001CE90BEA
S205001CEA10E4
S205001CEB00F3
S205001CEC6F83
S205001CEDF001
S205001CEEDF11
S205001CEFAC43
S205001CF013DB
S205001CF16B82
S205001CF21BD1
S205001CF300EB
S205001CF413D7
S205001CF503E6
S205001CF60CDC
S205001CF700E7
S205001CF813D3
S205001CF904E1
S205001CFA00E4
S205001CFB00E3
S205001CFC13CF
S205001CFD0ED3
S205001CFE00E0
S205001CFF00DF
S205001D00934A
S205001D0106D6
S205001D0210CB
S205001D0300DA
S205001D046F6A
S205001D05F0E8
S205001D06DFF8
S205001D07AF27
S205001D0813C2
S205001D096B69
S205001D0A2BA8
S205001D0B00D2
S205001D0C13BE
S205001D0D04CC
S205001D0E00CF
S205001D0F00CE
S205001D1013BA
S205001D110EBE
S205001D1200CB
S205001D1300CA
S205001D149336
S205001D1506C2
S205001D1620A7
S205001D1700C6
S205001D186F56
S205001D19F0D4
S205001D1A9F24
S205001D1BAE14
S205001D1C932E
S205001D1D04BC
S205001D1E04BB
S205001D1F00BE
S205001D2013AA
S205001D210AB2
S205001D220EAD
S205001D2300BA
S205001D249326
S205001D258B2D
S205001D2606B1
S205001D2700B6
S205001D289322
S205001D29852F
S205001D2A09AA
S205001D2B00B2
S205001D2C6F42
S205001D2DF0C0
S205001D2E9F10
S205001D2FB9F5
S205001D30139A
S205001D3107A5
S205001D32109B
S205001D3300AA
S205001D346346
S205001D359018
S205001D3607A0
S205001D371096
S205001D381392
S205001D3903A1
S205001D3AE3C0
S205001D3B4161
S205001D3C336E
S205001D3D168A
S205001D3E6A35
S205001D3F009E
S205001D40336A
S205001D413666
S205001D42C0DB
S205001D43009A
S205001D443366
S205001D459305
S205001D466433
S205001D470096
S205001D483362
S205001D495A3A
S205001D4AEAA9
S205001D4B0092
S205001D4C335E
S205001D4D662A
S205001D4E6629
S205001D4F008E
S205001D50335A
S205001D516626
S205001D524645
S205001D530189
S205001D5493F6
S205001D557711
S205001D567611
S205001D570086
S205001D58B3D2
S205001D59D5AF
S205001D5AE49F
S205001D5B0082
S205001D5C631E
S205001D5D8000
S205001D5E0778
S205001D5F027C
S205001D6093EA
S205001D617705
S205001D62F685
S205001D63007A
S205001D641366
S205001D650771
S205001D664037
S205001D670076
S205001D686312
S205001D698AEA
S205001D6AE78C
S205001D6B0072
S205001D6C93DE
S205001D6D0769
S205001D6E4629
S205001D6F006E
S205001D70333A
S205001D71B6B6
S205001D72C7A4
S205001D73006A
S205001D74B3B6
S205001D7585E3
S205001D76C5A2
S205001D770066
S205001D781352
S205001D7986DE
S205001D7A075C
S205001D7B0062
S205001D7C134E
S205001D7D95CB
S205001D7E85DA
S205001D7F005E
S205001D8093CA
S205001D810755
S205001D82104B
S205001D83005A
S205001D8493C6
S205001D850652
S205001D860057
S205001D870056
S205001D881342
S205001D89074D
S205001D8A0053
S205001D8B0052
S205001D8CE36E
S205001D8D4010
S205001D8E054A
S205001D8FB698
S205001D906FDE
S205001D91004C
S205001D92C08B
S205001D93103A
S205001D941336
S205001D950741
S205001D96F057
S205001D970046
S205001D9863E2
S205001D991034
S205001D9AEB58
S205001D9B1230
S205001D9C132E
S205001D9D0838
S205001D9E003F
S205001D9F003E
S205001DA0B786
S205001DA10636
S205001DA20833
S205001DA3003A
S205001DA41326
S205001DA50731
S205001DA60037
S205001DA70036
S205001DA86FC6
S205001DA9F044
S205001DAA5FD4
S205001DABB47E
S205001DACEF42
S205001DAD0030
S205001DAE50DF
S205001DAF38F6
S205001DB0939A
S205001DB10626
S205001DB255D6
S205001DB30129
S205001DB49396
S205001DB50721
S205001DB6C067
S205001DB70125
S205001DB81312
S205001DB9071D
S205001DBA051E
S205001DBB0220
S205001DBCE33E
S205001DBDD44C
S205001DBED748
S205001DBFEC32
S205001DC0130A
S205001DC10517
S205001DC28596
S205001DC3FF1B
S205001DC41306
S205001DC50A0E
S205001DC60017
S205001DC70016
S205001DC8B362
S205001DC91400
S205001DCAA46F
S205001DCB0012
S205001DCC6FA2
S205001DCDF020
S205001DCE5FB0
S205001DCFED21
S205001DD013FA
S205001DD18587
S205001DD20A01
S205001DD3000A
S205001DD4EF1A
S205001DD50008
S205001DD6D037
S205001DD735D1
S205001DD813F2
S205001DD907FD
S205001DDA55AE
S205001DDB0101
S205001DDC936E
S205001DDD07F9
S205001DDEC03F
S205001DDF01FD
S205001DE013EA
S205001DE103F9
S205001DE205F6
S205001DE302F8
S205001DE4E316
S205001DE5D424
S205001DE6E710
S205001DE7AA4C
S205001DE813E2
S205001DE905EF
S205001DEA856E
S205001DEBFFF3
S205001DEC13DE
S205001DED0EE2
S205001DEE00EF
S205001DEF00EE
S205001DF033BA
S205001DF19458
S205001DF2AA41
S205001DF300EA
S205001DF46F7A
S205001DF5F0F8
S205001DF65F88
S205001DF7AB3B
S205001DF813D2
S205001DF908DC
S205001DFA00E3
S205001DFB00E2
S205001DFC934E
S205001DFD07D9
S205001DFEF0EF
S205001DFF7F5F
S205001E00B725
S205001E0106D5
S205001E0208D2
S205001E0300D9
S205001E046F69
S205001E05F0E7
S205001E069F37
S205001E07AE27
S205001E0813C1
S205001E098350
S205001E0A08CA
S205001E0B00D1
S205001E0C6F61
S205001E0DF0DF
S205001E0E5F6F
S205001E0FDFEE
S205001E109339
S205001E1107C4
S205001E12F0DA
S205001E137F4A
S205001E149335
S205001E1506C1
S205001E1600C6
S205001E1700C5
S205001E1813B1
S205001E1907BC
S205001E1A00C2
S205001E1B00C1
S205001E1C6F51
S205001E1DF0CF
S205001E1E1F9F
S205001E1FAD10
S205001E2013A9
S205001E2108B3
S205001E2200BA
S205001E2300B9
S205001E249325
S205001E2507B0
S205001E26F0C6
S205001E277F36
S205001E28B7FD
S205001E2906AD
S205001E2A08AA
S205001E2B00B1
S205001E2C139D
S205001E2D07A8
S205001E2E00AE
S205001E2F00AD
S205001E306F3D
S205001E31F0BB
S205001E32DFCB
S205001E33ABFE
S205001E343375
S205001E3507A0
S205001E36F7AF
S205001E374065
S205001E389311
S205001E39069D
S205001E3A8022
S205001E3B039E
S205001E3CE3BD
S205001E3DC2DD
S205001E3EE6B8
S205001E3FAAF3
S205001E409309
S205001E410695
S205001E42F0AA
S205001E430198
S205001E44E3B5
S205001E45DABD
S205001E46E6B0
S205001E47EEA7
S205001E489301
S205001E49068D
S205001E4A1082
S205001E4BFE93
S205001E4CB3DD
S205001E4D8708
S205001E4EF698
S205001E4F404D
S205001E5093F9
S205001E510685
S205001E52008A
S205001E530287
S205001E54B3D5
S205001E55D7B0
S205001E56F492
S205001E570085
S205001E586321
S205001E59087B
S205001E5AD7AB
S205001E5B0081
S205001E5C136D
S205001E5D037C
S205001E5EE39B
S205001E5F433A
S205001E603349
S205001E6193E8
S205001E626416
S205001E630079
S205001E643345
S205001E656A0D
S205001E666A0C
S205001E670075
S205001E683341
S205001E69363D
S205001E6A4032
S205001E6B0170
S205001E6C333D
S205001E6D6609
S205001E6EF678
S205001E6F006D
S205001E701359
S205001E7177F4
S205001E7276F4
S205001E730069
S205001E7493D5
S205001E750661
S205001E760066
S205001E770065
S205001E786301
S205001E79085B
S205001E7A075B
S205001E7B025F
S205001E7C93CD
S205001E7D77E8
S205001E7EF668
S205001E7F005D
S205001E801349
S205001E810754
S205001E82401A
S205001E830059
S205001E8493C5
S205001E850552
S205001E860056
S205001E870055
S205001E8863F1
S205001E898AC9
S205001E8AE76B
S205001E8B0051
S205001E8C93BD
S205001E8D0748
S205001E8E4608
S205001E8F004D
S205001E903319
S205001E91B695
S205001E92C783
S205001E930049
S205001E94B395
S205001E953512
S205001E96C086
S205001E970045
S205001E981331
S205001E9986BD
S205001E9A073B
S205001E9B0041
S205001E9C93AD
S205001E9D96A9
S205001E9E95A9
S205001E9F003D
S205001EA01329
S205001EA197A4
S205001EA2D565
S205001EA30138
S205001EA493A5
S205001EA5D661
S205001EA6C670
S205001EA70035
S205001EA81321
S205001EA956DD
S205001EAA36FC
S205001EAB0031
S205001EAC33FD
S205001EAD67C8
S205001EAEE648
S205001EAF002D
S205001EB09399
S205001EB10724
S205001EB2002A
S205001EB30029
S205001EB46FB9
S205001EB5F037
S205001EB69F87
S205001EB7A382
S205001EB89391
S205001EB9041F
S205001EBA041E
S205001EBB0021
S205001EBC130D
S205001EBD8A95
S205001EBE0A14
S205001EBF001D
S205001EC09389
S205001EC10B10
S205001EC230EA
S205001EC30019
S205001EC49385
S205001EC58592
S205001EC6090D
S205001EC70015
S205001EC86FA5
S205001EC9F023
S205001ECADF33
S205001ECB9F72
S205001ECCB759
S205001ECD0708
S205001ECE10FE
S205001ECF000D
S205001ED09379
S205001ED18784
S205001ED2F713
S205001ED3FF0A
S205001ED413F5
S205001ED50106
S205001ED60105
S205001ED7FE07
S205001ED8B351
S205001ED9F80B
S205001EDAB74B
S205001EDB0001
S205001EDC33CD
S205001EDDF807
S205001EDED727
S205001EDF00FD
S205001EE09369
S205001EE1D724
S205001EE246B4
S205001EE301F8
S205001EE49365
S205001EE5985F
S205001EE638BE
S205001EE700F5
S205001EE823D1
S205001EE92CC7
S205001EEA8171
S205001EEB00F1
S205001EEC23CD
S205001EED26C9
S205001EEE31BD
S205001EEF01EC
S205001EF013D9
S205001EF1D417
S205001EF2F5F5
S205001EF301E8
S205001EF49355
S205001EF5D90E
S205001EF645A1
S205001EF701E4
S205001EF813D1
S205001EF9578C
S205001EFAD50D
S205001EFB01E0
S205001EFC13CD
S205001EFD18C7
S205001EFE38A6
S205001EFF00DD
S205001F009348
S205001F015585
S205001F02D603
S205001F0301D7
S205001F0423B4
S205001F052EA8
S205001F0611C4
S205001F0700D4
S205001F0823B0
S205001F092AA8
S205001F0A9140
S205001F0B00D0
S205001F0C23AC
S205001F0D28A6
S205001F0E21AC
S205001F0F01CB
S205001F1013B8
S205001F11FFCB
S205001F12F7D2
S205001F137F49
S205001F1413B4
S205001F1503C3
S205001F16F0D5
S205001F177F45
S205001F183390
S205001F19675B
S205001F1A17AA
S205001F1B01BF
S205001F1C932C
S205001F1DF9C5
S205001F1EF9C4
S205001F1F7F3D
S205001F2013A8
S205001F210EAC
S205001F2204B5
S205001F2300B8
S205001F249324
S205001F25189E
S205001F263580
S205001F2700B4
S205001F289320
S205001F29D6DC
S205001F2AF6BB
S205001F2B01AF
S205001F2CB3FC
S205001F2DE5C9
S205001F2E05A8
S205001F2F01AB
S205001F309318
S205001F311E8C
S205001F323673
S205001F3300A8
S205001F346344
S205001F350C9A
S205001F366F36
S205001F372084
S205001F389310
S205001F39C6DC
S205001F3A168B
S205001F3B00A0
S205001F3CB3EC
S205001F3D8717
S205001F3EE9B4
S205001F3F415B
S205001F406338
S205001F410298
S205001F42D4C5
S205001F431682
S205001F44E3B4
S205001F455A3C
S205001F46F0A5
S205001F470094
S205001F486330
S205001F490A88
S205001F4A0F82
S205001F4B246C
S205001F4C632C
S205001F4D840A
S205001F4E6924
S205001F4F3C50
S205001F5093F8
S205001F510684
S205001F528009
S205001F530385
S205001F541374
S205001F550581
S205001F561075
S205001F570084
S205001F586320
S205001F59CEB4
S205001F5AF68B
S205001F5B027E
S205001F5CB7C8
S205001F5D0678
S205001F5E80FD
S205001F5F007C
S205001F60B3C8
S205001F61E595
S205001F62D5A4
S205001F630078
S205001F6493E4
S205001F650670
S205001F66F085
S205001F670173
S205001F686310
S205001F69C4AE
S205001F6AF67B
S205001F6B4E22
S205001F6C93DC
S205001F6D0668
S205001F6E006D
S205001F6F026A
S205001F70B3B8
S205001F7186E4
S205001F72F673
S205001F734028
S205001F743334
S205001F7595D1
S205001F76D590
S205001F770064
S205001F783330
S205001F79D68C
S205001F7AFE63
S205001F7B0060
S205001F7CB3AC
S205001F7D96C8
S205001F7EDE7F
S205001F7F005C
S205001F803328
S205001F8165F5
S205001F82C594
S205001F830058
S205001F84B3A4
S205001F853620
S205001F86D085
S205001F870054
S205001F88B3A0
S205001F89D77B
S205001F8AF55C
S205001F8B0050
S205001F8C331C
S205001F8D65E9
S205001F8ED578
S205001F8F004C
S205001F903318
S205001F910743
S205001F92F752
S205001F934008
S205001F943314
S205001F9585C1
S205001F96A89D
S205001F974004
S205001F983310
S205001F99B68C
S205001F9AA899
S205001F9B0040
S205001F9C93AC
S205001F9D043A
S205001F9E0538
S205001F9F003C
S205001FA03308
S205001FA10931
S205001FA2C772
S205001FA340F8
S205001FA493A4
S205001FA5171F
S205001FA689AC
S205001FA70034
S205001FA863D0
S205001FA9D85A
S205001FAA072A
S205001FAB34FC
S205001FACB778
S205001FAD0727
S205001FAE80AD
S205001FAF002C
S205001FB09398
S205001FB187A3
S205001FB2F732
S205001FB3FF29
S205001FB433F4
S205001FB579AD
S205001FB6F92C
S205001FB70024
S205001FB863C0
S205001FB9061C
S205001FBA0918
S205001FBB2EF2
S205001FBC130C
S205001FBD0519
S205001FBE0914
S205001FBF001C
S205001FC0EF2C
S205001FC1001A
S205001FC21009
S205001FC31701
S205001FC49384
S205001FC5070F
S205001FC68590
S205001FC7FF15
S205001FC89380
S205001FC9060C
S205001FCA0011
S205001FCB020E
S205001FCC33DC
S205001FCD8787
S205001FCEF617
S205001FCF40CC
S205001FD033D8
S205001FD1D733
S205001FD2E425
S205001FD30008
S205001FD433D4
S205001FD519ED
S205001FD6F90C
S205001FD70004
S205001FD833D0
S205001FD9679B
S205001FDA27DA
S205001FDB01FF
S205001FDCB34C
S205001FDD946A
S205001FDEF409
S205001FDF00FC
S205001FE06398
S205001FE1C436
S205001FE237C2
S205001FE33FB9
S205001FE4B344
S205001FE5876F
S205001FE637BE
S205001FE741B3
S205001FE89360
S205001FE9876B
S205001FEA17DA
S205001FEB00F0
S205001FECB33C
S205001FED8668
S205001FEEF6F7
S205001FEF40AC
S205001FF033B8
S205001FF19654
S205001FF2D415
S205001FF300E8
S205001FF433B4
S205001FF5D90D
S205001FF6F4F1
S205001FF700E4
S205001FF833B0
S205001FF936AC
S205001FFAC021
S205001FFB00E0
S205001FFC33AC
S205001FFD6678
S205001FFEC914
S205001FFF00DC
S205002000B327
S20500200116C3
S205002002D701
S20500200300D7
S205002004B323
S205002005E4F1
S205002006C60E
S20500200700D3
S205002008339F
S2050020095978
S20500200AF7D9
S20500200B00CF
S20500200C933B
S20500200D09C4
S20500200E00CC
S20500200F00CB
S2050020109337
S205002011F7D2
S2050020127454
S20500201300C7
S2050020146363
S2050020158045
S20500201607BD
S20500201702C1
S205002018932F
S205002019F7CA
S20500201AF4CC
S20500201B00BF
S20500201C13AB
S20500201D07B6
S20500201E407C
S20500201F00BB
S2050020206357
S2050020218A2F
S205002022E7D1
S20500202300B7
S2050020249323
S205002025872E
S2050020264470
S20500202700B3
S205002028337F
S205002029B5FC
S20500202A9719
S20500202B00AF
S20500202C337B
S20500202D09A4
S20500202EA903
S20500202F00AB
S2050020309317
S2050020318425
S20500203207A1
S20500203300A7
S2050020349313
S205002035178E
S205002036891B
S20500203700A3
S205002038633F
S205002039D0D1
S20500203A0799
S20500203B6C33
S20500203C930B
S20500203D8716
S20500203E1983
S20500203F009B
S2050020401387
S2050020410792
S205002042F0A8
S2050020437F18
S2050020446333
S205002045860F
S205002046E7AD
S205002047246F
S205002048375B
S205002049078A
S20500204A8010
S20500204BFF90
S20500204C137B
S20500204D0786
S20500204EF795
S20500204FFF8C
S2050020503357
S2050020517712
S205002052E99F
S2050020530087
S20500205493F3
S205002055F78E
S205002056F78D
S2050020577F04
S205002058136F
S2050020591869
S20500205AD7A9
S20500205B017E
S20500205C136B
S20500205DD5A8
S20500205E3448
S20500205F007B
S2050020601367
S2050020611762
S20500206297E1
S2050020630077
S2050020643343
S205002065680D
S205002066A8CC
S2050020670073
S205002068135F
S205002069571A
S20500206AC7A9
S20500206B006F
S20500206C135B
S20500206D7EEF
S20500206E1458
S20500206F006B
S20500207083E7
S2050020712049
S205002072C1A7
S2050020730166
S2050020740363
S2050020752441
S20500207681E3
S2050020770162
S20500207893CF
S20500207997CA
S20500207A4719
S20500207B015E
S20500207CB3AB
S20500207DE776
S20500207EE775
S20500207F005B
S2050020801347
S2050020811742
S205002082FE5A
S2050020830156
S205002084B3A3
S205002085E76E
S205002086E76D
S2050020870053
S20500208883CF
S205002089242D
S20500208A410F
S20500208B014E
S20500208C034B
S20500208D2924
S20500208E014B
S20500208F014A
S20500209083C7
S2050020912920
S205002092C187
S2050020930047
S2050020941333
S2050020950540
S205002096083C
S2050020970043
S20500209893AF
S20500209985BC
S20500209A0739
S20500209B003F
S20500209C132B
S20500209D013C
S20500209E013B
S20500209F0239
S2050020A067D3
S2050020A180B9
S2050020A20038
S2050020A30037
S2050020A463D3
S2050020A552E3
S2050020A6F044
S2050020A770C3
S2050020A863CF
S2050020A9161B
S2050020AA0F21
S2050020AB1C13
S2050020ACB37B
S2050020ADE647
S2050020AED557
S2050020AF012A
S2050020B063C7
S2050020B18E9B
S2050020B20622
S2050020B32601
S2050020B49393
S2050020B5869F
S2050020B6F72D
S2050020B7FF24
S2050020B863BF
S2050020B98899
S2050020BA061A
S2050020BB46D9
S2050020BC63BB
S2050020BD8C91
S2050020BE67B5
S2050020BF24F7
S2050020C09387
S2050020C10712
S2050020C28098
S2050020C30314
S2050020C41303
S2050020C5090C
S2050020C61004
S2050020C70013
S2050020C863AF
S2050020C9CC45
S2050020CAD739
S2050020CB020D
S2050020CC937B
S2050020CD8786
S2050020CE0606
S2050020CF000B
S2050020D09377
S2050020D10603
S2050020D2F018
S2050020D30106
S2050020D463A3
S2050020D5CA3B
S2050020D6F60E
S2050020D748BB
S2050020D8936F
S2050020D906FB
S2050020DA0000
S2050020DB02FD
S2050020DCB34B
S2050020DD8677
S2050020DEF606
S2050020DF40BB
S2050020E033C7
S2050020E19960
S2050020E2D523
S2050020E300F7
S2050020E433C3
S2050020E5D61F
S2050020E6FEF6
S2050020E700F3
S2050020E8B33F
S2050020E9965B
S2050020EADE12
S2050020EB00EF
S2050020EC33BB
S2050020ED6984
S2050020EEC923
S2050020EF00EB
S2050020F0B337
S2050020F136B3
S2050020F2D018
S2050020F300E7
S2050020F4B333
S2050020F5D70E
S2050020F6F5EF
S2050020F700E3
S2050020F833AF
S2050020F96978
S2050020FAD907
S2050020FB00DF
S2050020FC33AB
S2050020FD07D6
S2050020FEF7E5
S2050020FF00DB
S20500210033A6
S20500210106D2
S20500210219BE
S20500210301D5
S20500210433A2
S205002105399B
S20500210626AD
S20500210701D1
S205002108933E
S20500210904CC
S20500210A06C9
S20500210B00CE
S20500210C339A
S20500210D09C3
S20500210EE9E2
S20500210F00CA
S2050021109336
S20500211117B1
S205002112893E
S20500211300C6
S2050021146362
S205002115D2F2
S20500211607BC
S2050021171EA4
S205002118932E
S2050021198937
S20500211A19A6
S20500211B00BE
S20500211C932A
S20500211D07B5
S20500211EF0CB
S20500211F7F3B
S2050021206356
S2050021218830
S205002122F9BE
S20500212316A0
S205002124B7FE
S20500212507AD
S2050021268033
S205002127FFB3
S205002128931E
S2050021298729
S20500212AF7B8
S20500212BFFAF
S20500212C139A
S20500212DF5B7
S20500212E1497
S20500212F00AA
S205002130B3F6
S2050021317731
S205002132F9AE
S20500213300A6
S2050021341392
S205002135D7CD
S205002136148F
S20500213700A2
S205002138336E
S2050021396739
S20500213AA7F8
S20500213B009E
S20500213C138A
S20500213D9507
S20500213EF7A4
S20500213F0199
S205002140B3E6
S2050021416434
S205002142E5B2
S2050021430096
S2050021441382
S205002145D9BB
S205002146177C
S2050021470092
S2050021486F22
S205002149F0A0
S20500214A9FF0
S20500214BECA2
S20500214C335A
S20500214DE8A4
S20500214ED5B6
S20500214F0189
S2050021501376
S2050021518305
S205002152196E
S2050021538006
S2050021546322
S205002155087C
S205002156087B
S205002157067C
S205002158631E
S2050021590A76
S20500215AD4AB
S20500215B0678
S20500215C631A
S20500215D0478
S20500215E0378
S20500215F0E6C
S2050021606316
S2050021618EEA
S205002162096E
S2050021632650
S2050021641362
S205002165155F
S205002166363D
S2050021670072
S205002168135E
S205002169551B
S20500216A353A
S20500216B006E
S20500216C135A
S20500216D84E8
S20500216E0665
S20500216F006A
S2050021701356
S20500217187E1
S2050021720562
S2050021730066
S2050021741352
S205002175184C
S205002176D78C
S2050021770161
S205002178332E
S20500217968F8
S20500217AA8B7
S20500217B005E
S20500217C134A
S20500217D5705
S20500217E3724
S20500217F005A
S2050021803326
S20500218167F1
S2050021820750
S2050021830155
S20500218463F2
S205002185064E
S205002186074C
S2050021871042
S205002188133E
S2050021890E42
S20500218A004F
S20500218B004E
S20500218C93BA
S20500218D0745
S20500218EF05B
S20500218F7FCB
S2050021903712
S2050021910741
S205002192083F
S2050021930046
S2050021941332
S205002195083C
S2050021960043
S2050021970042
S2050021986FD2
S205002199F050
S20500219A9FA0
S20500219BED51
S20500219CB38A
S20500219DE656
S20500219ED566
S20500219F0139
S2050021A063D6
S2050021A186B2
S2050021A20631
S2050021A3181E
S2050021A493A2
S2050021A586AE
S2050021A6F73C
S2050021A7FF33
S2050021A863CE
S2050021A982AE
S2050021AA0629
S2050021AB3AF4
S2050021AC63CA
S2050021AD84A8
S2050021AE67C4
S2050021AF1614
S2050021B09396
S2050021B10721
S2050021B280A7
S2050021B30323
S2050021B41312
S2050021B5051F
S2050021B61013
S2050021B70022
S2050021B8E33E
S2050021B9CE52
S2050021BAD748
S2050021BBDC42
S2050021BC938A
S2050021BD8795
S2050021BE0615
S2050021BF001A
S2050021C06FAA
S2050021C1F028
S2050021C25FB8
S2050021C3DA3C
S2050021C49382
S2050021C5C64E
S2050021C616FD
S2050021C70012
S2050021C8E32E
S2050021C91AF6
S2050021CAD43B
S2050021CBF816
S2050021CC63AA
S2050021CD0804
S2050021CE0308
S2050021CF18F2
S2050021D063A6
S2050021D19078
S2050021D209FE
S2050021D32CDA
S2050021D49372
S2050021D507FD
S2050021D6F013
S2050021D77F83
S2050021D8B34E
S2050021D9669A
S2050021DA17E8
S2050021DB01FD
S2050021DC639A
S2050021DD8874
S2050021DE06F5
S2050021DF48B2
S2050021E09366
S2050021E18672
S2050021E2F700
S2050021E3FFF7
S2050021E46392
S2050021E58272
S2050021E606ED
S2050021E734BE
S2050021E813DE
S2050021E905EB
S2050021EAF0FF
S2050021EB7F6F
S2050021EC638A
S2050021ED826A
S2050021EEA744
S2050021EF2AC0
S2050021F09356
S2050021F107E1
S2050021F28067
S2050021F303E3
S2050021F413D2
S2050021F509DB
S2050021F610D3
S2050021F700E2
S2050021F8637E
S2050021F9CA16
S2050021FAD708
S2050021FB02DC
S2050021FC934A
S2050021FD07D5
S2050021FEF0EB
S2050021FF01D9
S2050022006375
S205002201C611
S205002202D7FF
S2050022034C89
S2050022049341
S20500220507CC
S20500220600D2
S20500220702CF
S205002208B31D
S2050022098748
S20500220AD7F7
S20500220B408D
S20500220C3399
S20500220D19B2
S20500220EF7D3
S20500220F00C9
S2050022103395
S205002211D6F1
S205002212D8EE
S20500221300C5
S205002214B311
S205002215972C
S205002216F8CA
S20500221700C1
S205002218338D
S2050022196956
S20500221AC9F5
S20500221B00BD
S20500221CB309
S20500221D3784
S20500221EF0CA
S20500221F00B9
S205002220B305
S2050022215661
S205002222D7DF
S20500222300B5
S2050022243381
S205002225694A
S205002226F9B9
S20500222700B1
S205002228B3FD
S205002229852A
S20500222AD5D9
S20500222B00AD
S20500222C3379
S20500222D07A4
S20500222ED9D1
S20500222F01A8
S2050022303375
S205002231396E
S205002232277F
S20500223301A4
S2050022349311
S205002235049F
S205002236079B
S20500223700A1
S205002238336D
S2050022390996
S20500223AB9E5
S20500223B009D
S20500223C9309
S20500223D0992
S20500223E0F8B
S20500223F0099
S2050022406F29
S205002241F0A7
S2050022421F77
S205002243EDA8
S2050022449301
S205002245870C
S2050022461979
S2050022470091
S20500224893FD
S205002249F798
S20500224AE7A7
S20500224B7F0E
S20500224C6329
S20500224D94F7
S20500224E0783
S20500224F1475
S2050022503355
S205002251E89F
S205002252D5B1
S2050022530184
S205002254B3D1
S205002255671C
S205002256176B
S2050022570180
S205002258631D
S20500225994EB
S20500225A0975
S20500225B2A53
S20500225C6319
S20500225D8EED
S20500225E0773
S20500225F3841
S2050022606315
S2050022611067
S205002262086E
S2050022633C39
S2050022641361
S205002265155E
S205002266353D
S2050022670071
S205002268135D
S2050022695916
S20500226A3539
S20500226B006D
S20500226C93D9
S20500226D0764
S20500226E006A
S20500226F0069
S2050022706FF9
S2050022710067
S2050022724026
S2050022731154
S2050022746301
S20500227580E3
S20500227669F9
S2050022770A57
S20500227893CD
S2050022790659
S20500227A80DE
S20500227B035A
S20500227C1349
S20500227D0952
S20500227E104A
S20500227F0059
S205002280E375
S205002281C097
S205002282F660
S205002283E86D
S205002284B79D
S205002285064D
S20500228680D2
S2050022870051
S205002288B39D
S205002289E56A
S20500228AD579
S20500228B004D
S20500228C6FDD
S20500228DF05B
S20500228E5FEB
S20500228FE465
S2050022901335
S2050022917EC9
S2050022921432
S2050022930045
S20500229493B1
S205002295073C
S205002296F052
S2050022977FC2
S205002298132D
S2050022990738
S20500229A003E
S20500229B003D
S20500229C1329
S20500229D0833
S20500229E003A
S20500229F0039
S2050022A06FC9
S2050022A1F047
S2050022A21F17
S2050022A3DD58
S2050022A41321
S2050022A585AE
S2050022A6042E
S2050022A70031
S2050022A8EF41
S2050022A9002F
S2050022AA80AE
S2050022AB68C5
S2050022AC9399
S2050022AD0724
S2050022AE85A5
S2050022AF0128
S2050022B09395
S2050022B10621
S2050022B2F036
S2050022B30124
S2050022B4E341
S2050022B5DA49
S2050022B6F62C
S2050022B7D051
S2050022B8130D
S2050022B90718
S2050022BA8599
S2050022BBFF1E
S2050022BC33E9
S2050022BD9784
S2050022BEE436
S2050022BF0019
S2050022C063B5
S2050022C1CE49
S2050022C237DF
S2050022C31BFA
S2050022C4B361
S2050022C5898A
S2050022C637DB
S2050022C741D0
S2050022C8937D
S2050022C98788
S2050022CA19F5
S2050022CB000D
S2050022CC63A9
S2050022CDDE2D
S2050022CEF614
S2050022CF42C7
S2050022D09375
S2050022D1897E
S2050022D219ED
S2050022D3FE07
S2050022D49371
S2050022D506FD
S2050022D60002
S2050022D702FF
S2050022D8B34D
S2050022D954AB
S2050022DA37C7
S2050022DB01FC
S2050022DC6399
S2050022DD8C6F
S2050022DED723
S2050022DF00F9
S2050022E09365
S2050022E106F1
S2050022E200F6
S2050022E304F1
S2050022E4B341
S2050022E5876C
S2050022E6F6FC
S2050022E740B1
S2050022E833BD
S2050022E917D8
S2050022EAF7F7
S2050022EB00ED
S2050022EC33B9
S2050022ED37B4
S2050022EEE00A
S2050022EF00E9
S2050022F0B335
S2050022F1E403
S2050022F2E402
S2050022F300E5
S2050022F49351
S2050022F509DA
S2050022F600E2
S2050022F700E1
S2050022F8934D
S2050022F9F7E8
S2050022FA746A
S2050022FB00DD
S2050022FCE3F9
S2050022FD9E3D
S2050022FE07D3
S2050022FFD009
S2050023009344
S205002301874F
S20500230209CC
S20500230300D4
S20500230413C0
S205002305D5FD
S205002306349D
S20500230700D0
S20500230813BC
S20500230907C7
S20500230A09C4
S20500230B00CC
S20500230C6F5C
S20500230D00CA
S20500230E8049
S20500230F02C6
S205002310E3E4
S2050023111CAA
S20500231208BD
S205002313E6DE
S20500231413B0
S20500231515AD
S205002316358C
S20500231700C0
S20500231813AC
S20500231918A6
S20500231AD7E6
S20500231B01BB
S20500231C13A8
S20500231D5565
S20500231E3584
S20500231F00B8
S2050023203384
S205002321684E
S205002322A80D
S20500232300B4
S20500232413A0
S205002325575B
S205002326377A
S20500232700B0
S2050023286F40
S205002329F0BE
S20500232A9F0E
S20500232BE5C7
S20500232C1398
S20500232D1595
S20500232E3574
S20500232F00A8
S2050023301394
S2050023315551
S2050023323570
S20500233300A4
S2050023341390
S205002335188A
S205002336D7CA
S205002337019F
S205002338930C
S2050023390698
S20500233AF0AD
S20500233B7F1D
S20500233C3368
S20500233D6832
S20500233EA8F1
S20500233F0098
S2050023401384
S205002341573F
S205002342375E
S2050023430094
S205002344E3B0
S2050023458E04
S205002346D7BA
S205002347E2AE
S205002348137C
S2050023491777
S20500234AC7C6
S20500234B008C
S20500234C1378
S20500234D5733
S20500234EC7C2
S20500234F0088
S20500235093F4
S205002351F78F
S205002352F78E
S2050023537F05
S2050023541370
S2050023557E04
S205002356146D
S2050023570080
S2050023586F10
S205002359F08E
S20500235A9FDE
S20500235BD1AB
S20500235C93E8
S20500235D86F4
S20500235E1960
S20500235F0078
S20500236093E4
S205002361F77F
S205002362E68F
S2050023637FF5
S2050023646310
S2050023659ED4
S205002366076A
S205002367125E
S205002368B3BC
S2050023696707
S20500236A1756
S20500236B016B
S20500236C6308
S20500236D9AD0
S20500236E0960
S20500236F2444
S2050023706304
S20500237186E0
S205002372075E
S2050023733034
S205002374B3B0
S205002375E77B
S205002376D58C
S205002377015F
S20500237863FC
S2050023799AC4
S20500237A0756
S20500237B302C
S20500237C1348
S20500237D1545
S20500237E3524
S20500237F0058
S2050023801344
S20500238159FD
S2050023823520
S2050023830054
S2050023841340
S205002385183A
S205002386D77A
S205002387014F
S205002388331C
S20500238968E6
S20500238A2825
S20500238B014B
S20500238C1338
S20500238D57F3
S20500238E3712
S20500238F0048
S2050023906FD8
S205002391F056
S2050023929FA6
S205002393FB49
S2050023943310
S20500239588BA
S205002396D869
S20500239741FF
S205002398B38C
S205002399B787
S20500239A0835
S20500239B013B
S20500239C3308
S20500239D0931
S20500239EB782
S20500239F40F8
S2050023A03304
S2050023A1092D
S2050023A2F93C
S2050023A340F4
S2050023A493A0
S2050023A5171B
S2050023A689A8
S2050023A70030
S2050023A8939C
S2050023A9042A
S2050023AA0825
S2050023AB002C
S2050023AC63C8
S2050023ADC268
S2050023AE0722
S2050023AF1216
S2050023B033F4
S2050023B168BE
S2050023B228FD
S2050023B30123
S2050023B4E340
S2050023B51210
S2050023B60819
S2050023B7C060
S2050023B8130C
S2050023B90E10
S2050023BA001D
S2050023BB001C
S2050023BC9388
S2050023BD0713
S2050023BE0019
S2050023BF0018
S2050023C01304
S2050023C1070F
S2050023C20015
S2050023C30014
S2050023C46FA4
S2050023C5F022
S2050023C6DF32
S2050023C7CA46
S2050023C837D8
S2050023C90905
S2050023CA808D
S2050023CBFF0D
S2050023CC13F8
S2050023CD0901
S2050023CEF910
S2050023CFFF09
S2050023D0B354
S2050023D1897D
S2050023D2F90C
S2050023D340C4
S2050023D433D0
S2050023D57989
S2050023D627DA
S2050023D701FF
S2050023D86F90
S2050023D9F00E
S2050023DA9F5E
S2050023DBC339
S2050023DC9368
S2050023DD07F3
S2050023DEF009
S2050023DF7F79
S2050023E033C4
S2050023E16591
S2050023E217DE
S2050023E301F3
S2050023E46390
S2050023E504EE
S2050023E605EC
S2050023E710E0
S2050023E813DC
S2050023E98866
S2050023EAF7F6
S2050023EBFFED
S2050023EC6388
S2050023ED02E8
S2050023EE08E1
S2050023EF1ECA
S2050023F013D4
S2050023F105E1
S2050023F2F0F5
S2050023F37F65
S2050023F4E300
S2050023F5885A
S2050023F6A73A
S2050023F7D60A
S2050023F8934C
S2050023F907D7
S2050023FA805D
S2050023FB03D9
S2050023FC13C8
S2050023FD8456
S2050023FE06D3
S2050023FF00D8
S20500240013C3
S20500240105D0
S20500240210C4
S20500240300D3
S205002404636F
S205002405CA07
S20500240607C9
S20500240703CC
S205002408933B
S20500240907C6
S20500240AF0DC
S20500240B01CA
S20500240C6367
S20500240DC405
S20500240E07C1
S20500240F19AE
S2050024109333
S20500241107BE
S20500241200C4
S20500241302C1
S205002414B30F
S205002415873A
S20500241607B9
S205002417417E
S205002418338B
S20500241915A8
S20500241AF7C5
S20500241B00BB
S20500241CB307
S20500241DD6E3
S20500241E08B0
S20500241F01B6
S205002420B303
S205002421971E
S205002422F8BC
S20500242300B3
S205002424337F
S205002425654C
S205002426D5DB
S20500242700AF
S205002428B3FB
S2050024293776
S20500242AF0BC
S20500242B00AB
S20500242C3377
S20500242D5851
S20500242E07A1
S20500242F01A6
S2050024303373
S2050024316540
S205002432F5AF
S20500243300A3
S205002434B3EF
S205002435851C
S205002436059B
S205002437415E
S205002438336B
S2050024398518
S20500243AAEEE
S20500243B405B
S20500243C3367
S20500243DB7E2
S20500243EAEEA
S20500243F0097
S2050024409303
S2050024410491
S205002442058F
S2050024430093
S205002444335F
S2050024458908
S205002446E5AB
S205002447404F
S20500244893FB
S2050024490984
S20500244A0F7D
S20500244B008B
S20500244C6F1B
S20500244DF099
S20500244E9FE9
S20500244FB5D2
S20500245093F3
S20500245186FF
S205002452077D
S205002453FE85
S205002454136F
S205002455067B
S2050024560080
S205002457027D
S205002458B3CB
S205002459D6A7
S20500245AD5A7
S20500245B007B
S20500245C6317
S20500245D8AEF
S20500245EC7B1
S20500245F0077
S2050024601363
S205002461066F
S2050024620074
S205002463046F
S205002464B3BF
S205002465076A
S205002466F67A
S205002467402F
S205002468B3BB
S20500246997D6
S20500246AF577
S20500246B006B
S20500246CB3B7
S20500246DEE7B
S20500246EFE6A
S20500246F0067
S2050024703333
S2050024713530
S205002472D094
S2050024730162
S205002474332F
S20500247565FC
S205002476D58B
S205002477005F
S2050024786FEF
S205002479F06D
S20500247ADF7D
S20500247BB1AA
S20500247CB7A3
S20500247D0653
S20500247E80D8
S20500247FFF58
S20500248093C3
S20500248186CF
S205002482F65E
S205002483FF54
S205002484B39F
S20500248587CA
S205002486F957
S205002487400F
S205002488331B
S20500248977D6
S20500248AD775
S20500248B004B
S20500248C6FDB
S20500248DF059
S20500248E9FA9
S20500248FEF58
S2050024901333
S2050024911530
S205002492360E
S2050024930043
S205002494132F
S20500249555EC
S205002496350B
S205002497003F
S205002498132B
S20500249987B6
S20500249A0537
S20500249B003B
S20500249C6FCB
S20500249DF049
S20500249E9F99
S20500249FCD6A
S2050024A093A3
S2050024A1072E
S2050024A2F044
S2050024A37FB4
S2050024A4E34F
S2050024A586AB
S2050024A6F63A
S2050024A7DE51
S2050024A8B37B
S2050024A98E9F
S2050024AAD854
S2050024AB012A
S2050024AC33F7
S2050024ADB673
S2050024AE1E0A
S2050024AF0126
S2050024B0B373
S2050024B1071E
S2050024B2B76D
S2050024B30023
S2050024B4B36F
S2050024B5879A
S2050024B6C759
S2050024B7001F
S2050024B8130B
S2050024B99588
S2050024BAF725
S2050024BB011A
S2050024BC9387
S2050024BDDE3B
S2050024BE1EFA
S2050024BF0017
S2050024C0B363
S2050024C164B1
S2050024C2D53F
S2050024C30112
S2050024C413FF
S2050024C5D938
S2050024C617F9
S2050024C7000F
S2050024C8937B
S2050024C98984
S2050024CA0606
S2050024CB000B
S2050024CC6F9B
S2050024CDF019
S2050024CE5FA9
S2050024CFB453
S2050024D033D3
S2050024D1867F
S2050024D21EE6
S2050024D341C2
S2050024D4B34F
S2050024D5877A
S2050024D6E51B
S2050024D740BF
S2050024D833CB
S2050024D9B746
S2050024DACE2E
S2050024DB00FB
S2050024DC9367
S2050024DD04F5
S2050024DE06F2
S2050024DF00F7
S2050024E033C3
S2050024E1896C
S2050024E2E70D
S2050024E340B3
S2050024E413DF
S2050024E5846D
S2050024E606EA
S2050024E700EF
S2050024E86F7F
S2050024E9F0FD
S2050024EA1FCD
S2050024EBAD3E
S2050024EC13D7
S2050024ED16D3
S2050024EE36B2
S2050024EF00E7
S2050024F013D3
S2050024F15590
S2050024F236AE
S2050024F300E3
S2050024F413CF
S2050024F5845D
S2050024F606DA
S2050024F700DF
S2050024F813CB
S2050024F98756
S2050024FA05D7
S2050024FB00DB
S2050024FC6F6B
S2050024FDF0E9
S2050024FE9F39
S2050024FFE3F4
S205002500E3F2
S205002501983C
S20500250207CC
S205002503E0F2
S205002504636E
S20500250506CA
S20500250608C7
S20500250722AC
S20500250813BA
S205002509D7F5
S20500250A3596
S20500250B00CA
S20500250C13B6
S20500250D16B2
S20500250E3691
S20500250F00C6
S2050025109332
S205002511952F
S205002512D5EE
S20500251301C1
S205002514338E
S2050025156759
S205002516B708
S20500251700BE
S20500251813AA
S2050025195666
S20500251A3685
S20500251B00BA
S20500251C3386
S20500251D6751
S20500251EC7F0
S20500251F00B6
S20500252013A2
S2050025218430
S20500252206AD
S20500252300B2
S2050025246F42
S205002525F0C0
S2050025261F90
S205002527C6E8
S205002528B3FA
S2050025298E1E
S20500252AD8D3
S20500252B01A9
S20500252CB3F6
S20500252D05A3
S20500252EB7F0
S20500252F00A6
S2050025303372
S205002531B6EE
S2050025321E85
S20500253301A1
S205002534336E
S2050025358917
S205002536C5DA
S205002537009E
S205002538930A
S2050025391785
S20500253A8912
S20500253B009A
S20500253C9306
S20500253D8414
S20500253E0E89
S20500253F0096
S2050025406332
S205002541D8BC
S205002542078C
S2050025430A88
S20500254493FE
S2050025450987
S205002546206F
S205002547008E
S2050025486F1E
S205002549F09C
S20500254ADFAC
S20500254BBDCD
S20500254CB3D6
S20500254D8EFA
S20500254ED8AF
S20500254F4145
S205002550B3D2
S205002551057F
S205002552B7CC
S2050025534042
S205002554334E
S205002555B6CA
S205002556D8A7
S205002557017D
S20500255893EA
S20500255984F8
S20500255A0E6D
S20500255B007A
S20500255C3346
S20500255D89EF
S20500255EC5B2
S20500255F4036
S20500256093E2
S205002561096B
S2050025621063
S2050025630072
S2050025646F02
S205002565F080
S2050025661F50
S205002567A4CA
S20500256893DA
S20500256986E6
S20500256A0764
S20500256BFE6C
S20500256C1356
S20500256D0662
S20500256E0067
S20500256F0264
S205002570B3B2
S205002571D68E
S205002572D58E
S2050025730062
S20500257463FE
S2050025758AD6
S205002576C798
S205002577005E
S205002578134A
S2050025790656
S20500257A005B
S20500257B0456
S20500257CB3A6
S20500257D0751
S20500257EF661
S20500257F4016
S205002580B3A2
S20500258197BD
S205002582F55E
S2050025830052
S205002584B39E
S205002585EE62
S205002586FE51
S205002587004E
S205002588331A
S2050025893913
S20500258AD07B
S20500258B0149
S20500258C3316
S20500258D69DF
S20500258ED96E
S20500258F0046
S2050025906FD6
S205002591F054
S2050025921F24
S205002593B78B
S20500259493AE
S2050025950739
S2050025960837
S205002597FE40
S20500259893AA
S2050025990636
S20500259A003B
S20500259B0238
S20500259CB386
S20500259D57E1
S20500259EF740
S20500259F0036
S2050025A063D2
S2050025A10A2A
S2050025A2D85B
S2050025A30032
S2050025A4939E
S2050025A5062A
S2050025A6002F
S2050025A7042A
S2050025A8B37A
S2050025A986A6
S2050025AA0625
S2050025AB41E9
S2050025AC33F6
S2050025AD1711
S2050025AED750
S2050025AF0026
S2050025B0B372
S2050025B1E83C
S2050025B2E83B
S2050025B30022
S2050025B433EE
S2050025B535EB
S2050025B6100F
S2050025B7011D
S2050025B833EA
S2050025B965B7
S2050025BAF526
S2050025BB001A
S2050025BC6FAA
S2050025BDF028
S2050025BEDF38
S2050025BFE72F
S2050025C0E332
S2050025C1888C
S2050025C2070C
S2050025C3EC26
S2050025C4B35E
S2050025C5EE22
S2050025C6D53A
S2050025C7010D
S2050025C8E32A
S2050025C9907C
S2050025CA0EFD
S2050025CBBC4E
S2050025CC6F9A
S2050025CDF018
S2050025CE9F68
S2050025CFD432
S2050025D033D2
S2050025D1867E
S2050025D21EE5
S2050025D341C1
S2050025D4B34E
S2050025D5857B
S2050025D6E51A
S2050025D740BE
S2050025D833CA
S2050025D9B745
S2050025DACE2D
S2050025DB00FA
S2050025DC9366
S2050025DD04F4
S2050025DE06F1
S2050025DF00F6
S2050025E033C2
S2050025E1896B
S2050025E2E50E
S2050025E340B2
S2050025E413DE
S2050025E5846C
S2050025E606E9
S2050025E700EE
S2050025E8935A
S2050025E909E3
S2050025EA10DB
S2050025EB00EA
S2050025EC6F7A
S2050025EDF0F8
S2050025EE9F48
S2050025EF9B4B
S2050025F09352
S2050025F107DD
S2050025F210D3
S2050025F300E2
S2050025F46F72
S2050025F5F0F0
S2050025F61FC0
S2050025F7D10D
S2050025F8E3FA
S2050025F900DC
S2050025FA08D3
S2050025FBDCFE
S2050025FC13C6
S2050025FD16C2
S2050025FE36A1
S2050025FF00D6
S2050026009341
S205002601577C
S205002602369C
S20500260300D1
S20500260413BD
S2050026059837
S205002606D5F9
S20500260701CC
S20500260813B9
S2050026099734
S20500260A9535
S20500260B00C9
S20500260C3395
S20500260D685F
S20500260EF8CE
S20500260F00C5
S20500261013B1
S205002611576C
S205002612C7FB
S20500261300C1
S20500261413AD
S2050026158E31
S20500261606B8
S20500261700BD
S2050026189329
S20500261907B4
S20500261A00BA
S20500261B00B9
S20500261C6F49
S20500261DF0C7
S20500261E5F57
S20500261FA510
S2050026203381
S205002621892A
S205002622D8DA
S2050026234170
S205002624B3FD
S205002625B7F8
S2050026262886
S20500262701AC
S2050026283379
S20500262906A5
S20500262AB7F3
S20500262B4069
S20500262C3375
S20500262D06A1
S20500262EF6B0
S20500262F4065
S2050026309311
S205002631178C
S205002632861C
S20500263300A1
S205002634633D
S205002635D2CD
S2050026360797
S2050026370E8F
S2050026383369
S2050026398615
S20500263A1E7C
S20500263B4158
S20500263C3365
S20500263D8710
S20500263EE5B1
S20500263F4055
S205002640B3E1
S205002641BED5
S205002642CEC4
S2050026430091
S205002644335D
S2050026450788
S205002646D7B7
S205002647414C
S20500264893F9
S2050026491774
S20500264A8703
S20500264B0089
S20500264C93F5
S20500264D0483
S20500264E0680
S20500264F0085
S2050026506321
S205002651DEA5
S205002652077B
S205002653126F
S205002654B7C9
S2050026550778
S20500265680FE
S205002657FF7E
S20500265893E9
S20500265987F4
S20500265AF783
S20500265BFF7A
S20500265C3345
S20500265D7700
S20500265EF77F
S20500265F0075
S2050026601361
S20500266184EF
S205002662066C
S2050026630071
S20500266493DD
S2050026650768
S205002666105E
S205002667006D
S2050026686FFD
S205002669F07B
S20500266A1F4B
S20500266B9FCA
S20500266C1355
S20500266D1651
S20500266E3630
S20500266F0065
S2050026701351
S205002671550E
S205002672362C
S2050026730061
S205002674134D
S20500267587D8
S2050026760559
S205002677005D
S2050026786FED
S205002679F06B
S20500267ADF7B
S20500267BCB8E
S20500267C1345
S20500267D1641
S20500267E3620
S20500267F0055
S2050026801341
S20500268159FA
S205002682361C
S2050026830051
S205002684133D
S20500268587C8
S2050026860549
S205002687004D
S2050026886FDD
S205002689F05B
S20500268ADF6B
S20500268BCF7A
S20500268CB395
S20500268D86C1
S20500268ED86E
S20500268F0144
S205002690B391
S205002691073C
S205002692B78B
S2050026930041
S205002694330D
S205002695B689
S2050026961628
S205002697013C
S205002698B389
S20500269987B4
S20500269AC773
S20500269B0039
S20500269C1325
S20500269D97A0
S20500269E87AF
S20500269F0035
S2050026A01321
S2050026A1D85B
S2050026A236FC
S2050026A30031
S2050026A463CD
S2050026A55ED1
S2050026A60727
S2050026A70825
S2050026A837F5
S2050026A90724
S2050026AA80AA
S2050026ABFF2A
S2050026AC1315
S2050026AD0720
S2050026AEF72F
S2050026AFFF26
S2050026B0B371
S2050026B1F72C
S2050026B2E73B
S2050026B30021
S2050026B4130D
S2050026B59788
S2050026B6D747
S2050026B7011C
S2050026B89389
S2050026B99784
S2050026BA9783
S2050026BB0019
S2050026BC33E5
S2050026BD68AF
S2050026BE070F
S2050026BF0114
S2050026C01301
S2050026C1D73C
S2050026C2C74B
S2050026C30011
S2050026C4937D
S2050026C50708
S2050026C610FE
S2050026C7000D
S2050026C86F9D
S2050026C9F01B
S2050026CA9F6B
S2050026CB9A6F
S2050026CC9375
S2050026CD8780
S2050026CE0600
S2050026CFFE07
S2050026D013F1
S2050026D106FD
S2050026D20002
S2050026D302FF
S2050026D4B34D
S2050026D557A8
S2050026D6F707
S2050026D700FD
S2050026D86399
S2050026D98A71
S2050026DAC634
S2050026DB00F9
S2050026DC13E5
S2050026DD06F1
S2050026DE00F6
S2050026DF04F1
S2050026E0B341
S2050026E106ED
S2050026E2D61C
S2050026E340B1
S2050026E433BD
S2050026E517D8
S2050026E6D717
S2050026E700ED
S2050026E8B339
S2050026E9E803
S2050026EAE802
S2050026EB00E9
S2050026EC33B5
S2050026ED39AE
S2050026EE10D6
S2050026EF01E4
S2050026F033B1
S2050026F1697A
S2050026F2F9E9
S2050026F300E1
S2050026F46F71
S2050026F5F0EF
S2050026F69F3F
S2050026F7B32A
S2050026F813C9
S2050026F9D506
S2050026FA34A6
S2050026FB00D9
S2050026FC9345
S2050026FD8750
S2050026FE09CD
S2050026FF00D5
S20500270013C0
S20500270107CB
S20500270209C8
S20500270300D0
S2050027046F60
S205002705F0DE
S2050027061FAE
S205002707C309
S2050027089338
S20500270906C4
S20500270A00C9
S20500270B02C6
S20500270CB314
S20500270D8640
S20500270EF6CF
S20500270F4084
S20500271013B0
S20500271106BC
S20500271200C1
S20500271300C0
S2050027146F50
S205002715F0CE
S2050027169F1E
S2050027178E2E
S2050027183388
S2050027196852
S20500271AC9F0
S20500271B00B8
S20500271CE3D4
S20500271D0EA8
S20500271E08AD
S20500271FC8EC
S20500272013A0
S2050027215959
S2050027223978
S20500272300B0
S205002724931C
S20500272507A7
S20500272600AD
S20500272700AC
S2050027281398
S20500272907A3
S20500272A06A3
S20500272B00A8
S20500272C6F38
S20500272DF0B6
S20500272E9F06
S20500272FC5DF
S2050027301390
S2050027310E94
S20500273200A1
S20500273300A0
S205002734930C
S2050027350797
S205002736F0AD
S2050027377F1D
S2050027383764
S2050027390793
S20500273A0891
S20500273B0098
S20500273C6F28
S20500273DF0A6
S20500273E5F36
S20500273F9301
S2050027401380
S20500274197FB
S205002742D7BA
S205002743018F
S20500274493FC
S20500274597F7
S20500274697F6
S205002747008C
S2050027483358
S2050027496822
S20500274A0782
S20500274B0187
S20500274C1374
S20500274DD7AF
S20500274EC7BE
S20500274F0084
S20500275093F0
S205002751077B
S2050027520081
S2050027530080
S2050027546F10
S205002755F08E
S205002756DF9E
S20500275791EB
S205002758E398
S20500275986F4
S20500275A0772
S20500275BAECA
S20500275C3344
S20500275D086E
S20500275E3F36
S20500275F4133
S20500276093E0
S205002761076B
S2050027620869
S2050027630070
S205002764E38C
S2050027658EE0
S2050027660964
S205002767C6A6
S20500276893D8
S2050027690763
S20500276A80E9
S20500276B0365
S20500276C6304
S20500276DCA9C
S20500276E075E
S20500276F0163
S205002770B7AC
S205002771075B
S20500277280E1
S2050027730060
S205002774332C
S20500277567F7
S205002776F766
S205002777005C
S2050027781348
S20500277984D6
S20500277A0653
S20500277B0058
S20500277C6FE8
S20500277DF066
S20500277EDF76
S20500277FC88C
S2050027801340
S20500278184CE
S205002782064B
S2050027830050
S205002784133C
S2050027850549
S205002786103D
S205002787004C
S2050027886FDC
S205002789F05A
S20500278A1F2A
S20500278BCB7D
S20500278C1334
S20500278D182E
S20500278ED76E
S20500278F0143
S2050027901330
S20500279156EC
S205002792360B
S2050027930040
S205002794330C
S20500279568D6
S205002796C875
S205002797003C
S2050027981328
S20500279957E3
S20500279A3702
S20500279B0038
S20500279C93A4
S20500279D072F
S20500279E0035
S20500279F0034
S2050027A01320
S2050027A184AE
S2050027A2062B
S2050027A30030
S2050027A46FC0
S2050027A5F03E
S2050027A65FCE
S2050027A7BA72
S2050027A8E348
S2050027A98AA0
S2050027AA0722
S2050027ABBA6E
S2050027ACB374
S2050027AD0620
S2050027AE3FE6
S2050027AF41E3
S2050027B063C0
S2050027B1968C
S2050027B20918
S2050027B30020
S2050027B4938C
S2050027B58797
S2050027B60617
S2050027B7001C
S2050027B86FAC
S2050027B9F02A
S2050027BA1FFA
S2050027BBA276
S2050027BC9384
S2050027BD070F
S2050027BE8095
S2050027BF0311
S2050027C01300
S2050027C10909
S2050027C21001
S2050027C30010
S2050027C4E32C
S2050027C5C44A
S2050027C6D736
S2050027C7A666
S2050027C8B754
S2050027C90703
S2050027CA8089
S2050027CB0008
S2050027CC33D4
S2050027CD679F
S2050027CEF70E
S2050027CF0004
S2050027D06F94
S2050027D1F012
S2050027D2DF22
S2050027D3A25E
S2050027D4936C
S2050027D5D727
S2050027D645B8
S2050027D701FB
S2050027D8B744
S2050027D906F4
S2050027DA10E9
S2050027DB00F8
S2050027DC13E4
S2050027DD876F
S2050027DEF6FF
S2050027DFFFF5
S2050027E09360
S2050027E1F7FB
S2050027E2F7FA
S2050027E37F71
S2050027E413DC
S2050027E506E8
S2050027E6E00D
S2050027E73FAD
S2050027E833B8
S2050027E97773
S2050027EAB732
S2050027EB00E8
S2050027EC9354
S2050027EDD511
S2050027EEF5F0
S2050027EF01E3
S2050027F06380
S2050027F15E84
S2050027F2F6EB
S2050027F300E0
S2050027F413CC
S2050027F506D8
S2050027F6D00D
S2050027F7419B
S2050027F86378
S2050027F95E7C
S2050027FAF6E3
S2050027FB00D8
S2050027FC37A0
S2050027FD05D1
S2050027FE00D5
S2050027FF8054
S20500280013BF
S20500280105CC
S205002802F5DB
S205002803FFD0
S205002804339B
S2050028058548
S205002806A527
S20500280700CB
S2050028086763
S2050028098049
S20500280A00C8
S20500280B00C7
S20500280C13B3
S20500280D05C0
S20500280E00C4
S20500280F00C3
S205002810675B
S2050028118041
S20500281200C0
S20500281300BF
S20500281413AB
S20500281506B7
S205002816308C
S2050028174378
S2050028183387
S20500281906B3
S20500281AF6C2
S20500281B4077
S20500281C13A3
S20500281D08AD
S20500281EF0C4
S20500281F01B2
S205002820337F
S205002821674A
S205002822D7D9
S20500282300AF
S205002824634B
S205002825505D
S205002826C8E4
S20500282702A9
S2050028289317
S20500282906A3
S20500282A3078
S20500282B4166
S20500282CB3F3
S20500282D871E
S20500282EF6AE
S20500282F4063
S205002830336F
S205002831574A
S205002832F7A9
S205002833009F
S205002834336B
S2050028350598
S205002836E0BC
S205002837405B
S205002838E3B7
S2050028399CFD
S20500283A0593
S20500283BFC9B
S20500283C1383
S20500283D0590
S20500283E078D
S20500283F0093
S205002840672B
S2050028418011
S2050028420090
S205002843008F
S20500284493FB
S2050028458706
S205002846D7B5
S205002847BECD
S2050028483357
S2050028491772
S20500284AF791
S20500284B0087
S20500284C3353
S20500284D5530
S20500284EC5BF
S20500284F0083
S205002850334F
S205002851671A
S205002852A7D9
S205002853007F
S2050028546F0F
S205002855F08D
S2050028561F5D
S205002857FE7D
S2050028581367
S2050028590673
S20500285A0573
S20500285B0077
S20500285C1363
S20500285D0570
S20500285E0074
S20500285F0073
S20500286093DF
S205002861F67B
S205002862155B
S205002863006F
S205002864630B
S20500286584E9
S2050028660666
S205002867006B
S2050028683337
S2050028690564
S20500286AC5A3
S20500286B0067
S20500286C93D3
S20500286DD590
S20500286E154F
S20500286F0063
S205002870134F
S205002871164B
S205002872164A
S205002873005F
S205002874E37B
S20500287596C7
S2050028760557
S205002877FE5D
S20500287867F3
S20500287980D9
S20500287A0058
S20500287B0057
S20500287C63F3
S20500287D4015
S20500287E054F
S20500287F064D
S20500288063EF
S205002881C68B
S205002882054B
S2050028830649
S205002884133B
S20500288586C7
S2050028860547
S205002887004B
S20500288893B7
S2050028890544
S20500288A0543
S20500288B0047
S20500288C1333
S20500288D0540
S20500288EF054
S20500288FFF44
S20500289063DF
S2050028910C35
S205002892063A
S205002893023D
S20500289493AB
S2050028950637
S205002896102C
S205002897003B
S20500289863D7
S2050028997ABF
S20500289AB682
S20500289B0037
S20500289C63D3
S20500289D58DD
S20500289EC074
S20500289F0033
S2050028A0131F
S2050028A1161B
S2050028A2161A
S2050028A3002F
S2050028A4939B
S2050028A59697
S2050028A61616
S2050028A7002B
S2050028A8E347
S2050028A96ABF
S2050028AAB672
S2050028ABFE29
S2050028AC1313
S2050028AD0520
S2050028AE0024
S2050028AF0023
S2050028B063BF
S2050028B1E63B
S2050028B2C55B
S2050028B3001F
S2050028B4B36B
S2050028B58598
S2050028B6C557
S2050028B740DB
S2050028B833E7
S2050028B965B4
S2050028BAD543
S2050028BB0017
S2050028BC9383
S2050028BDD63F
S2050028BE16FE
S2050028BF0013
S2050028C013FF
S2050028C156BB
S2050028C216FA
S2050028C3000F
S2050028C4E32B
S2050028C59677
S2050028C60606
S2050028C7FE0D
S2050028C867A3
S2050028C98089
S2050028CA0008
S2050028CB0007
S2050028CC9373
S2050028CD8283
S2050028CE0004
S2050028CF0003
S2050028D0EF13
S2050028D1F011
S2050028D25FA1
S2050028D3FB04
S2050028D413EB
S2050028D58578
S2050028D605F7
S2050028D700FB
S2050028D86793
S2050028D98079
S2050028DA02F6
S2050028DB00F7
S2050028DC33C3
S2050028DD05F0
S2050028DEA054
S2050028DF40B3
S2050028E0638F
S2050028E148A9
S2050028E2B040
S2050028E300EF
S2050028E4B33B
S2050028E505E8
S2050028E6B03C
S2050028E740AB
S2050028E86F7B
S2050028E9F0F9
S2050028EADF09
S2050028EBF9EE
S2050028ECB333
S2050028ED05E0
S2050028EEB034
S2050028EF40A3
S2050028F0934F
S2050028F1825F
S2050028F200E0
S2050028F300DF
S2050028F4EFEF
S2050028F5F0ED
S2050028F61FBD
S2050028F7F9E2
S2050028F833A7
S2050028F905D4
S2050028FAA038
S2050028FB4097
S2050028FC676F
S2050028FD8055
S2050028FE02D2
S2050028FF00D3
S205002900933E
S205002901824E
S20500290200CF
S20500290300CE
S205002904636A
S205002905CA02
S20500290605C6
S20500290700CA
S2050029086366
S2050029094C7C
S20500290A05C2
S20500290B00C6
S20500290CEFD6
S20500290DF0D4
S20500290E9F24
S20500290FF7CB
S20500291013AE
S205002911853B
S20500291205BA
S20500291300BE
S2050029146756
S205002915803C
S20500291602B9
S20500291700BA
S205002918B306
S20500291905B3
S20500291AB007
S20500291B4076
S20500291CE3D2
S20500291D585C
S20500291E05AE
S20500291FFEB4
S205002920337E
S20500292105AB
S205002922A00F
S205002923406E
S205002924EFBE
S205002925F0BC
S2050029261F8C
S205002927F6B4
S2050029283376
S20500292905A3
S20500292AB0F7
S20500292B4066
S20500292C673E
S20500292D8024
S20500292E02A1
S20500292F00A2
S205002930B7EA
S2050029310799
S205002932019E
S205002933009E
S205002934633A
S2050029357A22
S205002936F5A6
S2050029370298
S2050029381386
S2050029393761
S20500293A0592
S20500293B1086
S20500293C1382
S20500293D375D
S20500293E177C
S20500293F0092
S205002940137E
S2050029411779
S2050029423758
S205002943008E
S205002944B7D6
S2050029450785
S205002946107B
S205002947008A
S2050029483356
S2050029495533
S20500294AE5A2
S20500294B0086
S20500294C93F2
S20500294D87FD
S20500294E077C
S20500294F047E
S205002950B3CE
S20500295187F9
S205002952A7D8
S205002953007E
S205002954037A
S205002955C5B7
S2050029560774
S205002957007A
S20500295893E6
S2050029590672
S20500295A0077
S20500295B0274
S20500295CB3C2
S20500295D86EE
S20500295EE68D
S20500295F4032
S205002960333E
S20500296185EB
S205002962A6C9
S205002963402E
S2050029646706
S20500296580EC
S205002966006B
S205002967006A
S205002968B7B2
S2050029690761
S20500296A0067
S20500296B0165
S20500296C6302
S20500296D74F0
S20500296EF56E
S20500296F0260
S205002970134E
S2050029710759
S205002972005F
S205002973015D
S205002974B7A6
S2050029750755
S205002976104B
S205002977005A
S2050029783326
S2050029795503
S20500297AE572
S20500297B0056
S20500297C93C2
S20500297D87CD
S20500297E074C
S20500297F044E
S205002980B39E
S20500298187C9
S205002982A7A8
S205002983004E
S205002984034A
S205002985C587
S2050029860744
S205002987004A
S20500298893B6
S2050029890642
S20500298A0047
S20500298B0145
S20500298C3312
S20500298D85BF
S20500298EA69D
S20500298F4002
S20500299067DA
S20500299180C0
S205002992003F
S205002993003E
S205002994132A
S2050029950735
S20500299680BB
S2050029970139
S205002998B782
S2050029990731
S20500299A1027
S20500299B0036
S20500299C3302
S20500299D55DF
S20500299EE54E
S20500299F0032
S2050029A0939E
S2050029A187A9
S2050029A20728
S2050029A3042A
S2050029A4B37A
S2050029A587A5
S2050029A6A784
S2050029A7002A
S2050029A80326
S2050029A9C563
S2050029AA0720
S2050029AB0026
S2050029AC9392
S2050029AD061E
S2050029AE80A3
S2050029AF0022
S2050029B033EE
S2050029B1859B
S2050029B2A679
S2050029B340DE
S2050029B467B6
S2050029B5809C
S2050029B6001B
S2050029B7001A
S2050029B81306
S2050029B90117
S2050029BA0116
S2050029BBFF17
S2050029BC23F2
S2050029BD24F0
S2050029BE8192
S2050029BF0012
S2050029C023EE
S2050029C120F0
S2050029C221EE
S2050029C3010D
S2050029C49776
S2050029C5D735
S2050029C60FFC
S2050029C7000A
S2050029C89376
S2050029C98781
S2050029CAC740
S2050029CB63A3
S2050029CC17EE
S2050029CDD430
S2050029CE0FF4
S2050029CF0002
S2050029D013EE
S2050029D104FC
S2050029D244BB
S2050029D3639B
S2050029D423DA
S2050029D526D6
S2050029D611EA
S2050029D700FA
S2050029D823D6
S2050029D922D6
S2050029DA9166
S2050029DB00F6
S2050029DC33C2
S2050029DD896B
S2050029DE876C
S2050029DF40B2
S2050029E0638E
S2050029E18070
S2050029E28768
S2050029E302EC
S2050029E413DA
S2050029E55993
S2050029E629C2
S2050029E740AA
S2050029E89356
S2050029E904E4
S2050029EA00E7
S2050029EB00E6
S2050029EC8362
S2050029ED27BD
S2050029EE04DF
S2050029EF00E2
S2050029F0934E
S2050029F1845C
S2050029F214CB
S2050029F300DE
S2050029F413CA
S2050029F504D8
S2050029F64497
S2050029F700DA
S2050029F8E7F2
S2050029F98058
S2050029FA07D0
S2050029FB00D6
S2050029FCE3F2
S2050029FDE8EC
S2050029FE24AF
S2050029FFFFD3
S205002A009739
S205002A01D7F8
S205002A020FBF
S205002A0300CD
S205002A049339
S205002A058744
S205002A0607C3
S205002A076069
S205002A0817B1
S205002A09D4F3
S205002A0A0FB7
S205002A0B00C5
S205002A0C13B1
S205002A0D04BF
S205002A0E843E
S205002A0F5F62
S205002A10338D
S205002A118936
S205002A128737
S205002A13407D
S205002A1413A9
S205002A155962
S205002A162991
S205002A174079
S205002A186355
S205002A198E29
S205002A1A872F
S205002A1B00B5
S205002A1C9321
S205002A1D04AF
S205002A1E00B2
S205002A1F00B1
S205002A20832D
S205002A212788
S205002A2204AA
S205002A2300AD
S205002A249319
S205002A258427
S205002A261496
S205002A2700A9
S205002A281395
S205002A2904A3
S205002A2A4462
S205002A2B00A5
S205002A2CE7BD
S205002A2D8023
S205002A2E079B
S205002A2F00A1
S205002A30E3BD
S205002A31E8B7
S205002A32247A
S205002A33FF9E
S205002A348319
S205002A35207B
S205002A36C1D9
S205002A370099
S205002A380395
S205002A392473
S205002A3A8115
S205002A3B0095
S205002A3C8311
S205002A3D246F
S205002A3E4151
S205002A3F0091
S205002A40038D
S205002A412966
S205002A42018D
S205002A43008D
S205002A441379
S205002A45018A
S205002A460189
S205002A470188
S205002A486721
S205002A498007
S205002A4A0086
S205002A4B0085
S205002A4C6321
S205002A4DF68D
S205002A4EA5DD
S205002A4F027F
S205002A50334D
S205002A5187F8
S205002A52C5B9
S205002A53007D
S205002A546319
S205002A557209
S205002A56E595
S205002A570277
S205002A58B3C5
S205002A590770
S205002A5AC5B1
S205002A5B0075
S205002A5C6311
S205002A5D066D
S205002A5E066C
S205002A5F046D
S205002A6083ED
S205002A614629
S205002A62F777
S205002A63FF6E
S205002A6493D9
S205002A6587E4
S205002A66F773
S205002A67FF6A
S205002A681355
S205002A690760
S205002A6AF76F
S205002A6BFF66
S205002A6C2341
S205002A6D80E3
S205002A6ED78B
S205002A6F0061
S205002A70E37D
S205002A711847
S205002A72F569
S205002A73FE5F
S205002A7467F5
S205002A7580DB
S205002A76005A
S205002A770059
S205002A7893C5
S205002A790750
S205002A7AF066
S205002A7B0055
S205002A7C63F1
S205002A7DE86B
S205002A7EC78B
S205002A7F024F
S205002A8093BD
S205002A810748
S205002A820549
S205002A83004D
S205002A8493B9
S205002A850645
S205002A86F654
S205002A87FF4A
S205002A8863E5
S205002A890245
S205002A8A0640
S205002A8B0C39
S205002A8C93B1
S205002A8D86BD
S205002A8E162C
S205002A8F0041
S205002A90B38D
S205002A9186B9
S205002A92D767
S205002A93003D
S205002A940339
S205002A95C774
S205002A960535
S205002A970039
S205002A9893A5
S205002A9987B0
S205002A9A171F
S205002A9B0035
S205002A9C93A1
S205002A9D85AE
S205002A9E151D
S205002A9F0031
S205002AA0A38D
S205002AA18FA0
S205002AA2E747
S205002AA3FE2F
S205002AA4E349
S205002AA59893
S205002AA6D753
S205002AA7FE2B
S205002AA867C1
S205002AA980A7
S205002AAA0026
S205002AAB0025
S205002AACB371
S205002AAD67BC
S205002AAEB56D
S205002AAF0021
S205002AB0938D
S205002AB1F728
S205002AB237E7
S205002AB3001D
S205002AB463B9
S205002AB59685
S205002AB60713
S205002AB70811
S205002AB89385
S205002AB9080F
S205002ABA0610
S205002ABBFF16
S205002ABC9381
S205002ABDF81B
S205002ABE080A
S205002ABFFF12
S205002AC0937D
S205002AC18887
S205002AC20806
S205002AC3010C
S205002AC4B359
S205002AC50605
S205002AC615F5
S205002AC70108
S205002AC813F5
S205002AC98780
S205002ACA0501
S205002ACB0005
S205002ACC9371
S205002ACD07FC
S205002ACE05FD
S205002ACF0001
S205002AD003FD
S205002AD128D7
S205002AD207F7
S205002AD300FD
S205002AD413E9
S205002AD507F4
S205002AD607F3
S205002AD701F8
S205002AD89365
S205002AD98770
S205002ADA07EF
S205002ADB01F4
S205002ADC23D1
S205002ADDA84B
S205002ADE07EB
S205002ADFFFF2
S205002AE003ED
S205002AE128C7
S205002AE247A7
S205002AE3FFEE
S205002AE423C9
S205002AE5AA41
S205002AE607E3
S205002AE7FFEA
S205002AE803E5
S205002AE928BF
S205002AEA875F
S205002AEBFFE6
S205002AEC23C1
S205002AEDAC37
S205002AEE07DB
S205002AEFFFE2
S205002AF003DD
S205002AF128B7
S205002AF2C717
S205002AF3FFDE
S205002AF423B9
S205002AF5AE2D
S205002AF607D3
S205002AF7FFDA
S205002AF8E3F5
S205002AF99C3B
S205002AFAD7FF
S205002AFBFCD9
S205002AFC13C1
S205002AFD785B
S205002AFEC60C
S205002AFF00D1
S205002B00B31C
S205002B018549
S205002B0215B8
S205002B0301CB
S205002B0413B8
S205002B057753
S205002B06F6D3
S205002B0700C8
S205002B086364
S205002B0904C2
S205002B0A08BD
S205002B0B04C0
S205002B0C13B0
S205002B0D08BA
S205002B0EC7FA
S205002B0FFFC1
S205002B1013AC
S205002B117846
S205002B12C8F5
S205002B13FFBD
S205002B1413A8
S205002B1508B2
S205002B164871
S205002B1700B8
S205002B18B304
S205002B19872F
S205002B1A06AF
S205002B1B01B3
S205002B1C13A0
S205002B1D872B
S205002B1E05AC
S205002B1F00B0
S205002B20832C
S205002B212886
S205002B2207A6
S205002B2300AC
S205002B249318
S205002B258624
S205002B264663
S205002B2700A8
S205002B281394
S205002B29079F
S205002B2A475E
S205002B2B00A4
S205002B2C2380
S205002B2DAEF4
S205002B2E168B
S205002B2FFFA1
S205002B30E3BC
S205002B319806
S205002B32F6A7
S205002B33FE9E
S205002B341388
S205002B357624
S205002B363663
S205002B370098
S205002B38B3E4
S205002B398511
S205002B3A0590
S205002B3B0193
S205002B3C6F24
S205002B3DF0A2
S205002B3E9FF2
S205002B3FF49C
S205002B4093FC
S205002B410688
S205002B42F697
S205002B43FF8D
S205002B4493F8
S205002B450783
S205002B460584
S205002B470088
S205002B486F18
S205002B49F096
S205002B4A5F26
S205002B4BF490
S205002B4C671C
S205002B4D8002
S205002B4E0081
S205002B4F0080
S205002B50136C
S205002B510678
S205002B520776
S205002B53007C
S205002B546F0C
S205002B55F08A
S205002B561F5A
S205002B57F385
S205002B581364
S205002B590373
S205002B5AF085
S205002B5B0074
S205002B5C1360
S205002B5D076B
S205002B5E056C
S205002B5F0070
S205002B60630C
S205002B617EF0
S205002B62C3AA
S205002B63026A
S205002B6493D8
S205002B6577F3
S205002B66F772
S205002B670068
S205002B686304
S205002B6990D6
S205002B6A075E
S205002B6B0A5A
S205002B6C6300
S205002B6D92D0
S205002B6E055C
S205002B6F0858
S205002B7093CC
S205002B7176E8
S205002B720657
S205002B73FF5D
S205002B741348
S205002B7576E4
S205002B76F663
S205002B770058
S205002B78B3A4
S205002B7986D0
S205002B7AE66F
S205002B7B0054
S205002B7C2330
S205002B7D2032
S205002B7EB79A
S205002B7F0050
S205002B80232C
S205002B81222C
S205002B82B796
S205002B83004C
S205002B842328
S205002B852426
S205002B86B792
S205002B870048
S205002B882324
S205002B892620
S205002B8AB78E
S205002B8B0044
S205002B8C1330
S205002B8D073B
S205002B8E073A
S205002B8F013F
S205002B90E35C
S205002B9166D8
S205002B92D766
S205002B93FE3E
S205002B9463D8
S205002B951426
S205002B960633
S205002B970038
S205002B9867D0
S205002B9980B6
S205002B9A0035
S205002B9B0034
S205002B9CB380
S205002B9D062C
S205002B9EC36E
S205002B9F40F0
S205002BA0939C
S205002BA19698
S205002BA22607
S205002BA3002C
S205002BA49794
S205002BA50228
S205002BA60029
S205002BA70028
S205002BA8B374
S205002BA986A0
S205002BAA56CF
S205002BAB0024
S205002BAC67BC
S205002BAD80A2
S205002BAEC65B
S205002BAF0020
S205002BB023FC
S205002BB10717
S205002BB2B766
S205002BB3001C
S205002BB4A378
S205002BB50614
S205002BB6B762
S205002BB70018
S205002BB823F4
S205002BB90610
S205002BBAB75E
S205002BBB0014
S205002BBCA370
S205002BBD050D
S205002BBEB75A
S205002BBF0010
S205002BC023EC
S205002BC10509
S205002BC2B756
S205002BC3000C
S205002BC4A368
S205002BC50406
S205002BC6B752
S205002BC70008
S205002BC823E4
S205002BC90402
S205002BCAB74E
S205002BCB0004
S205002BCCA360
S205002BCD03FF
S205002BCEB74A
S205002BCF0000
S205002BD023DC
S205002BD103FB
S205002BD2B746
S205002BD300FC
S205002BD4A358
S205002BD502F8
S205002BD6B742
S205002BD700F8
S205002BD823D4
S205002BD902F4
S205002BDAB73E
S205002BDB00F4
S205002BDCA350
S205002BDD01F1
S205002BDEB73A
S205002BDF00F0
S205002BE023CC
S205002BE101ED
S205002BE2B736
S205002BE300EC
S205002BE4A348
S205002BE500EA
S205002BE6B732
S205002BE700E8
S205002BE823C4
S205002BE900E6
S205002BEAB72E
S205002BEB00E4
S205002BEC677C
S205002BED8062
S205002BEE00E1
S205002BEF00E0
S205002BF0934C
S205002BF1F5E9
S205002BF2F5E8
S205002BF30FCD
S205002BF49348
S205002BF59644
S205002BF68554
S205002BF700D8
S205002BF8B324
S205002BF9E5F1
S205002BFAD500
S205002BFB00D4
S205002BFC9340
S205002BFD963C
S205002BFE05CC
S205002BFF01CF
S205002C00B31B
S205002C01E5E8
S205002C02D5F7
S205002C0300CB
S205002C046F5B
S205002C05F0D9
S205002C06DFE9
S205002C07F6D1
S205002C089333
S205002C09962F
S205002C0A279D
S205002C0B00C3
S205002C0C972B
S205002C0D02BF
S205002C0E00C0
S205002C0F00BF
S205002C10B30B
S205002C118637
S205002C125666
S205002C1300BB
S205002C149327
S205002C158237
S205002C1600B8
S205002C1700B7
S205002C18E7CF
S205002C198035
S205002C1A06AE
S205002C1BFAB9
S205002C1C931F
S205002C1D8031
S205002C1E02AE
S205002C1F00AF
S205002C20931B
S205002C218726
S205002C2207A5
S205002C23FFAC
S205002C243377
S205002C2507A2
S205002C26F7B1
S205002C274067
S205002C283373
S205002C29069F
S205002C2AF6AE
S205002C2B00A3
S205002C2CE3BF
S205002C2D7829
S205002C2EC3DD
S205002C2FF6A9
S205002C306F2F
S205002C31F0AD
S205002C32DFBD
S205002C33F3A8
S205002C34B3E7
S205002C35C7D2
S205002C36A5F3
S205002C370097
S205002C389303
S205002C39F79E
S205002C3A375D
S205002C3B0093
S205002C3CB3DF
S205002C3D0889
S205002C3EC5CB
S205002C3F008F
S205002C40632B
S205002C4194F9
S205002C420785
S205002C430685
S205002C4493F7
S205002C450782
S205002C463058
S205002C470087
S205002C486323
S205002C49F095
S205002C4AC7BD
S205002C4B067D
S205002C4C93EF
S205002C4D770A
S205002C4E354B
S205002C4F007F
S205002C50136B
S205002C510776
S205002C520577
S205002C53007B
S205002C546317
S205002C559ADF
S205002C560771
S205002C570671
S205002C581363
S205002C59F67F
S205002C5AC8AC
S205002C5BFF74
S205002C5CB3BF
S205002C5D066B
S205002C5EE68A
S205002C5F402F
S205002C6093DB
S205002C610766
S205002C62006C
S205002C630269
S205002C646307
S205002C65CE9B
S205002C66D791
S205002C67085F
S205002C6893D3
S205002C6986DF
S205002C6A055F
S205002C6B0063
S205002C6C93CF
S205002C6D075A
S205002C6E0759
S205002C6F005F
S205002C7063FB
S205002C7178E5
S205002C72C795
S205002C730259
S205002C740357
S205002C75A8B1
S205002C760652
S205002C770057
S205002C7893C3
S205002C7987CE
S205002C7A470D
S205002C7B0053
S205002C7C93BF
S205002C7D86CB
S205002C7E460A
S205002C7F004F
S205002C80232B
S205002C81AE9F
S205002C820745
S205002C83FF4C
S205002C84E367
S205002C85E861
S205002C86C781
S205002C87FE49
S205002C8893B3
S205002C89073E
S205002C8AF64E
S205002C8BFF44
S205002C8CB38F
S205002C8D87BA
S205002C8EE759
S205002C8F40FF
S205002C9093AB
S205002C91F746
S205002C92C775
S205002C93FF3C
S205002C9493A7
S205002C9587B2
S205002C9647F1
S205002C970037
S205002C983303
S205002C99072E
S205002C9AF73D
S205002C9B0033
S205002C9CB37F
S205002C9D85AC
S205002C9EF53B
S205002C9F002F
S205002CA063CB
S205002CA168C5
S205002CA21715
S205002CA3012A
S205002CA467C3
S205002CA580A9
S205002CA60028
S205002CA70027
S205002CA81313
S205002CA9071E
S205002CAA051F
S205002CAB0023
S205002CAC63BF
S205002CAD78A9
S205002CAE150B
S205002CAF051A
S205002CB0839B
S205002CB1C756
S205002CB20517
S205002CB3001B
S205002CB41307
S205002CB50712
S205002CB61701
S205002CB70017
S205002CB89383
S205002CB98590
S205002CBA15FF
S205002CBB0013
S205002CBCA36F
S205002CBD0F02
S205002CBEF719
S205002CBFFE11
S205002CC0E32B
S205002CC19875
S205002CC2E824
S205002CC3FE0D
S205002CC467A3
S205002CC58089
S205002CC60008
S205002CC70007
S205002CC88383
S205002CC9C63F
S205002CCA05FF
S205002CCB0003
S205002CCC13EF
S205002CCD07FA
S205002CCE17E9
S205002CCF00FF
S205002CD0936B
S205002CD17786
S205002CD237C5
S205002CD300FB
S205002CD4A357
S205002CD50FEA
S205002CD6D721
S205002CD7FEF9
S205002CD89363
S205002CD98570
S205002CDA15DF
S205002CDB00F3
S205002CDCE30F
S205002CDD8E63
S205002CDE07E9
S205002CDFF6F9
S205002CE0836B
S205002CE1C627
S205002CE205E7
S205002CE300EB
S205002CE413D7
S205002CE507E2
S205002CE617D1
S205002CE700E7
S205002CE89353
S205002CE9776E
S205002CEA37AD
S205002CEB00E3
S205002CECA33F
S205002CED0FD2
S205002CEED709
S205002CEFFEE1
S205002CF0934B
S205002CF18558
S205002CF215C7
S205002CF300DB
S205002CF4E3F7
S205002CF59A3F
S205002CF607D1
S205002CF7FCDB
S205002CF86F67
S205002CF9F0E5
S205002CFA1FB5
S205002CFBF6DD
S205002CFC676B
S205002CFD8051
S205002CFE00D0
S205002CFF00CF
S205002D0013BA
S205002D0101CB
S205002D0201CA
S205002D03FFCB
S205002D0423A6
S205002D0526A2
S205002D068146
S205002D0700C6
S205002D0813B2
S205002D0904C0
S205002D0A00C3
S205002D0B02C0
S205002D0C833E
S205002D0DA31D
S205002D0E05BA
S205002D0F00BE
S205002D10833A
S205002D11A21A
S205002D124576
S205002D1300BA
S205002D148336
S205002D15AF09
S205002D168532
S205002D1700B6
S205002D1803B2
S205002D19AF05
S205002D1AC5EE
S205002D1B00B2
S205002D1C832E
S205002D1DAE02
S205002D1E05AA
S205002D1F01AD
S205002D2003AA
S205002D21AEFE
S205002D224566
S205002D2301A9
S205002D2403A6
S205002D25A305
S205002D268522
S205002D2701A5
S205002D2803A2
S205002D29A8FC
S205002D2AC5DE
S205002D2B01A1
S205002D2C831E
S205002D2DA6FA
S205002D2E059A
S205002D2F029C
S205002D30138A
S205002D310795
S205002D324754
S205002D330298
S205002D34B3E6
S205002D350791
S205002D36E6B1
S205002D374056
S205002D382372
S205002D392E66
S205002D3A771C
S205002D3BFC96
S205002D3C236E
S205002D3D2070
S205002D3E5738
S205002D3FFE90
S205002D40236A
S205002D41226A
S205002D42F794
S205002D43FF8B
S205002D442366
S205002D452464
S205002D46E7A0
S205002D47FF87
S205002D482362
S205002D49265E
S205002D4AD7AC
S205002D4BFF83
S205002D4C235E
S205002D4D2858
S205002D4EC7B8
S205002D4FFF7F
S205002D50235A
S205002D512A52
S205002D526714
S205002D53FE7C
S205002D542356
S205002D552C4C
S205002D560770
S205002D57FF77
S205002D582352
S205002D592E46
S205002D5AD79C
S205002D5BFE74
S205002D5C93DE
S205002D5D85EB
S205002D5E452A
S205002D5F026C
S205002D60E38A
S205002D614626
S205002D62F477
S205002D63FA70
S205002D6493D6
S205002D6586E2
S205002D660562
S205002D670066
S205002D6893D2
S205002D69075D
S205002D6A075C
S205002D6B0062
S205002D6C63FE
S205002D6D78E8
S205002D6EC798
S205002D6F025C
S205002D70035A
S205002D71A8B4
S205002D720655
S205002D73005A
S205002D7493C6
S205002D7587D1
S205002D764710
S205002D770056
S205002D7893C2
S205002D7986CE
S205002D7A460D
S205002D7B0052
S205002D7C232E
S205002D7DAEA2
S205002D7E0748
S205002D7FFF4F
S205002D80E36A
S205002D81E864
S205002D82C784
S205002D83FE4C
S205002D8493B6
S205002D850741
S205002D86F651
S205002D87FF47
S205002D88B392
S205002D8987BD
S205002D8AE75C
S205002D8B4002
S205002D8C93AE
S205002D8DF749
S205002D8EC778
S205002D8FFF3F
S205002D9093AA
S205002D9187B5
S205002D9247F4
S205002D93003A
S205002D943306
S205002D950731
S205002D96F740
S205002D970036
S205002D98B382
S205002D9985AF
S205002D9AF53E
S205002D9B0032
S205002D9C63CE
S205002D9D68C8
S205002D9E1718
S205002D9F012D
S205002DA0032A
S205002DA12408
S205002DA2C16A
S205002DA3002A
S205002DA41316
S205002DA50127
S205002DA60126
S205002DA70125
S205002DA867BE
S205002DA980A4
S205002DAA0023
S205002DAB0022
S205002DAC839E
S205002DADC759
S205002DAE051A
S205002DAF001E
S205002DB0130A
S205002DB10715
S205002DB21704
S205002DB3001A
S205002DB49386
S205002DB58593
S205002DB61502
S205002DB70016
S205002DB8A372
S205002DB90F05
S205002DBAF71C
S205002DBBFE14
S205002DBCE32E
S205002DBD828E
S205002DBEE827
S205002DBFFE10
S205002DC0838A
S205002DC1C745
S205002DC20506
S205002DC3000A
S205002DC413F6
S205002DC50701
S205002DC617F0
S205002DC70006
S205002DC89372
S205002DC9857F
S205002DCA15EE
S205002DCB0002
S205002DCCA35E
S205002DCD0FF1
S205002DCEF708
S205002DCFFE00
S205002DD0E31A
S205002DD19E5E
S205002DD2E813
S205002DD3FCFE
S205002DD46F8A
S205002DD5F008
S205002DD6DF18
S205002DD7FCFA
S205002DD800F5
S205002DD900F4
S205002DDA00F3
S205002DDB00F2
S205002DDC00F1
S205002DDD00F0
S205002DDE00EF
S205002DDF00EE
S205002DE000ED
S205002DE100EC
S205002DE200EB
S205002DE300EA
S205002DE400E9
S205002DE500E8
S205002DE600E7
S205002DE700E6
S205002DE837AE
S205002DE905DF
S205002DEA10D3
S205002DEB00E2
S205002DEC13CE
S205002DED01DF
S205002DEE01DE
S205002DEFF8E6
S205002DF013CA
S205002DF105D7
S205002DF205D6
S205002DF317C3
S205002DF423B6
S205002DF52EAA
S205002DF611C6
S205002DF706D0
S205002DF823B2
S205002DF926AE
S205002DFAB122
S205002DFB05CD
S205002DFC23AE
S205002DFD2CA4
S205002DFE814E
S205002DFF06C8
S205002E0023A9
S205002E012AA1
S205002E029139
S205002E0306C3
S205002E0423A5
S205002E05289F
S205002E0621A5
S205002E0707BE
S205002E0823A1
S205002E09269D
S205002E0A3191
S205002E0B07BA
S205002E0C239D
S205002E0D249B
S205002E0E417D
S205002E0F07B6
S205002E102399
S205002E112299
S205002E125169
S205002E1307B2
S205002E142395
S205002E152097
S205002E166155
S205002E1707AE
S205002E182391
S205002E192A89
S205002E1A9121
S205002E1B05AC
S205002E1CEFC1
S205002E1D109F
S205002E1E505E
S205002E1F535A
S205002E203775
S205002E2105A6
S205002E22109A
S205002E2300A9
S205002E241395
S205002E2505A2
S205002E26C5E1
S205002E27188D
S205002E28EFB5
S205002E2900A3
S205002E2A4062
S205002E2B673A
S205002E2C930D
S205002E2D0D92
S205002E2E0599
S205002E2F009D
S205002E303765
S205002E310596
S205002E32108A
S205002E330099
S205002E341385
S205002E350592
S205002E360591
S205002E371A7B
S205002E382371
S205002E392A69
S205002E3AB1E1
S205002E3B038E
S205002E3CEFA1
S205002E3D008F
S205002E3EC0CE
S205002E3F6825
S205002E4093F9
S205002E410784
S205002E420585
S205002E430089
S205002E443751
S205002E450582
S205002E461076
S205002E470085
S205002E48B7CD
S205002E49057E
S205002E4A0082
S205002E4B4041
S205002E4C136D
S205002E4D057A
S205002E4E4539
S205002E4F1B62
S205002E502359
S205002E512C4F
S205002E52F189
S205002E530277
S205002E54EF89
S205002E551067
S205002E56D0A6
S205002E574F26
S205002E58373D
S205002E59066D
S205002E5A0072
S205002E5B4031
S205002E5C93DD
S205002E5D056A
S205002E5E402E
S205002E5F6904
S205002E601359
S205002E6185E6
S205002E620D5D
S205002E630069
S205002E64EF79
S205002E650067
S205002E6680E6
S205002E676BFA
S205002E68EF75
S205002E690063
S205002E6AC0A2
S205002E6B6CF5
S205002E6CE37D
S205002E6D0E51
S205002E6E0559
S205002E6FFE5F
S205002E703725
S205002E710457
S205002E72005A
S205002E734019
S205002E7483D5
S205002E752631
S205002E764412
S205002E770055
S205002E780351
S205002E79262D
S205002E7A044E
S205002E7B0051
S205002E7C93BD
S205002E7D054A
S205002E7E0549
S205002E7F004D
S205002E803715
S205002E810546
S205002E82103A
S205002E830049
S205002E841335
S205002E850542
S205002E860541
S205002E871E27
S205002E88EF55
S205002E891033
S205002E8A90B2
S205002E8B4CF5
S205002E8C83BD
S205002E8D2718
S205002E8E043A
S205002E8F003D
S205002E903705
S205002E910536
S205002E92102A
S205002E930039
S205002E941325
S205002E950532
S205002E960531
S205002E972114
S205002E981321
S205002E9984AF
S205002E9A072B
S205002E9B0031
S205002E9C230D
S205002E9D2A05
S205002E9EF13D
S205002E9F002D
S205002EA0EF3D
S205002EA1101B
S205002EA2101A
S205002EA34BDE
S205002EA437F1
S205002EA50522
S205002EA61016
S205002EA70025
S205002EA89391
S205002EA9051E
S205002EAA041E
S205002EAB0021
S205002EAC130D
S205002EAD051A
S205002EAE8599
S205002EAF22FB
S205002EB0EF2D
S205002EB1100B
S205002EB2100A
S205002EB34ACF
S205002EB49385
S205002EB50710
S205002EB61006
S205002EB70015
S205002EB873A1
S205002EB99083
S205002EBA070B
S205002EBBCC45
S205002EBC937D
S205002EBD0708
S205002EBE000E
S205002EBF000D
S205002EC07399
S205002EC1907B
S205002EC20703
S205002EC37891
S205002EC4F315
S205002EC527E0
S205002EC60006
S205002EC7788D
S205002EC837CD
S205002EC907FC
S205002ECA10F2
S205002ECB0001
S205002ECC936D
S205002ECD8778
S205002ECE37C7
S205002ECF00FD
S205002ED023D9
S205002ED124D7
S205002ED2F703
S205002ED37E7B
S205002ED46395
S205002ED5589F
S205002ED68076
S205002ED748AD
S205002ED803F1
S205002ED927CC
S205002EDA41B1
S205002EDB01F0
S205002EDC23CD
S205002EDD2EC1
S205002EDE717D
S205002EDF05E8
S205002EE023C9
S205002EE12CBF
S205002EE28169
S205002EE305E4
S205002EE49355
S205002EE51BCC
S205002EE617CF
S205002EE700E5
S205002EE8B331
S205002EE9875C
S205002EEAEBF7
S205002EEB00E1
S205002EEC934D
S205002EED9748
S205002EEE7767
S205002EEF00DD
S205002EF023B9
S205002EF12CAF
S205002EF2F1E9
S205002EF300D9
S205002EF4B721
S205002EF507D0
S205002EF610C6
S205002EF700D5
S205002EF8379D
S205002EF98C47
S205002EFA00D2
S205002EFB00D1
S205002EFCB719
S205002EFD0AC5
S205002EFE02CC
S205002EFF408D
S205002F00B714
S205002F010BBF
S205002F0202C7
S205002F034088
S205002F04B710
S205002F050DB9
S205002F0610B5
S205002F0700C4
S205002F0823A0
S205002F09289A
S205002F0AF1D0
S205002F0B02BE
S205002F0C932C
S205002F0D07B7
S205002F0E07B6
S205002F0F05B7
S205002F102398
S205002F112892
S205002F12A118
S205002F1305B3
S205002F1413A4
S205002F1509AD
S205002F1600B5
S205002F1700B4
S205002F18377C
S205002F190BA7
S205002F1A10A1
S205002F1B00B0
S205002F1CB7F8
S205002F1D0CA2
S205002F1E109D
S205002F1F00AC
S205002F20B7F4
S205002F2109A1
S205002F221099
S205002F2300A8
S205002F241394
S205002F250C9A
S205002F260C99
S205002F278024
S205002F282380
S205002F292E74
S205002F2AF1B0
S205002F2B029E
S205002F2C930C
S205002F2D8A14
S205002F2E0A93
S205002F2FFCA0
S205002F30B7E4
S205002F310496
S205002F320099
S205002F334058
S205002F343760
S205002F350492
S205002F360095
S205002F374054
S205002F389300
S205002F398B07
S205002F3A4B46
S205002F3BFC94
S205002F3C137C
S205002F3D8D01
S205002F3E0D80
S205002F3F008C
S205002F408308
S205002F412763
S205002F424148
S205002F430187
S205002F442364
S205002F45285E
S205002F462164
S205002F470183
S205002F482360
S205002F49265C
S205002F4A8100
S205002F4B017F
S205002F4C136C
S205002F4D0975
S205002F4E0974
S205002F4F0577
S205002F501368
S205002F510A70
S205002F520079
S205002F530573
S205002F546314
S205002F55DA9C
S205002F56274E
S205002F570173
S205002F5883F0
S205002F59274B
S205002F5AC1B0
S205002F5B036D
S205002F5C333C
S205002F5D8AE4
S205002F5E2746
S205002F5F412B
S205002F6083E8
S205002F612743
S205002F6281E8
S205002F630167
S205002F642344
S205002F652640
S205002F66F174
S205002F670064
S205002F68F370
S205002F692D35
S205002F6A0061
S205002F6B78E8
S205002F6C83DC
S205002F6D2638
S205002F6EC19C
S205002F6F005C
S205002F7083D8
S205002F712535
S205002F720158
S205002F730157
S205002F74B7A0
S205002F75074F
S205002F761045
S205002F770054
S205002F781340
S205002F79064C
S205002F7A0A47
S205002F7B0050
S205002F7C133C
S205002F7D85C9
S205002F7EC786
S205002F7F3E0E
S205002F80EF5C
S205002F81103A
S205002F821039
S205002F833D0B
S205002F8473D4
S205002F85271F
S205002F860045
S205002F8778CC
S205002F8883C0
S205002F89A79B
S205002F8A49F8
S205002F8B7CC4
S205002F8C93AC
S205002F8D87B7
S205002F8EB786
S205002F8FFF3D
S205002F90B388
S205002F9187B3
S205002F92E752
S205002F930038
S205002F94B384
S205002F9587AF
S205002F96B77E
S205002F9741F3
S205002F982310
S205002F99A290
S205002F9AF938
S205002F9B7CB4
S205002F9CF33C
S205002F9D2D01
S205002F9E002D
S205002F9F78B4
S205002FA083A8
S205002FA12505
S205002FA2C168
S205002FA30028
S205002FA40324
S205002FA52501
S205002FA641E4
S205002FA70321
S205002FA837EC
S205002FA9061C
S205002FAA0021
S205002FAB40E0
S205002FAC130C
S205002FAD0618
S205002FAE0617
S205002FAF6AB2
S205002FB0EF2C
S205002FB1001A
S205002FB2C059
S205002FB356C2
S205002FB4EF28
S205002FB50016
S205002FB60015
S205002FB758BC
S205002FB8E330
S205002FB90E04
S205002FBA050C
S205002FBBFE12
S205002FBC739C
S205002FBD27E7
S205002FBE000D
S205002FBF7894
S205002FC08388
S205002FC1A763
S205002FC2CC3D
S205002FC37C8C
S205002FC437D0
S205002FC50600
S205002FC60005
S205002FC740C4
S205002FC837CC
S205002FC90FF3
S205002FCA02FF
S205002FCB40C0
S205002FCC936C
S205002FCD8777
S205002FCEB746
S205002FCFFFFD
S205002FD0B348
S205002FD18773
S205002FD2B742
S205002FD341B7
S205002FD4B344
S205002FD5876F
S205002FD6E70E
S205002FD700F4
S205002FD837BC
S205002FD90EE4
S205002FDA02EF
S205002FDB40B0
S205002FDCB738
S205002FDD05E9
S205002FDE02EB
S205002FDF40AC
S205002FE023C8
S205002FE1A644
S205002FE2FCED
S205002FE37C6C
S205002FE413D4
S205002FE506E0
S205002FE606DF
S205002FE76A7A
S205002FE89350
S205002FE907DB
S205002FEA0CD5
S205002FEB00E0
S205002FEC13CC
S205002FED0FCF
S205002FEE8F4E
S205002FEFFCE0
S205002FF013C8
S205002FF10ECC
S205002FF2CE0B
S205002FF3FCDC
S205002FF49344
S205002FF58551
S205002FF605D0
S205002FF7FDD7
S205002FF823B0
S205002FF922B0
S205002FFA21B0
S205002FFB03CD
S205002FFC23AC
S205002FFD24AA
S205002FFE319C
S205002FFF03C9
S20500300023A7
S20500300126A3
S2050030029137
S20500300303C4
S20500300413B3
S2050030058C39
S2050030060BB9
S20500300700C3
S205003008932F
S2050030090DB4
S20500300A00C0
S20500300B00BF
S20500300C932B
S20500300D8B32
S20500300E0AB2
S20500300F00BB
S2050030109327
S2050030110EAB
S20500301210A8
S20500301300B7
S2050030149323
S2050030150AAB
S2050030160AAA
S20500301700B3
S205003018139F
S20500301909A8
S20500301A0FA1
S20500301B00AF
S20500301C139B
S20500301D0AA3
S20500301E06A6
S20500301F00AB
S2050030209317
S20500302109A0
S2050030220E9A
S20500302300A7
S2050030249313
S2050030258C19
S205003026059F
S20500302700A3
S205003028138F
S205003029861B
S20500302A0799
S20500302B009F
S20500302C732B
S20500302D2578
S20500302E009C
S20500302F7823
S2050030308317
S205003031A7F2
S2050030324454
S2050030330097
S2050030342373
S205003035A0F5
S2050030368B09
S2050030370093
S205003038236F
S2050030392071
S20500303A4C44
S20500303B018E
S20500303C335B
S20500303D0786
S20500303ECAC2
S20500303F008B
S2050030402367
S2050030412069
S205003042E99F
S2050030430087
S2050030442363
S205003045A0E5
S205003046F98B
S2050030470083
S205003048235F
S205003049A0E1
S20500304ADCA4
S20500304B017E
S20500304C730B
S20500304D2855
S20500304E007C
S20500304F7803
S2050030500377
S2050030512752
S2050030528DEB
S2050030537DFA
S205003054B7BF
S205003055472E
S2050030560F65
S2050030570073
S205003058B7BB
S205003059066B
S20500305A026E
S20500305B402F
S20500305C135B
S20500305D0766
S20500305EB7B5
S20500305FFF6C
S2050030603337
S2050030610762
S2050030620761
S2050030630166
S2050030643333
S205003065075E
S205003066A7BD
S2050030674023
S205003068233F
S2050030692C35
S20500306AED73
S20500306B7CE3
S20500306C93CB
S20500306D87D6
S20500306E1745
S20500306F2437
S20500307093C7
S20500307186D3
S2050030724612
S205003073FD5A
S2050030746FE7
S2050030750055
S20500307680D4
S2050030770053
S20500307863EF
S20500307984CD
S20500307A0749
S20500307B2C23
S20500307C034B
S20500307DA7A6
S20500307E0646
S20500307F004B
S20500308093B7
S20500308187C2
S205003082F751
S205003083FF48
S205003084E363
S2050030850A3B
S205003086073D
S205003087FE45
S20500308873CF
S205003089271A
S20500308A0040
S20500308B78C7
S20500308C83BB
S20500308D2716
S20500308E4BF1
S20500308F7DBE
S20500309093A7
S2050030918DAC
S2050030921D1B
S2050030930037
S2050030941323
S2050030950A2B
S2050030960A2A
S205003097181B
S205003098B37F
S20500309987AA
S20500309A0729
S20500309B41EE
S20500309CB37B
S20500309D87A6
S20500309EE745
S20500309F002B
S2050030A02307
S2050030A12AFF
S2050030A2FB2D
S2050030A37CAB
S2050030A4E343
S2050030A59491
S2050030A6BA6A
S2050030A7F92A
S2050030A8938F
S2050030A98A97
S2050030AA0B15
S2050030AB001F
S2050030AC031B
S2050030AD29F4
S2050030AE41DB
S2050030AF0219
S2050030B09387
S2050030B10B0E
S2050030B20C0C
S2050030B30017
S2050030B48393
S2050030B529EC
S2050030B68193
S2050030B70211
S2050030B8838F
S2050030B92CE5
S2050030BAC14F
S2050030BB020D
S2050030BC13FB
S2050030BD0C01
S2050030BE0606
S2050030BF000B
S2050030C0F317
S2050030C12DDC
S2050030C20008
S2050030C3788F
S2050030C48383
S2050030C525E0
S2050030C6C143
S2050030C70003
S2050030C803FF
S2050030C925DC
S2050030CA817F
S2050030CB03FC
S2050030CCB747
S2050030CD8677
S2050030CE00FC
S2050030CF40BB
S2050030D09367
S2050030D18673
S2050030D206F2
S2050030D3EA0D
S2050030D413E3
S2050030D506EF
S2050030D600F4
S2050030D702F1
S2050030D8EF03
S2050030D900F1
S2050030DA40B0
S2050030DB549B
S2050030DCEFFF
S2050030DD00ED
S2050030DEC02C
S2050030DF5596
S2050030E0E307
S2050030E10EDB
S2050030E205E3
S2050030E3FEE9
S2050030E47373
S2050030E527BE
S2050030E600E4
S2050030E7786B
S2050030E8835F
S2050030E926BB
S2050030EA01DF
S2050030EB03DC
S2050030EC835B
S2050030EDA736
S2050030EE8656
S2050030EF7C5F
S2050030F09347
S2050030F18752
S2050030F2B721
S2050030F3FFD8
S2050030F4B323
S2050030F5874E
S2050030F6B71D
S2050030F74192
S2050030F8B31F
S2050030F9874A
S2050030FAE7E9
S2050030FB00CF
S2050030FC23AB
S2050030FDA429
S2050030FEF6D6
S2050030FF7C4F
S2050031007356
S2050031012A9E
S20500310200C7
S205003103784E
S2050031048342
S205003105259F
S20500310601C2
S20500310701C1
S205003108B70A
S20500310907B9
S20500310A10AF
S20500310B00BE
S20500310C13AA
S20500310D8537
S20500310E4774
S20500310F4179
S205003110EFCA
S20500311110A8
S20500311210A7
S2050031132492
S205003114F3C2
S205003115268E
S20500311600B3
S205003117783A
S205003118832E
S205003119A709
S20500311A4966
S20500311B7C32
S20500311C3776
S20500311D9715
S20500311EFFAC
S20500311FFFAB
S2050031201396
S20500312107A1
S20500312207A0
S2050031238026
S2050031249312
S205003125871D
S205003126B7EC
S205003127FFA3
S205003128B3EE
S2050031298719
S20500312AD7C8
S20500312B009E
S20500312CB3EA
S20500312D8715
S20500312E4754
S20500312F4159
S2050031302376
S205003131A2F6
S205003132F99E
S2050031337C1A
S2050031348312
S205003135276D
S2050031368112
S2050031370191
S205003138B3DE
S2050031398709
S20500313AE7A8
S20500313B008E
S20500313C236A
S20500313D2C60
S20500313EF19A
S20500313F008A
S2050031408306
S2050031412761
S2050031424146
S2050031430185
S205003144E3A2
S2050031454E36
S205003146F98A
S205003147DEA4
S20500314893EE
S2050031490D73
S20500314A0D72
S20500314B007E
S20500314C83FA
S20500314D2B51
S20500314EC1BA
S20500314F0575
S2050031500376
S2050031512C4C
S20500315281F6
S2050031530571
S2050031540372
S2050031552D47
S2050031560172
S205003157056D
S205003158F37E
S2050031592749
S20500315A006F
S20500315B78F6
S20500315C3736
S20500315D0765
S20500315E105B
S20500315F006A
S20500316093D6
S20500316187E1
S205003162E780
S205003163FF67
S2050031642342
S2050031652242
S205003166F76C
S2050031677EE4
S205003168B7AA
S2050031690759
S20500316A104F
S20500316B005E
S20500316C035A
S20500316D2438
S20500316E4714
S20500316F7EDC
S20500317083D6
S205003171A7B1
S20500317287D0
S2050031737ED8
S20500317483D2
S2050031752A2A
S2050031764112
S2050031770151
S205003178B79A
S205003179044C
S20500317A103F
S20500317B004E
S20500317C331A
S20500317D0448
S20500317EF457
S20500317F400A
S20500318093B6
S20500318185C3
S2050031820A3D
S2050031830046
S2050031841332
S205003185053F
S205003186043F
S2050031870042
S205003188EF52
S205003189F050
S20500318A4FF0
S20500318BEF4F
S20500318C132A
S20500318D0636
S20500318E0536
S20500318F003A
S2050031903702
S2050031910533
S2050031921027
S2050031930036
S20500319493A2
S20500319586AE
S2050031960A29
S2050031970032
S205003198939E
S205003199052B
S20500319A042B
S20500319B002E
S20500319C131A
S20500319D0527
S20500319EC566
S20500319F2307
S2050031A0EF3A
S2050031A11018
S2050031A21017
S2050031A31B0B
S2050031A40322
S2050031A5A77D
S2050031A68D96
S2050031A77DA5
S2050031A8031E
S2050031A92AF6
S2050031AA011E
S2050031AB031B
S2050031AC839A
S2050031AD27F5
S2050031AE4BD0
S2050031AF7D9D
S2050031B00316
S2050031B1A672
S2050031B20413
S2050031B37D99
S2050031B48392
S2050031B5A66E
S2050031B6CC47
S2050031B77C96
S2050031B833DE
S2050031B9040C
S2050031BAE42B
S2050031BB40CE
S2050031BC33DA
S2050031BD0408
S2050031BEF417
S2050031BF40CA
S2050031C00306
S2050031C127E1
S2050031C28A7D
S2050031C37C8A
S2050031C48382
S2050031C5A75D
S2050031C649BA
S2050031C77C86
S2050031C833CE
S2050031C904FC
S2050031CAC43B
S2050031CB40BE
S2050031CC33CA
S2050031CD04F8
S2050031CED427
S2050031CF40BA
S2050031D037C2
S2050031D105F3
S2050031D210E7
S2050031D300F6
S2050031D433C2
S2050031D504F0
S2050031D6E40F
S2050031D740B2
S2050031D8935E
S2050031D9856B
S2050031DA0AE5
S2050031DB00EE
S2050031DC13DA
S2050031DD05E7
S2050031DE8566
S2050031DF28C2
S2050031E033B6
S2050031E104E4
S2050031E2F4F3
S2050031E340A6
S2050031E4EFF6
S2050031E510D4
S2050031E6D013
S2050031E716CC
S2050031E803DE
S2050031E9A937
S2050031EA8D52
S2050031EB7D61
S2050031EC934A
S2050031ED8557
S2050031EE0AD1
S2050031EF00DA
S2050031F013C6
S2050031F105D3
S2050031F209CE
S2050031F300D6
S2050031F4EFE6
S2050031F5F0E4
S2050031F68F44
S2050031F7E8EA
S2050031F813BE
S2050031F906CA
S2050031FA05CA
S2050031FB00CE
S2050031FC3796
S2050031FD05C7
S2050031FE10BB
S2050031FF00CA
S2050032009335
S20500320105C2
S20500320209BD
S20500320300C5
S20500320413B1
S20500320505BE
S205003206853D
S2050032072A97
S205003208EFD1
S20500320910AF
S20500320A902E
S20500320B14A9
S20500320C03B9
S20500320D2992
S20500320E4B6F
S20500320F7D3C
S2050032109325
S2050032118532
S2050032120AAC
S20500321300B5
S20500321413A1
S20500321505AE
S20500321609A9
S20500321700B1
S205003218EFC1
S205003219F0BF
S20500321A4F5F
S20500321BE6C7
S20500321C1399
S20500321D06A5
S20500321E05A5
S20500321F00A9
S2050032203771
S20500322105A2
S2050032221096
S20500322300A5
S2050032249311
S205003225059E
S2050032260999
S20500322700A1
S205003228138D
S205003229059A
S20500322AC5D9
S20500322B2C71
S20500322CEFAD
S20500322D108B
S20500322E504A
S20500322F1287
S2050032308315
S205003231A4F3
S2050032320492
S2050032337D18
S2050032349301
S205003235850E
S2050032360A88
S2050032370091
S205003238137D
S205003239850A
S20500323A048A
S20500323B008D
S20500323CEF9D
S20500323DF09B
S20500323E0F7B
S20500323FE4A5
S2050032401375
S2050032410681
S2050032420581
S2050032430085
S205003244374D
S205003245057E
S2050032461072
S2050032470081
S20500324893ED
S20500324985FA
S20500324A047A
S20500324B007D
S20500324C1369
S20500324D0576
S20500324E0575
S20500324F2F4A
S205003250EF89
S2050032511067
S2050032521066
S2050032531065
S20500325483F1
S205003255A4CF
S205003256CCA6
S2050032577CF5
S20500325893DD
S20500325985EA
S20500325A0A64
S20500325B006D
S20500325C1359
S20500325D85E6
S20500325E0466
S20500325F0069
S205003260EF79
S205003261F077
S205003262CF97
S205003263E184
S2050032641351
S205003265065D
S205003266055D
S2050032670061
S2050032683729
S205003269055A
S20500326A104E
S20500326B005D
S20500326C93C9
S20500326D85D6
S20500326E0456
S20500326F0059
S2050032701345
S2050032710552
S2050032724511
S2050032733124
S205003274EF65
S2050032751043
S205003276D082
S2050032770D44
S20500327883CD
S205003279242B
S20500327A8AC4
S20500327B7CD1
S20500327C93B9
S20500327D85C6
S20500327E0A40
S20500327F0049
S2050032801335
S20500328185C2
S2050032820442
S2050032830045
S205003284EF55
S205003285F053
S2050032868FB3
S205003287DF62
S205003288132D
S2050032890639
S20500328A0539
S20500328B003D
S20500328C3705
S20500328D0536
S20500328E102A
S20500328F0039
S20500329093A5
S20500329185B2
S2050032920432
S2050032930035
S2050032941321
S205003295052E
S20500329685AD
S20500329733FE
S205003298EF41
S205003299101F
S20500329A909E
S20500329B0B22
S20500329C83A9
S20500329DA487
S20500329E49E1
S20500329F7CAD
S2050032A09395
S2050032A185A2
S2050032A20A1C
S2050032A30025
S2050032A41311
S2050032A5859E
S2050032A6041E
S2050032A70021
S2050032A8EF31
S2050032A9F02F
S2050032AA4FCF
S2050032ABDD40
S2050032AC1309
S2050032AD0615
S2050032AE0515
S2050032AF0019
S2050032B037E1
S2050032B10512
S2050032B21006
S2050032B30015
S2050032B49381
S2050032B5858E
S2050032B6040E
S2050032B70011
S2050032B813FD
S2050032B9050A
S2050032BAC549
S2050032BB35D8
S2050032BCEF1D
S2050032BD10FB
S2050032BE50BA
S2050032BF0900
S2050032C09375
S2050032C18582
S2050032C20AFC
S2050032C30005
S2050032C413F1
S2050032C505FE
S2050032C604FE
S2050032C70001
S2050032C8EF11
S2050032C9F00F
S2050032CA4FAF
S2050032CBDB22
S2050032CC13E9
S2050032CD06F5
S2050032CE05F5
S2050032CF00F9
S2050032D037C1
S2050032D105F2
S2050032D210E6
S2050032D300F5
S2050032D49361
S2050032D505EE
S2050032D604EE
S2050032D700F1
S2050032D813DD
S2050032D905EA
S2050032DA05E9
S2050032DB38B5
S2050032DCEFFD
S2050032DD10DB
S2050032DE509A
S2050032DF07E2
S2050032E003E5
S2050032E125C2
S2050032E241A5
S2050032E303E2
S2050032E4EFF5
S2050032E500E3
S2050032E600E2
S2050032E721C0
S2050032E803DD
S2050032E925BA
S2050032EA815D
S2050032EB03DA
S2050032ECEFED
S2050032ED00DB
S2050032EE805A
S2050032EF20B9
S2050032F037A1
S2050032F105D2
S2050032F210C6
S2050032F300D5
S2050032F413C1
S2050032F505CE
S2050032F6458D
S2050032F73A97
S2050032F8EFE1
S2050032F910BF
S2050032FA903E
S2050032FB05C8
S2050032FC3795
S2050032FD05C6
S2050032FE10BA
S2050032FF00C9
S20500330013B4
S20500330105C1
S2050033028540
S2050033033C88
S205003304EFD4
S20500330500C2
S205003306C001
S205003307417F
S205003308EFD0
S20500330900BE
S20500330A803D
S20500330B427A
S20500330C8338
S20500330D209A
S20500330EC1F8
S20500330F07B1
S20500331003B4
S2050033112492
S2050033128134
S20500331307AD
S2050033148330
S205003315248E
S2050033164170
S20500331707A9
S20500331803AC
S2050033192985
S20500331A01AC
S20500331B07A5
S20500331C8328
S20500331D2981
S20500331EC1E8
S20500331F06A2
S20500332003A4
S2050033212A7C
S2050033228124
S205003323069E
S2050033248320
S2050033252A78
S2050033264160
S205003327069A
S205003328039C
S2050033292B73
S20500332A019C
S20500332B0696
S20500332C8318
S20500332D2C6E
S20500332E4158
S20500332F0593
S2050033308314
S2050033312D69
S205003332C1D4
S2050033330490
S2050033341380
S205003335058D
S2050033360091
S2050033370090
S205003338137C
S205003339018D
S20500333A018C
S20500333B0884
S20500333C6724
S20500333D800A
S20500333E0089
S20500333F0088
S205003340B7D0
S205003341077F
S2050033421075
S2050033430084
S2050033441370
S20500334585FD
S205003346077A
S205003347146C
S205003348235C
S205003349205E
S20500334A017C
S20500334B0379
S20500334C2358
S20500334D2E4C
S20500334EC1B8
S20500334F0078
S205003350EF88
S2050033511066
S2050033521065
S2050033530074
S2050033540370
S205003355264C
S205003356C1B0
S205003357016F
S205003358036C
S2050033592846
S20500335A016C
S20500335B026A
S20500335C93D8
S20500335D0E5C
S20500335E1059
S20500335F0068
S2050033606FF8
S205003361F076
S2050033629FC6
S205003363D292
S205003364B7AC
S205003365075B
S2050033661051
S2050033670060
S205003368B7A8
S2050033690D51
S20500336A104D
S20500336B005C
S20500336C3724
S20500336D0B4F
S20500336E1049
S20500336F0058
S205003370B7A0
S2050033710C4A
S2050033721045
S2050033730054
S2050033742330
S205003375282A
S205003376F160
S205003377024E
S205003378B798
S2050033790945
S20500337A103D
S20500337B004C
S20500337C6FDC
S20500337DF05A
S20500337EDF6A
S20500337FDD6B
S205003380B790
S205003381073F
S2050033821035
S2050033830044
S205003384370C
S2050033850F33
S2050033861031
S2050033870040
S20500338883BC
S205003389AE90
S20500338A0736
S20500338B7CC0
S20500338C0338
S20500338D2317
S20500338E0F2A
S20500338F7EBA
S20500339093A4
S205003391082E
S2050033920035
S2050033931024
S20500339493A0
S205003395D85A
S2050033961819
S2050033970030
S20500339837F8
S2050033996EC0
S20500339A101D
S20500339B002C
S20500339C9398
S20500339D0723
S20500339E1019
S20500339F0028
S2050033A09394
S2050033A18F97
S2050033A2889D
S2050033A3FF25
S2050033A42300
S2050033A5A082
S2050033A6FE23
S2050033A70020
S2050033A8938C
S2050033A90519
S2050033AA130A
S2050033AB001C
S2050033AC9388
S2050033AD8892
S2050033AE78A1
S2050033AFFF19
S2050033B01304
S2050033B10610
S2050033B20E07
S2050033B3F024
S2050033B40310
S2050033B548CA
S2050033B646CB
S2050033B70010
S2050033B8838C
S2050033B946C8
S2050033BA56B7
S2050033BB000C
S2050033BC0308
S2050033BD47C3
S2050033BE66A3
S2050033BF0008
S2050033C08384
S2050033C147BF
S2050033C2768F
S2050033C30004
S2050033C49370
S2050033C5966C
S2050033C6867B
S2050033C70000
S2050033C8B34C
S2050033C9E618
S2050033CA06F7
S2050033CB01FB
S2050033CC13E8
S2050033CD17E3
S2050033CE07F2
S2050033CF01F7
S2050033D033C4
S2050033D1678F
S2050033D2D71E
S2050033D300F4
S2050033D49360
S2050033D5975B
S2050033D6876A
S2050033D701EF
S2050033D8B33C
S2050033D9E707
S2050033DAE706
S2050033DB00EC
S2050033DCE308
S2050033DD8C5E
S2050033DEB732
S2050033DFFCEC
S2050033E06384
S2050033E114D2
S2050033E213D2
S2050033E301E3
S2050033E4E300
S2050033E5885A
S2050033E607DA
S2050033E7FCE4
S2050033E8B728
S2050033E96777
S2050033EA10CD
S2050033EB00DC
S2050033EC9348
S2050033ED8753
S2050033EE8752
S2050033EFF0E8
S2050033F033A4
S2050033F103D3
S2050033F2F3E2
S2050033F300D4
S2050033F423B0
S2050033F520B2
S2050033F6BF12
S2050033F77E52
S2050033F823AC
S2050033F900CE
S2050033FAA32A
S2050033FB00CC
S2050033FC6368
S2050033FD9634
S2050033FEF5D4
S2050033FF01C7
S20500340023A3
S20500340120A5
S2050034020FB5
S2050034037E45
S205003404932F
S20500340505BC
S20500340600C0
S20500340700BF
S205003408932B
S205003409F7C6
S20500340AF5C7
S20500340B0FAC
S20500340C13A7
S20500340DD7E2
S20500340E8533
S20500340F00B7
S2050034108333
S205003411466F
S2050034120EA6
S205003413F0C3
S205003414139F
S205003415773A
S205003416F7B9
S2050034170FA0
S205003418238B
S20500341900AD
S20500341AFEAE
S20500341BF0BB
S20500341C9317
S20500341DD7D2
S20500341E05A3
S20500341F01A6
S2050034208323
S205003421465F
S2050034221E86
S205003423F0B3
S205003424930F
S205003425F7AA
S205003426F7A9
S2050034270F90
S205003428A3FB
S205003429009D
S20500342AEEAE
S20500342BF0AB
S20500342C0397
S20500342D4752
S20500342E2E6A
S20500342FF0A7
S2050034309303
S205003431D5C0
S205003432850F
S2050034330192
S205003434236F
S2050034350190
S205003436FE92
S205003437F09F
S205003438830B
S2050034394746
S20500343A3E4E
S20500343BF09B
S20500343CA3E7
S20500343D0188
S20500343EBECA
S20500343FF097
S2050034402363
S205003441A0E5
S2050034420E76
S2050034430083
S205003444671B
S2050034458001
S2050034460080
S205003447007F
S2050034483747
S2050034490677
S20500344A106C
S20500344B007B
S20500344C93E7
S20500344D0772
S20500344E0078
S20500344F1067
S205003450373F
S205003451670E
S2050034521064
S2050034530073
S20500345483EF
S205003455264B
S205003456C6AA
S2050034577DF2
S20500345893DB
S205003459D796
S20500345A1755
S20500345B006B
S20500345C1357
S20500345D0762
S20500345E0761
S20500345FF077
S20500346093D3
S20500346185E0
S20500346287DD
S205003463FF64
S205003464B3AF
S20500346587DA
S205003466E779
S205003467005F
S205003468035B
S205003469A7B6
S20500346A4715
S20500346B005B
S20500346CE377
S20500346D0E4B
S20500346ED781
S20500346FFE59
S2050034701343
S20500347187CE
S20500347286CE
S2050034730053
S205003474331F
S20500347587CA
S205003476E769
S205003477004F
S205003478034B
S2050034794508
S20500347A0745
S20500347B004B
S20500347C93B7
S20500347D86C3
S20500347E1632
S20500347F0047
S2050034802323
S2050034812E17
S205003482D66E
S2050034837CC7
S205003484132F
S20500348575CC
S205003486F54B
S2050034870F30
S20500348863DB
S20500348996A7
S20500348AB686
S20500348B003B
S20500348C2317
S20500348D2E0B
S20500348E0632
S20500348F7CBB
S20500349093A3
S205003491062F
S2050034920034
S2050034930033
S205003494230F
S205003495A091
S205003496D759
S205003497002F
S20500349867C7
S20500349980AD
S20500349A002C
S20500349B002B
S20500349C9397
S20500349D0524
S20500349E0523
S20500349F0027
S2050034A037EF
S2050034A10520
S2050034A21014
S2050034A30023
S2050034A4130F
S2050034A50120
S2050034A6011F
S2050034A7FF20
S2050034A8130B
S2050034A90617
S2050034AA20FC
S2050034AB0714
S2050034AC1307
S2050034AD0514
S2050034AE45D3
S2050034AF45D2
S2050034B023F3
S2050034B126EF
S2050034B21103
S2050034B30013
S2050034B4EF23
S2050034B51001
S2050034B6C050
S2050034B769A6
S2050034B8EF1F
S2050034B9F01D
S2050034BA1FED
S2050034BBF912
S2050034BC8387
S2050034BD20E9
S2050034BEC147
S2050034BF0007
S2050034C013F3
S2050034C10104
S2050034C20103
S2050034C30102
S2050034C4679B
S2050034C58081
S2050034C60000
S2050034C700FF
S2050034C8936B
S2050034C905F8
S2050034CA05F7
S2050034CB00FB
S2050034CC37C3
S2050034CD05F4
S2050034CE10E8
S2050034CF00F7
S2050034D013E3
S2050034D101F4
S2050034D201F3
S2050034D3FFF4
S2050034D413DF
S2050034D506EB
S2050034D67080
S2050034D707E8
S2050034D813DB
S2050034D905E8
S2050034DA45A7
S2050034DB45A6
S2050034DC23C7
S2050034DD26C3
S2050034DE11D7
S2050034DF00E7
S2050034E0EFF7
S2050034E110D5
S2050034E200E4
S2050034E3677C
S2050034E4EFF3
S2050034E5F0F1
S2050034E65F81
S2050034E7F6E9
S2050034E8835B
S2050034E920BD
S2050034EAC11B
S2050034EB00DB
S2050034EC13C7
S2050034ED01D8
S2050034EE01D7
S2050034EF01D6
S2050034F0676F
S2050034F18055
S2050034F200D4
S2050034F300D3
S2050034F4933F
S2050034F505CC
S2050034F605CB
S2050034F700CF
S2050034F83797
S2050034F905C8
S2050034FA10BC
S2050034FB00CB
S2050034FC13B7
S2050034FD01C8
S2050034FE01C7
S2050034FFFFC8
S20500350013B2
S20500350105BF
S205003502457E
S205003503477B
S205003504239E
S205003505269A
S20500350611AE
S20500350700BE
S205003508EFCE
S20500350910AC
S20500350A803B
S20500350B6456
S20500350C8336
S20500350D2098
S20500350EC1F6
S20500350F00B6
S20500351013A2
S20500351105AF
S20500351210A3
S20500351300B2
S205003514139E
S20500351501AF
S20500351601AE
S20500351701AD
S2050035186746
S205003519802C
S20500351A00AB
S20500351B00AA
S20500351C9316
S20500351D06A2
S20500351E06A1
S20500351F00A6
S2050035201392
S205003521861E
S205003522059E
S20500352300A2
S205003524930E
S205003525059B
S205003526059A
S205003527009E
S2050035283766
S2050035290597
S20500352A108B
S20500352B009A
S20500352C1386
S20500352D0593
S20500352EC5D2
S20500352F484E
S2050035306F26
S2050035311084
S2050035320093
S2050035336230
S205003534375A
S205003535058B
S205003536107F
S205003537008E
S205003538137A
S205003539018B
S20500353A018A
S20500353BFE8C
S20500353C1376
S20500353D0583
S20500353E4542
S20500353F4B3B
S2050035402362
S2050035412C58
S2050035428102
S2050035430082
S205003544235E
S2050035452A56
S20500354691EE
S205003547007E
S205003548235A
S2050035492854
S20500354A215A
S20500354B0179
S20500354C2356
S20500354D2E4A
S20500354E1166
S20500354F0076
S20500355093E2
S2050035510470
S2050035524132
S2050035530072
S205003554EF82
S2050035551060
S205003556C0AF
S2050035575F0F
S205003558135A
S2050035590468
S20500355A006B
S20500355B006A
S20500355C1356
S20500355D095F
S20500355EF077
S20500355F0F57
S2050035606FF6
S2050035610064
S20500356280E3
S2050035630062
S205003564134E
S205003565045C
S205003566144B
S205003567005E
S205003568EF6E
S205003569F06C
S20500356A1F3C
S20500356BEE6C
S20500356C2336
S20500356D80D8
S20500356EA4B3
S20500356F0056
S20500357093C2
S20500357184D0
S205003572143F
S2050035730052
S205003574E36E
S2050035751838
S205003576252A
S205003577FF4F
S20500357863EA
S205003579103C
S20500357A0447
S20500357B0248
S20500357C83C6
S20500357D2028
S20500357EC186
S20500357F0145
S2050035801332
S205003581053F
S205003582043F
S2050035830042
S205003584033E
S205003585241C
S20500358681BE
S205003587013D
S20500358883BA
S2050035892418
S20500358A41FA
S20500358B0139
S20500358C0336
S20500358D290F
S20500358E0136
S20500358F0135
S2050035901322
S2050035910133
S2050035920132
S2050035930230
S20500359467CA
S20500359580B0
S205003596002F
S205003597002E
S205003598939A
S2050035990725
S20500359A0427
S20500359B0129
S20500359C33F6
S20500359D84A4
S20500359E2700
S20500359F0026
S2050035A02302
S2050035A10A1A
S2050035A2041F
S2050035A3FE24
S2050035A4031E
S2050035A547D9
S2050035A641DE
S2050035A7001E
S2050035A863BA
S2050035A90616
S2050035AA0714
S2050035AB0614
S2050035AC1306
S2050035AD0612
S2050035AE51C6
S2050035AF0016
S2050035B01302
S2050035B10410
S2050035B20013
S2050035B30012
S2050035B413FE
S2050035B5050B
S2050035B6907F
S2050035B7000E
S2050035B813FA
S2050035B90804
S2050035BA50BB
S2050035BB000A
S2050035BC6F9A
S2050035BD0008
S2050035BEC047
S2050035BF0105
S2050035C09372
S2050035C1778D
S2050035C2F70C
S2050035C30FF3
S2050035C403FE
S2050035C547B9
S2050035C606F9
S2050035C700FE
S2050035C813EA
S2050035C914E8
S2050035CA44B7
S2050035CB00FA
S2050035CC13E6
S2050035CD06F2
S2050035CE16E1
S2050035CF00F6
S2050035D033C2
S2050035D18470
S2050035D2876C
S2050035D300F2
S2050035D4E30E
S2050035D504EC
S2050035D607E8
S2050035D7FAF4
S2050035D8935A
S2050035D907E5
S2050035DA07E4
S2050035DBFDED
S2050035DC9356
S2050035DD06E2
S2050035DEF7F0
S2050035DFFBEB
S2050035E09352
S2050035E1F7ED
S2050035E2F7EC
S2050035E30FD3
S2050035E4934E
S2050035E5F6EA
S2050035E6F6E9
S2050035E70FCF
S2050035E8E3FA
S2050035E97E5E
S2050035EAF5E6
S2050035EBFCDE
S2050035EC9346
S2050035ED05D3
S2050035EEF7E0
S2050035EFF9DD
S2050035F09342
S2050035F107CD
S2050035F2973C
S2050035F3FCD6
S2050035F4933E
S2050035F5F5DB
S2050035F6F5DA
S2050035F70FBF
S2050035F813BA
S2050035F907C5
S2050035FA9734
S2050035FBFAD0
S2050035FC9336
S2050035FDF7D1
S2050035FEF7D0
S2050035FF0FB7
S205003600E3E1
S2050036017251
S205003602D8EA
S205003603FCC5
S205003604E3DD
S2050036057E41
S205003606B806
S205003607FAC3
S2050036083785
S20500360905B6
S20500360A10AA
S20500360B00B9
S20500360C13A5
S20500360D05B2
S20500360E8531
S20500360F4273
S205003610EFC5
S20500361110A3
S20500361200B2
S205003613545D
S205003614139D
S20500361504AB
S20500361600AE
S20500361700AD
S2050036186F3D
S205003619F0BB
S20500361A5F4B
S20500361BF6B3
S20500361C1395
S20500361D8720
S20500361E06A0
S20500361F00A5
S2050036209311
S205003621069D
S205003622069C
S20500362300A1
S205003624138D
S2050036258619
S2050036260599
S205003627009D
S2050036289309
S2050036290596
S20500362A0595
S20500362B0099
S20500362C3761
S20500362D0592
S20500362E1086
S20500362F0095
S2050036301381
S205003631058E
S205003632454D
S2050036334D44
S2050036346F21
S205003635107F
S205003636C0CE
S205003637513C
S2050036383755
S2050036390586
S20500363A107A
S20500363B0089
S20500363C1375
S20500363D0186
S20500363E0185
S20500363FFE87
S2050036401371
S205003641057E
S205003642057D
S2050036435031
S205003644235D
S2050036452C53
S20500364681FD
S205003647007D
S2050036482359
S2050036492A51
S20500364A91E9
S20500364B0079
S20500364C2355
S20500364D284F
S20500364E2155
S20500364F0174
S2050036502351
S2050036512E45
S2050036521161
S2050036530071
S20500365493DD
S205003655046B
S205003656412D
S205003657006D
S205003658EF7D
S205003659105B
S20500365A80EA
S20500365B4F1A
S20500365C1355
S20500365D0463
S20500365E0066
S20500365F0065
S2050036601351
S205003661095A
S205003662F072
S2050036630F52
S2050036646FF1
S205003665005F
S20500366680DE
S205003667005D
S2050036681349
S2050036690457
S20500366A1446
S20500366B0059
S20500366CEF69
S20500366DF067
S20500366EDF77
S20500366FDD78
S2050036702331
S20500367180D3
S205003672A4AE
S2050036730051
S20500367493BD
S20500367584CB
S205003676143A
S205003677004D
S205003678E369
S2050036791833
S20500367A2525
S20500367BFF4A
S20500367C63E5
S20500367D1037
S20500367E0442
S20500367F0243
S20500368083C1
S2050036812023
S205003682C181
S2050036830140
S205003684132D
S205003685053A
S205003686043A
S205003687003D
S2050036880339
S2050036892417
S20500368A81B9
S20500368B0138
S20500368C83B5
S20500368D2413
S20500368E41F5
S20500368F0134
S2050036900331
S205003691290A
S2050036920131
S2050036930130
S205003694131D
S205003695012E
S205003696012D
S205003697022B
S20500369867C5
S20500369980AB
S20500369A002A
S20500369B0029
S20500369C9395
S20500369D0720
S20500369E0422
S20500369F0124
S2050036A033F1
S2050036A1849F
S2050036A227FB
S2050036A30021
S2050036A423FD
S2050036A50A15
S2050036A6041A
S2050036A7FE1F
S2050036A80319
S2050036A947D4
S2050036AA41D9
S2050036AB0019
S2050036AC63B5
S2050036AD0611
S2050036AE070F
S2050036AF060F
S2050036B01301
S2050036B1060D
S2050036B251C1
S2050036B30011
S2050036B413FD
S2050036B5040B
S2050036B6000E
S2050036B7000D
S2050036B813F9
S2050036B90506
S2050036BA907A
S2050036BB0009
S2050036BC13F5
S2050036BD08FF
S2050036BE50B6
S2050036BF0005
S2050036C06F95
S2050036C10003
S2050036C2C042
S2050036C30100
S2050036C4936D
S2050036C57788
S2050036C6F707
S2050036C70FEE
S2050036C803F9
S2050036C947B4
S2050036CA06F4
S2050036CB00F9
S2050036CC13E5
S2050036CD14E3
S2050036CE44B2
S2050036CF00F5
S2050036D013E1
S2050036D106ED
S2050036D216DC
S2050036D300F1
S2050036D433BD
S2050036D5846B
S2050036D68767
S2050036D700ED
S2050036D8E309
S2050036D904E7
S2050036DA07E3
S2050036DBFAEF
S2050036DC9355
S2050036DD07E0
S2050036DE07DF
S2050036DFFDE8
S2050036E09351
S2050036E106DD
S2050036E2F7EB
S2050036E3FBE6
S2050036E4934D
S2050036E5F7E8
S2050036E6F7E7
S2050036E70FCE
S2050036E89349
S2050036E9F6E5
S2050036EAF6E4
S2050036EB0FCA
S2050036ECE3F5
S2050036ED7E59
S2050036EEF5E1
S2050036EFFCD9
S2050036F09341
S2050036F105CE
S2050036F2F7DB
S2050036F3F9D8
S2050036F4933D
S2050036F507C8
S2050036F69737
S2050036F7FCD1
S2050036F89339
S2050036F9F5D6
S2050036FAF5D5
S2050036FB0FBA
S2050036FC13B5
S2050036FD07C0
S2050036FE972F
S2050036FFFACB
S2050037009330
S205003701F7CB
S205003702F7CA
S2050037030FB1
S205003704E3DC
S205003705724C
S205003706D8E5
S205003707FCC0
S205003708E3D8
S2050037097E3C
S20500370AB801
S20500370BFABE
S20500370C3780
S20500370D05B1
S20500370E10A5
S20500370F00B4
S20500371013A0
S20500371105AD
S205003712852C
S205003713426E
S205003714EFC0
S205003715109E
S205003716C0ED
S2050037174369
S2050037181398
S20500371904A6
S20500371A00A9
S20500371B00A8
S20500371C6F38
S20500371DF0B6
S20500371E5F46
S20500371FF6AE
S2050037209310
S205003721059D
S205003722059C
S20500372300A0
S2050037243768
S2050037250599
S205003726108D
S205003727009C
S2050037281388
S2050037290595
S20500372A0594
S20500372B5246
S20500372C6F28
S20500372D1086
S20500372E4055
S20500372F4252
S205003730375C
S205003731058D
S2050037321081
S2050037330090
S205003734137C
S205003735018D
S205003736018C
S205003737FF8D
S2050037381378
S2050037390585
S20500373A8504
S20500373B5335
S20500373C2364
S20500373D2660
S20500373E1174
S20500373F0084
S205003740EF94
S2050037411072
S2050037420081
S205003743413F
S20500374483FC
S205003745205E
S205003746C1BC
S205003747007C
S2050037481368
S2050037490179
S20500374A0178
S20500374B0177
S20500374C6F08
S20500374DF086
S20500374EDF96
S20500374FCFA5
S2050037501360
S2050037510171
S2050037520170
S205003753F67A
S205003754234C
S2050037552C42
S20500375681EC
S2050037570864
S2050037582348
S2050037592A40
S20500375A91D8
S20500375B0860
S20500375C2344
S20500375D283E
S20500375E2144
S20500375F095B
S2050037602340
S205003761263C
S2050037623130
S2050037630957
S205003764233C
S205003765203E
S20500376661FC
S2050037670953
S2050037682338
S2050037692E2C
S20500376A1148
S20500376B0850
S20500376C2334
S20500376D2432
S20500376E4114
S20500376F094B
S2050037702330
S2050037712230
S2050037725100
S2050037730947
S205003774232C
S2050037752E20
S20500377671DC
S2050037770745
S2050037782328
S2050037792C1E
S20500377A81C8
S20500377B0741
S20500377C2324
S20500377D281E
S20500377EA1A4
S20500377F073D
S2050037802320
S205003781261C
S205003782B190
S2050037830739
S205003784132C
S205003785F846
S2050037860736
S2050037870438
S2050037881328
S2050037890436
S20500378A0534
S20500378B0038
S20500378C93A4
S20500378D89AD
S20500378E0530
S20500378F0034
S20500379093A0
S205003791042E
S205003792062B
S2050037930030
S205003794131C
S20500379589A5
S2050037960627
S205003797002C
S2050037981318
S2050037990B1F
S20500379A0722
S20500379B0028
S20500379C63C4
S20500379D1016
S20500379E081D
S20500379F1C08
S2050037A0B76C
S2050037A10A18
S2050037A21011
S2050037A30020
S2050037A4938C
S2050037A58A94
S2050037A6CA53
S2050037A754C8
S2050037A81308
S2050037A9FC1E
S2050037AA0712
S2050037AB0117
S2050037AC63B4
S2050037AD0412
S2050037AE0C09
S2050037AF18FC
S2050037B01300
S2050037B1070B
S2050037B20011
S2050037B3010F
S2050037B423EC
S2050037B522EC
S2050037B6E12C
S2050037B7000C
S2050037B813F8
S2050037B90703
S2050037BA0009
S2050037BB0206
S2050037BC9374
S2050037BDF70F
S2050037BEE71E
S2050037BFFF05
S2050037C023E0
S2050037C126DC
S2050037C2E120
S2050037C30000
S2050037C413EC
S2050037C5F707
S2050037C627D6
S2050037C700FC
S2050037C89368
S2050037C9FBFF
S2050037CA07F2
S2050037CB02F6
S2050037CC6394
S2050037CD0EE8
S2050037CE07EE
S2050037CF18DC
S2050037D06390
S2050037D1CA28
S2050037D209E8
S2050037D320D0
S2050037D413DC
S2050037D5F7F7
S2050037D647A6
S2050037D700EC
S2050037D86388
S2050037D912D8
S2050037DA07E2
S2050037DB1ECA
S2050037DC9354
S2050037DDF7EF
S2050037DE875E
S2050037DF00E4
S2050037E023C0
S2050037E124BE
S2050037E201E0
S2050037E300E0
S2050037E4637C
S2050037E58856
S2050037E607D6
S2050037E700DC
S2050037E89348
S2050037E907D3
S2050037EA00D9
S2050037EB02D6
S2050037EC13C4
S2050037ED09CD
S2050037EEF9DC
S2050037EFFFD5
S2050037F023B0
S2050037F124AE
S2050037F2F1E0
S2050037F300D0
S2050037F4636C
S2050037F58E40
S2050037F60BC2
S2050037F700CC
S2050037F89338
S2050037F907C3
S2050037FA00C9
S2050037FB01C7
S2050037FC6364
S2050037FD8244
S2050037FEF4D1
S2050037FF20A4
S205003800932F
S205003801873A
S205003802843C
S205003803FFC0
S205003804932B
S205003805B706
S20500380617A5
S20500380700BB
S2050038089327
S2050038090BAE
S20500380A00B8
S20500380B02B5
S20500380C3383
S20500380D09AC
S20500380EF9BB
S20500380F4073
S205003810634F
S2050038119021
S20500381209A7
S2050038131699
S205003814931B
S20500381507A6
S20500381600AC
S20500381703A8
S2050038182387
S2050038190E9B
S20500381AF1B7
S20500381B00A7
S20500381C1393
S20500381D0D98
S20500381E1094
S20500381F00A3
S205003820930F
S2050038210D94
S205003822C1DF
S205003823019E
S205003824138B
S2050038250A93
S2050038260D8F
S205003827009B
S2050038286337
S2050038295445
S20500382A6D2B
S20500382B0196
S20500382C1383
S20500382D0A8B
S20500382E0B89
S20500382F0093
S205003830830F
S205003831276A
S205003832414F
S205003833008F
S205003834335B
S2050038350984
S2050038364943
S205003837414A
S2050038386327
S20500383990F9
S20500383A0781
S20500383B0285
S20500383C6323
S20500383D5A2B
S20500383E2064
S20500383F1F64
S205003840136F
S205003841067B
S2050038420977
S205003843007F
S205003844136B
S2050038450578
S2050038460478
S205003847007B
S20500384893E7
S2050038490574
S20500384A0078
S20500384B0275
S20500384C3343
S20500384D0471
S20500384E2450
S20500384F0172
S205003850EF83
S205003851F081
S2050038528FE1
S205003853B0BF
S205003854135B
S2050038550964
S205003856F07C
S205003857FF6C
S20500385883E7
S2050038592742
S20500385A81E7
S20500385B0067
S20500385C6303
S20500385D86DF
S20500385E075D
S20500385F0063
S205003860233F
S2050038610061
S205003862F46C
S205003863005F
S205003864134B
S2050038650459
S2050038661448
S205003867005B
S20500386863F7
S2050038698ACF
S20500386A0B4D
S20500386B0057
S20500386C1343
S20500386D074E
S20500386E80D4
S20500386F0053
S20500387063EF
S2050038718EC3
S205003872E46C
S2050038731837
S205003874133B
S2050038750746
S205003876004C
S205003877014A
S20500387863E7
S2050038798ABF
S20500387AE464
S20500387B1433
S20500387C63E3
S20500387D1035
S20500387E0C38
S20500387F0241
S20500388063DF
S20500388154ED
S2050038822020
S2050038831B24
S20500388483BB
S2050038852518
S205003886C17B
S205003887003B
S2050038881327
S2050038890633
S20500388A092F
S20500388B0037
S20500388C1323
S20500388D0530
S20500388E0430
S20500388F0033
S205003890EF43
S205003891F041
S2050038928FA1
S205003893AC83
S20500389433FB
S2050038950429
S2050038962408
S205003897012A
S2050038981317
S2050038990920
S20500389AF038
S20500389BFF28
S20500389C63C3
S20500389D5EC7
S20500389E4DD7
S20500389F0122
S2050038A033EF
S2050038A10A17
S2050038A2AA76
S2050038A341DE
S2050038A4130B
S2050038A50518
S2050038A60418
S2050038A7001B
S2050038A81307
S2050038A90613
S2050038AA0A0E
S2050038AB0017
S2050038AC9383
S2050038AD0510
S2050038AE0014
S2050038AF0310
S2050038B0EF23
S2050038B1F021
S2050038B28F81
S2050038B3AA65
S2050038B433DB
S2050038B50409
S2050038B644C8
S2050038B7010A
S2050038B8B357
S2050038B98782
S2050038BA3DCB
S2050038BB0106
S2050038BC13F3
S2050038BD07FE
S2050038BE0400
S2050038BF0003
S2050038C003FF
S2050038C1C63B
S2050038C207F9
S2050038C300FF
S2050038C4936B
S2050038C58677
S2050038C607F5
S2050038C700FB
S2050038C813E7
S2050038C907F2
S2050038CA17E1
S2050038CB00F7
S2050038CCA353
S2050038CD0FE6
S2050038CEC72D
S2050038CFFEF5
S2050038D0935F
S2050038D1876A
S2050038D2F7F9
S2050038D3FFF0
S2050038D4E30B
S2050038D59657
S2050038D6DD0F
S2050038D7FEED
S2050038D89357
S2050038D98960
S2050038DA19CF
S2050038DB00E7
S2050038DC33B3
S2050038DD04E1
S2050038DE34B0
S2050038DF01E2
S2050038E0637F
S2050038E15C85
S2050038E220C0
S2050038E301DE
S2050038E413CB
S2050038E505D8
S2050038E604D8
S2050038E700DB
S2050038E813C7
S2050038E906D3
S2050038EA09CF
S2050038EB00D7
S2050038EC9343
S2050038ED05D0
S2050038EE00D4
S2050038EF02D1
S2050038F0EFE3
S2050038F1F0E1
S2050038F28F41
S2050038F3A629
S2050038F4339B
S2050038F504C9
S2050038F624A8
S2050038F701CA
S2050038F88347
S2050038F920A9
S2050038FAC107
S2050038FB09BE
S2050038FC13B3
S2050038FD05C0
S2050038FE04C0
S2050038FF00C3
S20500390003BE
S205003901249C
S205003902813E
S20500390309B5
S205003904833A
S2050039052498
S205003906417A
S20500390709B1
S20500390803B6
S205003909298F
S20500390A01B6
S20500390B09AD
S20500390C8332
S20500390D298B
S20500390EC1F2
S20500390F08AA
S20500391003AE
S2050039112A86
S205003912812E
S20500391308A6
S205003914832A
S2050039152A82
S205003916416A
S20500391708A2
S20500391803A6
S2050039192B7D
S20500391A01A6
S20500391B089E
S20500391C8322
S20500391D2B79
S20500391EC1E2
S20500391F079B
S205003920039E
S2050039212C74
S205003922811E
S2050039230797
S205003924039A
S2050039252D6F
S205003926019A
S2050039270793
S2050039288316
S2050039292D6B
S20500392AC1D6
S20500392B0690
S20500392C1382
S20500392D0193
S20500392E0192
S20500392F0A88
S205003930672A
S2050039318010
S205003932008F
S205003933008E
S20500393493FA
S205003935F696
S2050039361774
S2050039370189
S2050039381376
S205003939F791
S20500393A1770
S20500393B0086
S20500393C2362
S20500393D2262
S20500393ED1B2
S20500393F0082
S205003940631E
S2050039410C74
S2050039420778
S2050039430E70
S205003944136A
S2050039450775
S205003946007B
S2050039470377
S2050039482356
S2050039492652
S20500394AE196
S20500394B0076
S20500394C1362
S20500394DF77D
S20500394E274C
S20500394F0072
S20500395093DE
S205003951FB75
S2050039520768
S205003953026C
S205003954630A
S2050039550A62
S2050039560764
S205003957006A
S2050039586FFA
S205003959F078
S20500395A9FC8
S20500395BE77F
S20500395CB7AE
S20500395D0A5A
S20500395E1053
S20500395F0062
S20500396093CE
S2050039618AD6
S2050039624A15
S2050039635707
S2050039646FEE
S205003965F06C
S2050039665FFC
S205003967E476
S2050039682336
S2050039692434
S20500396A0156
S20500396B0056
S20500396C6FE6
S20500396DF064
S20500396E9FB4
S20500396FE86A
S205003970232E
S2050039712A26
S20500397291BE
S2050039730747
S205003974133A
S20500397585C7
S2050039760942
S205003977004A
S2050039781336
S2050039790D3B
S20500397A0047
S20500397B0046
S20500397C93B2
S20500397D0D37
S20500397EC182
S20500397F0141
S20500398093AE
S20500398185BB
S205003982043B
S205003983003E
S205003984132A
S2050039850A32
S2050039860536
S205003987003A
S205003988EF4A
S205003989E058
S20500398A5FD8
S20500398BF442
S20500398C3302
S20500398D85AF
S20500398EAA89
S20500398F0032
S20500399083AE
S20500399146EA
S205003992052A
S205003993002E
S205003994939A
S2050039950923
S2050039960D1E
S205003997002A
S2050039981316
S2050039990D1B
S20500399A1D0A
S20500399B0026
S20500399CB372
S20500399D8C98
S20500399EAD76
S20500399F0121
S2050039A0938E
S2050039A1859B
S2050039A2041B
S2050039A3001E
S2050039A4130A
S2050039A50517
S2050039A60A11
S2050039A7001A
S2050039A8A376
S2050039A98F89
S2050039AADC3B
S2050039ABFE18
S2050039ACEF26
S2050039ADE034
S2050039AE9F74
S2050039AFED25
S2050039B0E32E
S2050039B17898
S2050039B29A75
S2050039B3FC12
S2050039B4838A
S2050039B52CE0
S2050039B641CA
S2050039B70703
S2050039B86F9A
S2050039B9F018
S2050039BADF28
S2050039BBE620
S2050039BC9372
S2050039BD07FD
S2050039BEB053
S2050039BF0200
S2050039C013EE
S2050039C109F7
S2050039C2F906
S2050039C3FFFF
S2050039C423DA
S2050039C524D8
S2050039C6F10A
S2050039C700FA
S2050039C86F8A
S2050039C9F008
S2050039CADF18
S2050039CBE214
S2050039CC13E2
S2050039CD07ED
S2050039CE00F3
S2050039CF03EF
S2050039D023CE
S2050039D100F0
S2050039D2E40B
S2050039D300EE
S2050039D413DA
S2050039D507E5
S2050039D6806B
S2050039D707E3
S2050039D8A346
S2050039D900E8
S2050039DAE403
S2050039DB00E6
S2050039DC13D2
S2050039DD04E0
S2050039DE24BF
S2050039DF00E2
S2050039E06F72
S2050039E1F0F0
S2050039E2DF00
S2050039E3E9F5
S2050039E4B32A
S2050039E509D3
S2050039E630AB
S2050039E74199
S2050039E813C6
S2050039E909CF
S2050039EAF9DE
S2050039EBFFD7
S2050039EC6372
S2050039ED983C
S2050039EE0BC8
S2050039EF02D0
S2050039F0933E
S2050039F107C9
S2050039F2D0FF
S2050039F302CC
S2050039F423AA
S2050039F52AA2
S2050039F6913A
S2050039F707C3
S2050039F823A6
S2050039F924A4
S2050039FAF1D6
S2050039FB00C6
S2050039FC6F56
S2050039FDF0D4
S2050039FE9F24
S2050039FFF7CB
S205003A0013AD
S205003A0109B6
S205003A02E9D5
S205003A03FFBE
S205003A049329
S205003A050BB0
S205003A0600BA
S205003A0702B7
S205003A086F49
S205003A09F0C7
S205003A0A9F17
S205003A0BE0D5
S205003A0C13A1
S205003A0D07AC
S205003A0E00B2
S205003A0F03AE
S205003A10238D
S205003A1100AF
S205003A12E4CA
S205003A1300AD
S205003A141399
S205003A1504A7
S205003A161496
S205003A1700A9
S205003A186F39
S205003A19F0B7
S205003A1A5F47
S205003A1BE6BF
S205003A1C9311
S205003A1D079C
S205003A1ED0D2
S205003A1F029F
S205003A20237D
S205003A21247B
S205003A22F1AD
S205003A23009D
S205003A246F2D
S205003A25F0AB
S205003A265F3B
S205003A27DDBC
S205003A281385
S205003A29098E
S205003A2AF99D
S205003A2BFF96
S205003A2C6F25
S205003A2DF0A3
S205003A2E1F73
S205003A2FE7AA
S205003A30137D
S205003A310986
S205003A32F995
S205003A33FF8E
S205003A346F1D
S205003A35F09B
S205003A365F2B
S205003A37E2A7
S205003A381375
S205003A390780
S205003A3A0086
S205003A3B0283
S205003A3C2361
S205003A3D2261
S205003A3E0181
S205003A3F0081
S205003A40235D
S205003A412659
S205003A42E19D
S205003A43007D
S205003A446F0D
S205003A45F08B
S205003A461F5B
S205003A47D8A1
S205003A481365
S205003A490176
S205003A4A0175
S205003A4BEF86
S205003A4C2351
S205003A4D264D
S205003A4E1161
S205003A4F1061
S205003A50234D
S205003A51224D
S205003A5291DD
S205003A53105D
S205003A5483E9
S205003A55C7A4
S205003A560565
S205003A570069
S205003A582345
S205003A592443
S205003A5AA1C5
S205003A5B0065
S205003A5CE381
S205003A5D8ED5
S205003A5E075B
S205003A5F3E23
S205003A60B7A9
S205003A610857
S205003A62104E
S205003A63005D
S205003A642339
S205003A652437
S205003A6681D9
S205003A671049
S205003A682335
S205003A692037
S205003A6A2135
S205003A6B1144
S205003A6C2331
S205003A6D2E25
S205003A6E3121
S205003A6F0F42
S205003A70232D
S205003A712C23
S205003A72410D
S205003A730F3E
S205003A742329
S205003A752A21
S205003A7651F9
S205003A770F3A
S205003A782325
S205003A79281F
S205003A7A61E5
S205003A7B0F36
S205003A7C2321
S205003A7D261D
S205003A7E71D1
S205003A7F0F32
S205003A80231D
S205003A81241B
S205003A8281BD
S205003A830F2E
S205003A842319
S205003A852219
S205003A8691A9
S205003A870F2A
S205003A882315
S205003A892017
S205003A8AA195
S205003A8B0F26
S205003A8C2311
S205003A8D2E05
S205003A8EB181
S205003A8F0D24
S205003A90131D
S205003A9184AB
S205003A920529
S205003A93002D
S205003A949399
S205003A950B20
S205003A960624
S205003A970029
S205003A989395
S205003A990423
S205003A9A0521
S205003A9B0025
S205003A9C9391
S205003A9D091A
S205003A9E50D2
S205003A9F021F
S205003AA0130D
S205003AA10B14
S205003AA2001E
S205003AA3011C
S205003AA41309
S205003AA58992
S205003AA648D2
S205003AA75ABF
S205003AA89385
S205003AA90A0D
S205003AAA9086
S205003AAB0015
S205003AAC1301
S205003AAD0A09
S205003AAEE032
S205003AAF020F
S205003AB063AD
S205003AB1808F
S205003AB237D7
S205003AB30706
S205003AB423E9
S205003AB5808B
S205003AB6F416
S205003AB70009
S205003AB88385
S205003AB947C0
S205003ABA14F2
S205003ABB0005
S205003ABC9371
S205003ABD847F
S205003ABE14EE
S205003ABF0001
S205003AC013ED
S205003AC104FB
S205003AC214EA
S205003AC300FD
S205003AC4E319
S205003AC59665
S205003AC607F3
S205003AC7FEFB
S205003AC803F5
S205003AC924D3
S205003ACA8175
S205003ACB10E5
S205003ACC03F1
S205003ACD29CA
S205003ACE01F1
S205003ACF10E1
S205003AD0836D
S205003AD129C6
S205003AD2C12D
S205003AD30FDE
S205003AD403E9
S205003AD52AC1
S205003AD68169
S205003AD70FDA
S205003AD88365
S205003AD92ABD
S205003ADA41A5
S205003ADB0FD6
S205003ADC03E1
S205003ADD2BB8
S205003ADE01E1
S205003ADF0FD2
S205003AE0835D
S205003AE12BB4
S205003AE2C11D
S205003AE30ECF
S205003AE403D9
S205003AE52CAF
S205003AE68159
S205003AE70ECB
S205003AE88355
S205003AE92CAB
S205003AEA4195
S205003AEB0EC7
S205003AEC03D1
S205003AED2DA6
S205003AEE01D1
S205003AEF0EC3
S205003AF0834D
S205003AF12DA2
S205003AF2C10D
S205003AF30DC0
S205003AF423A9
S205003AF5804B
S205003AF604C6
S205003AF700C9
S205003AF88345
S205003AF927A0
S205003AFA8145
S205003AFB00C5
S205003AFC8341
S205003AFD20A3
S205003AFEC101
S205003AFF10B1
S205003B00338C
S205003B018539
S205003B02F4C9
S205003B03407C
S205003B048338
S205003B052496
S205003B064178
S205003B0710A8
S205003B0813A4
S205003B0901B5
S205003B0A01B4
S205003B0B11A3
S205003B0C674C
S205003B0D8032
S205003B0E00B1
S205003B0F00B0
S205003B10931C
S205003B1107A7
S205003B1200AD
S205003B1300AC
S205003B1403A8
S205003B154862
S205003B161495
S205003B1700A8
S205003B189314
S205003B190C9A
S205003B1A1491
S205003B1B00A4
S205003B1C1390
S205003B1D079B
S205003B1E0899
S205003B1FFEA2
S205003B20138C
S205003B217727
S205003B22F7A6
S205003B230F8D
S205003B246338
S205003B256A30
S205003B26EBAE
S205003B270098
S205003B281384
S205003B29177F
S205003B2A276E
S205003B2B0094
S205003B2C3360
S205003B2D078B
S205003B2E276A
S205003B2F018F
S205003B30038C
S205003B312767
S205003B320786
S205003B33008C
S205003B346724
S205003B35008A
S205003B360782
S205003B370088
S205003B381374
S205003B39077F
S205003B3A087D
S205003B3BFD87
S205003B3C1370
S205003B3D770B
S205003B3EF78A
S205003B3F0F71
S205003B40631C
S205003B41FE80
S205003B42EA93
S205003B43106C
S205003B441368
S205003B450773
S205003B46A0D9
S205003B470276
S205003B481364
S205003B490D69
S205003B4AF085
S205003B4BFF75
S205003B4C6310
S205003B4D0270
S205003B4EE889
S205003B4F145C
S205003B5093DC
S205003B510D61
S205003B52F07D
S205003B53FF6D
S205003B546308
S205003B550E5C
S205003B564821
S205003B570D5B
S205003B581354
S205003B5977EF
S205003B5AF86D
S205003B5B0D57
S205003B5C93D0
S205003B5D065C
S205003B5EC0A1
S205003B5F045C
S205003B6063FC
S205003B610E50
S205003B62D786
S205003B630854
S205003B641348
S205003B650753
S205003B66F861
S205003B67FB5D
S205003B681344
S205003B6977DF
S205003B6AF75E
S205003B6B0F45
S205003B6C93C0
S205003B6D064C
S205003B6E70E1
S205003B6F034D
S205003B7063EC
S205003B71EC62
S205003B72E667
S205003B730448
S205003B74B794
S205003B750644
S205003B761039
S205003B770048
S205003B781334
S205003B79172F
S205003B7A271E
S205003B7B0044
S205003B7C93B0
S205003B7D86BC
S205003B7E86BB
S205003B7F5EE2
S205003B80330C
S205003B810737
S205003B82D766
S205003B83003C
S205003B840338
S205003B852713
S205003B860732
S205003B870038
S205003B8867D0
S205003B890036
S205003B8A072E
S205003B8B0034
S205003B8C93A0
S205003B8DE74B
S205003B8E171A
S205003B8F0030
S205003B90131C
S205003B9184AA
S205003B920C21
S205003B93002C
S205003B946FBC
S205003B95F03A
S205003B961F0A
S205003B97F830
S205003B989394
S205003B99E73F
S205003B9A071E
S205003B9B0123
S205003B9C1310
S205003B9D849E
S205003B9E0C15
S205003B9F0020
S205003BA06FB0
S205003BA1F02E
S205003BA25FBE
S205003BA3F725
S205003BA49388
S205003BA5E733
S205003BA647D2
S205003BA70018
S205003BA81304
S205003BA98492
S205003BAA0C09
S205003BAB0014
S205003BAC6FA4
S205003BADF022
S205003BAE9F72
S205003BAFF61A
S205003BB0937C
S205003BB1E727
S205003BB20706
S205003BB3020A
S205003BB413F8
S205003BB58486
S205003BB60CFD
S205003BB70008
S205003BB86F98
S205003BB9F016
S205003BBADF26
S205003BBBF50F
S205003BBC9370
S205003BBDE71B
S205003BBE877A
S205003BBF0000
S205003BC013EC
S205003BC1847A
S205003BC20CF1
S205003BC300FC
S205003BC46F8C
S205003BC5F00A
S205003BC61FDA
S205003BC7F503
S205003BC813E4
S205003BC98C6A
S205003BCA0CE9
S205003BCB00F4
S205003BCC9360
S205003BCD07EB
S205003BCE50A1
S205003BCF02EE
S205003BD0638C
S205003BD10AE4
S205003BD2F8F5
S205003BD300EC
S205003BD423C8
S205003BD5806A
S205003BD6F4F5
S205003BD700E8
S205003BD803E4
S205003BD9489E
S205003BDA0CD9
S205003BDB00E4
S205003BDC9350
S205003BDD845E
S205003BDE14CD
S205003BDF00E0
S205003BE0E3FC
S205003BE104DA
S205003BE208D5
S205003BE3EEEE
S205003BE423B8
S205003BE5805A
S205003BE604D5
S205003BE701D7
S205003BE88354
S205003BE9478F
S205003BEA1CB9
S205003BEB00D4
S205003BEC13C0
S205003BED04CE
S205003BEE1CB5
S205003BEF00D0
S205003BF0933C
S205003BF1844A
S205003BF214B9
S205003BF300CC
S205003BF4E3E8
S205003BF59E2C
S205003BF607C2
S205003BF7EADE
S205003BF86F58
S205003BF9F0D6
S205003BFA1FA6
S205003BFBEDD7
S205003BFC9330
S205003BFD05BD
S205003BFE08B9
S205003BFF00C0
S205003C0003BB
S205003C01C8F5
S205003C021CA0
S205003C0300BB
S205003C049327
S205003C0506B3
S205003C067048
S205003C0703B4
S205003C0813A3
S205003C098C29
S205003C0A1C98
S205003C0B00B3
S205003C0C139F
S205003C0D07AA
S205003C0EF8B8
S205003C0FFBB4
S205003C10139B
S205003C117736
S205003C12F7B5
S205003C130F9C
S205003C14E3C7
S205003C15ECBD
S205003C16E6C2
S205003C17FAAD
S205003C18B7EF
S205003C19069F
S205003C1A1094
S205003C1B00A3
S205003C1C138F
S205003C1D178A
S205003C1E2779
S205003C1F009F
S205003C20930B
S205003C218617
S205003C228616
S205003C236C2F
S205003C243367
S205003C250792
S205003C26D7C1
S205003C270097
S205003C280393
S205003C29276E
S205003C2A078D
S205003C2B0093
S205003C2C672B
S205003C2D0091
S205003C2E0789
S205003C2F008F
S205003C30038B
S205003C31C8C5
S205003C321C70
S205003C33008B
S205003C341377
S205003C350683
S205003C3690F8
S205003C370087
S205003C3893F3
S205003C3986FF
S205003C3A1C68
S205003C3B0083
S205003C3C136F
S205003C3D077A
S205003C3E0878
S205003C3FFD82
S205003C40136B
S205003C417706
S205003C42F785
S205003C430F6C
S205003C446317
S205003C457009
S205003C46E692
S205003C470A6D
S205003C481363
S205003C49076E
S205003C4AA0D4
S205003C4B0271
S205003C4C630F
S205003C4D0C65
S205003C4EE888
S205003C4F0C63
S205003C5093DB
S205003C518CE1
S205003C520666
S205003C53006B
S205003C5493D7
S205003C550D5C
S205003C560068
S205003C570067
S205003C586FF7
S205003C59F075
S205003C5A1F45
S205003C5BF073
S205003C5C134F
S205003C5D0D54
S205003C5E0060
S205003C5F005F
S205003C6093CB
S205003C610657
S205003C6290CC
S205003C63005B
S205003C641347
S205003C651742
S205003C662D2B
S205003C670057
S205003C683323
S205003C69074E
S205003C6AA7AD
S205003C6B0152
S205003C6C93BF
S205003C6D8CC5
S205003C6E1C34
S205003C6F004F
S205003C70133B
S205003C711736
S205003C721735
S205003C73004B
S205003C743317
S205003C750742
S205003C760741
S205003C770146
S205003C780343
S205003C79C87D
S205003C7A0C38
S205003C7B0043
S205003C7C132F
S205003C7D0D34
S205003C7E0739
S205003C7FFD42
S205003C80132B
S205003C810736
S205003C820834
S205003C83FD3E
S205003C841327
S205003C8577C2
S205003C86F741
S205003C870F28
S205003C88E353
S205003C89FE37
S205003C8AE64E
S205003C8BFC37
S205003C8C6FC3
S205003C8DF041
S205003C8E5FD1
S205003C8FEC43
S205003C90032B
S205003C91AD80
S205003C920B21
S205003C93002B
S205003C940327
S205003C9548E1
S205003C962404
S205003C970027
S205003C989393
S205003C990C19
S205003C9A2400
S205003C9B0023
S205003C9C938F
S205003C9D8B96
S205003C9E4BD5
S205003C9F001F
S205003CA0E33B
S205003CA158C5
S205003CA20D0F
S205003CA3EA31
S205003CA433E7
S205003CA50D0C
S205003CA6A078
S205003CA741D6
S205003CA89383
S205003CA9E72E
S205003CAA070D
S205003CAB0112
S205003CAC6FA3
S205003CADF021
S205003CAE5FB1
S205003CAFEA25
S205003CB013FB
S205003CB18C81
S205003CB20C00
S205003CB3000B
S205003CB413F7
S205003CB50603
S205003CB6A068
S205003CB70007
S205003CB88383
S205003CB9A560
S205003CBA0BF9
S205003CBB0003
S205003CBC936F
S205003CBD8B76
S205003CBE4BB5
S205003CBF00FF
S205003CC013EB
S205003CC18578
S205003CC204F8
S205003CC300FB
S205003CC413E7
S205003CC58772
S205003CC60DEB
S205003CC700F7
S205003CC89363
S205003CC906EF
S205003CCA0DE7
S205003CCB00F3
S205003CCCEF03
S205003CCDF001
S205003CCE5F91
S205003CCFA847
S205003CD0836B
S205003CD147A6
S205003CD21CD0
S205003CD300EB
S205003CD49357
S205003CD504E5
S205003CD605E3
S205003CD700E7
S205003CD813D3
S205003CD904E1
S205003CDA1CC8
S205003CDB00E3
S205003CDCE3FF
S205003CDD9A47
S205003CDE07D9
S205003CDFDC03
S205003CE06F6F
S205003CE1F0ED
S205003CE29F3D
S205003CE3DEFD
S205003CE49347
S205003CE50ECB
S205003CE600D8
S205003CE700D7
S205003CE813C3
S205003CE9973E
S205003CEA2EA6
S205003CEB00D3
S205003CEC339F
S205003CED07CA
S205003CEED7F9
S205003CEF01CE
S205003CF0933B
S205003CF18647
S205003CF216B6
S205003CF300CB
S205003CF413B7
S205003CF517B2
S205003CF617B1
S205003CF700C7
S205003CF83393
S205003CF907BE
S205003CFA07BD
S205003CFB01C2
S205003CFC03BF
S205003CFDC8F9
S205003CFE06BA
S205003CFF00BF
S205003D00932A
S205003D010EAE
S205003D0207B4
S205003D03FDBD
S205003D0413A6
S205003D0507B1
S205003D0608AF
S205003D07FDB9
S205003D0813A2
S205003D09773D
S205003D0AF7BC
S205003D0B0FA3
S205003D0CE3CE
S205003D0D7E32
S205003D0EE6C9
S205003D0FFCB2
S205003D10139A
S205003D11C7E5
S205003D12FEAD
S205003D13FFAB
S205003D141396
S205003D155751
S205003D16F7B0
S205003D174165
S205003D18B3F2
S205003D19FDA7
S205003D1AEEB5
S205003D1B00A2
S205003D1C930E
S205003D1D8C14
S205003D1E0699
S205003D1F009E
S205003D206F2E
S205003D21F0AC
S205003D229FFC
S205003D23E3B7
S205003D248316
S205003D25ADEB
S205003D260B8C
S205003D270096
S205003D280392
S205003D29C8CC
S205003D2A2C67
S205003D2B0092
S205003D2C93FE
S205003D2D8B05
S205003D2E4B44
S205003D2F008E
S205003D30137A
S205003D31C7C5
S205003D32FD8E
S205003D33FF8B
S205003D341376
S205003D355731
S205003D36F790
S205003D374145
S205003D38B3D2
S205003D39FD87
S205003D3AED96
S205003D3B0082
S205003D3C93EE
S205003D3D8CF4
S205003D3E2C53
S205003D3F007E
S205003D406F0E
S205003D41F08C
S205003D429FDC
S205003D43E199
S205003D441366
S205003D450771
S205003D46C0B7
S205003D470670
S205003D4893E2
S205003D49E78D
S205003D4A274C
S205003D4B0072
S205003D4CE38E
S205003D4D84EC
S205003D4EE58A
S205003D4FF678
S205003D50135A
S205003D5187E5
S205003D524B20
S205003D53006A
S205003D5483E6
S205003D55A5C3
S205003D560B5C
S205003D570066
S205003D581352
S205003D59065E
S205003D5AA0C3
S205003D5B0062
S205003D5C93CE
S205003D5D0B55
S205003D5E0758
S205003D5F005E
S205003D606FEE
S205003D61F06C
S205003D621F3C
S205003D63F664
S205003D641346
S205003D658CCC
S205003D660C4B
S205003D670056
S205003D681342
S205003D69064E
S205003D6A80D3
S205003D6B0052
S205003D6C6FE2
S205003D6DF060
S205003D6EDF70
S205003D6FF45A
S205003D70133A
S205003D718CC0
S205003D720C3F
S205003D73004A
S205003D741336
S205003D750642
S205003D760047
S205003D770145
S205003D786FD6
S205003D79F054
S205003D7A1F24
S205003D7BF44E
S205003D7C132E
S205003D7D8CB4
S205003D7E0C33
S205003D7F003E
S205003D80033A
S205003D81A498
S205003D820B30
S205003D83003A
S205003D8493A6
S205003D858BAD
S205003D864BEC
S205003D870036
S205003D88E352
S205003D890430
S205003D8A042F
S205003D8B2E04
S205003D8C032E
S205003D8D47E9
S205003D8E042B
S205003D8F002E
S205003D90E34A
S205003D910428
S205003D920724
S205003D9338F2
S205003D94E346
S205003D9582A6
S205003D960D1A
S205003D9738EE
S205003D981312
S205003D99071D
S205003D9A041F
S205003D9B0022
S205003D9C6FB2
S205003D9D0020
S205003D9EC05F
S205003D9F001E
S205003DA0B36A
S205003DA10616
S205003DA2B764
S205003DA341D9
S205003DA463B6
S205003DA58890
S205003DA68691
S205003DA70016
S205003DA88392
S205003DA946CE
S205003DAA17FC
S205003DAB0012
S205003DAC13FE
S205003DAD0709
S205003DAE17F8
S205003DAF000E
S205003DB0E32A
S205003DB19874
S205003DB20605
S205003DB3FE0C
S205003DB49376
S205003DB5F711
S205003DB60700
S205003DB70105
S205003DB8B352
S205003DB90CF8
S205003DBA877C
S205003DBB40C2
S205003DBC639E
S205003DBD8A76
S205003DBE07F8
S205003DBF0AF4
S205003DC0639A
S205003DC152AA
S205003DC2906B
S205003DC309F1
S205003DC49366
S205003DC58771
S205003DC6FCFB
S205003DC7FFF7
S205003DC813E2
S205003DC907ED
S205003DCA6093
S205003DCB00F2
S205003DCCE30E
S205003DCD747C
S205003DCEF7F8
S205003DCF0AE4
S205003DD0B33A
S205003DD1E705
S205003DD28467
S205003DD300EA
S205003DD49356
S205003DD5F7F1
S205003DD637B0
S205003DD700E6
S205003DD8E302
S205003DD99E46
S205003DDA07DC
S205003DDB08DA
S205003DDC934E
S205003DDD07D9
S205003DDE14CB
S205003DDF00DE
S205003DE033AA
S205003DE18755
S205003DE2F4E7
S205003DE3409A
S205003DE413C6
S205003DE537A1
S205003DE637A0
S205003DE700D6
S205003DE8E3F2
S205003DE918BC
S205003DEA07CC
S205003DEB08CA
S205003DEC933E
S205003DEDF5DB
S205003DEECC03
S205003DEFFFCF
S205003DF0933A
S205003DF18745
S205003DF204C7
S205003DF300CA
S205003DF43396
S205003DF506C2
S205003DF6B413
S205003DF700C6
S205003DF803C2
S205003DF9279D
S205003DFA04BF
S205003DFB00C2
S205003DFC13AE
S205003DFD04BC
S205003DFE447B
S205003DFF00BE
S205003E009329
S205003E018734
S205003E024773
S205003E0300B9
S205003E042395
S205003E05AE09
S205003E06E7CF
S205003E07FEB7
S205003E08E3D1
S205003E09189B
S205003E0A862C
S205003E0BFEB3
S205003E0C337D
S205003E0D8728
S205003E0EB4FA
S205003E0F00AD
S205003E10B3F9
S205003E118625
S205003E129416
S205003E1301A8
S205003E146345
S205003E158621
S205003E169511
S205003E1703A2
S205003E1803A1
S205003E19455E
S205003E1A069C
S205003E1B00A1
S205003E1C930D
S205003E1D8718
S205003E1E1589
S205003E1F009D
S205003E202379
S205003E21009B
S205003E22A7F3
S205003E230099
S205003E246335
S205003E25DEB9
S205003E2697FF
S205003E270194
S205003E288311
S205003E29474C
S205003E2A167C
S205003E2B0091
S205003E2C93FD
S205003E2D850A
S205003E2E2569
S205003E2F008D
S205003E30A3E9
S205003E31008B
S205003E32F793
S205003E330089
S205003E346325
S205003E35D6B1
S205003E3695F1
S205003E370184
S205003E388301
S205003E39473C
S205003E3A265C
S205003E3B0081
S205003E3C235D
S205003E3D017E
S205003E3EF787
S205003E3F007D
S205003E4093E9
S205003E4184F7
S205003E420674
S205003E430079
S205003E441365
S205003E450473
S205003E461C5A
S205003E470075
S205003E48E391
S205003E49DA99
S205003E4AACC6
S205003E4B3D34
S205003E4CB3BD
S205003E4D0C63
S205003E4E9DD1
S205003E4F412C
S205003E501359
S205003E5185E6
S205003E520466
S205003E530069
S205003E541355
S205003E5586E1
S205003E560C5A
S205003E570065
S205003E5893D1
S205003E59055E
S205003E5A0062
S205003E5B025F
S205003E5CEF71
S205003E5DE07F
S205003E5EDF7F
S205003E5FCF8E
S205003E6083D9
S205003E614714
S205003E621C3E
S205003E630059
S205003E64B3A5
S205003E6584D3
S205003E6694C2
S205003E670154
S205003E68E371
S205003E6994BF
S205003E6A074B
S205003E6BC48D
S205003E6C6FE1
S205003E6DF05F
S205003E6EDF6F
S205003E6FC588
S205003E70E369
S205003E71D477
S205003E72AC9E
S205003E733316
S205003E74B395
S205003E750D3A
S205003E769DA9
S205003E774104
S205003E781331
S205003E7985BE
S205003E7A043E
S205003E7B0041
S205003E7C132D
S205003E7D86B9
S205003E7E0D31
S205003E7F003D
S205003E8093A9
S205003E810536
S205003E82003A
S205003E830237
S205003E84EF49
S205003E85E057
S205003E865FD7
S205003E87CD68
S205003E881321
S205003E898DA6
S205003E8AFC36
S205003E8BFF32
S205003E8CB37D
S205003E8D84AB
S205003E8EB47A
S205003E8F012C
S205003E906FBD
S205003E91F03B
S205003E921F0B
S205003E93F336
S205003E941315
S205003E958C9B
S205003E960C1A
S205003E970025
S205003E989391
S205003E998B98
S205003E9A7BA7
S205003E9B0021
S205003E9C938D
S205003E9DFB24
S205003E9E8B93
S205003E9FFF1E
S205003EA09389
S205003EA1F625
S205003EA20713
S205003EA30118
S205003EA40315
S205003EA5A86F
S205003EA60B0B
S205003EA70015
S205003EA80311
S205003EA9A46F
S205003EAA4BC7
S205003EAB0011
S205003EAC937D
S205003EAD8B84
S205003EAE8B83
S205003EAF000D
S205003EB063A9
S205003EB18487
S205003EB20604
S205003EB37E8B
S205003EB49375
S205003EB5F710
S205003EB6E71F
S205003EB7FF06
S205003EB89371
S205003EB9EC17
S205003EBA27DB
S205003EBB0001
S205003EBC936D
S205003EBD07F8
S205003EBE00FE
S205003EBF01FC
S205003EC023D9
S205003EC126D5
S205003EC2F109
S205003EC300F9
S205003EC49365
S205003EC507F0
S205003EC600F6
S205003EC702F3
S205003EC823D1
S205003EC92AC9
S205003ECAF101
S205003ECB00F1
S205003ECC13DD
S205003ECD05EA
S205003ECE08E6
S205003ECF00ED
S205003ED09359
S205003ED105E6
S205003ED204E6
S205003ED300E9
S205003ED413D5
S205003ED506E1
S205003ED600E6
S205003ED700E5
S205003ED89351
S205003ED906DD
S205003EDA00E2
S205003EDB00E1
S205003EDC23BD
S205003EDD28B7
S205003EDE01DD
S205003EDF01DC
S205003EE0EFED
S205003EE1D00B
S205003EE24F8B
S205003EE3F5E4
S205003EE403D5
S205003EE528AF
S205003EE601D5
S205003EE701D4
S205003EE8E3F1
S205003EE94A89
S205003EEA05CD
S205003EEB30A1
S205003EEC933D
S205003EEDF7D8
S205003EEE4C82
S205003EEF00CD
S205003EF0E3E9
S205003EF1903B
S205003EF207C3
S205003EF320A9
S205003EF49335
S205003EF5F7D0
S205003EF68C3A
S205003EF700C5
S205003EF823A1
S205003EF9289B
S205003EFA01C1
S205003EFB00C1
S205003EFC635D
S205003EFD8837
S205003EFE07B7
S205003EFF00BD
S205003F009328
S205003F0107B3
S205003F0200B9
S205003F0302B6
S205003F0413A4
S205003F050DA9
S205003F06FDB8
S205003F07FFB5
S205003F082390
S205003F09288A
S205003F0AF1C0
S205003F0B00B0
S205003F0C931C
S205003F0D07A7
S205003F0EF0BD
S205003F0FFFAD
S205003F106348
S205003F119416
S205003F12FDAC
S205003F1300A8
S205003F149314
S205003F150D99
S205003F166045
S205003F1700A4
S205003F181390
S205003F19059D
S205003F1A0899
S205003F1B00A0
S205003F1C930C
S205003F1D0797
S205003F1E019C
S205003F1F0894
S205003F201388
S205003F210793
S205003F22C1D8
S205003F230296
S205003F249304
S205003F250591
S205003F260491
S205003F270094
S205003F289300
S205003F29068C
S205003F2A8110
S205003F2B028E
S205003F2C137C
S205003F2D8608
S205003F2E0D80
S205003F2F008C
S205003F30EF9C
S205003F31107A
S205003F324049
S205003F331D6B
S205003F340384
S205003F35275F
S205003F36C1C4
S205003F370282
S205003F381370
S205003F39087A
S205003F3A057C
S205003F3B0080
S205003F3C93EC
S205003F3D0777
S205003F3E017C
S205003F3F0379
S205003F406318
S205003F410872
S205003F420772
S205003F430078
S205003F4493E4
S205003F45076F
S205003F46D0A5
S205003F470272
S205003F482350
S205003F49086A
S205003F4AF180
S205003F4B026E
S205003F4C93DC
S205003F4D0767
S205003F4E115C
S205003F4F0369
S205003F500368
S205003F514723
S205003F520861
S205003F530068
S205003F54E384
S205003F550462
S205003F56075E
S205003F573430
S205003F5883E0
S205003F59253D
S205003F5A81E0
S205003F5B025E
S205003F5C93CC
S205003F5D0658
S205003F5E1845
S205003F5F005C
S205003F601348
S205003F610555
S205003F62E079
S205003F630256
S205003F64E374
S205003F655204
S205003F66B0A5
S205003F67381C
S205003F683320
S205003F6986CC
S205003F6A064B
S205003F6B410F
S205003F6C133C
S205003F6D0648
S205003F6EF657
S205003F6FFF4D
S205003F7093B8
S205003F7186C4
S205003F721633
S205003F730048
S205003F74E364
S205003F7584C2
S205003F76C580
S205003F772C18
S205003F782320
S205003F7980C2
S205003F7AE75A
S205003F7B0040
S205003F7C033C
S205003F7DC777
S205003F7EF647
S205003F7FFF3D
S205003F8093A8
S205003F8187B3
S205003F821722
S205003F830038
S205003F84E354
S205003F851224
S205003F86072E
S205003F87FE36
S205003F882310
S205003F8980B2
S205003F8A072A
S205003F8B0030
S205003F8C939C
S205003F8DF737
S205003F8E0C21
S205003F8F022A
S205003F90E348
S205003F918C9E
S205003F920722
S205003F932404
S205003F9483A4
S205003F9547DF
S205003F960124
S205003F970321
S205003F98E340
S205003F9980A2
S205003F9A0D14
S205003F9B1A06
S205003F9CE33C
S205003F9D8C92
S205003F9E0716
S205003F9F2CF0
S205003FA01308
S205003FA10614
S205003FA20118
S205003FA30315
S205003FA49384
S205003FA5070F
S205003FA6060F
S205003FA70014
S205003FA89380
S205003FA9060C
S205003FAA0110
S205003FAB13FD
S205003FAC6FA0
S205003FAD000E
S205003FAE808D
S205003FAF000C
S205003FB0E328
S205003FB1808A
S205003FB2D732
S205003FB324E4
S205003FB40304
S205003FB5C73F
S205003FB617EE
S205003FB70004
S205003FB89370
S205003FB9877B
S205003FBA17EA
S205003FBB0000
S205003FBCE31C
S205003FBD1AE4
S205003FBE07F6
S205003FBFFEFE
S205003FC033C8
S205003FC18476
S205003FC2C732
S205003FC340B8
S205003FC433C4
S205003FC50DE9
S205003FC68D68
S205003FC740B4
S205003FC88370
S205003FC927CB
S205003FCAC130
S205003FCB00F0
S205003FCC638C
S205003FCD905E
S205003FCE07E6
S205003FCF02EA
S205003FD0E308
S205003FD15694
S205003FD2A049
S205003FD32BBD
S205003FD413D4
S205003FD506E0
S205003FD60DD8
S205003FD700E4
S205003FD813D0
S205003FD9855D
S205003FDA04DD
S205003FDB00E0
S205003FDC934C
S205003FDD05D9
S205003FDE00DD
S205003FDF02DA
S205003FE0B328
S205003FE18456
S205003FE2A435
S205003FE301D7
S205003FE4EFE8
S205003FE5E0F6
S205003FE65F76
S205003FE7B71D
S205003FE813C0
S205003FE90DC5
S205003FEAF0E1
S205003FEBFFD1
S205003FEC834C
S205003FED27A7
S205003FEE01CC
S205003FEF01CB
S205003FF06368
S205003FF18644
S205003FF207C2
S205003FF300C8
S205003FF423A4
S205003FF58046
S205003FF6F4D1
S205003FF700C4
S205003FF89330
S205003FF9843E
S205003FFA14AD
S205003FFB00C0
S205003FFC932C
S205003FFDFCC2
S205003FFE0CB1
S205003FFF01BB
S2050040006357
S2050040019029
S2050040020CAC
S20500400302B5
S205004004E3D3
S205004005585D
S205004006A014
S2050040072D86
S205004008832F
S205004009258C
S20500400A416F
S20500400B01AE
S20500400C139B
S20500400D06A7
S20500400E0D9F
S20500400F00AB
S2050040101397
S2050040118524
S20500401204A4
S20500401300A7
S205004014EFB7
S205004015E0C5
S2050040165F45
S205004017B4EF
S205004018B3EF
S205004019841D
S20500401AA4FC
S20500401B019E
S20500401C138B
S20500401D0D90
S20500401EF0AC
S20500401FFF9C
S2050040206337
S2050040215C3D
S2050040228018
S2050040230097
S2050040241383
S2050040258510
S2050040260490
S2050040270093
S205004028137F
S205004029068B
S20500402A048C
S20500402B008F
S20500402C93FB
S20500402D0588
S20500402E018B
S20500402F0388
S205004030EF9B
S205004031E0A9
S2050040325F29
S205004033C0C7
S205004034B3D3
S2050040358401
S2050040368400
S2050040370083
S205004038631F
S2050040395C25
S20500403AA0E0
S20500403B017E
S20500403C136B
S20500403D85F8
S20500403E0478
S20500403F007B
S2050040401367
S2050040410673
S2050040420D6B
S2050040430077
S20500404493E3
S2050040450570
S2050040460074
S2050040470271
S205004048EF83
S205004049E091
S20500404A1F51
S20500404BB1BE
S20500404CB3BB
S20500404D84E9
S20500404EA4C8
S20500404F016A
S20500405083E7
S2050040514722
S2050040521C4C
S2050040530067
S2050040541353
S2050040550461
S2050040561C48
S2050040570063
S205004058E37F
S2050040599CC5
S20500405A0759
S20500405BA4BB
S20500405C6FEF
S20500405DF06D
S20500405EDF7D
S20500405FA6B5
S2050040601347
S2050040618CCD
S2050040620C4C
S2050040630057
S20500406493C3
S205004065F75E
S205004066074D
S2050040670152
S20500406893BF
S2050040698CC5
S20500406A4B05
S20500406B004F
S20500406C133B
S20500406D0449
S20500406E1C30
S20500406F004B
S205004070E367
S20500407186C3
S2050040720741
S2050040730047
S2050040740343
S205004075A79E
S2050040760B39
S2050040770043
S20500407893AF
S205004079073A
S20500407A1030
S20500407B003F
S20500407C132B
S20500407D85B8
S20500407E1428
S20500407F003B
S2050040802317
S20500408180B9
S205004082E454
S2050040830037
S205004084E353
S205004085D85D
S205004086A78D
S2050040871D16
S205004088131F
S205004089062B
S20500408AFD33
S20500408BFF30
S20500408C939B
S20500408D0528
S20500408E002C
S20500408F0229
S205004090EF3B
S205004091E049
S2050040929F89
S205004093AC7B
S20500409483A3
S20500409547DE
S2050040961C08
S2050040970023
S205004098B36F
S205004099849D
S20500409AA47C
S20500409B011E
S20500409C938B
S20500409D8B92
S20500409E0C10
S20500409F001B
S2050040A0E337
S2050040A19881
S2050040A20711
S2050040A3A077
S2050040A46FA7
S2050040A5F025
S2050040A65FB5
S2050040A7A271
S2050040A813FF
S2050040A98C85
S2050040AA0C04
S2050040AB000F
S2050040AC13FB
S2050040AD0706
S2050040AEF01C
S2050040AFFF0C
S2050040B063A7
S2050040B116F3
S2050040B2ED1B
S2050040B30007
S2050040B49373
S2050040B5E71E
S2050040B617ED
S2050040B70003
S2050040B813EF
S2050040B90DF4
S2050040BA8080
S2050040BB00FF
S2050040BC837B
S2050040BDA558
S2050040BE0BF1
S2050040BF00FB
S2050040C013E7
S2050040C18574
S2050040C204F4
S2050040C300F7
S2050040C413E3
S2050040C5876E
S2050040C60DE7
S2050040C700F3
S2050040C8935F
S2050040C906EB
S2050040CA0DE3
S2050040CB00EF
S2050040CC13DB
S2050040CD06E7
S2050040CE00EC
S2050040CF01EA
S2050040D0EFFB
S2050040D1F0F9
S2050040D20FD9
S2050040D3E8FF
S2050040D48363
S2050040D5479E
S2050040D61CC8
S2050040D700E3
S2050040D8934F
S2050040D98B56
S2050040DA4B95
S2050040DB00DF
S2050040DC934B
S2050040DD04D9
S2050040DE05D7
S2050040DF00DB
S2050040E013C7
S2050040E104D5
S2050040E21CBC
S2050040E300D7
S2050040E4E3F3
S2050040E5963F
S2050040E607CD
S2050040E79C37
S2050040E86F63
S2050040E9F0E1
S2050040EA1FB1
S2050040EB9E31
S2050040EC933B
S2050040EDE7E6
S2050040EE07C5
S2050040EF04C7
S2050040F013B7
S2050040F106C3
S2050040F200C8
S2050040F301C6
S2050040F46F57
S2050040F5F0D5
S2050040F65F65
S2050040F7BC07
S2050040F813AF
S2050040F907BA
S2050040FAC000
S2050040FB06B9
S2050040FC635B
S2050040FD8835
S2050040FEE5D7
S2050040FF5E5D
S2050041008336
S205004101A612
S2050041020BAC
S20500410300B6
S20500410413A2
S205004105872D
S2050041064B68
S20500410700B2
S205004108238E
S205004109268A
S20500410AE1CE
S20500410B00AE
S20500410C832A
S20500410DCDDF
S20500410E06A5
S20500410F00AA
S2050041106346
S2050041118A1E
S2050041120D9A
S2050041135254
S2050041141392
S205004115079D
S2050041163073
S205004117069C
S205004118633E
S205004119544C
S20500411AB7E8
S20500411B6B33
S20500411C930A
S20500411D0597
S20500411E405B
S20500411F0694
S2050041201386
S2050041218513
S2050041220D8A
S2050041230096
S2050041242372
S2050041252A6A
S205004126D1C2
S2050041270092
S205004128236E
S2050041292868
S20500412AF19E
S20500412B008E
S20500412CEF9E
S20500412DE0AC
S20500412E4F3C
S20500412FFD8D
S2050041301376
S2050041310484
S2050041320582
S2050041330086
S20500413493F2
S205004135057F
S2050041364043
S205004137067C
S205004138136E
S20500413985FB
S20500413A0D72
S20500413B007E
S20500413CEF8E
S20500413DE09C
S20500413E0F6C
S20500413FF486
S2050041403742
S2050041410771
S2050041421067
S2050041430076
S20500414493E2
S2050041450B69
S205004146C7AC
S205004147541E
S205004148333E
S20500414987E9
S20500414AABC4
S20500414B006E
S20500414C93DA
S20500414D0567
S20500414EA0CB
S20500414F006A
S2050041501356
S2050041510563
S2050041520463
S2050041530066
S20500415483E2
S2050041554C18
S205004156075C
S2050041570062
S205004158EF72
S205004159E080
S20500415A4F10
S20500415BF26C
S20500415C332A
S20500415D87D5
S20500415EABB0
S20500415F005A
S2050041600356
S2050041614711
S2050041620750
S2050041630056
S20500416493C2
S205004165054F
S205004166A0B3
S2050041670052
S205004168133E
S205004169054B
S20500416A044B
S20500416B004E
S20500416C133A
S20500416D1735
S20500416E87C4
S20500416F004A
S205004170B396
S205004171EC5C
S205004172EC5B
S2050041730046
S2050041742322
S2050041751034
S20500417691B2
S2050041770939
S205004178EF52
S205004179E060
S20500417A8FB0
S20500417BF846
S20500417C83BA
S20500417D2715
S20500417E013A
S20500417F0139
S20500418083B6
S2050041812612
S20500418241F6
S2050041830135
S20500418493A2
S2050041850D27
S205004186052E
S2050041870032
S205004188131E
S2050041890729
S20500418A40EF
S20500418B002E
S20500418C939A
S20500418D0C20
S20500418E30FB
S20500418F002A
S2050041901316
S2050041910622
S2050041922007
S2050041930026
S205004194B372
S2050041958D97
S205004196BB68
S2050041970121
S205004198839E
S205004199C55B
S20500419A0D12
S20500419B001E
S20500419C130A
S20500419D0616
S20500419E0615
S20500419F0B0F
S2050041A01306
S2050041A10513
S2050041A20116
S2050041A30214
S2050041A433E2
S2050041A5060E
S2050041A6A66D
S2050041A70012
S2050041A823EE
S2050041A90808
S2050041AAB659
S2050041ABFA14
S2050041AC13FA
S2050041AD8686
S2050041AE0CFF
S2050041AF0BFF
S2050041B09376
S2050041B10503
S2050041B20106
S2050041B30204
S2050041B4B352
S2050041B50DF7
S2050041B6B64D
S2050041B70002
S2050041B813EE
S2050041B906FA
S2050041BAE01F
S2050041BB02FC
S2050041BC23DA
S2050041BD8874
S2050041BECD2E
S2050041BFFA00
S2050041C003F6
S2050041C1C434
S2050041C216E1
S2050041C300F6
S2050041C46392
S2050041C50AEA
S2050041C604EF
S2050041C73EB4
S2050041C813DE
S2050041C906EA
S2050041CA30BF
S2050041CB06E8
S2050041CC638A
S2050041CD5A92
S2050041CE8665
S2050041CF5892
S2050041D023C6
S2050041D12ABE
S2050041D2F1F6
S2050041D300E6
S2050041D49352
S2050041D507DD
S2050041D607DC
S2050041D70BD7
S2050041D813CE
S2050041D907D9
S2050041DA01DE
S2050041DB02DC
S2050041DC33AA
S2050041DD8854
S2050041DEE7F4
S2050041DF00DA
S2050041E09346
S2050041E105D3
S2050041E24097
S2050041E306D0
S2050041E413C2
S2050041E505CF
S2050041E604CF
S2050041E700D2
S2050041E823AE
S2050041E92CA4
S2050041EAD1FE
S2050041EB00CE
S2050041EC23AA
S2050041ED28A4
S2050041EE01CA
S2050041EF01C9
S2050041F0EFDA
S2050041F1E0E8
S2050041F2CFF8
S2050041F3E8DE
S2050041F4378E
S2050041F507BD
S2050041F610B3
S2050041F700C2
S2050041F8932E
S2050041F90BB5
S2050041FAC7F8
S2050041FB546A
S2050041FC338A
S2050041FD8636
S2050041FEAB10
S2050041FF00BA
S20500420003B5
S205004201288F
S20500420201B5
S20500420301B4
S20500420403B1
S205004205466D
S20500420606AC
S20500420700B1
S205004208931D
S20500420905AA
S20500420A406E
S20500420B06A7
S20500420C1399
S20500420D05A6
S20500420E04A6
S20500420F00A9
S2050042102385
S205004211089F
S205004212C8DE
S205004213FAAB
S205004214EFB5
S205004215E0C3
S205004216CFD3
S205004217EEB3
S205004218138D
S2050042198718
S20500421A3C62
S20500421B009D
S20500421C9309
S20500421D0596
S20500421EA0FA
S20500421F0099
S2050042201385
S2050042210493
S2050042220591
S2050042230095
S2050042242371
S205004225286B
S205004226E1B1
S2050042270091
S205004228EFA1
S205004229E0AF
S20500422A4F3F
S20500422BE5A8
S20500422C3359
S20500422D8605
S20500422EABDF
S20500422F0089
S2050042300385
S2050042314641
S2050042320680
S2050042330085
S2050042341371
S205004235057E
S205004236047E
S2050042370081
S20500423893ED
S205004239057A
S20500423AA0DE
S20500423B007D
S20500423C2359
S20500423D89F2
S20500423ECDAD
S20500423FFA7F
S205004240EF89
S205004241E097
S2050042420F67
S205004243EC89
S2050042440371
S205004245274C
S2050042460171
S2050042470170
S20500424883ED
S2050042492748
S20500424A412D
S20500424B016C
S20500424C83E9
S20500424D2645
S20500424E81E9
S20500424F0168
S2050042501355
S2050042510463
S2050042520561
S2050042530065
S2050042543331
S20500425584DF
S2050042568BD7
S2050042570061
S20500425883DD
S205004259451A
S20500425A045A
S20500425B005D
S20500425C1349
S20500425D0655
S20500425E0753
S20500425F0B4E
S2050042601345
S2050042610552
S2050042620155
S2050042630253
S2050042643321
S205004265064D
S205004266A6AC
S2050042670051
S20500426893BD
S2050042690C43
S20500426A1737
S20500426B004D
S20500426C2329
S20500426D0843
S20500426EB694
S20500426FFA4F
S2050042701335
S20500427187C0
S2050042720C3A
S2050042730B3A
S2050042741331
S205004275063D
S2050042760141
S205004277023F
S205004278330D
S2050042790837
S20500427AC777
S20500427B003D
S20500427C1329
S20500427D0734
S20500427EE05A
S20500427F0237
S2050042802315
S205004281082F
S205004282E84E
S205004283FA3B
S2050042840331
S205004285C46F
S205004286260C
S2050042870031
S205004288939D
S2050042898DA2
S20500428A1C12
S20500428B002D
S20500428C63C9
S20500428D0229
S20500428E0426
S20500428F36F3
S2050042901315
S2050042910621
S20500429230F6
S205004293061F
S20500429463C1
S20500429556CD
S205004296869C
S20500429746DB
S205004298130D
S2050042990718
S20500429A011D
S20500429B021B
S20500429C23F9
S20500429D28F3
S20500429EF129
S20500429F0019
S2050042A09385
S2050042A10512
S2050042A240D6
S2050042A3060F
S2050042A49381
S2050042A5878C
S2050042A60D05
S2050042A70B06
S2050042A813FD
S2050042A9050A
S2050042AA040A
S2050042AB000D
S2050042ACB359
S2050042AD8D7E
S2050042AEE723
S2050042AF0009
S2050042B023E5
S2050042B12ADD
S2050042B2D135
S2050042B30005
S2050042B423E1
S2050042B52CD7
S2050042B60101
S2050042B70100
S2050042B8EF11
S2050042B9E01F
S2050042BA4FAF
S2050042BBDC21
S2050042BC37C5
S2050042BD07F4
S2050042BE10EA
S2050042BF00F9
S2050042C09365
S2050042C10BEC
S2050042C2C72F
S2050042C354A1
S2050042C433C1
S2050042C5866D
S2050042C6AB47
S2050042C700F1
S2050042C803ED
S2050042C947A8
S2050042CA06E8
S2050042CB00ED
S2050042CC9359
S2050042CD05E6
S2050042CE40AA
S2050042CF06E3
S2050042D013D5
S2050042D105E2
S2050042D204E2
S2050042D300E5
S2050042D423C1
S2050042D5885B
S2050042D6EDF5
S2050042D7FAE7
S2050042D8EFF1
S2050042D9E0FF
S2050042DA8F4F
S2050042DBE2FB
S2050042DC9349
S2050042DD05D6
S2050042DEA03A
S2050042DF00D9
S2050042E013C5
S2050042E104D3
S2050042E205D1
S2050042E300D5
S2050042E4EFE5
S2050042E5E0F3
S2050042E68F43
S2050042E7D9F8
S2050042E8339D
S2050042E98748
S2050042EAAB23
S2050042EB00CD
S2050042EC03C9
S2050042ED4784
S2050042EE07C3
S2050042EF00C9
S2050042F003C5
S2050042F1289F
S2050042F28145
S2050042F301C4
S2050042F413B1
S2050042F505BE
S2050042F604BE
S2050042F700C1
S2050042F8932D
S2050042F905BA
S2050042FAA01E
S2050042FB00BD
S2050042FC2399
S2050042FD09B2
S2050042FEE8D2
S2050042FFFABF
S205004300EFC8
S205004301E0D6
S2050043020FA6
S205004303E0D4
S2050043048330
S205004305278B
S20500430601B0
S20500430701AF
S205004308832C
S2050043092688
S20500430A416C
S20500430B01AB
S20500430C9318
S20500430D8D1D
S20500430E3C6D
S20500430F00A8
S2050043101394
S20500431104A2
S20500431205A0
S20500431300A4
S2050043143370
S205004315841E
S2050043168B16
S20500431700A0
S205004318831C
S2050043194559
S20500431A0499
S20500431B009C
S20500431C1388
S20500431D8713
S20500431E0D8C
S20500431F0B8D
S2050043201384
S2050043210690
S2050043220194
S2050043230292
S2050043243360
S205004325068C
S205004326C7CA
S2050043270090
S20500432893FC
S2050043298C02
S20500432A1D70
S20500432B008C
S20500432C2368
S20500432D0882
S20500432EB6D3
S20500432FFA8E
S2050043301374
S20500433187FF
S2050043320C79
S2050043330B79
S2050043341370
S205004335067C
S2050043360180
S205004337027E
S205004338334C
S2050043390678
S20500433AC7B6
S20500433B007C
S20500433C1368
S20500433D0773
S20500433EE099
S20500433F0276
S2050043402354
S205004341086E
S205004342E68F
S205004343FA7A
S20500434483F0
S205004345CDA5
S205004346363B
S2050043470070
S205004348135C
S20500434987E7
S20500434A1C51
S20500434B006C
S20500434C6308
S20500434D8EDC
S20500434E0D5C
S20500434F2C3C
S20500435093D4
S2050043510660
S2050043523035
S205004353065E
S2050043546300
S205004355D290
S205004356B6AB
S2050043574D13
S205004358233C
S2050043592A34
S20500435AF16C
S20500435B005C
S20500435C93C8
S20500435D0555
S20500435E4019
S20500435F0652
S20500436093C4
S205004361074F
S205004362074E
S2050043630B49
S2050043641340
S20500436585CD
S2050043660D44
S2050043670050
S205004368133C
S2050043690747
S20500436A014C
S20500436B024A
S20500436C3318
S20500436D84C6
S20500436EE762
S20500436F0048
S2050043702324
S2050043712C1A
S205004372C184
S2050043730044
S205004374EF54
S205004375E062
S2050043768FB2
S205004377D070
S2050043783708
S2050043790737
S20500437A102D
S20500437B003C
S20500437C93A8
S20500437D0B2F
S20500437EC772
S20500437F54E4
S2050043803304
S20500438187AF
S205004382AB8A
S2050043830034
S2050043840330
S20500438547EB
S205004386072A
S2050043870030
S205004388939C
S2050043890529
S20500438A40ED
S20500438B0626
S20500438C1318
S20500438D85A5
S20500438E0D1C
S20500438F0028
S2050043902304
S205004391081E
S205004392E441
S205004393FA2A
S205004394EF34
S205004395E042
S205004396CF52
S205004397D64A
S205004398130C
S2050043998797
S20500439A3CE1
S20500439B001C
S20500439C9388
S20500439D0515
S20500439EA079
S20500439F0018
S2050043A023F4
S2050043A128EE
S2050043A2E134
S2050043A30014
S2050043A41300
S2050043A5040E
S2050043A6050C
S2050043A70010
S2050043A8EF20
S2050043A9E02E
S2050043AA4FBE
S2050043ABCD3F
S2050043ACB358
S2050043AD8684
S2050043AEAB5E
S2050043AF0008
S2050043B08384
S2050043B1C640
S2050043B206FF
S2050043B30004
S2050043B40300
S2050043B526DC
S2050043B68180
S2050043B701FF
S2050043B8936C
S2050043B905F9
S2050043BAA05D
S2050043BB00FC
S2050043BC13E8
S2050043BD05F5
S2050043BE04F5
S2050043BF00F8
S2050043C023D4
S2050043C109ED
S2050043C2D61F
S2050043C3FAFA
S2050043C4EF04
S2050043C5E012
S2050043C6CF22
S2050043C7D31D
S2050043C803EC
S2050043C927C7
S2050043CA01EC
S2050043CB01EB
S2050043CC8368
S2050043CD27C3
S2050043CE41A8
S2050043CF01E7
S2050043D09354
S2050043D10DD9
S2050043D205E0
S2050043D300E4
S2050043D4B330
S2050043D58D55
S2050043D6BB26
S2050043D701DF
S2050043D803DC
S2050043D9C618
S2050043DA0DD0
S2050043DB00DC
S2050043DC9348
S2050043DD06D4
S2050043DE07D2
S2050043DF0BCD
S2050043E09344
S2050043E105D1
S2050043E201D4
S2050043E302D2
S2050043E4B320
S2050043E5864C
S2050043E6B61B
S2050043E700D0
S2050043E813BC
S2050043E904CA
S2050043EA17B6
S2050043EB00CC
S2050043EC23A8
S2050043ED8842
S2050043EEC603
S2050043EFFACE
S2050043F09334
S2050043F1F7CF
S2050043F207BE
S2050043F301C3
S2050043F46360
S2050043F59230
S2050043F607BA
S2050043F702BE
S2050043F8635C
S2050043F95A64
S2050043FAA419
S2050043FB6755
S2050043FC3388
S2050043FD0DAD
S2050043FE8D2C
S2050043FF4078
S20500440013A3
S20500440106AF
S2050044020DA7
S20500440300B3
S205004404139F
S205004405852C
S20500440604AC
S20500440700AF
S205004408931B
S20500440905A8
S20500440A00AC
S20500440B02A9
S20500440CB3F7
S20500440D8425
S20500440EA404
S20500440F01A6
S205004410EFB7
S205004411E0C5
S2050044128F15
S205004413F4AF
S205004414138F
S2050044150D94
S205004416F4AC
S205004417FFA0
S205004418138B
S2050044190697
S20500441A0498
S20500441B009B
S20500441C9307
S20500441D0594
S20500441E0197
S20500441F088F
S2050044201383
S2050044218510
S2050044220490
S2050044230093
S205004424EFA3
S205004425E0B1
S2050044261F71
S205004427810E
S205004428335B
S2050044298508
S20500442A8408
S20500442B008B
S20500442C6327
S20500442D5435
S20500442EA4E4
S20500442F5F28
S2050044303353
S205004431067F
S2050044328DF7
S2050044334043
S20500443493EF
S205004435057C
S2050044360080
S205004437027D
S205004438EF8F
S205004439E09D
S20500443A0F6D
S20500443BF289
S20500443CB3C7
S20500443D84F5
S20500443EA4D4
S20500443F0176
S20500444083F3
S205004441472E
S2050044421C58
S2050044430073
S20500444483EF
S2050044452B46
S205004446C1AF
S205004447006F
S205004448135B
S2050044490469
S20500444A1C50
S20500444B006B
S20500444C6307
S20500444D92D7
S20500444E0761
S20500444FE681
S2050044506FF7
S205004451F075
S2050044528FD5
S205004453E77C
S205004454134F
S205004455075A
S205004456C0A0
S2050044570659
S20500445893CB
S205004459E776
S20500445A0755
S20500445B0457
S20500445CE377
S20500445D92C7
S20500445EE573
S20500445FCA8D
S205004460371F
S205004461074E
S2050044621044
S2050044630053
S205004464034F
S205004465A6AB
S2050044660B45
S205004467004F
S205004468133B
S2050044690746
S20500446A4705
S20500446B57F4
S20500446C93B7
S20500446D8BBE
S20500446E4BFD
S20500446F0047
S20500447083C3
S20500447146FF
S205004472063E
S2050044730043
S20500447493AF
S205004475053C
S205004476A0A0
S205004477033C
S205004478231B
S205004479013C
S20500447AB18B
S20500447B0833
S20500447C1327
S20500447DF544
S20500447EF642
S20500447F0037
S2050044803303
S2050044810530
S205004482A78D
S2050044830033
S205004484939F
S205004485D65B
S20500448646EA
S205004487002F
S205004488032B
S20500448945E8
S20500448A0527
S20500448B002B
S20500448CB377
S20500448D0623
S20500448ED751
S20500448F0027
S20500449083A3
S205004491C65F
S205004492061E
S2050044930023
S205004494130F
S205004495150C
S205004496859B
S205004497001F
S205004498938B
S205004499F726
S20500449A0715
S20500449B011A
S20500449CB367
S20500449DE633
S20500449EA672
S20500449F0017
S2050044A023F3
S2050044A11005
S2050044A2D143
S2050044A3080B
S2050044A4838F
S2050044A546CB
S2050044A616FA
S2050044A7000F
S2050044A8A36B
S2050044A9020B
S2050044AAB15B
S2050044AB0803
S2050044AC13F7
S2050044ADD534
S2050044AE46C2
S2050044AF0007
S2050044B09373
S2050044B1F60F
S2050044B2F60E
S2050044B30003
S2050044B433CF
S2050044B505FC
S2050044B6A759
S2050044B700FF
S2050044B8B34B
S2050044B906F7
S2050044BAD725
S2050044BB00FB
S2050044BC03F7
S2050044BD45B4
S2050044BE05F3
S2050044BF00F7
S2050044C08373
S2050044C1C62F
S2050044C206EE
S2050044C300F3
S2050044C4A34F
S2050044C501F0
S2050044C6A14F
S2050044C708E7
S2050044C823CB
S2050044C902EB
S2050044CAD11B
S2050044CB08E3
S2050044CC8367
S2050044CD46A3
S2050044CE26C2
S2050044CF00E7
S2050044D023C3
S2050044D104E1
S2050044D2B133
S2050044D308DB
S2050044D413CF
S2050044D5D50C
S2050044D6469A
S2050044D700DF
S2050044D8934B
S2050044D9F6E7
S2050044DAF6E6
S2050044DB00DB
S2050044DC33A7
S2050044DD05D4
S2050044DEA731
S2050044DF00D7
S2050044E0B323
S2050044E106CF
S2050044E2D7FD
S2050044E300D3
S2050044E403CF
S2050044E5458C
S2050044E605CB
S2050044E700CF
S2050044E8834B
S2050044E9C607
S2050044EA06C6
S2050044EB00CB
S2050044EC23A7
S2050044ED03C6
S2050044EEA127
S2050044EF08BF
S2050044F0A323
S2050044F103C2
S2050044F2D1F3
S2050044F308BB
S2050044F4833F
S2050044F5467B
S2050044F6368A
S2050044F700BF
S2050044F8A31B
S2050044F905B8
S2050044FAB10B
S2050044FB08B3
S2050044FC13A7
S2050044FDD5E4
S2050044FE4672
S2050044FF00B7
S2050045009322
S205004501F6BE
S205004502F6BD
S20500450300B2
S205004504337E
S20500450505AB
S205004506A708
S20500450700AE
S205004508B3FA
S20500450906A6
S20500450AD7D4
S20500450B00AA
S20500450C8326
S20500450DC6E2
S20500450E06A1
S20500450F00A6
S20500451003A2
S205004511455F
S205004512059E
S20500451300A2
S205004514237E
S205004515059B
S205004516D1CE
S2050045170896
S205004518A3FA
S2050045190498
S20500451AA1FA
S20500451B0892
S20500451C8316
S20500451D4652
S20500451E4651
S20500451F0096
S2050045202372
S205004521078D
S205004522B1E2
S205004523088A
S20500452493FE
S205004525D5BB
S2050045264649
S205004527008E
S20500452893FA
S205004529F696
S20500452AF695
S20500452B008A
S20500452CB3D6
S20500452D0583
S20500452EB7D0
S20500452F0086
S205004530B3D2
S205004531067E
S205004532D7AC
S2050045330082
S20500453483FE
S205004535C6BA
S2050045360679
S205004537007E
S20500453883FA
S205004539C5B7
S20500453A0576
S20500453B007A
S20500453CA3D6
S20500453D0672
S20500453ED1A6
S20500453F086E
S2050045402352
S205004541066E
S205004542B1C2
S205004543086A
S20500454483EE
S205004545462A
S2050045465619
S205004547006E
S205004548135A
S205004549D696
S20500454A4625
S20500454B006A
S20500454C3336
S20500454D0662
S20500454EC7A0
S20500454F0066
S2050045500362
S205004551461E
S205004552065D
S2050045530062
S20500455493CE
S205004555F66A
S205004556F669
S205004557005E
S205004558332A
S2050045590755
S20500455AD784
S20500455B005A
S20500455CA3B6
S20500455D0751
S20500455EC196
S20500455F084E
S2050045600352
S205004561470D
S205004562074C
S2050045630052
S205004564232E
S2050045650848
S205004566E16E
S2050045670846
S20500456863EA
S2050045699AB2
S20500456A0744
S20500456B1436
S20500456C93B6
S20500456D0741
S20500456E1037
S20500456F0145
S20500457063E2
S205004571D470
S205004572A79C
S205004573152D
S205004574132E
S205004575043C
S205004576FD42
S205004577FE40
S205004578132A
S2050045790636
S20500457A0437
S20500457B003A
S20500457C93A6
S20500457D0533
S20500457E0037
S20500457F0234
S2050045801322
S20500458185AF
S205004582042F
S2050045830032
S205004584EF42
S205004585E050
S2050045864FE0
S205004587DD51
S20500458833FA
S20500458985A7
S20500458A84A7
S20500458B002A
S20500458C1316
S20500458D0622
S20500458E1017
S20500458F0125
S2050045909392
S205004591051F
S2050045920122
S205004593081A
S205004594EF32
S205004595E040
S2050045960F10
S205004597EA34
S205004598B36A
S2050045998498
S20500459AA477
S20500459B0119
S20500459C8396
S20500459DC751
S20500459E2CEB
S20500459F0016
S2050045A01302
S2050045A18490
S2050045A22CE7
S2050045A30012
S2050045A463AE
S2050045A5967A
S2050045A60708
S2050045A7D03E
S2050045A86F9E
S2050045A9F01C
S2050045AA0FFC
S2050045ABD238
S2050045AC9376
S2050045ADE721
S2050045AE0700
S2050045AF0402
S2050045B013F2
S2050045B18C78
S2050045B20CF7
S2050045B30002
S2050045B46F92
S2050045B5F010
S2050045B6DF20
S2050045B7B44A
S2050045B813EA
S2050045B906F6
S2050045BA01FA
S2050045BB02F8
S2050045BC13E6
S2050045BD07F1
S2050045BE07F0
S2050045BF0BEB
S2050045C033C2
S2050045C107ED
S2050045C2C72C
S2050045C300F2
S2050045C4935E
S2050045C58C64
S2050045C62CC3
S2050045C700EE
S2050045C813DA
S2050045C906E6
S2050045CA00EB
S2050045CB03E7
S2050045CC23C6
S2050045CD08E0
S2050045CEC720
S2050045CFFAEC
S2050045D013D2
S2050045D1875D
S2050045D20CD7
S2050045D30BD7
S2050045D413CE
S2050045D506DA
S2050045D601DE
S2050045D702DC
S2050045D833AA
S2050045D908D4
S2050045DAC714
S2050045DB00DA
S2050045DC13C6
S2050045DD07D1
S2050045DEE0F7
S2050045DF02D4
S2050045E023B2
S2050045E108CC
S2050045E2E8EB
S2050045E3FAD8
S2050045E403CE
S2050045E5C40C
S2050045E626A9
S2050045E700CE
S2050045E8933A
S2050045E98D3F
S2050045EA1CAF
S2050045EB00CA
S2050045ECE3E6
S2050045ED12B6
S2050045EE04C3
S2050045EFCAFC
S2050045F013B2
S2050045F1873D
S2050045F20DB6
S2050045F30BB7
S2050045F413AE
S2050045F506BA
S2050045F601BE
S2050045F702BC
S2050045F8338A
S2050045F907B5
S2050045FAC7F4
S2050045FB00BA
S2050045FC9326
S2050045FD8C2C
S2050045FE2C8B
S2050045FF00B6
S20500460013A1
S20500460106AD
S20500460200B2
S20500460303AE
S205004604238D
S20500460508A7
S205004606C7E7
S205004607FAB3
S2050046081399
S2050046098724
S20500460A0C9E
S20500460B0B9E
S20500460C1395
S20500460D06A1
S20500460E01A5
S20500460F02A3
S2050046103371
S205004611069D
S205004612C7DB
S20500461300A1
S205004614138D
S2050046150798
S205004616E0BE
S205004617029B
S2050046182379
S2050046190893
S20500461AE6B4
S20500461BFA9F
S20500461C8315
S20500461DCDCA
S20500461E3660
S20500461F0095
S2050046201381
S205004621870C
S2050046221C76
S2050046230091
S205004624E3AD
S20500462596F9
S2050046260D81
S205004627D2BB
S20500462893F9
S2050046290685
S20500462A0189
S20500462B0287
S20500462C1375
S20500462D0780
S20500462E077F
S20500462F0B7A
S2050046303351
S205004631077C
S205004632D7AB
S2050046330081
S20500463493ED
S2050046350679
S205004636007E
S205004637037A
S2050046381369
S20500463984F7
S20500463A2C4E
S20500463B0079
S20500463C2355
S20500463D086F
S20500463ED79F
S20500463FFA7B
S2050046406F05
S205004641F083
S2050046421F53
S205004643DB96
S205004644135D
S2050046450768
S205004646006E
S205004647036A
S2050046482349
S205004649006B
S20500464AE189
S20500464B0861
S20500464C93D5
S20500464D0C5B
S20500464E1056
S20500464F0065
S2050046501351
S205004651075C
S2050046522042
S2050046530061
S2050046546FF1
S205004655F06F
S2050046569FBF
S205004657B5A8
S20500465893C9
S2050046590457
S20500465A0555
S20500465B0059
S20500465C2335
S20500465D80D7
S20500465E0452
S20500465F0055
S20500466083D1
S2050046612033
S205004662C191
S2050046631041
S20500466483CD
S205004665242B
S205004666410D
S205004667103D
S2050046681339
S2050046690546
S20500466A004A
S20500466B0049
S20500466C1335
S20500466D0146
S20500466E0145
S20500466F1134
S20500467067DD
S20500467180C3
S2050046720042
S2050046730041
S20500467493AD
S2050046750738
S205004676142A
S205004677003D
S205004678B389
S20500467986B5
S20500467A94A6
S20500467B0138
S20500467C6FC9
S20500467D0037
S20500467E80B6
S20500467F0035
S20500468093A1
S20500468187AC
S205004682171B
S2050046830031
S205004684032D
S205004685C768
S205004686F737
S205004687FF2E
S2050046889399
S20500468984A7
S20500468A1416
S20500468B0029
S20500468CA385
S20500468D8F98
S20500468EE442
S20500468FFE27
S205004690E341
S205004691988B
S205004692D44E
S205004693FE23
S2050046946FB1
S205004695F02F
S205004696CF4F
S205004697FA23
S2050046989389
S205004699F625
S20500469A1703
S20500469B0019
S20500469C9385
S20500469DEC2B
S20500469E27EF
S20500469F0015
S2050046A09381
S2050046A1F71C
S2050046A217FB
S2050046A30110
S2050046A423ED
S2050046A526E9
S2050046A6F11D
S2050046A7000D
S2050046A863A9
S2050046A98289
S2050046AA0604
S2050046AB38D1
S2050046AC9375
S2050046AD0700
S2050046AE0006
S2050046AF0302
S2050046B023E1
S2050046B12AD9
S2050046B2F111
S2050046B30001
S2050046B46F91
S2050046B5F00F
S2050046B69F5F
S2050046B7817C
S2050046B813E9
S2050046B90DEE
S2050046BAFDFD
S2050046BBFFFA
S2050046BC13E5
S2050046BD06F1
S2050046BE10E6
S2050046BF01F4
S2050046C09361
S2050046C105EE
S2050046C201F1
S2050046C308E9
S2050046C413DD
S2050046C5856A
S2050046C604EA
S2050046C700ED
S2050046C8EFFD
S2050046C9E00B
S2050046CACF1B
S2050046CBD613
S2050046CC13D5
S2050046CD04E3
S2050046CE10D6
S2050046CF01E4
S2050046D013D1
S2050046D1855E
S2050046D214CE
S2050046D301E0
S2050046D4637D
S2050046D55689
S2050046D6A43A
S2050046D74796
S2050046D813C9
S2050046D906D5
S2050046DAFDDD
S2050046DBFEDB
S2050046DC9345
S2050046DD05D2
S2050046DE00D6
S2050046DF02D3
S2050046E0EFE5
S2050046E1E0F3
S2050046E28F43
S2050046E3C70A
S2050046E4B31D
S2050046E5844B
S2050046E6A42A
S2050046E701CC
S2050046E86F5D
S2050046E9F0DB
S2050046EA5F6B
S2050046EBEBDE
S2050046EC3791
S2050046ED07C0
S2050046EE10B6
S2050046EF00C5
S2050046F003C1
S2050046F1A61D
S2050046F20BB7
S2050046F300C1
S2050046F413AD
S2050046F507B8
S2050046F6C7F7
S2050046F75469
S2050046F89329
S2050046F98B30
S2050046FA4B6F
S2050046FB00B9
S2050046FC6F49
S2050046FDF0C7
S2050046FE5F57
S2050046FFD7DE
S20500470013A0
S20500470107AB
S2050047029021
S20500470300B0
S205004704634C
S205004705505E
S2050047068726
S2050047071E8E
S2050047081398
S20500470907A3
S20500470A01A8
S20500470B02A6
S20500470C2384
S20500470D287E
S20500470EF1B4
S20500470F00A4
S2050047109310
S205004711059D
S205004712A001
S20500471300A0
S205004714930C
S2050047158717
S2050047160D90
S2050047170B91
S2050047181388
S2050047190595
S20500471A0495
S20500471B0098
S20500471CB3E4
S20500471D8D09
S20500471EE7AE
S20500471F0094
S2050047202370
S2050047212A68
S205004722D1C0
S2050047230090
S205004724EFA0
S205004725E0AE
S2050047268FFE
S20500472795F7
S2050047283754
S2050047290783
S20500472A1079
S20500472B0088
S20500472C93F4
S20500472D0B7B
S20500472EC7BE
S20500472F5430
S2050047303350
S20500473186FC
S205004732ABD6
S2050047330080
S205004734037C
S2050047354737
S2050047360677
S205004737007C
S2050047381368
S2050047390575
S20500473A0475
S20500473B0078
S20500473C93E4
S20500473D0571
S20500473EA0D5
S20500473F0074
S2050047402350
S20500474188EA
S205004742ED84
S205004743FA76
S205004744EF80
S205004745E08E
S205004746CF9E
S2050047479BD1
S20500474893D8
S2050047498CDE
S20500474A2C3D
S20500474B0068
S20500474C83E4
S20500474D273F
S20500474E0164
S20500474F0163
S20500475083E0
S205004751263C
S2050047524120
S205004753015F
S205004754134C
S205004755045A
S2050047560558
S205004757005C
S20500475893C8
S2050047598DCD
S20500475A0C4D
S20500475B0058
S20500475C6FE8
S20500475DF066
S20500475E9FB6
S20500475FBB99
S2050047601340
S205004761064C
S20500476290C1
S2050047630050
S20500476463EC
S2050047655AF4
S20500476686C7
S2050047671636
S2050047682328
S2050047692822
S20500476AF158
S20500476B0048
S20500476C93B4
S20500476D0541
S20500476EA0A5
S20500476F0044
S20500477093B0
S205004771073B
S205004772073A
S2050047730B35
S205004774132C
S2050047750539
S2050047760439
S205004777003C
S2050047781328
S2050047790733
S20500477A0138
S20500477B0236
S20500477CB384
S20500477D8DA9
S20500477EE74E
S20500477F0034
S2050047802310
S2050047812A08
S205004782D160
S2050047830030
S205004784EF40
S205004785E04E
S2050047868F9E
S2050047878F9D
S20500478837F4
S2050047890723
S20500478A1019
S20500478B0028
S20500478C9394
S20500478D0B1B
S20500478EC75E
S20500478F54D0
S20500479033F0
S205004791869C
S205004792AB76
S2050047930020
S205004794031C
S20500479547D7
S2050047960617
S205004797001C
S2050047981308
S2050047990515
S20500479A0415
S20500479B0018
S20500479C9384
S20500479D0511
S20500479EA075
S20500479F0014
S2050047A023F0
S2050047A1888A
S2050047A2ED24
S2050047A3FA16
S2050047A4EF20
S2050047A5E02E
S2050047A6CF3E
S2050047A79577
S2050047A89378
S2050047A98C7E
S2050047AA2CDD
S2050047AB0008
S2050047AC8384
S2050047AD27DF
S2050047AE0104
S2050047AF0103
S2050047B08380
S2050047B126DC
S2050047B241C0
S2050047B301FF
S2050047B413EC
S2050047B504FA
S2050047B605F8
S2050047B700FC
S2050047B813E8
S2050047B98773
S2050047BA0CED
S2050047BB00F8
S2050047BC6F88
S2050047BDF006
S2050047BE9F56
S2050047BFA94B
S2050047C013E0
S2050047C107EB
S2050047C29061
S2050047C300F0
S2050047C4638C
S2050047C55E90
S2050047C6B736
S2050047C70FDD
S2050047C89358
S2050047C905E5
S2050047CAA049
S2050047CB00E8
S2050047CC13D4
S2050047CD8561
S2050047CE0DD8
S2050047CF00E4
S2050047D023C0
S2050047D12AB8
S2050047D2D110
S2050047D300E0
S2050047D423BC
S2050047D528B6
S2050047D6F1EC
S2050047D700DC
S2050047D8EFEC
S2050047D9E0FA
S2050047DA4F8A
S2050047DB8A4E
S2050047DC37A0
S2050047DD07CF
S2050047DE10C5
S2050047DF00D4
S2050047E09340
S2050047E10BC7
S2050047E2C70A
S2050047E3547C
S2050047E4339C
S2050047E58747
S2050047E6AB22
S2050047E700CC
S2050047E803C8
S2050047E94783
S2050047EA07C2
S2050047EB00C8
S2050047EC13B4
S2050047ED8541
S2050047EE0DB8
S2050047EF00C4
S2050047F09330
S2050047F105BD
S2050047F2A021
S2050047F300C0
S2050047F4239C
S2050047F500BE
S2050047F6E1DC
S2050047F708B4
S2050047F8EFCC
S2050047F9E0DA
S2050047FA8F2A
S2050047FB9028
S2050047FC8334
S2050047FD278F
S2050047FE01B4
S2050047FF01B3
S205004800832F
S205004801268B
S205004802416F
S20500480301AE
S205004804931B
S2050048050DA0
S20500480605A7
S20500480700AB
S2050048081397
S20500480907A2
S20500480A3078
S20500480B00A7
S20500480C9313
S20500480D0C99
S20500480E2084
S20500480F00A3
S205004810138F
S205004811069B
S2050048121090
S205004813009F
S2050048146F2F
S205004815F0AD
S2050048161F7D
S2050048179803
S2050048189307
S2050048190693
S20500481A9008
S20500481B0097
S20500481C6333
S20500481DDCB9
S20500481EB6DE
S20500481F098A
S205004820236F
S2050048212869
S205004822F19F
S205004823008F
S20500482493FB
S2050048250588
S205004826A0EC
S205004827008B
S20500482893F7
S2050048290782
S20500482A0781
S20500482B0B7C
S20500482C1373
S20500482D8500
S20500482E0D77
S20500482F0083
S205004830136F
S205004831077A
S205004832017F
S205004833027D
S205004834136B
S20500483584F9
S2050048362C50
S205004837007B
S205004838B3C7
S2050048398CED
S20500483AE791
S20500483B0077
S20500483CEF87
S20500483DE095
S20500483E0F65
S20500483F84EF
S205004840373B
S205004841076A
S2050048421060
S205004843006F
S20500484493DB
S2050048450B62
S205004846C7A5
S2050048475417
S205004848B3B7
S20500484986E3
S20500484AABBD
S20500484B0067
S20500484C0363
S20500484DC79E
S20500484E065E
S20500484F0063
S205004850134F
S20500485185DC
S2050048520D53
S205004853005F
S20500485493CB
S2050048550558
S205004856A0BC
S205004857005B
S2050048582337
S20500485988D1
S20500485AEC6C
S20500485BFA5D
S20500485CEF67
S20500485DE075
S20500485E4F05
S20500485F8AC9
S20500486083CF
S205004861272A
S205004862014F
S205004863014E
S20500486493BB
S2050048650D40
S2050048660547
S205004867004B
S2050048681337
S2050048690742
S20500486A0444
S20500486B0047
S20500486C6FD7
S20500486DF055
S20500486E9FA5
S20500486FB68D
S205004870370B
S205004871043D
S2050048721030
S205004873003F
S205004874132B
S2050048750439
S205004876C478
S20500487759E2
S2050048786FCB
S205004879F049
S20500487ACF69
S20500487BD166
S20500487C93A3
S20500487D072E
S20500487E1024
S20500487F0033
S20500488063CF
S205004881DE53
S205004882A789
S2050048830F20
S205004884131B
S2050048850D20
S205004886FD2F
S205004887FF2C
S2050048881317
S2050048890623
S20500488A0D1B
S20500488B0027
S20500488C1313
S20500488D85A0
S20500488E0420
S20500488F0023
S205004890938F
S205004891051C
S2050048920020
S205004893021D
S205004894B36B
S2050048958499
S205004896A478
S205004897011A
S205004898EF2B
S205004899E039
S20500489A0F09
S20500489BAC6B
S20500489C1303
S20500489D0D08
S20500489E0014
S20500489F0013
S2050048A06FA3
S2050048A1F021
S2050048A24FC1
S2050048A3FD12
S2050048A4937B
S2050048A5E726
S2050048A627E5
S2050048A7000B
S2050048A813F7
S2050048A98782
S2050048AA4BBD
S2050048AB0007
S2050048AC13F3
S2050048AD8C79
S2050048AE0CF8
S2050048AF0003
S2050048B06F93
S2050048B1F011
S2050048B24FB1
S2050048B3CA35
S2050048B4B747
S2050048B506F7
S2050048B610EC
S2050048B700FB
S2050048B89367
S2050048B98B6E
S2050048BAC632
S2050048BB54A3
S2050048BC6F87
S2050048BDF005
S2050048BE9F55
S2050048BFB142
S2050048C0B73B
S2050048C105EC
S2050048C210E0
S2050048C300EF
S2050048C413DB
S2050048C507E6
S2050048C620CC
S2050048C700EB
S2050048C89357
S2050048C90CDD
S2050048CA10D8
S2050048CB00E7
S2050048CC13D3
S2050048CD06DF
S2050048CE00E4
S2050048CF00E3
S2050048D0934F
S2050048D18B56
S2050048D2C51B
S2050048D3548B
S2050048D46F6F
S2050048D5F0ED
S2050048D61FBD
S2050048D78C4F
S2050048D837A3
S2050048D906D3
S2050048DA10C8
S2050048DB00D7
S2050048DC9343
S2050048DD0BCA
S2050048DEC60E
S2050048DF547F
S2050048E06F63
S2050048E1F0E1
S2050048E25F71
S2050048E39738
S2050048E43797
S2050048E507C6
S2050048E610BC
S2050048E700CB
S2050048E89337
S2050048E90BBE
S2050048EAC701
S2050048EB5473
S2050048EC6F57
S2050048EDF0D5
S2050048EE9F25
S2050048EFA221
S2050048F0932F
S2050048F107BA
S2050048F2B010
S2050048F302BD
S2050048F413AB
S2050048F50DB0
S2050048F6FDBF
S2050048F7FFBC
S2050048F82397
S2050048F92891
S2050048FAF1C7
S2050048FB00B7
S2050048FC6F47
S2050048FDF0C5
S2050048FE0FA5
S2050048FFE1D2
S205004900139E
S2050049018C24
S2050049020CA3
S20500490300AE
S2050049046F3E
S205004905F0BC
S205004906CFDC
S205004907FFAB
S2050049089316
S205004909E7C1
S20500490A07A0
S20500490B04A2
S20500490C1392
S20500490D8C18
S20500490E0C97
S20500490F00A2
S205004910138E
S205004911069A
S205004912009F
S205004913019D
S2050049146F2E
S205004915F0AC
S2050049164F4C
S205004917BAE0
S2050049189306
S205004919FC9C
S20500491A0790
S20500491B0195
S20500491C6332
S20500491D8A0A
S20500491E0C87
S20500491FD4BE
S20500492093FE
S2050049210C84
S205004922008F
S205004923008E
S2050049246F1E
S205004925F09C
S2050049260F7C
S205004927D2B8
S205004928A3E6
S2050049298008
S20500492A0780
S20500492B0086
S20500492C93F2
S20500492DF78D
S20500492E0C77
S20500492F0280
S205004930631E
S2050049318CF4
S2050049320778
S2050049330A74
S20500493483FA
S2050049354735
S205004936017A
S2050049370377
S2050049386316
S20500493988F0
S20500493A0770
S20500493B2056
S20500493C1362
S20500493D066E
S20500493E0172
S20500493F036F
S205004940135E
S2050049410868
S2050049420669
S205004943006E
S205004944135A
S2050049450765
S205004946E08B
S2050049470268
S20500494893D6
S2050049490563
S20500494A5017
S20500494B0660
S20500494C93D2
S20500494D065E
S20500494E5013
S20500494F045E
S20500495063FE
S2050049518AD6
S205004952E778
S205004953E47A
S20500495463FA
S20500495586D6
S205004956B7A4
S2050049570456
S20500495863F6
S20500495984D4
S20500495AD780
S20500495B0452
S20500495C83D2
S20500495D470D
S20500495E183B
S20500495F0052
S205004960133E
S2050049610848
S2050049621837
S205004963004E
S205004964E36A
S20500496596B6
S2050049660744
S205004967FE4C
S20500496893B6
S2050049690741
S20500496AE067
S20500496B0244
S20500496C2322
S20500496D0044
S20500496EF84B
S20500496F0042
S20500497083BE
S20500497147F9
S205004972013E
S205004973033B
S205004974A39A
S205004975003C
S2050049760833
S205004977003A
S2050049786FCA
S205004979F048
S20500497A4FE8
S20500497BE254
S20500497C83B2
S20500497DA78D
S20500497E0B28
S20500497F0032
S205004980939E
S20500498184AC
S205004982141B
S205004983002E
S205004984939A
S2050049858BA1
S2050049860C1F
S205004987002A
S205004988A386
S2050049898F99
S20500498AF433
S20500498BFE28
S20500498C83A2
S20500498D47DD
S20500498E1C07
S20500498F0022
S20500499063BE
S2050049919090
S2050049920718
S205004993928C
S2050049946FAE
S205004995F02C
S2050049964FCC
S2050049979387
S2050049981306
S2050049990D0B
S20500499AFD1A
S20500499BFF17
S20500499C6FA6
S20500499DF024
S20500499E4FC4
S20500499FC250
S2050049A0030E
S2050049A147C9
S2050049A20807
S2050049A3000E
S2050049A4937A
S2050049A50606
S2050049A60803
S2050049A710FA
S2050049A89376
S2050049A90701
S2050049AA08FF
S2050049AB0006
S2050049AC63A2
S2050049AD16EE
S2050049AE07FC
S2050049AF0002
S2050049B06F92
S2050049B10000
S2050049B200FF
S2050049B303FB
S2050049B4639A
S2050049B58874
S2050049B6D724
S2050049B700FA
S2050049B803F6
S2050049B9C731
S2050049BA17E0
S2050049BB00F6
S2050049BC9362
S2050049BD876D
S2050049BE17DC
S2050049BF00F2
S2050049C0E30E
S2050049C11AD6
S2050049C207E8
S2050049C3FEF0
S2050049C433BA
S2050049C58666
S2050049C607E4
S2050049C741A9
S2050049C86386
S2050049C95C8C
S2050049CAC027
S2050049CB00E6
S2050049CC9352
S2050049CD05DF
S2050049CE18CB
S2050049CF00E2
S2050049D013CE
S2050049D105DB
S2050049D228B7
S2050049D300DE
S2050049D423BA
S2050049D52CB0
S2050049D601DA
S2050049D701D9
S2050049D8EFEA
S2050049D9E0F8
S2050049DA4F88
S2050049DB874F
S2050049DC03D2
S2050049DD28AC
S2050049DE8152
S2050049DF01D1
S2050049E0933E
S2050049E107C9
S2050049E2E0EF
S2050049E302CC
S2050049E423AA
S2050049E500CC
S2050049E6F8D3
S2050049E700CA
S2050049E88346
S2050049E94781
S2050049EA01C6
S2050049EB03C3
S2050049EC6F56
S2050049EDF0D4
S2050049EE0FB4
S2050049EFDBE7
S2050049F013AE
S2050049F10DB3
S2050049F20DB2
S2050049F3F0CE
S2050049F413AA
S2050049F504B8
S2050049F600BB
S2050049F710AA
S2050049F86F4A
S2050049F9F0C8
S2050049FA0FA8
S2050049FBDDD9
S2050049FCB7FE
S2050049FD07AD
S2050049FE00B3
S2050049FF8032
S205004A00337D
S205004A01C4EB
S205004A028727
S205004A0300AD
S205004A049319
S205004A0507A4
S205004A06D0DA
S205004A0702A7
S205004A081395
S205004A090D9A
S205004A0AFDA9
S205004A0BFFA6
S205004A0C2381
S205004A0D287B
S205004A0EF1B1
S205004A0F00A1
S205004A106F31
S205004A11F0AF
S205004A12CFCF
S205004A13CFCE
S205004A149309
S205004A150497
S205004A160595
S205004A170099
S205004A186F29
S205004A19F0A7
S205004A1A9FF7
S205004A1BA2F3
S205004A1C8311
S205004A1D474C
S205004A1E1C76
S205004A1F0091
S205004A20632D
S205004A21840B
S205004A220787
S205004A23008D
S205004A246F1D
S205004A25F09B
S205004A26CFBB
S205004A278801
S205004A286F19
S205004A29F097
S205004A2A0F77
S205004A2B8AFB
S205004A2C93F1
S205004A2D077C
S205004A2E0082
S205004A2F027F
S205004A30235D
S205004A312659
S205004A32017D
S205004A33007D
S205004A342359
S205004A352A51
S205004A36F189
S205004A370079
S205004A386F09
S205004A39F087
S205004A3A4F27
S205004A3BC9AC
S205004A3CA3D1
S205004A3D80F3
S205004A3EE78B
S205004A3F0071
S205004A40036D
S205004A41C7A8
S205004A42F678
S205004A43FF6E
S205004A442349
S205004A4580EB
S205004A46A7C3
S205004A470069
S205004A4893D5
S205004A4987E0
S205004A4A273F
S205004A4B0065
S205004A4C6301
S205004A4D1E45
S205004A4E075B
S205004A4FD091
S205004A506FF1
S205004A51F06F
S205004A528FCF
S205004A53D38A
S205004A5483D9
S205004A554714
S205004A561C3E
S205004A570059
S205004A5893C5
S205004A598BCC
S205004A5A0C4A
S205004A5B0055
S205004A5C93C1
S205004A5D044F
S205004A5E054D
S205004A5F0051
S205004A6063ED
S205004A6184CB
S205004A620747
S205004A63004D
S205004A646FDD
S205004A65F05B
S205004A66CF7B
S205004A6784C5
S205004A686FD9
S205004A69F057
S205004A6A0F37
S205004A6B86BF
S205004A6C1331
S205004A6D0D36
S205004A6EFD45
S205004A6FFF42
S205004A706FD1
S205004A71F04F
S205004A729F9F
S205004A739AA3
S205004A741329
S205004A750437
S205004A76003A
S205004A770039
S205004A786FC9
S205004A79F047
S205004A7A0F27
S205004A7BD560
S205004A7C83B1
S205004A7D270C
S205004A7E0131
S205004A7F0130
S205004A8063CD
S205004A818EA1
S205004A820727
S205004A830429
S205004A842309
S205004A8580AB
S205004A86F436
S205004A870029
S205004A889395
S205004A89FC2B
S205004A8A0C1A
S205004A8B0124
S205004A8C9391
S205004A8D849F
S205004A8E140E
S205004A8F0021
S205004A9063BD
S205004A91928D
S205004A920C12
S205004A930419
S205004A941309
S205004A950D0E
S205004A96ED2D
S205004A97FF1A
S205004A986FA9
S205004A99F027
S205004A9A8F87
S205004A9BD83D
S205004A9C1301
S205004A9D070C
S205004A9E0012
S205004A9F030E
S205004AA023ED
S205004AA1808F
S205004AA2E727
S205004AA3000D
S205004AA4E329
S205004AA58289
S205004AA60DFD
S205004AA7E821
S205004AA813F5
S205004AA98780
S205004AAA27DF
S205004AAB0005
S205004AAC9371
S205004AAD06FD
S205004AAEE022
S205004AAF02FF
S205004AB0A35D
S205004AB1807F
S205004AB2D727
S205004AB300FD
S205004AB413E9
S205004AB505F6
S205004AB607F3
S205004AB700F9
S205004AB813E5
S205004AB98671
S205004ABA0DE9
S205004ABB00F5
S205004ABC9361
S205004ABD05EE
S205004ABE00F2
S205004ABF03EE
S205004AC0EF01
S205004AC1E00F
S205004AC28F5F
S205004AC38964
S205004AC433B9
S205004AC507E4
S205004AC6B535
S205004AC701E8
S205004AC823C5
S205004AC900E7
S205004ACA07DF
S205004ACB00E5
S205004ACC8361
S205004ACD479C
S205004ACE01E1
S205004ACF03DE
S205004AD06F71
S205004AD1F0EF
S205004AD2CF0F
S205004AD3CC11
S205004AD413C9
S205004AD50DCE
S205004AD6FDDD
S205004AD7FFDA
S205004AD86F69
S205004AD9F0E7
S205004ADA8F47
S205004ADBD401
S205004ADC13C1
S205004ADD0DC6
S205004ADEEDE5
S205004ADFFFD2
S205004AE0636D
S205004AE1428D
S205004AE2804E
S205004AE3D4F9
S205004AE46F5D
S205004AE5F0DB
S205004AE6CFFB
S205004AE7D6F3
S205004AE89335
S205004AE906C1
S205004AEA00C6
S205004AEB03C2
S205004AEC23A1
S205004AED8043
S205004AEED7EB
S205004AEF00C1
S205004AF0932D
S205004AF106B9
S205004AF2E0DE
S205004AF302BB
S205004AF4A319
S205004AF5803B
S205004AF6D7E3
S205004AF700B9
S205004AF83385
S205004AF904B3
S205004AFAB006
S205004AFB4075
S205004AFC9321
S205004AFD872C
S205004AFE278B
S205004AFF00B1
S205004B00634C
S205004B01842A
S205004B0205A8
S205004B0302AA
S205004B041398
S205004B058525
S205004B0607A2
S205004B0700A8
S205004B081394
S205004B0906A0
S205004B0A04A1
S205004B0B00A4
S205004B0C9310
S205004B0D059D
S205004B0E00A1
S205004B0F039D
S205004B10237C
S205004B112E70
S205004B12E1BC
S205004B13009C
S205004B142378
S205004B152C6E
S205004B160198
S205004B170197
S205004B18EFA8
S205004B19E0B6
S205004B1A0F86
S205004B1B8410
S205004B1C0390
S205004B1D276B
S205004B1EC1D0
S205004B1F018F
S205004B20038C
S205004B212866
S205004B22810C
S205004B23018B
S205004B24B3D8
S205004B250783
S205004B268504
S205004B270088
S205004B281374
S205004B29087E
S205004B2A186D
S205004B2B0084
S205004B2C2360
S205004B2D8002
S205004B2EE79A
S205004B2F0080
S205004B30037C
S205004B314737
S205004B320875
S205004B33007C
S205004B3493E8
S205004B3587F3
S205004B361762
S205004B370078
S205004B38E394
S205004B39185E
S205004B3A076E
S205004B3BFE76
S205004B3C6F04
S205004B3DF082
S205004B3ECFA2
S205004B3FC4AC
S205004B4093DC
S205004B41046A
S205004B420568
S205004B43006C
S205004B446FFC
S205004B45F07A
S205004B469FCA
S205004B47A5C3
S205004B481354
S205004B49085E
S205004B4A0164
S205004B4B0361
S205004B4C6FF4
S205004B4DF072
S205004B4EDF82
S205004B4FE17F
S205004B50134C
S205004B51015D
S205004B52015C
S205004B53BCA0
S205004B541348
S205004B550357
S205004B564118
S205004B574216
S205004B582334
S205004B592A2C
S205004B5A91C4
S205004B5B4014
S205004B5C93C0
S205004B5D044E
S205004B5E0150
S205004B5F014F
S205004B60232C
S205004B61222C
S205004B62B19C
S205004B63420A
S205004B642328
S205004B652426
S205004B66C188
S205004B674206
S205004B6893B4
S205004B690541
S205004B6A0540
S205004B6B0044
S205004B6C1330
S205004B6D063C
S205004B6E033E
S205004B6F0040
S205004B70132C
S205004B7185B9
S205004B720439
S205004B73003C
S205004B742318
S205004B752E0C
S205004B761128
S205004B7740F8
S205004B782314
S205004B792610
S205004B7AD164
S205004B7B42F2
S205004B7C2310
S205004B7D280A
S205004B7EE150
S205004B7F42EE
S205004B80230C
S205004B812A04
S205004B82F13C
S205004B8342EA
S205004B842308
S205004B852CFE
S205004B860128
S205004B8743E5
S205004B882304
S205004B892EF8
S205004B8A1114
S205004B8B43E1
S205004B8C2300
S205004B8D26FC
S205004B8E61C0
S205004B8F0020
S205004B90EF30
S205004B91E03E
S205004B929F7E
S205004B93EB31
S205004B940318
S205004B9545D5
S205004B960118
S205004B970117
S205004B9863B4
S205004B990E08
S205004B9A0510
S205004B9B0212
S205004B9C23F0
S205004B9D2CE6
S205004B9E8190
S205004B9F40D0
S205004BA013FC
S205004BA1848A
S205004BA20409
S205004BA3000C
S205004BA4EF1C
S205004BA5E02A
S205004BA6CF3A
S205004BA7FD0B
S205004BA80304
S205004BA945C1
S205004BAA14F1
S205004BAB0004
S205004BAC9370
S205004BAD07FB
S205004BAE04FD
S205004BAF0000
S205004BB013EC
S205004BB104FA
S205004BB214E9
S205004BB300FC
S205004BB4E318
S205004BB518E2
S205004BB605F4
S205004BB7FEFA
S205004BB803F4
S205004BB924D2
S205004BBA8174
S205004BBB41B3
S205004BBC8370
S205004BBD20D2
S205004BBEC130
S205004BBF41AF
S205004BC033BC
S205004BC18569
S205004BC29756
S205004BC340AC
S205004BC413D8
S205004BC505E5
S205004BC615D4
S205004BC700E8
S205004BC88364
S205004BC924C2
S205004BCA41A4
S205004BCB41A3
S205004BCC13D0
S205004BCD01E1
S205004BCE01E0
S205004BCF449C
S205004BD06778
S205004BD1805E
S205004BD200DD
S205004BD300DC
S205004BD48358
S205004BD520BA
S205004BD6C118
S205004BD74197
S205004BD88354
S205004BD924B2
S205004BDA4194
S205004BDB4193
S205004BDC13C0
S205004BDD05CD
S205004BDE00D1
S205004BDF00D0
S205004BE013BC
S205004BE101CD
S205004BE201CC
S205004BE34488
S205004BE46764
S205004BE5804A
S205004BE600C9
S205004BE700C8
S205004BE813B4
S205004BE901C5
S205004BEA01C4
S205004BEBF9CB
S205004BEC23A0
S205004BED249E
S205004BEE8140
S205004BEF06BA
S205004BF0239C
S205004BF1229C
S205004BF2912C
S205004BF306B6
S205004BF42398
S205004BF5209A
S205004BF62198
S205004BF707B1
S205004BF82394
S205004BF92E88
S205004BFA3184
S205004BFB05AF
S205004BFC2390
S205004BFD2C86
S205004BFE4170
S205004BFF05AB
S205004C00238B
S205004C012687
S205004C02119B
S205004C0306A5
S205004C042387
S205004C052A7F
S205004C065157
S205004C0705A2
S205004C082383
S205004C09287D
S205004C0A6143
S205004C0B059E
S205004C0C237F
S205004C0D267B
S205004C0E712F
S205004C0F059A
S205004C10237B
S205004C11227B
S205004C12910B
S205004C130596
S205004C142377
S205004C152E6B
S205004C16B1E7
S205004C170394
S205004C189303
S205004C19088D
S205004C1AE0B4
S205004C1B048F
S205004C1C236F
S205004C1D2E63
S205004C1E018F
S205004C1F018E
S205004C2093FB
S205004C210984
S205004C220587
S205004C23008B
S205004C241377
S205004C258405
S205004C260583
S205004C270087
S205004C281373
S205004C298AFB
S205004C2A067E
S205004C2B0083
S205004C2C93EF
S205004C2D047D
S205004C2E0779
S205004C2F007F
S205004C30136B
S205004C3189F4
S205004C320775
S205004C33007B
S205004C346317
S205004C35DC9D
S205004C36C8B0
S205004C371A5D
S205004C3893E3
S205004C39076E
S205004C3AE094
S205004C3B046F
S205004C3C234F
S205004C3D2C45
S205004C3EF17F
S205004C3F006F
S205004C40135B
S205004C4185E8
S205004C420963
S205004C43006B
S205004C4493D7
S205004C450564
S205004C460464
S205004C470067
S205004C481353
S205004C49065F
S205004C4A0064
S205004C4B0063
S205004C4C93CF
S205004C4D065B
S205004C4E0060
S205004C4F005F
S205004C50EF6F
S205004C51C09D
S205004C525FFD
S205004C539EBD
S205004C541347
S205004C550752
S205004C560058
S205004C570057
S205004C5863F3
S205004C5958FD
S205004C5A054F
S205004C5B0053
S205004C5CB79B
S205004C5D074A
S205004C5E0050
S205004C5F80CF
S205004C60331B
S205004C61C489
S205004C6287C5
S205004C63004B
S205004C641337
S205004C650742
S205004C661038
S205004C670047
S205004C6893B3
S205004C690540
S205004C6A0440
S205004C6B0043
S205004C6C231F
S205004C6DA0A1
S205004C6EE45C
S205004C6F003F
S205004C70132B
S205004C710637
S205004C72013B
S205004C730239
S205004C741327
S205004C7585B4
S205004C76092F
S205004C770037
S205004C78EF47
S205004C79B085
S205004C7A8FA5
S205004C7BCC67
S205004C7C032F
S205004C7D2B06
S205004C7E012F
S205004C7F022D
S205004C8083AB
S205004C812B02
S205004C8241EB
S205004C830229
S205004C849397
S205004C8584A5
S205004C860523
S205004C870027
S205004C881313
S205004C890421
S205004C8A051F
S205004C8B0023
S205004C8C130F
S205004C8D061B
S205004C8E0020
S205004C8F001F
S205004C90938B
S205004C910617
S205004C92001C
S205004C93001B
S205004C941307
S205004C950514
S205004C960B0D
S205004C970017
S205004C989383
S205004C998590
S205004C9A0B09
S205004C9B0013
S205004C9CEF23
S205004C9DC051
S205004C9EDF31
S205004C9F808F
S205004CA063AB
S205004CA10C01
S205004CA20507
S205004CA32CDF
S205004CA4B753
S205004CA50CFD
S205004CA610F8
S205004CA70007
S205004CA88383
S205004CA9A75E
S205004CAA8C78
S205004CAB7A89
S205004CAC03FF
S205004CADA859
S205004CAECC34
S205004CAF7A85
S205004CB0B747
S205004CB106F7
S205004CB210EC
S205004CB300FB
S205004CB423D7
S205004CB520D9
S205004CB6F107
S205004CB700F7
S205004CB88373
S205004CB9A74E
S205004CBA06EE
S205004CBB7B78
S205004CBC23CF
S205004CBD22CF
S205004CBE01EF
S205004CBF01EE
S205004CC003EB
S205004CC1A845
S205004CC246A6
S205004CC37B70
S205004CC423C7
S205004CC524C5
S205004CC6F1F7
S205004CC700E7
S205004CC89353
S205004CC907DE
S205004CCA09DB
S205004CCB05DE
S205004CCC23BF
S205004CCD24BD
S205004CCE815F
S205004CCF05DA
S205004CD023BB
S205004CD120BD
S205004CD2A13B
S205004CD305D6
S205004CD423B7
S205004CD526B3
S205004CD601D7
S205004CD701D6
S205004CD823B3
S205004CD92AAB
S205004CDAF1E3
S205004CDB00D3
S205004CDC933F
S205004CDD8D44
S205004CDE07C9
S205004CDF00CF
S205004CE0933B
S205004CE10CC1
S205004CE200CC
S205004CE305C6
S205004CE403C7
S205004CE526A3
S205004CE601C7
S205004CE700C7
S205004CE88343
S205004CE9269F
S205004CEA4183
S205004CEB00C3
S205004CEC13AF
S205004CED05BC
S205004CEE0BB5
S205004CEF00BF
S205004CF0932B
S205004CF18538
S205004CF20BB1
S205004CF300BB
S205004CF4EFCB
S205004CF5B009
S205004CF6DFD9
S205004CF7F0C7
S205004CF813A3
S205004CF906AF
S205004CFA01B3
S205004CFB02B1
S205004CFCEFC3
S205004CFDB001
S205004CFE4F61
S205004CFFC4EB
S205004D0003AA
S205004D012686
S205004D02812A
S205004D0300AA
S205004D048326
S205004D052682
S205004D06C1E6
S205004D0700A6
S205004D082382
S205004D092480
S205004D0AA102
S205004D0B02A0
S205004D0C237E
S205004D0D267A
S205004D0EB1EE
S205004D0F029C
S205004D10EFAE
S205004D11B0EC
S205004D128F0C
S205004D13E2B8
S205004D140396
S205004D152672
S205004D160196
S205004D170096
S205004D188312
S205004D19266E
S205004D1A4152
S205004D1B0092
S205004D1C137E
S205004D1D8C04
S205004D1E0D82
S205004D1F008E
S205004D2093FA
S205004D218DFF
S205004D22FD8E
S205004D23FF8B
S205004D24EF9A
S205004D25C0C8
S205004D269FE8
S205004D27A1E5
S205004D28EF96
S205004D29D0B4
S205004D2ADFA4
S205004D2BAAD8
S205004D2C037E
S205004D2D2B55
S205004D2E017E
S205004D2F027C
S205004D3083FA
S205004D312B51
S205004D32413A
S205004D330278
S205004D341366
S205004D350573
S205004D360572
S205004D370373
S205004D38B3C2
S205004D3989EB
S205004D3ABCB7
S205004D3B4131
S205004D3C234E
S205004D3D80F0
S205004D3EADC2
S205004D3F006E
S205004D40135A
S205004D410666
S205004D42006B
S205004D43006A
S205004D4493D6
S205004D450662
S205004D460067
S205004D470066
S205004D481352
S205004D49055F
S205004D4A0B58
S205004D4B0062
S205004D4C93CE
S205004D4D85DB
S205004D4E0B54
S205004D4F005E
S205004D50134A
S205004D518DCF
S205004D520D4E
S205004D53005A
S205004D5493C6
S205004D550A4E
S205004D56094E
S205004D570056
S205004D58B3A2
S205004D5989CB
S205004D5A292A
S205004D5B0151
S205004D5CEF62
S205004D5DC090
S205004D5ECF80
S205004D5FF45A
S205004D60E36A
S205004D61123A
S205004D620546
S205004D63F852
S205004D6483C6
S205004D652721
S205004D664106
S205004D670145
S205004D6863E2
S205004D69FE46
S205004D6AFD46
S205004D6B360C
S205004D6CB38E
S205004D6D0739
S205004D6EB986
S205004D6F41FD
S205004D7093AA
S205004D7186B6
S205004D72F744
S205004D730436
S205004D741326
S205004D750731
S205004D7660D7
S205004D770036
S205004D7863D2
S205004D7974C0
S205004D7AD75C
S205004D7B082A
S205004D7C33FE
S205004D7D67C9
S205004D7EB976
S205004D7F012D
S205004D80131A
S205004D8177B5
S205004D8237F4
S205004D83002A
S205004D8463C6
S205004D851E0A
S205004D860720
S205004D870620
S205004D8833F2
S205004D890C18
S205004D8A899A
S205004D8B41E1
S205004D8C130E
S205004D8D3CE4
S205004D8E3CE3
S205004D8F001E
S205004D9063BA
S205004D911804
S205004D920C0F
S205004D930614
S205004D949386
S205004D958791
S205004D960710
S205004D970511
S205004D981302
S205004D99F61E
S205004D9AC74C
S205004D9BFF13
S205004D9CB35E
S205004D9D060A
S205004D9EB659
S205004D9F010D
S205004DA0030A
S205004DA127E5
S205004DA20DFE
S205004DA3000A
S205004DA413F6
S205004DA50DFB
S205004DA64DBA
S205004DA70006
S205004DA89372
S205004DA98A7A
S205004DAA4AB9
S205004DAB0002
S205004DAC23DE
S205004DADAE52
S205004DAEEA15
S205004DAFFE00
S205004DB0E31A
S205004DB19864
S205004DB2A655
S205004DB3FFFB
S205004DB433C6
S205004DB507F1
S205004DB6C92E
S205004DB700F6
S205004DB86392
S205004DB904F0
S205004DBAF6FD
S205004DBB06EC
S205004DBC836E
S205004DBDC52B
S205004DBE06E9
S205004DBF00EE
S205004DC003EA
S205004DC125C7
S205004DC241AA
S205004DC301E9
S205004DC413D6
S205004DC58662
S205004DC616D1
S205004DC700E6
S205004DC823C2
S205004DC900E4
S205004DCAB72C
S205004DCB00E2
S205004DCC637E
S205004DCD7A66
S205004DCEA639
S205004DCF04DA
S205004DD0835A
S205004DD1C517
S205004DD216C5
S205004DD300DA
S205004DD413C6
S205004DD58652
S205004DD626B1
S205004DD700D6
S205004DD8A332
S205004DD900D4
S205004DDAB71C
S205004DDB00D2
S205004DDC636E
S205004DDD725E
S205004DDEA629
S205004DDF04CA
S205004DE0834A
S205004DE1C606
S205004DE226A5
S205004DE300CA
S205004DE423A6
S205004DE501C7
S205004DE6D7F0
S205004DE700C6
S205004DE86F56
S205004DE900C4
S205004DEA8043
S205004DEB03BF
S205004DEC932E
S205004DED467A
S205004DEEF6C9
S205004DEFFFBF
S205004DF0932A
S205004DF1D6E6
S205004DF2F6C5
S205004DF34179
S205004DF4B306
S205004DF57741
S205004DF6D6E1
S205004DF700B6
S205004DF82392
S205004DF92C88
S205004DFAF1C2
S205004DFB00B2
S205004DFC6F42
S205004DFDF0C0
S205004DFE5F50
S205004DFFE4CA
S205004E001399
S205004E0107A4
S205004E0209A1
S205004E0300A9
S205004E048325
S205004E05C6E1
S205004E060D99
S205004E0700A5
S205004E089311
S205004E098D16
S205004E0A1D85
S205004E0B00A1
S205004E0C138D
S205004E0D0798
S205004E0E1787
S205004E0F009D
S205004E10A3F9
S205004E110F8C
S205004E12D7C3
S205004E13FE9B
S205004E148315
S205004E152671
S205004E164155
S205004E170194
S205004E18E3B1
S205004E1996FD
S205004E1AB6DC
S205004E1BFF92
S205004E1C93FD
S205004E1D8708
S205004E1E0787
S205004E1F0588
S205004E200389
S205004E212C5F
S205004E228109
S205004E230485
S205004E240385
S205004E252D5A
S205004E260185
S205004E270481
S205004E28B3D1
S205004E290A79
S205004E2AF989
S205004E2B0081
S205004E2C83FD
S205004E2D2758
S205004E2E81FD
S205004E2F017C
S205004E30B3C9
S205004E310D6E
S205004E32F981
S205004E330079
S205004E3483F5
S205004E352750
S205004E36C1B5
S205004E370174
S205004E386311
S205004E3994DF
S205004E3A076B
S205004E3B0071
S205004E3CB3BD
S205004E3D8DE2
S205004E3E3D31
S205004E3F016C
S205004E402349
S205004E41204B
S205004E423A30
S205004E430168
S205004E446305
S205004E45E681
S205004E462D39
S205004E471F46
S205004E4893D1
S205004E49095A
S205004E4A0959
S205004E4B055C
S205004E4C63FD
S205004E4DEE71
S205004E4E5D01
S205004E4F0558
S205004E50B7A5
S205004E510C4F
S205004E52104A
S205004E530059
S205004E5463F5
S205004E55FA5D
S205004E563A1C
S205004E570550
S205004E580351
S205004E59ABA8
S205004E5A8CC6
S205004E5B7AD7
S205004E5C83CD
S205004E5DABA4
S205004E5ECC82
S205004E5F7AD3
S205004E606FDD
S205004E61004B
S205004E6280CA
S205004E630049
S205004E6463E5
S205004E658ABD
S205004E6659ED
S205004E671D28
S205004E6893B1
S205004E6986BD
S205004E6A0B37
S205004E6B0041
S205004E6C132D
S205004E6D053A
S205004E6E043A
S205004E6F003D
S205004E7093A9
S205004E7185B6
S205004E720436
S205004E730039
S205004E741325
S205004E750631
S205004E760B2B
S205004E770035
S205004E78EF45
S205004E79C073
S205004E7A5FD3
S205004E7B8CA5
S205004E7C131D
S205004E7D0629
S205004E7E81AD
S205004E7F022B
S205004E80EF3D
S205004E81B07B
S205004E820F1B
S205004E83AC7D
S205004E841315
S205004E850423
S205004E860521
S205004E870025
S205004E889391
S205004E89849F
S205004E8A051D
S205004E8B0021
S205004E8C031D
S205004E8D25FA
S205004E8E819D
S205004E8F021B
S205004E908399
S205004E9125F6
S205004E92C159
S205004E930217
S205004E949385
S205004E958A8D
S205004E961AFC
S205004E970015
S205004E98EF25
S205004E99D043
S205004E9ADF33
S205004E9B937E
S205004E9C13FD
S205004E9D050A
S205004E9E0509
S205004E9F030A
S205004EA0A369
S205004EA18F7C
S205004EA2AA60
S205004EA3FE0B
S205004EA4E325
S205004EA5F017
S205004EA65DA9
S205004EA7FD08
S205004EA863A1
S205004EA9F80B
S205004EAA3DC5
S205004EAB19E8
S205004EAC837D
S205004EADC738
S205004EAE0DF1
S205004EAF00FD
S205004EB013E9
S205004EB107F4
S205004EB2906A
S205004EB303F6
S205004EB49365
S205004EB58770
S205004EB6579F
S205004EB700F5
S205004EB89361
S205004EB9F7FC
S205004EBAF7FB
S205004EBB0FE2
S205004EBC23CD
S205004EBD806F
S205004EBEFDF1
S205004EBF00ED
S205004EC06389
S205004EC17E6D
S205004EC2F7F3
S205004EC306E3
S205004EC48365
S205004EC527C0
S205004EC6C125
S205004EC701E4
S205004EC86381
S205004EC99251
S205004ECA07DB
S205004ECB18C9
S205004ECC934D
S205004ECD8758
S205004ECE0DD1
S205004ECF00DD
S205004ED013C9
S205004ED106D5
S205004ED200DA
S205004ED303D6
S205004ED49345
S205004ED505D2
S205004ED69046
S205004ED703D2
S205004ED823B1
S205004ED98053
S205004EDAC70B
S205004EDB00D1
S205004EDC636D
S205004EDD646B
S205004EDEF9D5
S205004EDF1CB1
S205004EE013B9
S205004EE107C4
S205004EE210BA
S205004EE303C6
S205004EE423A5
S205004EE58047
S205004EE6E7DF
S205004EE700C5
S205004EE803C1
S205004EE9279C
S205004EEA0AB8
S205004EEB00C1
S205004EEC13AD
S205004EED07B8
S205004EEE17A7
S205004EEF00BD
S205004EF02399
S205004EF1209B
S205004EF2EAD0
S205004EF300B9
S205004EF46355
S205004EF57443
S205004EF6B9FD
S205004EF701B4
S205004EF82391
S205004EF98033
S205004EFACDE5
S205004EFB00B1
S205004EFC832D
S205004EFDC6E9
S205004EFE07A7
S205004EFF00AD
S205004F001398
S205004F0107A3
S205004F029019
S205004F0303A5
S205004F049314
S205004F058D19
S205004F061D88
S205004F0700A4
S205004F086340
S205004F097A28
S205004F0AD7CA
S205004F0B029E
S205004F0C138C
S205004F0D0698
S205004F0E108D
S205004F0F0399
S205004F109308
S205004F110595
S205004F120099
S205004F130395
S205004F149304
S205004F150690
S205004F169005
S205004F170391
S205004F182370
S205004F198012
S205004F1AC7CA
S205004F1B0090
S205004F1C038C
S205004F1D2767
S205004F1E0A83
S205004F1F008C
S205004F201378
S205004F210783
S205004F221772
S205004F230088
S205004F242364
S205004F252066
S205004F26EA9B
S205004F270084
S205004F286320
S205004F29740E
S205004F2AB9C8
S205004F2B017F
S205004F2C235C
S205004F2D80FE
S205004F2EBDC0
S205004F2F007C
S205004F300378
S205004F31C7B3
S205004F320772
S205004F330078
S205004F3493E4
S205004F358DE9
S205004F361D58
S205004F370074
S205004F38E390
S205004F39E092
S205004F3AE68B
S205004F3BFE72
S205004F3C234C
S205004F3D80EE
S205004F3E0D60
S205004F3F006C
S205004F4083E8
S205004F41204A
S205004F42C1A8
S205004F430662
S205004F440364
S205004F452442
S205004F4681E4
S205004F47065E
S205004F4883E0
S205004F49243E
S205004F4A4120
S205004F4B065A
S205004F4C83DC
S205004F4D2935
S205004F4EC19C
S205004F4F0557
S205004F500358
S205004F512A30
S205004F5281D8
S205004F530553
S205004F5483D4
S205004F552A2C
S205004F564114
S205004F57054F
S205004F580350
S205004F592B27
S205004F5A0150
S205004F5B054B
S205004F5C83CC
S205004F5D2B23
S205004F5EC18C
S205004F5F0448
S205004F6083C8
S205004F612C1E
S205004F624108
S205004F630444
S205004F6483C4
S205004F652D19
S205004F66C184
S205004F670341
S205004F681330
S205004F69053D
S205004F6A0938
S205004F6B0040
S205004F6C033C
S205004F6D2915
S205004F6E013C
S205004F6F0636
S205004F701328
S205004F710139
S205004F720138
S205004F730731
S205004F7467D0
S205004F7580B6
S205004F760035
S205004F770034
S205004F781320
S205004F79052D
S205004F7A042D
S205004F7B0030
S205004F7C939C
S205004F7D85A9
S205004F7E0429
S205004F7F002C
S205004F801318
S205004F810624
S205004F820029
S205004F830028
S205004F849394
S205004F850620
S205004F860025
S205004F870024
S205004F88EF34
S205004F89C062
S205004F8ACF52
S205004F8BDA46
S205004F8C63BC
S205004F8D5AC4
S205004F8EA07D
S205004F8F0A12
S205004F90B764
S205004F910C0E
S205004F921009
S205004F930018
S205004F940314
S205004F95A670
S205004F968C89
S205004F977A9A
S205004F988390
S205004F99A66C
S205004F9ACC45
S205004F9B7A96
S205004F9C13FC
S205004F9D0509
S205004F9E0409
S205004F9F000C
S205004FA09378
S205004FA18585
S205004FA20405
S205004FA30008
S205004FA423E4
S205004FA520E6
S205004FA6A164
S205004FA705FF
S205004FA8EF14
S205004FA9C042
S205004FAA4FB2
S205004FABF907
S205004FACB748
S205004FAD07F7
S205004FAE10ED
S205004FAF00FC
S205004FB003F8
S205004FB1AB4F
S205004FB28772
S205004FB37B7D
S205004FB48374
S205004FB5AB4B
S205004FB6C72E
S205004FB77B79
S205004FB813E0
S205004FB90DE5
S205004FBA05EC
S205004FBB00F0
S205004FBC13DC
S205004FBD06E8
S205004FBE0BE2
S205004FBF00EC
S205004FC09358
S205004FC18664
S205004FC20BDE
S205004FC300E8
S205004FC49354
S205004FC58A5C
S205004FC605E0
S205004FC700E4
S205004FC8EFF4
S205004FC9C022
S205004FCACF12
S205004FCBE6FA
S205004FCC934C
S205004FCD09D5
S205004FCE00DD
S205004FCF00DC
S205004FD06378
S205004FD1508A
S205004FD205D4
S205004FD312C6
S205004FD423B4
S205004FD524B2
S205004FD68154
S205004FD705CF
S205004FD803D0
S205004FD9AC26
S205004FDA8C45
S205004FDB7A56
S205004FDC834C
S205004FDDAC22
S205004FDECC01
S205004FDF7A52
S205004FE013B8
S205004FE105C5
S205004FE20DBC
S205004FE300C8
S205004FE49334
S205004FE58541
S205004FE60ABB
S205004FE700C4
S205004FE813B0
S205004FE906BC
S205004FEA0CB5
S205004FEB00C0
S205004FEC932C
S205004FED8638
S205004FEE0CB1
S205004FEF00BC
S205004FF0EFCC
S205004FF1C0FA
S205004FF2CFEA
S205004FF3F4C4
S205004FF413A4
S205004FF506B0
S205004FF60BAA
S205004FF700B4
S205004FF89320
S205004FF9862C
S205004FFA0BA6
S205004FFB00B0
S205004FFC139C
S205004FFD04AA
S205004FFE0DA0
S205004FFF00AC
S2050050009317
S2050050018425
S2050050020A9E
S20500500300A7
S2050050049313
S205005005891C
S205005006F9AB
S205005007FFA4
S205005008138F
S2050050090D94
S20500500A059B
S20500500B009F
S20500500C930B
S20500500D8A13
S20500500E0597
S20500500F009B
S205005010EFAB
S205005011C0D9
S2050050124F49
S205005013E2B5
S205005014E3B3
S205005015464F
S205005016058F
S205005017FC97
S205005018236F
S205005019246D
S20500501AA1EF
S20500501B038C
S20500501C236B
S20500501D2667
S20500501E513B
S20500501F0388
S2050050200387
S2050050212C5D
S2050050228107
S2050050230483
S2050050240383
S2050050252D58
S2050050260183
S205005027047F
S20500502893EF
S2050050290A77
S20500502A0977
S20500502B007F
S20500502C6F0F
S20500502DF08D
S20500502E1F5D
S20500502FE09B
S2050050302357
S2050050310079
S205005032096F
S2050050330077
S2050050346F07
S205005035F085
S205005036DF95
S205005037F083
S205005038A3CF
S205005039076A
S20500503A0967
S20500503B046B
S20500503C6FFF
S20500503DF07D
S20500503E5F0D
S20500503FF07B
S20500504093D7
S2050050410A5F
S205005042095F
S2050050430067
S20500504493D3
S205005045095C
S2050050460064
S2050050470063
S2050050486FF3
S205005049F071
S20500504A5F01
S20500504BDE81
S20500504C93CB
S20500504D87D6
S20500504E0D4F
S20500504F005B
S20500505093C7
S2050050510554
S2050050520058
S2050050530354
S2050050541343
S205005055064F
S20500505690C4
S2050050570350
S205005058232F
S20500505980D1
S20500505AB799
S20500505B004F
S20500505C63EB
S20500505D64E9
S20500505EF953
S20500505F0645
S2050050601337
S2050050610742
S2050050621038
S2050050630344
S2050050642323
S20500506580C5
S205005066E75D
S2050050670043
S205005068033F
S205005069271A
S20500506A0A36
S20500506B003F
S20500506C93AB
S20500506D0538
S20500506E90AC
S20500506F0338
S2050050701327
S2050050710633
S2050050721028
S2050050730334
S2050050741323
S205005075072E
S205005076171D
S2050050770033
S205005078230F
S2050050792011
S20500507AEA46
S20500507B002F
S20500507C032B
S20500507DC766
S20500507E0725
S20500507F002B
S2050050809397
S2050050810623
S2050050829098
S2050050830324
S205005084E343
S205005085FC29
S205005086E53F
S205005087EA39
S20500508823FF
S20500508980A1
S20500508AC759
S20500508B001F
S20500508C031B
S20500508D27F6
S20500508E0A12
S20500508F001B
S2050050901307
S2050050910712
S2050050921701
S2050050930017
S20500509423F3
S20500509520F5
S205005096EA2A
S2050050970013
S205005098030F
S205005099C74A
S20500509A0709
S20500509B000F
S20500509CE32B
S20500509DE627
S20500509EE626
S20500509FFE0D
S2050050A06F9B
S2050050A1F019
S2050050A2DF29
S2050050A3E91E
S2050050A40303
S2050050A5C73E
S2050050A6F70D
S2050050A7FF04
S2050050A8936F
S2050050A9867B
S2050050AAF709
S2050050ABFF00
S2050050AC13EB
S2050050AD07F6
S2050050AE17E5
S2050050AF00FB
S2050050B013E7
S2050050B17782
S2050050B2F701
S2050050B30FE8
S2050050B4A353
S2050050B58F66
S2050050B6E70D
S2050050B7FEF5
S2050050B8E30F
S2050050B9F2FF
S2050050BAE50B
S2050050BBE807
S2050050BC935B
S2050050BD8766
S2050050BE06E6
S2050050BF00EB
S2050050C06F7B
S2050050C1F0F9
S2050050C29F49
S2050050C3E106
S2050050C403E3
S2050050C5C71E
S2050050C6F7ED
S2050050C7FFE4
S2050050C8934F
S2050050C9865B
S2050050CAF7E9
S2050050CBFFE0
S2050050CC13CB
S2050050CD07D6
S2050050CE17C5
S2050050CF00DB
S2050050D013C7
S2050050D17762
S2050050D2F7E1
S2050050D30FC8
S2050050D4A333
S2050050D58F46
S2050050D6E7ED
S2050050D7FED5
S2050050D8E3EF
S2050050D9725F
S2050050DAE6EA
S2050050DBE6E9
S2050050DC933B
S2050050DD8746
S2050050DE06C6
S2050050DF00CB
S2050050E06F5B
S2050050E1F0D9
S2050050E29F29
S2050050E3F7D0
S2050050E403C3
S2050050E52C99
S2050050E68143
S2050050E704BF
S2050050E803BF
S2050050E92D94
S2050050EA01BF
S2050050EB04BB
S2050050EC6F4F
S2050050EDF0CD
S2050050EE1F9D
S2050050EFD4E7
S2050050F02397
S2050050F12495
S2050050F2A117
S2050050F303B4
S2050050F42393
S2050050F5268F
S2050050F65163
S2050050F703B0
S2050050F803AF
S2050050F92D84
S2050050FA01AF
S2050050FB04AB
S2050050FC931B
S2050050FD0AA3
S2050050FE09A3
S2050050FF00AB
S2050051006F3A
S205005101F0B8
S205005102DFC8
S205005103D2D4
S2050051041392
S205005105089C
S20500510600A3
S20500510700A2
S2050051086F32
S205005109F0B0
S20500510A1F80
S20500510BAEF0
S20510000010DA
S2051000010FDA
S20510000200E8
S20510000300E7
S205100004BC2A
S2051000050DD8
S20510000600E4
S20510000700E3
S205100008687A
S2051000090DD4
S20510000A00E0
S20510000B00DF
S20510000CBC22
S20510000D0ECF
S20510000E00DC
S20510000F00DB
S2051000106872
S2051000110DCC
S20510001200D8
S20510001300D7
S205100014CC0A
S2051000150DC8
S20510001600D4
S20510001700D3
S205100018686A
S2051000190DC4
S20510001A00D0
S20510001B00CF
S20510001CBC12
S20510001D0EBF
S20510001E00CC
S20510001F00CB
S205100020BC0E
S2051000210DBC
S20510002200C8
S20510002300C7
S205100024BC0A
S2051000250DB8
S20510002600C4
S20510002700C3
S205100028CCF6
S2051000290DB4
S20510002A00C0
S20510002B00BF
S20510002CBC02
S20510002D0EAF
S20510002E00BC
S20510002F00BB
S2051000304872
S2051000310EAB
S20510003200B8
S20510003300B7
S205100034486E
S2051000350EA7
S20510003600B4
S20510003700B3
S205100038486A
S2051000390EA3
S20510003A00B0
S20510003B00AF
S20510003CCCE2
S20510003D0DA0
S20510003E00AC
S20510003F00AB
S20510004000AA
S20510004101A8
S20510004202A6
S20510004302A5
S20510004403A3
S20510004503A2
S20510004603A1
S20510004703A0
S205100048049E
S205100049049D
S20510004A049C
S20510004B049B
S20510004C049A
S20510004D0499
S20510004E0498
S20510004F0497
S2051000500595
S2051000510594
S2051000520593
S2051000530592
S2051000540591
S2051000550590
S205100056058F
S205100057058E
S205100058058D
S205100059058C
S20510005A058B
S20510005B058A
S20510005C0589
S20510005D0588
S20510005E0587
S20510005F0586
S2051000600684
S2051000610683
S2051000620682
S2051000630681
S2051000640680
S205100065067F
S205100066067E
S205100067067D
S205100068067C
S205100069067B
S20510006A067A
S20510006B0679
S20510006C0678
S20510006D0677
S20510006E0676
S20510006F0675
S2051000700674
S2051000710673
S2051000720672
S2051000730671
S2051000740670
S205100075066F
S205100076066E
S205100077066D
S205100078066C
S205100079066B
S20510007A066A
S20510007B0669
S20510007C0668
S20510007D0667
S20510007E0666
S20510007F0665
S2051000800763
S2051000810762
S2051000820761
S2051000830760
S205100084075F
S205100085075E
S205100086075D
S205100087075C
S205100088075B
S205100089075A
S20510008A0759
S20510008B0758
S20510008C0757
S20510008D0756
S20510008E0755
S20510008F0754
S2051000900753
S2051000910752
S2051000920751
S2051000930750
S205100094074F
S205100095074E
S205100096074D
S205100097074C
S205100098074B
S205100099074A
S20510009A0749
S20510009B0748
S20510009C0747
S20510009D0746
S20510009E0745
S20510009F0744
S2051000A00743
S2051000A10742
S2051000A20741
S2051000A30740
S2051000A4073F
S2051000A5073E
S2051000A6073D
S2051000A7073C
S2051000A8073B
S2051000A9073A
S2051000AA0739
S2051000AB0738
S2051000AC0737
S2051000AD0736
S2051000AE0735
S2051000AF0734
S2051000B00733
S2051000B10732
S2051000B20731
S2051000B30730
S2051000B4072F
S2051000B5072E
S2051000B6072D
S2051000B7072C
S2051000B8072B
S2051000B9072A
S2051000BA0729
S2051000BB0728
S2051000BC0727
S2051000BD0726
S2051000BE0725
S2051000BF0724
S2051000C00822
S2051000C10821
S2051000C20820
S2051000C3081F
S2051000C4081E
S2051000C5081D
S2051000C6081C
S2051000C7081B
S2051000C8081A
S2051000C90819
S2051000CA0818
S2051000CB0817
S2051000CC0816
S2051000CD0815
S2051000CE0814
S2051000CF0813
S2051000D00812
S2051000D10811
S2051000D20810
S2051000D3080F
S2051000D4080E
S2051000D5080D
S2051000D6080C
S2051000D7080B
S2051000D8080A
S2051000D90809
S2051000DA0808
S2051000DB0807
S2051000DC0806
S2051000DD0805
S2051000DE0804
S2051000DF0803
S2051000E00802
S2051000E10801
S2051000E20800
S2051000E308FF
S2051000E408FE
S2051000E508FD
S2051000E608FC
S2051000E708FB
S2051000E808FA
S2051000E908F9
S2051000EA08F8
S2051000EB08F7
S2051000EC08F6
S2051000ED08F5
S2051000EE08F4
S2051000EF08F3
S2051000F008F2
S2051000F108F1
S2051000F208F0
S2051000F308EF
S2051000F408EE
S2051000F508ED
S2051000F608EC
S2051000F708EB
S2051000F808EA
S2051000F908E9
S2051000FA08E8
S2051000FB08E7
S2051000FC08E6
S2051000FD08E5
S2051000FE08E4
S2051000FF08E3
S20510010008E1
S20510010108E0
S20510010208DF
S20510010308DE
S20510010408DD
S20510010508DC
S20510010608DB
S20510010708DA
S20510010808D9
S20510010908D8
S20510010A08D7
S20510010B08D6
S20510010C08D5
S20510010D08D4
S20510010E08D3
S20510010F08D2
S20510011008D1
S20510011108D0
S20510011208CF
S20510011308CE
S20510011408CD
S20510011508CC
S20510011608CB
S20510011708CA
S20510011808C9
S20510011908C8
S20510011A08C7
S20510011B08C6
S20510011C08C5
S20510011D08C4
S20510011E08C3
S20510011F08C2
S20510012008C1
S20510012108C0
S20510012208BF
S20510012308BE
S20510012408BD
S20510012508BC
S20510012608BB
S20510012708BA
S20510012808B9
S20510012908B8
S20510012A08B7
S20510012B08B6
S20510012C08B5
S20510012D08B4
S20510012E08B3
S20510012F08B2
S20510013008B1
S20510013108B0
S20510013208AF
S20510013308AE
S20510013408AD
S20510013508AC
S20510013608AB
S20510013708AA
S20510013808A9
S20510013908A8
S20510013A08A7
S20510013B08A6
S20510013C08A5
S20510013D08A4
S20510013E08A3
S20510013F08A2
S2051001404564
S2051001415256
S2051001425255
S2051001434F57
S2051001445253
S2051001453A6A
S2051001462083
S205100147742E
S2051001486938
S2051001496D33
S20510014A653A
S20510014B6F2F
S20510014C7528
S20510014D7428
S20510014E207B
S20510014F7723
S2051001506138
S205100151692F
S2051001527423
S205100153692D
S2051001546E27
S205100155672D
S2051001562073
S205100157662C
S2051001586F22
S205100159721E
S20510015A206F
S20510015B612D
S20510015C632A
S20510015D6329
S20510015E6526
S20510015F6C1E
S2051001606524
S2051001617216
S2051001626126
S2051001637412
S2051001646F16
S2051001657212
S2051001662063
S205100167443E
S2051001684F32
S2051001694E32
S20510016A453A
S20510016B0A74
S20510016C007D
S20510016D007C
S20510016E007B
S20510016F007A
S2051001700A6F
S2051001714830
S2051001724532
S2051001734C2A
S2051001744C29
S2051001754F25
S2051001762053
S2051001774C26
S2051001784130
S2051001795917
S20510017A452A
S20510017B521C
S20510017C4E1F
S20510017D4F1D
S20510017E5219
S20510017F4D1D
S2051001802049
S2051001815216
S2051001824522
S2051001834620
S2051001844520
S2051001855212
S205100186451E
S2051001874E14
S205100188431E
S205100189451B
S20510018A0A55
S20510018B005E
S20510018C73EA
S20510018D6FED
S20510018E6CEF
S20510018F65F5
S2051001905FFA
S20510019174E4
S20510019265F2
S20510019373E3
S20510019474E1
S2051001955FF5
S20510019669EA
S2051001976EE4
S2051001982E23
S20510019974DC
S20510019A78D7
S20510019B74DA
S20510019C004D
S20510019D004C
S20510019E004B
S20510019F004A
S2051001A073D6
S2051001A16FD9
S2051001A26CDB
S2051001A365E1
S2051001A45FE6
S2051001A574D0
S2051001A665DE
S2051001A773CF
S2051001A874CD
S2051001A95FE1
S2051001AA6FD0
S2051001AB75C9
S2051001AC74C9
S2051001AD2E0E
S2051001AE74C7
S2051001AF78C2
S2051001B074C5
S2051001B10038
S2051001B20037
S2051001B30036
S2051001B40A2B
S2051001B54CE8
S2051001B66FC4
S2051001B761D1
S2051001B864CD
S2051001B969C7
S2051001BA6EC1
S2051001BB67C7
S2051001BC200D
S2051001BD53D9
S2051001BE6FBC
S2051001BF6CBE
S2051001C065C4
S2051001C153D5
S2051001C268BF
S2051001C361C5
S2051001C472B3
S2051001C565BF
S2051001C664BF
S2051001C72002
S2051001C869B8
S2051001C96EB2
S2051001CA74AB
S2051001CB6FAF
S2051001CC20FD
S2051001CD58C4
S2051001CE4DCE
S2051001CF45D5
S2051001D04DCC
S2051001D120F8
S2051001D261B6
S2051001D374A2
S2051001D420F5
S2051001D530E4
S2051001D6789B
S2051001D725ED
S2051001D830E1
S2051001D938D8
S2051001DA7897
S2051001DB0A04
S2051001DC000D
S2051001DD000C
S2051001DE000B
S2051001DF000A
S2051001E04CBD
S2051001E16F99
S2051001E261A6
S2051001E364A2
S2051001E465A0
S2051001E564A0
S2051001E620E3
S2051001E725DD
S2051001E8649D
S2051001E920E0
S2051001EA629D
S2051001EB7985
S2051001EC7489
S2051001ED6597
S2051001EE7388
S2051001EF20DA
S2051001F028D1
S2051001F16E8A
S2051001F27582
S2051001F36D89
S2051001F45F96
S2051001F5767E
S2051001F6658E
S2051001F7638F
S2051001F8747D
S2051001F96F81
S2051001FA727D
S2051001FB737B
S2051001FC3DB0
S2051001FD25C7
S2051001FE6487
S2051001FF2CBE
S20510020020C8
S2051002016384
S205100202687E
S2051002036184
S2051002046E76
S2051002056E75
S205100206657D
S2051002076C75
S205100208736D
S2051002093DA2
S20510020A25B9
S20510020B6479
S20510020C29B3
S20510020D0AD1
S20510020E00DA
S20510020F00D9
S2051002100ACE
S2051002114196
S2051002126373
S2051002136372
S205100214656F
S2051002156C67
S205100216656D
S205100217725F
S205100218616F
S205100219745B
S20510021A6F5F
S20510021B725B
S20510021C20AC
S20510021D4586
S20510021E6E5C
S20510021F6168
S2051002206266
S2051002216C5B
S2051002226561
S2051002236461
S2051002240ABA
S20510022500C3
S20510022600C2
S20510022700C1
S205100228526E
S205100229754A
S20510022A6E50
S20510022B6E4F
S20510022C6953
S20510022D6E4D
S20510022E6753
S20510022F2099
S2051002302593
S2051002316453
S2051002322096
S205100233763F
S205100234654F
S2051002356350
S205100236743E
S2051002376F42
S205100238723E
S205100239733C
S20510023A0AA4
S20510023B00AD
S20510023C0AA2
S20510023D0AA1
S20510023E208A
S20510023F2A7F
S2051002402A7E
S2051002412A7D
S2051002422086
S2051002435451
S2051002446F35
S205100245742F
S2051002466141
S2051002476C35
S2051002483A66
S205100249207F
S20510024A2579
S20510024B6439
S20510024C207C
S20510024D4B50
S20510024E3565
S20510024F2079
S2051002506335
S205100251791E
S2051002526333
S2051002536C29
S205100254652F
S2051002557320
S2051002562072
S2051002577C15
S2051002582070
S205100259503F
S20510025A6529
S20510025B721B
S20510025C2D5F
S20510025D7615
S20510025E6525
S20510025F6326
S2051002607414
S2051002616F18
S2051002627214
S2051002632065
S2051002646123
S205100265760D
S205100266671B
S2051002673A47
S2051002682060
S205100269255A
S20510026A641A
S20510026B205D
S20510026C6319
S20510026D7902
S20510026E6317
S20510026F6C0D
S2051002706513
S2051002717304
S2051002722056
S205100273284D
S205100274254F
S205100275640F
S2051002762052
S20510027776FB
S205100278650B
S205100279630C
S20510027A74FA
S20510027B6FFE
S20510027C72FA
S20510027D73F8
S20510027E2941
S20510027F2049
S2051002802A3E
S2051002812A3D
S2051002822A3C
S2051002830A5B
S2051002840A5A
S2051002850063
S2051002860062
S2051002870061
S2051002882040
S205100289431C
S20510028A79E5
S20510028B63FA
S20510028C6CF0
S20510028D65F6
S20510028E203A
S20510028F62F7
S20510029072E6
S20510029165F2
S20510029261F5
S2051002936BEA
S20510029464F0
S2051002956FE4
S20510029677DB
S2051002976EE3
S2051002982030
S2051002992827
S20510029A2529
S20510029B64E9
S20510029C202C
S20510029D76D5
S20510029E65E5
S20510029F63E6
S2051002A074D4
S2051002A16FD8
S2051002A272D4
S2051002A373D2
S2051002A4291B
S2051002A53A09
S2051002A60A38
S2051002A70041
S2051002A82020
S2051002A9201F
S2051002AA201E
S2051002AB52EB
S2051002AC65D7
S2051002AD67D4
S2051002AE201A
S2051002AF77C2
S2051002B072C6
S2051002B169CE
S2051002B274C2
S2051002B365D0
S2051002B473C1
S2051002B52013
S2051002B62012
S2051002B73AF7
S2051002B82010
S2051002B9250A
S2051002BA64CA
S2051002BB200D
S2051002BC74B8
S2051002BD6FBC
S2051002BE74B6
S2051002BF61C8
S2051002C06CBC
S2051002C12007
S2051002C27CAA
S2051002C32005
S2051002C425FF
S2051002C564BF
S2051002C62FF3
S2051002C776AB
S2051002C865BB
S2051002C963BC
S2051002CA0A14
S2051002CB001D
S2051002CC20FC
S2051002CD20FB
S2051002CE20FA
S2051002CF50C9
S2051002D06FA9
S2051002D16CAB
S2051002D26CAA
S2051002D320F5
S2051002D444D0
S2051002D54FC4
S2051002D64EC4
S2051002D745CC
S2051002D820F0
S2051002D920EF
S2051002DA20EE
S2051002DB3AD3
S2051002DC20EC
S2051002DD25E6
S2051002DE64A6
S2051002DF20E9
S2051002E07494
S2051002E16F98
S2051002E27492
S2051002E361A4
S2051002E46C98
S2051002E520E3
S2051002E67C86
S2051002E720E1
S2051002E825DB
S2051002E9649B
S2051002EA2FCF
S2051002EB7687
S2051002EC6597
S2051002ED6398
S2051002EE0AF0
S2051002EF00F9
S2051002F020D8
S2051002F120D7
S2051002F220D6
S2051002F343B2
S2051002F46F85
S2051002F56D86
S2051002F67082
S2051002F7757C
S2051002F8747C
S2051002F9658A
S2051002FA28C6
S2051002FB539A
S2051002FC5795
S2051002FD29C2
S2051002FE20CA
S2051002FF3AAF
S20510030020C7
S20510030125C1
S2051003026481
S20510030320C4
S205100304746F
S2051003056F73
S205100306746D
S205100307617F
S2051003086C73
S20510030920BE
S20510030A7C61
S20510030B20BC
S20510030C25B6
S20510030D6476
S20510030E2FAA
S20510030F7662
S2051003106572
S2051003116373
S2051003120ACB
S20510031300D4
S20510031420B3
S20510031520B2
S20510031620B1
S205100317428E
S205100318616E
S205100319745A
S20510031A636A
S20510031B6864
S20510031C20AB
S20510031D6C5E
S20510031E6F5A
S20510031F6167
S2051003206463
S20510032120A6
S20510032220A5
S2051003233A8A
S20510032420A3
S205100325259D
S205100326645D
S20510032720A0
S205100328744B
S2051003296F4F
S20510032A7449
S20510032B615B
S20510032C6C4F
S20510032D209A
S20510032E7C3D
S20510032F2098
S2051003302592
S2051003316452
S2051003322F86
S205100333763E
S205100334654E
S205100335634F
S2051003360AA7
S20510033700B0
S205100338208F
S205100339208E
S20510033A208D
S20510033B426A
S20510033C614A
S20510033D7436
S20510033E6346
S20510033F6840
S2051003402087
S2051003417333
S2051003427431
S2051003436F35
S2051003447231
S205100345653D
S2051003462081
S2051003473A66
S205100348207F
S2051003492579
S20510034A6439
S20510034B207C
S20510034C7427
S20510034D6F2B
S20510034E7425
S20510034F6137
S2051003506C2B
S2051003512076
S2051003527C19
S2051003532074
S205100354256E
S205100355642E
S2051003562F62
S205100357761A
S205100358652A
S205100359632B
S20510035A0A83
S20510035B008C
S20510035C206B
S20510035D206A
S20510035E2069
S20510035F5038
S2051003607215
S205100361691D
S2051003626E17
S2051003637410
S205100364661D
S2051003652062
S2051003662061
S2051003672060
S205100368205F
S205100369205E
S20510036A205D
S20510036B3A42
S20510036C205B
S20510036D2555
S20510036E6415
S20510036F2058
S2051003707403
S2051003716F07
S2051003727401
S2051003736113
S2051003746C07
S2051003752052
S2051003767CF5
S2051003772050
S205100378254A
S205100379640A
S20510037A2F3E
S20510037B76F6
S20510037C6506
S20510037D6307
S20510037E0A5F
S20510037F0068
S2051003802047
S2051003812046
S2051003822045
S2051003834D17
S20510038469FA
S20510038573EF
S20510038663FE
S2051003872F31
S2051003886FF0
S20510038974EA
S20510038A68F5
S20510038B65F7
S20510038C72E9
S20510038D203A
S20510038E2039
S20510038F3A1E
S2051003902037
S2051003912531
S20510039264F1
S2051003932034
S20510039474DF
S2051003956FE3
S20510039674DD
S20510039761EF
S2051003986CE3
S205100399202E
S20510039A7CD1
S20510039B202C
S20510039C2526
S20510039D64E6
S20510039E2F1A
S20510039F76D2
S2051003A065E2
S2051003A163E3
S2051003A20A3B
S2051003A30044
S2051003A40A39
S2051003A543FF
S2051003A668D9
S2051003A765DB
S2051003A863DC
S2051003A96BD3
S2051003AA201D
S2051003AB6FCD
S2051003AC75C6
S2051003AD74C6
S2051003AE70C9
S2051003AF75C3
S2051003B074C3
S2051003B12016
S2051003B276BF
S2051003B373C1
S2051003B42013
S2051003B567CB
S2051003B66FC2
S2051003B76CC4
S2051003B864CB
S2051003B965C9
S2051003BA6EBF
S2051003BB200C
S2051003BC72B9
S2051003BD65C5
S2051003BE66C3
S2051003BF65C3
S2051003C072B5
S2051003C165C1
S2051003C26EB7
S2051003C363C1
S2051003C465BE
S2051003C50A18
S2051003C60021
S2051003C70020
S2051003C870AF
S2051003C979A5
S2051003CA74A9
S2051003CB68B4
S2051003CC6FAC
S2051003CD6EAC
S2051003CE33E6
S2051003CF20F8
S2051003D061B6
S2051003D170A6
S2051003D270A5
S2051003D35FB5
S2051003D473A0
S2051003D572A0
S2051003D663AE
S2051003D75FB1
S2051003D864AB
S2051003D969A5
S2051003DA729B
S2051003DB2FDD
S2051003DC63A8
S2051003DD68A2
S2051003DE65A4
S2051003DF63A5
S2051003E06B9C
S2051003E15FA7
S2051003E27392
S2051003E36F95
S2051003E46C97
S2051003E5659D
S2051003E62ED3
S2051003E77090
S2051003E87986
S2051003E900FE
S2051003EA00FD
S2051003EB00FC
S2051003EC42B9
S2051003ED41B9
S2051003EE54A5
S2051003EF43B5
S2051003F048AF
S2051003F120D6
S2051003F253A2
S2051003F354A0
S2051003F441B2
S2051003F552A0
S2051003F6549D
S2051003F720D0
S2051003F8628D
S2051003F9618D
S2051003FA737A
S2051003FB6587
S2051003FC3DAE
S2051003FD25C5
S2051003FE6485
S2051003FF20C8
S2051004006284
S2051004016184
S2051004027470
S2051004036380
S205100404687A
S2051004053DA4
S20510040625BB
S205100407647B
S20510040820BE
S205100409627B
S20510040A7963
S20510040B7467
S20510040C6575
S20510040D7366
S20510040E3D9B
S20510040F25B2
S2051004106472
S2051004110ACB
S20510041200D4
S20510041300D3
S2051004144290
S2051004154190
S205100416547C
S205100417438C
S2051004184886
S20510041920AD
S20510041A4488
S20510041B4F7C
S20510041C4E7C
S20510041D4584
S20510041E20A8
S20510041F6265
S2051004206165
S2051004217352
S205100422655F
S2051004233D86
S205100424259D
S205100425645D
S2051004260AB6
S20510042700BF
S2051004280AB4
S2051004294578
S20510042A526A
S20510042B5269
S20510042C4F6B
S20510042D5267
S20510042E2098
S20510042F7245
S2051004306551
S2051004316154
S2051004326450
S205100433694A
S2051004346E44
S205100435674A
S2051004362090
S2051004376946
S2051004386E40
S2051004397439
S20510043A6F3D
S20510043B208B
S20510043C6842
S20510043D6544
S20510043E7830
S20510043F2087
S2051004406145
S2051004412085
S2051004426E36
S2051004436F34
S2051004446E34
S2051004452081
S2051004466838
S205100447653A
S2051004487826
S205100449207D
S20510044A6339
S20510044B6833
S20510044C6139
S20510044D7227
S20510044E2E6A
S20510044F0A8D
S2051004500096
S2051004510095
S2051004520094
S2051004530093
S205100454246E
S2051004557021
S2051004567917
S205100457731C
S2051004586826
S2051004596528
S20510045A6C20
S20510045B6C1F
S20510045C206A
S20510045D6F1A
S20510045E7018
S20510045F6522
S2051004606E18
S205100461463F
S205100462691B
S2051004636C17
S205100464651D
S2051004652859
S205100466225E
S205100467255A
S205100468730B
S205100469225B
S20510046A2C50
S20510046B2754
S20510046C2555
S20510046D6316
S20510046E2751
S20510046F294E
S2051004700A6C
S2051004710075
S2051004720074
S2051004730073
S205100474244E
S2051004757001
S20510047679F7
S20510047773FC
S2051004786806
S2051004796508
S20510047A6C00
S20510047B6CFF
S20510047C204A
S20510047D6306
S20510047E6CFC
S20510047F6FF8
S20510048073F3
S2051004816500
S205100482461E
S20510048369FA
S2051004846CF6
S20510048565FC
S2051004862838
S205100487253A
S20510048864FA
S2051004892934
S20510048A0A52
S20510048B005B
S20510048C2436
S20510048D70E9
S20510048E79DF
S20510048F73E4
S20510049068EE
S20510049165F0
S2051004926CE8
S2051004936CE7
S2051004942032
S20510049573DE
S2051004966FE1
S20510049763EC
S20510049853FB
S20510049974D9
S20510049A61EB
S20510049B72D9
S20510049C74D6
S20510049D4603
S20510049E67E1
S20510049F65E2
S2051004A074D2
S2051004A148FD
S2051004A265DF
S2051004A378CB
S2051004A446FC
S2051004A52819
S2051004A6251B
S2051004A764DB
S2051004A82C12
S2051004A92518
S2051004AA64D8
S2051004AB2C0F
S2051004AC300A
S2051004AD78C1
S2051004AE2513
S2051004AF78BF
S2051004B0290D
S2051004B10A2B
S2051004B20034
S2051004B30033
S2051004B4240E
S2051004B570C1
S2051004B679B7
S2051004B773BC
S2051004B868C6
S2051004B965C8
S2051004BA6CC0
S2051004BB6CBF
S2051004BC200A
S2051004BD73B6
S2051004BE6FB9
S2051004BF63C4
S2051004C043E3
S2051004C168BD
S2051004C265BF
S2051004C363C0
S2051004C46BB7
S2051004C546DB
S2051004C667B9
S2051004C765BA
S2051004C874AA
S2051004C948D5
S2051004CA65B7
S2051004CB78A3
S2051004CC46D4
S2051004CD28F1
S2051004CE29EF
S2051004CF0A0D
S2051004D00016
S2051004D10015
S2051004D20014
S2051004D30013
S2051004D424EE
S2051004D570A1
S2051004D67997
S2051004D7739C
S2051004D868A6
S2051004D965A8
S2051004DA6CA0
S2051004DB6C9F
S2051004DC20EA
S2051004DD7396
S2051004DE6F99
S2051004DF63A4
S2051004E053B3
S2051004E17491
S2051004E261A3
S2051004E37291
S2051004E4748E
S2051004E546BB
S2051004E67090
S2051004E7758A
S2051004E8748A
S2051004E948B5
S2051004EA6597
S2051004EB7883
S2051004EC46B4
S2051004ED28D1
S2051004EE25D3
S2051004EF6493
S2051004F02CCA
S2051004F125D0
S2051004F26490
S2051004F32CC7
S2051004F425CD
S2051004F5648D
S2051004F62CC4
S2051004F730BF
S2051004F87876
S2051004F925C8
S2051004FA7874
S2051004FB29C2
S2051004FC0AE0
S2051004FD00E9
S2051004FE00E8
S2051004FF00E7
S20510050024C1
S2051005017074
S205100502796A
S205100503736F
S2051005046879
S205100505657B
S2051005066C73
S2051005076C72
S20510050820BD
S2051005097369
S20510050A6F6C
S20510050B6377
S20510050C4396
S20510050D6870
S20510050E6572
S20510050F6373
S2051005106B6A
S205100511468E
S2051005127063
S205100513755D
S205100514745D
S2051005154888
S205100516656A
S2051005177856
S2051005184687
S20510051928A4
S20510051A29A2
S20510051B0AC0
S20510051C00C9
S20510051D00C8
S20510051E00C7
S20510051F00C6
S20510052024A1
S2051005217054
S205100522794A
S205100523734F
S2051005246859
S205100525655B
S2051005266C53
S2051005276C52
S205100528209D
S2051005297349
S20510052A7942
S20510052B7347
S20510052C4376
S20510052D6157
S20510052E6C4B
S20510052F6C4A
S205100530288D
S2051005312292
S205100532258E
S205100533733F
S205100534228F
S2051005352987
S2051005360AA5
S20510053700AE
S2051005382489
S205100539703C
S20510053A7932
S20510053B7337
S20510053C6841
S20510053D6543
S20510053E6C3B
S20510053F6C3A
S2051005402085
S2051005417133
S205100542752E
S2051005436939
S205100544742D
S205100545415F
S205100546702F
S205100547702E
S2051005482875
S2051005492973
S20510054A0A91
S20510054B009A
S20510054C3069
S20510054D3167
S20510054E3265
S20510054F3363
S2051005503461
S205100551355F
S205100552365D
S205100553375B
S2051005543859
S2051005553957
S205100556612E
S205100557622C
S205100558632A
S2051005596428
S20510055A6526
S20510055B6624
S20510055C6722
S20510055D6820
S20510055E691E
S20510055F6A1C
S2051005606B1A
S2051005616C18
S2051005626D16
S2051005636E14
S2051005646F12
S2051005657010
S205100566710E
S205100567720C
S205100568730A
S2051005697408
S20510056A7506
S20510056B7604
S20510056C7702
S20510056D7800
S20510056E79FE
S20510056F7AFC
S2051005700075
S2051005710074
S2051005720073
S2051005730072
S2051005743041
S205100575313F
S205100576323D
S205100577333B
S2051005783439
S2051005793537
S20510057A3635
S20510057B3733
S20510057C3831
S20510057D392F
S20510057E4126
S20510057F4224
S2051005804322
S2051005814420
S205100582451E
S205100583461C
S205100584471A
S2051005854818
S2051005864916
S2051005874A14
S2051005884B12
S2051005894C10
S20510058A4D0E
S20510058B4E0C
S20510058C4F0A
S20510058D5008
S20510058E5106
S20510058F5204
S2051005905302
S2051005915400
S20510059255FE
S20510059356FC
S20510059457FA
S20510059558F8
S20510059659F6
S2051005975AF4
S205100598004D
S205100599004C
S20510059A004B
S20510059B004A
S20510059C3C0D
S20510059D4EFA
S20510059E55F2
S20510059F4CFA
S2051005A04CF9
S2051005A13E06
S2051005A20043
S2051005A30042
S2051005A4BC85
S2051005A53B05
S2051005A6003F
S2051005A7003E
S2051005A83805
S2051005A93B01
S2051005AA003B
S2051005AB003A
S2051005AC3801
S2051005AD3BFD
S2051005AE0037
S2051005AF0036
S2051005B0B085
S2051005B13BF9
S2051005B20033
S2051005B30032
S2051005B438F9
S2051005B53BF5
S2051005B6002F
S2051005B7002E
S2051005B838F5
S2051005B93BF1
S2051005BA002B
S2051005BB002A
S2051005BC38F1
S2051005BD3BED
S2051005BE0027
S2051005BF0026
S2051005C038ED
S2051005C13BE9
S2051005C20023
S2051005C30022
S2051005C438E9
S2051005C53BE5
S2051005C6001F
S2051005C7001E
S2051005C838E5
S2051005C93BE1
S2051005CA001B
S2051005CB001A
S2051005CC38E1
S2051005CD3BDD
S2051005CE0017
S2051005CF0016
S2051005D0A471
S2051005D13BD9
S2051005D20013
S2051005D30012
S2051005D438D9
S2051005D53BD5
S2051005D6000F
S2051005D7000E
S2051005D89875
S2051005D93BD1
S2051005DA000B
S2051005DB000A
S2051005DC38D1
S2051005DD3BCD
S2051005DE0007
S2051005DF0006
S2051005E038CD
S2051005E13BC9
S2051005E20003
S2051005E30002
S2051005E48C75
S2051005E53BC5
S2051005E600FF
S2051005E700FE
S2051005E8AC51
S2051005E945B7
S2051005EA00FB
S2051005EB00FA
S2051005ECC831
S2051005ED3BBD
S2051005EE00F7
S2051005EF00F6
S2051005F0C82D
S2051005F13BB9
S2051005F200F3
S2051005F300F2
S2051005F4C829
S2051005F53BB5
S2051005F600EF
S2051005F700EE
S2051005F8C825
S2051005F93BB1
S2051005FA00EB
S2051005FB00EA
S2051005FCC821
S2051005FD3BAD
S2051005FE00E7
S2051005FF00E6
S205100600C81C
S2051006013BA8
S20510060200E2
S20510060300E1
S205100604C818
S2051006053BA4
S20510060600DE
S20510060700DD
S205100608C814
S2051006093BA0
S20510060A00DA
S20510060B00D9
S20510060CC810
S20510060D3B9C
S20510060E00D6
S20510060F00D5
S205100610C80C
S2051006113B98
S20510061200D2
S20510061300D1
S205100614C808
S2051006153B94
S20510061600CE
S20510061700CD
S205100618C804
S2051006193B90
S20510061A00CA
S20510061B00C9
S20510061CC800
S20510061D3B8C
S20510061E00C6
S20510061F00C5
S205100620C8FC
S2051006213B88
S20510062200C2
S20510062300C1
S205100624C8F8
S2051006253B84
S20510062600BE
S20510062700BD
S205100628C8F4
S2051006293B80
S20510062A00BA
S20510062B00B9
S20510062CC8F0
S20510062D3B7C
S20510062E00B6
S20510062F00B5
S205100630C8EC
S2051006313B78
S20510063200B2
S20510063300B1
S205100634C8E8
S2051006353B74
S20510063600AE
S20510063700AD
S205100638C8E4
S2051006393B70
S20510063A00AA
S20510063B00A9
S20510063CC8E0
S20510063D3B6C
S20510063E00A6
S20510063F00A5
S205100640C8DC
S2051006413B68
S20510064200A2
S20510064300A1
S2051006440898
S2051006454956
S205100646009E
S205100647009D
S205100648C8D4
S2051006493B60
S20510064A009A
S20510064B0099
S20510064CC8D0
S20510064D3B5C
S20510064E0096
S20510064F0095
S205100650C8CC
S2051006513B58
S2051006520092
S2051006530091
S205100654C8C8
S2051006553B54
S205100656008E
S205100657008D
S205100658C8C4
S2051006593B50
S20510065A008A
S20510065B0089
S20510065CC8C0
S20510065D3B4C
S20510065E0086
S20510065F0085
S205100660C8BC
S2051006613B48
S2051006620082
S2051006630081
S205100664C8B8
S2051006653B44
S205100666007E
S205100667007D
S205100668007C
S2051006694932
S20510066A007A
S20510066B0079
S20510066CC8B0
S20510066D3B3C
S20510066E0076
S20510066F0075
S2051006706014
S2051006714033
S2051006720072
S2051006730071
S205100674A4CC
S2051006754827
S205100676006E
S205100677006D
S205100678C8A4
S2051006793B30
S20510067A006A
S20510067B0069
S20510067C94D4
S20510067D3E29
S20510067E0066
S20510067F0065
S205100680C89C
S2051006813B28
S2051006820062
S2051006830061
S205100684C898
S2051006853B24
S205100686005E
S205100687005D
S205100688A4B8
S2051006894813
S20510068A005A
S20510068B0059
S20510068CC890
S20510068D3B1C
S20510068E0056
S20510068F0055
S205100690C88C
S2051006913B18
S2051006920052
S2051006930051
S205100694C888
S2051006953B14
S205100696004E
S205100697004D
S205100698C884
S2051006993B10
S20510069A004A
S20510069B0049
S20510069CC880
S20510069D3B0C
S20510069E0046
S20510069F0045
S2051006A064E0
S2051006A13D06
S2051006A20042
S2051006A30041
S2051006A4A898
S2051006A540FF
S2051006A6003E
S2051006A7003D
S2051006A8C874
S2051006A93B00
S2051006AA003A
S2051006AB0039
S2051006ACC870
S2051006AD3BFC
S2051006AE0036
S2051006AF0035
S2051006B07CB8
S2051006B13DF6
S2051006B20032
S2051006B30031
S2051006B4C868
S2051006B53BF4
S2051006B6002E
S2051006B7002D
S2051006B8B07C
S2051006B93CEF
S2051006BA002A
S2051006BB0029
S2051006BCC860
S2051006BD3BEC
S2051006BE0026
S2051006BF0025
S2051006C0C85C
S2051006C13BE8
S2051006C20022
S2051006C30021
S2051006C470B0
S2051006C53DE2
S2051006C6001E
S2051006C7001D
S2051006C854C8
S2051006C944D7
S2051006CA001A
S2051006CB0019
S2051006CCCC4C
S2051006CD3BDC
S2051006CE0016
S2051006CF0015
S2051006D0CC48
S2051006D13BD8
S2051006D20012
S2051006D30011
S2051006D4CC44
S2051006D53BD4
S2051006D6000E
S2051006D7000D
S2051006D8CC40
S2051006D93BD0
S2051006DA000A
S2051006DB0009
S2051006DCCC3C
S2051006DD3BCC
S2051006DE0006
S2051006DF0005
S2051006E0CC38
S2051006E13BC8
S2051006E20002
S2051006E30001
S2051006E4CC34
S2051006E53BC4
S2051006E600FE
S2051006E700FD
S2051006E8CC30
S2051006E93BC0
S2051006EA00FA
S2051006EB00F9
S2051006ECCC2C
S2051006ED3BBC
S2051006EE00F6
S2051006EF00F5
S2051006F0CC28
S2051006F13BB8
S2051006F200F2
S2051006F300F1
S2051006F4CC24
S2051006F53BB4
S2051006F600EE
S2051006F700ED
S2051006F8CC20
S2051006F93BB0
S2051006FA00EA
S2051006FB00E9
S2051006FCCC1C
S2051006FD3BAC
S2051006FE00E6
S2051006FF00E5
S205100700CC17
S2051007013BA7
S20510070200E1
S20510070300E0
S205100704CC13
S2051007053BA3
S20510070600DD
S20510070700DC
S205100708CC0F
S2051007093B9F
S20510070A00D9
S20510070B00D8
S20510070CCC0B
S20510070D3B9B
S20510070E00D5
S20510070F00D4
S205100710CC07
S2051007113B97
S20510071200D1
S20510071300D0
S205100714CC03
S2051007153B93
S20510071600CD
S20510071700CC
S205100718CCFF
S2051007193B8F
S20510071A00C9
S20510071B00C8
S20510071CCCFB
S20510071D3B8B
S20510071E00C5
S20510071F00C4
S205100720CCF7
S2051007213B87
S20510072200C1
S20510072300C0
S205100724ECD3
S205100725407E
S20510072600BD
S20510072700BC
S205100728CCEF
S2051007293B7F
S20510072A00B9
S20510072B00B8
S20510072CCCEB
S20510072D3B7B
S20510072E00B5
S20510072F00B4
S205100730CCE7
S2051007313B77
S20510073200B1
S20510073300B0
S205100734CCE3
S2051007353B73
S20510073600AD
S20510073700AC
S205100738CCDF
S2051007393B6F
S20510073A00A9
S20510073B00A8
S20510073CCCDB
S20510073D3B6B
S20510073E00A5
S20510073F00A4
S205100740CCD7
S2051007413B67
S20510074200A1
S20510074300A0
S205100744CCD3
S2051007453B63
S205100746009D
S205100747009C
S205100748F8A3
S205100749405A
S20510074A0099
S20510074B0098
S20510074CCCCB
S20510074D3B5B
S20510074E0095
S20510074F0094
S205100750642F
S2051007514052
S2051007520091
S2051007530090
S205100754444B
S2051007553D51
S205100756008D
S205100757008C
S205100758CCBF
S2051007593B4F
S20510075A0089
S20510075B0088
S20510075C98EF
S20510075D3E48
S20510075E0085
S20510075F0084
S205100760CCB7
S2051007613B47
S2051007620081
S2051007630080
S205100764CCB3
S2051007653B43
S205100766007D
S205100767007C
S2051007684437
S2051007693D3D
S20510076A0079
S20510076B0078
S20510076CCCAB
S20510076D3B3B
S20510076E0075
S20510076F0074
S205100770CCA7
S2051007713B37
S2051007720071
S2051007730070
S205100774CCA3
S2051007753B33
S205100776006D
S205100777006C
S205100778CC9F
S2051007793B2F
S20510077A0069
S20510077B0068
S20510077CCC9B
S20510077D3B2B
S20510077E0065
S20510077F0064
S20510078068FB
S2051007813D25
S2051007820061
S2051007830060
S205100784ACB3
S205100785401E
S205100786005D
S205100787005C
S205100788CC8F
S2051007893B1F
S20510078A0059
S20510078B0058
S20510078CCC8B
S20510078D3B1B
S20510078E0055
S20510078F0054
S20510079080D3
S2051007913D15
S2051007920051
S2051007930050
S205100794CC83
S2051007953B13
S205100796004D
S205100797004C
S205100798B497
S2051007993C0E
S20510079A0049
S20510079B0048
S20510079CCC7B
S20510079D3B0B
S20510079E0045
S20510079F0044
S2051007A0CC77
S2051007A13B07
S2051007A20041
S2051007A30040
S2051007A474CB
S2051007A53D01
S2051007A6003D
S2051007A7003C
S2051007A8003B
S2051007A9003A
S2051007AA0039
S2051007AB0038
S2051007AC0037
S2051007AD0036
S2051007AE2411
S2051007AF40F4
S2051007B0B87B
S2051007B11E14
S2051007B285AC
S2051007B3EB45
S2051007B451DE
S2051007B5B876
S2051007B69E8F
S2051007B73FED
S2051007B8002B
S2051007B9002A
S2051007BA0029
S2051007BB0028
S2051007BC0027
S2051007BD0026
S2051007BEF035
S2051007BF3FE5
S2051007C0140F
S2051007C10022
S2051007C20021
S2051007C380A0
S80400008477
