S00B000063676F6C2E73313944
S20500000013E7
S20500000100F9
S20500000200F8
S20500000300F7
S20500000413E3
S20500000500F5
S20500000600F4
S20500000700F3
S20500000813DF
S20500000900F1
S20500000A00F0
S20500000B00EF
S20500000C13DB
S20500000D00ED
S20500000E00EC
S20500000F00EB
S20500001013D7
S20500001100E9
S20500001200E8
S20500001300E7
S20500001413D3
S20500001500E5
S20500001600E4
S20500001700E3
S20500001813CF
S20500001900E1
S20500001A00E0
S20500001B00DF
S20500001C13CB
S20500001D00DD
S20500001E00DC
S20500001F00DB
S20500002013C7
S20500002100D9
S20500002200D8
S20500002300D7
S20500002413C3
S20500002500D5
S20500002600D4
S20500002700D3
S20500002813BF
S20500002900D1
S20500002A00D0
S20500002B00CF
S20500002C13BB
S20500002D00CD
S20500002E00CC
S20500002F00CB
S20500003013B7
S20500003100C9
S20500003200C8
S20500003300C7
S20500003413B3
S20500003500C5
S20500003600C4
S20500003700C3
S20500003813AF
S20500003900C1
S20500003A00C0
S20500003B00BF
S20500003C13AB
S20500003D00BD
S20500003E00BC
S20500003F00BB
S20500004013A7
S20500004100B9
S20500004200B8
S20500004300B7
S20500004413A3
S20500004500B5
S20500004600B4
S20500004700B3
S205000048139F
S20500004900B1
S20500004A00B0
S20500004B00AF
S20500004C139B
S20500004D00AD
S20500004E00AC
S20500004F00AB
S2050000501397
S20500005100A9
S20500005200A8
S20500005300A7
S2050000541393
S20500005500A5
S20500005600A4
S20500005700A3
S205000058138F
S20500005900A1
S20500005A00A0
S20500005B009F
S20500005C138B
S20500005D009D
S20500005E009C
S20500005F009B
S2050000601387
S2050000610099
S2050000620098
S2050000630097
S2050000641383
S2050000650095
S2050000660094
S2050000670093
S205000068137F
S2050000690091
S20500006A0090
S20500006B008F
S20500006C137B
S20500006D008D
S20500006E008C
S20500006F008B
S2050000701377
S2050000710089
S2050000720088
S2050000730087
S2050000741373
S2050000750085
S2050000760084
S2050000770083
S205000078136F
S2050000790081
S20500007A0080
S20500007B007F
S20500007C136B
S20500007D007D
S20500007E007C
S20500007F007B
S2050000806F0B
S2050000810079
S2050000824038
S2050000830077
S20500008493E3
S2050000850075
S2050000860074
S2050000870073
S205000088135F
S20500008981F0
S20500008A0070
S20500008B006F
S20500008C93DB
S20500008D81EC
S20500008E006C
S20500008F006B
S2050000901357
S20500009182E7
S2050000920068
S2050000930067
S20500009493D3
S20500009582E3
S2050000960064
S2050000970063
S205000098134F
S20500009983DE
S20500009A0060
S20500009B005F
S20500009C93CB
S20500009D83DA
S20500009E005C
S20500009F005B
S2050000A01347
S2050000A184D5
S2050000A20058
S2050000A30057
S2050000A493C3
S2050000A584D1
S2050000A60054
S2050000A70053
S2050000A8133F
S2050000A985CC
S2050000AA0050
S2050000AB004F
S2050000AC93BB
S2050000AD85C8
S2050000AE004C
S2050000AF004B
S2050000B01337
S2050000B186C3
S2050000B20048
S2050000B30047
S2050000B493B3
S2050000B586BF
S2050000B60044
S2050000B70043
S2050000B8132F
S2050000B987BA
S2050000BA0040
S2050000BB003F
S2050000BC93AB
S2050000BD87B6
S2050000BE003C
S2050000BF003B
S2050000C01327
S2050000C188B1
S2050000C20038
S2050000C30037
S2050000C493A3
S2050000C588AD
S2050000C60034
S2050000C70033
S2050000C8131F
S2050000C989A8
S2050000CA0030
S2050000CB002F
S2050000CC939B
S2050000CD89A4
S2050000CE002C
S2050000CF002B
S2050000D01317
S2050000D18A9F
S2050000D20028
S2050000D30027
S2050000D49393
S2050000D58A9B
S2050000D60024
S2050000D70023
S2050000D8130F
S2050000D98B96
S2050000DA0020
S2050000DB001F
S2050000DC938B
S2050000DD8B92
S2050000DE001C
S2050000DF001B
S2050000E01307
S2050000E18C8D
S2050000E20018
S2050000E30017
S2050000E49383
S2050000E58C89
S2050000E60014
S2050000E70013
S2050000E813FF
S2050000E98D84
S2050000EA0010
S2050000EB000F
S2050000EC937B
S2050000ED8D80
S2050000EE000C
S2050000EF000B
S2050000F013F7
S2050000F18E7B
S2050000F20008
S2050000F30007
S2050000F49373
S2050000F58E77
S2050000F60004
S2050000F70003
S2050000F813EF
S2050000F98F72
S2050000FA0000
S2050000FB00FF
S2050000FC936B
S2050000FD8F6E
S2050000FE00FC
S2050000FF00FB
S20500010017E2
S20500010121D7
S20500010210E7
S20500010300F6
S20500010413E2
S20500010501F3
S20500010601F2
S2050001079F53
S20500010817DA
S2050001090DE3
S20500010A10DF
S20500010B00EE
S20500010C13DA
S20500010D0DDF
S20500010ECD1E
S20500010F48A2
S2050001109752
S2050001110DDB
S20500011210D7
S20500011300E6
S2050001149352
S2050001158D57
S205000116CD16
S205000117489A
S205000118637E
S2050001195888
S20500011ABD22
S20500011B01DD
S20500011C23BA
S20500011D20BC
S20500011E0DCE
S20500011F00DA
S20500012013C6
S2050001210DCB
S2050001224D8A
S20500012300D6
S205000124E3F2
S205000125DCF8
S205000126AD26
S205000127FFD3
S205000128EFE2
S20500012900D0
S20500012AC00F
S20500012B0CC2
S20500012C13BA
S20500012D05C7
S20500012E00CB
S20500012F00CA
S2050001309336
S20500013105C3
S20500013200C7
S20500013300C6
S205000134EFD6
S20500013500C4
S205000136D0F3
S205000137447E
S205000138EFD2
S20500013900C0
S20500013A00BF
S20500013B00BE
S20500013C6756
S20500013D803C
S20500013E00BB
S20500013F00BA
S2050001406356
S2050001414078
S20500014205B2
S20500014306B0
S2050001446352
S205000145C6EE
S20500014605AE
S20500014706AC
S205000148139E
S205000149862A
S20500014A05AA
S20500014B00AE
S20500014C931A
S20500014D05A7
S20500014E05A6
S20500014F00AA
S2050001501396
S20500015105A3
S205000152F0B7
S205000153FFA7
S2050001546342
S2050001550C98
S205000156069D
S20500015702A0
S205000158930E
S205000159069A
S20500015A108F
S20500015B009E
S20500015C633A
S20500015D7A22
S20500015EB6E5
S20500015F009A
S2050001606336
S2050001615840
S205000162C0D7
S2050001630096
S2050001641382
S205000165167E
S205000166167D
S2050001670092
S20500016893FE
S20500016996FA
S20500016A1679
S20500016B008E
S20500016CE3AA
S20500016D6A22
S20500016EB6D5
S20500016FFE8C
S2050001701376
S2050001710583
S2050001720087
S2050001730086
S2050001746322
S205000175E69E
S205000176C5BE
S2050001770082
S205000178B3CE
S20500017985FB
S20500017AC5BA
S20500017B403E
S20500017C334A
S20500017D6517
S20500017ED5A6
S20500017F007A
S20500018093E6
S205000181D6A2
S2050001821661
S2050001830076
S2050001841362
S205000185561E
S205000186165D
S2050001870072
S205000188E38E
S20500018996DA
S20500018A0669
S20500018BFE70
S20500018C6706
S20500018D80EC
S20500018E006B
S20500018F006A
S20500019093D6
S20500019182E6
S2050001920067
S2050001930066
S205000194EF76
S205000195F074
S2050001965F04
S205000197FB67
S205000198134E
S20500019985DB
S20500019A055A
S20500019B005E
S20500019C67F6
S20500019D80DC
S20500019E0259
S20500019F005A
S2050001A03326
S2050001A10553
S2050001A2A0B7
S2050001A34016
S2050001A463F2
S2050001A5480C
S2050001A6B0A3
S2050001A70052
S2050001A8B39E
S2050001A9054B
S2050001AAB09F
S2050001AB400E
S2050001AC6FDE
S2050001ADF05C
S2050001AEDF6C
S2050001AFF951
S2050001B0B396
S2050001B10543
S2050001B2B097
S2050001B34006
S2050001B493B2
S2050001B582C2
S2050001B60043
S2050001B70042
S2050001B8EF52
S2050001B9F050
S2050001BA1F20
S2050001BBF945
S2050001BC330A
S2050001BD0537
S2050001BEA09B
S2050001BF40FA
S2050001C067D2
S2050001C180B8
S2050001C20235
S2050001C30036
S2050001C493A2
S2050001C582B2
S2050001C60033
S2050001C70032
S2050001C863CE
S2050001C9CA66
S2050001CA052A
S2050001CB002E
S2050001CC63CA
S2050001CD4CE0
S2050001CE0526
S2050001CF002A
S2050001D0EF3A
S2050001D1F038
S2050001D29F88
S2050001D3F72F
S2050001D41312
S2050001D5859F
S2050001D6051E
S2050001D70022
S2050001D867BA
S2050001D980A0
S2050001DA021D
S2050001DB001E
S2050001DCB36A
S2050001DD0517
S2050001DEB06B
S2050001DF40DA
S2050001E0E336
S2050001E158C0
S2050001E20512
S2050001E3FE18
S2050001E433E2
S2050001E5050F
S2050001E6A073
S2050001E740D2
S2050001E8EF22
S2050001E9F020
S2050001EA1FF0
S2050001EBF618
S2050001EC33DA
S2050001ED0507
S2050001EEB05B
S2050001EF40CA
S2050001F067A2
S2050001F18088
S2050001F20205
S2050001F30006
S2050001F413F2
S2050001F50103
S2050001F60102
S2050001F7FF03
S2050001F823DE
S2050001F924DC
S2050001FA817E
S2050001FB00FE
S2050001FC23DA
S2050001FD20DC
S2050001FE21DA
S2050001FF01F9
S2050002009761
S20500020107F0
S20500020210E6
S20500020300F5
S2050002049361
S205000205876C
S20500020607EB
S205000207E011
S20500020817D9
S20500020904EB
S20500020A10DE
S20500020B00ED
S20500020C13D9
S20500020D04E7
S20500020E8466
S20500020FDF0A
S20500021023C5
S20500021126C1
S20500021211D5
S20500021300E5
S20500021423C1
S20500021522C1
S2050002169151
S20500021700E1
S20500021833AD
S2050002198956
S20500021A8757
S20500021B409D
S20500021C6379
S20500021D805B
S20500021E8753
S20500021F02D7
S20500022013C5
S205000221597E
S20500022229AD
S2050002234095
S2050002249341
S20500022504CF
S20500022600D2
S20500022700D1
S205000228834D
S20500022927A8
S20500022A04CA
S20500022B00CD
S20500022C9339
S20500022D8447
S20500022E14B6
S20500022F00C9
S20500023013B5
S20500023104C3
S2050002324482
S20500023300C5
S205000234E7DD
S2050002358043
S20500023607BB
S20500023700C1
S205000238E3DD
S205000239E8D7
S20500023A249A
S20500023BFFBE
S20500023C9725
S20500023D07B4
S20500023E10AA
S20500023F00B9
S2050002409325
S2050002418730
S205000242476F
S205000243DCD9
S205000244179D
S20500024504AF
S20500024610A2
S20500024700B1
S205000248139D
S20500024904AB
S20500024AC4EA
S20500024BDBD2
S20500024C3379
S20500024D8922
S20500024E8723
S20500024F4069
S2050002501395
S205000251594E
S205000252297D
S2050002534065
S2050002546341
S2050002558E15
S205000256871B
S20500025700A1
S205000258930D
S205000259049B
S20500025A009E
S20500025B009D
S20500025C8319
S20500025D2774
S20500025E0496
S20500025F0099
S2050002609305
S2050002618413
S2050002621482
S2050002630095
S2050002641381
S205000265048F
S205000266444E
S2050002670091
S205000268E7A9
S205000269800F
S20500026A0787
S20500026B008D
S20500026CE3A9
S20500026DE8A3
S20500026E2466
S20500026FFF8A
S2050002708305
S2050002712067
S205000272C1C5
S2050002730085
S2050002740381
S205000275245F
S2050002768101
S2050002770081
S20500027883FD
S205000279245B
S20500027A413D
S20500027B007D
S20500027C0379
S20500027D2952
S20500027E0179
S20500027F0079
S2050002801365
S2050002810176
S2050002820175
S2050002830174
S205000284670D
S20500028580F3
S2050002860072
S2050002870071
S205000288135D
S205000289036C
S20500028AF07E
S20500028B006D
S20500028C1359
S20500028D0764
S20500028E0565
S20500028F0069
S2050002906305
S2050002917EE9
S205000292C3A3
S2050002930263
S20500029493D1
S20500029577EC
S205000296F76B
S2050002970061
S20500029863FD
S20500029990CF
S20500029A0757
S20500029B0A53
S20500029C63F9
S20500029D92C9
S20500029E0555
S20500029F0851
S2050002A093C5
S2050002A176E1
S2050002A20650
S2050002A3FF56
S2050002A41341
S2050002A576DD
S2050002A6F65C
S2050002A70051
S2050002A8B39D
S2050002A986C9
S2050002AAE668
S2050002AB004D
S2050002AC2329
S2050002AD202B
S2050002AEB793
S2050002AF0049
S2050002B02325
S2050002B12225
S2050002B2B78F
S2050002B30045
S2050002B42321
S2050002B5241F
S2050002B6B78B
S2050002B70041
S2050002B8231D
S2050002B92619
S2050002BAB787
S2050002BB003D
S2050002BC1329
S2050002BD0734
S2050002BE0733
S2050002BF0138
S2050002C0E355
S2050002C166D1
S2050002C2D75F
S2050002C3FE37
S2050002C463D1
S2050002C5141F
S2050002C6062C
S2050002C70031
S2050002C867C9
S2050002C980AF
S2050002CA002E
S2050002CB002D
S2050002CCB379
S2050002CD0625
S2050002CEC367
S2050002CF40E9
S2050002D09395
S2050002D19691
S2050002D22600
S2050002D30025
S2050002D4978D
S2050002D50221
S2050002D60022
S2050002D70021
S2050002D8B36D
S2050002D98699
S2050002DA56C8
S2050002DB001D
S2050002DC67B5
S2050002DD809B
S2050002DEC654
S2050002DF0019
S2050002E023F5
S2050002E10710
S2050002E2B75F
S2050002E30015
S2050002E4A371
S2050002E5060D
S2050002E6B75B
S2050002E70011
S2050002E823ED
S2050002E90609
S2050002EAB757
S2050002EB000D
S2050002ECA369
S2050002ED0506
S2050002EEB753
S2050002EF0009
S2050002F023E5
S2050002F10502
S2050002F2B74F
S2050002F30005
S2050002F4A361
S2050002F504FF
S2050002F6B74B
S2050002F70001
S2050002F823DD
S2050002F904FB
S2050002FAB747
S2050002FB00FD
S2050002FCA359
S2050002FD03F8
S2050002FEB743
S2050002FF00F9
S20500030023D4
S20500030103F3
S205000302B73E
S20500030300F4
S205000304A350
S20500030502F0
S205000306B73A
S20500030700F0
S20500030823CC
S20500030902EC
S20500030AB736
S20500030B00EC
S20500030CA348
S20500030D01E9
S20500030EB732
S20500030F00E8
S20500031023C4
S20500031101E5
S205000312B72E
S20500031300E4
S205000314A340
S20500031500E2
S205000316B72A
S20500031700E0
S20500031823BC
S20500031900DE
S20500031AB726
S20500031B00DC
S20500031C6774
S20500031D805A
S20500031E00D9
S20500031F00D8
S2050003209344
S205000321F5E1
S205000322F5E0
S2050003230FC5
S2050003249340
S205000325963C
S205000326854C
S20500032700D0
S205000328B31C
S205000329E5E9
S20500032AD5F8
S20500032B00CC
S20500032C9338
S20500032D9634
S20500032E05C4
S20500032F01C7
S205000330B314
S205000331E5E1
S205000332D5F0
S20500033300C4
S2050003346F54
S205000335F0D2
S205000336DFE2
S205000337F6CA
S205000338932C
S2050003399628
S20500033A2796
S20500033B00BC
S20500033C9724
S20500033D02B8
S20500033E00B9
S20500033F00B8
S205000340B304
S2050003418630
S205000342565F
S20500034300B4
S2050003449320
S2050003458230
S20500034600B1
S20500034700B0
S205000348E7C8
S205000349802E
S20500034A06A7
S20500034BFAB2
S20500034C9318
S20500034D802A
S20500034E02A7
S20500034F00A8
S2050003509314
S205000351871F
S205000352079E
S205000353FFA5
S2050003543370
S205000355079B
S205000356F7AA
S2050003574060
S205000358336C
S2050003590698
S20500035AF6A7
S20500035B009C
S20500035CE3B8
S20500035D7822
S20500035EC3D6
S20500035FF6A2
S2050003606F28
S205000361F0A6
S205000362DFB6
S205000363F3A1
S205000364B3E0
S205000365C7CB
S205000366A5EC
S2050003670090
S20500036893FC
S205000369F797
S20500036A3756
S20500036B008C
S20500036CB3D8
S20500036D0882
S20500036EC5C4
S20500036F0088
S2050003706324
S20500037194F2
S205000372077E
S205000373067E
S20500037493F0
S205000375077B
S2050003763051
S2050003770080
S205000378631C
S205000379F08E
S20500037AC7B6
S20500037B0676
S20500037C93E8
S20500037D7703
S20500037E3544
S20500037F0078
S2050003801364
S205000381076F
S2050003820570
S2050003830074
S2050003846310
S2050003859AD8
S205000386076A
S205000387066A
S205000388135C
S205000389F678
S20500038AC8A5
S20500038BFF6D
S20500038CB3B8
S20500038D0664
S20500038EE683
S20500038F4028
S20500039093D4
S205000391075F
S2050003920065
S2050003930262
S2050003946300
S205000395CE94
S205000396D78A
S2050003970858
S20500039893CC
S20500039986D8
S20500039A0558
S20500039B005C
S20500039C93C8
S20500039D0753
S20500039E0752
S20500039F0058
S2050003A063F4
S2050003A178DE
S2050003A2C78E
S2050003A30252
S2050003A40350
S2050003A5A8AA
S2050003A6064B
S2050003A70050
S2050003A893BC
S2050003A987C7
S2050003AA4706
S2050003AB004C
S2050003AC93B8
S2050003AD86C4
S2050003AE4603
S2050003AF0048
S2050003B02324
S2050003B1AE98
S2050003B2073E
S2050003B3FF45
S2050003B4E360
S2050003B5E85A
S2050003B6C77A
S2050003B7FE42
S2050003B893AC
S2050003B90737
S2050003BAF647
S2050003BBFF3D
S2050003BCB388
S2050003BD87B3
S2050003BEE752
S2050003BF40F8
S2050003C093A4
S2050003C1F73F
S2050003C2C76E
S2050003C3FF35
S2050003C493A0
S2050003C587AB
S2050003C647EA
S2050003C70030
S2050003C833FC
S2050003C90727
S2050003CAF736
S2050003CB002C
S2050003CCB378
S2050003CD85A5
S2050003CEF534
S2050003CF0028
S2050003D063C4
S2050003D168BE
S2050003D2170E
S2050003D30123
S2050003D467BC
S2050003D580A2
S2050003D60021
S2050003D70020
S2050003D8130C
S2050003D90717
S2050003DA0518
S2050003DB001C
S2050003DC63B8
S2050003DD78A2
S2050003DE1504
S2050003DF0513
S2050003E08394
S2050003E1C74F
S2050003E20510
S2050003E30014
S2050003E41300
S2050003E5070B
S2050003E617FA
S2050003E70010
S2050003E8937C
S2050003E98589
S2050003EA15F8
S2050003EB000C
S2050003ECA368
S2050003ED0FFB
S2050003EEF712
S2050003EFFE0A
S2050003F0E324
S2050003F1986E
S2050003F2E81D
S2050003F3FE06
S2050003F4679C
S2050003F58082
S2050003F60001
S2050003F70000
S2050003F8837C
S2050003F9C638
S2050003FA05F8
S2050003FB00FC
S2050003FC13E8
S2050003FD07F3
S2050003FE17E2
S2050003FF00F8
S2050004009363
S205000401777E
S20500040237BD
S20500040300F3
S205000404A34F
S2050004050FE2
S205000406D719
S205000407FEF1
S205000408935B
S2050004098568
S20500040A15D7
S20500040B00EB
S20500040CE307
S20500040D8E5B
S20500040E07E1
S20500040FF6F1
S2050004108363
S205000411C61F
S20500041205DF
S20500041300E3
S20500041413CF
S20500041507DA
S20500041617C9
S20500041700DF
S205000418934B
S2050004197766
S20500041A37A5
S20500041B00DB
S20500041CA337
S20500041D0FCA
S20500041ED701
S20500041FFED9
S2050004209343
S2050004218550
S20500042215BF
S20500042300D3
S205000424E3EF
S2050004259A37
S20500042607C9
S205000427FCD3
S2050004286F5F
S205000429F0DD
S20500042A1FAD
S20500042BF6D5
S20500042C6763
S20500042D8049
S20500042E00C8
S20500042F00C7
S20500043013B3
S20500043101C4
S20500043201C3
S205000433FFC4
S205000434239F
S205000435269B
S205000436813F
S20500043700BF
S20500043813AB
S20500043904B9
S20500043A00BC
S20500043B02B9
S20500043C8337
S20500043DA316
S20500043E05B3
S20500043F00B7
S2050004408333
S205000441A213
S205000442456F
S20500044300B3
S205000444832F
S205000445AF02
S205000446852B
S20500044700AF
S20500044803AB
S205000449AFFE
S20500044AC5E7
S20500044B00AB
S20500044C8327
S20500044DAEFB
S20500044E05A3
S20500044F01A6
S20500045003A3
S205000451AEF7
S205000452455F
S20500045301A2
S205000454039F
S205000455A3FE
S205000456851B
S205000457019E
S205000458039B
S205000459A8F5
S20500045AC5D7
S20500045B019A
S20500045C8317
S20500045DA6F3
S20500045E0593
S20500045F0295
S2050004601383
S205000461078E
S205000462474D
S2050004630291
S205000464B3DF
S205000465078A
S205000466E6AA
S205000467404F
S205000468236B
S2050004692E5F
S20500046A7715
S20500046BFC8F
S20500046C2367
S20500046D2069
S20500046E5731
S20500046FFE89
S2050004702363
S2050004712263
S205000472F78D
S205000473FF84
S205000474235F
S205000475245D
S205000476E799
S205000477FF80
S205000478235B
S2050004792657
S20500047AD7A5
S20500047BFF7C
S20500047C2357
S20500047D2851
S20500047EC7B1
S20500047FFF78
S2050004802353
S2050004812A4B
S205000482670D
S205000483FE75
S205000484234F
S2050004852C45
S2050004860769
S205000487FF70
S205000488234B
S2050004892E3F
S20500048AD795
S20500048BFE6D
S20500048C93D7
S20500048D85E4
S20500048E4523
S20500048F0265
S205000490E383
S205000491461F
S205000492F470
S205000493FA69
S20500049493CF
S20500049586DB
S205000496055B
S205000497005F
S20500049893CB
S2050004990756
S20500049A0755
S20500049B005B
S20500049C63F7
S20500049D78E1
S20500049EC791
S20500049F0255
S2050004A00353
S2050004A1A8AD
S2050004A2064E
S2050004A30053
S2050004A493BF
S2050004A587CA
S2050004A64709
S2050004A7004F
S2050004A893BB
S2050004A986C7
S2050004AA4606
S2050004AB004B
S2050004AC2327
S2050004ADAE9B
S2050004AE0741
S2050004AFFF48
S2050004B0E363
S2050004B1E85D
S2050004B2C77D
S2050004B3FE45
S2050004B493AF
S2050004B5073A
S2050004B6F64A
S2050004B7FF40
S2050004B8B38B
S2050004B987B6
S2050004BAE755
S2050004BB40FB
S2050004BC93A7
S2050004BDF742
S2050004BEC771
S2050004BFFF38
S2050004C093A3
S2050004C187AE
S2050004C247ED
S2050004C30033
S2050004C433FF
S2050004C5072A
S2050004C6F739
S2050004C7002F
S2050004C8B37B
S2050004C985A8
S2050004CAF537
S2050004CB002B
S2050004CC63C7
S2050004CD68C1
S2050004CE1711
S2050004CF0126
S2050004D00323
S2050004D12401
S2050004D2C163
S2050004D30023
S2050004D4130F
S2050004D50120
S2050004D6011F
S2050004D7011E
S2050004D867B7
S2050004D9809D
S2050004DA001C
S2050004DB001B
S2050004DC8397
S2050004DDC752
S2050004DE0513
S2050004DF0017
S2050004E01303
S2050004E1070E
S2050004E217FD
S2050004E30013
S2050004E4937F
S2050004E5858C
S2050004E615FB
S2050004E7000F
S2050004E8A36B
S2050004E90FFE
S2050004EAF715
S2050004EBFE0D
S2050004ECE327
S2050004ED8287
S2050004EEE820
S2050004EFFE09
S2050004F08383
S2050004F1C73E
S2050004F205FF
S2050004F30003
S2050004F413EF
S2050004F507FA
S2050004F617E9
S2050004F700FF
S2050004F8936B
S2050004F98578
S2050004FA15E7
S2050004FB00FB
S2050004FCA357
S2050004FD0FEA
S2050004FEF701
S2050004FFFEF9
S205000500E312
S2050005019E56
S205000502E80B
S205000503FCF6
S2050005046F82
S205000505F000
S205000506DF10
S205000507FCF2
S20500050800ED
S20500050900EC
S20500050A00EB
S20500050B00EA
S20500050C00E9
S20500050D00E8
S20500050E00E7
S20500050F00E6
S20500051000E5
S20500051100E4
S20500051200E3
S20500051300E2
S20500051400E1
S20500051500E0
S20500051600DF
S20500051700DE
S20500051803DA
S2050005192EAE
S20500051AC714
S20500051B06D4
S20500051C13C6
S20500051D01D7
S20500051E01D6
S20500051FFED8
S20500052023B2
S2050005212CA8
S2050005229142
S20500052300D2
S205000524933E
S2050005255E72
S205000526FED1
S205000527418D
S205000528933A
S205000529F7D5
S20500052A3E8D
S20500052B00CA
S20500052C9336
S20500052D08C0
S20500052E3097
S20500052F00C6
S205000530B312
S205000531873D
S205000532C7FC
S20500053301C1
S205000534635E
S205000535D2EE
S205000536C8F7
S2050005373787
S20500053813AA
S205000539D3E9
S20500053A2794
S20500053B407A
S20500053C13A6
S20500053D8830
S20500053E05B2
S20500053F00B6
S2050005409322
S20500054106AE
S20500054205AE
S20500054300B2
S205000544931E
S20500054507A9
S20500054600AF
S20500054700AE
S205000548832A
S2050005492884
S20500054A08A3
S20500054B00AA
S20500054C9316
S20500054D8721
S20500054E1790
S20500054F00A6
S2050005501392
S205000551089C
S205000552485B
S20500055300A2
S205000554237E
S205000555A000
S2050005561689
S205000557019D
S205000558930A
S2050005598616
S20500055A4655
S20500055B009A
S20500055CE3B6
S20500055DC6D2
S20500055E6730
S20500055FFE98
S2050005601382
S2050005611381
S2050005622370
S2050005630092
S205000564632E
S2050005655A36
S205000566C3CC
S2050005670B83
S20500056893FA
S205000569D7B5
S20500056AEE9D
S20500056B0189
S20500056CB3D6
S20500056D0E7A
S20500056EFE89
S20500056F0086
S20500057093F2
S205000571FE86
S2050005723E45
S2050005730082
S205000574B3CE
S2050005758EF2
S205000576FE81
S205000577403E
S205000578136A
S20500057988F4
S20500057AFE7D
S20500057BFF7B
S20500057C93E6
S20500057D0771
S20500057E6017
S20500057F0076
S20500058093E2
S205000581066E
S2050005820370
S2050005830072
S205000584630E
S205000585FE72
S2050005860768
S205000587313D
S20500058893DA
S2050005890864
S20500058A1358
S20500058B006A
S20500058CB3B6
S20500058D0761
S20500058E6502
S20500058F0066
S205000590B3B2
S20500059188DC
S205000592154E
S2050005930161
S205000594B3AE
S20500059588D8
S2050005961748
S205000597411D
S20500059893CA
S205000599B8A4
S20500059A3823
S20500059B005A
S20500059C3326
S20500059D88D0
S20500059E65F2
S20500059F0056
S2050005A063F2
S2050005A190C4
S2050005A2084B
S2050005A33022
S2050005A4B39E
S2050005A5E868
S2050005A60748
S2050005A7014D
S2050005A893BA
S2050005A9F854
S2050005AA3813
S2050005AB004A
S2050005AC63E6
S2050005AD9AAE
S2050005AE083F
S2050005AF2E18
S2050005B01332
S2050005B1FF45
S2050005B2CE75
S2050005B3FF43
S2050005B493AE
S2050005B5063A
S2050005B60837
S2050005B7003E
S2050005B8B38A
S2050005B988B4
S2050005BAE754
S2050005BB0139
S2050005BC0336
S2050005BDA890
S2050005BE0631
S2050005BF0036
S2050005C093A2
S2050005C187AD
S2050005C247EC
S2050005C30032
S2050005C4939E
S2050005C586AA
S2050005C646E9
S2050005C7002E
S2050005C8230A
S2050005C9AE7E
S2050005CA0724
S2050005CBFF2B
S2050005CCE346
S2050005CD9890
S2050005CEF82F
S2050005CFFE28
S2050005D033F2
S2050005D10321
S2050005D26FB4
S2050005D30022
S2050005D463BE
S2050005D5829E
S2050005D6EE31
S2050005D70519
S2050005D8B36A
S2050005D98795
S2050005DA65B6
S2050005DB001A
S2050005DC0316
S2050005DDC850
S2050005DE0710
S2050005DF0016
S2050005E0B362
S2050005E1060E
S2050005E265AE
S2050005E30012
S2050005E4937E
S2050005E50709
S2050005E613FC
S2050005E7000E
S2050005E823EA
S2050005E9808C
S2050005EA0605
S2050005EB0109
S2050005EC63A6
S2050005EDD632
S2050005EEC740
S2050005EF0303
S2050005F0B352
S2050005F1867E
S2050005F2F50E
S2050005F30002
S2050005F4837E
S2050005F5C63A
S2050005F606F9
S2050005F700FE
S2050005F8B34A
S2050005F907F5
S2050005FAF506
S2050005FB00FA
S2050005FC13E6
S2050005FD03F5
S2050005FE23D4
S2050005FF00F6
S20500060023D1
S2050006018073
S205000602D71B
S20500060300F1
S205000604638D
S2050006055A95
S205000606C32B
S20500060701EC
S205000608B339
S2050006098764
S20500060A6585
S20500060B00E9
S20500060C8365
S20500060DC720
S20500060E07DF
S20500060F00E5
S20500061033B1
S20500061103E0
S205000612657D
S20500061300E1
S20500061423BD
S20500061500DF
S205000616F3EB
S20500061700DD
S2050006188359
S20500061924B7
S20500061A8753
S20500061B06D3
S20500061C9345
S20500061D07D0
S20500061E00D6
S20500061F00D5
S2050006206371
S2050006215E75
S2050006229042
S2050006231EB3
S20500062423AD
S2050006252EA1
S205000626814D
S20500062700CD
S20500062823A9
S2050006292AA1
S20500062A21A9
S20500062B01C8
S20500062C23A5
S20500062D289F
S20500062E3195
S20500062F01C4
S20500063023A1
S205000631269D
S2050006324181
S20500063301C0
S205000634239D
S205000635249B
S205000636516D
S20500063701BC
S2050006382399
S2050006392299
S20500063A6159
S20500063B01B8
S20500063C2395
S20500063D2097
S20500063E7145
S20500063F01B4
S2050006409321
S20500064102B1
S205000642F0C2
S205000643FFB2
S205000644931D
S2050006450FA0
S205000646109E
S20500064700AD
S2050006481399
S20500064904A7
S20500064A307A
S20500064B00A9
S20500064C9315
S20500064D03A4
S20500064E2086
S20500064F00A5
S2050006501391
S205000651DFC4
S205000652376B
S2050006534061
S205000654B3ED
S2050006558619
S205000656E5B9
S205000657019C
S2050006580399
S205000659C8D3
S20500065A0694
S20500065B0099
S20500065C9305
S20500065DFE99
S20500065E771F
S20500065F0095
S2050006609301
S205000661880B
S205000662F49E
S205000663FF92
S205000664B3DD
S2050006653659
S205000666F09E
S205000667008D
S2050006683359
S2050006695833
S20500066AD8B2
S20500066B4148
S20500066C3355
S20500066D8EF9
S20500066EF88E
S20500066F4045
S205000670B3D1
S20500067186FD
S205000672D7AB
S2050006734041
S205000674136D
S205000675730C
S2050006761866
S205000677007D
S2050006783349
S2050006793E3D
S20500067AC0BA
S20500067B0178
S20500067C6315
S20500067D82F5
S20500067E5620
S20500067F1C59
S2050006800371
S205000681294A
S20500068286EC
S2050006830071
S205000684630D
S205000685DA95
S2050006862648
S2050006871D50
S2050006880369
S2050006892A41
S20500068A0664
S20500068B0069
S20500068C1355
S20500068D085F
S20500068E0066
S20500068F0065
S2050006906301
S2050006915013
S2050006924022
S2050006931F42
S205000694035D
S2050006952B34
S205000696C698
S205000697005D
S20500069893C9
S205000699DA81
S20500069A3624
S20500069B4019
S20500069C93C5
S20500069DF661
S20500069E76E0
S20500069F0055
S2050006A03321
S2050006A1084B
S2050006A25BF7
S2050006A30150
S2050006A4034D
S2050006A54807
S2050006A60846
S2050006A7004D
S2050006A83319
S2050006A958F3
S2050006AAD872
S2050006AB4009
S2050006AC1335
S2050006AD78CF
S2050006AE182E
S2050006AF0045
S2050006B063E1
S2050006B10043
S2050006B2FA48
S2050006B31D24
S2050006B483BD
S2050006B52817
S2050006B646F8
S2050006B7003D
S2050006B8B389
S2050006B90932
S2050006BA1B1F
S2050006BB0138
S2050006BCB385
S2050006BD89AE
S2050006BE59DD
S2050006BF0134
S2050006C083B1
S2050006C1C96A
S2050006C20929
S2050006C30031
S2050006C4B37D
S2050006C5D956
S2050006C6D955
S2050006C740ED
S2050006C89399
S2050006C9F932
S2050006CA1911
S2050006CB0029
S2050006CC33F5
S2050006CD081F
S2050006CE38EE
S2050006CF0124
S2050006D063C1
S2050006D10023
S2050006D27AA8
S2050006D31A07
S2050006D4938D
S2050006D59887
S2050006D61806
S2050006D7001D
S2050006D8B369
S2050006D90813
S2050006DA1BFF
S2050006DB0118
S2050006DCB365
S2050006DD888F
S2050006DE58BE
S2050006DF0114
S2050006E08391
S2050006E1C94A
S2050006E2080A
S2050006E30011
S2050006E4937D
S2050006E5B857
S2050006E617F7
S2050006E7000D
S2050006E8B359
S2050006E9D635
S2050006EAD931
S2050006EB40C9
S2050006EC9375
S2050006EDF611
S2050006EE16F0
S2050006EF0005
S2050006F033D1
S2050006F108FB
S2050006F2D82A
S2050006F30001
S2050006F4639D
S2050006F54AB5
S2050006F61EE0
S2050006F713EA
S2050006F8B349
S2050006F98675
S2050006FA17E3
S2050006FB01F8
S2050006FC6395
S2050006FDD621
S2050006FE26D0
S2050006FF07EE
S2050007008370
S2050007012BC7
S20500070206EB
S20500070300F0
S205000704638C
S205000705529C
S205000706707D
S20500070707E5
S20500070803E8
S2050007092BBF
S20500070AC623
S20500070B00E8
S20500070C9354
S20500070DDA0C
S20500070E36AF
S20500070F40A4
S2050007109350
S205000711F9E9
S205000712766B
S20500071300E0
S205000714B32C
S20500071506D8
S2050007165B82
S20500071701DB
S2050007188358
S205000719C614
S20500071A06D3
S20500071B00D8
S20500071CB324
S20500071DD600
S20500071E369F
S20500071F4193
S2050007209340
S205000721F6DC
S20500072216BB
S20500072300D0
S205000724339C
S20500072508C6
S205000726D8F5
S20500072700CC
S2050007286368
S205000729804A
S20500072AFBCE
S20500072B05C3
S20500072C8344
S20500072D26A0
S20500072E467F
S20500072F00C4
S2050007303390
S2050007310AB8
S205000732DBE6
S20500073300C0
S205000734338C
S2050007350AB4
S2050007365A63
S20500073701BB
S20500073803B8
S2050007394A70
S20500073A0AAF
S20500073B00B8
S20500073C3384
S20500073D5A5C
S20500073E3A7B
S20500073F4173
S20500074013A0
S2050007417A38
S2050007421A97
S20500074300B0
S205000744337C
S20500074508A6
S2050007464865
S20500074701AB
S2050007486348
S205000749802A
S20500074A7B2E
S20500074B02A6
S20500074C9314
S20500074D9610
S20500074E168F
S20500074F00A4
S205000750B3F0
S205000751069C
S205000752DBC6
S20500075300A0
S205000754B3EC
S2050007558618
S2050007565647
S205000757019B
S2050007588318
S205000759C6D4
S20500075A0693
S20500075B0098
S20500075CB3E4
S20500075DD6C0
S20500075E365F
S20500075F4153
S2050007609300
S205000761F69C
S205000762167B
S2050007630090
S205000764335C
S2050007650886
S205000766D8B5
S205000767008C
S20500076893F8
S2050007698802
S20500076A1871
S20500076B0088
S20500076C93F4
S20500076D87FF
S20500076E176E
S20500076F0084
S2050007706320
S205000771463C
S2050007721E63
S2050007730779
S205000774631C
S205000775D4AA
S2050007762756
S2050007770775
S20500077883F8
S2050007792A50
S20500077A0673
S20500077B0078
S20500077C6314
S20500077D5026
S20500077E5025
S20500077F076D
S20500078083F0
S205000781264C
S205000782C6AB
S2050007830070
S205000784135C
S205000785DA94
S2050007863736
S205000787402C
S2050007881358
S205000789F971
S20500078A77F2
S20500078B0068
S20500078CB3B4
S20500078D89DD
S20500078E461F
S20500078F0163
S20500079083E0
S205000791C89A
S2050007920958
S2050007930060
S205000794B3AC
S205000795D886
S2050007962835
S205000797411B
S20500079893C8
S205000799F862
S20500079A1841
S20500079B0058
S20500079C3324
S20500079D084E
S20500079E183D
S20500079F0153
S2050007A063F0
S2050007A18EC4
S2050007A2FA57
S2050007A3034D
S2050007A4034C
S2050007A52E20
S2050007A64607
S2050007A7004C
S2050007A8B398
S2050007A989C1
S2050007AAC980
S2050007AB0147
S2050007AC83C4
S2050007ADC87E
S2050007AE093C
S2050007AF0044
S2050007B0B390
S2050007B1D86A
S2050007B22819
S2050007B341FF
S2050007B493AC
S2050007B5F846
S2050007B61825
S2050007B7003C
S2050007B83308
S2050007B90832
S2050007BA1821
S2050007BB0137
S2050007BC63D4
S2050007BD80B6
S2050007BE7ABB
S2050007BF0232
S2050007C01320
S2050007C11E14
S2050007C21E13
S2050007C30030
S2050007C4B37C
S2050007C586A8
S2050007C6C667
S2050007C7012B
S2050007C8B378
S2050007C986A4
S2050007CA46E3
S2050007CB0127
S2050007CC83A4
S2050007CDC660
S2050007CE061F
S2050007CF0024
S2050007D0B370
S2050007D1D64C
S2050007D226FB
S2050007D341DF
S2050007D4938C
S2050007D5F628
S2050007D61607
S2050007D7001C
S2050007D833E8
S2050007D90812
S2050007DAD841
S2050007DB0018
S2050007DC63B4
S2050007DD1AFC
S2050007DE0312
S2050007DF0410
S2050007E063B0
S2050007E11EF4
S2050007E28889
S2050007E30010
S2050007E433DC
S2050007E50FFF
S2050007E6E528
S2050007E7010B
S2050007E80308
S2050007E948C2
S2050007EA0FFA
S2050007EB0008
S2050007ECB354
S2050007ED9670
S2050007EEDF26
S2050007EF0103
S2050007F0B350
S2050007F1C63C
S2050007F206FB
S2050007F301FF
S2050007F423DC
S2050007F500FE
S2050007F6DF1E
S2050007F700FC
S2050007F88378
S2050007F924D6
S2050007FA8772
S2050007FB06F2
S2050007FCE314
S2050007FDCA2C
S2050007FE975E
S2050007FFE410
S20500080003EF
S20500080124CD
S205000802C12F
S20500080301EE
S20500080403EB
S20500080529C4
S20500080641AB
S20500080701EA
S2050008088367
S20500080929C0
S20500080A01E7
S20500080B01E6
S20500080C03E3
S20500080D2ABB
S20500080EC123
S20500080F00E3
S205000810835F
S2050008112AB7
S205000812815F
S20500081300DF
S20500081403DB
S2050008152BB2
S205000816419B
S20500081700DB
S2050008188357
S2050008192BAE
S20500081A01D7
S20500081B00D7
S20500081C8353
S20500081D24B1
S20500081E8153
S20500081F01D2
S20500082013BF
S20500082101D0
S20500082201CF
S20500082302CD
S2050008246767
S205000825804D
S20500082600CC
S20500082700CB
S2050008289337
S2050008298742
S20500082A17B1
S20500082B00C7
S20500082CE3E3
S20500082D0ABB
S20500082E03C1
S20500082FFAC9
S20500083013AF
S20500083108B9
S205000832D8E8
S205000833FFC0
S205000834E3DB
S205000835E8D5
S2050008360FAD
S205000837FBC0
S205000838E3D7
S205000839CCED
S20500083A9721
S20500083BE0D7
S20500083C6F47
S20500083DF0C5
S20500083E5F55
S20500083FFCB7
S205000840634F
S205000841842D
S205000842F8B8
S20500084304AB
S20500084403AB
S2050008452984
S2050008468626
S20500084700AB
S2050008489317
S20500084908A1
S20500084A1098
S20500084B00A7
S20500084CB3F3
S20500084D861F
S20500084E178D
S20500084F01A2
S205000850138F
S2050008510899
S20500085200A0
S205000853009F
S2050008546F2F
S205000855F0AD
S2050008569FFD
S205000857EAB1
S2050008589307
S205000859B8E1
S20500085A1781
S20500085B0097
S20500085CE3B3
S20500085D583D
S20500085E1E76
S20500085FFF94
S20500086093FF
S205000861870A
S2050008621779
S205000863008F
S205000864E3AB
S205000865107D
S2050008660389
S205000867F893
S205000868E3A7
S205000869C4C5
S20500086A97F1
S20500086BDEA9
S20500086C6F17
S20500086DF095
S20500086E5F25
S20500086FF98A
S20500087093EF
S205000871B8C9
S2050008721769
S205000873007F
S205000874E39B
S205000875522B
S2050008761E5E
S205000877E992
S20500087893E7
S20500087987F2
S20500087A1761
S20500087B0077
S20500087CE393
S20500087D1A5B
S20500087E0371
S20500087FFA79
S205000880E38F
S205000881C8A9
S20500088297D9
S205000883DC93
S2050008846FFF
S205000885F07D
S205000886DF8D
S205000887F774
S20500088893D7
S20500088987E2
S20500088A0464
S20500088B0067
S20500088CE383
S20500088D1C49
S20500088E0361
S20500088FF46F
S205000890E37F
S205000891C0A1
S20500089297C9
S205000893DC83
S2050008946FEF
S205000895F06D
S205000896DF7D
S205000897F665
S205000898E377
S2050008995009
S20500089AC098
S20500089BD97E
S20500089C93C3
S20500089D064F
S20500089E0054
S20500089F0053
S2050008A0B39F
S2050008A187CA
S2050008A2D57B
S2050008A3004F
S2050008A4331B
S2050008A58EBF
S2050008A6C587
S2050008A7014A
S2050008A8B397
S2050008A90643
S2050008AAD573
S2050008AB0047
S2050008AC0343
S2050008ADC87D
S2050008AE073D
S2050008AF0043
S2050008B093AF
S2050008B187BA
S2050008B21729
S2050008B3003F
S2050008B493AB
S2050008B586B7
S2050008B61626
S2050008B7003B
S2050008B8A397
S2050008B98FAA
S2050008BA0632
S2050008BBFF38
S2050008BCE353
S2050008BD181D
S2050008BEFE36
S2050008BFFE35
S2050008C06FC3
S2050008C1F041
S2050008C29F91
S2050008C3D55A
S2050008C4131B
S2050008C5012C
S2050008C6012B
S2050008C7F437
S2050008C82307
S2050008C92CFD
S2050008CA81A7
S2050008CB0A1D
S2050008CC0323
S2050008CD2401
S2050008CE45DF
S2050008CF0023
S2050008D023FF
S2050008D12AF7
S2050008D2918F
S2050008D30A15
S2050008D423FB
S2050008D528F5
S2050008D621FB
S2050008D70B10
S2050008D89387
S2050008D90415
S2050008DA30E8
S2050008DB0017
S2050008DC1303
S2050008DD090C
S2050008DE0113
S2050008DF0310
S2050008E0937F
S2050008E157BA
S2050008E2F41C
S2050008E341CE
S2050008E423EB
S2050008E526E7
S2050008E631DB
S2050008E70B00
S2050008E823E7
S2050008E924E5
S2050008EA41C7
S2050008EB0BFC
S2050008EC23E3
S2050008ED22E3
S2050008EE51B3
S2050008EF0BF8
S2050008F023DF
S2050008F12ED3
S2050008F2718F
S2050008F309F6
S2050008F423DB
S2050008F52CD1
S2050008F6817B
S2050008F709F2
S2050008F89367
S2050008F9F702
S2050008FA37C1
S2050008FB00F7
S2050008FC9363
S2050008FD1BDA
S2050008FE14E0
S2050008FF00F3
S20500090023CE
S2050009012EC2
S20500090211DE
S2050009030AE4
S20500090423CA
S20500090520CC
S205000906618A
S2050009070BDF
S20500090823C6
S20500090920C8
S20500090A9156
S20500090B00E6
S20500090C23C2
S20500090D22C2
S20500090E8162
S20500090F00E2
S20500091023BE
S20500091126BA
S20500091221BE
S20500091301DD
S20500091403DA
S2050009152CB0
S205000916C516
S20500091700DA
S20500091813C6
S2050009190ACE
S20500091A05D2
S20500091B00D6
S20500091CB322
S20500091D874D
S20500091E874C
S20500091F00D2
S205000920933E
S2050009218A46
S20500092205CA
S20500092300CE
S205000924B31A
S20500092509C3
S2050009268942
S20500092700CA
S205000928B316
S2050009290BBD
S20500092A794E
S20500092B01C5
S20500092C6362
S20500092D5E66
S20500092E8043
S20500092F06BC
S20500093013AE
S20500093106BA
S20500093204BB
S20500093300BE
S205000934932A
S20500093505B7
S20500093600BB
S20500093700BA
S20500093813A6
S20500093905B3
S20500093A09AE
S20500093B00B6
S20500093C13A2
S20500093DDBD9
S20500093E278C
S20500093F4072
S205000940EFC2
S205000941F0C0
S2050009429F10
S205000943941A
S205000944634A
S205000945D4D8
S2050009468427
S2050009471C8E
S2050009489316
S2050009491494
S20500094A2B7C
S20500094B00A6
S20500094C1392
S20500094D861E
S20500094E049F
S20500094F00A2
S205000950930E
S205000951059B
S2050009520C93
S205000953009E
S205000954138A
S2050009558517
S2050009560992
S205000957009A
S205000958EFAA
S205000959F0A8
S20500095ADFB8
S20500095BA0F6
S20500095C1382
S20500095D850F
S20500095E048F
S20500095F0092
S205000960632E
S205000961DAB6
S205000962840B
S2050009631A74
S205000964B3DA
S2050009650587
S205000966ACDF
S205000967008A
S2050009683356
S2050009690682
S20500096AA4E3
S20500096B4046
S20500096C3352
S20500096D85FF
S20500096EA9DA
S20500096F0082
S205000970EF92
S205000971F090
S2050009725F20
S2050009739FDF
S20500097493EA
S2050009750775
S205000976304B
S205000977007A
S2050009783346
S2050009790C6C
S20500097A8CEB
S20500097B0076
S20500097C6312
S20500097DD4A0
S20500097E87EC
S20500097F185A
S20500098093DE
S205000981145C
S2050009822B44
S205000983006E
S205000984135A
S20500098586E6
S2050009860467
S205000987006A
S20500098893D6
S2050009890563
S20500098A0C5B
S20500098B0066
S20500098C1352
S20500098D85DF
S20500098E0B58
S20500098F0062
S205000990EF72
S205000991F070
S2050009925F00
S2050009939DC1
S20500099463FA
S205000995DA82
S20500099684D7
S205000997005A
S2050009983326
S2050009990652
S20500099A94C3
S20500099B4016
S20500099CB3A2
S20500099D054F
S20500099E9CB7
S20500099F0052
S2050009A0331E
S2050009A185CB
S2050009A29BB4
S2050009A3004E
S2050009A4EF5E
S2050009A5F05C
S2050009A61F2C
S2050009A79CAE
S2050009A883C6
S2050009A9A7A1
S2050009AA4AFD
S2050009AB0640
S2050009AC63E2
S2050009AD5CE8
S2050009AEF053
S2050009AF083A
S2050009B0231E
S2050009B12A16
S2050009B291AE
S2050009B30935
S2050009B4231A
S2050009B52814
S2050009B6A19A
S2050009B70931
S2050009B81326
S2050009B90B2D
S2050009BA2017
S2050009BB0036
S2050009BC93A2
S2050009BD0430
S2050009BE0033
S2050009BF0032
S2050009C0131E
S2050009C10C24
S2050009C230FF
S2050009C3002E
S2050009C4131A
S2050009C587A5
S2050009C60A21
S2050009C7002A
S2050009C89396
S2050009C986A2
S2050009CA0423
S2050009CB0026
S2050009CC1312
S2050009CD061E
S2050009CE0122
S2050009CF0022
S2050009D0938E
S2050009D1859B
S2050009D20916
S2050009D3001E
S2050009D4130A
S2050009D50517
S2050009D6011A
S2050009D70119
S2050009D8EF2A
S2050009D9F028
S2050009DA1FF8
S2050009DBB462
S2050009DC8392
S2050009DD2CE8
S2050009DE4AC9
S2050009DF0012
S2050009E0838E
S2050009E127E9
S2050009E2CA45
S2050009E3000E
S2050009E433DA
S2050009E58785
S2050009E69C6F
S2050009E70208
S2050009E813F6
S2050009E9D434
S2050009EAFC0B
S2050009EB41C5
S2050009EC13F2
S2050009ED7490
S2050009EE34CF
S2050009EF0002
S2050009F033CE
S2050009F104FC
S2050009F2946B
S2050009F301FD
S2050009F413EA
S2050009F554A8
S2050009F624D7
S2050009F740BA
S2050009F8B346
S2050009F98771
S2050009FAE710
S2050009FB00F6
S2050009FC6392
S2050009FD5C98
S2050009FE9C57
S2050009FF0FE3
S205000A0013DD
S205000A0114DB
S205000A0224CA
S205000A0300ED
S205000A0413D9
S205000A058566
S205000A0607E3
S205000A0700E9
S205000A0813D5
S205000A0906E1
S205000A0A04E2
S205000A0B00E5
S205000A0C9351
S205000A0D05DE
S205000A0E01E1
S205000A0F01E0
S205000A10EFF1
S205000A11F0EF
S205000A125F7F
S205000A139548
S205000A149349
S205000A1507D4
S205000A1605D5
S205000A1700D9
S205000A186375
S205000A195C7B
S205000A1A9442
S205000A1B01D4
S205000A1C13C1
S205000A1D07CC
S205000A1E01D1
S205000A1F01D0
S205000A20339D
S205000A218649
S205000A228C42
S205000A23408D
S205000A24B319
S205000A2505C6
S205000A268743
S205000A2700C9
S205000A283395
S205000A298542
S205000A2A873F
S205000A2B00C5
S205000A2CEFD5
S205000A2DF0D3
S205000A2E9F23
S205000A2F932E
S205000A30833D
S205000A31A718
S205000A324A74
S205000A3306B7
S205000A349329
S205000A358437
S205000A3614A6
S205000A3700B9
S205000A386355
S205000A39CEE9
S205000A3AF4C2
S205000A3B02B3
S205000A3C8331
S205000A3D2C87
S205000A3E4171
S205000A3F09A8
S205000A4003AD
S205000A412D82
S205000A4201AD
S205000A4309A4
S205000A448329
S205000A45208B
S205000A46C1E9
S205000A470B9E
S205000A4803A5
S205000A492483
S205000A4A8125
S205000A4B0B9A
S205000A4C8321
S205000A4D247F
S205000A4E4161
S205000A4F0B96
S205000A50039D
S205000A512976
S205000A52019D
S205000A530B92
S205000A548319
S205000A552972
S205000A56C1D9
S205000A570A8F
S205000A580395
S205000A592A6D
S205000A5A8115
S205000A5B0A8B
S205000A5C8311
S205000A5D2A69
S205000A5E4151
S205000A5F0A87
S205000A60038D
S205000A612B64
S205000A62018D
S205000A630A83
S205000A648309
S205000A652B60
S205000A66C1C9
S205000A670980
S205000A680385
S205000A692C5B
S205000A6A8105
S205000A6B097C
S205000A6C1371
S205000A6D0182
S205000A6E0181
S205000A6F0C75
S205000A706719
S205000A7180FF
S205000A72007E
S205000A73007D
S205000A746319
S205000A755427
S205000A76FB7F
S205000A770673
S205000A7883F5
S205000A792C4B
S205000A7A4A2C
S205000A7B0075
S205000A7C0371
S205000A7D2D46
S205000A7ECAA8
S205000A7F0071
S205000A80B3BD
S205000A810768
S205000A829BD3
S205000A83036A
S205000A841359
S205000A85D596
S205000A86FC6E
S205000A874128
S205000A881355
S205000A8975F2
S205000A8A3531
S205000A8B0065
S205000A8C3331
S205000A8D055E
S205000A8E95CD
S205000A8F0160
S205000A90134D
S205000A91550A
S205000A922539
S205000A93401D
S205000A943329
S205000A950D4E
S205000A96FD5D
S205000A970059
S205000A9863F5
S205000A995205
S205000A9A9CBA
S205000A9B074E
S205000A9C1341
S205000A9D143F
S205000A9E252D
S205000A9F0051
S205000AA0133D
S205000AA10649
S205000AA2044A
S205000AA3004D
S205000AA493B9
S205000AA50546
S205000AA60D3D
S205000AA70049
S205000AA81335
S205000AA90542
S205000AAA093D
S205000AAB0045
S205000AACEF55
S205000AADF053
S205000AAE9FA3
S205000AAF8BB6
S205000AB063DD
S205000AB15AE5
S205000AB294AA
S205000AB3013C
S205000AB43309
S205000AB586B5
S205000AB68CAE
S205000AB740F9
S205000AB8B385
S205000AB90532
S205000ABA8DA9
S205000ABB0035
S205000ABC3301
S205000ABD052E
S205000ABE89A9
S205000ABF0031
S205000AC0EF41
S205000AC1F03F
S205000AC25FCF
S205000AC38AA3
S205000AC49399
S205000AC50724
S205000AC60921
S205000AC70029
S205000AC81315
S205000AC90B1C
S205000ACA1B0B
S205000ACB0025
S205000ACC1311
S205000ACD899A
S205000ACE0919
S205000ACF0021
S205000AD0938D
S205000AD18996
S205000AD20B13
S205000AD3001D
S205000AD49389
S205000AD58B90
S205000AD60713
S205000AD70019
S205000AD86FA9
S205000AD9F027
S205000ADADF37
S205000ADBEE27
S205000ADC0311
S205000ADDA66D
S205000ADECA48
S205000ADF060B
S205000AE0E32D
S205000AE152BD
S205000AE2C04E
S205000AE3FE0F
S205000AE49379
S205000AE50506
S205000AE6000A
S205000AE70009
S205000AE813F5
S205000AE90502
S205000AEA09FD
S205000AEB0005
S205000AECEF15
S205000AEDF013
S205000AEECF33
S205000AEFF908
S205000AF06F91
S205000AF1F00F
S205000AF25F9F
S205000AF3FD00
S205000AF413E9
S205000AF504F7
S205000AF600FA
S205000AF700F9
S205000AF86F89
S205000AF9F007
S205000AFA1FD7
S205000AFBF203
S205000AFC13E1
S205000AFD04EF
S205000AFE00F2
S205000AFF00F1
S205000B006F80
S205000B01F0FE
S205000B021FCE
S205000B03FBF1
S205000B049358
S205000B0504E6
S205000B0600E9
S205000B0700E8
S205000B086F78
S205000B09F0F6
S205000B0A1FC6
S205000B0BE9FB
S205000B0C13D0
S205000B0D05DD
S205000B0E00E1
S205000B0F00E0
S205000B106F70
S205000B11F0EE
S205000B125F7E
S205000B13E5F7
S205000B1433A8
S205000B150CCE
S205000B168C4D
S205000B1700D8
S205000B186F68
S205000B19F0E6
S205000B1ADFF6
S205000B1BE6EE
S205000B1C8350
S205000B1DA72B
S205000B1E458C
S205000B1F06CA
S205000B2013BC
S205000B2101CD
S205000B2201CC
S205000B23FECE
S205000B2423A8
S205000B2526A4
S205000B263198
S205000B2701C7
S205000B2823A4
S205000B292E98
S205000B2A11B4
S205000B2B00C4
S205000B2CB70C
S205000B2D09B9
S205000B2E10B1
S205000B2F00C0
S205000B30635C
S205000B315C62
S205000B32F0CD
S205000B330AB2
S205000B342398
S205000B352A90
S205000B369128
S205000B3700B8
S205000B382394
S205000B39288E
S205000B3A2194
S205000B3B01B3
S205000B3C2390
S205000B3D248E
S205000B3E4170
S205000B3F01AF
S205000B40238C
S205000B41228C
S205000B42515C
S205000B4301AB
S205000B442388
S205000B452C7E
S205000B468128
S205000B4700A8
S205000B489314
S205000B498A1C
S205000B4A05A0
S205000B4B00A4
S205000B4C1390
S205000B4D0A98
S205000B4E059C
S205000B4F00A0
S205000B50930C
S205000B51049A
S205000B52009D
S205000B53009C
S205000B543764
S205000B550991
S205000B561089
S205000B570098
S205000B588314
S205000B59A7EF
S205000B5A8A0B
S205000B5B068E
S205000B5C1380
S205000B5D048E
S205000B5E0091
S205000B5F0090
S205000B60632C
S205000B61503E
S205000B62F09D
S205000B630686
S205000B648308
S205000B652763
S205000B668AFF
S205000B670088
S205000B681374
S205000B695630
S205000B6A3451
S205000B6B4044
S205000B6C1370
S205000B6D057D
S205000B6E0978
S205000B6F0080
S205000B7093EC
S205000B717608
S205000B727409
S205000B73007C
S205000B7493E8
S205000B750575
S205000B76E099
S205000B770276
S205000B786314
S205000B795C1A
S205000B7AF481
S205000B7B0272
S205000B7C83F0
S205000B7D274B
S205000B7E0A67
S205000B7F0070
S205000B80630C
S205000B81D896
S205000B82F479
S205000B83026A
S205000B840368
S205000B852743
S205000B864A1F
S205000B870068
S205000B8883E4
S205000B89273F
S205000B8ACA9B
S205000B8B0064
S205000B8C3330
S205000B8D87DB
S205000B8EE47D
S205000B8F025E
S205000B90B3AC
S205000B9187D7
S205000B92E776
S205000B93005C
S205000B94B3A8
S205000B9587D3
S205000B96C792
S205000B970058
S205000B9883D4
S205000B99C591
S205000B9A074E
S205000B9B0054
S205000B9CB3A0
S205000B9DD57D
S205000B9ED57C
S205000B9F4010
S205000BA093BC
S205000BA1F559
S205000BA21538
S205000BA3004C
S205000BA4B398
S205000BA50545
S205000BA6B099
S205000BA74008
S205000BA893B4
S205000BA9F551
S205000BAA55F0
S205000BABFF45
S205000BAC93B0
S205000BAD85BD
S205000BAEE55C
S205000BAF023E
S205000BB0EF50
S205000BB1102E
S205000BB2003D
S205000BB36BD1
S205000BB483B8
S205000BB5A793
S205000BB68AAF
S205000BB70632
S205000BB81324
S205000BB90432
S205000BBA1421
S205000BBB0034
S205000BBCE350
S205000BBD44EE
S205000BBEF43D
S205000BBFFA36
S205000BC0131C
S205000BC185A9
S205000BC2C964
S205000BC31B11
S205000BC4EF3C
S205000BC5101A
S205000BC6C069
S205000BC769BF
S205000BC883A4
S205000BC9A77F
S205000BCA4ADB
S205000BCB061E
S205000BCC9390
S205000BCD849E
S205000BCE140D
S205000BCF0020
S205000BD0E33C
S205000BD1C45A
S205000BD2F429
S205000BD3F824
S205000BD40318
S205000BD524F6
S205000BD68198
S205000BD70117
S205000BD88394
S205000BD924F2
S205000BDA41D4
S205000BDB0113
S205000BDC0310
S205000BDD29E9
S205000BDE0110
S205000BDF010F
S205000BE0030C
S205000BE12AE4
S205000BE2818C
S205000BE3000C
S205000BE48388
S205000BE52AE0
S205000BE641C8
S205000BE70008
S205000BE88384
S205000BE920E6
S205000BEAC144
S205000BEB0103
S205000BEC13F0
S205000BED857D
S205000BEEC938
S205000BEF1BE5
S205000BF0837C
S205000BF129D5
S205000BF2C13C
S205000BF300FC
S205000BF413E8
S205000BF501F9
S205000BF601F8
S205000BF702F6
S205000BF86F88
S205000BF910E6
S205000BFA8075
S205000BFB668E
S205000BFC13E0
S205000BFD01F1
S205000BFE01F0
S205000BFFF8F8
S205000C0023CB
S205000C012CC1
S205000C02816B
S205000C0306E5
S205000C0437B3
S205000C0506E3
S205000C0610D8
S205000C0700E7
S205000C0813D3
S205000C098461
S205000C0A05DF
S205000C0B00E3
S205000C0CB72B
S205000C0D05DC
S205000C0E10D0
S205000C0F00DF
S205000C1013CB
S205000C1106D7
S205000C124696
S205000C1305D6
S205000C149347
S205000C158554
S205000C16C513
S205000C1706D1
S205000C1823B3
S205000C192AAB
S205000C1A9143
S205000C1B06CD
S205000C1C933F
S205000C1D04CD
S205000C1E05CB
S205000C1F00CF
S205000C2013BB
S205000C2105C8
S205000C2201CB
S205000C2301CA
S205000C2423A7
S205000C252E9B
S205000C2611B7
S205000C2706C1
S205000C2823A3
S205000C29289D
S205000C2A21A3
S205000C2B07BC
S205000C2C239F
S205000C2D269B
S205000C2E318F
S205000C2F07B8
S205000C30EFCF
S205000C3110AD
S205000C32803C
S205000C336C4F
S205000C3413A7
S205000C3505B4
S205000C3601B7
S205000C3701B6
S205000C38EFC7
S205000C3900B5
S205000C3AC0F4
S205000C3B644F
S205000C3C377B
S205000C3D05AC
S205000C3E10A0
S205000C3F00AF
S205000C40139B
S205000C4105A8
S205000C4205A7
S205000C4309A2
S205000C44EFBB
S205000C4500A9
S205000C4600A8
S205000C474760
S205000C481393
S205000C49099C
S205000C4A059F
S205000C4B00A3
S205000C4C376B
S205000C4D059C
S205000C4E1090
S205000C4F009F
S205000C50138B
S205000C510598
S205000C528517
S205000C53009B
S205000C54EFAB
S205000C551089
S205000C56C0D8
S205000C576037
S205000C589303
S205000C590590
S205000C5A0490
S205000C5B0093
S205000C5C137F
S205000C5D058C
S205000C5E0987
S205000C5F008F
S205000C60EF9F
S205000C61008D
S205000C62C0CC
S205000C634A41
S205000C6493F7
S205000C650584
S205000C664147
S205000C670087
S205000C681373
S205000C690580
S205000C6A097B
S205000C6B0083
S205000C6CEF93
S205000C6D0081
S205000C6E0080
S205000C6F4A35
S205000C70136B
S205000C710578
S205000C72413B
S205000C73007B
S205000C74EF8B
S205000C750079
S205000C7680F8
S205000C773A3D
S205000C782353
S205000C792253
S205000C7AA4D0
S205000C7B066D
S205000C7C93DF
S205000C7D056C
S205000C7E412F
S205000C7F006F
S205000C80135B
S205000C810568
S205000C820963
S205000C83006B
S205000C84EF7B
S205000C850069
S205000C8680E8
S205000C87481F
S205000C881353
S205000C890560
S205000C8A4123
S205000C8B0063
S205000C8CEF73
S205000C8D0061
S205000C8E0060
S205000C8F3926
S205000C90233B
S205000C912439
S205000C92A4B8
S205000C930655
S205000C9493C7
S205000C9577E2
S205000C9675E3
S205000C970057
S205000C9893C3
S205000C99064F
S205000C9A054F
S205000C9B0053
S205000C9C63EF
S205000C9D96BB
S205000C9E0749
S205000C9F0C43
S205000CA093BB
S205000CA157F6
S205000CA2F557
S205000CA3410A
S205000CA493B7
S205000CA5F752
S205000CA677D1
S205000CA70047
S205000CA8B393
S205000CA987BE
S205000CAAA79D
S205000CAB0043
S205000CAC93AF
S205000CADD76A
S205000CAE3709
S205000CAF40FF
S205000CB0033B
S205000CB12617
S205000CB244F8
S205000CB30635
S205000CB43703
S205000CB50534
S205000CB61028
S205000CB70037
S205000CB893A3
S205000CB90530
S205000CBA0430
S205000CBB0033
S205000CBC230F
S205000CBD260B
S205000CBEF43C
S205000CBF0629
S205000CC0131B
S205000CC10528
S205000CC2C567
S205000CC30229
S205000CC4EF3B
S205000CC51019
S205000CC6C068
S205000CC759CE
S205000CC883A3
S205000CC927FE
S205000CCA44E0
S205000CCB061D
S205000CCC031F
S205000CCD27FA
S205000CCEC45C
S205000CCF0619
S205000CD0839B
S205000CD126F7
S205000CD28498
S205000CD30615
S205000CD437E3
S205000CD50514
S205000CD61008
S205000CD70017
S205000CD833E3
S205000CD98491
S205000CDAE72D
S205000CDB0211
S205000CDC23EF
S205000CDDA46D
S205000CDED43C
S205000CDF000F
S205000CE0B757
S205000CE10607
S205000CE2000C
S205000CE340CB
S205000CE423E7
S205000CE5A069
S205000CE6F414
S205000CE70007
S205000CE823E3
S205000CE9A263
S205000CEAE420
S205000CEB0003
S205000CEC23DF
S205000CEDA65B
S205000CEED42C
S205000CEF00FF
S205000CF013EB
S205000CF105F8
S205000CF205F7
S205000CF30AF1
S205000CF4EF0B
S205000CF500F9
S205000CF600F8
S205000CF73CBB
S205000CF88373
S205000CF9A550
S205000CFAC430
S205000CFB00F3
S205000CFC935F
S205000CFD09E8
S205000CFE05EB
S205000CFF00EF
S205000D0037B6
S205000D0105E7
S205000D0210DB
S205000D0300EA
S205000D0413D6
S205000D0506E2
S205000D0604E3
S205000D0700E6
S205000D0813D2
S205000D0905DF
S205000D0A05DE
S205000D0B0BD7
S205000D0CEFF2
S205000D0D10D0
S205000D0E409F
S205000D0F5589
S205000D1003DA
S205000D11A636
S205000D12C417
S205000D1300DA
S205000D149346
S205000D1505D3
S205000D1604D3
S205000D1700D6
S205000D1813C2
S205000D19854F
S205000D1A09CA
S205000D1B00D2
S205000D1CEFE2
S205000D1D00D0
S205000D1E804F
S205000D1F4688
S205000D20EFDE
S205000D2100CC
S205000D22C00B
S205000D234783
S205000D2413B6
S205000D2504C4
S205000D2605C2
S205000D2700C6
S205000D28E3E2
S205000D290CB8
S205000D2A05BE
S205000D2BFEC4
S205000D2C13AE
S205000D2D853B
S205000D2E09B6
S205000D2F00BE
S205000D30EFCE
S205000D3100BC
S205000D3200BB
S205000D333B7F
S205000D3413A6
S205000D3505B3
S205000D3609AE
S205000D3700B6
S205000D38EFC6
S205000D3900B4
S205000D3A8033
S205000D3B3A78
S205000D3C377A
S205000D3D05AB
S205000D3E109F
S205000D3F00AE
S205000D40931A
S205000D4105A7
S205000D4204A7
S205000D4300AA
S205000D441396
S205000D4505A3
S205000D464562
S205000D470F97
S205000D48EFB6
S205000D491094
S205000D4A8023
S205000D4B5151
S205000D4C831E
S205000D4D2080
S205000D4EC1DE
S205000D4F0797
S205000D50039A
S205000D512478
S205000D52811A
S205000D530793
S205000D548316
S205000D552474
S205000D564156
S205000D57078F
S205000D580392
S205000D59296B
S205000D5A0192
S205000D5B078B
S205000D5C830E
S205000D5D2967
S205000D5EC1CE
S205000D5F0688
S205000D60137A
S205000D61018B
S205000D62018A
S205000D630882
S205000D646722
S205000D658008
S205000D660087
S205000D670086
S205000D6893F2
S205000D69572D
S205000D6AF58E
S205000D6B4141
S205000D6C93EE
S205000D6DF789
S205000D6E7708
S205000D6F007E
S205000D70B3CA
S205000D7187F5
S205000D72A7D4
S205000D73007A
S205000D7493E6
S205000D75D7A1
S205000D763740
S205000D774036
S205000D7893E2
S205000D7987ED
S205000D7A175C
S205000D7B0072
S205000D7C6F02
S205000D7DF080
S205000D7E5F10
S205000D7FF37B
S205000D80135A
S205000D81016B
S205000D82016A
S205000D83F377
S205000D842346
S205000D852642
S205000D861156
S205000D870C5A
S205000D882342
S205000D892440
S205000D8A81E2
S205000D8B0C56
S205000D8C233E
S205000D8D223E
S205000D8E91CE
S205000D8F0C52
S205000D90233A
S205000D91203C
S205000D92213A
S205000D930D4D
S205000D942336
S205000D952E2A
S205000D963126
S205000D970B4B
S205000D982332
S205000D992C28
S205000D9A4112
S205000D9B0B47
S205000D9CEF62
S205000D9D0050
S205000D9E80CF
S205000D9F4FFF
S205000DA093BA
S205000DA10547
S205000DA20546
S205000DA3004A
S205000DA43712
S205000DA50543
S205000DA61037
S205000DA70046
S205000DA81332
S205000DA9053F
S205000DAA85BE
S205000DAB1032
S205000DACEF52
S205000DAD1030
S205000DAE40FF
S205000DAF4BF3
S205000DB093AA
S205000DB10537
S205000DB2013A
S205000DB30436
S205000DB41326
S205000DB50533
S205000DB681B6
S205000DB70036
S205000DB8EF46
S205000DB9F044
S205000DBA5FD4
S205000DBBE44E
S205000DBC37FA
S205000DBD052B
S205000DBE101F
S205000DBF002E
S205000DC0939A
S205000DC10527
S205000DC2200B
S205000DC3002A
S205000DC41316
S205000DC50523
S205000DC645E2
S205000DC71214
S205000DC8EF36
S205000DC91014
S205000DCA80A3
S205000DCB49D9
S205000DCCEF32
S205000DCD0020
S205000DCE809F
S205000DCF23FB
S205000DD0EF2E
S205000DD1001C
S205000DD2809B
S205000DD324F6
S205000DD4EF2A
S205000DD50018
S205000DD6C057
S205000DD723F3
S205000DD89382
S205000DD90410
S205000DDA35DE
S205000DDB0012
S205000DDC13FE
S205000DDD0A06
S205000DDE20EF
S205000DDF000E
S205000DE013FA
S205000DE10408
S205000DE2000B
S205000DE3000A
S205000DE413F6
S205000DE509FF
S205000DE60007
S205000DE70006
S205000DE89372
S205000DE909FB
S205000DEA10F3
S205000DEB0002
S205000DEC936E
S205000DED05FB
S205000DEE01FE
S205000DEF04FA
S205000DF013EA
S205000DF105F7
S205000DF2817A
S205000DF300FA
S205000DF4EF0A
S205000DF5F008
S205000DF61FD8
S205000DF7AD49
S205000DF8EF06
S205000DF900F4
S205000DFA8073
S205000DFB21D1
S205000DFC13DE
S205000DFD05EB
S205000DFEE50A
S205000DFFFFEF
S205000E0033B9
S205000E0105E6
S205000E029555
S205000E0340A9
S205000E04B335
S205000E0507E0
S205000E06A442
S205000E0700E5
S205000E0813D1
S205000E09558E
S205000E0AF5ED
S205000E0B41A0
S205000E0C33AD
S205000E0DB728
S205000E0E8757
S205000E0F00DD
S205000E1033A9
S205000E1105D6
S205000E12A931
S205000E1300D9
S205000E1413C5
S205000E158453
S205000E1607CF
S205000E1700D5
S205000E1833A1
S205000E1909CA
S205000E1AA72B
S205000E1B00D1
S205000E1CEFE1
S205000E1D00CF
S205000E1EC00E
S205000E1F1FAE
S205000E20EFDD
S205000E2100CB
S205000E2200CA
S205000E231FAA
S205000E249335
S205000E2504C3
S205000E263591
S205000E2700C5
S205000E286361
S205000E2906BD
S205000E2A3A88
S205000E2B01C0
S205000E2C13AD
S205000E2D0AB5
S205000E2E10AE
S205000E2F00BD
S205000E306F4D
S205000E31F0CB
S205000E32DFDB
S205000E33FBBE
S205000E343781
S205000E3505B2
S205000E3610A6
S205000E3700B5
S205000E389321
S205000E3905AE
S205000E3A2092
S205000E3B00B1
S205000E3C139D
S205000E3D05AA
S205000E3EC5E9
S205000E3F1499
S205000E40EFBD
S205000E41109B
S205000E4200AA
S205000E434267
S205000E449315
S205000E4505A2
S205000E4601A5
S205000E4704A1
S205000E481391
S205000E49059E
S205000E4A8121
S205000E4B00A1
S205000E4C138D
S205000E4D0699
S205000E4E207E
S205000E4F009D
S205000E50EFAD
S205000E51F0AB
S205000E52DFBB
S205000E53CCCD
S205000E549305
S205000E555542
S205000E56F99D
S205000E574154
S205000E589301
S205000E59F59E
S205000E5A751D
S205000E5B0091
S205000E5C335D
S205000E5D840B
S205000E5E8509
S205000E5F008D
S205000E60B3D9
S205000E613556
S205000E62B4D6
S205000E630089
S205000E64B3D5
S205000E658502
S205000E662561
S205000E670184
S205000E6893F1
S205000E6997EC
S205000E6AD5AD
S205000E6B0180
S205000E6C136D
S205000E6D542B
S205000E6E344A
S205000E6F007D
S205000E703349
S205000E71E497
S205000E7287F3
S205000E730079
S205000E741365
S205000E750671
S205000E7681F5
S205000E770174
S205000E781361
S205000E79056E
S205000E7A046E
S205000E7B0071
S205000E7C93DD
S205000E7DD59A
S205000E7E3539
S205000E7F402D
S205000E80EF7D
S205000E81105B
S205000E82006A
S205000E835118
S205000E843731
S205000E850562
S205000E861056
S205000E870065
S205000E8893D1
S205000E89055E
S205000E8A81E1
S205000E8B0160
S205000E8C134D
S205000E8D0659
S205000E8E203E
S205000E8F005D
S205000E901349
S205000E910556
S205000E924515
S205000E931544
S205000E94EF69
S205000E951047
S205000E96C096
S205000E973C19
S205000E9893C1
S205000E9955FE
S205000E9AF45E
S205000E9B0150
S205000E9CB39D
S205000E9D85CA
S205000E9E85C9
S205000E9F004D
S205000EA01339
S205000EA10645
S205000EA281C9
S205000EA30148
S205000EA41335
S205000EA5D572
S205000EA61531
S205000EA74005
S205000EA893B1
S205000EA9D56E
S205000EAAF54D
S205000EAB4100
S205000EACEF51
S205000EAD102F
S205000EAE40FE
S205000EAF4EEF
S205000EB03705
S205000EB10536
S205000EB2102A
S205000EB30039
S205000EB493A5
S205000EB50532
S205000EB681B5
S205000EB70134
S205000EB81321
S205000EB9052E
S205000EBA052D
S205000EBB1918
S205000EBCEF41
S205000EBD101F
S205000EBE40EE
S205000EBF3AF3
S205000EC0EF3D
S205000EC1002B
S205000EC280AA
S205000EC33FEA
S205000EC483A5
S205000EC52007
S205000EC6C165
S205000EC70C19
S205000EC80321
S205000EC924FF
S205000ECA81A1
S205000ECB0C15
S205000ECC839D
S205000ECD24FB
S205000ECE41DD
S205000ECF0C11
S205000ED00319
S205000ED129F2
S205000ED20119
S205000ED30C0D
S205000ED48395
S205000ED529EE
S205000ED6C155
S205000ED70B0A
S205000ED80311
S205000ED92AE9
S205000EDA8191
S205000EDB0B06
S205000EDC13FD
S205000EDD050A
S205000EDE000E
S205000EDF000D
S205000EE013F9
S205000EE1010A
S205000EE20109
S205000EE30DFC
S205000EE467A1
S205000EE58087
S205000EE60006
S205000EE70005
S205000EE8B74D
S205000EE907FC
S205000EEA10F2
S205000EEB0001
S205000EEC37C9
S205000EED0FF0
S205000EEE10EE
S205000EEF00FD
S205000EF08379
S205000EF1AE4D
S205000EF207F3
S205000EF359A0
S205000EF403F5
S205000EF523D4
S205000EF68F67
S205000EF7599C
S205000EF89361
S205000EF908EB
S205000EFA00F2
S205000EFB10E1
S205000EFC935D
S205000EFDD817
S205000EFE18D6
S205000EFF00ED
S205000F0037B4
S205000F012EBC
S205000F0210D9
S205000F0300E8
S205000F049354
S205000F0507DF
S205000F0610D5
S205000F0700E4
S205000F089350
S205000F098F53
S205000F0A8859
S205000F0BFFE1
S205000F0C23BC
S205000F0DA03E
S205000F0EFEDF
S205000F0F00DC
S205000F109348
S205000F1105D5
S205000F1213C6
S205000F1300D8
S205000F149344
S205000F15884E
S205000F16785D
S205000F17FFD5
S205000F1813C0
S205000F1906CC
S205000F1A0EC3
S205000F1BB020
S205000F1C03CC
S205000F1D4886
S205000F1E4687
S205000F1F00CC
S205000F208348
S205000F214684
S205000F225673
S205000F2300C8
S205000F2403C4
S205000F25477F
S205000F26665F
S205000F2700C4
S205000F288340
S205000F29477B
S205000F2A764B
S205000F2B00C0
S205000F2C932C
S205000F2D9628
S205000F2E8637
S205000F2F00BC
S205000F30B308
S205000F31E6D4
S205000F3206B3
S205000F3301B7
S205000F3413A4
S205000F35179F
S205000F3607AE
S205000F3701B3
S205000F383380
S205000F39674B
S205000F3AD7DA
S205000F3B00B0
S205000F3C931C
S205000F3D9717
S205000F3E8726
S205000F3F01AB
S205000F40B3F8
S205000F41E7C3
S205000F42E7C2
S205000F4300A8
S205000F44E3C4
S205000F458C1A
S205000F46B7EE
S205000F47FCA8
S205000F486340
S205000F49148E
S205000F4A138E
S205000F4B019F
S205000F4CE3BC
S205000F4D8816
S205000F4E0796
S205000F4FFCA0
S205000F50B7E4
S205000F512773
S205000F521089
S205000F530098
S205000F549304
S205000F55870F
S205000F56870E
S205000F57B0E4
S205000F583360
S205000F59038F
S205000F5AF39E
S205000F5B0090
S205000F5C236C
S205000F5D2C62
S205000F5EBFCE
S205000F5F5834
S205000F602368
S205000F61008A
S205000F62A3E6
S205000F630088
S205000F646324
S205000F6596F0
S205000F66F590
S205000F670183
S205000F682360
S205000F692C56
S205000F6A0F72
S205000F6B5828
S205000F6C93EC
S205000F6D0579
S205000F6E007D
S205000F6F007C
S205000F7093E8
S205000F71F783
S205000F72F584
S205000F730F69
S205000F741364
S205000F75D79F
S205000F7685F0
S205000F770074
S205000F7883F0
S205000F79462C
S205000F7A0E63
S205000F7BB0C0
S205000F7C135C
S205000F7D77F7
S205000F7EF776
S205000F7F0F5D
S205000F802348
S205000F81006A
S205000F82FE6B
S205000F83B0B8
S205000F8493D4
S205000F85D78F
S205000F860560
S205000F870163
S205000F8883E0
S205000F89461C
S205000F8A1E43
S205000F8BB0B0
S205000F8C93CC
S205000F8DF767
S205000F8EF766
S205000F8F0F4D
S205000F90A3B8
S205000F91005A
S205000F92EE6B
S205000F93B0A8
S205000F940354
S205000F95470F
S205000F962E27
S205000F97B0A4
S205000F9893C0
S205000F99D57D
S205000F9A85CC
S205000F9B014F
S205000F9C232C
S205000F9D014D
S205000F9EFE4F
S205000F9FB09C
S205000FA083C8
S205000FA14703
S205000FA23E0B
S205000FA3B098
S205000FA4A3A4
S205000FA50145
S205000FA6BE87
S205000FA7B094
S205000FA82320
S205000FA9A0A2
S205000FAA0E33
S205000FAB0040
S205000FAC67D8
S205000FAD80BE
S205000FAE003D
S205000FAF003C
S205000FB03704
S205000FB10634
S205000FB21029
S205000FB30038
S205000FB493A4
S205000FB5072F
S205000FB60035
S205000FB71024
S205000FB837FC
S205000FB9270B
S205000FBA1021
S205000FBB0030
S205000FBC83AC
S205000FBD2608
S205000FBE46E7
S205000FBF59D3
S205000FC09398
S205000FC1D753
S205000FC21712
S205000FC30028
S205000FC41314
S205000FC5071F
S205000FC6071E
S205000FC7B074
S205000FC89390
S205000FC9859D
S205000FCA879A
S205000FCBFF21
S205000FCCB36C
S205000FCD8797
S205000FCEE736
S205000FCF001C
S205000FD00318
S205000FD1A773
S205000FD247D2
S205000FD30018
S205000FD4E334
S205000FD50E08
S205000FD6D73E
S205000FD7FE16
S205000FD81300
S205000FD9878B
S205000FDA868B
S205000FDB0010
S205000FDC33DC
S205000FDD8787
S205000FDEE726
S205000FDF000C
S205000FE00308
S205000FE145C5
S205000FE20702
S205000FE30008
S205000FE49374
S205000FE58680
S205000FE616EF
S205000FE70004
S205000FE823E0
S205000FE92AD8
S205000FEAD62B
S205000FEB58A8
S205000FEC13EC
S205000FED7589
S205000FEEF508
S205000FEF0FED
S205000FF06398
S205000FF19664
S205000FF2B643
S205000FF300F8
S205000FF423D4
S205000FF52ACC
S205000FF606EF
S205000FF7589C
S205000FF89360
S205000FF906EC
S205000FFA00F1
S205000FFB00F0
S205000FFC23CC
S205000FFDA04E
S205000FFED716
S205000FFF00EC
S2050010006783
S2050010018069
S20500100200E8
S20500100300E7
S2050010049353
S20500100507DE
S20500100610D4
S20500100700E3
S205001008736F
S2050010099051
S20500100A07D9
S20500100BCC13
S20500100C6777
S20500100D805D
S20500100E00DC
S20500100F00DB
S2050010107367
S20500101125B4
S20500101200D8
S205001013785F
S205001014676F
S2050010158055
S20500101600D4
S20500101700D3
S205001018676B
S2050010198051
S20500101A00D0
S20500101B00CF
S20500101C03CB
S20500101D4786
S20500101E05C7
S20500101F00CB
S2050010209337
S20500102107C2
S205001022D0F8
S20500102302C5
S2050010246363
S20500102506BF
S205001026F7CD
S20500102706BD
S205001028932F
S20500102907BA
S20500102A10B0
S20500102B00BF
S20500102C932B
S20500102D05B8
S20500102E10AC
S20500102F00BB
S2050010306357
S20500103108B1
S20500103207B1
S20500103306B1
S205001034B303
S20500103506AF
S205001036F5BF
S20500103700B3
S205001038139F
S20500103906AB
S20500103A9020
S20500103B00AF
S20500103C139B
S20500103D05A8
S20500103E00AC
S20500103F00AB
S2050010406F3B
S20500104100A9
S20500104200A8
S20500104301A6
S20500104403A3
S205001045C7DE
S205001046F6AE
S205001047FFA4
S205001048336F
S205001049851C
S20500104AA7F9
S20500104B009F
S20500104C633B
S20500104D0E8F
S20500104E0795
S20500104F0497
S2050010509307
S2050010511782
S2050010522573
S2050010530097
S2050010541383
S205001055078E
S205001056078D
S205001057FD96
S205001058B3DF
S205001059870A
S20500105AA7E9
S20500105B008F
S20500105C137B
S20500105D7518
S20500105EF795
S20500105F0F7C
S20500106093F7
S2050010618603
S2050010621672
S2050010630087
S20500106493F3
S20500106597EE
S205001066176D
S2050010670083
S205001068E39F
S2050010697E03
S20500106AA6DA
S20500106BFC83
S20500106C3747
S20500106D0578
S20500106E106C
S20500106F007B
S2050010701367
S2050010710178
S2050010720177
S205001073FF78
S2050010741363
S2050010750570
S205001076C5AF
S2050010771E55
S205001078234F
S205001079264B
S20500107A115F
S20500107B006F
S20500107CEF7F
S20500107D105D
S20500107E402C
S20500107F1E4D
S20500108083E7
S2050010812049
S205001082C1A7
S2050010830067
S2050010841353
S2050010850560
S2050010860064
S2050010870063
S205001088134F
S2050010890160
S20500108A015F
S20500108B015E
S20500108C67F7
S20500108D80DD
S20500108E005C
S20500108F005B
S2050010900357
S2050010914712
S2050010921543
S2050010930057
S20500109493C3
S205001095074E
S2050010962034
S2050010970053
S20500109893BF
S205001099054C
S20500109A0050
S20500109B004F
S20500109CE36B
S20500109D1C31
S20500109E0745
S20500109FF853
S2050010A01337
S2050010A10544
S2050010A20048
S2050010A30047
S2050010A467DF
S2050010A580C5
S2050010A60044
S2050010A70043
S2050010A8E35F
S2050010A99EA3
S2050010AA053B
S2050010ABFE41
S2050010AC330B
S2050010AD0538
S2050010AEA09C
S2050010AF40FB
S2050010B067D3
S2050010B180B9
S2050010B20038
S2050010B30037
S2050010B493A3
S2050010B50530
S2050010B6052F
S2050010B70033
S2050010B837FB
S2050010B9052C
S2050010BA1020
S2050010BB002F
S2050010BC131B
S2050010BD012C
S2050010BE012B
S2050010BFFF2C
S2050010C01317
S2050010C10623
S2050010C22008
S2050010C30720
S2050010C41313
S2050010C50520
S2050010C645DF
S2050010C72201
S2050010C823FF
S2050010C926FB
S2050010CA110F
S2050010CB001F
S2050010CCEF2F
S2050010CD100D
S2050010CE40DC
S2050010CF1902
S2050010D0EF2B
S2050010D1F029
S2050010D21FF9
S2050010D3EE29
S2050010D48393
S2050010D520F5
S2050010D6C153
S2050010D70013
S2050010D813FF
S2050010D90110
S2050010DA010F
S2050010DB010E
S2050010DC67A7
S2050010DD808D
S2050010DE000C
S2050010DF000B
S2050010E09377
S2050010E10504
S2050010E20503
S2050010E30007
S2050010E437CF
S2050010E50500
S2050010E610F4
S2050010E70003
S2050010E813EF
S2050010E90100
S2050010EA01FF
S2050010EBFF00
S2050010EC13EB
S2050010ED05F8
S2050010EE45B7
S2050010EF24D7
S2050010F023D7
S2050010F126D3
S2050010F211E7
S2050010F300F7
S2050010F4EF07
S2050010F510E5
S2050010F6C034
S2050010F716DD
S2050010F8EF03
S2050010F9F001
S2050010FA9F51
S2050010FBEB04
S2050010FC836B
S2050010FD20CD
S2050010FEC12B
S2050010FF00EB
S20500110013D6
S20500110105E3
S20500110210D7
S20500110300E6
S20500110413D2
S20500110501E3
S20500110601E2
S20500110701E1
S205001108677A
S2050011098060
S20500110A00DF
S20500110B00DE
S20500110C13CA
S20500110D01DB
S20500110E01DA
S20500110FFFDB
S2050011109346
S20500111107D1
S20500111205D2
S20500111300D6
S205001114379E
S20500111505CF
S20500111610C3
S20500111700D2
S20500111823AE
S20500111924AC
S20500111A814E
S20500111B00CE
S20500111C13BA
S20500111D05C7
S20500111E4586
S20500111F27A3
S20500112013B6
S2050011218444
S20500112205C2
S20500112300C6
S2050011249332
S205001125853F
S20500112607BC
S20500112700C2
S205001128239E
S205001129229E
S20500112A912E
S20500112B00BE
S20500112C239A
S20500112D2696
S20500112E11AA
S20500112F00BA
S2050011309326
S20500113104B4
S205001132F0C7
S2050011330FA7
S205001134EFC6
S20500113510A4
S205001136C0F3
S20500113712A0
S205001138238E
S20500113900B0
S20500113A04AB
S20500113B00AE
S20500113C6F3E
S20500113D00AC
S20500113E00AB
S20500113F01A9
S2050011402386
S20500114100A8
S205001142A403
S20500114300A6
S2050011441392
S20500114504A0
S205001146148F
S20500114700A2
S205001148633E
S205001149029E
S20500114A059A
S20500114B029C
S20500114CEFAE
S20500114DF0AC
S20500114E5F3C
S20500114FE6B4
S205001150E3B6
S2050011511880
S2050011529502
S205001153FE98
S2050011548312
S2050011552074
S205001156C1D2
S2050011570092
S205001158038E
S205001159246C
S20500115A810E
S20500115B008E
S20500115C830A
S20500115D2468
S20500115E414A
S20500115F008A
S2050011601376
S2050011610583
S2050011620087
S2050011630086
S2050011641372
S2050011650183
S2050011660182
S2050011670181
S205001168671A
S2050011698000
S20500116A007F
S20500116B007E
S20500116C83FA
S20500116D205C
S20500116EC1BA
S20500116F007A
S2050011700376
S2050011712454
S20500117281F6
S2050011730076
S20500117483F2
S2050011752450
S2050011764132
S2050011770072
S205001178135E
S205001179056B
S20500117A105F
S20500117B006E
S20500117C135A
S20500117D016B
S20500117E016A
S20500117F0169
S2050011806702
S20500118180E8
S2050011820067
S2050011830066
S20500118493D2
S205001185065E
S205001186065D
S2050011870062
S205001188134E
S20500118986DA
S20500118A055A
S20500118B005E
S20500118C93CA
S20500118D0557
S20500118E0556
S20500118F005A
S2050011903722
S2050011910553
S2050011921047
S2050011930056
S2050011941342
S205001195054F
S205001196450E
S2050011972A28
S2050011986FE2
S2050011991040
S20500119A80CF
S20500119B0C42
S20500119C3716
S20500119D0547
S20500119E103B
S20500119F004A
S2050011A01336
S2050011A10147
S2050011A20146
S2050011A3FE48
S2050011A41332
S2050011A5053F
S2050011A6C57E
S2050011A72C16
S2050011A8231E
S2050011A92C14
S2050011AA81BE
S2050011AB003E
S2050011AC231A
S2050011AD2A12
S2050011AE91AA
S2050011AF003A
S2050011B02316
S2050011B12810
S2050011B22116
S2050011B30135
S2050011B42312
S2050011B52E06
S2050011B61122
S2050011B70032
S2050011B8939E
S2050011B9042C
S2050011BA41EE
S2050011BB002E
S2050011BCEF3E
S2050011BD101C
S2050011BE40EB
S2050011BF0A20
S2050011C01316
S2050011C10424
S2050011C20027
S2050011C30026
S2050011C41312
S2050011C5091B
S2050011C6F033
S2050011C70F13
S2050011C86FB2
S2050011C90020
S2050011CA809F
S2050011CB001E
S2050011CC130A
S2050011CD0418
S2050011CE1407
S2050011CF001A
S2050011D0EF2A
S2050011D1F028
S2050011D21FF8
S2050011D3DE38
S2050011D423F2
S2050011D58094
S2050011D6A46F
S2050011D70012
S2050011D8937E
S2050011D9848C
S2050011DA14FB
S2050011DB000E
S2050011DCE32A
S2050011DD18F4
S2050011DE25E6
S2050011DFFF0B
S2050011E063A6
S2050011E110F8
S2050011E20403
S2050011E30204
S2050011E48382
S2050011E520E4
S2050011E6C142
S2050011E70101
S2050011E813EE
S2050011E905FB
S2050011EA04FB
S2050011EB00FE
S2050011EC03FA
S2050011ED24D8
S2050011EE817A
S2050011EF01F9
S2050011F08376
S2050011F124D4
S2050011F241B6
S2050011F301F5
S2050011F403F2
S2050011F529CB
S2050011F601F2
S2050011F701F1
S2050011F813DE
S2050011F901EF
S2050011FA01EE
S2050011FB02EC
S2050011FC6786
S2050011FD806C
S2050011FE00EB
S2050011FF00EA
S2050012009355
S20500120107E0
S20500120204E2
S20500120301E4
S20500120433B1
S205001205845F
S20500120627BB
S20500120700E1
S20500120823BD
S2050012090AD5
S20500120A04DA
S20500120BFEDF
S20500120C03D9
S20500120D4794
S20500120E4199
S20500120F00D9
S2050012106375
S20500121106D1
S20500121207CF
S20500121306CF
S20500121413C1
S20500121506CD
S2050012165181
S20500121700D1
S20500121813BD
S20500121904CB
S20500121A00CE
S20500121B00CD
S20500121C13B9
S20500121D05C6
S20500121E903A
S20500121F00C9
S20500122013B5
S20500122108BF
S2050012225076
S20500122300C5
S2050012246F55
S20500122500C3
S205001226C002
S20500122701C0
S205001228932D
S2050012297748
S20500122AF7C7
S20500122B0FAE
S20500122C03B9
S20500122D4774
S20500122E06B4
S20500122F00B9
S20500123013A5
S20500123114A3
S2050012324472
S20500123300B5
S20500123413A1
S20500123506AD
S205001236169C
S20500123700B1
S205001238337D
S205001239842B
S20500123A8727
S20500123B00AD
S20500123CE3C9
S20500123D04A7
S20500123E07A3
S20500123FFAAF
S2050012409315
S20500124107A0
S205001242079F
S205001243FDA8
S2050012449311
S205001245069D
S205001246F7AB
S205001247FBA6
S205001248930D
S205001249F7A8
S20500124AF7A7
S20500124B0F8E
S20500124C9309
S20500124DF6A5
S20500124EF6A4
S20500124F0F8A
S205001250E3B5
S2050012517E19
S205001252F5A1
S205001253FC99
S2050012549301
S205001255058E
S205001256F79B
S205001257F998
S20500125893FD
S2050012590788
S20500125A97F7
S20500125BFC91
S20500125C93F9
S20500125DF596
S20500125EF595
S20500125F0F7A
S2050012601375
S2050012610780
S20500126297EF
S205001263FA8B
S20500126493F1
S205001265F78C
S205001266F78B
S2050012670F72
S205001268E39D
S205001269720D
S20500126AD8A6
S20500126BFC81
S20500126CE399
S20500126D7EFD
S20500126EB8C2
S20500126FFA7F
S2050012703741
S2050012710572
S2050012721066
S2050012730075
S2050012741361
S205001275056E
S205001276056D
S2050012771C55
S205001278EF81
S205001279006F
S20500127A90DE
S20500127B7EEF
S20500127C1359
S20500127D0467
S20500127E006A
S20500127F0069
S2050012806FF9
S205001281F077
S2050012825F07
S205001283F66F
S20500128493D1
S205001285055E
S205001286055D
S2050012870061
S2050012883729
S205001289055A
S20500128A104E
S20500128B005D
S20500128C1349
S20500128D0556
S20500128EC595
S20500128F2E2B
S2050012906FE9
S2050012910057
S2050012921046
S2050012937DD8
S205001294371D
S205001295054E
S2050012961042
S2050012970051
S205001298133D
S205001299014E
S20500129A014D
S20500129BFF4E
S20500129C1339
S20500129D0546
S20500129E4505
S20500129F3019
S2050012A02325
S2050012A12621
S2050012A21135
S2050012A30045
S2050012A4EF55
S2050012A50043
S2050012A6D072
S2050012A77BC6
S2050012A8EF51
S2050012A9F04F
S2050012AA9F9F
S2050012ABD06D
S2050012AC83B9
S2050012AD201B
S2050012AEC179
S2050012AF0039
S2050012B01325
S2050012B10136
S2050012B20135
S2050012B30134
S2050012B467CD
S2050012B580B3
S2050012B60032
S2050012B70031
S2050012B837F9
S2050012B9052A
S2050012BA101E
S2050012BB002D
S2050012BC1319
S2050012BD012A
S2050012BE0129
S2050012BFFF2A
S2050012C01315
S2050012C10522
S2050012C20521
S2050012C332F3
S2050012C42301
S2050012C526FD
S2050012C61111
S2050012C70021
S2050012C8EF31
S2050012C9001F
S2050012CA908E
S2050012CB79A4
S2050012CC8399
S2050012CD20FB
S2050012CEC159
S2050012CF0019
S2050012D01305
S2050012D10116
S2050012D20115
S2050012D30114
S2050012D46FA5
S2050012D5F023
S2050012D6DF33
S2050012D7CD44
S2050012D813FD
S2050012D9010E
S2050012DA010D
S2050012DBF617
S2050012DC23E9
S2050012DD2CDF
S2050012DE8189
S2050012DF0801
S2050012E023E5
S2050012E12ADD
S2050012E29175
S2050012E308FD
S2050012E423E1
S2050012E528DB
S2050012E621E1
S2050012E709F8
S2050012E823DD
S2050012E926D9
S2050012EA31CD
S2050012EB09F4
S2050012EC23D9
S2050012ED20DB
S2050012EE6199
S2050012EF09F0
S2050012F023D5
S2050012F12EC9
S2050012F211E5
S2050012F308ED
S2050012F423D1
S2050012F524CF
S2050012F641B1
S2050012F709E8
S2050012F823CD
S2050012F922CD
S2050012FA519D
S2050012FB09E4
S2050012FC23C9
S2050012FD2EBD
S2050012FE7179
S2050012FF07E2
S20500130023C4
S2050013012CBA
S2050013028164
S20500130307DD
S20500130423C0
S20500130528BA
S205001306A140
S20500130707D9
S20500130823BC
S20500130926B8
S20500130AB12C
S20500130B07D5
S20500130C13C8
S20500130DF8E2
S20500130E07D2
S20500130F04D4
S20500131013C4
S20500131104D2
S20500131205D0
S20500131300D4
S2050013149340
S2050013158949
S20500131605CC
S20500131700D0
S205001318933C
S20500131904CA
S20500131A06C7
S20500131B00CC
S20500131C13B8
S20500131D8941
S20500131E06C3
S20500131F00C8
S20500132013B4
S2050013210BBB
S20500132207BE
S20500132300C4
S2050013246360
S20500132510B2
S20500132608B9
S2050013271CA4
S205001328B708
S2050013290AB4
S20500132A10AD
S20500132B00BC
S20500132C9328
S20500132D8A30
S20500132E4A6F
S20500132F3385
S20500133013A4
S205001331FCBA
S20500133207AE
S20500133301B3
S2050013346350
S20500133504AE
S2050013360CA5
S2050013371898
S205001338139C
S20500133907A7
S20500133A00AD
S20500133B01AB
S20500133C2388
S20500133D2288
S20500133EE1C8
S20500133F00A8
S2050013401394
S205001341079F
S20500134200A5
S20500134302A2
S2050013449310
S205001345F7AB
S205001346E7BA
S205001347FFA1
S205001348237C
S2050013492678
S20500134AE1BC
S20500134B009C
S20500134C1388
S20500134DF7A3
S20500134E2772
S20500134F0098
S2050013509304
S205001351FB9B
S205001352078E
S2050013530292
S2050013546330
S2050013550E84
S205001356078A
S2050013571878
S205001358632C
S205001359CAC4
S20500135A0984
S20500135B206C
S20500135C1378
S20500135DF793
S20500135E4742
S20500135F0088
S2050013606324
S2050013611274
S205001362077E
S2050013631E66
S20500136493F0
S205001365F78B
S20500136687FA
S2050013670080
S205001368235C
S205001369245A
S20500136A017C
S20500136B007C
S20500136C6318
S20500136D88F2
S20500136E0772
S20500136F0078
S20500137093E4
S205001371076F
S2050013720075
S2050013730272
S2050013741360
S2050013750969
S205001376F978
S205001377FF71
S205001378234C
S205001379244A
S20500137AF17C
S20500137B006C
S20500137C6308
S20500137D8EDC
S20500137E0B5E
S20500137F0068
S20500138093D4
S205001381075F
S2050013820065
S2050013830163
S2050013846300
S20500138582E0
S205001386F46D
S2050013872040
S20500138893CC
S20500138987D7
S20500138A84D9
S20500138BFF5D
S20500138C93C8
S20500138DB7A3
S20500138E1742
S20500138F0058
S20500139093C4
S2050013910B4B
S2050013920055
S2050013930252
S2050013943320
S2050013950949
S205001396F958
S2050013974010
S20500139863EC
S20500139990BE
S20500139A0944
S20500139B1636
S20500139C93B8
S20500139D0743
S20500139E0049
S20500139F0345
S2050013A02324
S2050013A10E38
S2050013A2F154
S2050013A30044
S2050013A41330
S2050013A50D35
S2050013A61031
S2050013A70040
S2050013A893AC
S2050013A90D31
S2050013AAC17C
S2050013AB013B
S2050013AC1328
S2050013AD0A30
S2050013AE0D2C
S2050013AF0038
S2050013B063D4
S2050013B154E2
S2050013B26DC8
S2050013B30133
S2050013B41320
S2050013B50A28
S2050013B60B26
S2050013B70030
S2050013B883AC
S2050013B92707
S2050013BA41EC
S2050013BB002C
S2050013BC33F8
S2050013BD0921
S2050013BE49E0
S2050013BF41E7
S2050013C063C4
S2050013C19096
S2050013C2071E
S2050013C30222
S2050013C463C0
S2050013C55AC8
S2050013C62001
S2050013C71F01
S2050013C8130C
S2050013C90618
S2050013CA0914
S2050013CB001C
S2050013CC1308
S2050013CD0515
S2050013CE0415
S2050013CF0018
S2050013D09384
S2050013D10511
S2050013D20015
S2050013D30212
S2050013D433E0
S2050013D5040E
S2050013D624ED
S2050013D7010F
S2050013D8EF20
S2050013D9E02E
S2050013DA1FEE
S2050013DBEB21
S2050013DC13F8
S2050013DD0901
S2050013DEF019
S2050013DFFF09
S2050013E08384
S2050013E127DF
S2050013E28184
S2050013E30004
S2050013E463A0
S2050013E5867C
S2050013E607FA
S2050013E70000
S2050013E823DC
S2050013E900FE
S2050013EAF409
S2050013EB00FC
S2050013EC13E8
S2050013ED04F6
S2050013EE14E5
S2050013EF00F8
S2050013F06394
S2050013F18A6C
S2050013F20BEA
S2050013F300F4
S2050013F413E0
S2050013F507EB
S2050013F68071
S2050013F700F0
S2050013F8638C
S2050013F98E60
S2050013FAE409
S2050013FB18D4
S2050013FC13D8
S2050013FD07E3
S2050013FE00E9
S2050013FF01E7
S2050014006383
S2050014018A5B
S205001402E400
S20500140314CF
S205001404637F
S20500140510D1
S2050014060CD4
S20500140702DD
S205001408637B
S2050014095489
S20500140A20BC
S20500140B1BC0
S20500140C8357
S20500140D25B4
S20500140EC117
S20500140F00D7
S20500141013C3
S20500141106CF
S20500141209CB
S20500141300D3
S20500141413BF
S20500141505CC
S20500141604CC
S20500141700CF
S205001418EFDF
S205001419E0ED
S20500141A1FAD
S20500141BE7E4
S20500141C3397
S20500141D04C5
S20500141E24A4
S20500141F01C6
S20500142013B3
S20500142109BC
S205001422F0D4
S205001423FFC4
S205001424635F
S2050014255E63
S2050014264D73
S20500142701BE
S205001428338B
S2050014290AB3
S20500142AAA12
S20500142B417A
S20500142C13A7
S20500142D05B4
S20500142E04B4
S20500142F00B7
S20500143013A3
S20500143106AF
S2050014320AAA
S20500143300B3
S205001434931F
S20500143505AC
S20500143600B0
S20500143703AC
S205001438EFBF
S205001439E0CD
S20500143A1F8D
S20500143BE5C6
S20500143C3377
S20500143D04A5
S20500143E4464
S20500143F01A6
S205001440B3F3
S205001441871E
S2050014423D67
S20500144301A2
S205001444138F
S205001445079A
S205001446049C
S205001447009F
S205001448039B
S205001449C6D7
S20500144A0795
S20500144B009B
S20500144C9307
S20500144D8613
S20500144E0791
S20500144F0097
S2050014501383
S205001451078E
S205001452177D
S2050014530093
S205001454A3EF
S2050014550F82
S205001456C7C9
S205001457FE91
S20500145893FB
S2050014598706
S20500145AF795
S20500145BFF8C
S20500145CE3A7
S20500145D96F3
S20500145EDDAB
S20500145FFE89
S20500146093F3
S20500146189FC
S205001462196B
S2050014630083
S205001464334F
S205001465047D
S205001466344C
S205001467017E
S205001468631B
S2050014695C21
S20500146A205C
S20500146B017A
S20500146C1367
S20500146D0574
S20500146E0474
S20500146F0077
S2050014701363
S205001471066F
S205001472096B
S2050014730073
S20500147493DF
S205001475056C
S2050014760070
S205001477026D
S205001478EF7F
S205001479E08D
S20500147A1F4D
S20500147BE18A
S20500147C3337
S20500147D0465
S20500147E2444
S20500147F0166
S20500148083E3
S2050014812045
S205001482C1A3
S205001483095A
S205001484134F
S205001485055C
S205001486045C
S205001487005F
S205001488035B
S2050014892439
S20500148A81DB
S20500148B0952
S20500148C83D7
S20500148D2435
S20500148E4117
S20500148F094E
S2050014900353
S205001491292C
S2050014920153
S205001493094A
S20500149483CF
S2050014952928
S205001496C18F
S2050014970847
S205001498034B
S2050014992A23
S20500149A81CB
S20500149B0843
S20500149C83C7
S20500149D2A1F
S20500149E4107
S20500149F083F
S2050014A00343
S2050014A12B1A
S2050014A20143
S2050014A3083B
S2050014A483BF
S2050014A52B16
S2050014A6C17F
S2050014A70738
S2050014A8033B
S2050014A92C11
S2050014AA81BB
S2050014AB0734
S2050014AC0337
S2050014AD2D0C
S2050014AE0137
S2050014AF0730
S2050014B083B3
S2050014B12D08
S2050014B2C173
S2050014B3062D
S2050014B4131F
S2050014B50130
S2050014B6012F
S2050014B70A25
S2050014B867C7
S2050014B980AD
S2050014BA002C
S2050014BB002B
S2050014BC9397
S2050014BDF633
S2050014BE1711
S2050014BF0126
S2050014C01313
S2050014C1F72E
S2050014C2170D
S2050014C30023
S2050014C423FF
S2050014C522FF
S2050014C6D14F
S2050014C7001F
S2050014C863BB
S2050014C90C11
S2050014CA0715
S2050014CB0E0D
S2050014CC1307
S2050014CD0712
S2050014CE0018
S2050014CF0314
S2050014D023F3
S2050014D126EF
S2050014D2E133
S2050014D30013
S2050014D413FF
S2050014D5F71A
S2050014D627E9
S2050014D7000F
S2050014D8937B
S2050014D9FB12
S2050014DA0705
S2050014DB0209
S2050014DC63A7
S2050014DD0AFF
S2050014DE0701
S2050014DF0007
S2050014E06F97
S2050014E1F015
S2050014E29F65
S2050014E3E71C
S2050014E4B74B
S2050014E50AF7
S2050014E610F0
S2050014E700FF
S2050014E8936B
S2050014E98A73
S2050014EACA32
S2050014EB35C6
S2050014EC6F8B
S2050014EDF009
S2050014EE5F99
S2050014EFE413
S2050014F023D3
S2050014F124D1
S2050014F201F3
S2050014F300F3
S2050014F46F83
S2050014F5F001
S2050014F69F51
S2050014F7E807
S2050014F823CB
S2050014F92AC3
S2050014FA915B
S2050014FB07E4
S2050014FC13D7
S2050014FD8564
S2050014FE09DF
S2050014FF00E7
S20500150013D2
S2050015010DD7
S20500150200E3
S20500150300E2
S205001504934E
S2050015050DD3
S205001506C11E
S20500150701DD
S205001508934A
S2050015098557
S20500150A04D7
S20500150B00DA
S20500150C13C6
S20500150D0ACE
S20500150E05D2
S20500150F00D6
S205001510EFE6
S205001511E0F4
S2050015121FB4
S205001513C80A
S205001514339E
S205001515854B
S205001516AA25
S20500151700CE
S205001518834A
S2050015194686
S20500151A05C6
S20500151B00CA
S20500151C9336
S20500151D09BF
S20500151E0DBA
S20500151F00C6
S20500152013B2
S2050015210DB7
S2050015221DA6
S20500152300C2
S205001524B30E
S2050015258C34
S205001526AD12
S20500152701BD
S205001528932A
S2050015298537
S20500152A04B7
S20500152B00BA
S20500152C13A6
S20500152D05B3
S20500152E0AAD
S20500152F00B6
S205001530A312
S2050015318F25
S205001532DCD7
S205001533FEB4
S205001534EFC2
S205001535E0D0
S2050015365F50
S205001537C1ED
S205001538E3CA
S2050015397834
S20500153A9A11
S20500153BFCAE
S20500153C8326
S20500153D2C7C
S20500153E4166
S20500153F079F
S2050015406F36
S205001541F0B4
S205001542DFC4
S205001543E6BC
S205001544930E
S2050015450799
S205001546B0EF
S205001547029C
S205001548138A
S2050015490993
S20500154AF9A2
S20500154BFF9B
S20500154C2376
S20500154D2474
S20500154EF1A6
S20500154F0096
S2050015506F26
S205001551F0A4
S205001552DFB4
S205001553E2B0
S205001554137E
S2050015550789
S205001556008F
S205001557038B
S205001558236A
S205001559008C
S20500155AE4A7
S20500155B008A
S20500155C1376
S20500155D0781
S20500155E8007
S20500155F077F
S205001560A3E2
S2050015610084
S205001562E49F
S2050015630082
S205001564136E
S205001565047C
S205001566245B
S205001567007E
S2050015686F0E
S205001569F08C
S20500156ADF9C
S20500156BE991
S20500156CB3C6
S20500156D096F
S20500156E3047
S20500156F4135
S2050015701362
S205001571096B
S205001572F97A
S205001573FF73
S205001574630E
S20500157598D8
S2050015760B64
S205001577026C
S20500157893DA
S2050015790765
S20500157AD09B
S20500157B0268
S20500157C2346
S20500157D2A3E
S20500157E91D6
S20500157F075F
S2050015802342
S2050015812440
S205001582F172
S2050015830062
S2050015846FF2
S205001585F070
S2050015869FC0
S205001587F767
S205001588134A
S2050015890953
S20500158AE972
S20500158BFF5B
S20500158C93C6
S20500158D0B4D
S20500158E0057
S20500158F0254
S2050015906FE6
S205001591F064
S2050015929FB4
S205001593E072
S205001594133E
S2050015950749
S205001596004F
S205001597034B
S205001598232A
S205001599004C
S20500159AE467
S20500159B004A
S20500159C1336
S20500159D0444
S20500159E1433
S20500159F0046
S2050015A06FD6
S2050015A1F054
S2050015A25FE4
S2050015A3E65C
S2050015A493AE
S2050015A50739
S2050015A6D06F
S2050015A7023C
S2050015A8231A
S2050015A92418
S2050015AAF14A
S2050015AB003A
S2050015AC6FCA
S2050015ADF048
S2050015AE5FD8
S2050015AFDD59
S2050015B01322
S2050015B1092B
S2050015B2F93A
S2050015B3FF33
S2050015B46FC2
S2050015B5F040
S2050015B61F10
S2050015B7E747
S2050015B8131A
S2050015B90923
S2050015BAF932
S2050015BBFF2B
S2050015BC6FBA
S2050015BDF038
S2050015BE5FC8
S2050015BFE244
S2050015C01312
S2050015C1071D
S2050015C20023
S2050015C30220
S2050015C423FE
S2050015C522FE
S2050015C6011E
S2050015C7001E
S2050015C823FA
S2050015C926F6
S2050015CAE13A
S2050015CB001A
S2050015CC6FAA
S2050015CDF028
S2050015CE1FF8
S2050015CFD83E
S2050015D01302
S2050015D10113
S2050015D20112
S2050015D3F919
S2050015D423EE
S2050015D526EA
S2050015D611FE
S2050015D70608
S2050015D823EA
S2050015D928E4
S2050015DA61AA
S2050015DB0505
S2050015DC8386
S2050015DDC741
S2050015DE0502
S2050015DF0006
S2050015E023E2
S2050015E124E0
S2050015E2A162
S2050015E30002
S2050015E4E31E
S2050015E5847C
S2050015E607F8
S2050015E71EE0
S2050015E823DA
S2050015E922DA
S2050015EA916A
S2050015EB05F5
S2050015ECB742
S2050015ED0CEC
S2050015EE10E7
S2050015EF00F6
S2050015F023D2
S2050015F124D0
S2050015F28172
S2050015F306EC
S2050015F423CE
S2050015F52EC2
S2050015F631BE
S2050015F705E9
S2050015F823CA
S2050015F92CC0
S2050015FA41AA
S2050015FB05E5
S2050015FC23C6
S2050015FD2ABE
S2050015FE5196
S2050015FF05E1
S20500160023C1
S20500160126BD
S2050016027171
S20500160305DC
S20500160423BD
S20500160524BB
S205001606815D
S20500160705D8
S20500160823B9
S20500160920BB
S20500160AA139
S20500160B05D4
S20500160C23B5
S20500160D22B5
S20500160E9145
S20500160F06CF
S20500161023B1
S20500161120B3
S20500161221B1
S20500161307CA
S20500161423AD
S2050016152EA1
S205001616B11D
S20500161703CA
S20500161813B9
S2050016198447
S20500161A05C5
S20500161B00C9
S20500161C13B5
S20500161D0CBB
S20500161E06C0
S20500161F00C5
S20500162013B1
S2050016210BB8
S20500162205BD
S20500162300C1
S20500162413AD
S2050016250DB2
S205001626506E
S20500162702BB
S2050016289329
S2050016290BB0
S20500162A00BA
S20500162B01B8
S20500162C9325
S20500162D8C2B
S20500162ECCEA
S20500162F387D
S2050016309321
S2050016310AA9
S2050016329022
S20500163300B1
S205001634139D
S2050016350AA5
S205001636E0CE
S20500163702AB
S2050016389319
S20500163909A2
S20500163AC0EA
S20500163B04A5
S20500163C6345
S20500163D8027
S20500163EA7FF
S20500163F079E
S2050016402381
S20500164100A3
S205001642FBA7
S20500164300A1
S205001644831D
S2050016454758
S205001646148A
S205001647009D
S2050016481389
S2050016490B90
S20500164A1B7F
S20500164B0099
S20500164C1385
S20500164D0493
S20500164E1482
S20500164F0095
S205001650E3B1
S20500165196FD
S205001652078B
S205001653FE93
S205001654038D
S205001655246B
S205001656810D
S2050016570687
S2050016588309
S2050016592467
S20500165A4149
S20500165B0683
S20500165C0385
S20500165D295E
S20500165E0185
S20500165F067F
S2050016608301
S205001661295A
S205001662C1C1
S205001663057C
S205001664037D
S2050016652A55
S20500166681FD
S2050016670578
S20500166883F9
S2050016692A51
S20500166A4139
S20500166B0574
S20500166C83F5
S20500166D2B4C
S20500166EC1B5
S20500166F0471
S2050016700371
S2050016712C47
S20500167281F1
S205001673046D
S20500167483ED
S2050016752C43
S205001676412D
S2050016770469
S2050016780369
S2050016792D3E
S20500167A0169
S20500167B0465
S20500167C83E5
S20500167D2D3A
S20500167EC1A5
S20500167F0362
S2050016802341
S2050016810063
S2050016820B57
S2050016830061
S20500168483DD
S2050016852738
S20500168681DD
S205001687005D
S20500168883D9
S205001689203B
S20500168AC199
S20500168B0653
S20500168C3325
S20500168D0552
S20500168EFB5B
S20500168F4015
S2050016900351
S2050016912B28
S2050016920151
S205001693054C
S205001694133D
S205001695014E
S205001696014D
S2050016970746
S20500169867E5
S20500169980CB
S20500169A004A
S20500169B0049
S20500169C93B5
S20500169D0740
S20500169E0046
S20500169F0045
S2050016A00341
S2050016A148FB
S2050016A2142E
S2050016A30041
S2050016A493AD
S2050016A5043B
S2050016A6142A
S2050016A7003D
S2050016A81329
S2050016A90734
S2050016AA0832
S2050016ABFE3B
S2050016AC1325
S2050016AD77C0
S2050016AEF73F
S2050016AF0F26
S2050016B063D1
S2050016B1EA49
S2050016B2EB47
S2050016B30031
S2050016B4131D
S2050016B51718
S2050016B62707
S2050016B7002D
S2050016B833F9
S2050016B90724
S2050016BA9793
S2050016BB0128
S2050016BC0325
S2050016BD2700
S2050016BE071F
S2050016BF0025
S2050016C067BD
S2050016C10023
S2050016C2071B
S2050016C30021
S2050016C4130D
S2050016C50718
S2050016C60816
S2050016C7FD20
S2050016C81309
S2050016C977A4
S2050016CAF723
S2050016CB0F0A
S2050016CC63B5
S2050016CDFC1B
S2050016CEEA2C
S2050016CF1005
S2050016D01301
S2050016D1070C
S2050016D2A072
S2050016D3020F
S2050016D4937D
S2050016D50D02
S2050016D6F01E
S2050016D7FF0E
S2050016D863A9
S2050016D9000B
S2050016DAE822
S2050016DB14F5
S2050016DC13F5
S2050016DD0700
S2050016DEF016
S2050016DFFF06
S2050016E063A1
S2050016E10CF7
S2050016E248BA
S2050016E30DF4
S2050016E4936D
S2050016E57689
S2050016E6F806
S2050016E70DF0
S2050016E86399
S2050016E98E6D
S2050016EA36C4
S2050016EB09F0
S2050016EC9365
S2050016ED06F1
S2050016EEF8FE
S2050016EFFBFA
S2050016F09361
S2050016F1F6FD
S2050016F2F6FC
S2050016F30FE2
S2050016F413DD
S2050016F506E9
S2050016F6707E
S2050016F703EA
S2050016F86389
S2050016F96C7F
S2050016FAD614
S2050016FB04E5
S2050016FC37B1
S2050016FD06E1
S2050016FE10D6
S2050016FF00E5
S2050017009350
S205001701964C
S20500170226BB
S20500170300E0
S20500170413CC
S20500170506D8
S20500170606D7
S2050017073D9F
S205001708B328
S2050017098654
S20500170AC613
S20500170B00D8
S20500170C8354
S20500170DA630
S20500170E06CF
S20500170F00D4
S205001710676C
S2050017118052
S20500171206CB
S20500171300D0
S205001714933C
S205001715E7E7
S20500171617B6
S20500171700CC
S20500171813B8
S2050017198446
S20500171A04C5
S20500171B00C8
S20500171C6F58
S20500171DF0D6
S20500171E5F66
S20500171FF8CC
S2050017209330
S205001721E7DB
S20500172207BA
S20500172301BF
S20500172413AC
S205001725843A
S20500172604B9
S20500172700BC
S2050017286F4C
S205001729F0CA
S20500172A9F1A
S20500172BF7C1
S20500172C9324
S20500172DE7CF
S20500172E476E
S20500172F00B4
S20500173013A0
S205001731842E
S20500173204AD
S20500173300B0
S2050017346F40
S205001735F0BE
S205001736DFCE
S205001737F6B6
S2050017389318
S205001739E7C3
S20500173A07A2
S20500173B02A6
S20500173C1394
S20500173D8422
S20500173E04A1
S20500173F00A4
S2050017406F34
S205001741F0B2
S2050017421F82
S205001743F6AA
S205001744930C
S205001745E7B7
S2050017468716
S205001747009C
S2050017481388
S2050017498416
S20500174A0495
S20500174B0098
S20500174C6F28
S20500174DF0A6
S20500174E5F36
S20500174FF59F
S2050017501380
S2050017518909
S205001752048D
S2050017530090
S20500175493FC
S2050017550787
S205001756503D
S205001757028A
S2050017586328
S2050017590A80
S20500175AF891
S20500175B0088
S20500175C2364
S20500175D0086
S20500175EFB8A
S20500175F0084
S2050017600380
S205001761483A
S2050017620978
S2050017630080
S205001764136C
S2050017650B73
S2050017661B62
S205001767007C
S205001768E398
S2050017690674
S20500176A0871
S20500176BEE8A
S20500176C2354
S20500176D0076
S20500176E0B6A
S20500176F0173
S20500177083F0
S205001771472B
S2050017721958
S2050017730070
S205001774135C
S205001775046A
S2050017761954
S205001777006C
S2050017781358
S2050017790B5F
S20500177A1B4E
S20500177B0068
S20500177CE384
S20500177D90D6
S20500177E075E
S20500177FEC78
S2050017806FF4
S205001781F072
S2050017825F02
S205001783ED73
S20500178493CC
S2050017850559
S2050017860855
S205001787005C
S2050017880358
S205001789C892
S20500178A1445
S20500178B0058
S20500178C1344
S20500178D0650
S20500178E70E5
S20500178F0351
S2050017901340
S20500179189C9
S205001792143D
S2050017930050
S20500179493BC
S2050017950648
S205001796F855
S205001797FB51
S20500179893B8
S205001799F654
S20500179AF653
S20500179B0F39
S20500179CE364
S20500179D6CDA
S20500179ED66F
S20500179FFA4A
S2050017A0370C
S2050017A1063C
S2050017A21031
S2050017A30040
S2050017A493AC
S2050017A596A8
S2050017A62617
S2050017A7003C
S2050017A81328
S2050017A90634
S2050017AA0633
S2050017AB4BED
S2050017ACB384
S2050017AD86B0
S2050017AEC66F
S2050017AF0034
S2050017B083B0
S2050017B1A68C
S2050017B2062B
S2050017B30030
S2050017B467C8
S2050017B580AE
S2050017B60627
S2050017B7002C
S2050017B80328
S2050017B9C862
S2050017BA1415
S2050017BB0028
S2050017BC9394
S2050017BD0620
S2050017BE9095
S2050017BF0024
S2050017C01310
S2050017C1869C
S2050017C2140D
S2050017C30020
S2050017C4130C
S2050017C50717
S2050017C60815
S2050017C7FD1F
S2050017C81308
S2050017C977A3
S2050017CAF722
S2050017CB0F09
S2050017CC63B4
S2050017CDF422
S2050017CEE62F
S2050017CF22F2
S2050017D01300
S2050017D1070B
S2050017D2A071
S2050017D3020E
S2050017D463AC
S2050017D5020C
S2050017D6E825
S2050017D726E6
S2050017D89378
S2050017D90406
S2050017DA0603
S2050017DB0008
S2050017DC13F4
S2050017DD07FF
S2050017DE0005
S2050017DF0004
S2050017E06F94
S2050017E1F012
S2050017E25FA2
S2050017E3F010
S2050017E4936C
S2050017E50DF1
S2050017E600FD
S2050017E700FC
S2050017E89368
S2050017E906F4
S2050017EA9069
S2050017EB00F8
S2050017EC13E4
S2050017ED975F
S2050017EE2DC8
S2050017EF00F4
S2050017F033C0
S2050017F107EB
S2050017F2B73A
S2050017F301EF
S2050017F4935C
S2050017F5846A
S2050017F614D9
S2050017F700EC
S2050017F813D8
S2050017F917D3
S2050017FA17D2
S2050017FB00E8
S2050017FC33B4
S2050017FD07DF
S2050017FE07DE
S2050017FF01E3
S20500180003DF
S205001801C819
S20500180204DC
S20500180300DF
S205001804934B
S2050018050DD0
S20500180607D5
S205001807FDDE
S20500180813C7
S20500180907D2
S20500180A08D0
S20500180BFDDA
S20500180C13C3
S20500180D775E
S20500180EF7DD
S20500180F0FC4
S205001810E3EF
S205001811FED3
S205001812E6EA
S205001813FCD3
S2050018146F5F
S205001815F0DD
S2050018169F2D
S205001817ECDF
S2050018188347
S2050018192D9C
S20500181A0CBC
S20500181B00C7
S20500181C03C3
S20500181D487D
S20500181E24A0
S20500181F00C3
S205001820932F
S20500182104BD
S205001822249C
S20500182300BF
S20500182413AB
S2050018250CB1
S2050018264C70
S20500182700BB
S205001828E3D7
S205001829DADF
S20500182A0DAB
S20500182BEACD
S20500182CB303
S20500182D0DA8
S20500182EB004
S20500182F4172
S205001830931F
S205001831E7CA
S20500183207A9
S20500183301AE
S2050018346F3F
S205001835F0BD
S2050018369F0D
S205001837EAC1
S2050018381397
S2050018398920
S20500183A04A4
S20500183B00A7
S20500183C1393
S20500183D069F
S20500183EA004
S20500183F00A3
S205001840831F
S205001841257C
S2050018420C94
S205001843009F
S205001844138B
S2050018450C91
S2050018464C50
S205001847009B
S2050018481387
S2050018490594
S20500184A0B8D
S20500184B0097
S20500184C9303
S20500184D860F
S20500184E0D87
S20500184F0093
S205001850EFA3
S205001851F0A1
S2050018529FF1
S205001853A8E7
S205001854830B
S2050018554746
S2050018561973
S205001857008B
S2050018581377
S2050018590B7E
S20500185A0583
S20500185B0087
S20500185C1373
S20500185D0481
S20500185E196B
S20500185F0083
S205001860E39F
S2050018619EE3
S2050018620779
S205001863DCA3
S2050018646F0F
S205001865F08D
S2050018661F5D
S205001867DF9C
S2050018681367
S20500186989F0
S20500186A0474
S20500186B0077
S20500186C1363
S20500186D066F
S20500186E80F4
S20500186F0073
S2050018706F03
S205001871F081
S2050018721F51
S205001873FD72
S205001874135B
S20500187589E4
S2050018760468
S205001877006B
S2050018780367
S2050018792445
S20500187A0C5C
S20500187B0067
S20500187C1353
S20500187D0C59
S20500187E4C18
S20500187F0063
S20500188063FF
S205001881025F
S205001882045C
S2050018831E41
S20500188483DB
S2050018854617
S2050018860458
S205001887005B
S205001888E377
S20500188986D3
S20500188A0652
S20500188B1641
S20500188CE373
S20500188D0451
S20500188E074D
S20500188F163D
S20500189093BF
S205001891064B
S205001892044C
S205001893004F
S2050018946FDF
S205001895004D
S205001896C08C
S205001897004B
S2050018983317
S20500189986C3
S20500189AE662
S20500189B4007
S20500189C63E3
S20500189D083D
S20500189E86BE
S20500189F0043
S2050018A0033F
S2050018A1C67B
S2050018A2162A
S2050018A3003F
S2050018A493AB
S2050018A586B7
S2050018A61626
S2050018A7003B
S2050018A8E357
S2050018A91821
S2050018AA0632
S2050018ABFE39
S2050018AC93A3
S2050018ADF73E
S2050018AE072D
S2050018AF0132
S2050018B0B37F
S2050018B184AD
S2050018B286AA
S2050018B340EF
S2050018B463CB
S2050018B582AB
S2050018B60725
S2050018B71E0D
S2050018B863C7
S2050018B952D7
S2050018BA9098
S2050018BB081F
S2050018BC9393
S2050018BD879E
S2050018BEF430
S2050018BFFF24
S2050018C0130F
S2050018C1071A
S2050018C260C0
S2050018C3001F
S2050018C463BB
S2050018C572AB
S2050018C6F725
S2050018C772A9
S2050018C89387
S2050018C90712
S2050018CA1404
S2050018CB0017
S2050018CC33E3
S2050018CD070E
S2050018CEFB19
S2050018CF40D3
S2050018D013FF
S2050018D137DA
S2050018D237D9
S2050018D3000F
S2050018D463AB
S2050018D51CF1
S2050018D60705
S2050018D7709B
S2050018D833D7
S2050018D967A2
S2050018DA64A4
S2050018DB0106
S2050018DC13F3
S2050018DD778E
S2050018DE37CD
S2050018DF0003
S2050018E0639F
S2050018E116EB
S2050018E207F9
S2050018E3708F
S2050018E4936B
S2050018E5F508
S2050018E6C438
S2050018E7FFFC
S2050018E89367
S2050018E907F2
S2050018EA0BED
S2050018EB00F7
S2050018EC33C3
S2050018ED06EF
S2050018EEB440
S2050018EF00F3
S2050018F003EF
S2050018F127CA
S2050018F204EC
S2050018F300EF
S2050018F413DB
S2050018F504E9
S2050018F644A8
S2050018F700EB
S2050018F89357
S2050018F98762
S2050018FA47A1
S2050018FB00E7
S2050018FC23C3
S2050018FDAE37
S2050018FEE7FD
S2050018FFFEE5
S205001900E3FE
S20500190118C8
S2050019028659
S205001903FEE0
S205001904B32A
S20500190507D5
S205001906BB20
S20500190700DA
S205001908B326
S20500190906D2
S20500190A9B3C
S20500190B00D6
S20500190C6372
S20500190D864E
S20500190E953E
S20500190F02D0
S20500191003CE
S205001911458B
S20500191206C9
S20500191300CE
S20500191413BA
S2050019158745
S20500191615B6
S20500191700CA
S20500191823A6
S2050019198048
S20500191AA720
S20500191B00C6
S20500191C6362
S20500191D5E66
S20500191E972C
S20500191F00C2
S20500192003BE
S2050019214779
S20500192216A9
S20500192300BE
S205001924932A
S2050019258537
S2050019262596
S20500192700BA
S205001928A316
S2050019298038
S20500192AE7D0
S20500192B00B6
S20500192C6352
S20500192DD6DE
S20500192E951E
S20500192F00B2
S20500193003AE
S2050019314769
S2050019322689
S20500193300AE
S205001934238A
S205001935812B
S205001936E7C4
S20500193700AA
S2050019381396
S2050019398B1D
S20500193A06A1
S20500193B00A6
S20500193C1392
S20500193D04A0
S20500193E198A
S20500193F00A2
S205001940E3BE
S205001941D8C8
S205001942B4EB
S2050019430F8F
S205001944B3EA
S2050019458418
S2050019469DFE
S205001947405A
S2050019481386
S2050019490593
S20500194A0B8C
S20500194B0096
S20500194C1382
S20500194D860E
S20500194E048F
S20500194F0092
S20500195093FE
S205001951058B
S205001952008F
S205001953028C
S205001954EF9E
S205001955E0AC
S2050019565F2C
S20500195793F7
S2050019588306
S2050019594741
S20500195A196E
S20500195B0086
S20500195C3352
S20500195D0B79
S20500195E9BE8
S20500195F0082
S205001960E39E
S2050019619EE2
S2050019620778
S205001963CCB2
S2050019646F0E
S205001965F08C
S2050019661F5C
S205001967CFAB
S2050019681366
S20500196989EF
S20500196A0473
S20500196B0076
S20500196C93E2
S20500196D066E
S20500196EF083
S20500196FFF73
S205001970630E
S20500197184EC
S205001972DD92
S2050019730E60
S20500197483EA
S2050019752547
S2050019760C5F
S205001977006A
S2050019781356
S2050019790563
S20500197A0B5C
S20500197B0066
S20500197C93D2
S20500197D86DE
S20500197E0D56
S20500197F0062
S205001980134E
S205001981065A
S205001982005F
S205001983015D
S205001984EF6E
S205001985F06C
S2050019865FFC
S20500198795C5
S20500198883D6
S2050019894711
S20500198A193E
S20500198B0056
S20500198C1342
S20500198D0C48
S20500198E4C07
S20500198F0052
S205001990133E
S2050019910B45
S205001992054A
S205001993004E
S205001994133A
S2050019950448
S2050019961932
S205001997004A
S205001998E366
S20500199992B6
S20500199A0740
S20500199BCA7C
S20500199C6FD6
S20500199DF054
S20500199E9FA4
S20500199FCB77
S2050019A0132E
S2050019A189B7
S2050019A2043B
S2050019A3003E
S2050019A4132A
S2050019A50636
S2050019A6003B
S2050019A70139
S2050019A86FCA
S2050019A9F048
S2050019AA9F98
S2050019ABE94D
S2050019AC1322
S2050019AD89AB
S2050019AE042F
S2050019AF0032
S2050019B0939E
S2050019B1F739
S2050019B20728
S2050019B3012D
S2050019B4939A
S2050019B50428
S2050019B64CDF
S2050019B7002A
S2050019B81316
S2050019B90424
S2050019BA190E
S2050019BB0026
S2050019BC63C2
S2050019BD8A9A
S2050019BE071C
S2050019BF0A18
S2050019C0031E
S2050019C127F9
S2050019C20C13
S2050019C3001E
S2050019C4938A
S2050019C50715
S2050019C6100B
S2050019C7001A
S2050019C81306
S2050019C90513
S2050019CA1BFC
S2050019CB0016
S2050019CC23F2
S2050019CD0014
S2050019CEEB28
S2050019CF0012
S2050019D0E32E
S2050019D1D63A
S2050019D2B758
S2050019D30707
S2050019D413FA
S2050019D58686
S2050019D6FD0E
S2050019D7FF0B
S2050019D89376
S2050019D90503
S2050019DA0007
S2050019DB0204
S2050019DCEF16
S2050019DDE024
S2050019DEDF24
S2050019DF8A78
S2050019E0837E
S2050019E147B9
S2050019E219E6
S2050019E300FE
S2050019E433CA
S2050019E50BF1
S2050019E6BB40
S2050019E701F9
S2050019E813E6
S2050019E98C6C
S2050019EA04F3
S2050019EB00F6
S2050019ECE312
S2050019ED985C
S2050019EE07EC
S2050019EFC42E
S2050019F06F82
S2050019F1F000
S2050019F25F90
S2050019F3C628
S2050019F4935A
S2050019F505E7
S2050019F600EB
S2050019F700EA
S2050019F813D6
S2050019F905E3
S2050019FA9057
S2050019FB00E6
S2050019FC13D2
S2050019FD974D
S2050019FE25BE
S2050019FF00E2
S205001A0033AD
S205001A0107D8
S205001A02B727
S205001A0300DD
S205001A0413C9
S205001A0506D5
S205001A0616C4
S205001A0700D9
S205001A0813C5
S205001A0917C0
S205001A0A17BF
S205001A0B00D5
S205001A0C33A1
S205001A0D07CC
S205001A0E07CB
S205001A0F01D0
S205001A1003CD
S205001A114887
S205001A1206C8
S205001A1300CD
S205001A149339
S205001A1505C6
S205001A1607C3
S205001A17FDCC
S205001A189335
S205001A1906C1
S205001A1A08BE
S205001A1BFDC8
S205001A1C9331
S205001A1DF6CD
S205001A1EF6CC
S205001A1F0FB2
S205001A20E3DD
S205001A217E41
S205001A22D5E9
S205001A23FCC1
S205001A2413A9
S205001A25C7F4
S205001A26F5C5
S205001A27FFBA
S205001A2813A5
S205001A295760
S205001A2AF7BF
S205001A2B4174
S205001A2C3381
S205001A2DF7BC
S205001A2EE5CD
S205001A2F00B1
S205001A30931D
S205001A3104AB
S205001A3206A8
S205001A3300AD
S205001A346F3D
S205001A35F0BB
S205001A361F8B
S205001A37CBDE
S205001A3803A5
S205001A392780
S205001A3A0C9A
S205001A3B00A5
S205001A3C03A1
S205001A3DC8DB
S205001A3E247E
S205001A3F00A1
S205001A40138D
S205001A410C93
S205001A424C52
S205001A43009D
S205001A449309
S205001A454655
S205001A46F7A3
S205001A47FF9A
S205001A489305
S205001A49D6C1
S205001A4AF6A0
S205001A4B4154
S205001A4C3361
S205001A4D771C
S205001A4ED7BB
S205001A4F0091
S205001A5093FD
S205001A51840B
S205001A52246A
S205001A53008D
S205001A546F1D
S205001A55F09B
S205001A561F6B
S205001A57C9C0
S205001A5893F5
S205001A59E7A0
S205001A5A176F
S205001A5B0085
S205001A5C93F1
S205001A5D0D76
S205001A5E8002
S205001A5F0081
S205001A606F11
S205001A61F08F
S205001A625F1F
S205001A63F18C
S205001A643745
S205001A650477
S205001A66106A
S205001A670079
S205001A681365
S205001A690473
S205001A6A4432
S205001A6B383D
S205001A6C6F05
S205001A6DF083
S205001A6E1F53
S205001A6FE28F
S205001A7093DD
S205001A710768
S205001A72105E
S205001A73006D
S205001A746309
S205001A75D893
S205001A76B7B3
S205001A7779F0
S205001A7893D5
S205001A798DDA
S205001A7AFD69
S205001A7BFF66
S205001A7C1351
S205001A7D86DD
S205001A7E0D55
S205001A7F0061
S205001A80134D
S205001A81055A
S205001A820B53
S205001A83005D
S205001A8493C9
S205001A850556
S205001A86005A
S205001A870257
S205001A883325
S205001A890B4C
S205001A8ABB9B
S205001A8B0154
S205001A8CEF65
S205001A8DE073
S205001A8ECF83
S205001A8FFF52
S205001A9093BD
S205001A910D42
S205001A92004E
S205001A93004D
S205001A946FDD
S205001A95F05B
S205001A96DF6B
S205001A97F257
S205001A9863E5
S205001A99D473
S205001A9AB492
S205001A9B79CC
S205001A9C3311
S205001A9D86BD
S205001A9E9DA5
S205001A9F4001
S205001AA0132D
S205001AA1053A
S205001AA20B33
S205001AA3003D
S205001AA493A9
S205001AA50536
S205001AA6003A
S205001AA70237
S205001AA82315
S205001AA92611
S205001AAAC175
S205001AAB0035
S205001AACEF45
S205001AADE053
S205001AAECF63
S205001AAFFD34
S205001AB0032D
S205001AB12609
S205001AB2C16D
S205001AB3002D
S205001AB49399
S205001AB58D9E
S205001AB6F436
S205001AB7FF2A
S205001AB833F5
S205001AB90B1C
S205001ABACB5B
S205001ABB0025
S205001ABC6FB5
S205001ABDF033
S205001ABEDF43
S205001ABFDF42
S205001AC0938D
S205001AC10619
S205001AC2C05E
S205001AC30617
S205001AC49389
S205001AC5E734
S205001AC627F3
S205001AC70019
S205001AC8E335
S205001AC98A8D
S205001ACAD541
S205001ACBD63F
S205001ACC9381
S205001ACD060D
S205001ACE4CC6
S205001ACF0011
S205001AD0838D
S205001AD125EA
S205001AD20C02
S205001AD3000D
S205001AD413F9
S205001AD50605
S205001AD6A06A
S205001AD70009
S205001AD813F5
S205001AD98C7B
S205001ADA0600
S205001ADB0005
S205001ADC6F95
S205001ADDF013
S205001ADEDF23
S205001ADFD62B
S205001AE013ED
S205001AE107F8
S205001AE2C03E
S205001AE306F7
S205001AE46399
S205001AE58E6D
S205001AE6E515
S205001AE754A5
S205001AE88375
S205001AE925D2
S205001AEA0CEA
S205001AEB00F5
S205001AEC13E1
S205001AED0CE7
S205001AEE4CA6
S205001AEF00F1
S205001AF003ED
S205001AF1C629
S205001AF205E9
S205001AF300ED
S205001AF46389
S205001AF502E9
S205001AF606E4
S205001AF74C9D
S205001AF813D5
S205001AF907E0
S205001AFA30B6
S205001AFB06DF
S205001AFC6381
S205001AFD548F
S205001AFEC71B
S205001AFF647D
S205001B0037A8
S205001B018757
S205001B02EBF2
S205001B03518B
S205001B0413C8
S205001B0507D3
S205001B06F7E2
S205001B075187
S205001B0833A4
S205001B09389E
S205001B0AE6EF
S205001B0B02D2
S205001B0C13C0
S205001B0D0FC3
S205001B0E4091
S205001B0F06CA
S205001B103798
S205001B11D3FB
S205001B12CC01
S205001B13CC00
S205001B1413B8
S205001B1503C7
S205001B16D3F6
S205001B17CCFC
S205001B183790
S205001B1907BF
S205001B1A10B5
S205001B1B00C4
S205001B1C13B0
S205001B1D07BB
S205001B1E477A
S205001B1F338D
S205001B2013AC
S205001B2105B9
S205001B22407D
S205001B2300BC
S205001B249328
S205001B2506B4
S205001B263089
S205001B2700B8
S205001B2813A4
S205001B290EA8
S205001B2A2095
S205001B2B00B4
S205001B2C9320
S205001B2D5E54
S205001B2E5859
S205001B2F00B0
S205001B30B3FC
S205001B318E20
S205001B32EEBF
S205001B3303A9
S205001B341398
S205001B355852
S205001B365851
S205001B3700A8
S205001B383374
S205001B39089E
S205001B3A079E
S205001B3B01A3
S205001B3C03A0
S205001B3D4F53
S205001B3E0899
S205001B3F00A0
S205001B40B3EC
S205001B410E90
S205001B42D6C7
S205001B43415B
S205001B443368
S205001B45B6E4
S205001B466E2B
S205001B470296
S205001B481384
S205001B495640
S205001B4A365F
S205001B4B0094
S205001B4C3360
S205001B4D088A
S205001B4EC7CA
S205001B4F0090
S205001B50038C
S205001B51434B
S205001B520885
S205001B53008C
S205001B541378
S205001B551872
S205001B562663
S205001B570088
S205001B583354
S205001B590680
S205001B5AC8BD
S205001B5B0084
S205001B5C1370
S205001B5D186A
S205001B5E83FE
S205001B5F0080
S205001B60334C
S205001B616816
S205001B620F6E
S205001B63017B
S205001B641368
S205001B651664
S205001B661663
S205001B670078
S205001B682354
S205001B691C5A
S205001B6A0174
S205001B6B0173
S205001B6C3340
S205001B6D86EC
S205001B6ECEA3
S205001B6F4030
S205001B70333C
S205001B710668
S205001B72C7A6
S205001B73006C
S205001B740368
S205001B754723
S205001B760663
S205001B770068
S205001B781354
S205001B79085E
S205001B7A0164
S205001B7B0163
S205001B7C1350
S205001B7D065C
S205001B7E0E53
S205001B7F025E
S205001B80332C
S205001B810E50
S205001B820657
S205001B83015B
S205001B842338
S205001B850456
S205001B86EE6B
S205001B87FE5A
S205001B881344
S205001B8987CF
S205001B8A064F
S205001B8B0252
S205001B8C1340
S205001B8D084A
S205001B8E0150
S205001B8F014F
S205001B90034C
S205001B91C688
S205001B921538
S205001B93004C
S205001B943318
S205001B950E3C
S205001B960742
S205001B970147
S205001B981334
S205001B99073F
S205001B9AE065
S205001B9B0242
S205001B9C2320
S205001B9D043E
S205001B9EEE53
S205001B9FFE42
S205001BA063DC
S205001BA10E30
S205001BA20637
S205001BA33EFE
S205001BA41328
S205001BA50733
S205001BA63009
S205001BA70632
S205001BA863D4
S205001BA956E0
S205001BAAC76E
S205001BAB54E0
S205001BAC37FC
S205001BAD87AB
S205001BAEEB46
S205001BAF51DF
S205001BB0131C
S205001BB10727
S205001BB2F736
S205001BB351DB
S205001BB433F8
S205001BB538F2
S205001BB6E643
S205001BB70226
S205001BB81314
S205001BB90521
S205001BBA0520
S205001BBB0222
S205001BBC9390
S205001BBD081A
S205001BBE0120
S205001BBF011F
S205001BC0B36C
S205001BC10E10
S205001BC21508
S205001BC3011B
S205001BC41308
S205001BC58595
S205001BC636E3
S205001BC70018
S205001BC837E0
S205001BC9070F
S205001BCA1005
S205001BCB0014
S205001BCC1300
S205001BCD070B
S205001BCE47CA
S205001BCF33DD
S205001BD037D8
S205001BD1D33B
S205001BD2CC41
S205001BD3CC40
S205001BD413F8
S205001BD50307
S205001BD6D336
S205001BD7CC3C
S205001BD89374
S205001BD956B0
S205001BDA58AD
S205001BDB0004
S205001BDC13F0
S205001BDD08FA
S205001BDE40C1
S205001BDF06FA
S205001BE033CC
S205001BE18876
S205001BE206F7
S205001BE303F9
S205001BE4B348
S205001BE506F4
S205001BE6D722
S205001BE700F8
S205001BE88374
S205001BE9C630
S205001BEA06EF
S205001BEB00F4
S205001BEC23D0
S205001BED846E
S205001BEEDE13
S205001BEFFEF2
S205001BF033BC
S205001BF108E6
S205001BF206E7
S205001BF341AB
S205001BF4B338
S205001BF536B4
S205001BF66881
S205001BF702E6
S205001BF89354
S205001BF9D610
S205001BFA36AF
S205001BFB00E4
S205001BFC33B0
S205001BFD06DC
S205001BFED70A
S205001BFF00E0
S205001C0003DB
S205001C01439A
S205001C0206D6
S205001C0300DB
S205001C0413C7
S205001C059643
S205001C0626B2
S205001C0700D7
S205001C0833A3
S205001C0906CF
S205001C0AD6FE
S205001C0B00D3
S205001C0C13BF
S205001C0D16BB
S205001C0E16BA
S205001C0F00CF
S205001C1023AB
S205001C1105C8
S205001C126E5E
S205001C13FECD
S205001C143397
S205001C1506C3
S205001C16C800
S205001C174087
S205001C183393
S205001C1906BF
S205001C1AC7FD
S205001C1B00C3
S205001C1C833F
S205001C1D467B
S205001C1E06BA
S205001C1F00BF
S205001C2013AB
S205001C2107B6
S205001C2205B7
S205001C2302B9
S205001C2413A7
S205001C2506B3
S205001C2601B7
S205001C2701B6
S205001C283383
S205001C2907AE
S205001C2AC7ED
S205001C2B00B3
S205001C2C139F
S205001C2D04AD
S205001C2E159B
S205001C2F00AF
S205001C30238B
S205001C3104A9
S205001C32D7D5
S205001C33FEAD
S205001C341397
S205001C3507A2
S205001C3604A4
S205001C3702A5
S205001C389313
S205001C39069F
S205001C3A01A3
S205001C3B01A2
S205001C3C039F
S205001C3DC6DB
S205001C3E257B
S205001C3F009F
S205001C40336B
S205001C41039A
S205001C42D7C5
S205001C43009B
S205001C441387
S205001C450792
S205001C46E0B8
S205001C470295
S205001C482373
S205001C490491
S205001C4AE3B1
S205001C4BFE95
S205001C4C137F
S205001C4D0E83
S205001C4E147C
S205001C4F008F
S205001C50632B
S205001C510885
S205001C520686
S205001C533259
S205001C541377
S205001C550782
S205001C563058
S205001C570681
S205001C586323
S205001C59562F
S205001C5AC7BD
S205001C5B443F
S205001C5C374B
S205001C5D85FC
S205001C5EEB95
S205001C5F512E
S205001C60136B
S205001C610578
S205001C62F587
S205001C63512A
S205001C643347
S205001C653544
S205001C66A6D2
S205001C670275
S205001C6893E3
S205001C69066F
S205001C6A0E66
S205001C6B0271
S205001C6C93DF
S205001C6D0869
S205001C6E016F
S205001C6F016E
S205001C70B3BB
S205001C718EDF
S205001C721656
S205001C73016A
S205001C743733
S205001C750762
S205001C761058
S205001C770067
S205001C781353
S205001C79075E
S205001C7A471D
S205001C7B3330
S205001C7C372B
S205001C7DD889
S205001C7ECC94
S205001C7FCC93
S205001C80134B
S205001C810855
S205001C82D884
S205001C83CC8F
S205001C841347
S205001C850E4B
S205001C863424
S205001C870057
S205001C8893C3
S205001C8956FF
S205001C8A55FF
S205001C8B0053
S205001C8C133F
S205001C8D054C
S205001C8E4010
S205001C8F0649
S205001C90331B
S205001C9185C8
S205001C92A6A6
S205001C930249
S205001C94B397
S205001C950643
S205001C96D771
S205001C970047
S205001C9883C3
S205001C99C67F
S205001C9A063E
S205001C9B0043
S205001C9C231F
S205001C9D84BD
S205001C9EDE62
S205001C9FFE41
S205001CA0330B
S205001CA10538
S205001CA2A696
S205001CA340FB
S205001CA4B387
S205001CA53603
S205001CA60533
S205001CA70334
S205001CA893A3
S205001CA9D65F
S205001CAA36FE
S205001CAB0033
S205001CAC33FF
S205001CAD062B
S205001CAED759
S205001CAF002F
S205001CB0032B
S205001CB148E5
S205001CB20626
S205001CB3002B
S205001CB41317
S205001CB59693
S205001CB62602
S205001CB70027
S205001CB833F3
S205001CB9061F
S205001CBAD64E
S205001CBB0023
S205001CBC130F
S205001CBD160B
S205001CBE160A
S205001CBF001F
S205001CC023FB
S205001CC10518
S205001CC20319
S205001CC3FF1C
S205001CC433E7
S205001CC50613
S205001CC6C553
S205001CC740D7
S205001CC833E3
S205001CC9060F
S205001CCAC74D
S205001CCB0013
S205001CCC838F
S205001CCD46CB
S205001CCE060A
S205001CCF000F
S205001CD013FB
S205001CD10706
S205001CD20EFE
S205001CD30209
S205001CD413F7
S205001CD50603
S205001CD60107
S205001CD70106
S205001CD833D3
S205001CD907FE
S205001CDAC73D
S205001CDB0003
S205001CDC13EF
S205001CDD04FD
S205001CDE1EE2
S205001CDF00FF
S205001CE023DB
S205001CE104F9
S205001CE2D725
S205001CE3FEFD
S205001CE413E7
S205001CE507F2
S205001CE604F4
S205001CE702F5
S205001CE89363
S205001CE906EF
S205001CEA01F3
S205001CEB01F2
S205001CEC03EF
S205001CEDC32E
S205001CEE35BB
S205001CEF00EF
S205001CF033BB
S205001CF105E8
S205001CF2D715
S205001CF300EB
S205001CF413D7
S205001CF507E2
S205001CF6E008
S205001CF702E5
S205001CF823C3
S205001CF904E1
S205001CFAE5FF
S205001CFBFEE5
S205001CFC13CF
S205001CFD08D9
S205001CFE14CC
S205001CFF00DF
S205001D00637A
S205001D0102DA
S205001D0203D8
S205001D0326B4
S205001D0413C6
S205001D0507D1
S205001D0630A7
S205001D0706D0
S205001D086372
S205001D09567E
S205001D0A676C
S205001D0B349E
S205001D0CB71A
S205001D0D864A
S205001D0EEBE4
S205001D0F517D
S205001D10933A
S205001D118646
S205001D12F6D5
S205001D135179
S205001D14B316
S205001D153692
S205001D16D3F4
S205001D1702C4
S205001D189332
S205001D1905BF
S205001D1A08BB
S205001D1B02C0
S205001D1C13AE
S205001D1D08B8
S205001D1E01BE
S205001D1F01BD
S205001D20338A
S205001D218E2E
S205001D2205B6
S205001D2301B9
S205001D249326
S205001D2505B3
S205001D264077
S205001D2706B0
S205001D28377E
S205001D2907AD
S205001D2A10A3
S205001D2B00B2
S205001D2C139E
S205001D2D07A9
S205001D2E4768
S205001D2F337B
S205001D303776
S205001D31D6D6
S205001D32CCDF
S205001D33CCDE
S205001D341396
S205001D3506A2
S205001D36D6D1
S205001D37CCDA
S205001D381392
S205001D39089C
S205001D3A346F
S205001D3B00A2
S205001D3C930E
S205001D3DD6CA
S205001D3E5649
S205001D3F009E
S205001D40B3EA
S205001D418517
S205001D42B6E5
S205001D430298
S205001D44B3E6
S205001D450692
S205001D46D7C0
S205001D470096
S205001D488312
S205001D49C6CE
S205001D4A068D
S205001D4B0092
S205001D4C236E
S205001D4D048C
S205001D4EDEB1
S205001D4FFE90
S205001D50B3DA
S205001D510587
S205001D52B3D8
S205001D53404A
S205001D54B3D6
S205001D55B6D2
S205001D56C5C2
S205001D570284
S205001D5893F2
S205001D59D6AE
S205001D5A364D
S205001D5B0082
S205001D5C334E
S205001D5D067A
S205001D5ED7A8
S205001D5F007E
S205001D60037A
S205001D614339
S205001D620675
S205001D63007A
S205001D641366
S205001D6596E2
S205001D662651
S205001D670076
S205001D68B3C2
S205001D69066E
S205001D6AD69D
S205001D6B0072
S205001D6C93DE
S205001D6D96DA
S205001D6E1659
S205001D6F006E
S205001D70234A
S205001D710567
S205001D726506
S205001D73FE6C
S205001D743336
S205001D7583E5
S205001D76D592
S205001D774026
S205001D78B3B2
S205001D79065E
S205001D7A67FC
S205001D7B0062
S205001D7C83DE
S205001D7DC69A
S205001D7E0659
S205001D7F005E
S205001D80134A
S205001D810755
S205001D820853
S205001D830258
S205001D841346
S205001D850652
S205001D860156
S205001D870155
S205001D883322
S205001D89074D
S205001D8AC78C
S205001D8B0052
S205001D8C133E
S205001D8D044C
S205001D8E1837
S205001D8F004E
S205001D90232A
S205001D910448
S205001D92D774
S205001D93FE4C
S205001D9493B6
S205001D95F751
S205001D960740
S205001D970145
S205001D9863E2
S205001D9992B2
S205001D9A073C
S205001D9B0240
S205001D9C63DE
S205001D9D5AE6
S205001D9EB48B
S205001D9F4BF3
S205001DA0B38A
S205001DA18DAF
S205001DA28DAE
S205001DA340FA
S205001DA41326
S205001DA586B2
S205001DA60D2A
S205001DA70036
S205001DA81322
S205001DA9052F
S205001DAA0B28
S205001DAB0032
S205001DAC939E
S205001DAD052B
S205001DAE002F
S205001DAF022C
S205001DB033FA
S205001DB10B21
S205001DB2BB70
S205001DB30129
S205001DB4EF3A
S205001DB5E048
S205001DB64FD8
S205001DB7CD59
S205001DB89392
S205001DB90D17
S205001DBAF42F
S205001DBBFF23
S205001DBC130E
S205001DBD061A
S205001DBE041B
S205001DBF001E
S205001DC0938A
S205001DC10517
S205001DC2819A
S205001DC30119
S205001DC41306
S205001DC50513
S205001DC60B0C
S205001DC70016
S205001DC8EF26
S205001DC9E034
S205001DCACF44
S205001DCBD939
S205001DCC33DE
S205001DCD050B
S205001DCE8B84
S205001DCF000E
S205001DD063AA
S205001DD15CB0
S205001DD2B457
S205001DD345C5
S205001DD433D6
S205001DD58682
S205001DD68D7A
S205001DD740C6
S205001DD89372
S205001DD905FF
S205001DDA0003
S205001DDB0200
S205001DDCEF12
S205001DDDE020
S205001DDECF30
S205001DDFCA34
S205001DE033CA
S205001DE10BF1
S205001DE2BB40
S205001DE301F9
S205001DE48376
S205001DE547B1
S205001DE619DE
S205001DE700F6
S205001DE813E2
S205001DE904F0
S205001DEA19DA
S205001DEB00F2
S205001DECE30E
S205001DED9858
S205001DEE07E8
S205001DEF846A
S205001DF06F7E
S205001DF1F0FC
S205001DF25F8C
S205001DF38664
S205001DF49356
S205001DF5E701
S205001DF607E0
S205001DF704E2
S205001DF813D2
S205001DF906DE
S205001DFA00E3
S205001DFB01E1
S205001DFC6F72
S205001DFDF0F0
S205001DFE5F80
S205001DFFA43A
S205001E0013C9
S205001E0107D4
S205001E02C01A
S205001E0306D3
S205001E049345
S205001E05E7F0
S205001E0607CF
S205001E0704D1
S205001E08E3F1
S205001E099043
S205001E0AE5ED
S205001E0BCE03
S205001E0C3799
S205001E0D07C8
S205001E0E10BE
S205001E0F00CD
S205001E108349
S205001E1126A5
S205001E120CBE
S205001E1300C9
S205001E1413B5
S205001E1507C0
S205001E16C7FF
S205001E173590
S205001E1813B1
S205001E190CB7
S205001E1A4C76
S205001E1B00C1
S205001E1C833D
S205001E1DC5FA
S205001E1E06B8
S205001E1F00BD
S205001E208339
S205001E21CFEC
S205001E224674
S205001E2300B9
S205001E2403B5
S205001E25C3F4
S205001E2616A0
S205001E2700B5
S205001E288331
S205001E29C8EB
S205001E2A268C
S205001E2B00B1
S205001E2C03AD
S205001E2DC8E7
S205001E2E3678
S205001E2F00AD
S205001E3003A9
S205001E31C6E5
S205001E325654
S205001E3300A9
S205001E349315
S205001E35F6B1
S205001E36F5B1
S205001E3700A5
S205001E38B3F1
S205001E39069D
S205001E3AD7CB
S205001E3B00A1
S205001E3C930D
S205001E3DD5CA
S205001E3E4559
S205001E3F009D
S205001E400399
S205001E41C5D6
S205001E420694
S205001E430099
S205001E44B3E5
S205001E450592
S205001E46B7DF
S205001E470095
S205001E481381
S205001E495F34
S205001E4A434F
S205001E4B0091
S205001E4C93FD
S205001E4DDEB1
S205001E4E4846
S205001E4F008D
S205001E501379
S205001E515E2D
S205001E524842
S205001E530089
S205001E5493F5
S205001E55D3B4
S205001E564F37
S205001E570085
S205001E5893F1
S205001E59F68D
S205001E5AFF83
S205001E5B0081
S205001E5C136D
S205001E5D542B
S205001E5E4638
S205001E5F007D
S205001E601369
S205001E617308
S205001E62F387
S205001E630079
S205001E6493E5
S205001E65F87F
S205001E66F87E
S205001E670075
S205001E681361
S205001E6978FB
S205001E6AF87A
S205001E6B0071
S205001E6C333D
S205001E6D0F60
S205001E6EE787
S205001E6F016C
S205001E703339
S205001E710368
S205001E726703
S205001E730069
S205001E74B3B5
S205001E750E59
S205001E76D78F
S205001E770164
S205001E78B3B1
S205001E79085B
S205001E7A174B
S205001E7B0160
S205001E7C332D
S205001E7D0857
S205001E7E0757
S205001E7F015C
S205001E80B3A9
S205001E810358
S205001E8277E3
S205001E830059
S205001E84B3A5
S205001E850651
S205001E86D77F
S205001E870055
S205001E8883D1
S205001E89C58E
S205001E8A054D
S205001E8B0051
S205001E8C331D
S205001E8D0E41
S205001E8EC787
S205001E8F014C
S205001E903319
S205001E910447
S205001E9287C3
S205001E930049
S205001E9483C5
S205001E954205
S205001E960F37
S205001E970045
S205001E9883C1
S205001E994FF4
S205001E9A033F
S205001E9B0041
S205001E9C033D
S205001E9DCF70
S205001E9E0E30
S205001E9F003D
S205001EA00339
S205001EA143F8
S205001EA20832
S205001EA30039
S205001EA483B5
S205001EA5CE69
S205001EA6082E
S205001EA70035
S205001EA80331
S205001EA94EE5
S205001EAA0E24
S205001EAB0031
S205001EAC83AD
S205001EADC867
S205001EAE032B
S205001EAF002D
S205001EB00329
S205001EB148E3
S205001EB20426
S205001EB30029
S205001EB483A5
S205001EB5C364
S205001EB60620
S205001EB70025
S205001EB81311
S205001EB9150E
S205001EBA859D
S205001EBB0021
S205001EBC130D
S205001EBD76A9
S205001EBEF628
S205001EBF001D
S205001EC09389
S205001EC10615
S205001EC2A07A
S205001EC30316
S205001EC4B365
S205001EC5E532
S205001EC6A571
S205001EC70015
S205001EC833E1
S205001EC9070C
S205001ECAC74B
S205001ECB0011
S205001ECC23ED
S205001ECD1CF3
S205001ECEB15D
S205001ECF000D
S205001ED023E9
S205001ED10DFE
S205001ED2D139
S205001ED30009
S205001ED4A365
S205001ED50DFA
S205001ED651B5
S205001ED70005
S205001ED823E1
S205001ED90EF5
S205001EDAF111
S205001EDB0100
S205001EDCA35D
S205001EDD0EF1
S205001EDED12D
S205001EDF00FD
S205001EE023D9
S205001EE10FEC
S205001EE2E119
S205001EE301F8
S205001EE4A355
S205001EE50FE8
S205001EE6D125
S205001EE701F4
S205001EE823D1
S205001EE900F3
S205001EEAD121
S205001EEB02EF
S205001EECA34D
S205001EED00EF
S205001EEEC12D
S205001EEF03EA
S205001EF023C9
S205001EF101EA
S205001EF26189
S205001EF302E7
S205001EF4A345
S205001EF501E6
S205001EF6D115
S205001EF702E3
S205001EF823C1
S205001EF902E1
S205001EFA11D1
S205001EFB03DE
S205001EFCA33D
S205001EFD02DD
S205001EFE716D
S205001EFF02DB
S205001F0023B8
S205001F0103D7
S205001F02D108
S205001F0302D6
S205001F04A334
S205001F0503D3
S205001F0601D4
S205001F0703D1
S205001F0803D0
S205001F09478B
S205001F0A07CA
S205001F0B00D0
S205001F0C933C
S205001F0DF7D7
S205001F0E07C6
S205001F0F01CB
S205001F1023A8
S205001F1104C6
S205001F12E1E8
S205001F1302C6
S205001F146364
S205001F159E28
S205001F1607BE
S205001F170EB6
S205001F189330
S205001F1907BB
S205001F1A10B1
S205001F1B01BF
S205001F1C635C
S205001F1DD8E6
S205001F1EB706
S205001F1F0FAD
S205001F2013A8
S205001F218436
S205001F22FDBC
S205001F23FEBA
S205001F2413A4
S205001F2506B0
S205001F2604B1
S205001F2700B4
S205001F289320
S205001F2905AD
S205001F2A00B1
S205001F2B02AE
S205001F2C139C
S205001F2D05A9
S205001F2E0BA2
S205001F2F00AC
S205001F30EFBC
S205001F31E0CA
S205001F328F1A
S205001F33B5F3
S205001F343374
S205001F3505A1
S205001F368B1A
S205001F3700A4
S205001F381390
S205001F39069C
S205001F3A1091
S205001F3B019F
S205001F3C930C
S205001F3D0599
S205001F3E811C
S205001F3F019B
S205001F40EFAC
S205001F41E0BA
S205001F424F4A
S205001F43C2D6
S205001F443364
S205001F450B8B
S205001F46BBDA
S205001F470193
S205001F488310
S205001F49C7CB
S205001F4A246D
S205001F4B0090
S205001F4C137C
S205001F4D840A
S205001F4E2469
S205001F4F008C
S205001F506328
S205001F5196F4
S205001F520782
S205001F53EE9A
S205001F546F18
S205001F55F096
S205001F560F76
S205001F57F094
S205001F5893F0
S205001F59E79B
S205001F5A077A
S205001F5B047C
S205001F5C136C
S205001F5D89F5
S205001F5E0479
S205001F5F007C
S205001F606F0C
S205001F61F08A
S205001F629FDA
S205001F63B8C0
S205001F6493E4
S205001F650670
S205001F660174
S205001F670173
S205001F681360
S205001F69076B
S205001F6A0869
S205001F6B026E
S205001F6C333C
S205001F6D0767
S205001F6ED796
S205001F6F006C
S205001F7093D8
S205001F710664
S205001F720069
S205001F730365
S205001F741354
S205001F750462
S205001F762441
S205001F770064
S205001F782340
S205001F79045E
S205001F7AD78A
S205001F7BFE62
S205001F7C6FF0
S205001F7DF06E
S205001F7E9FBE
S205001F7FE17B
S205001F8093C8
S205001F810654
S205001F820158
S205001F830157
S205001F841344
S205001F85074F
S205001F860E47
S205001F870252
S205001F883320
S205001F89074B
S205001F8AD77A
S205001F8B0050
S205001F8C93BC
S205001F8D0648
S205001F8E004D
S205001F8F0349
S205001F901338
S205001F910446
S205001F922425
S205001F930048
S205001F942324
S205001F950442
S205001F96D76E
S205001F97FE46
S205001F986FD4
S205001F99F052
S205001F9ADF62
S205001F9BD46C
S205001F9C132C
S205001F9D0737
S205001F9E0538
S205001F9F023A
S205001FA01328
S205001FA10634
S205001FA20138
S205001FA30137
S205001FA43304
S205001FA50531
S205001FA6C76E
S205001FA70034
S205001FA81320
S205001FA9072B
S205001FAA0031
S205001FAB032D
S205001FAC131C
S205001FAD84AA
S205001FAE2607
S205001FAF002C
S205001FB02308
S205001FB10426
S205001FB2E544
S205001FB3FE2A
S205001FB46FB8
S205001FB5F036
S205001FB61F06
S205001FB7C85C
S205001FB81310
S205001FB9071B
S205001FBA0021
S205001FBB031D
S205001FBC23FC
S205001FBD0C12
S205001FBEE13C
S205001FBF001C
S205001FC01308
S205001FC10515
S205001FC220F9
S205001FC30018
S205001FC49384
S205001FC50610
S205001FC61005
S205001FC70014
S205001FC86FA4
S205001FC9F022
S205001FCA1FF2
S205001FCBBC54
S205001FCC13FC
S205001FCD0B03
S205001FCE0508
S205001FCF000C
S205001FD023E8
S205001FD1000A
S205001FD20BFE
S205001FD30008
S205001FD48384
S205001FD520E6
S205001FD6C144
S205001FD706FE
S205001FD80300
S205001FD92BD7
S205001FDA0100
S205001FDB05FB
S205001FDC13EC
S205001FDD05F9
S205001FDE00FD
S205001FDF00FC
S205001FE013E8
S205001FE101F9
S205001FE201F8
S205001FE307F1
S205001FE46790
S205001FE58076
S205001FE600F5
S205001FE700F4
S205001FE89360
S205001FE907EB
S205001FEA14DD
S205001FEB00F0
S205001FECB33C
S205001FED06E8
S205001FEE9B52
S205001FEF00EC
S205001FF06F7C
S205001FF100EA
S205001FF28069
S205001FF300E8
S205001FF49354
S205001FF5875F
S205001FF617CE
S205001FF700E4
S205001FF803E0
S205001FF9C71B
S205001FFAF7EA
S205001FFBFFE1
S205001FFC13CC
S205001FFD0BD3
S205001FFE1BC2
S205001FFF00DC
S205002000A337
S2050020010FCA
S205002002EBED
S205002003FED9
S205002004E3F3
S20500200518BD
S205002006DBF9
S205002007FED5
S2050020086F63
S205002009F0E1
S20500200A1FB1
S20500200B933C
S20500200C933B
S20500200D8D40
S20500200EFDCF
S20500200FFFCC
S20500201013B7
S20500201106C3
S20500201210B8
S20500201301C6
S2050020149333
S20500201505C0
S2050020168143
S20500201701C2
S20500201813AF
S20500201905BC
S20500201A0BB5
S20500201B00BF
S20500201CEFCF
S20500201DE0DD
S20500201E8F2D
S20500201FB407
S20500202013A7
S20500202104B5
S20500202210A8
S20500202301B6
S20500202413A3
S20500202505B0
S2050020261B99
S20500202701B2
S205002028634F
S2050020295859
S20500202AB4FC
S20500202B238C
S20500202C139B
S20500202D8627
S20500202EFDAF
S20500202FFEAD
S2050020309317
S20500203105A4
S20500203200A8
S20500203302A5
S205002034EFB7
S205002035E0C5
S2050020364F55
S205002037A5FE
S205002038336F
S2050020390B96
S20500203ABBE5
S20500203B019E
S20500203C6F2F
S20500203DF0AD
S20500203EDFBD
S20500203FF0AB
S2050020403763
S2050020410792
S2050020421088
S2050020430097
S2050020448313
S205002045266F
S2050020460C88
S2050020470093
S205002048137F
S205002049078A
S20500204A4749
S20500204B335C
S20500204C137B
S20500204D0C81
S20500204E4C40
S20500204F008B
S2050020506F1B
S205002051F099
S205002052DFA9
S205002053DCAB
S2050020541373
S205002055077E
S20500205690F4
S2050020570083
S205002058631F
S2050020595C25
S20500205A6719
S20500205B1669
S20500205C3747
S20500205DD7A6
S20500205ECCB0
S20500205FCCAF
S2050020601367
S2050020610772
S205002062D7A1
S205002063CCAB
S205002064B3C3
S205002065363F
S205002066E391
S2050020670271
S205002068373B
S205002069076A
S20500206A1060
S20500206B006F
S20500206C135B
S20500206D0667
S20500206E0864
S20500206F0269
S2050020701357
S2050020710762
S2050020724721
S2050020733334
S20500207493D3
S2050020750560
S2050020760163
S2050020770162
S205002078B3AF
S205002079055C
S20500207AB6AA
S20500207B005F
S20500207C134B
S20500207D0855
S20500207E2438
S20500207F005B
S20500208093C7
S205002081D683
S2050020823622
S2050020830057
S2050020843323
S205002085064F
S205002086D77D
S2050020870053
S205002088034F
S205002089450C
S20500208A064A
S20500208B004F
S20500208C133B
S20500208D96B7
S20500208E2626
S20500208F004B
S205002090B397
S2050020910643
S205002092D672
S2050020930047
S20500209493B3
S20500209596AF
S205002096162E
S2050020970043
S205002098231F
S20500209984BD
S20500209AA59B
S20500209BFE41
S20500209C330B
S20500209D033A
S20500209ED369
S20500209F40FB
S2050020A06FCB
S2050020A1F049
S2050020A29F99
S2050020A3CD6A
S2050020A41323
S2050020A5072E
S2050020A690A4
S2050020A70033
S2050020A863CF
S2050020A95ED3
S2050020AAC769
S2050020AB101F
S2050020AC37F7
S2050020ADD756
S2050020AECC60
S2050020AFCC5F
S2050020B01317
S2050020B10722
S2050020B2D751
S2050020B3CC5B
S2050020B4B373
S2050020B536EF
S2050020B6E63E
S2050020B70221
S2050020B837EB
S2050020B9071A
S2050020BA1010
S2050020BB001F
S2050020BC130B
S2050020BD0518
S2050020BE0E0E
S2050020BF0219
S2050020C01307
S2050020C10712
S2050020C247D1
S2050020C333E4
S2050020C41303
S2050020C5080D
S2050020C60113
S2050020C70112
S2050020C833DF
S2050020C90809
S2050020CA050B
S2050020CB010E
S2050020CC13FB
S2050020CD0EFF
S2050020CE24E8
S2050020CF000B
S2050020D09377
S2050020D1D633
S2050020D236D2
S2050020D30007
S2050020D433D3
S2050020D50500
S2050020D6D72D
S2050020D70003
S2050020D803FF
S2050020D943BE
S2050020DA05FB
S2050020DB00FF
S2050020DC13EB
S2050020DD9568
S2050020DE26D6
S2050020DF00FB
S2050020E0B347
S2050020E106F3
S2050020E2D523
S2050020E300F7
S2050020E49363
S2050020E5965F
S2050020E616DE
S2050020E700F3
S2050020E823CF
S2050020E904ED
S2050020EA6888
S2050020EBFEF1
S2050020EC33BB
S2050020ED06E7
S2050020EED616
S2050020EF40AB
S2050020F06F7B
S2050020F1F0F9
S2050020F29F49
S2050020F3BD2A
S2050020F413D3
S2050020F507DE
S2050020F69054
S2050020F700E3
S2050020F8637F
S2050020F95091
S2050020FAC719
S2050020FB0CD3
S2050020FC37A7
S2050020FDD706
S2050020FECC10
S2050020FFCC0F
S20500210013C6
S20500210107D1
S205002102D700
S205002103CC0A
S20500210433A2
S205002105389C
S205002106E6ED
S20500210702D0
S20500210813BE
S20500210905CB
S20500210A05CA
S20500210B02CC
S20500210C3796
S20500210D07C5
S20500210E10BB
S20500210F00CA
S2050021109336
S20500211108C0
S20500211201C6
S20500211301C5
S2050021143392
S20500211503C1
S20500211615AE
S20500211701C1
S20500211813AE
S20500211907B9
S20500211A4778
S20500211B338B
S20500211C13AA
S20500211D8537
S20500211E2695
S20500211F00BA
S2050021209326
S2050021215662
S205002122387F
S20500212300B6
S2050021243382
S20500212508AC
S205002126D7DC
S20500212700B2
S20500212803AE
S2050021294E62
S20500212A08A7
S20500212B00AE
S20500212C139A
S20500212D9814
S20500212E2685
S20500212F00AA
S205002130B3F6
S20500213106A2
S205002132D8CF
S20500213300A6
S2050021349312
S205002135960E
S205002136168D
S20500213700A2
S205002138237E
S205002139049C
S20500213AC3DC
S20500213BFF9F
S20500213C336A
S20500213D0696
S20500213ED6C5
S20500213F405A
S2050021406F2A
S205002141F0A8
S2050021429FF8
S205002143ADE9
S2050021441382
S205002145078D
S2050021469003
S2050021470092
S205002148632E
S2050021495C34
S20500214AC7C8
S20500214B048A
S20500214C3756
S20500214DD7B5
S20500214ECCBF
S20500214FCCBE
S2050021501376
S2050021510781
S205002152D7B0
S205002153CCBA
S2050021543352
S205002155384C
S205002156E69D
S2050021570280
S205002158374A
S2050021590779
S20500215A106F
S20500215B007E
S20500215C136A
S20500215D0775
S20500215E4734
S20500215F3347
S2050021601366
S2050021610573
S2050021623047
S2050021630076
S20500216493E2
S205002165066E
S2050021662053
S2050021670072
S205002168135E
S2050021690E62
S20500216A105F
S20500216B006E
S20500216C135A
S20500216D5814
S20500216E3833
S20500216F006A
S2050021703336
S2050021710365
S2050021720760
S2050021730165
S20500217483E2
S2050021754E16
S2050021760360
S2050021770062
S205002178134E
S205002179134D
S20500217A2837
S20500217B005E
S20500217C332A
S20500217D0854
S20500217E0358
S20500217F0159
S2050021801346
S2050021811840
S205002182183F
S2050021830056
S2050021842332
S2050021850C48
S205002186D182
S2050021870151
S205002188331E
S205002189064A
S20500218A0649
S20500218B410D
S20500218C6FDE
S20500218DF05C
S20500218E5FEC
S20500218F9EAC
S20500219093B6
S205002191E761
S2050021922720
S2050021930046
S20500219493B2
S205002195063E
S2050021964CF7
S2050021970042
S205002198132E
S20500219989B7
S20500219A043B
S20500219B003E
S20500219C6FCE
S20500219DF04C
S20500219E5FDC
S20500219F93A7
S2050021A03702
S2050021A10731
S2050021A21027
S2050021A30036
S2050021A41322
S2050021A5052F
S2050021A62013
S2050021A70032
S2050021A8939E
S2050021A9062A
S2050021AA101F
S2050021AB002E
S2050021AC131A
S2050021AD0E1E
S2050021AE002B
S2050021AF002A
S2050021B01316
S2050021B10721
S2050021B247E0
S2050021B333F3
S2050021B46FB6
S2050021B5F034
S2050021B6DF44
S2050021B79B87
S2050021B837EA
S2050021B90719
S2050021BA100F
S2050021BB001E
S2050021BC130A
S2050021BD0715
S2050021BE47D4
S2050021BF33E7
S2050021C06FAA
S2050021C1F028
S2050021C29F78
S2050021C3A571
S2050021C437DE
S2050021C5070D
S2050021C61003
S2050021C70012
S2050021C813FE
S2050021C90709
S2050021CA47C8
S2050021CB33DB
S2050021CC6F9E
S2050021CDF01C
S2050021CEDF2C
S2050021CFAF5B
S2050021D037D2
S2050021D10701
S2050021D210F7
S2050021D30006
S2050021D413F2
S2050021D507FD
S2050021D647BC
S2050021D733CF
S2050021D86F92
S2050021D9F010
S2050021DA1FE0
S2050021DBBA44
S2050021DC13EA
S2050021DD8973
S2050021DE04F7
S2050021DF00FA
S2050021E06F8A
S2050021E1F008
S2050021E29F58
S2050021E39066
S2050021E49362
S2050021E5E70D
S2050021E607EC
S2050021E704EE
S2050021E813DE
S2050021E98967
S2050021EA04EB
S2050021EB00EE
S2050021EC13DA
S2050021ED06E6
S2050021EE00EB
S2050021EF01E9
S2050021F06F7A
S2050021F1F0F8
S2050021F20FD8
S2050021F3E501
S2050021F49352
S2050021F5F4F0
S2050021F607DC
S2050021F701E1
S2050021F8E3FE
S2050021F98060
S2050021FA04DB
S2050021FB8A54
S2050021FC934A
S2050021FD04D8
S2050021FE00DB
S2050021FF00DA
S2050022006F69
S205002201F0E7
S205002202CF07
S205002203F3E2
S2050022048351
S20500220527AC
S2050022060CC6
S20500220700D1
S20500220813BD
S2050022090BC4
S20500220A1BB3
S20500220B00CD
S20500220C13B9
S20500220D8C3F
S20500220E04C6
S20500220F00C9
S205002210A325
S2050022110FB8
S205002212FBCB
S205002213FEC7
S2050022148341
S205002215477C
S20500221619A9
S20500221700C1
S205002218635D
S205002219922D
S20500221A07B7
S20500221BC2FB
S20500221C6F4D
S20500221DF0CB
S20500221E8F2B
S20500221FC3F6
S2050022209325
S2050022218D2A
S205002222FDB9
S205002223FFB6
S2050022246F45
S205002225F0C3
S2050022264F63
S205002227E9C8
S205002228139D
S2050022290BA4
S20500222A05A9
S20500222B00AD
S20500222C6F3D
S20500222DF0BB
S20500222E9F0B
S20500222FBBEE
S2050022308325
S2050022314760
S205002232198D
S20500223300A5
S2050022346341
S205002235940F
S205002236079B
S205002237C0E1
S2050022386F31
S205002239F0AF
S20500223ACFCF
S20500223BC1DC
S20500223C8319
S20500223D4754
S20500223E1981
S20500223F0099
S2050022401385
S2050022418C0B
S2050022420492
S2050022430095
S2050022441381
S2050022450B88
S205002246058D
S2050022470091
S205002248632D
S2050022499AF5
S20500224A0787
S20500224BBECF
S20500224C6F1D
S20500224DF09B
S20500224E8FFB
S20500224FC0C9
S20500225093F5
S2050022518DFA
S205002252FD89
S205002253FF86
S2050022546F15
S205002255F093
S2050022569FE3
S205002257B6CB
S205002258136D
S2050022590B74
S20500225A0579
S20500225B007D
S20500225C6F0D
S20500225DF08B
S20500225EDF9B
S20500225FCEAB
S2050022601365
S2050022610176
S2050022620175
S205002263BCB9
S2050022641361
S2050022650370
S2050022664131
S205002267422F
S205002268234D
S2050022692A45
S20500226A91DD
S20500226B402D
S20500226C93D9
S20500226D0467
S20500226E0169
S20500226F0168
S2050022702345
S2050022712245
S205002272B1B5
S2050022734223
S2050022742341
S205002275243F
S205002276C1A1
S205002277421F
S20500227893CD
S205002279055A
S20500227A0559
S20500227B005D
S20500227C1349
S20500227D0655
S20500227E0357
S20500227F0059
S2050022801345
S20500228185D2
S2050022820452
S2050022830055
S2050022842331
S2050022852E25
S2050022861141
S2050022874011
S205002288232D
S2050022892629
S20500228AD17D
S20500228B420B
S20500228C2329
S20500228D2823
S20500228EE169
S20500228F4207
S2050022902325
S2050022912A1D
S205002292F155
S2050022934203
S2050022942321
S2050022952C17
S2050022960141
S20500229743FE
S205002298231D
S2050022992E11
S20500229A112D
S20500229B43FA
S20500229C2319
S20500229D2615
S20500229E61D9
S20500229F0039
S2050022A0EF49
S2050022A1F047
S2050022A20F27
S2050022A3B382
S2050022A40331
S2050022A545EE
S2050022A60131
S2050022A70130
S2050022A863CD
S2050022A90E21
S2050022AA0529
S2050022AB022B
S2050022AC2309
S2050022AD2CFF
S2050022AE81A9
S2050022AF40E9
S2050022B01315
S2050022B184A3
S2050022B20422
S2050022B30025
S2050022B4EF35
S2050022B5E043
S2050022B65FC3
S2050022B7C35E
S2050022B8031D
S2050022B945DA
S2050022BA140A
S2050022BB001D
S2050022BC9389
S2050022BD0714
S2050022BE0416
S2050022BF0019
S2050022C01305
S2050022C10413
S2050022C21402
S2050022C30015
S2050022C4E331
S2050022C518FB
S2050022C6050D
S2050022C7FE13
S2050022C8030D
S2050022C924EB
S2050022CA818D
S2050022CB41CC
S2050022CC8389
S2050022CD20EB
S2050022CEC149
S2050022CF41C8
S2050022D033D5
S2050022D18582
S2050022D2976F
S2050022D340C5
S2050022D413F1
S2050022D505FE
S2050022D615ED
S2050022D70001
S2050022D8837D
S2050022D924DB
S2050022DA41BD
S2050022DB41BC
S2050022DC13E9
S2050022DD01FA
S2050022DE01F9
S2050022DF44B5
S2050022E06791
S2050022E18077
S2050022E200F6
S2050022E300F5
S2050022E48371
S2050022E520D3
S2050022E6C131
S2050022E741B0
S2050022E8836D
S2050022E924CB
S2050022EA41AD
S2050022EB41AC
S2050022EC13D9
S2050022ED05E6
S2050022EE00EA
S2050022EF00E9
S2050022F013D5
S2050022F101E6
S2050022F201E5
S2050022F344A1
S2050022F4677D
S2050022F58063
S2050022F600E2
S2050022F700E1
S2050022F813CD
S2050022F901DE
S2050022FA01DD
S2050022FBBC21
S2050022FC13C9
S2050022FD03D8
S2050022FE8159
S2050022FF4297
S20500230023B4
S2050023012CAA
S2050023028154
S2050023034094
S20500230423B0
S20500230524AE
S205002306C110
S205002307428E
S20500230813BC
S20500230904CA
S20500230A05C8
S20500230B00CC
S20500230C13B8
S20500230D06C4
S20500230E03C6
S20500230F00C8
S20500231013B4
S20500231105C1
S20500231201C4
S20500231301C3
S20500231423A0
S205002315269C
S205002316D1F0
S205002317427E
S205002318239C
S2050023192A94
S20500231AF1CC
S20500231B427A
S20500231C2398
S20500231D2E8C
S20500231E11A8
S20500231F4078
S2050023202394
S205002321288E
S205002322E1D4
S2050023234272
S2050023242390
S2050023252C86
S20500232601B0
S205002327436D
S205002328238C
S2050023292E80
S20500232A119C
S20500232B4369
S20500232C2388
S20500232D2684
S20500232E6148
S20500232F00A8
S205002330EFB8
S205002331F0B6
S2050023320F96
S205002333AAFA
S2050023348320
S205002335465C
S20500233601A0
S205002337019F
S205002338930C
S2050023390797
S20500233A0499
S20500233B009C
S20500233C6338
S20500233D8E0C
S20500233E0693
S20500233F0296
S2050023401384
S205002341078F
S2050023420194
S2050023430193
S2050023441380
S205002345078B
S205002346177A
S2050023470090
S205002348236C
S205002349800E
S20500234AD7B6
S20500234B008C
S20500234C8308
S20500234D4644
S20500234E0782
S20500234F0088
S2050023501374
S2050023518600
S205002352077E
S2050023530084
S20500235493F0
S20500235587FB
S205002356176A
S2050023570080
S205002358E39C
S20500235996E8
S20500235A0677
S20500235BFE7E
S20500235C2358
S20500235D80FA
S20500235E0772
S20500235F0078
S20500236083F4
S2050023612056
S205002362C1B4
S2050023634133
S2050023643340
S205002365056D
S20500236686EB
S2050023674030
S205002368036C
S205002369244A
S20500236A81EC
S20500236B412B
S20500236C1358
S20500236D0565
S20500236E1554
S20500236F0068
S2050023701354
S2050023710165
S2050023720164
S2050023734420
S20500237467FC
S20500237580E2
S2050023760061
S2050023770060
S205002378233C
S20500237980DE
S20500237A0756
S20500237B005C
S20500237C83D8
S20500237D203A
S20500237EC198
S20500237F4117
S2050023800354
S2050023812432
S20500238281D4
S2050023834113
S2050023841340
S205002385054D
S2050023860051
S2050023870050
S205002388133C
S205002389014D
S20500238A014C
S20500238B4408
S20500238C67E4
S20500238D80CA
S20500238E0049
S20500238F0048
S2050023901334
S2050023910145
S2050023920144
S205002393FC48
S2050023941330
S2050023950F33
S2050023961031
S2050023970040
S20500239893AC
S2050023990F2F
S20500239A003D
S20500239B003C
S20500239C63D8
S20500239DD862
S20500239E0534
S20500239F0038
S2050023A03304
S2050023A10531
S2050023A2A095
S2050023A340F4
S2050023A41320
S2050023A50F23
S2050023A62011
S2050023A70030
S2050023A8939C
S2050023A90F1F
S2050023AA101D
S2050023AB002C
S2050023AC37F4
S2050023AD6EBC
S2050023AE66C3
S2050023AF66C2
S2050023B09394
S2050023B10521
S2050023B20025
S2050023B30024
S2050023B41310
S2050023B5081A
S2050023B6C160
S2050023B70020
S2050023B8130C
S2050023B90E10
S2050023BA7E9F
S2050023BB66B6
S2050023BC9388
S2050023BD0E0C
S2050023BE9089
S2050023BF0018
S2050023C0B364
S2050023C117FF
S2050023C2C550
S2050023C30311
S2050023C49380
S2050023C556BC
S2050023C6F51C
S2050023C741CF
S2050023C813FC
S2050023C98787
S2050023CA0508
S2050023CB000C
S2050023CC9378
S2050023CD0802
S2050023CE0504
S2050023CF0008
S2050023D09374
S2050023D18581
S2050023D215F0
S2050023D30004
S2050023D433D0
S2050023D503FF
S2050023D6B849
S2050023D70000
S2050023D8936C
S2050023D9D727
S2050023DA27D6
S2050023DB40BC
S2050023DCB348
S2050023DD8773
S2050023DED722
S2050023DF40B8
S2050023E09364
S2050023E19660
S2050023E227CE
S2050023E300F4
S2050023E4B340
S2050023E5866C
S2050023E6F6FB
S2050023E700F0
S2050023E8935C
S2050023E99658
S2050023EA16D7
S2050023EB00EC
S2050023EC33B8
S2050023ED05E5
S2050023EED514
S2050023EF40A8
S2050023F013D4
S2050023F105E1
S2050023F205E0
S2050023F303E1
S2050023F4A340
S2050023F50FD3
S2050023F6A33E
S2050023F7FEE2
S2050023F813CC
S2050023F98559
S2050023FA07D6
S2050023FB00DC
S2050023FCE3F8
S2050023FDC218
S2050023FE1EBB
S2050023FFFDDB
S2050024006373
S2050024018451
S2050024020FC5
S20500240310C3
S205002404933F
S20500240507CA
S20500240627A9
S20500240700CF
S20500240813BB
S2050024098746
S20500240A05C7
S20500240B04C7
S20500240C3397
S20500240D07C2
S20500240E27A1
S20500240F00C7
S2050024109333
S20500241106BF
S205002412D0F4
S20500241302C1
S205002414239F
S20500241506BB
S205002416D7E9
S205002417FCC3
S20500241813AB
S2050024198736
S20500241A07B5
S20500241B04B7
S20500241CB307
S20500241D06B3
S20500241E2791
S20500241F00B7
S2050024202393
S205002421862F
S20500242206AE
S205002423FCB7
S205002424139F
S205002425872A
S20500242605AB
S20500242700AF
S205002428931B
S2050024298528
S20500242A07A5
S20500242B00AB
S20500242C1397
S20500242D05A4
S20500242E08A0
S20500242F00A7
S205002430B3F3
S205002431069F
S205002432E8BC
S20500243300A3
S205002434930F
S205002435079A
S20500243600A0
S205002437009F
S205002438039B
S205002439C3DA
S20500243A0696
S20500243B009B
S20500243C8317
S20500243D4851
S20500243E0593
S20500243F0097
S2050024409303
S205002441870E
S205002442177D
S2050024430093
S205002444236F
S2050024450091
S205002446652B
S205002447008F
S205002448236B
S205002449800D
S20500244A1676
S20500244B018A
S20500244CB3D7
S20500244D0881
S20500244EF791
S20500244F4047
S2050024501373
S2050024510580
S205002452156F
S2050024530083
S20500245493EF
S20500245586FB
S205002456F68A
S205002457FF80
S205002458E39B
S205002459C0BD
S20500245A1765
S20500245BFF7C
S20500245CB7C3
S20500245D5722
S20500245E5523
S20500245F5522
S2050024603343
S20500246185F0
S205002462E58F
S2050024634132
S20500246493DF
S20500246587EA
S2050024666709
S205002467551A
S205002468B3BB
S2050024691657
S20500246AF577
S20500246B0269
S20500246C93D7
S20500246D5811
S20500246EF573
S20500246F4126
S205002470B3B3
S205002471075E
S205002472E87C
S2050024730063
S205002474134F
S205002475055C
S2050024760060
S205002477005F
S205002478134B
S205002479035A
S20500247A302C
S20500247B005B
S20500247C1347
S20500247D0E4B
S20500247ED088
S20500247F0255
S20500248093C3
S2050024810E47
S205002482C094
S2050024830251
S205002484331F
S20500248587CA
S205002486163A
S205002487410E
S205002488331B
S2050024890746
S20500248AB795
S20500248B004B
S20500248CB397
S20500248D0643
S20500248EE662
S20500248F0047
S2050024902323
S20500249180C5
S205002492063E
S2050024930043
S205002494132F
S205002495073A
S205002496F749
S205002497FF40
S20500249863DB
S2050024990637
S20500249A65D7
S20500249B0239
S20500249C1327
S20500249D0534
S20500249E1523
S20500249F0037
S2050024A093A3
S2050024A1062F
S2050024A2072D
S2050024A30033
S2050024A483AF
S2050024A5C56C
S2050024A60729
S2050024A7002F
S2050024A833FB
S2050024A90726
S2050024AAD656
S2050024AB002B
S2050024AC9397
S2050024AD88A1
S2050024AEF731
S2050024AFFF28
S2050024B02303
S2050024B10025
S2050024B2B76D
S2050024B30023
S2050024B4130F
S2050024B5879A
S2050024B6F62A
S2050024B7FF20
S2050024B863BB
S2050024B90E0F
S2050024BAF824
S2050024BB0219
S2050024BC9387
S2050024BD8792
S2050024BE0810
S2050024BF0017
S2050024C0E333
S2050024C11EF7
S2050024C265AF
S2050024C3FC17
S2050024C4838F
S2050024C5C54C
S2050024C60709
S2050024C7000F
S2050024C833DB
S2050024C90508
S2050024CAE626
S2050024CB000B
S2050024CC9377
S2050024CD0603
S2050024CEF711
S2050024CFFF08
S2050024D063A3
S2050024D1867F
S2050024D2C53F
S2050024D30300
S2050024D4837F
S2050024D5C53C
S2050024D607F9
S2050024D700FF
S2050024D823DB
S2050024D900FD
S2050024DAD527
S2050024DB01FA
S2050024DC33C7
S2050024DD07F2
S2050024DED622
S2050024DF00F7
S2050024E023D3
S2050024E100F5
S2050024E2B73D
S2050024E300F3
S2050024E413DF
S2050024E505EC
S2050024E610E0
S2050024E700EF
S2050024E8935B
S2050024E98865
S2050024EAF7F5
S2050024EBFFEC
S2050024EC13D7
S2050024ED8762
S2050024EEF6F2
S2050024EFFFE8
S2050024F0E303
S2050024F116CF
S2050024F2F8EC
S2050024F3FCE7
S2050024F413CF
S2050024F501E0
S2050024F601DF
S2050024F704DB
S2050024F86777
S2050024F9805D
S2050024FA00DC
S2050024FB00DB
S2050024FC9347
S2050024FD06D3
S2050024FE07D1
S2050024FF00D7
S20500250013C2
S20500250105CF
S2050025024093
S20500250300D2
S2050025046F62
S205002505F0E0
S2050025061FB0
S205002507FAD4
S205002508933A
S2050025098745
S20500250A05C6
S20500250B04C6
S20500250CB316
S20500250D8741
S20500250E27A0
S20500250F00C6
S20500251023A2
S205002511863E
S20500251207BC
S205002513FCC6
S205002514E3DE
S2050025151CA4
S20500251607B8
S205002517F0CE
S2050025186F4E
S205002519F0CC
S20500251A5F5C
S20500251BF4C6
S20510000025C5
S2051000016386
S20510000200E8
S20510000300E7
S20510000400E6
S20510000500E5
S20510000600E4
S20510000700E3
S2051000080AD8
S2051000094C95
S20510000A6F71
S20510000B617E
S20510000C647A
S20510000D6974
S20510000E6E6E
S20510000F6774
S20510001020BA
S2051000114396
S2051000124791
S2051000134F88
S2051000144C8A
S20510001520B5
S2051000164391
S2051000176F64
S2051000186E64
S205100019666B
S20510001A6967
S20510001B6768
S20510001C7559
S20510001D725B
S20510001E616B
S20510001F7457
S2051000206961
S2051000216F5A
S2051000226E5A
S20510002320A7
S2051000246660
S205100025695C
S2051000266C58
S205100027655E
S2051000280AB8
S2051000290AB7
S20510002A00C0
S20510002B00BF
S20510002C744A
S20510002D6558
S20510002E7349
S20510002F7447
S2051000305F5B
S2051000316E4B
S2051000326157
S2051000336D4A
S2051000346551
S2051000353A7B
S2051000362094
S205100037258E
S205100038733F
S2051000392091
S20510003A2C84
S20510003B208F
S20510003C6846
S20510003D6548
S20510003E6943
S20510003F6744
S2051000406842
S2051000417435
S2051000423D6B
S2051000432582
S2051000446442
S2051000452085
S2051000462C78
S2051000472083
S205100048772B
S2051000496938
S20510004A643C
S20510004B742B
S20510004C6836
S20510004D3D60
S20510004E2577
S20510004F6437
S2051000500A90
S2051000510099
S2051000520098
S2051000530097
S2051000546333
S205100055672E
S2051000566F25
S2051000576C27
S2051000585F33
S205100059335E
S20510005A325E
S20510005B7817
S20510005C335B
S20510005D325B
S20510005E5F2D
S20510005F7219
S2051000606525
S2051000616623
S2051000626C1C
S2051000636522
S2051000646323
S2051000657411
S2051000666F15
S2051000677211
S2051000680082
S2051000690081
S20510006A0080
S20510006B007F
S20510006C700E
S20510006D7904
S20510006E7408
S20510006F6813
S2051000706F0B
S2051000716E0B
S2051000723345
S2051000732057
S2051000746115
S2051000757005
S2051000767004
S2051000775F14
S20510007873FF
S20510007972FF
S20510007A630D
S20510007B5F10
S20510007C640A
S20510007D6904
S20510007E72FA
S20510007F2F3C
S2051000806307
S2051000816702
S2051000826FF9
S2051000836CFB
S2051000845F07
S20510008570F5
S2051000863232
S20510008768FB
S2051000882E34
S20510008970F1
S20510008A79E7
S20510008B203F
S20510008C2539
S20510008D73EA
S20510008E005C
S20510008F005B
S20510009063F7
S20510009167F2
S2051000926FE9
S2051000936CEB
S2051000945FF7
S20510009563F2
S2051000966FE5
S2051000976EE5
S20510009866EC
S2051000992E23
S20510009A74DC
S20510009B78D7
S20510009C74DA
S20510009D004D
S20510009E004C
S20510009F004B
S2051000A063E7
S2051000A167E2
S2051000A26FD9
S2051000A36CDB
S2051000A45FE7
S2051000A568DD
S2051000A665DF
S2051000A778CB
S2051000A85FE3
S2051000A969D8
S2051000AA6ED2
S2051000AB2E11
S2051000AC74CA
S2051000AD78C5
S2051000AE74C8
S2051000AF003B
S2051000B04CEE
S2051000B16FCA
S2051000B261D7
S2051000B364D3
S2051000B469CD
S2051000B56EC7
S2051000B667CD
S2051000B72013
S2051000B869C9
S2051000B96EC3
S2051000BA70C0
S2051000BB75BA
S2051000BC74BA
S2051000BD200D
S2051000BE74B8
S2051000BF65C6
S2051000C073B7
S2051000C174B5
S2051000C22008
S2051000C364C3
S2051000C461C5
S2051000C574B1
S2051000C661C3
S2051000C73AE9
S2051000C82002
S2051000C974AD
S2051000CA6FB1
S2051000CB20FF
S2051000CC78A6
S2051000CD6DB0
S2051000CE65B7
S2051000CF6DAE
S2051000D020FA
S2051000D161B8
S2051000D264B4
S2051000D364B3
S2051000D472A4
S2051000D565B0
S2051000D673A1
S2051000D773A0
S2051000D820F2
S2051000D930E1
S2051000DA7898
S2051000DB25EA
S2051000DC30DE
S2051000DD38D5
S2051000DE7894
S2051000DF20EB
S2051000E02CDE
S2051000E120E9
S2051000E262A6
S2051000E3798E
S2051000E47492
S2051000E565A0
S2051000E620E4
S2051000E76C97
S2051000E8659D
S2051000E96E93
S2051000EA6799
S2051000EB748B
S2051000EC6896
S2051000ED20DD
S2051000EE3AC2
S2051000EF20DB
S2051000F025D5
S2051000F16495
S2051000F20AEE
S2051000F300F7
S2051000F44CAA
S2051000F56F86
S2051000F66193
S2051000F7648F
S2051000F8658D
S2051000F9648D
S2051000FA20D0
S2051000FB25CA
S2051000FC648A
S2051000FD20CD
S2051000FE628A
S2051000FF7972
S2051001007475
S2051001016583
S2051001027374
S2051001030ADC
S20510010400E5
S20510010500E4
S20510010600E3
S20510010700E2
S2051001084899
S205100109459B
S20510010A4C93
S20510010B4C92
S20510010C4F8E
S20510010D20BC
S20510010E4398
S20510010F4793
S2051001104F8A
S2051001114C8C
S20510011220B7
S2051001136670
S2051001147263
S2051001156F65
S2051001166D66
S20510011720B2
S205100118745D
S2051001196868
S20510011A725D
S20510011B6569
S20510011C616C
S20510011D6468
S20510011E3A91
S20510011F25A5
S2051001206465
S2051001210ABE
S20510012200C7
S20510012300C6
S2051001240ABB
S2051001250ABA
S2051001265370
S205100127744E
S2051001286160
S205100129724E
S20510012A744B
S20510012B6955
S20510012C6E4F
S20510012D6755
S20510012E209B
S20510012F2595
S2051001306455
S2051001312098
S2051001324770
S2051001336551
S2051001346E47
S205100135654F
S2051001367241
S2051001376151
S205100138743D
S2051001396947
S20510013A6F40
S20510013B6E40
S20510013C733A
S20510013D208C
S20510013E6546
S20510013F7634
S2051001406F3A
S2051001416C3C
S2051001427532
S2051001437432
S205100144693C
S2051001456F35
S2051001466E35
S2051001470A98
S2051001480A97
S20510014900A0
S20510014A009F
S20510014B009E
S20510014C4756
S20510014D2577
S20510014E6437
S20510014F3A60
S2051001500A8F
S2051001510098
S2051001520097
S2051001530096
S2051001540A8B
S2051001550A8A
S2051001564D46
S205100157652D
S2051001586130
S205100159731D
S20510015A751A
S20510015B721C
S20510015C6528
S20510015D6428
S20510015E206B
S20510015F2565
S2051001607316
S2051001612068
S2051001624B3C
S2051001633551
S2051001642065
S2051001657311
S205100166691A
S2051001676E14
S205100168671A
S2051001696C14
S20510016A651A
S20510016B2D51
S20510016C7409
S20510016D6814
S20510016E7209
S20510016F6515
S2051001706118
S2051001716414
S2051001722057
S2051001736313
S20510017479FC
S2051001756311
S2051001766C07
S205100177650D
S20510017873FE
S2051001792050
S20510017A6609
S20510017B6FFF
S20510017C72FB
S20510017D204C
S20510017E2546
S20510017F6406
S2051001802049
S2051001816701
S2051001826502
S2051001836EF8
S2051001846500
S20510018572F2
S2051001866102
S20510018774EE
S20510018869F8
S2051001896FF1
S20510018A6EF1
S20510018B73EB
S20510018C0A53
S20510018D005C
S20510018E005B
S20510018F005A
S2051001902534
S20510019173E5
S2051001922037
S2051001934B0B
S2051001943520
S2051001952034
S20510019673E0
S20510019769E9
S2051001986EE3
S20510019967E9
S20510019A6CE3
S20510019B65E9
S20510019C2D20
S20510019D74D8
S20510019E68E3
S20510019F72D8
S2051001A065E4
S2051001A161E7
S2051001A264E3
S2051001A32026
S2051001A463E2
S2051001A579CB
S2051001A663E0
S2051001A76CD6
S2051001A865DC
S2051001A973CD
S2051001AA201F
S2051001AB70CE
S2051001AC65D8
S2051001AD72CA
S2051001AE201B
S2051001AF67D3
S2051001B065D4
S2051001B16ECA
S2051001B265D2
S2051001B372C4
S2051001B461D4
S2051001B574C0
S2051001B669CA
S2051001B76FC3
S2051001B86EC3
S2051001B973BD
S2051001BA200F
S2051001BB0A24
S2051001BC0A23
S2051001BD002C
S2051001BE002B
S2051001BF002A
S2051001C00A1F
S2051001C145E3
S2051001C252D5
S2051001C352D4
S2051001C44FD6
S2051001C552D2
S2051001C62003
S2051001C772B0
S2051001C865BC
S2051001C961BF
S2051001CA64BB
S2051001CB69B5
S2051001CC6EAF
S2051001CD67B5
S2051001CE20FB
S2051001CF69B1
S2051001D06EAB
S2051001D174A4
S2051001D26FA8
S2051001D320F6
S2051001D468AD
S2051001D565AF
S2051001D6789B
S2051001D720F2
S2051001D861B0
S2051001D920F0
S2051001DA6EA1
S2051001DB6F9F
S2051001DC6E9F
S2051001DD20EC
S2051001DE68A3
S2051001DF65A5
S2051001E07891
S2051001E120E8
S2051001E263A4
S2051001E3689E
S2051001E461A4
S2051001E57292
S2051001E62ED5
S2051001E70AF8
S2051001E80001
S2051001E90000
S2051001EA00FF
S2051001EB00FE
S2051001EC0AF3
S2051001ED45B7
S2051001EE52A9
S2051001EF52A8
S2051001F04FAA
S2051001F152A6
S2051001F220D7
S2051001F36492
S2051001F46590
S2051001F56391
S2051001F65F94
S2051001F7737F
S2051001F8747D
S2051001F9727E
S2051001FA5F90
S2051001FB747A
S2051001FC6F7E
S2051001FD5F8D
S2051001FE7576
S2051001FF6981
S2051002006E7A
S2051002017473
S20510020220C6
S205100203677E
S2051002046F75
S205100205746F
S20510020620C2
S2051002076180
S20510020820C0
S2051002096E71
S20510020A6F6F
S20510020B6E6F
S20510020C20BC
S20510020D6477
S20510020E6575
S20510020F6376
S205100210696F
S2051002116D6A
S2051002126175
S2051002136C69
S20510021420B4
S205100215646F
S2051002166969
S205100217676A
S2051002186967
S205100219745B
S20510021A20AE
S20510021B636A
S20510021C6864
S20510021D616A
S20510021E7258
S20510021F2E9B
S2051002200ABE
S20510022100C7
S20510022200C6
S20510022300C5
S20510022424A0
S2051002257053
S2051002267949
S205100227734E
S2051002286858
S205100229655A
S20510022A6C52
S20510022B6C51
S20510022C209C
S20510022D6F4C
S20510022E704A
S20510022F6554
S2051002306E4A
S2051002314671
S205100232694D
S2051002336C49
S205100234654F
S205100235288B
S2051002362290
S205100237258C
S205100238733D
S205100239228D
S20510023A2C82
S20510023B2786
S20510023C2587
S20510023D6348
S20510023E2783
S20510023F2980
S2051002400A9E
S20510024100A7
S20510024200A6
S20510024300A5
S2051002442480
S2051002457033
S2051002467929
S205100247732E
S2051002486838
S205100249653A
S20510024A6C32
S20510024B6C31
S20510024C207C
S20510024D6338
S20510024E6C2E
S20510024F6F2A
S2051002507325
S2051002516532
S2051002524650
S205100253692C
S2051002546C28
S205100255652E
S205100256286A
S205100257256C
S205100258642C
S2051002592966
S20510025A0A84
S20510025B008D
S20510025C5339
S20510025D7417
S20510025E6129
S20510025F7217
S2051002607414
S205100261691E
S2051002626E18
S205100263671E
S2051002642064
S2051002656C17
S2051002666F13
S2051002676120
S205100268641C
S205100269205F
S20510026A4638
S20510026B6914
S20510026C6C10
S20510026D6516
S20510026E205A
S20510026F2554
S2051002706414
S2051002710A6D
S2051002720076
S2051002730075
S2051002742450
S2051002757003
S20510027679F9
S20510027773FE
S2051002786808
S205100279650A
S20510027A6C02
S20510027B6C01
S20510027C204C
S20510027D6605
S20510027E73F7
S20510027F6306
S2051002806107
S2051002816EF9
S20510028273F3
S205100283283D
S205100284253F
S20510028564FF
S2051002862939
S2051002870A57
S2051002880060
S205100289005F
S20510028A005E
S20510028B005D
S20510028C4D0F
S20510028D65F6
S20510028E6DED
S20510028F6FEA
S20510029072E6
S20510029179DE
S2051002922036
S205100293460F
S20510029469EB
S2051002956CE7
S20510029665ED
S2051002972031
S205100298252B
S20510029964EB
S20510029A202E
S20510029B4C01
S20510029C6FDD
S20510029D61EA
S20510029E64E6
S20510029F65E4
S2051002A064E4
S2051002A10A3D
S2051002A20046
S2051002A30045
S2051002A42420
S2051002A570D3
S2051002A679C9
S2051002A773CE
S2051002A868D8
S2051002A965DA
S2051002AA6CD2
S2051002AB6CD1
S2051002AC201C
S2051002AD73C8
S2051002AE6FCB
S2051002AF63D6
S2051002B053E5
S2051002B174C3
S2051002B261D5
S2051002B372C3
S2051002B474C0
S2051002B546ED
S2051002B667CB
S2051002B765CC
S2051002B874BC
S2051002B948E7
S2051002BA65C9
S2051002BB78B5
S2051002BC46E6
S2051002BD2803
S2051002BE2505
S2051002BF64C5
S2051002C02CFC
S2051002C12502
S2051002C264C2
S2051002C32CF9
S2051002C430F4
S2051002C578AB
S2051002C625FD
S2051002C778A9
S2051002C829F7
S2051002C90A15
S2051002CA001E
S2051002CB001D
S2051002CC24F8
S2051002CD70AB
S2051002CE79A1
S2051002CF73A6
S2051002D068B0
S2051002D165B2
S2051002D26CAA
S2051002D36CA9
S2051002D420F4
S2051002D573A0
S2051002D66FA3
S2051002D763AE
S2051002D843CD
S2051002D968A7
S2051002DA65A9
S2051002DB63AA
S2051002DC6BA1
S2051002DD46C5
S2051002DE67A3
S2051002DF65A4
S2051002E07494
S2051002E148BF
S2051002E265A1
S2051002E3788D
S2051002E446BE
S2051002E528DB
S2051002E629D9
S2051002E70AF7
S2051002E80000
S2051002E900FF
S2051002EA00FE
S2051002EB00FD
S2051002EC24D8
S2051002ED708B
S2051002EE7981
S2051002EF7386
S2051002F06890
S2051002F16592
S2051002F26C8A
S2051002F36C89
S2051002F420D4
S2051002F57380
S2051002F67979
S2051002F7737E
S2051002F843AD
S2051002F9618E
S2051002FA6C82
S2051002FB6C81
S2051002FC28C4
S2051002FD22C9
S2051002FE25C5
S2051002FF7376
S20510030022C5
S20510030129BD
S2051003020ADB
S20510030300E4
S20510030424BF
S2051003057072
S2051003067968
S205100307736D
S2051003086877
S2051003096579
S20510030A6C71
S20510030B6C70
S20510030C20BB
S20510030D6773
S20510030E6574
S20510030F7464
S2051003105F78
S2051003117462
S205100312686D
S2051003137262
S205100314656E
S2051003156171
S205100316646D
S2051003175F71
S2051003186966
S205100319646A
S20510031A28A5
S20510031B29A3
S20510031C0AC1
S20510031D00CA
S20510031E00C9
S20510031F00C8
S20510032024A3
S2051003217056
S205100322794C
S2051003237351
S205100324685B
S205100325655D
S2051003266C55
S2051003276C54
S205100328209F
S205100329714D
S20510032A7548
S20510032B6953
S20510032C7447
S20510032D4179
S20510032E7049
S20510032F7048
S205100330288F
S205100331298D
S2051003320AAB
S20510033300B4
S2051003343083
S2051003353181
S205100336327F
S205100337337D
S205100338347B
S2051003393579
S20510033A3677
S20510033B3775
S20510033C3873
S20510033D3971
S20510033E6148
S20510033F6246
S2051003406344
S2051003416442
S2051003426540
S205100343663E
S205100344673C
S205100345683A
S2051003466938
S2051003476A36
S2051003486B34
S2051003496C32
S20510034A6D30
S20510034B6E2E
S20510034C6F2C
S20510034D702A
S20510034E7128
S20510034F7226
S2051003507324
S2051003517422
S2051003527520
S205100353761E
S205100354771C
S205100355781A
S2051003567918
S2051003577A16
S205100358008F
S205100359008E
S20510035A008D
S20510035B008C
S20510035C305B
S20510035D3159
S20510035E3257
S20510035F3355
S2051003603453
S2051003613551
S205100362364F
S205100363374D
S205100364384B
S2051003653949
S2051003664140
S205100367423E
S205100368433C
S205100369443A
S20510036A4538
S20510036B4636
S20510036C4734
S20510036D4832
S20510036E4930
S20510036F4A2E
S2051003704B2C
S2051003714C2A
S2051003724D28
S2051003734E26
S2051003744F24
S2051003755022
S2051003765120
S205100377521E
S205100378531C
S205100379541A
S20510037A5518
S20510037B5616
S20510037C5714
S20510037D5812
S20510037E5910
S20510037F5A0E
S2051003800067
S2051003810066
S2051003820065
S2051003830064
S2051003843C27
S2051003854E14
S205100386550C
S2051003874C14
S2051003884C13
S2051003893E20
S20510038A005D
S20510038B005C
S20510038C4417
S20510038D1743
S20510038E0059
S20510038F0058
S205100390C493
S2051003911640
S2051003920055
S2051003930054
S205100394C48F
S205100395163C
S2051003960051
S2051003970050
S2051003983817
S2051003991737
S20510039A004D
S20510039B004C
S20510039CC487
S20510039D1634
S20510039E0049
S20510039F0048
S2051003A0C483
S2051003A11630
S2051003A20045
S2051003A30044
S2051003A4C47F
S2051003A5162C
S2051003A60041
S2051003A70040
S2051003A8C47B
S2051003A91628
S2051003AA003D
S2051003AB003C
S2051003ACC477
S2051003AD1624
S2051003AE0039
S2051003AF0038
S2051003B0C473
S2051003B11620
S2051003B20035
S2051003B30034
S2051003B4C46F
S2051003B5161C
S2051003B60031
S2051003B70030
S2051003B82C03
S2051003B91717
S2051003BA002D
S2051003BB002C
S2051003BCC467
S2051003BD1614
S2051003BE0029
S2051003BF0028
S2051003C02007
S2051003C1170F
S2051003C20025
S2051003C30024
S2051003C4C45F
S2051003C5160C
S2051003C60021
S2051003C70020
S2051003C8C45B
S2051003C91608
S2051003CA001D
S2051003CB001C
S2051003CC1407
S2051003CD1703
S2051003CE0019
S2051003CF0018
S2051003D058BF
S2051003D11FF7
S2051003D20015
S2051003D30014
S2051003D450C3
S2051003D517FB
S2051003D60011
S2051003D70010
S2051003D850BF
S2051003D917F7
S2051003DA000D
S2051003DB000C
S2051003DC50BB
S2051003DD17F3
S2051003DE0009
S2051003DF0008
S2051003E050B7
S2051003E117EF
S2051003E20005
S2051003E30004
S2051003E450B3
S2051003E517EB
S2051003E60001
S2051003E70000
S2051003E850AF
S2051003E917E7
S2051003EA00FD
S2051003EB00FC
S2051003EC50AB
S2051003ED17E3
S2051003EE00F9
S2051003EF00F8
S2051003F050A7
S2051003F117DF
S2051003F200F5
S2051003F300F4
S2051003F450A3
S2051003F517DB
S2051003F600F1
S2051003F700F0
S2051003F8509F
S2051003F917D7
S2051003FA00ED
S2051003FB00EC
S2051003FC509B
S2051003FD17D3
S2051003FE00E9
S2051003FF00E8
S2051004005096
S20510040117CE
S20510040200E4
S20510040300E3
S2051004045092
S20510040517CA
S20510040600E0
S20510040700DF
S205100408508E
S20510040917C6
S20510040A00DC
S20510040B00DB
S20510040C508A
S20510040D17C2
S20510040E00D8
S20510040F00D7
S2051004105086
S20510041117BE
S20510041200D4
S20510041300D3
S2051004145082
S20510041517BA
S20510041600D0
S20510041700CF
S205100418507E
S20510041917B6
S20510041A00CC
S20510041B00CB
S20510041C507A
S20510041D17B2
S20510041E00C8
S20510041F00C7
S2051004205076
S20510042117AE
S20510042200C4
S20510042300C3
S2051004245072
S20510042517AA
S20510042600C0
S20510042700BF
S205100428506E
S20510042917A6
S20510042A00BC
S20510042B00BB
S20510042CE4D6
S20510042D2198
S20510042E00B8
S20510042F00B7
S2051004305066
S205100431179E
S20510043200B4
S20510043300B3
S2051004345062
S205100435179A
S20510043600B0
S20510043700AF
S205100438505E
S2051004391796
S20510043A00AC
S20510043B00AB
S20510043C505A
S20510043D1792
S20510043E00A8
S20510043F00A7
S2051004405056
S205100441178E
S20510044200A4
S20510044300A3
S2051004445052
S205100445178A
S20510044600A0
S205100447009F
S205100448504E
S2051004491786
S20510044A009C
S20510044B009B
S20510044C504A
S20510044D1782
S20510044E0098
S20510044F0097
S205100450DCBA
S2051004512174
S2051004520094
S2051004530093
S2051004545042
S205100455177A
S2051004560090
S205100457008F
S205100458ACE2
S2051004591974
S20510045A008C
S20510045B008B
S20510045C90FA
S20510045D2168
S20510045E0088
S20510045F0087
S2051004605036
S205100461176E
S2051004620084
S2051004630083
S2051004645032
S205100465176A
S2051004660080
S205100467007F
S205100468502E
S2051004691766
S20510046A007C
S20510046B007B
S20510046C502A
S20510046D1762
S20510046E0078
S20510046F0077
S20510047090E6
S2051004712154
S2051004720074
S2051004730073
S2051004745022
S205100475175A
S2051004760070
S205100477006F
S205100478501E
S2051004791756
S20510047A006C
S20510047B006B
S20510047C501A
S20510047D1752
S20510047E0068
S20510047F0067
S2051004805016
S205100481174E
S2051004820064
S2051004830063
S2051004845012
S205100485174A
S2051004860060
S205100487005F
S20510048868F6
S2051004891845
S20510048A005C
S20510048B005B
S20510048C68F2
S20510048D1940
S20510048E0058
S20510048F0057
S2051004905006
S205100491173E
S2051004920054
S2051004930053
S2051004945002
S205100495173A
S2051004960050
S205100497004F
S20510049874DA
S2051004991835
S20510049A004C
S20510049B004B
S20510049C50FA
S20510049D1732
S20510049E0048
S20510049F0047
S2051004A0380E
S2051004A1182D
S2051004A20044
S2051004A30043
S2051004A450F2
S2051004A5172A
S2051004A60040
S2051004A7003F
S2051004A850EE
S2051004A91726
S2051004AA003C
S2051004AB003B
S2051004ACA09A
S2051004AD1920
S2051004AE0038
S2051004AF0037
S2051004B00036
S2051004B11E17
S2051004B20034
S2051004B30033
S2051004B454DE
S2051004B5171A
S2051004B60030
S2051004B7002F
S2051004B854DA
S2051004B91716
S2051004BA002C
S2051004BB002B
S2051004BC54D6
S2051004BD1712
S2051004BE0028
S2051004BF0027
S2051004C054D2
S2051004C1170E
S2051004C20024
S2051004C30023
S2051004C454CE
S2051004C5170A
S2051004C60020
S2051004C7001F
S2051004C854CA
S2051004C91706
S2051004CA001C
S2051004CB001B
S2051004CC54C6
S2051004CD1702
S2051004CE0018
S2051004CF0017
S2051004D054C2
S2051004D117FE
S2051004D20014
S2051004D30013
S2051004D454BE
S2051004D517FA
S2051004D60010
S2051004D7000F
S2051004D854BA
S2051004D917F6
S2051004DA000C
S2051004DB000B
S2051004DC54B6
S2051004DD17F2
S2051004DE0008
S2051004DF0007
S2051004E054B2
S2051004E117EE
S2051004E20004
S2051004E30003
S2051004E454AE
S2051004E517EA
S2051004E60000
S2051004E700FF
S2051004E854AA
S2051004E917E6
S2051004EA00FC
S2051004EB00FB
S2051004EC54A6
S2051004ED17E2
S2051004EE00F8
S2051004EF00F7
S2051004F054A2
S2051004F117DE
S2051004F200F4
S2051004F300F3
S2051004F4549E
S2051004F517DA
S2051004F600F0
S2051004F700EF
S2051004F8549A
S2051004F917D6
S2051004FA00EC
S2051004FB00EB
S2051004FC5496
S2051004FD17D2
S2051004FE00E8
S2051004FF00E7
S2051005005491
S20510050117CD
S20510050200E3
S20510050300E2
S205100504548D
S20510050517C9
S20510050600DF
S20510050700DE
S2051005085489
S20510050917C5
S20510050A00DB
S20510050B00DA
S20510050CF4E5
S20510050D1DBB
S20510050E00D7
S20510050F00D6
S2051005105481
S20510051117BD
S20510051200D3
S20510051300D2
S205100514547D
S20510051517B9
S20510051600CF
S20510051700CE
S2051005185479
S20510051917B5
S20510051A00CB
S20510051B00CA
S20510051C5475
S20510051D17B1
S20510051E00C7
S20510051F00C6
S2051005205471
S20510052117AD
S20510052200C3
S20510052300C2
S205100524546D
S20510052517A9
S20510052600BF
S20510052700BE
S2051005285469
S20510052917A5
S20510052A00BB
S20510052B00BA
S20510052C5465
S20510052D17A1
S20510052E00B7
S20510052F00B6
S205100530E0D5
S2051005311A9A
S20510053200B3
S20510053300B2
S205100534545D
S2051005351799
S20510053600AF
S20510053700AE
S205100538B0FD
S2051005391993
S20510053A00AB
S20510053B00AA
S20510053CC0E9
S20510053D1A8E
S20510053E00A7
S20510053F00A6
S2051005405451
S205100541178D
S20510054200A3
S20510054300A2
S205100544544D
S2051005451789
S205100546009F
S205100547009E
S2051005485449
S2051005491785
S20510054A009B
S20510054B009A
S20510054C5445
S20510054D1781
S20510054E0097
S20510054F0096
S205100550C0D5
S2051005511A7A
S2051005520093
S2051005530092
S205100554543D
S2051005551779
S205100556008F
S205100557008E
S2051005585439
S2051005591775
S20510055A008B
S20510055B008A
S20510055C5435
S20510055D1771
S20510055E0087
S20510055F0086
S2051005605431
S205100561176D
S2051005620083
S2051005630082
S205100564542D
S2051005651769
S205100566007F
S205100567007E
S2051005686C11
S2051005691864
S20510056A007B
S20510056B007A
S20510056C6C0D
S20510056D195F
S20510056E0077
S20510056F0076
S2051005705421
S205100571175D
S2051005720073
S2051005730072
S205100574541D
S2051005751759
S205100576006F
S205100577006E
S20510057878F5
S2051005791854
S20510057A006B
S20510057B006A
S20510057C5415
S20510057D1751
S20510057E0067
S20510057F0066
S2051005803C29
S205100581184C
S2051005820063
S2051005830062
S205100584540D
S2051005851749
S205100586005F
S205100587005E
S2051005885409
S2051005891745
S20510058A005B
S20510058B005A
S20510058CA4B5
S20510058D193F
S20510058E0057
S20510058F0056
S2051005901441
S2051005910054
S2051005920053
S20510059380D2
S80400008477
