S00F000068656C6C6F5F6B352E733139D2
S20500000013E7
S20500000100F9
S20500000200F8
S20500000300F7
S20500000413E3
S20500000500F5
S20500000600F4
S20500000700F3
S20500000813DF
S20500000900F1
S20500000A00F0
S20500000B00EF
S20500000C13DB
S20500000D00ED
S20500000E00EC
S20500000F00EB
S20500001013D7
S20500001100E9
S20500001200E8
S20500001300E7
S20500001413D3
S20500001500E5
S20500001600E4
S20500001700E3
S20500001813CF
S20500001900E1
S20500001A00E0
S20500001B00DF
S20500001C13CB
S20500001D00DD
S20500001E00DC
S20500001F00DB
S20500002013C7
S20500002100D9
S20500002200D8
S20500002300D7
S20500002413C3
S20500002500D5
S20500002600D4
S20500002700D3
S20500002813BF
S20500002900D1
S20500002A00D0
S20500002B00CF
S20500002C13BB
S20500002D00CD
S20500002E00CC
S20500002F00CB
S20500003013B7
S20500003100C9
S20500003200C8
S20500003300C7
S20500003413B3
S20500003500C5
S20500003600C4
S20500003700C3
S20500003813AF
S20500003900C1
S20500003A00C0
S20500003B00BF
S20500003C13AB
S20500003D00BD
S20500003E00BC
S20500003F00BB
S20500004013A7
S20500004100B9
S20500004200B8
S20500004300B7
S20500004413A3
S20500004500B5
S20500004600B4
S20500004700B3
S205000048139F
S20500004900B1
S20500004A00B0
S20500004B00AF
S20500004C139B
S20500004D00AD
S20500004E00AC
S20500004F00AB
S2050000501397
S20500005100A9
S20500005200A8
S20500005300A7
S2050000541393
S20500005500A5
S20500005600A4
S20500005700A3
S205000058138F
S20500005900A1
S20500005A00A0
S20500005B009F
S20500005C138B
S20500005D009D
S20500005E009C
S20500005F009B
S2050000601387
S2050000610099
S2050000620098
S2050000630097
S2050000641383
S2050000650095
S2050000660094
S2050000670093
S205000068137F
S2050000690091
S20500006A0090
S20500006B008F
S20500006C137B
S20500006D008D
S20500006E008C
S20500006F008B
S2050000701377
S2050000710089
S2050000720088
S2050000730087
S2050000741373
S2050000750085
S2050000760084
S2050000770083
S205000078136F
S2050000790081
S20500007A0080
S20500007B007F
S20500007C136B
S20500007D007D
S20500007E007C
S20500007F007B
S2050000806F0B
S2050000810079
S2050000824038
S2050000830077
S20500008493E3
S2050000850075
S2050000860074
S2050000870073
S205000088135F
S20500008981F0
S20500008A0070
S20500008B006F
S20500008C93DB
S20500008D81EC
S20500008E006C
S20500008F006B
S2050000901357
S20500009182E7
S2050000920068
S2050000930067
S20500009493D3
S20500009582E3
S2050000960064
S2050000970063
S205000098134F
S20500009983DE
S20500009A0060
S20500009B005F
S20500009C93CB
S20500009D83DA
S20500009E005C
S20500009F005B
S2050000A01347
S2050000A184D5
S2050000A20058
S2050000A30057
S2050000A493C3
S2050000A584D1
S2050000A60054
S2050000A70053
S2050000A8133F
S2050000A985CC
S2050000AA0050
S2050000AB004F
S2050000AC93BB
S2050000AD85C8
S2050000AE004C
S2050000AF004B
S2050000B01337
S2050000B186C3
S2050000B20048
S2050000B30047
S2050000B493B3
S2050000B586BF
S2050000B60044
S2050000B70043
S2050000B8132F
S2050000B987BA
S2050000BA0040
S2050000BB003F
S2050000BC93AB
S2050000BD87B6
S2050000BE003C
S2050000BF003B
S2050000C01327
S2050000C188B1
S2050000C20038
S2050000C30037
S2050000C493A3
S2050000C588AD
S2050000C60034
S2050000C70033
S2050000C8131F
S2050000C989A8
S2050000CA0030
S2050000CB002F
S2050000CC939B
S2050000CD89A4
S2050000CE002C
S2050000CF002B
S2050000D01317
S2050000D18A9F
S2050000D20028
S2050000D30027
S2050000D49393
S2050000D58A9B
S2050000D60024
S2050000D70023
S2050000D8130F
S2050000D98B96
S2050000DA0020
S2050000DB001F
S2050000DC938B
S2050000DD8B92
S2050000DE001C
S2050000DF001B
S2050000E01307
S2050000E18C8D
S2050000E20018
S2050000E30017
S2050000E49383
S2050000E58C89
S2050000E60014
S2050000E70013
S2050000E813FF
S2050000E98D84
S2050000EA0010
S2050000EB000F
S2050000EC937B
S2050000ED8D80
S2050000EE000C
S2050000EF000B
S2050000F013F7
S2050000F18E7B
S2050000F20008
S2050000F30007
S2050000F49373
S2050000F58E77
S2050000F60004
S2050000F70003
S2050000F813EF
S2050000F98F72
S2050000FA0000
S2050000FB00FF
S2050000FC936B
S2050000FD8F6E
S2050000FE00FC
S2050000FF00FB
S20500010017E2
S20500010121D7
S20500010210E7
S20500010300F6
S20500010413E2
S20500010501F3
S20500010601F2
S205000107DF13
S20500010817DA
S2050001090DE3
S20500010A10DF
S20500010B00EE
S20500010C13DA
S20500010D0DDF
S20500010E4D9E
S20500010F22C8
S2050001109752
S2050001110DDB
S20500011210D7
S20500011300E6
S2050001149352
S2050001158D57
S2050001164D96
S20500011722C0
S205000118637E
S2050001195888
S20500011ABD22
S20500011B01DD
S20500011C23BA
S20500011D20BC
S20500011E0DCE
S20500011F00DA
S20500012013C6
S2050001210DCB
S2050001224D8A
S20500012300D6
S205000124E3F2
S205000125DCF8
S205000126AD26
S205000127FFD3
S205000128EFE2
S20500012900D0
S20500012AC00F
S20500012B0CC2
S20500012C13BA
S20500012D05C7
S20500012E00CB
S20500012F00CA
S2050001309336
S20500013105C3
S20500013200C7
S20500013300C6
S205000134EFD6
S20500013500C4
S2050001364083
S2050001373E84
S205000138EFD2
S20500013900C0
S20500013A00BF
S20500013B00BE
S20500013C6756
S20500013D803C
S20500013E00BB
S20500013F00BA
S2050001406356
S2050001414078
S20500014205B2
S20500014306B0
S2050001446352
S205000145C6EE
S20500014605AE
S20500014706AC
S205000148139E
S205000149862A
S20500014A05AA
S20500014B00AE
S20500014C931A
S20500014D05A7
S20500014E05A6
S20500014F00AA
S2050001501396
S20500015105A3
S205000152F0B7
S205000153FFA7
S2050001546342
S2050001550C98
S205000156069D
S20500015702A0
S205000158930E
S205000159069A
S20500015A108F
S20500015B009E
S20500015C633A
S20500015D7A22
S20500015EB6E5
S20500015F009A
S2050001606336
S2050001615840
S205000162C0D7
S2050001630096
S2050001641382
S205000165167E
S205000166167D
S2050001670092
S20500016893FE
S20500016996FA
S20500016A1679
S20500016B008E
S20500016CE3AA
S20500016D6A22
S20500016EB6D5
S20500016FFE8C
S2050001701376
S2050001710583
S2050001720087
S2050001730086
S2050001746322
S205000175E69E
S205000176C5BE
S2050001770082
S205000178B3CE
S20500017985FB
S20500017AC5BA
S20500017B403E
S20500017C334A
S20500017D6517
S20500017ED5A6
S20500017F007A
S20500018093E6
S205000181D6A2
S2050001821661
S2050001830076
S2050001841362
S205000185561E
S205000186165D
S2050001870072
S205000188E38E
S20500018996DA
S20500018A0669
S20500018BFE70
S20500018C6706
S20500018D80EC
S20500018E006B
S20500018F006A
S20500019093D6
S20500019182E6
S2050001920067
S2050001930066
S205000194EF76
S205000195F074
S2050001965F04
S205000197FB67
S205000198134E
S20500019985DB
S20500019A055A
S20500019B005E
S20500019C67F6
S20500019D80DC
S20500019E0259
S20500019F005A
S2050001A03326
S2050001A10553
S2050001A2A0B7
S2050001A34016
S2050001A463F2
S2050001A5480C
S2050001A6B0A3
S2050001A70052
S2050001A8B39E
S2050001A9054B
S2050001AAB09F
S2050001AB400E
S2050001AC6FDE
S2050001ADF05C
S2050001AEDF6C
S2050001AFF951
S2050001B0B396
S2050001B10543
S2050001B2B097
S2050001B34006
S2050001B493B2
S2050001B582C2
S2050001B60043
S2050001B70042
S2050001B8EF52
S2050001B9F050
S2050001BA1F20
S2050001BBF945
S2050001BC330A
S2050001BD0537
S2050001BEA09B
S2050001BF40FA
S2050001C067D2
S2050001C180B8
S2050001C20235
S2050001C30036
S2050001C493A2
S2050001C582B2
S2050001C60033
S2050001C70032
S2050001C863CE
S2050001C9CA66
S2050001CA052A
S2050001CB002E
S2050001CC63CA
S2050001CD4CE0
S2050001CE0526
S2050001CF002A
S2050001D0EF3A
S2050001D1F038
S2050001D29F88
S2050001D3F72F
S2050001D41312
S2050001D5859F
S2050001D6051E
S2050001D70022
S2050001D867BA
S2050001D980A0
S2050001DA021D
S2050001DB001E
S2050001DCB36A
S2050001DD0517
S2050001DEB06B
S2050001DF40DA
S2050001E0E336
S2050001E158C0
S2050001E20512
S2050001E3FE18
S2050001E433E2
S2050001E5050F
S2050001E6A073
S2050001E740D2
S2050001E8EF22
S2050001E9F020
S2050001EA1FF0
S2050001EBF618
S2050001EC33DA
S2050001ED0507
S2050001EEB05B
S2050001EF40CA
S2050001F067A2
S2050001F18088
S2050001F20205
S2050001F30006
S2050001F413F2
S2050001F50103
S2050001F60102
S2050001F7FF03
S2050001F823DE
S2050001F924DC
S2050001FA817E
S2050001FB00FE
S2050001FC23DA
S2050001FD20DC
S2050001FE21DA
S2050001FF01F9
S2050002009761
S20500020107F0
S20500020210E6
S20500020300F5
S2050002049361
S205000205876C
S20500020607EB
S205000207E011
S20500020817D9
S20500020904EB
S20500020A10DE
S20500020B00ED
S20500020C13D9
S20500020D04E7
S20500020E8466
S20500020FDF0A
S20500021023C5
S20500021126C1
S20500021211D5
S20500021300E5
S20500021423C1
S20500021522C1
S2050002169151
S20500021700E1
S20500021833AD
S2050002198956
S20500021A8757
S20500021B409D
S20500021C6379
S20500021D805B
S20500021E8753
S20500021F02D7
S20500022013C5
S205000221597E
S20500022229AD
S2050002234095
S2050002249341
S20500022504CF
S20500022600D2
S20500022700D1
S205000228834D
S20500022927A8
S20500022A04CA
S20500022B00CD
S20500022C9339
S20500022D8447
S20500022E14B6
S20500022F00C9
S20500023013B5
S20500023104C3
S2050002324482
S20500023300C5
S205000234E7DD
S2050002358043
S20500023607BB
S20500023700C1
S205000238E3DD
S205000239E8D7
S20500023A249A
S20500023BFFBE
S20500023C9725
S20500023D07B4
S20500023E10AA
S20500023F00B9
S2050002409325
S2050002418730
S205000242476F
S205000243DCD9
S205000244179D
S20500024504AF
S20500024610A2
S20500024700B1
S205000248139D
S20500024904AB
S20500024AC4EA
S20500024BDBD2
S20500024C3379
S20500024D8922
S20500024E8723
S20500024F4069
S2050002501395
S205000251594E
S205000252297D
S2050002534065
S2050002546341
S2050002558E15
S205000256871B
S20500025700A1
S205000258930D
S205000259049B
S20500025A009E
S20500025B009D
S20500025C8319
S20500025D2774
S20500025E0496
S20500025F0099
S2050002609305
S2050002618413
S2050002621482
S2050002630095
S2050002641381
S205000265048F
S205000266444E
S2050002670091
S205000268E7A9
S205000269800F
S20500026A0787
S20500026B008D
S20500026CE3A9
S20500026DE8A3
S20500026E2466
S20500026FFF8A
S2050002708305
S2050002712067
S205000272C1C5
S2050002730085
S2050002740381
S205000275245F
S2050002768101
S2050002770081
S20500027883FD
S205000279245B
S20500027A413D
S20500027B007D
S20500027C0379
S20500027D2952
S20500027E0179
S20500027F0079
S2050002801365
S2050002810176
S2050002820175
S2050002830174
S205000284670D
S20500028580F3
S2050002860072
S2050002870071
S205000288135D
S205000289036C
S20500028AF07E
S20500028B006D
S20500028C1359
S20500028D0764
S20500028E0565
S20500028F0069
S2050002906305
S2050002917EE9
S205000292C3A3
S2050002930263
S20500029493D1
S20500029577EC
S205000296F76B
S2050002970061
S20500029863FD
S20500029990CF
S20500029A0757
S20500029B0A53
S20500029C63F9
S20500029D92C9
S20500029E0555
S20500029F0851
S2050002A093C5
S2050002A176E1
S2050002A20650
S2050002A3FF56
S2050002A41341
S2050002A576DD
S2050002A6F65C
S2050002A70051
S2050002A8B39D
S2050002A986C9
S2050002AAE668
S2050002AB004D
S2050002AC2329
S2050002AD202B
S2050002AEB793
S2050002AF0049
S2050002B02325
S2050002B12225
S2050002B2B78F
S2050002B30045
S2050002B42321
S2050002B5241F
S2050002B6B78B
S2050002B70041
S2050002B8231D
S2050002B92619
S2050002BAB787
S2050002BB003D
S2050002BC1329
S2050002BD0734
S2050002BE0733
S2050002BF0138
S2050002C0E355
S2050002C166D1
S2050002C2D75F
S2050002C3FE37
S2050002C463D1
S2050002C5141F
S2050002C6062C
S2050002C70031
S2050002C867C9
S2050002C980AF
S2050002CA002E
S2050002CB002D
S2050002CCB379
S2050002CD0625
S2050002CEC367
S2050002CF40E9
S2050002D09395
S2050002D19691
S2050002D22600
S2050002D30025
S2050002D4978D
S2050002D50221
S2050002D60022
S2050002D70021
S2050002D8B36D
S2050002D98699
S2050002DA56C8
S2050002DB001D
S2050002DC67B5
S2050002DD809B
S2050002DEC654
S2050002DF0019
S2050002E023F5
S2050002E10710
S2050002E2B75F
S2050002E30015
S2050002E4A371
S2050002E5060D
S2050002E6B75B
S2050002E70011
S2050002E823ED
S2050002E90609
S2050002EAB757
S2050002EB000D
S2050002ECA369
S2050002ED0506
S2050002EEB753
S2050002EF0009
S2050002F023E5
S2050002F10502
S2050002F2B74F
S2050002F30005
S2050002F4A361
S2050002F504FF
S2050002F6B74B
S2050002F70001
S2050002F823DD
S2050002F904FB
S2050002FAB747
S2050002FB00FD
S2050002FCA359
S2050002FD03F8
S2050002FEB743
S2050002FF00F9
S20500030023D4
S20500030103F3
S205000302B73E
S20500030300F4
S205000304A350
S20500030502F0
S205000306B73A
S20500030700F0
S20500030823CC
S20500030902EC
S20500030AB736
S20500030B00EC
S20500030CA348
S20500030D01E9
S20500030EB732
S20500030F00E8
S20500031023C4
S20500031101E5
S205000312B72E
S20500031300E4
S205000314A340
S20500031500E2
S205000316B72A
S20500031700E0
S20500031823BC
S20500031900DE
S20500031AB726
S20500031B00DC
S20500031C6774
S20500031D805A
S20500031E00D9
S20500031F00D8
S2050003209344
S205000321F5E1
S205000322F5E0
S2050003230FC5
S2050003249340
S205000325963C
S205000326854C
S20500032700D0
S205000328B31C
S205000329E5E9
S20500032AD5F8
S20500032B00CC
S20500032C9338
S20500032D9634
S20500032E05C4
S20500032F01C7
S205000330B314
S205000331E5E1
S205000332D5F0
S20500033300C4
S2050003346F54
S205000335F0D2
S205000336DFE2
S205000337F6CA
S205000338932C
S2050003399628
S20500033A2796
S20500033B00BC
S20500033C9724
S20500033D02B8
S20500033E00B9
S20500033F00B8
S205000340B304
S2050003418630
S205000342565F
S20500034300B4
S2050003449320
S2050003458230
S20500034600B1
S20500034700B0
S205000348E7C8
S205000349802E
S20500034A06A7
S20500034BFAB2
S20500034C9318
S20500034D802A
S20500034E02A7
S20500034F00A8
S2050003509314
S205000351871F
S205000352079E
S205000353FFA5
S2050003543370
S205000355079B
S205000356F7AA
S2050003574060
S205000358336C
S2050003590698
S20500035AF6A7
S20500035B009C
S20500035CE3B8
S20500035D7822
S20500035EC3D6
S20500035FF6A2
S2050003606F28
S205000361F0A6
S205000362DFB6
S205000363F3A1
S205000364B3E0
S205000365C7CB
S205000366A5EC
S2050003670090
S20500036893FC
S205000369F797
S20500036A3756
S20500036B008C
S20500036CB3D8
S20500036D0882
S20500036EC5C4
S20500036F0088
S2050003706324
S20500037194F2
S205000372077E
S205000373067E
S20500037493F0
S205000375077B
S2050003763051
S2050003770080
S205000378631C
S205000379F08E
S20500037AC7B6
S20500037B0676
S20500037C93E8
S20500037D7703
S20500037E3544
S20500037F0078
S2050003801364
S205000381076F
S2050003820570
S2050003830074
S2050003846310
S2050003859AD8
S205000386076A
S205000387066A
S205000388135C
S205000389F678
S20500038AC8A5
S20500038BFF6D
S20500038CB3B8
S20500038D0664
S20500038EE683
S20500038F4028
S20500039093D4
S205000391075F
S2050003920065
S2050003930262
S2050003946300
S205000395CE94
S205000396D78A
S2050003970858
S20500039893CC
S20500039986D8
S20500039A0558
S20500039B005C
S20500039C93C8
S20500039D0753
S20500039E0752
S20500039F0058
S2050003A063F4
S2050003A178DE
S2050003A2C78E
S2050003A30252
S2050003A40350
S2050003A5A8AA
S2050003A6064B
S2050003A70050
S2050003A893BC
S2050003A987C7
S2050003AA4706
S2050003AB004C
S2050003AC93B8
S2050003AD86C4
S2050003AE4603
S2050003AF0048
S2050003B02324
S2050003B1AE98
S2050003B2073E
S2050003B3FF45
S2050003B4E360
S2050003B5E85A
S2050003B6C77A
S2050003B7FE42
S2050003B893AC
S2050003B90737
S2050003BAF647
S2050003BBFF3D
S2050003BCB388
S2050003BD87B3
S2050003BEE752
S2050003BF40F8
S2050003C093A4
S2050003C1F73F
S2050003C2C76E
S2050003C3FF35
S2050003C493A0
S2050003C587AB
S2050003C647EA
S2050003C70030
S2050003C833FC
S2050003C90727
S2050003CAF736
S2050003CB002C
S2050003CCB378
S2050003CD85A5
S2050003CEF534
S2050003CF0028
S2050003D063C4
S2050003D168BE
S2050003D2170E
S2050003D30123
S2050003D467BC
S2050003D580A2
S2050003D60021
S2050003D70020
S2050003D8130C
S2050003D90717
S2050003DA0518
S2050003DB001C
S2050003DC63B8
S2050003DD78A2
S2050003DE1504
S2050003DF0513
S2050003E08394
S2050003E1C74F
S2050003E20510
S2050003E30014
S2050003E41300
S2050003E5070B
S2050003E617FA
S2050003E70010
S2050003E8937C
S2050003E98589
S2050003EA15F8
S2050003EB000C
S2050003ECA368
S2050003ED0FFB
S2050003EEF712
S2050003EFFE0A
S2050003F0E324
S2050003F1986E
S2050003F2E81D
S2050003F3FE06
S2050003F4679C
S2050003F58082
S2050003F60001
S2050003F70000
S2050003F8837C
S2050003F9C638
S2050003FA05F8
S2050003FB00FC
S2050003FC13E8
S2050003FD07F3
S2050003FE17E2
S2050003FF00F8
S2050004009363
S205000401777E
S20500040237BD
S20500040300F3
S205000404A34F
S2050004050FE2
S205000406D719
S205000407FEF1
S205000408935B
S2050004098568
S20500040A15D7
S20500040B00EB
S20500040CE307
S20500040D8E5B
S20500040E07E1
S20500040FF6F1
S2050004108363
S205000411C61F
S20500041205DF
S20500041300E3
S20500041413CF
S20500041507DA
S20500041617C9
S20500041700DF
S205000418934B
S2050004197766
S20500041A37A5
S20500041B00DB
S20500041CA337
S20500041D0FCA
S20500041ED701
S20500041FFED9
S2050004209343
S2050004218550
S20500042215BF
S20500042300D3
S205000424E3EF
S2050004259A37
S20500042607C9
S205000427FCD3
S2050004286F5F
S205000429F0DD
S20500042A1FAD
S20500042BF6D5
S20500042C6763
S20500042D8049
S20500042E00C8
S20500042F00C7
S20500043013B3
S20500043101C4
S20500043201C3
S205000433FFC4
S205000434239F
S205000435269B
S205000436813F
S20500043700BF
S20500043813AB
S20500043904B9
S20500043A00BC
S20500043B02B9
S20500043C8337
S20500043DA316
S20500043E05B3
S20500043F00B7
S2050004408333
S205000441A213
S205000442456F
S20500044300B3
S205000444832F
S205000445AF02
S205000446852B
S20500044700AF
S20500044803AB
S205000449AFFE
S20500044AC5E7
S20500044B00AB
S20500044C8327
S20500044DAEFB
S20500044E05A3
S20500044F01A6
S20500045003A3
S205000451AEF7
S205000452455F
S20500045301A2
S205000454039F
S205000455A3FE
S205000456851B
S205000457019E
S205000458039B
S205000459A8F5
S20500045AC5D7
S20500045B019A
S20500045C8317
S20500045DA6F3
S20500045E0593
S20500045F0295
S2050004601383
S205000461078E
S205000462474D
S2050004630291
S205000464B3DF
S205000465078A
S205000466E6AA
S205000467404F
S205000468236B
S2050004692E5F
S20500046A7715
S20500046BFC8F
S20500046C2367
S20500046D2069
S20500046E5731
S20500046FFE89
S2050004702363
S2050004712263
S205000472F78D
S205000473FF84
S205000474235F
S205000475245D
S205000476E799
S205000477FF80
S205000478235B
S2050004792657
S20500047AD7A5
S20500047BFF7C
S20500047C2357
S20500047D2851
S20500047EC7B1
S20500047FFF78
S2050004802353
S2050004812A4B
S205000482670D
S205000483FE75
S205000484234F
S2050004852C45
S2050004860769
S205000487FF70
S205000488234B
S2050004892E3F
S20500048AD795
S20500048BFE6D
S20500048C93D7
S20500048D85E4
S20500048E4523
S20500048F0265
S205000490E383
S205000491461F
S205000492F470
S205000493FA69
S20500049493CF
S20500049586DB
S205000496055B
S205000497005F
S20500049893CB
S2050004990756
S20500049A0755
S20500049B005B
S20500049C63F7
S20500049D78E1
S20500049EC791
S20500049F0255
S2050004A00353
S2050004A1A8AD
S2050004A2064E
S2050004A30053
S2050004A493BF
S2050004A587CA
S2050004A64709
S2050004A7004F
S2050004A893BB
S2050004A986C7
S2050004AA4606
S2050004AB004B
S2050004AC2327
S2050004ADAE9B
S2050004AE0741
S2050004AFFF48
S2050004B0E363
S2050004B1E85D
S2050004B2C77D
S2050004B3FE45
S2050004B493AF
S2050004B5073A
S2050004B6F64A
S2050004B7FF40
S2050004B8B38B
S2050004B987B6
S2050004BAE755
S2050004BB40FB
S2050004BC93A7
S2050004BDF742
S2050004BEC771
S2050004BFFF38
S2050004C093A3
S2050004C187AE
S2050004C247ED
S2050004C30033
S2050004C433FF
S2050004C5072A
S2050004C6F739
S2050004C7002F
S2050004C8B37B
S2050004C985A8
S2050004CAF537
S2050004CB002B
S2050004CC63C7
S2050004CD68C1
S2050004CE1711
S2050004CF0126
S2050004D00323
S2050004D12401
S2050004D2C163
S2050004D30023
S2050004D4130F
S2050004D50120
S2050004D6011F
S2050004D7011E
S2050004D867B7
S2050004D9809D
S2050004DA001C
S2050004DB001B
S2050004DC8397
S2050004DDC752
S2050004DE0513
S2050004DF0017
S2050004E01303
S2050004E1070E
S2050004E217FD
S2050004E30013
S2050004E4937F
S2050004E5858C
S2050004E615FB
S2050004E7000F
S2050004E8A36B
S2050004E90FFE
S2050004EAF715
S2050004EBFE0D
S2050004ECE327
S2050004ED8287
S2050004EEE820
S2050004EFFE09
S2050004F08383
S2050004F1C73E
S2050004F205FF
S2050004F30003
S2050004F413EF
S2050004F507FA
S2050004F617E9
S2050004F700FF
S2050004F8936B
S2050004F98578
S2050004FA15E7
S2050004FB00FB
S2050004FCA357
S2050004FD0FEA
S2050004FEF701
S2050004FFFEF9
S205000500E312
S2050005019E56
S205000502E80B
S205000503FCF6
S2050005046F82
S205000505F000
S205000506DF10
S205000507FCF2
S20500050800ED
S20500050900EC
S20500050A00EB
S20500050B00EA
S20500050C00E9
S20500050D00E8
S20500050E00E7
S20500050F00E6
S20500051000E5
S20500051100E4
S20500051200E3
S20500051300E2
S20500051400E1
S20500051500E0
S20500051600DF
S20500051700DE
S20500051837A6
S20500051905D7
S20500051A10CB
S20500051B00DA
S20500051C13C6
S20500051D01D7
S20500051E01D6
S20500051FFADC
S20500052013C2
S20500052105CF
S20500052205CE
S20500052300D2
S20500052423AE
S2050005252EA2
S20500052611BE
S20500052704CA
S20500052823AA
S2050005292CA0
S20500052A814A
S20500052B04C6
S20500052CEFDA
S20500052D10B8
S20500052E4087
S20500052F1EA8
S205000530378E
S20500053105BF
S20500053210B3
S20500053300C2
S20500053413AE
S20500053505BB
S205000536853A
S20500053701BD
S205000538EFCE
S20500053900BC
S20500053AC0FB
S20500053B15A5
S20500053C9326
S20500053D05B3
S20500053E01B6
S20500053F00B6
S20500054013A2
S20500054104B0
S20500054205AE
S20500054300B2
S205000544EFC2
S20500054500B0
S205000546802F
S2050005471A94
S2050005483776
S20500054905A7
S20500054A109B
S20500054B00AA
S20500054C9316
S20500054D05A3
S20500054E01A6
S20500054F00A6
S2050005501392
S205000551059F
S205000552851E
S205000553039F
S205000554EFB2
S2050005551090
S205000556C0DF
S2050005571B83
S205000558138A
S2050005590597
S20500055A0497
S20500055B009A
S20500055CEFAA
S20500055D0098
S20500055E4057
S20500055F1680
S205000560EFA6
S2050005610094
S2050005628013
S2050005632072
S205000564830E
S2050005652070
S205000566C1CE
S2050005670589
S205000568038A
S2050005692468
S20500056A810A
S20500056B0585
S20500056C1376
S20500056D0583
S20500056E0087
S20500056F0086
S2050005701372
S2050005710183
S2050005720182
S205000573067C
S205000574671A
S2050005758000
S205000576007F
S205000577007E
S205000578B7C6
S2050005790775
S20500057A106B
S20500057B007A
S20500057C3742
S20500057D0F69
S20500057E1067
S20500057F0076
S20500058083F2
S205000581AEC6
S20500058287EC
S2050005833240
S205000584036E
S205000585234D
S2050005860F60
S205000587333B
S20500058893DA
S2050005890864
S20500058A006B
S20500058B105A
S20500058C93D6
S20500058DD890
S20500058E184F
S20500058F0066
S205000590372E
S2050005912E36
S2050005921053
S2050005930062
S20500059493CE
S2050005950759
S205000596104F
S205000597005E
S20500059893CA
S2050005998FCD
S20500059A88D3
S20500059BFF5B
S20500059C2336
S20500059DA0B8
S20500059EFE59
S20500059F0056
S2050005A093C2
S2050005A1054F
S2050005A21340
S2050005A30052
S2050005A493BE
S2050005A588C8
S2050005A678D7
S2050005A7FF4F
S2050005A8133A
S2050005A90646
S2050005AA0E3D
S2050005ABF05A
S2050005AC0346
S2050005AD4800
S2050005AE4601
S2050005AF0046
S2050005B083C2
S2050005B146FE
S2050005B256ED
S2050005B30042
S2050005B4033E
S2050005B547F9
S2050005B666D9
S2050005B7003E
S2050005B883BA
S2050005B947F5
S2050005BA76C5
S2050005BB003A
S2050005BC93A6
S2050005BD96A2
S2050005BE86B1
S2050005BF0036
S2050005C0B382
S2050005C1E64E
S2050005C2062D
S2050005C30131
S2050005C4131E
S2050005C51719
S2050005C60728
S2050005C7012D
S2050005C833FA
S2050005C967C5
S2050005CAD754
S2050005CB002A
S2050005CC9396
S2050005CD9791
S2050005CE87A0
S2050005CF0125
S2050005D0B372
S2050005D1E73D
S2050005D2E73C
S2050005D30022
S2050005D4E33E
S2050005D58C94
S2050005D6B768
S2050005D7FC22
S2050005D863BA
S2050005D91408
S2050005DA1308
S2050005DB0119
S2050005DCE336
S2050005DD8890
S2050005DE0710
S2050005DFFC1A
S2050005E0B75E
S2050005E127ED
S2050005E21003
S2050005E30012
S2050005E4937E
S2050005E58789
S2050005E68788
S2050005E7F01E
S2050005E833DA
S2050005E90309
S2050005EAF318
S2050005EB000A
S2050005EC23E6
S2050005ED28E0
S2050005EEBF48
S2050005EF32D4
S2050005F023E2
S2050005F10004
S2050005F2A360
S2050005F30002
S2050005F4639E
S2050005F5966A
S2050005F6F50A
S2050005F701FD
S2050005F823DA
S2050005F928D4
S2050005FA0FEC
S2050005FB32C8
S2050005FC9366
S2050005FD05F3
S2050005FE00F7
S2050005FF00F6
S2050006009361
S205000601F7FC
S205000602F5FD
S2050006030FE2
S20500060413DD
S205000605D718
S2050006068569
S20500060700ED
S2050006088369
S20500060946A5
S20500060A0EDC
S20500060BF0F9
S20500060C13D5
S20500060D7770
S20500060EF7EF
S20500060F0FD6
S20500061023C1
S20500061100E3
S205000612FEE4
S205000613F0F1
S205000614934D
S205000615D708
S20500061605D9
S20500061701DC
S2050006188359
S2050006194695
S20500061A1EBC
S20500061BF0E9
S20500061C9345
S20500061DF7E0
S20500061EF7DF
S20500061F0FC6
S205000620A331
S20500062100D3
S205000622EEE4
S205000623F0E1
S20500062403CD
S2050006254788
S2050006262EA0
S205000627F0DD
S2050006289339
S205000629D5F6
S20500062A8545
S20500062B01C8
S20500062C23A5
S20500062D01C6
S20500062EFEC8
S20500062FF0D5
S2050006308341
S205000631477C
S2050006323E84
S205000633F0D1
S205000634A31D
S20500063501BE
S205000636BE00
S205000637F0CD
S2050006382399
S205000639A01B
S20500063A0EAC
S20500063B00B9
S20500063C6751
S20500063D8037
S20500063E00B6
S20500063F00B5
S205000640377D
S20500064106AD
S20500064210A2
S20500064300B1
S205000644931D
S20500064507A8
S20500064600AE
S205000647109D
S2050006483775
S2050006492784
S20500064A109A
S20500064B00A9
S20500064C8325
S20500064D2681
S20500064EC6E0
S20500064F3273
S2050006509311
S205000651D7CC
S205000652178B
S20500065300A1
S205000654138D
S2050006550798
S2050006560797
S205000657F0AD
S2050006589309
S2050006598516
S20500065A8713
S20500065BFF9A
S20500065CB3E5
S20500065D8710
S20500065EE7AF
S20500065F0095
S2050006600391
S205000661A7EC
S205000662474B
S2050006630091
S205000664E3AD
S2050006650E81
S205000666D7B7
S205000667FE8F
S2050006681379
S2050006698704
S20500066A8604
S20500066B0089
S20500066C3355
S20500066D8700
S20500066EE79F
S20500066F0085
S2050006700381
S205000671453E
S205000672077B
S2050006730081
S20500067493ED
S20500067586F9
S2050006761668
S205000677007D
S2050006782359
S2050006792655
S20500067AD6A4
S20500067B3247
S20500067C1365
S20500067D7502
S20500067EF581
S20500067F0F66
S2050006806311
S20500068196DD
S205000682B6BC
S2050006830071
S205000684234D
S2050006852649
S2050006860668
S205000687323B
S20500068893D9
S2050006890665
S20500068A006A
S20500068B0069
S20500068C2345
S20500068DA0C7
S20500068ED78F
S20500068F0065
S20500069067FD
S20500069180E3
S2050006920062
S2050006930061
S20500069493CD
S205000695055A
S2050006960559
S205000697005D
S2050006983725
S2050006990556
S20500069A104A
S20500069B0059
S20500069C1345
S20500069D0156
S20500069E0155
S20500069FFF56
S2050006A01341
S2050006A1064D
S2050006A22032
S2050006A3074A
S2050006A4133D
S2050006A5054A
S2050006A6C589
S2050006A7034A
S2050006A82329
S2050006A92625
S2050006AA1139
S2050006AB0049
S2050006ACEF59
S2050006AD1037
S2050006AE4006
S2050006AF063F
S2050006B0EF55
S2050006B1F053
S2050006B21F23
S2050006B3F948
S2050006B483BD
S2050006B5201F
S2050006B6C17D
S2050006B7003D
S2050006B81329
S2050006B9013A
S2050006BA0139
S2050006BB0138
S2050006BC67D1
S2050006BD80B7
S2050006BE0036
S2050006BF0035
S2050006C093A1
S2050006C1052E
S2050006C2052D
S2050006C30031
S2050006C437F9
S2050006C5052A
S2050006C6101E
S2050006C7002D
S2050006C81319
S2050006C9012A
S2050006CA0129
S2050006CBFF2A
S2050006CC1315
S2050006CD0522
S2050006CEC561
S2050006CF0520
S2050006D02301
S2050006D126FD
S2050006D21111
S2050006D30021
S2050006D4EF31
S2050006D5100F
S2050006D6C05E
S2050006D7031A
S2050006D8EF2D
S2050006D9F02B
S2050006DA9F7B
S2050006DBF623
S2050006DC8395
S2050006DD20F7
S2050006DEC155
S2050006DF0015
S2050006E01301
S2050006E1050E
S2050006E21002
S2050006E30011
S2050006E413FD
S2050006E5010E
S2050006E6010D
S2050006E7010C
S2050006E867A5
S2050006E9808B
S2050006EA000A
S2050006EB0009
S2050006EC13F5
S2050006ED0106
S2050006EE0105
S2050006EFFF06
S2050006F09371
S2050006F107FC
S2050006F205FD
S2050006F30001
S2050006F437C9
S2050006F505FA
S2050006F610EE
S2050006F700FD
S2050006F823D9
S2050006F924D7
S2050006FA8179
S2050006FB00F9
S2050006FC13E5
S2050006FD05F2
S2050006FEC531
S2050006FF08ED
S20500070013E0
S205000701846E
S20500070205EC
S20500070300F0
S205000704935C
S2050007058569
S20500070607E6
S20500070703E9
S20500070823C8
S20500070922C8
S20500070A9158
S20500070B00E8
S20500070C23C4
S20500070D26C0
S20500070E11D4
S20500070F00E4
S2050007109350
S20500071104DE
S205000712F0F1
S2050007130FD1
S205000714EFF0
S20500071500DE
S205000716D00D
S2050007177F5D
S20500071823B8
S20500071900DA
S20500071A04D5
S20500071B00D8
S20500071C6F68
S20500071D00D6
S20500071E00D5
S20500071F01D3
S20500072023B0
S20500072100D2
S205000722A42D
S20500072300D0
S20500072413BC
S20500072504CA
S20500072614B9
S20500072700CC
S2050007286368
S20500072904C6
S20500072A05C4
S20500072B02C6
S20500072CEFD8
S20500072DF0D6
S20500072E5F66
S20500072FF1D3
S205000730E3E0
S20500073118AA
S205000732952C
S205000733FEC2
S205000734EFD0
S205000735F0CE
S205000736DFDE
S205000737F0CC
S2050007388338
S205000739209A
S20500073AC1F8
S20500073B00B8
S20500073C03B4
S20500073D2492
S20500073E8134
S20500073F00B4
S2050007408330
S205000741248E
S2050007424170
S20500074300B0
S205000744139C
S20500074505A9
S20500074600AD
S20500074700AC
S2050007481398
S20500074901A9
S20500074A01A8
S20500074B01A7
S20500074C6740
S20500074D8026
S20500074E00A5
S20500074F00A4
S2050007508320
S2050007512082
S205000752C1E0
S20500075300A0
S205000754039C
S205000755247A
S205000756811C
S205000757009C
S2050007588318
S2050007592476
S20500075A4158
S20500075B0098
S20500075C1384
S20500075D0591
S20500075E1085
S20500075F0094
S2050007601380
S2050007610191
S2050007620190
S205000763018F
S2050007646728
S205000765800E
S205000766008D
S205000767008C
S2050007683754
S2050007690585
S20500076A1079
S20500076B0088
S20500076C1374
S20500076D0185
S20500076E0184
S20500076FFF85
S2050007701370
S205000771057D
S20500077285FC
S2050007730B75
S205000774235C
S2050007752658
S205000776116C
S205000777007C
S205000778EF8C
S205000779007A
S20500077A90E9
S20500077B79FF
S20500077C83F4
S20500077D2056
S20500077EC1B4
S20500077F0074
S2050007801360
S2050007810171
S2050007820170
S205000783016F
S2050007846F00
S205000785F07E
S205000786DF8E
S205000787EB81
S2050007881358
S2050007890169
S20500078A0168
S20500078BF672
S20500078C2344
S20500078D2C3A
S20500078E81E4
S20500078F085C
S2050007902340
S2050007912A38
S20500079291D0
S2050007930858
S205000794233C
S2050007952836
S205000796213C
S2050007970953
S2050007982338
S2050007992634
S20500079A3128
S20500079B094F
S20500079C2334
S20500079D2036
S20500079E61F4
S20500079F094B
S2050007A02330
S2050007A12E24
S2050007A21140
S2050007A30848
S2050007A4232C
S2050007A5242A
S2050007A6410C
S2050007A70943
S2050007A82328
S2050007A92228
S2050007AA51F8
S2050007AB093F
S2050007AC2324
S2050007AD2E18
S2050007AE71D4
S2050007AF073D
S2050007B02320
S2050007B12C16
S2050007B281C0
S2050007B30739
S2050007B4231C
S2050007B52816
S2050007B6A19C
S2050007B70735
S2050007B82318
S2050007B92614
S2050007BAB188
S2050007BB0731
S2050007BC1324
S2050007BDF83E
S2050007BE072E
S2050007BF0430
S2050007C01320
S2050007C1042E
S2050007C2052C
S2050007C30030
S2050007C4939C
S2050007C589A5
S2050007C60528
S2050007C7002C
S2050007C89398
S2050007C90426
S2050007CA0623
S2050007CB0028
S2050007CC1314
S2050007CD899D
S2050007CE061F
S2050007CF0024
S2050007D01310
S2050007D10B17
S2050007D2071A
S2050007D30020
S2050007D463BC
S2050007D5100E
S2050007D60815
S2050007D71C00
S2050007D8B764
S2050007D90A10
S2050007DA1009
S2050007DB0018
S2050007DC9384
S2050007DD8A8C
S2050007DECA4B
S2050007DF0C08
S2050007E01300
S2050007E1FC16
S2050007E2070A
S2050007E3010F
S2050007E463AC
S2050007E5040A
S2050007E60C01
S2050007E718F4
S2050007E813F8
S2050007E90703
S2050007EA0009
S2050007EB0107
S2050007EC23E4
S2050007ED22E4
S2050007EEE124
S2050007EF0004
S2050007F013F0
S2050007F107FB
S2050007F20001
S2050007F302FE
S2050007F4936C
S2050007F5F707
S2050007F6E716
S2050007F7FFFD
S2050007F823D8
S2050007F926D4
S2050007FAE118
S2050007FB00F8
S2050007FC13E4
S2050007FDF7FF
S2050007FE27CE
S2050007FF00F4
S205000800935F
S205000801FBF6
S20500080207E9
S20500080302ED
S205000804638B
S2050008050EDF
S20500080607E5
S20500080718D3
S2050008086387
S205000809CA1F
S20500080A09DF
S20500080B20C7
S20500080C13D3
S20500080DF7EE
S20500080E479D
S20500080F00E3
S205000810637F
S20500081112CF
S20500081207D9
S2050008131EC1
S205000814934B
S205000815F7E6
S2050008168755
S20500081700DB
S20500081823B7
S20500081924B5
S20500081A01D7
S20500081B00D7
S20500081C6373
S20500081D884D
S20500081E07CD
S20500081F00D3
S205000820933F
S20500082107CA
S20500082200D0
S20500082302CD
S20500082413BB
S20500082509C4
S205000826F9D3
S205000827FFCC
S20500082823A7
S20500082924A5
S20500082AF1D7
S20500082B00C7
S20500082C6363
S20500082D8E37
S20500082E0BB9
S20500082F00C3
S205000830932F
S20500083107BA
S20500083200C0
S20500083301BE
S205000834635B
S205000835823B
S205000836F4C8
S205000837209B
S2050008389327
S2050008398732
S20500083A8434
S20500083BFFB8
S20500083C9323
S20500083DB7FE
S20500083E179D
S20500083F00B3
S205000840931F
S2050008410BA6
S20500084200B0
S20500084302AD
S205000844337B
S20500084509A4
S205000846F9B3
S205000847406B
S2050008486347
S2050008499019
S20500084A099F
S20500084B1691
S20500084C9313
S20500084D079E
S20500084E00A4
S20500084F03A0
S205000850237F
S2050008510E93
S205000852F1AF
S205000853009F
S205000854138B
S2050008550D90
S205000856108C
S205000857009B
S2050008589307
S2050008590D8C
S20500085AC1D7
S20500085B0196
S20500085C1383
S20500085D0A8B
S20500085E0D87
S20500085F0093
S205000860632F
S205000861543D
S2050008626D23
S205000863018E
S205000864137B
S2050008650A83
S2050008660B81
S205000867008B
S2050008688307
S2050008692762
S20500086A4147
S20500086B0087
S20500086C3353
S20500086D097C
S20500086E493B
S20500086F4142
S205000870631F
S20500087190F1
S2050008720779
S205000873027D
S205000874631B
S2050008755A23
S205000876205C
S2050008771F5C
S2050008781367
S2050008790673
S20500087A096F
S20500087B0077
S20500087C1363
S20500087D0570
S20500087E0470
S20500087F0073
S20500088093DF
S205000881056C
S2050008820070
S205000883026D
S205000884333B
S2050008850469
S2050008862448
S205000887016A
S205000888EF7B
S205000889F079
S20500088A1F49
S20500088BA0C7
S20500088C1353
S20500088D095C
S20500088EF074
S20500088FFF64
S20500089083DF
S205000891273A
S20500089281DF
S205000893005F
S20500089463FB
S20500089586D7
S2050008960755
S205000897005B
S2050008982337
S2050008990059
S20500089AF464
S20500089B0057
S20500089C1343
S20500089D0451
S20500089E1440
S20500089F0053
S2050008A063EF
S2050008A18AC7
S2050008A20B45
S2050008A3004F
S2050008A4133B
S2050008A50746
S2050008A680CC
S2050008A7004B
S2050008A863E7
S2050008A98EBB
S2050008AAE464
S2050008AB182F
S2050008AC1333
S2050008AD073E
S2050008AE0044
S2050008AF0142
S2050008B063DF
S2050008B18AB7
S2050008B2E45C
S2050008B3142B
S2050008B463DB
S2050008B5102D
S2050008B60C30
S2050008B70239
S2050008B863D7
S2050008B954E5
S2050008BA2018
S2050008BB1B1C
S2050008BC83B3
S2050008BD2510
S2050008BEC173
S2050008BF0033
S2050008C0131F
S2050008C1062B
S2050008C20927
S2050008C3002F
S2050008C4131B
S2050008C50528
S2050008C60428
S2050008C7002B
S2050008C8EF3B
S2050008C9F039
S2050008CA1F09
S2050008CB9C8B
S2050008CC33F3
S2050008CD0421
S2050008CE2400
S2050008CF0122
S2050008D0130F
S2050008D10918
S2050008D2F030
S2050008D3FF20
S2050008D463BB
S2050008D55EBF
S2050008D64DCF
S2050008D7011A
S2050008D833E7
S2050008D90A0F
S2050008DAAA6E
S2050008DB41D6
S2050008DC1303
S2050008DD0510
S2050008DE0410
S2050008DF0013
S2050008E013FF
S2050008E1060B
S2050008E20A06
S2050008E3000F
S2050008E4937B
S2050008E50508
S2050008E6000C
S2050008E70308
S2050008E8EF1B
S2050008E9F019
S2050008EA1FE9
S2050008EB9A6D
S2050008EC33D3
S2050008ED0401
S2050008EE44C0
S2050008EF0102
S2050008F0B34F
S2050008F1877A
S2050008F23DC3
S2050008F301FE
S2050008F413EB
S2050008F507F6
S2050008F604F8
S2050008F700FB
S2050008F803F7
S2050008F9C633
S2050008FA07F1
S2050008FB00F7
S2050008FC9363
S2050008FD866F
S2050008FE07ED
S2050008FF00F3
S20500090013DE
S20500090107E9
S20500090217D8
S20500090300EE
S205000904A34A
S2050009050FDD
S205000906C724
S205000907FEEC
S2050009089356
S2050009098761
S20500090AF7F0
S20500090BFFE7
S20500090CE302
S20500090D964E
S20500090EDD06
S20500090FFEE4
S205000910934E
S2050009118957
S20500091219C6
S20500091300DE
S20500091433AA
S20500091504D8
S20500091634A7
S20500091701D9
S2050009186376
S2050009195C7C
S20500091A20B7
S20500091B01D5
S20500091C13C2
S20500091D05CF
S20500091E04CF
S20500091F00D2
S20500092013BE
S20500092106CA
S20500092209C6
S20500092300CE
S205000924933A
S20500092505C7
S20500092600CB
S20500092702C8
S205000928EFDA
S205000929F0D8
S20500092A1FA8
S20500092B9630
S20500092C3392
S20500092D04C0
S20500092E249F
S20500092F01C1
S205000930833E
S20500093120A0
S205000932C1FE
S20500093309B5
S20500093413AA
S20500093505B7
S20500093604B7
S20500093700BA
S20500093803B6
S2050009392494
S20500093A8136
S20500093B09AD
S20500093C8332
S20500093D2490
S20500093E4172
S20500093F09A9
S20500094003AE
S2050009412987
S20500094201AE
S20500094309A5
S205000944832A
S2050009452983
S205000946C1EA
S20500094708A2
S20500094803A6
S2050009492A7E
S20500094A8126
S20500094B089E
S20500094C8322
S20500094D2A7A
S20500094E4162
S20500094F089A
S205000950039E
S2050009512B75
S205000952019E
S2050009530896
S205000954831A
S2050009552B71
S205000956C1DA
S2050009570793
S2050009580396
S2050009592C6C
S20500095A8116
S20500095B078F
S20500095C0392
S20500095D2D67
S20500095E0192
S20500095F078B
S205000960830E
S2050009612D63
S205000962C1CE
S2050009630688
S205000964137A
S205000965018B
S205000966018A
S2050009670A80
S2050009686722
S2050009698008
S20500096A0087
S20500096B0086
S20500096C93F2
S20500096DF68E
S20500096E176C
S20500096F0181
S205000970136E
S205000971F789
S2050009721768
S205000973007E
S205000974235A
S205000975225A
S205000976D1AA
S205000977007A
S2050009786316
S2050009790C6C
S20500097A0770
S20500097B0E68
S20500097C1362
S20500097D076D
S20500097E0073
S20500097F036F
S205000980234E
S205000981264A
S205000982E18E
S205000983006E
S205000984135A
S205000985F775
S2050009862744
S205000987006A
S20500098893D6
S205000989FB6D
S20500098A0760
S20500098B0264
S20500098C6302
S20500098D0A5A
S20500098E075C
S20500098F0062
S2050009906FF2
S205000991F070
S2050009929FC0
S205000993E777
S205000994B7A6
S2050009950A52
S205000996104B
S205000997005A
S20500099893C6
S2050009998ACE
S20500099A4A0D
S20500099B0F47
S20500099C6FE6
S20500099DF064
S20500099E5FF4
S20500099FE46E
S2050009A0232E
S2050009A1242C
S2050009A2014E
S2050009A3004E
S2050009A46FDE
S2050009A5F05C
S2050009A69FAC
S2050009A7E862
S2050009A82326
S2050009A92A1E
S2050009AA91B6
S2050009AB073F
S2050009AC1332
S2050009AD85BF
S2050009AE093A
S2050009AF0042
S2050009B0132E
S2050009B10D33
S2050009B2003F
S2050009B3003E
S2050009B493AA
S2050009B50D2F
S2050009B6C17A
S2050009B70139
S2050009B893A6
S2050009B985B3
S2050009BA0433
S2050009BB0036
S2050009BC1322
S2050009BD0A2A
S2050009BE052E
S2050009BF0032
S2050009C0EF42
S2050009C1F040
S2050009C20F20
S2050009C3FD31
S2050009C433FA
S2050009C585A7
S2050009C6AA81
S2050009C7002A
S2050009C883A6
S2050009C946E2
S2050009CA0522
S2050009CB0026
S2050009CC9392
S2050009CD091B
S2050009CE0D16
S2050009CF0022
S2050009D0130E
S2050009D10D13
S2050009D21D02
S2050009D3001E
S2050009D4B36A
S2050009D58C90
S2050009D6AD6E
S2050009D70119
S2050009D89386
S2050009D98593
S2050009DA0413
S2050009DB0016
S2050009DC1302
S2050009DD050F
S2050009DE0A09
S2050009DF0012
S2050009E0A36E
S2050009E18F81
S2050009E2DC33
S2050009E3FE10
S2050009E4EF1E
S2050009E5F01C
S2050009E64FBC
S2050009E7F614
S2050009E8E326
S2050009E97890
S2050009EA9A6D
S2050009EBFC0A
S2050009EC8382
S2050009ED2CD8
S2050009EE41C2
S2050009EF07FB
S2050009F06F92
S2050009F1F010
S2050009F2DF20
S2050009F3E618
S2050009F4936A
S2050009F507F5
S2050009F6B04B
S2050009F702F8
S2050009F813E6
S2050009F909EF
S2050009FAF9FE
S2050009FBFFF7
S2050009FC23D2
S2050009FD24D0
S2050009FEF102
S2050009FF00F2
S205000A006F81
S205000A01F0FF
S205000A02DF0F
S205000A03E20B
S205000A0413D9
S205000A0507E4
S205000A0600EA
S205000A0703E6
S205000A0823C5
S205000A0900E7
S205000A0AE402
S205000A0B00E5
S205000A0C13D1
S205000A0D07DC
S205000A0E8062
S205000A0F07DA
S205000A10A33D
S205000A1100DF
S205000A12E4FA
S205000A1300DD
S205000A1413C9
S205000A1504D7
S205000A1624B6
S205000A1700D9
S205000A186F69
S205000A19F0E7
S205000A1ADFF7
S205000A1BE9EC
S205000A1CB321
S205000A1D09CA
S205000A1E30A2
S205000A1F4190
S205000A2013BD
S205000A2109C6
S205000A22F9D5
S205000A23FFCE
S205000A246369
S205000A259833
S205000A260BBF
S205000A2702C7
S205000A289335
S205000A2907C0
S205000A2AD0F6
S205000A2B02C3
S205000A2C23A1
S205000A2D2A99
S205000A2E9131
S205000A2F07BA
S205000A30239D
S205000A31249B
S205000A32F1CD
S205000A3300BD
S205000A346F4D
S205000A35F0CB
S205000A369F1B
S205000A37F7C2
S205000A3813A5
S205000A3909AE
S205000A3AE9CD
S205000A3BFFB6
S205000A3C9321
S205000A3D0BA8
S205000A3E00B2
S205000A3F02AF
S205000A406F41
S205000A41F0BF
S205000A429F0F
S205000A43E0CD
S205000A441399
S205000A4507A4
S205000A4600AA
S205000A4703A6
S205000A482385
S205000A4900A7
S205000A4AE4C2
S205000A4B00A5
S205000A4C1391
S205000A4D049F
S205000A4E148E
S205000A4F00A1
S205000A506F31
S205000A51F0AF
S205000A525F3F
S205000A53E6B7
S205000A549309
S205000A550794
S205000A56D0CA
S205000A570297
S205000A582375
S205000A592473
S205000A5AF1A5
S205000A5B0095
S205000A5C6F25
S205000A5DF0A3
S205000A5E5F33
S205000A5FDDB4
S205000A60137D
S205000A610986
S205000A62F995
S205000A63FF8E
S205000A646F1D
S205000A65F09B
S205000A661F6B
S205000A67E7A2
S205000A681375
S205000A69097E
S205000A6AF98D
S205000A6BFF86
S205000A6C6F15
S205000A6DF093
S205000A6E5F23
S205000A6FE29F
S205000A70136D
S205000A710778
S205000A72007E
S205000A73027B
S205000A742359
S205000A752259
S205000A760179
S205000A770079
S205000A782355
S205000A792651
S205000A7AE195
S205000A7B0075
S205000A7C6F05
S205000A7DF083
S205000A7E1F53
S205000A7FD899
S205000A80135D
S205000A81016E
S205000A82016D
S205000A83F974
S205000A842349
S205000A852645
S205000A861159
S205000A870663
S205000A882345
S205000A89283F
S205000A8A6105
S205000A8B0560
S205000A8C83E1
S205000A8DC79C
S205000A8E055D
S205000A8F0061
S205000A90233D
S205000A91243B
S205000A92A1BD
S205000A93005D
S205000A94E379
S205000A9584D7
S205000A960753
S205000A971E3B
S205000A982335
S205000A992235
S205000A9A91C5
S205000A9B0550
S205000A9CB79D
S205000A9D0C47
S205000A9E1042
S205000A9F0051
S205000AA0232D
S205000AA1242B
S205000AA281CD
S205000AA30647
S205000AA42329
S205000AA52E1D
S205000AA63119
S205000AA70544
S205000AA82325
S205000AA92C1B
S205000AAA4105
S205000AAB0540
S205000AAC2321
S205000AAD2A19
S205000AAE51F1
S205000AAF053C
S205000AB0231D
S205000AB12619
S205000AB271CD
S205000AB30538
S205000AB42319
S205000AB52417
S205000AB681B9
S205000AB70534
S205000AB82315
S205000AB92017
S205000ABAA195
S205000ABB0530
S205000ABC2311
S205000ABD2211
S205000ABE91A1
S205000ABF062B
S205000AC0230D
S205000AC1200F
S205000AC2210D
S205000AC30726
S205000AC42309
S205000AC52EFD
S205000AC6B179
S205000AC70326
S205000AC81315
S205000AC984A3
S205000ACA0521
S205000ACB0025
S205000ACC1311
S205000ACD0C17
S205000ACE061C
S205000ACF0021
S205000AD0130D
S205000AD10B14
S205000AD20519
S205000AD3001D
S205000AD41309
S205000AD50D0E
S205000AD650CA
S205000AD70217
S205000AD89385
S205000AD90B0C
S205000ADA0016
S205000ADB0114
S205000ADC9381
S205000ADD8C87
S205000ADE4CC6
S205000ADF12FF
S205000AE0937D
S205000AE10A05
S205000AE2907E
S205000AE3000D
S205000AE413F9
S205000AE50A01
S205000AE6E02A
S205000AE70207
S205000AE89375
S205000AE909FE
S205000AEAC046
S205000AEB0401
S205000AEC63A1
S205000AED8083
S205000AEEA75B
S205000AEF07FA
S205000AF023DD
S205000AF100FF
S205000AF2FB03
S205000AF300FD
S205000AF48379
S205000AF547B4
S205000AF614E6
S205000AF700F9
S205000AF813E5
S205000AF90BEC
S205000AFA1BDB
S205000AFB00F5
S205000AFC13E1
S205000AFD04EF
S205000AFE14DE
S205000AFF00F1
S205000B00E30C
S205000B019658
S205000B0207E6
S205000B03FEEE
S205000B0403E8
S205000B0524C6
S205000B068168
S205000B0706E2
S205000B088364
S205000B0924C2
S205000B0A41A4
S205000B0B06DE
S205000B0C03E0
S205000B0D29B9
S205000B0E01E0
S205000B0F06DA
S205000B10835C
S205000B1129B5
S205000B12C11C
S205000B1305D7
S205000B1403D8
S205000B152AB0
S205000B168158
S205000B1705D3
S205000B188354
S205000B192AAC
S205000B1A4194
S205000B1B05CF
S205000B1C8350
S205000B1D2BA7
S205000B1EC110
S205000B1F04CC
S205000B2003CC
S205000B212CA2
S205000B22814C
S205000B2304C8
S205000B248348
S205000B252C9E
S205000B264188
S205000B2704C4
S205000B2803C4
S205000B292D99
S205000B2A01C4
S205000B2B04C0
S205000B2C8340
S205000B2D2D95
S205000B2EC100
S205000B2F03BD
S205000B30239C
S205000B3100BE
S205000B320BB2
S205000B3300BC
S205000B348338
S205000B352793
S205000B368138
S205000B3700B8
S205000B388334
S205000B392096
S205000B3AC1F4
S205000B3B06AE
S205000B3C3380
S205000B3D05AD
S205000B3EFBB6
S205000B3F4070
S205000B4003AC
S205000B412B83
S205000B4201AC
S205000B4305A7
S205000B441398
S205000B4501A9
S205000B4601A8
S205000B4707A1
S205000B486740
S205000B498026
S205000B4A00A5
S205000B4B00A4
S205000B4C9310
S205000B4D079B
S205000B4E00A1
S205000B4F00A0
S205000B50039C
S205000B514856
S205000B521489
S205000B53009C
S205000B549308
S205000B550496
S205000B561485
S205000B570098
S205000B581384
S205000B59078F
S205000B5A088D
S205000B5BFE96
S205000B5C1380
S205000B5D771B
S205000B5EF79A
S205000B5F0F81
S205000B60632C
S205000B61EAA4
S205000B62EBA2
S205000B63008C
S205000B641378
S205000B651773
S205000B662762
S205000B670088
S205000B683354
S205000B69077F
S205000B6A97EE
S205000B6B0183
S205000B6C0380
S205000B6D275B
S205000B6E077A
S205000B6F0080
S205000B706718
S205000B71007E
S205000B720776
S205000B73007C
S205000B741368
S205000B750773
S205000B760871
S205000B77FD7B
S205000B781364
S205000B7977FF
S205000B7AF77E
S205000B7B0F65
S205000B7C6310
S205000B7DFC76
S205000B7EEA87
S205000B7F1060
S205000B80135C
S205000B810767
S205000B82A0CD
S205000B83026A
S205000B8493D8
S205000B850D5D
S205000B86F079
S205000B87FF69
S205000B886304
S205000B890066
S205000B8AE87D
S205000B8B1450
S205000B8C1350
S205000B8D075B
S205000B8EF071
S205000B8FFF61
S205000B9063FC
S205000B910C52
S205000B924815
S205000B930D4F
S205000B9493C8
S205000B9576E4
S205000B96F861
S205000B970D4B
S205000B9863F4
S205000B998EC8
S205000B9A361F
S205000B9B094B
S205000B9C93C0
S205000B9D064C
S205000B9EF859
S205000B9FFB55
S205000BA093BC
S205000BA1F658
S205000BA2F657
S205000BA30F3D
S205000BA41338
S205000BA50644
S205000BA670D9
S205000BA70345
S205000BA863E4
S205000BA96CDA
S205000BAAD66F
S205000BAB0440
S205000BAC370C
S205000BAD063C
S205000BAE1031
S205000BAF0040
S205000BB093AC
S205000BB196A8
S205000BB22617
S205000BB3003C
S205000BB41328
S205000BB50634
S205000BB686B3
S205000BB71622
S205000BB8B384
S205000BB986B0
S205000BBAC66F
S205000BBB0034
S205000BBC83B0
S205000BBDA68C
S205000BBE062B
S205000BBF0030
S205000BC067C8
S205000BC180AE
S205000BC20627
S205000BC3002C
S205000BC49398
S205000BC5E743
S205000BC61712
S205000BC70028
S205000BC81314
S205000BC984A2
S205000BCA0421
S205000BCB0024
S205000BCC6FB4
S205000BCDF032
S205000BCE5FC2
S205000BCFF828
S205000BD0938C
S205000BD1E737
S205000BD20716
S205000BD3011B
S205000BD41308
S205000BD58496
S205000BD60415
S205000BD70018
S205000BD86FA8
S205000BD9F026
S205000BDA9F76
S205000BDBF71D
S205000BDC9380
S205000BDDE72B
S205000BDE47CA
S205000BDF0010
S205000BE013FC
S205000BE1848A
S205000BE20409
S205000BE3000C
S205000BE46F9C
S205000BE5F01A
S205000BE6DF2A
S205000BE7F612
S205000BE89374
S205000BE9E71F
S205000BEA07FE
S205000BEB0202
S205000BEC13F0
S205000BED847E
S205000BEE04FD
S205000BEF0000
S205000BF06F90
S205000BF1F00E
S205000BF21FDE
S205000BF3F606
S205000BF49368
S205000BF5E713
S205000BF68772
S205000BF700F8
S205000BF813E4
S205000BF98472
S205000BFA04F1
S205000BFB00F4
S205000BFC6F84
S205000BFDF002
S205000BFE5F92
S205000BFFF5FB
S205000C0013DB
S205000C018964
S205000C0204E8
S205000C0300EB
S205000C049357
S205000C0507E2
S205000C065098
S205000C0702E5
S205000C086383
S205000C090ADB
S205000C0AF8EC
S205000C0B00E3
S205000C0C23BF
S205000C0D00E1
S205000C0EFBE5
S205000C0F00DF
S205000C1003DB
S205000C114895
S205000C1209D3
S205000C1300DB
S205000C1413C7
S205000C150BCE
S205000C161BBD
S205000C1700D7
S205000C18E3F3
S205000C1906CF
S205000C1A08CC
S205000C1BEEE5
S205000C1C23AF
S205000C1D00D1
S205000C1E0BC5
S205000C1F01CE
S205000C20834B
S205000C214786
S205000C2219B3
S205000C2300CB
S205000C2413B7
S205000C2504C5
S205000C2619AF
S205000C2700C7
S205000C2813B3
S205000C290BBA
S205000C2A1BA9
S205000C2B00C3
S205000C2CE3DF
S205000C2D9031
S205000C2E07B9
S205000C2FECD3
S205000C306F4F
S205000C31F0CD
S205000C325F5D
S205000C33EDCE
S205000C349327
S205000C3505B4
S205000C3608B0
S205000C3700B7
S205000C3803B3
S205000C39C8ED
S205000C3A14A0
S205000C3B00B3
S205000C3C139F
S205000C3D06AB
S205000C3E7040
S205000C3F03AC
S205000C40139B
S205000C418924
S205000C421498
S205000C4300AB
S205000C449317
S205000C4506A3
S205000C46F8B0
S205000C47FBAC
S205000C489313
S205000C49F6AF
S205000C4AF6AE
S205000C4B0F94
S205000C4CE3BF
S205000C4D6C35
S205000C4ED6CA
S205000C4FFAA5
S205000C503767
S205000C510697
S205000C52108C
S205000C53009B
S205000C549307
S205000C559603
S205000C562672
S205000C570097
S205000C581383
S205000C59068F
S205000C5A860E
S205000C5B246F
S205000C5CB3DF
S205000C5D860B
S205000C5EC6CA
S205000C5F008F
S205000C60830B
S205000C61A6E7
S205000C620686
S205000C63008B
S205000C646723
S205000C658009
S205000C660682
S205000C670087
S205000C680383
S205000C69C8BD
S205000C6A1470
S205000C6B0083
S205000C6C93EF
S205000C6D067B
S205000C6E90F0
S205000C6F007F
S205000C70136B
S205000C7186F7
S205000C721468
S205000C73007B
S205000C741367
S205000C750772
S205000C760870
S205000C77FD7A
S205000C781363
S205000C7977FE
S205000C7AF77D
S205000C7B0F64
S205000C7C630F
S205000C7DF47D
S205000C7EE68A
S205000C7F224D
S205000C80135B
S205000C810766
S205000C82A0CC
S205000C830269
S205000C846307
S205000C850267
S205000C86E880
S205000C872641
S205000C8893D3
S205000C890461
S205000C8A065E
S205000C8B0063
S205000C8C134F
S205000C8D075A
S205000C8E0060
S205000C8F005F
S205000C906FEF
S205000C91F06D
S205000C925FFD
S205000C93F06B
S205000C9493C7
S205000C950D4C
S205000C960058
S205000C970057
S205000C9893C3
S205000C99064F
S205000C9A90C4
S205000C9B0053
S205000C9C133F
S205000C9D97BA
S205000C9E2D23
S205000C9F004F
S205000CA0331B
S205000CA10746
S205000CA2B795
S205000CA3014A
S205000CA493B7
S205000CA584C5
S205000CA61434
S205000CA70047
S205000CA81333
S205000CA9172E
S205000CAA172D
S205000CAB0043
S205000CAC330F
S205000CAD073A
S205000CAE0739
S205000CAF013E
S205000CB0033B
S205000CB1C875
S205000CB20438
S205000CB3003B
S205000CB493A7
S205000CB50D2C
S205000CB60731
S205000CB7FD3A
S205000CB81323
S205000CB9072E
S205000CBA082C
S205000CBBFD36
S205000CBC131F
S205000CBD77BA
S205000CBEF739
S205000CBF0F20
S205000CC0E34B
S205000CC1FE2F
S205000CC2E646
S205000CC3FC2F
S205000CC46FBB
S205000CC5F039
S205000CC69F89
S205000CC7EC3B
S205000CC883A3
S205000CC92DF8
S205000CCA0C18
S205000CCB0023
S205000CCC031F
S205000CCD48D9
S205000CCE24FC
S205000CCF001F
S205000CD0938B
S205000CD10419
S205000CD224F8
S205000CD3001B
S205000CD41307
S205000CD50C0D
S205000CD64CCC
S205000CD70017
S205000CD8E333
S205000CD9DA3B
S205000CDA0D07
S205000CDBEA29
S205000CDCB35F
S205000CDD0D04
S205000CDEB060
S205000CDF41CE
S205000CE0937B
S205000CE1E726
S205000CE20705
S205000CE3010A
S205000CE46F9B
S205000CE5F019
S205000CE69F69
S205000CE7EA1D
S205000CE813F3
S205000CE9897C
S205000CEA0400
S205000CEB0003
S205000CEC13EF
S205000CED06FB
S205000CEEA060
S205000CEF00FF
S205000CF0837B
S205000CF125D8
S205000CF20CF0
S205000CF300FB
S205000CF413E7
S205000CF50CED
S205000CF64CAC
S205000CF700F7
S205000CF813E3
S205000CF905F0
S205000CFA0BE9
S205000CFB00F3
S205000CFC935F
S205000CFD866B
S205000CFE0DE3
S205000CFF00EF
S205000D00EFFE
S205000D01F0FC
S205000D029F4C
S205000D03A842
S205000D048366
S205000D0547A1
S205000D0619CE
S205000D0700E6
S205000D0813D2
S205000D090BD9
S205000D0A05DE
S205000D0B00E2
S205000D0C13CE
S205000D0D04DC
S205000D0E19C6
S205000D0F00DE
S205000D10E3FA
S205000D119E3E
S205000D1207D4
S205000D13DCFE
S205000D146F6A
S205000D15F0E8
S205000D161FB8
S205000D17DFF7
S205000D1813C2
S205000D19894B
S205000D1A04CF
S205000D1B00D2
S205000D1C13BE
S205000D1D06CA
S205000D1E804F
S205000D1F00CE
S205000D206F5E
S205000D21F0DC
S205000D221FAC
S205000D23FDCD
S205000D2413B6
S205000D25893F
S205000D2604C3
S205000D2700C6
S205000D2803C2
S205000D2924A0
S205000D2A0CB7
S205000D2B00C2
S205000D2C13AE
S205000D2D0CB4
S205000D2E4C73
S205000D2F00BE
S205000D30635A
S205000D3102BA
S205000D3204B7
S205000D331E9C
S205000D348336
S205000D354672
S205000D3604B3
S205000D3700B6
S205000D38E3D2
S205000D39862E
S205000D3A06AD
S205000D3B169C
S205000D3CE3CE
S205000D3D04AC
S205000D3E07A8
S205000D3F1698
S205000D40931A
S205000D4106A6
S205000D4204A7
S205000D4300AA
S205000D446F3A
S205000D4500A8
S205000D46C0E7
S205000D4700A6
S205000D483372
S205000D49861E
S205000D4AE6BD
S205000D4B4062
S205000D4C633E
S205000D4D0898
S205000D4E8619
S205000D4F009E
S205000D50039A
S205000D51C6D6
S205000D521685
S205000D53009A
S205000D549306
S205000D558612
S205000D561681
S205000D570096
S205000D58E3B2
S205000D59187C
S205000D5A068D
S205000D5BFE94
S205000D5C93FE
S205000D5DF799
S205000D5E0788
S205000D5F018D
S205000D60B3DA
S205000D618408
S205000D628605
S205000D63404A
S205000D646326
S205000D658206
S205000D660780
S205000D671E68
S205000D686322
S205000D695232
S205000D6A90F3
S205000D6B087A
S205000D6C93EE
S205000D6D87F9
S205000D6EF48B
S205000D6FFF7F
S205000D70136A
S205000D710775
S205000D72601B
S205000D73007A
S205000D746316
S205000D757206
S205000D76F780
S205000D777204
S205000D7893E2
S205000D79076D
S205000D7A145F
S205000D7B0072
S205000D7C333E
S205000D7D0769
S205000D7EFB74
S205000D7F402E
S205000D80135A
S205000D813735
S205000D823734
S205000D83006A
S205000D846306
S205000D851C4C
S205000D860760
S205000D8770F6
S205000D883332
S205000D8967FD
S205000D8A64FF
S205000D8B0161
S205000D8C134E
S205000D8D77E9
S205000D8E3728
S205000D8F005E
S205000D9063FA
S205000D911646
S205000D920754
S205000D9370EA
S205000D9493C6
S205000D95F563
S205000D96C493
S205000D97FF57
S205000D9893C2
S205000D99074D
S205000D9A0B48
S205000D9B0052
S205000D9C331E
S205000D9D064A
S205000D9EB49B
S205000D9F004E
S205000DA0034A
S205000DA12725
S205000DA20447
S205000DA3004A
S205000DA41336
S205000DA50444
S205000DA64403
S205000DA70046
S205000DA893B2
S205000DA987BD
S205000DAA47FC
S205000DAB0042
S205000DAC231E
S205000DADAE92
S205000DAEE758
S205000DAFFE40
S205000DB0E35A
S205000DB11824
S205000DB286B5
S205000DB3FE3C
S205000DB4B386
S205000DB50731
S205000DB6BB7C
S205000DB70036
S205000DB8B382
S205000DB9062E
S205000DBA9B98
S205000DBB0032
S205000DBC63CE
S205000DBD86AA
S205000DBE959A
S205000DBF022C
S205000DC0032A
S205000DC145E7
S205000DC20625
S205000DC3002A
S205000DC41316
S205000DC587A1
S205000DC61512
S205000DC70026
S205000DC82302
S205000DC980A4
S205000DCAA77C
S205000DCB0022
S205000DCC63BE
S205000DCD5EC2
S205000DCE9788
S205000DCF001E
S205000DD0031A
S205000DD147D5
S205000DD21605
S205000DD3001A
S205000DD49386
S205000DD58593
S205000DD625F2
S205000DD70016
S205000DD8A372
S205000DD98094
S205000DDAE72C
S205000DDB0012
S205000DDC63AE
S205000DDDD63A
S205000DDE957A
S205000DDF000E
S205000DE0030A
S205000DE147C5
S205000DE226E5
S205000DE3000A
S205000DE423E6
S205000DE58187
S205000DE6E720
S205000DE70006
S205000DE813F2
S205000DE98B79
S205000DEA06FD
S205000DEB0002
S205000DEC13EE
S205000DED04FC
S205000DEE19E6
S205000DEF00FE
S205000DF0E31A
S205000DF1D824
S205000DF2B447
S205000DF30FEB
S205000DF4B346
S205000DF58474
S205000DF69D5A
S205000DF740B6
S205000DF813E2
S205000DF905EF
S205000DFA0BE8
S205000DFB00F2
S205000DFC13DE
S205000DFD866A
S205000DFE04EB
S205000DFF00EE
S205000E009359
S205000E0105E6
S205000E0200EA
S205000E0302E7
S205000E04EFF9
S205000E05F0F7
S205000E064F97
S205000E07C81D
S205000E088361
S205000E09479C
S205000E0A19C9
S205000E0B00E1
S205000E0C33AD
S205000E0D0BD4
S205000E0E9B43
S205000E0F00DD
S205000E10E3F9
S205000E119E3D
S205000E1207D3
S205000E13CC0D
S205000E146F69
S205000E15F0E7
S205000E161FB7
S205000E17CF06
S205000E1813C1
S205000E19894A
S205000E1A04CE
S205000E1B00D1
S205000E1C933D
S205000E1D06C9
S205000E1EF0DE
S205000E1FFFCE
S205000E206369
S205000E218447
S205000E22DDED
S205000E230EBB
S205000E248345
S205000E2525A2
S205000E260CBA
S205000E2700C5
S205000E2813B1
S205000E2905BE
S205000E2A0BB7
S205000E2B00C1
S205000E2C932D
S205000E2D8639
S205000E2E0DB1
S205000E2F00BD
S205000E3013A9
S205000E3106B5
S205000E3200BA
S205000E3301B8
S205000E34EFC9
S205000E35F0C7
S205000E365F57
S205000E379520
S205000E388331
S205000E39476C
S205000E3A1999
S205000E3B00B1
S205000E3C139D
S205000E3D0CA3
S205000E3E4C62
S205000E3F00AD
S205000E401399
S205000E410BA0
S205000E4205A5
S205000E4300A9
S205000E441395
S205000E4504A3
S205000E46198D
S205000E4700A5
S205000E48E3C1
S205000E499211
S205000E4A079B
S205000E4BCAD7
S205000E4C6F31
S205000E4DF0AF
S205000E4E9FFF
S205000E4FCBD2
S205000E501389
S205000E518912
S205000E520496
S205000E530099
S205000E541385
S205000E550691
S205000E560096
S205000E570194
S205000E586F25
S205000E59F0A3
S205000E5A9FF3
S205000E5BE9A8
S205000E5C137D
S205000E5D8906
S205000E5E048A
S205000E5F008D
S205000E6093F9
S205000E61F794
S205000E620783
S205000E630188
S205000E6493F5
S205000E650483
S205000E664C3A
S205000E670085
S205000E681371
S205000E69047F
S205000E6A1969
S205000E6B0081
S205000E6C631D
S205000E6D8AF5
S205000E6E0777
S205000E6F0A73
S205000E700379
S205000E712754
S205000E720C6E
S205000E730079
S205000E7493E5
S205000E750770
S205000E761066
S205000E770075
S205000E781361
S205000E79056E
S205000E7A1B57
S205000E7B0071
S205000E7C234D
S205000E7D006F
S205000E7EEB83
S205000E7F006D
S205000E80E389
S205000E81D695
S205000E82B7B3
S205000E830762
S205000E841355
S205000E8586E1
S205000E86FD69
S205000E87FF66
S205000E8893D1
S205000E89055E
S205000E8A0062
S205000E8B025F
S205000E8CEF71
S205000E8DF06F
S205000E8ECF8F
S205000E8FBF9E
S205000E9083D9
S205000E914714
S205000E921941
S205000E930059
S205000E943325
S205000E950B4C
S205000E96BB9B
S205000E970154
S205000E981341
S205000E998CC7
S205000E9A044E
S205000E9B0051
S205000E9CE36D
S205000E9D98B7
S205000E9E0747
S205000E9FC489
S205000EA06FDD
S205000EA1F05B
S205000EA25FEB
S205000EA3C683
S205000EA493B5
S205000EA50542
S205000EA60046
S205000EA70045
S205000EA81331
S205000EA9053E
S205000EAA90B2
S205000EAB0041
S205000EAC132D
S205000EAD97A8
S205000EAE2519
S205000EAF003D
S205000EB03309
S205000EB10734
S205000EB2B783
S205000EB30039
S205000EB41325
S205000EB50631
S205000EB61620
S205000EB70035
S205000EB81321
S205000EB9171C
S205000EBA171B
S205000EBB0031
S205000EBC33FD
S205000EBD0728
S205000EBE0727
S205000EBF012C
S205000EC00329
S205000EC148E3
S205000EC20624
S205000EC30029
S205000EC49395
S205000EC50522
S205000EC6071F
S205000EC7FD28
S205000EC89391
S205000EC9061D
S205000ECA081A
S205000ECBFD24
S205000ECC938D
S205000ECDF629
S205000ECEF628
S205000ECF0F0E
S205000ED0E339
S205000ED17E9D
S205000ED2D545
S205000ED3FC1D
S205000ED41305
S205000ED5C750
S205000ED6F521
S205000ED7FF16
S205000ED81301
S205000ED957BC
S205000EDAF71B
S205000EDB41D0
S205000EDC33DD
S205000EDDF718
S205000EDEE529
S205000EDF000D
S205000EE09379
S205000EE10407
S205000EE20604
S205000EE30009
S205000EE46F99
S205000EE5F017
S205000EE61FE7
S205000EE7CB3A
S205000EE80301
S205000EE927DC
S205000EEA0CF6
S205000EEB0001
S205000EEC03FD
S205000EEDC837
S205000EEE24DA
S205000EEF00FD
S205000EF013E9
S205000EF10CEF
S205000EF24CAE
S205000EF300F9
S205000EF49365
S205000EF546B1
S205000EF6F7FF
S205000EF7FFF6
S205000EF89361
S205000EF9D61D
S205000EFAF6FC
S205000EFB41B0
S205000EFC33BD
S205000EFD7778
S205000EFED717
S205000EFF00ED
S205000F009358
S205000F018466
S205000F0224C5
S205000F0300E8
S205000F046F78
S205000F05F0F6
S205000F061FC6
S205000F07C91B
S205000F089350
S205000F09E7FB
S205000F0A17CA
S205000F0B00E0
S205000F0C934C
S205000F0D0DD1
S205000F0E805D
S205000F0F00DC
S205000F106F6C
S205000F11F0EA
S205000F125F7A
S205000F13F1E7
S205000F1437A0
S205000F1504D2
S205000F1610C5
S205000F1700D4
S205000F1813C0
S205000F1904CE
S205000F1AC40D
S205000F1B11BF
S205000F1C6F60
S205000F1DF0DE
S205000F1E1FAE
S205000F1FE2EA
S205000F209338
S205000F2107C3
S205000F2210B9
S205000F2300C8
S205000F246364
S205000F25D8EE
S205000F26B70E
S205000F27794B
S205000F289330
S205000F298D35
S205000F2AFDC4
S205000F2BFFC1
S205000F2C13AC
S205000F2D8638
S205000F2E0DB0
S205000F2F00BC
S205000F3013A8
S205000F3105B5
S205000F320BAE
S205000F3300B8
S205000F349324
S205000F3505B1
S205000F3600B5
S205000F3702B2
S205000F383380
S205000F390BA7
S205000F3ABBF6
S205000F3B01AF
S205000F3CEFC0
S205000F3DF0BE
S205000F3ECFDE
S205000F3FB4F8
S205000F409318
S205000F410D9D
S205000F4200A9
S205000F4300A8
S205000F446F38
S205000F45F0B6
S205000F46DFC6
S205000F47F2B2
S205000F486340
S205000F49D4CE
S205000F4AB4ED
S205000F4B7927
S205000F4C336C
S205000F4D8618
S205000F4E9D00
S205000F4F405C
S205000F501388
S205000F510595
S205000F520B8E
S205000F530098
S205000F549304
S205000F550591
S205000F560095
S205000F570292
S205000F582370
S205000F59266C
S205000F5AC1D0
S205000F5B0090
S205000F5CEFA0
S205000F5DF09E
S205000F5ECFBE
S205000F5FB2DA
S205000F600388
S205000F612664
S205000F62C1C8
S205000F630088
S205000F6493F4
S205000F658DF9
S205000F66F491
S205000F67FF85
S205000F683350
S205000F690B77
S205000F6ACBB6
S205000F6B0080
S205000F6C6F10
S205000F6DF08E
S205000F6EDF9E
S205000F6FDF9D
S205000F7093E8
S205000F710674
S205000F72C0B9
S205000F730672
S205000F7493E4
S205000F75E78F
S205000F76274E
S205000F770074
S205000F78E390
S205000F798AE8
S205000F7AD59C
S205000F7BD69A
S205000F7C93DC
S205000F7D0668
S205000F7E4C21
S205000F7F006C
S205000F8083E8
S205000F812545
S205000F820C5D
S205000F830068
S205000F841354
S205000F850660
S205000F86A0C5
S205000F870064
S205000F881350
S205000F898CD6
S205000F8A065B
S205000F8B0060
S205000F8C6FF0
S205000F8DF06E
S205000F8EDF7E
S205000F8FD686
S205000F901348
S205000F910753
S205000F92C099
S205000F930652
S205000F9463F4
S205000F958EC8
S205000F96E570
S205000F975400
S205000F9883D0
S205000F99252D
S205000F9A0C45
S205000F9B0050
S205000F9C133C
S205000F9D0C42
S205000F9E4C01
S205000F9F004C
S205000FA00348
S205000FA1C684
S205000FA20544
S205000FA30048
S205000FA463E4
S205000FA50244
S205000FA6063F
S205000FA74CF8
S205000FA81330
S205000FA9073B
S205000FAA3011
S205000FAB063A
S205000FAC63DC
S205000FAD54EA
S205000FAEC776
S205000FAF64D8
S205000FB03704
S205000FB187B3
S205000FB2EB4E
S205000FB351E7
S205000FB41324
S205000FB5072F
S205000FB6F73E
S205000FB751E3
S205000FB83300
S205000FB938FA
S205000FBAE64B
S205000FBB022E
S205000FBC131C
S205000FBD0F1F
S205000FBE40ED
S205000FBF0626
S205000FC037F4
S205000FC1D357
S205000FC2CC5D
S205000FC3CC5C
S205000FC41314
S205000FC50323
S205000FC6D352
S205000FC7CC58
S205000FC837EC
S205000FC9071B
S205000FCA1011
S205000FCB0020
S205000FCC130C
S205000FCD0717
S205000FCEC756
S205000FCF0C10
S205000FD01308
S205000FD10515
S205000FD240D9
S205000FD30018
S205000FD49384
S205000FD50610
S205000FD630E5
S205000FD70014
S205000FD81300
S205000FD90E04
S205000FDA20F1
S205000FDB0010
S205000FDC937C
S205000FDD5EB0
S205000FDE58B5
S205000FDF000C
S205000FE0B358
S205000FE18E7C
S205000FE2EE1B
S205000FE30305
S205000FE413F4
S205000FE558AE
S205000FE658AD
S205000FE70004
S205000FE833D0
S205000FE908FA
S205000FEA07FA
S205000FEB01FF
S205000FEC03FC
S205000FED4FAF
S205000FEE08F5
S205000FEF00FC
S205000FF0B348
S205000FF10EEC
S205000FF2D623
S205000FF341B7
S205000FF433C4
S205000FF5B640
S205000FF66E87
S205000FF702F2
S205000FF813E0
S205000FF9569C
S205000FFA36BB
S205000FFB00F0
S205000FFC33BC
S205000FFD08E6
S205000FFEC726
S205000FFF00EC
S20500100003E7
S20500100143A6
S20500100208E0
S20500100300E7
S20500100413D3
S20500100518CD
S20500100626BE
S20500100700E3
S20500100833AF
S20500100906DB
S20500100AC818
S20500100B00DF
S20500100C13CB
S20500100D18C5
S20500100E8359
S20500100F00DB
S20500101033A7
S2050010116871
S2050010120FC9
S20500101301D6
S20500101413C3
S20500101516BF
S20500101616BE
S20500101700D3
S20500101823AF
S2050010191CB5
S20500101A01CF
S20500101B01CE
S20500101C339B
S20500101D8647
S20500101ECEFE
S20500101F408B
S2050010203397
S20500102106C3
S205001022C701
S20500102300C7
S20500102403C3
S205001025477E
S20500102606BE
S20500102700C3
S20500102813AF
S20500102908B9
S20500102A01BF
S20500102B01BE
S20500102C13AB
S20500102D06B7
S20500102E0EAE
S20500102F02B9
S2050010303387
S2050010310EAB
S20500103206B2
S20500103301B6
S2050010342393
S20500103504B1
S205001036EEC6
S205001037FEB5
S205001038139F
S205001039872A
S20500103A06AA
S20500103B02AD
S20500103C139B
S20500103D08A5
S20500103E01AB
S20500103F01AA
S20500104003A7
S205001041C6E3
S2050010421593
S20500104300A7
S2050010443373
S2050010450E97
S205001046079D
S20500104701A2
S205001048138F
S205001049079A
S20500104AE0C0
S20500104B029D
S20500104C237B
S20500104D0499
S20500104EEEAE
S20500104FFE9D
S2050010506337
S2050010510E8B
S2050010520692
S2050010533E59
S2050010541383
S205001055078E
S2050010563064
S205001057068D
S205001058632F
S205001059563B
S20500105AC7C9
S20500105B543B
S20500105C3757
S20500105D8706
S20500105EEBA1
S20500105F513A
S2050010601377
S2050010610782
S205001062F791
S2050010635136
S2050010643353
S205001065384D
S205001066E69E
S2050010670281
S205001068136F
S205001069057C
S20500106A057B
S20500106B027D
S20500106C93EB
S20500106D0875
S20500106E017B
S20500106F017A
S205001070B3C7
S2050010710E6B
S2050010721563
S2050010730176
S2050010741363
S20500107585F0
S205001076363E
S2050010770073
S205001078373B
S205001079076A
S20500107A1060
S20500107B006F
S20500107C135B
S20500107D0766
S20500107EC7A5
S20500107F0C5F
S2050010803733
S205001081D396
S205001082CC9C
S205001083CC9B
S2050010841353
S2050010850362
S205001086D391
S205001087CC97
S20500108893CF
S205001089560B
S20500108A5808
S20500108B005F
S20500108C134B
S20500108D0855
S20500108E401C
S20500108F0655
S2050010903327
S20500109188D1
S2050010920652
S2050010930354
S205001094B3A3
S205001095064F
S205001096D77D
S2050010970053
S20500109883CF
S205001099C68B
S20500109A064A
S20500109B004F
S20500109C232B
S20500109D84C9
S20500109EDE6E
S20500109FFE4D
S2050010A03317
S2050010A10841
S2050010A20642
S2050010A34106
S2050010A4B393
S2050010A5360F
S2050010A668DC
S2050010A70241
S2050010A893AF
S2050010A9D66B
S2050010AA360A
S2050010AB003F
S2050010AC330B
S2050010AD0637
S2050010AED765
S2050010AF003B
S2050010B00337
S2050010B143F6
S2050010B20632
S2050010B30037
S2050010B41323
S2050010B5969F
S2050010B6260E
S2050010B70033
S2050010B833FF
S2050010B9062B
S2050010BAD65A
S2050010BB002F
S2050010BC131B
S2050010BD1617
S2050010BE1616
S2050010BF002B
S2050010C02307
S2050010C10524
S2050010C26EBA
S2050010C3FE29
S2050010C433F3
S2050010C5061F
S2050010C6C85C
S2050010C740E3
S2050010C833EF
S2050010C9061B
S2050010CAC759
S2050010CB001F
S2050010CC839B
S2050010CD46D7
S2050010CE0616
S2050010CF001B
S2050010D01307
S2050010D10712
S2050010D20513
S2050010D30215
S2050010D41303
S2050010D5060F
S2050010D60113
S2050010D70112
S2050010D833DF
S2050010D9070A
S2050010DAC749
S2050010DB000F
S2050010DC13FB
S2050010DD0409
S2050010DE15F7
S2050010DF000B
S2050010E023E7
S2050010E10405
S2050010E2D731
S2050010E3FE09
S2050010E413F3
S2050010E507FE
S2050010E60400
S2050010E70201
S2050010E8936F
S2050010E906FB
S2050010EA01FF
S2050010EB01FE
S2050010EC03FB
S2050010EDC637
S2050010EE25D7
S2050010EF00FB
S2050010F033C7
S2050010F103F6
S2050010F2D721
S2050010F300F7
S2050010F413E3
S2050010F507EE
S2050010F6E014
S2050010F702F1
S2050010F823CF
S2050010F904ED
S2050010FAE30D
S2050010FBFEF1
S2050010FC13DB
S2050010FD0EDF
S2050010FE14D8
S2050010FF00EB
S2050011006386
S20500110108E0
S20500110206E1
S20500110332B4
S20500110413D2
S20500110507DD
S20500110630B3
S20500110706DC
S205001108637E
S205001109568A
S20500110AC718
S20500110B449A
S20500110C37A6
S20500110D8557
S20500110EEBF0
S20500110F5189
S20500111013C6
S20500111105D3
S205001112F5E2
S2050011135185
S20500111433A2
S205001115359F
S205001116A62D
S20500111702D0
S205001118933E
S20500111906CA
S20500111A0EC1
S20500111B02CC
S20500111C933A
S20500111D08C4
S20500111E01CA
S20500111F01C9
S205001120B316
S2050011218E3A
S20500112216B1
S20500112301C5
S205001124378E
S20500112507BD
S20500112610B3
S20500112700C2
S20500112813AE
S20500112907B9
S20500112AC7F8
S20500112B0CB2
S20500112C3786
S20500112DD8E4
S20500112ECCEF
S20500112FCCEE
S20500113013A6
S20500113108B0
S205001132D8DF
S205001133CCEA
S20500113413A2
S2050011350EA6
S205001136347F
S20500113700B2
S205001138931E
S205001139565A
S20500113A555A
S20500113B00AE
S20500113C139A
S20500113D05A7
S20500113E406B
S20500113F06A4
S2050011403376
S2050011418523
S205001142A601
S20500114302A4
S205001144B3F2
S205001145069E
S205001146D7CC
S20500114700A2
S205001148831E
S205001149C6DA
S20500114A0699
S20500114B009E
S20500114C237A
S20500114D8418
S20500114EDEBD
S20500114FFE9C
S2050011503366
S2050011510593
S205001152A6F1
S2050011534056
S205001154B3E2
S205001155365E
S205001156058E
S205001157038F
S20500115893FE
S205001159D6BA
S20500115A3659
S20500115B008E
S20500115C335A
S20500115D0686
S20500115ED7B4
S20500115F008A
S2050011600386
S2050011614840
S2050011620681
S2050011630086
S2050011641372
S20500116596EE
S205001166265D
S2050011670082
S205001168334E
S205001169067A
S20500116AD6A9
S20500116B007E
S20500116C136A
S20500116D1666
S20500116E1665
S20500116F007A
S2050011702356
S2050011710573
S2050011720374
S205001173FF77
S2050011743342
S205001175066E
S205001176C5AE
S2050011774032
S205001178333E
S205001179066A
S20500117AC7A8
S20500117B006E
S20500117C83EA
S20500117D4626
S20500117E0665
S20500117F006A
S2050011801356
S2050011810761
S2050011820E59
S2050011830264
S2050011841352
S205001185065E
S2050011860162
S2050011870161
S205001188332E
S2050011890759
S20500118AC798
S20500118B005E
S20500118C134A
S20500118D0458
S20500118E1E3D
S20500118F005A
S2050011902336
S2050011910454
S205001192D780
S205001193FE58
S2050011941342
S205001195074D
S205001196044F
S2050011970250
S20500119893BE
S205001199064A
S20500119A014E
S20500119B014D
S20500119C034A
S20500119DC389
S20500119E3516
S20500119F004A
S2050011A03316
S2050011A10543
S2050011A2D770
S2050011A30046
S2050011A41332
S2050011A5073D
S2050011A6E063
S2050011A70240
S2050011A8231E
S2050011A9043C
S2050011AAE55A
S2050011ABFE40
S2050011AC132A
S2050011AD0834
S2050011AE1427
S2050011AF003A
S2050011B063D6
S2050011B10236
S2050011B20334
S2050011B32610
S2050011B41322
S2050011B5072D
S2050011B63003
S2050011B7062C
S2050011B863CE
S2050011B956DA
S2050011BA67C8
S2050011BB34FA
S2050011BCB776
S2050011BD86A6
S2050011BEEB40
S2050011BF51D9
S2050011C09396
S2050011C186A2
S2050011C2F631
S2050011C351D5
S2050011C4B372
S2050011C536EE
S2050011C6D350
S2050011C70220
S2050011C8938E
S2050011C9051B
S2050011CA0817
S2050011CB021C
S2050011CC130A
S2050011CD0814
S2050011CE011A
S2050011CF0119
S2050011D033E6
S2050011D18E8A
S2050011D20512
S2050011D30115
S2050011D49382
S2050011D5050F
S2050011D640D3
S2050011D7060C
S2050011D837DA
S2050011D90709
S2050011DA10FF
S2050011DB000E
S2050011DC13FA
S2050011DD0705
S2050011DEC744
S2050011DF0CFE
S2050011E037D2
S2050011E1D632
S2050011E2CC3B
S2050011E3CC3A
S2050011E413F2
S2050011E506FE
S2050011E6D62D
S2050011E7CC36
S2050011E813EE
S2050011E908F8
S2050011EA34CB
S2050011EB00FE
S2050011EC936A
S2050011EDD626
S2050011EE56A5
S2050011EF00FA
S2050011F0B346
S2050011F18573
S2050011F2B641
S2050011F302F4
S2050011F4B342
S2050011F506EE
S2050011F6D71C
S2050011F700F2
S2050011F8836E
S2050011F9C62A
S2050011FA06E9
S2050011FB00EE
S2050011FC23CA
S2050011FD04E8
S2050011FEDE0D
S2050011FFFEEC
S205001200B335
S20500120105E2
S205001202B333
S20500120340A5
S205001204B331
S205001205B62D
S205001206C51D
S20500120702DF
S205001208934D
S205001209D609
S20500120A36A8
S20500120B00DD
S20500120C33A9
S20500120D06D5
S20500120ED703
S20500120F00D9
S20500121003D5
S2050012114394
S20500121206D0
S20500121300D5
S20500121413C1
S205001215963D
S20500121626AC
S20500121700D1
S205001218B31D
S20500121906C9
S20500121AD6F8
S20500121B00CD
S20500121C9339
S20500121D9635
S20500121E16B4
S20500121F00C9
S20500122023A5
S20500122105C2
S2050012226561
S205001223FEC7
S2050012243391
S2050012258340
S205001226D5ED
S2050012274081
S205001228B30D
S20500122906B9
S20500122A6757
S20500122B00BD
S20500122C8339
S20500122DC6F5
S20500122E06B4
S20500122F00B9
S20500123013A5
S20500123107B0
S20500123208AE
S20500123302B3
S20500123413A1
S20500123506AD
S20500123601B1
S20500123701B0
S205001238337D
S20500123907A8
S20500123AC7E7
S20500123B00AD
S20500123C1399
S20500123D04A7
S20500123E1892
S20500123F00A9
S2050012402385
S20500124104A3
S205001242D7CF
S205001243FEA7
S2050012449311
S205001245F7AC
S205001246079B
S20500124701A0
S205001248633D
S205001249920D
S20500124A0797
S20500124B029B
S20500124C6339
S20500124D5A41
S20500124EB4E6
S20500124F4B4E
S205001250B3E5
S2050012518D0A
S2050012528D09
S2050012534055
S2050012541381
S205001255860D
S2050012560D85
S2050012570091
S205001258137D
S205001259058A
S20500125A0B83
S20500125B008D
S20500125C93F9
S20500125D0586
S20500125E008A
S20500125F0287
S2050012603355
S2050012610B7C
S205001262BBCB
S2050012630184
S205001264EF95
S205001265F093
S2050012664F33
S20500126782FF
S20500126893ED
S2050012690D72
S20500126AF48A
S20500126BFF7E
S20500126C1369
S20500126D0675
S20500126E0476
S20500126F0079
S20500127093E5
S2050012710572
S20500127281F5
S2050012730174
S2050012741361
S205001275056E
S2050012760B67
S2050012770071
S205001278EF81
S205001279F07F
S20500127ACF9F
S20500127B8EDF
S20500127C3339
S20500127D0566
S20500127E8BDF
S20500127F0069
S2050012806305
S2050012815C0B
S205001282B4B2
S2050012834520
S2050012843331
S20500128586DD
S2050012868DD5
S2050012874021
S20500128893CD
S205001289055A
S20500128A005E
S20500128B025B
S20500128CEF6D
S20500128DE07B
S20500128EDF7B
S20500128FFF5A
S2050012903325
S2050012910B4C
S205001292BB9B
S2050012930154
S20500129483D1
S205001295470C
S2050012961939
S2050012970051
S205001298133D
S205001299044B
S20500129A1935
S20500129B004D
S20500129CE369
S20500129D98B3
S20500129E0743
S20500129F84C5
S2050012A06FD9
S2050012A1F057
S2050012A25FE7
S2050012A386BF
S2050012A493B1
S2050012A5E75C
S2050012A6073B
S2050012A7043D
S2050012A8132D
S2050012A90639
S2050012AA003E
S2050012AB013C
S2050012AC6FCD
S2050012ADF04B
S2050012AE5FDB
S2050012AFA495
S2050012B01325
S2050012B10730
S2050012B2C076
S2050012B3062F
S2050012B493A1
S2050012B5E74C
S2050012B6072B
S2050012B7042D
S2050012B8E34D
S2050012B9909F
S2050012BAE549
S2050012BBCE5F
S2050012BC37F5
S2050012BD0724
S2050012BE101A
S2050012BF0029
S2050012C083A5
S2050012C12601
S2050012C20C1A
S2050012C30025
S2050012C41311
S2050012C5071C
S2050012C647DB
S2050012C70F12
S2050012C8130D
S2050012C90C13
S2050012CA4CD2
S2050012CB001D
S2050012CC8399
S2050012CDC556
S2050012CE0614
S2050012CF0019
S2050012D08395
S2050012D1CF48
S2050012D246D0
S2050012D30015
S2050012D40311
S2050012D5C350
S2050012D616FC
S2050012D70011
S2050012D8838D
S2050012D9C847
S2050012DA26E8
S2050012DB000D
S2050012DC0309
S2050012DDC843
S2050012DE36D4
S2050012DF0009
S2050012E00305
S2050012E1C641
S2050012E256B0
S2050012E30005
S2050012E49371
S2050012E5F60D
S2050012E6F50D
S2050012E70001
S2050012E8B34D
S2050012E906F9
S2050012EAD727
S2050012EB00FD
S2050012EC9369
S2050012EDD526
S2050012EE45B5
S2050012EF00F9
S2050012F003F5
S2050012F1C532
S2050012F206F0
S2050012F300F5
S2050012F4B341
S2050012F505EE
S2050012F6B73B
S2050012F700F1
S2050012F813DD
S2050012F95F90
S2050012FA43AB
S2050012FB00ED
S2050012FC9359
S2050012FDDE0D
S2050012FE48A2
S2050012FF00E9
S20500130013D4
S2050013015E88
S205001302489D
S20500130300E4
S2050013049350
S205001305D30F
S2050013064F92
S20500130700E0
S205001308934C
S205001309F6E8
S20500130AFFDE
S20500130B00DC
S20500130C13C8
S20500130D5486
S20500130E4693
S20500130F00D8
S20500131013C4
S2050013117363
S205001312F3E2
S20500131300D4
S2050013149340
S205001315F8DA
S205001316F8D9
S20500131700D0
S20500131813BC
S2050013197856
S20500131AF8D5
S20500131B00CC
S20500131C3398
S20500131D0FBB
S20500131EE7E2
S20500131F01C7
S2050013203394
S20500132103C3
S205001322675E
S20500132300C4
S205001324B310
S2050013250EB4
S205001326D7EA
S20500132701BF
S205001328B30C
S20500132908B6
S20500132A17A6
S20500132B01BB
S20500132C3388
S20500132D08B2
S20500132E07B2
S20500132F01B7
S205001330B304
S20500133103B3
S205001332773E
S20500133300B4
S205001334B300
S20500133506AC
S205001336D7DA
S20500133700B0
S205001338832C
S205001339C5E9
S20500133A05A8
S20500133B00AC
S20500133C3378
S20500133D0E9C
S20500133EC7E2
S20500133F01A7
S2050013403374
S20500134104A2
S205001342871E
S20500134300A4
S2050013448320
S2050013454260
S2050013460F92
S20500134700A0
S205001348831C
S2050013494F4F
S20500134A039A
S20500134B009C
S20500134C0398
S20500134DCFCB
S20500134E0E8B
S20500134F0098
S2050013500394
S2050013514353
S205001352088D
S2050013530094
S2050013548310
S205001355CEC4
S2050013560889
S2050013570090
S205001358038C
S2050013594E40
S20500135A0E7F
S20500135B008C
S20500135C8308
S20500135DC8C2
S20500135E0386
S20500135F0088
S2050013600384
S205001361483E
S2050013620481
S2050013630084
S2050013648300
S205001365C3BF
S205001366067B
S2050013670080
S205001368136C
S2050013691569
S20500136A85F8
S20500136B007C
S20500136C1368
S20500136D7604
S20500136EF683
S20500136F0078
S20500137093E4
S2050013710670
S205001372A0D5
S2050013730371
S205001374B3C0
S205001375E58D
S205001376A5CC
S2050013770070
S205001378333C
S2050013790767
S20500137AC7A6
S20500137B006C
S20500137C2348
S20500137D1C4E
S20500137EB1B8
S20500137F0068
S2050013802344
S2050013810D59
S205001382D194
S2050013830064
S205001384A3C0
S2050013850D55
S2050013865110
S2050013870060
S205001388233C
S2050013890E50
S20500138AF16C
S20500138B015B
S20500138CA3B8
S20500138D0E4C
S20500138ED188
S20500138F0058
S2050013902334
S2050013910F47
S205001392E174
S2050013930153
S205001394A3B0
S2050013950F43
S205001396D180
S205001397014F
S205001398232C
S205001399004E
S20500139AD17C
S20500139B024A
S20500139CA3A8
S20500139D004A
S20500139EC188
S20500139F0345
S2050013A02324
S2050013A10145
S2050013A261E4
S2050013A30242
S2050013A4A3A0
S2050013A50141
S2050013A6D170
S2050013A7023E
S2050013A8231C
S2050013A9023C
S2050013AA112C
S2050013AB0339
S2050013ACA398
S2050013AD0238
S2050013AE71C8
S2050013AF0236
S2050013B02314
S2050013B10333
S2050013B2D164
S2050013B30232
S2050013B4A390
S2050013B5032F
S2050013B60130
S2050013B7032D
S2050013B8032C
S2050013B947E7
S2050013BA0726
S2050013BB002C
S2050013BC9398
S2050013BDF733
S2050013BE0722
S2050013BF0127
S2050013C02304
S2050013C10422
S2050013C2E144
S2050013C30222
S2050013C463C0
S2050013C59E84
S2050013C6071A
S2050013C70E12
S2050013C8938C
S2050013C90717
S2050013CA100D
S2050013CB011B
S2050013CC63B8
S2050013CDD842
S2050013CEB762
S2050013CF0F09
S2050013D01304
S2050013D18492
S2050013D2FD18
S2050013D3FE16
S2050013D41300
S2050013D5060C
S2050013D6040D
S2050013D70010
S2050013D8937C
S2050013D90509
S2050013DA000D
S2050013DB020A
S2050013DC13F8
S2050013DD0505
S2050013DE0BFE
S2050013DF0008
S2050013E0EF18
S2050013E1E026
S2050013E29F66
S2050013E3EA1A
S2050013E433D0
S2050013E505FD
S2050013E68B76
S2050013E70000
S2050013E813EC
S2050013E906F8
S2050013EA10ED
S2050013EB01FB
S2050013EC9368
S2050013ED05F5
S2050013EE8178
S2050013EF01F7
S2050013F0EF08
S2050013F1E016
S2050013F25F96
S2050013F3F7FD
S2050013F433C0
S2050013F50BE7
S2050013F6BB36
S2050013F701EF
S2050013F8836C
S2050013F9C727
S2050013FA24C9
S2050013FB00EC
S2050013FC13D8
S2050013FD8466
S2050013FE24C5
S2050013FF00E8
S2050014006383
S205001401964F
S20500140207DD
S205001403EEF5
S2050014046F73
S205001405F0F1
S2050014060FD1
S205001407F0EF
S205001408934B
S205001409E7F6
S20500140A07D5
S20500140B04D7
S20500140C13C7
S20500140D8950
S20500140E04D4
S20500140F00D7
S2050014106F67
S205001411F0E5
S2050014129F35
S205001413B81B
S205001414933F
S20500141506CB
S20500141601CF
S20500141701CE
S20500141813BB
S20500141907C6
S20500141A08C4
S20500141B02C9
S20500141C3397
S20500141D07C2
S20500141ED7F1
S20500141F00C7
S2050014209333
S20500142106BF
S20500142200C4
S20500142303C0
S20500142413AF
S20500142504BD
S205001426249C
S20500142700BF
S205001428239B
S20500142904B9
S20500142AD7E5
S20500142BFEBD
S20500142C6F4B
S20500142DF0C9
S20500142E9F19
S20500142FE1D6
S2050014309323
S20500143106AF
S20500143201B3
S20500143301B2
S205001434139F
S20500143507AA
S2050014360EA2
S20500143702AD
S205001438337B
S20500143907A6
S20500143AD7D5
S20500143B00AB
S20500143C9317
S20500143D06A3
S20500143E00A8
S20500143F03A4
S2050014401393
S20500144104A1
S2050014422480
S20500144300A3
S205001444237F
S205001445049D
S205001446D7C9
S205001447FEA1
S2050014486F2F
S205001449F0AD
S20500144ADFBD
S20500144BD4C7
S20500144C1387
S20500144D0792
S20500144E0593
S20500144F0295
S2050014501383
S205001451068F
S2050014520193
S2050014530192
S205001454335F
S205001455058C
S205001456C7C9
S205001457008F
S205001458137B
S2050014590786
S20500145A008C
S20500145B0388
S20500145C1377
S20500145D8405
S20500145E2662
S20500145F0087
S2050014602363
S2050014610481
S205001462E59F
S205001463FE85
S2050014646F13
S205001465F091
S2050014661F61
S205001467C8B7
S205001468136B
S2050014690776
S20500146A007C
S20500146B0378
S20500146C2357
S20500146D0C6D
S20500146EE197
S20500146F0077
S2050014701363
S2050014710570
S2050014722054
S2050014730073
S20500147493DF
S205001475066B
S2050014761060
S205001477006F
S2050014786FFF
S205001479F07D
S20500147A1F4D
S20500147BBCAF
S20500147C1357
S20500147D0B5E
S20500147E0563
S20500147F0067
S2050014802343
S2050014810065
S2050014820B59
S2050014830063
S20500148483DF
S2050014852041
S205001486C19F
S2050014870659
S205001488035B
S2050014892B32
S20500148A015B
S20500148B0556
S20500148C1347
S20500148D0554
S20500148E0058
S20500148F0057
S2050014901343
S2050014910154
S2050014920153
S205001493074C
S20500149467EB
S20500149580D1
S2050014960050
S205001497004F
S20500149893BB
S2050014990746
S20500149A1438
S20500149B004B
S20500149CB397
S20500149D0643
S20500149E9BAD
S20500149F0047
S2050014A06FD7
S2050014A10045
S2050014A280C4
S2050014A30043
S2050014A493AF
S2050014A587BA
S2050014A61729
S2050014A7003F
S2050014A8033B
S2050014A9C776
S2050014AAF745
S2050014ABFF3C
S2050014AC1327
S2050014AD0B2E
S2050014AE1B1D
S2050014AF0037
S2050014B0A393
S2050014B10F26
S2050014B2EB49
S2050014B3FE35
S2050014B4E34F
S2050014B51819
S2050014B6DB55
S2050014B7FE31
S2050014B86FBF
S2050014B9F03D
S2050014BA1F0D
S2050014BB9398
S2050014BC9397
S2050014BD8D9C
S2050014BEFD2B
S2050014BFFF28
S2050014C01313
S2050014C1061F
S2050014C21014
S2050014C30122
S2050014C4938F
S2050014C5051C
S2050014C6819F
S2050014C7011E
S2050014C8130B
S2050014C90518
S2050014CA0B11
S2050014CB001B
S2050014CCEF2B
S2050014CDE039
S2050014CE9F79
S2050014CFE92E
S2050014D01303
S2050014D10411
S2050014D21004
S2050014D30112
S2050014D413FF
S2050014D5050C
S2050014D61BF5
S2050014D7010E
S2050014D863AB
S2050014D958B5
S2050014DAB458
S2050014DB23E8
S2050014DC13F7
S2050014DD8683
S2050014DEFD0B
S2050014DFFE09
S2050014E09373
S2050014E10500
S2050014E20004
S2050014E30201
S2050014E4EF13
S2050014E5E021
S2050014E65FA1
S2050014E7DA25
S2050014E833CB
S2050014E90BF2
S2050014EABB41
S2050014EB01FA
S2050014EC6F8B
S2050014EDF009
S2050014EEDF19
S2050014EFF007
S2050014F037BF
S2050014F107EE
S2050014F210E4
S2050014F300F3
S2050014F4836F
S2050014F526CB
S2050014F60CE4
S2050014F700EF
S2050014F813DB
S2050014F907E6
S2050014FAC725
S2050014FB0CDF
S2050014FC13D7
S2050014FD0CDD
S2050014FE4C9C
S2050014FF00E7
S2050015006F76
S205001501F0F4
S205001502DF04
S205001503DC06
S20500150413CE
S20500150507D9
S205001506904F
S20500150700DE
S205001508637A
S2050015095C80
S20500150A6774
S20500150B16C4
S20500150C37A2
S20500150DD701
S20500150ECC0B
S20500150FCC0A
S20500151013C2
S20500151107CD
S205001512D7FC
S205001513CC06
S205001514B31E
S205001515369A
S205001516E3EC
S20500151702CC
S2050015183796
S20500151907C5
S20500151A10BB
S20500151B00CA
S20500151C13B6
S20500151D06C2
S20500151E08BF
S20500151F02C4
S20500152013B2
S20500152107BD
S205001522C7FC
S2050015230CB6
S205001524932E
S20500152505BB
S20500152601BE
S20500152701BD
S205001528B30A
S20500152905B7
S20500152AB605
S20500152B00BA
S20500152C13A6
S20500152D08B0
S20500152E2493
S20500152F00B6
S2050015309322
S205001531D6DE
S205001532367D
S20500153300B2
S205001534337E
S20500153506AA
S205001536D7D8
S20500153700AE
S20500153803AA
S2050015394567
S20500153A06A5
S20500153B00AA
S20500153C1396
S20500153D9612
S20500153E2681
S20500153F00A6
S205001540B3F2
S205001541069E
S205001542D6CD
S20500154300A2
S205001544930E
S205001545960A
S2050015461689
S205001547009E
S205001548237A
S2050015498418
S20500154AA5F6
S20500154BFE9C
S20500154C3366
S20500154D0395
S20500154ED3C4
S20500154F4056
S2050015506F26
S205001551F0A4
S2050015529FF4
S205001553CDC5
S205001554137E
S2050015550789
S20500155690FF
S205001557008E
S205001558632A
S2050015595E2E
S20500155AC7C4
S20500155B107A
S20500155C3752
S20500155DD7B1
S20500155ECCBB
S20500155FCCBA
S2050015601372
S205001561077D
S205001562D7AC
S205001563CCB6
S205001564B3CE
S205001565364A
S205001566E699
S205001567027C
S2050015683746
S2050015690775
S20500156A106B
S20500156B007A
S20500156C1366
S20500156D0573
S20500156E0E69
S20500156F0274
S2050015701362
S205001571076D
S205001572C7AC
S2050015730C66
S205001574135E
S2050015750868
S205001576016E
S205001577016D
S205001578333A
S2050015790864
S20500157A0566
S20500157B0169
S20500157C1356
S20500157D0E5A
S20500157E2443
S20500157F0066
S20500158093D2
S205001581D68E
S205001582362D
S2050015830062
S205001584332E
S205001585055B
S205001586D788
S205001587005E
S205001588035A
S2050015894319
S20500158A0556
S20500158B005A
S20500158C1346
S20500158D95C3
S20500158E2631
S20500158F0056
S205001590B3A2
S205001591064E
S205001592D57E
S2050015930052
S20500159493BE
S20500159596BA
S2050015961639
S205001597004E
S205001598232A
S2050015990448
S20500159A68E3
S20500159BFE4C
S20500159C3316
S20500159D0642
S20500159ED671
S20500159F4006
S2050015A06FD6
S2050015A1F054
S2050015A29FA4
S2050015A3BD85
S2050015A4132E
S2050015A50739
S2050015A690AF
S2050015A7003E
S2050015A863DA
S2050015A950EC
S2050015AAC774
S2050015AB0C2E
S2050015AC3702
S2050015ADD761
S2050015AECC6B
S2050015AFCC6A
S2050015B01322
S2050015B1072D
S2050015B2D75C
S2050015B3CC66
S2050015B433FE
S2050015B538F8
S2050015B6E649
S2050015B7022C
S2050015B8131A
S2050015B90527
S2050015BA0526
S2050015BB0228
S2050015BC37F2
S2050015BD0721
S2050015BE1017
S2050015BF0026
S2050015C09392
S2050015C1081C
S2050015C20122
S2050015C30121
S2050015C433EE
S2050015C5031D
S2050015C6150A
S2050015C7011D
S2050015C8130A
S2050015C90715
S2050015CAC754
S2050015CB0C0E
S2050015CC1306
S2050015CD8593
S2050015CE26F1
S2050015CF0016
S2050015D09382
S2050015D156BE
S2050015D238DB
S2050015D30012
S2050015D433DE
S2050015D50808
S2050015D6D738
S2050015D7000E
S2050015D8030A
S2050015D94EBE
S2050015DA0803
S2050015DB000A
S2050015DC13F6
S2050015DD9870
S2050015DE26E1
S2050015DF0006
S2050015E0B352
S2050015E106FE
S2050015E2D82B
S2050015E30002
S2050015E4936E
S2050015E5966A
S2050015E616E9
S2050015E700FE
S2050015E823DA
S2050015E904F8
S2050015EAC338
S2050015EBFFFB
S2050015EC33C6
S2050015ED06F2
S2050015EED621
S2050015EF40B6
S2050015F06F86
S2050015F1F004
S2050015F29F54
S2050015F3AD45
S2050015F413DE
S2050015F507E9
S2050015F6905F
S2050015F700EE
S2050015F8638A
S2050015F95C90
S2050015FAC724
S2050015FB04E6
S2050015FC37B2
S2050015FDD711
S2050015FECC1B
S2050015FFCC1A
S20500160013D1
S20500160107DC
S205001602D70B
S205001603CC15
S20500160433AD
S20500160538A7
S205001606E6F8
S20500160702DB
S20500160837A5
S20500160907D4
S20500160A10CA
S20500160B00D9
S20500160C13C5
S20500160D07D0
S20500160EC70F
S20500160F0CC9
S20500161013C1
S20500161105CE
S20500161230A2
S20500161300D1
S205001614933D
S20500161506C9
S20500161620AE
S20500161700CD
S20500161813B9
S2050016190EBD
S20500161A10BA
S20500161B00C9
S20500161C13B5
S20500161D586F
S20500161E388E
S20500161F00C5
S2050016203391
S20500162103C0
S20500162207BB
S20500162301C0
S205001624833D
S2050016254E71
S20500162603BB
S20500162700BD
S20500162813A9
S20500162913A8
S20500162A2892
S20500162B00B9
S20500162C3385
S20500162D08AF
S20500162E03B3
S20500162F01B4
S20500163013A1
S205001631189B
S205001632189A
S20500163300B1
S205001634238D
S2050016350CA3
S205001636D1DD
S20500163701AC
S2050016383379
S20500163906A5
S20500163A06A4
S20500163B4168
S20500163C6F39
S20500163DF0B7
S20500163E5F47
S20500163F9E07
S2050016409311
S205001641E7BC
S205001642277B
S20500164300A1
S205001644930D
S2050016450699
S2050016464C52
S205001647009D
S2050016481389
S2050016498912
S20500164A0496
S20500164B0099
S20500164C6F29
S20500164DF0A7
S20500164E5F37
S20500164F9302
S205001650375D
S205001651078C
S2050016521082
S2050016530091
S205001654137D
S205001655058A
S205001656206E
S205001657008D
S20500165893F9
S2050016590685
S20500165A107A
S20500165B0089
S20500165C1375
S20500165D0E79
S20500165E0086
S20500165F0085
S2050016601371
S205001661077C
S205001662C7BB
S2050016630C75
S2050016646F11
S205001665F08F
S205001666DF9F
S2050016679BE2
S2050016683745
S2050016690774
S20500166A106A
S20500166B0079
S20500166C1365
S20500166D0770
S20500166EC7AF
S20500166F0C69
S2050016706F05
S205001671F083
S2050016729FD3
S205001673A5CC
S2050016743739
S2050016750768
S205001676105E
S205001677006D
S2050016781359
S2050016790764
S20500167AC7A3
S20500167B0C5D
S20500167C6FF9
S20500167DF077
S20500167EDF87
S20500167FAFB6
S205001680372D
S205001681075C
S2050016821052
S2050016830061
S205001684134D
S2050016850758
S205001686C797
S2050016870C51
S2050016886FED
S205001689F06B
S20500168A1F3B
S20500168BBA9F
S20500168C1345
S20500168D89CE
S20500168E0452
S20500168F0055
S2050016906FE5
S205001691F063
S2050016929FB3
S20500169390C1
S20500169493BD
S205001695E768
S2050016960747
S2050016970449
S2050016981339
S20500169989C2
S20500169A0446
S20500169B0049
S20500169C1335
S20500169D0641
S20500169E0046
S20500169F0144
S2050016A06FD5
S2050016A1F053
S2050016A20F33
S2050016A3E55C
S2050016A493AD
S2050016A5F44B
S2050016A60737
S2050016A7013C
S2050016A8E359
S2050016A980BB
S2050016AA0436
S2050016AB8AAF
S2050016AC93A5
S2050016AD0433
S2050016AE0036
S2050016AF0035
S2050016B06FC5
S2050016B1F043
S2050016B2CF63
S2050016B3F33E
S2050016B483AD
S2050016B52708
S2050016B60C22
S2050016B7002D
S2050016B81319
S2050016B90B20
S2050016BA1B0F
S2050016BB0029
S2050016BC1315
S2050016BD8C9B
S2050016BE0422
S2050016BF0025
S2050016C0A381
S2050016C10F14
S2050016C2FB27
S2050016C3FE23
S2050016C4839D
S2050016C547D8
S2050016C61905
S2050016C7001D
S2050016C863B9
S2050016C99289
S2050016CA0713
S2050016CBC257
S2050016CC6FA9
S2050016CDF027
S2050016CE8F87
S2050016CFC352
S2050016D09381
S2050016D18D86
S2050016D2FD15
S2050016D3FF12
S2050016D46FA1
S2050016D5F01F
S2050016D64FBF
S2050016D7E924
S2050016D813F9
S2050016D90B00
S2050016DA0505
S2050016DB0009
S2050016DC6F99
S2050016DDF017
S2050016DE9F67
S2050016DFBB4A
S2050016E08381
S2050016E147BC
S2050016E219E9
S2050016E30001
S2050016E4639D
S2050016E5946B
S2050016E607F7
S2050016E7C03D
S2050016E86F8D
S2050016E9F00B
S2050016EACF2B
S2050016EBC138
S2050016EC8375
S2050016ED47B0
S2050016EE19DD
S2050016EF00F5
S2050016F013E1
S2050016F18C67
S2050016F204EE
S2050016F300F1
S2050016F413DD
S2050016F50BE4
S2050016F605E9
S2050016F700ED
S2050016F86389
S2050016F99A51
S2050016FA07E3
S2050016FBBE2B
S2050016FC6F79
S2050016FDF0F7
S2050016FE8F57
S2050016FFC025
S2050017009350
S2050017018D55
S205001702FDE4
S205001703FFE1
S2050017046F70
S205001705F0EE
S2050017069F3E
S205001707B626
S20500170813C8
S2050017090BCF
S20500170A05D4
S20500170B00D8
S20500170C6F68
S20500170DF0E6
S20500170EDFF6
S20500170FCE06
S20500171013C0
S20500171101D1
S20500171201D0
S205001713BC14
S20500171413BC
S20500171503CB
S205001716418C
S205001717428A
S20500171823A8
S2050017192AA0
S20500171A9138
S20500171B4088
S20500171C9334
S20500171D04C2
S20500171E01C4
S20500171F01C3
S20500172023A0
S20500172122A0
S205001722B110
S205001723427E
S205001724239C
S205001725249A
S205001726C1FC
S205001727427A
S2050017289328
S20500172905B5
S20500172A05B4
S20500172B00B8
S20500172C13A4
S20500172D06B0
S20500172E03B2
S20500172F00B4
S20500173013A0
S205001731852D
S20500173204AD
S20500173300B0
S205001734238C
S2050017352E80
S205001736119C
S205001737406C
S2050017382388
S2050017392684
S20500173AD1D8
S20500173B4266
S20500173C2384
S20500173D287E
S20500173EE1C4
S20500173F4262
S2050017402380
S2050017412A78
S205001742F1B0
S205001743425E
S205001744237C
S2050017452C72
S205001746019C
S2050017474359
S2050017482378
S2050017492E6C
S20500174A1188
S20500174B4355
S20500174C2374
S20500174D2670
S20500174E6134
S20500174F0094
S205001750EFA4
S205001751F0A2
S2050017520F82
S205001753B3DD
S205001754038C
S2050017554549
S205001756018C
S205001757018B
S2050017586328
S2050017590E7C
S20500175A0584
S20500175B0286
S20500175C2364
S20500175D2C5A
S20500175E8104
S20500175F4044
S2050017601370
S20500176184FE
S205001762047D
S2050017630080
S205001764EF90
S205001765E09E
S2050017665F1E
S205001767E19B
S2050017680378
S2050017694535
S20500176A1465
S20500176B0078
S20500176C93E4
S20500176D076F
S20500176E0471
S20500176F0074
S2050017701360
S205001771046E
S205001772145D
S2050017730070
S205001774E38C
S2050017751856
S2050017760568
S205001777FE6E
S2050017780368
S2050017792446
S20500177A81E8
S20500177B4127
S20500177C83E4
S20500177D2046
S20500177EC1A4
S20500177F4123
S2050017803330
S20500178185DD
S20500178297CA
S2050017834020
S205001784134C
S2050017850559
S2050017861548
S205001787005C
S20500178883D8
S2050017892436
S20500178A4118
S20500178B4117
S20500178C1344
S20500178D0155
S20500178E0154
S20500178F4410
S20500179067EC
S20500179180D2
S2050017920051
S2050017930050
S20500179483CC
S205001795202E
S205001796C18C
S205001797410B
S20500179883C8
S2050017992426
S20500179A4108
S20500179B4107
S20500179C1334
S20500179D0541
S20500179E0045
S20500179F0044
S2050017A01330
S2050017A10141
S2050017A20140
S2050017A344FC
S2050017A467D8
S2050017A580BE
S2050017A6003D
S2050017A7003C
S20510000048A2
S20510000145A4
S2051000024C9C
S2051000034C9B
S2051000044F97
S20510000520C5
S2051000064B99
S20510000735AE
S2051000082CB6
S20510000920C1
S20510000A4C94
S20510000B459A
S20510000C548A
S20510000D538A
S20510000E20BC
S20510000F4794
S2051000104F8B
S2051000110ACF
S20510001200D8
S20510001300D7
S20510001400D6
S20510001500D5
S20510001600D4
S20510001700D3
S2051000186171
S2051000197061
S20510001A7060
S20510001B5F70
S20510001C735B
S20510001D725B
S20510001E6369
S20510001F5F6C
S2051000206466
S2051000216960
S2051000227256
S2051000232F98
S2051000246B5B
S2051000253590
S2051000265F65
S205100027655E
S205100028784A
S2051000296160
S20510002A6D53
S20510002B704F
S20510002C6C52
S20510002D6558
S20510002E5F5D
S20510002F6952
S2051000306E4C
S2051000312E8B
S2051000327444
S205100033783F
S2051000347442
S20510003500B5
S20510003600B4
S20510003700B3
S205100038258D
S205100039733E
S20510003A0AA6
S20510003B00AF
S20510003C248A
S20510003D703D
S20510003E7933
S20510003F7338
S2051000406842
S2051000416544
S2051000426C3C
S2051000436C3B
S2051000442086
S2051000456F36
S2051000467034
S205100047653E
S2051000486E34
S205100049465B
S20510004A6937
S20510004B6C33
S20510004C6539
S20510004D2875
S20510004E227A
S20510004F2576
S2051000507327
S2051000512277
S2051000522C6C
S2051000532770
S2051000542571
S2051000556332
S205100056276D
S205100057296A
S2051000580A88
S2051000590091
S20510005A0090
S20510005B008F
S20510005C246A
S20510005D701D
S20510005E7913
S20510005F7318
S2051000606822
S2051000616524
S2051000626C1C
S2051000636C1B
S2051000642066
S2051000656322
S2051000666C18
S2051000676F14
S205100068730F
S205100069651C
S20510006A463A
S20510006B6916
S20510006C6C12
S20510006D6518
S20510006E2854
S20510006F2556
S2051000706416
S2051000712950
S2051000720A6E
S2051000730077
S2051000745323
S2051000757401
S2051000766113
S2051000777201
S20510007874FE
S2051000796908
S20510007A6E02
S20510007B6708
S20510007C204E
S20510007D6C01
S20510007E6FFD
S20510007F610A
S2051000806406
S2051000812049
S2051000824622
S20510008369FE
S2051000846CFA
S2051000856500
S2051000862044
S205100087253E
S20510008864FE
S2051000890A57
S20510008A0060
S20510008B005F
S20510008C243A
S20510008D70ED
S20510008E79E3
S20510008F73E8
S20510009068F2
S20510009165F4
S2051000926CEC
S2051000936CEB
S2051000942036
S20510009566EF
S20510009667ED
S20510009765EE
S20510009874DE
S20510009973DE
S20510009A2828
S20510009B252A
S20510009C63EB
S20510009D2924
S20510009E0A42
S20510009F004B
S2051000A04DFD
S2051000A165E4
S2051000A26DDB
S2051000A36FD8
S2051000A472D4
S2051000A579CC
S2051000A62024
S2051000A746FD
S2051000A869D9
S2051000A96CD5
S2051000AA65DB
S2051000AB201F
S2051000AC2519
S2051000AD64D9
S2051000AE201C
S2051000AF4CEF
S2051000B06FCB
S2051000B161D8
S2051000B264D4
S2051000B365D2
S2051000B464D2
S2051000B50A2B
S2051000B60034
S2051000B70033
S2051000B8240E
S2051000B970C1
S2051000BA79B7
S2051000BB73BC
S2051000BC68C6
S2051000BD65C8
S2051000BE6CC0
S2051000BF6CBF
S2051000C0200A
S2051000C171B8
S2051000C275B3
S2051000C369BE
S2051000C474B2
S2051000C541E4
S2051000C670B4
S2051000C770B3
S2051000C828FA
S2051000C929F8
S2051000CA0A16
S2051000CB001F
S2051000CC30EE
S2051000CD31EC
S2051000CE32EA
S2051000CF33E8
S2051000D034E6
S2051000D135E4
S2051000D236E2
S2051000D337E0
S2051000D438DE
S2051000D539DC
S2051000D661B3
S2051000D762B1
S2051000D863AF
S2051000D964AD
S2051000DA65AB
S2051000DB66A9
S2051000DC67A7
S2051000DD68A5
S2051000DE69A3
S2051000DF6AA1
S2051000E06B9F
S2051000E16C9D
S2051000E26D9B
S2051000E36E99
S2051000E46F97
S2051000E57095
S2051000E67193
S2051000E77291
S2051000E8738F
S2051000E9748D
S2051000EA758B
S2051000EB7689
S2051000EC7787
S2051000ED7885
S2051000EE7983
S2051000EF7A81
S2051000F000FA
S2051000F100F9
S2051000F200F8
S2051000F300F7
S2051000F430C6
S2051000F531C4
S2051000F632C2
S2051000F733C0
S2051000F834BE
S2051000F935BC
S2051000FA36BA
S2051000FB37B8
S2051000FC38B6
S2051000FD39B4
S2051000FE41AB
S2051000FF42A9
S20510010043A6
S20510010144A4
S20510010245A2
S20510010346A0
S205100104479E
S205100105489C
S205100106499A
S2051001074A98
S2051001084B96
S2051001094C94
S20510010A4D92
S20510010B4E90
S20510010C4F8E
S20510010D508C
S20510010E518A
S20510010F5288
S2051001105386
S2051001115484
S2051001125582
S2051001135680
S205100114577E
S205100115587C
S205100116597A
S2051001175A78
S20510011800D1
S20510011900D0
S20510011A00CF
S20510011B00CE
S20510011C3C91
S20510011D4E7E
S20510011E5576
S20510011F4C7E
S2051001204C7D
S2051001213E8A
S20510012200C7
S20510012300C6
S205100124F4D1
S2051001250BB9
S20510012600C3
S20510012700C2
S205100128744D
S2051001290BB5
S20510012A00BF
S20510012B00BE
S20510012C7449
S20510012D0BB1
S20510012E00BB
S20510012F00BA
S205100130E8D1
S2051001310BAD
S20510013200B7
S20510013300B6
S2051001347441
S2051001350BA9
S20510013600B3
S20510013700B2
S205100138743D
S2051001390BA5
S20510013A00AF
S20510013B00AE
S20510013C7439
S20510013D0BA1
S20510013E00AB
S20510013F00AA
S2051001407435
S2051001410B9D
S20510014200A7
S20510014300A6
S2051001447431
S2051001450B99
S20510014600A3
S20510014700A2
S205100148742D
S2051001490B95
S20510014A009F
S20510014B009E
S20510014C7429
S20510014D0B91
S20510014E009B
S20510014F009A
S205100150DCBD
S2051001510B8D
S2051001520097
S2051001530096
S2051001547421
S2051001550B89
S2051001560093
S2051001570092
S205100158D0C1
S2051001590B85
S20510015A008F
S20510015B008E
S20510015C7419
S20510015D0B81
S20510015E008B
S20510015F008A
S2051001607415
S2051001610B7D
S2051001620087
S2051001630086
S205100164C4C1
S2051001650B79
S2051001660083
S2051001670082
S2051001680879
S205100169146C
S20510016A007F
S20510016B007E
S20510016C007D
S20510016D0C70
S20510016E007B
S20510016F007A
S2051001700079
S2051001710C6C
S2051001720077
S2051001730076
S2051001740075
S2051001750C68
S2051001760073
S2051001770072
S2051001780071
S2051001790C64
S20510017A006F
S20510017B006E
S20510017C006D
S20510017D0C60
S20510017E006B
S20510017F006A
S2051001800069
S2051001810C5C
S2051001820067
S2051001830066
S2051001840065
S2051001850C58
S2051001860063
S2051001870062
S2051001880061
S2051001890C54
S20510018A005F
S20510018B005E
S20510018C005D
S20510018D0C50
S20510018E005B
S20510018F005A
S2051001900059
S2051001910C4C
S2051001920057
S2051001930056
S2051001940055
S2051001950C48
S2051001960053
S2051001970052
S2051001980051
S2051001990C44
S20510019A004F
S20510019B004E
S20510019C004D
S20510019D0C40
S20510019E004B
S20510019F004A
S2051001A00049
S2051001A10C3C
S2051001A20047
S2051001A30046
S2051001A40045
S2051001A50C38
S2051001A60043
S2051001A70042
S2051001A80041
S2051001A90C34
S2051001AA003F
S2051001AB003E
S2051001AC003D
S2051001AD0C30
S2051001AE003B
S2051001AF003A
S2051001B00039
S2051001B10C2C
S2051001B20037
S2051001B30036
S2051001B40035
S2051001B50C28
S2051001B60033
S2051001B70032
S2051001B80031
S2051001B90C24
S2051001BA002F
S2051001BB002E
S2051001BC002D
S2051001BD0C20
S2051001BE002B
S2051001BF002A
S2051001C00029
S2051001C10C1C
S2051001C20027
S2051001C30026
S2051001C49491
S2051001C5160E
S2051001C60023
S2051001C70022
S2051001C80021
S2051001C90C14
S2051001CA001F
S2051001CB001E
S2051001CC001D
S2051001CD0C10
S2051001CE001B
S2051001CF001A
S2051001D00019
S2051001D10C0C
S2051001D20017
S2051001D30016
S2051001D40015
S2051001D50C08
S2051001D60013
S2051001D70012
S2051001D80011
S2051001D90C04
S2051001DA000F
S2051001DB000E
S2051001DC000D
S2051001DD0C00
S2051001DE000B
S2051001DF000A
S2051001E00009
S2051001E10CFC
S2051001E20007
S2051001E30006
S2051001E40005
S2051001E50CF8
S2051001E60003
S2051001E70002
S2051001E88C75
S2051001E916EA
S2051001EA00FF
S2051001EB00FE
S2051001EC00FD
S2051001ED0CF0
S2051001EE00FB
S2051001EF00FA
S2051001F05C9D
S2051001F10EEA
S2051001F200F7
S2051001F300F6
S2051001F440B5
S2051001F516DE
S2051001F600F3
S2051001F700F2
S2051001F800F1
S2051001F90CE4
S2051001FA00EF
S2051001FB00EE
S2051001FC00ED
S2051001FD0CE0
S2051001FE00EB
S2051001FF00EA
S20510020000E8
S2051002010CDB
S20510020200E6
S20510020300E5
S20510020400E4
S2051002050CD7
S20510020600E2
S20510020700E1
S20510020840A0
S20510020916C9
S20510020A00DE
S20510020B00DD
S20510020C00DC
S20510020D0CCF
S20510020E00DA
S20510020F00D9
S20510021000D8
S2051002110CCB
S20510021200D6
S20510021300D5
S20510021400D4
S2051002150CC7
S20510021600D2
S20510021700D1
S20510021800D0
S2051002190CC3
S20510021A00CE
S20510021B00CD
S20510021C00CC
S20510021D0CBF
S20510021E00CA
S20510021F00C9
S20510022018B0
S2051002210DBA
S20510022200C6
S20510022300C5
S20510022418AC
S2051002250EB5
S20510022600C2
S20510022700C1
S20510022800C0
S2051002290CB3
S20510022A00BE
S20510022B00BD
S20510022C00BC
S20510022D0CAF
S20510022E00BA
S20510022F00B9
S2051002302494
S2051002310DAA
S20510023200B6
S20510023300B5
S20510023400B4
S2051002350CA7
S20510023600B2
S20510023700B1
S205100238E8C8
S2051002390CA3
S20510023A00AE
S20510023B00AD
S20510023C00AC
S20510023D0C9F
S20510023E00AA
S20510023F00A9
S20510024000A8
S2051002410C9B
S20510024200A6
S20510024300A5
S2051002445054
S2051002450E95
S20510024600A2
S20510024700A1
S205100248B0F0
S205100249128D
S20510024A009E
S20510024B009D
S20510024C0498
S20510024D0C8F
S20510024E009A
S20510024F0099
S2051002500494
S2051002510C8B
S2051002520096
S2051002530095
S2051002540490
S2051002550C87
S2051002560092
S2051002570091
S205100258048C
S2051002590C83
S20510025A008E
S20510025B008D
S20510025C0488
S20510025D0C7F
S20510025E008A
S20510025F0089
S2051002600484
S2051002610C7B
S2051002620086
S2051002630085
S2051002640480
S2051002650C77
S2051002660082
S2051002670081
S205100268047C
S2051002690C73
S20510026A007E
S20510026B007D
S20510026C0478
S20510026D0C6F
S20510026E007A
S20510026F0079
S2051002700474
S2051002710C6B
S2051002720076
S2051002730075
S2051002740470
S2051002750C67
S2051002760072
S2051002770071
S205100278046C
S2051002790C63
S20510027A006E
S20510027B006D
S20510027C0468
S20510027D0C5F
S20510027E006A
S20510027F0069
S2051002800464
S2051002810C5B
S2051002820066
S2051002830065
S2051002840460
S2051002850C57
S2051002860062
S2051002870061
S205100288045C
S2051002890C53
S20510028A005E
S20510028B005D
S20510028C0458
S20510028D0C4F
S20510028E005A
S20510028F0059
S2051002900454
S2051002910C4B
S2051002920056
S2051002930055
S2051002940450
S2051002950C47
S2051002960052
S2051002970051
S205100298044C
S2051002990C43
S20510029A004E
S20510029B004D
S20510029C0448
S20510029D0C3F
S20510029E004A
S20510029F0049
S2051002A00444
S2051002A10C3B
S2051002A20046
S2051002A30045
S2051002A4A4A0
S2051002A51231
S2051002A60042
S2051002A70041
S2051002A8043C
S2051002A90C33
S2051002AA003E
S2051002AB003D
S2051002AC0438
S2051002AD0C2F
S2051002AE003A
S2051002AF0039
S2051002B00434
S2051002B10C2B
S2051002B20036
S2051002B30035
S2051002B40430
S2051002B50C27
S2051002B60032
S2051002B70031
S2051002B8042C
S2051002B90C23
S2051002BA002E
S2051002BB002D
S2051002BC0428
S2051002BD0C1F
S2051002BE002A
S2051002BF0029
S2051002C00424
S2051002C10C1B
S2051002C20026
S2051002C30025
S2051002C40420
S2051002C50C17
S2051002C60022
S2051002C70021
S2051002C89090
S2051002C90F10
S2051002CA001E
S2051002CB001D
S2051002CC0418
S2051002CD0C0F
S2051002CE001A
S2051002CF0019
S2051002D060B8
S2051002D10E09
S2051002D20016
S2051002D30015
S2051002D470A4
S2051002D50F04
S2051002D60012
S2051002D70011
S2051002D8040C
S2051002D90C03
S2051002DA000E
S2051002DB000D
S2051002DC0408
S2051002DD0CFF
S2051002DE000A
S2051002DF0009
S2051002E00404
S2051002E10CFB
S2051002E20006
S2051002E30005
S2051002E40400
S2051002E50CF7
S2051002E60002
S2051002E70001
S2051002E87090
S2051002E90FF0
S2051002EA00FE
S2051002EB00FD
S2051002EC04F8
S2051002ED0CEF
S2051002EE00FA
S2051002EF00F9
S2051002F004F4
S2051002F10CEB
S2051002F200F6
S2051002F300F5
S2051002F404F0
S2051002F50CE7
S2051002F600F2
S2051002F700F1
S2051002F804EC
S2051002F90CE3
S2051002FA00EE
S2051002FB00ED
S2051002FC04E8
S2051002FD0CDF
S2051002FE00EA
S2051002FF00E9
S2051003001CCB
S2051003010DD9
S20510030200E5
S20510030300E4
S2051003041CC7
S2051003050ED4
S20510030600E1
S20510030700E0
S20510030804DB
S2051003090CD2
S20510030A00DD
S20510030B00DC
S20510030C04D7
S20510030D0CCE
S20510030E00D9
S20510030F00D8
S20510031028AF
S2051003110DC9
S20510031200D5
S20510031300D4
S20510031404CF
S2051003150CC6
S20510031600D1
S20510031700D0
S205100318ECE3
S2051003190CC2
S20510031A00CD
S20510031B00CC
S20510031C04C7
S20510031D0CBE
S20510031E00C9
S20510031F00C8
S20510032004C3
S2051003210CBA
S20510032200C5
S20510032300C4
S205100324546F
S2051003250EB4
S20510032600C1
S20510032700C0
S20510032814AB
S20510032900BE
S20510032A00BD
S20510032B803C
S80400008477
