Fitter report for LayerNorm
Thu Jul  9 18:07:56 2026
Quartus Prime Version 24.1std.0 Build 1077 03/04/2025 SC Lite Edition


---------------------
; Table of Contents ;
---------------------
  1. Legal Notice
  2. Fitter Summary
  3. Fitter Settings
  4. Parallel Compilation
  5. Fitter Netlist Optimizations
  6. Incremental Compilation Preservation Summary
  7. Incremental Compilation Partition Settings
  8. Incremental Compilation Placement Preservation
  9. Pin-Out File
 10. Fitter Resource Usage Summary
 11. Fitter Partition Statistics
 12. Input Pins
 13. Output Pins
 14. Dual Purpose and Dedicated Pins
 15. I/O Bank Usage
 16. All Package Pins
 17. I/O Assignment Warnings
 18. Fitter Resource Utilization by Entity
 19. Delay Chain Summary
 20. Pad To Core Delay Chain Fanout
 21. Control Signals
 22. Global & Other Fast Signals
 23. Fitter RAM Summary
 24. Fitter DSP Block Usage Summary
 25. DSP Block Details
 26. Routing Usage Summary
 27. LAB Logic Elements
 28. LAB-wide Signals
 29. LAB Signals Sourced
 30. LAB Signals Sourced Out
 31. LAB Distinct Inputs
 32. I/O Rules Summary
 33. I/O Rules Details
 34. I/O Rules Matrix
 35. Fitter Device Options
 36. Operating Settings and Conditions
 37. Estimated Delay Added for Hold Timing Summary
 38. Estimated Delay Added for Hold Timing Details
 39. Fitter Messages
 40. Fitter Suppressed Messages



----------------
; Legal Notice ;
----------------
Copyright (C) 2025  Altera Corporation. All rights reserved.
Your use of Altera Corporation's design tools, logic functions 
and other software and tools, and any partner logic 
functions, and any output files from any of the foregoing 
(including device programming or simulation files), and any 
associated documentation or information are expressly subject 
to the terms and conditions of the Altera Program License 
Subscription Agreement, the Altera Quartus Prime License Agreement,
the Altera IP License Agreement, or other applicable license
agreement, including, without limitation, that your use is for
the sole purpose of programming logic devices manufactured by
Altera and sold by Altera or its authorized distributors.  Please
refer to the Altera Software License Subscription Agreements 
on the Quartus Prime software download page.



+--------------------------------------------------------------------------------------+
; Fitter Summary                                                                       ;
+------------------------------------+-------------------------------------------------+
; Fitter Status                      ; Successful - Thu Jul  9 18:07:56 2026           ;
; Quartus Prime Version              ; 24.1std.0 Build 1077 03/04/2025 SC Lite Edition ;
; Revision Name                      ; LayerNorm                                       ;
; Top-level Entity Name              ; qsyn_dummy_xlr_wrap                             ;
; Family                             ; MAX 10                                          ;
; Device                             ; 10M50DAF484C7G                                  ;
; Timing Models                      ; Final                                           ;
; Total logic elements               ; 4,769 / 49,760 ( 10 % )                         ;
;     Total combinational functions  ; 3,723 / 49,760 ( 7 % )                          ;
;     Dedicated logic registers      ; 2,723 / 49,760 ( 5 % )                          ;
; Total registers                    ; 2723                                            ;
; Total pins                         ; 120 / 360 ( 33 % )                              ;
; Total virtual pins                 ; 0                                               ;
; Total memory bits                  ; 96 / 1,677,312 ( < 1 % )                        ;
; Embedded Multiplier 9-bit elements ; 34 / 288 ( 12 % )                               ;
; Total PLLs                         ; 0 / 4 ( 0 % )                                   ;
; UFM blocks                         ; 0 / 1 ( 0 % )                                   ;
; ADC blocks                         ; 0 / 2 ( 0 % )                                   ;
+------------------------------------+-------------------------------------------------+


+----------------------------------------------------------------------------------------------------------------------------------------------------+
; Fitter Settings                                                                                                                                    ;
+--------------------------------------------------------------------+---------------------------------------+---------------------------------------+
; Option                                                             ; Setting                               ; Default Value                         ;
+--------------------------------------------------------------------+---------------------------------------+---------------------------------------+
; Device                                                             ; 10M50DAF484C7G                        ;                                       ;
; Maximum processors allowed for parallel compilation                ; 1                                     ;                                       ;
; Fit Attempts to Skip                                               ; 0                                     ; 0.0                                   ;
; Use smart compilation                                              ; Off                                   ; Off                                   ;
; Enable parallel Assembler and Timing Analyzer during compilation   ; On                                    ; On                                    ;
; Enable compact report table                                        ; Off                                   ; Off                                   ;
; Auto Merge PLLs                                                    ; On                                    ; On                                    ;
; Router Timing Optimization Level                                   ; Normal                                ; Normal                                ;
; Perform Clocking Topology Analysis During Routing                  ; Off                                   ; Off                                   ;
; Placement Effort Multiplier                                        ; 1.0                                   ; 1.0                                   ;
; Router Effort Multiplier                                           ; 1.0                                   ; 1.0                                   ;
; Optimize Hold Timing                                               ; All Paths                             ; All Paths                             ;
; Optimize Multi-Corner Timing                                       ; On                                    ; On                                    ;
; Power Optimization During Fitting                                  ; Normal compilation                    ; Normal compilation                    ;
; SSN Optimization                                                   ; Off                                   ; Off                                   ;
; Optimize Timing                                                    ; Normal compilation                    ; Normal compilation                    ;
; Optimize Timing for ECOs                                           ; Off                                   ; Off                                   ;
; Regenerate Full Fit Report During ECO Compiles                     ; Off                                   ; Off                                   ;
; Optimize IOC Register Placement for Timing                         ; Normal                                ; Normal                                ;
; Final Placement Optimizations                                      ; Automatically                         ; Automatically                         ;
; Fitter Initial Placement Seed                                      ; 1                                     ; 1                                     ;
; Periphery to Core Placement and Routing Optimization               ; Off                                   ; Off                                   ;
; PCI I/O                                                            ; Off                                   ; Off                                   ;
; Weak Pull-Up Resistor                                              ; Off                                   ; Off                                   ;
; Enable Bus-Hold Circuitry                                          ; Off                                   ; Off                                   ;
; Auto Packed Registers                                              ; Auto                                  ; Auto                                  ;
; Auto Delay Chains                                                  ; On                                    ; On                                    ;
; Auto Delay Chains for High Fanout Input Pins                       ; Off                                   ; Off                                   ;
; Allow Single-ended Buffer for Differential-XSTL Input              ; Off                                   ; Off                                   ;
; Treat Bidirectional Pin as Output Pin                              ; Off                                   ; Off                                   ;
; Perform Physical Synthesis for Combinational Logic for Fitting     ; Off                                   ; Off                                   ;
; Perform Physical Synthesis for Combinational Logic for Performance ; Off                                   ; Off                                   ;
; Perform Register Duplication for Performance                       ; Off                                   ; Off                                   ;
; Perform Logic to Memory Mapping for Fitting                        ; Off                                   ; Off                                   ;
; Perform Register Retiming for Performance                          ; Off                                   ; Off                                   ;
; Perform Asynchronous Signal Pipelining                             ; Off                                   ; Off                                   ;
; Fitter Effort                                                      ; Auto Fit                              ; Auto Fit                              ;
; Physical Synthesis Effort Level                                    ; Normal                                ; Normal                                ;
; Logic Cell Insertion - Logic Duplication                           ; Auto                                  ; Auto                                  ;
; Auto Register Duplication                                          ; Auto                                  ; Auto                                  ;
; Auto Global Clock                                                  ; On                                    ; On                                    ;
; Auto Global Register Control Signals                               ; On                                    ; On                                    ;
; Reserve all unused pins                                            ; As input tri-stated with weak pull-up ; As input tri-stated with weak pull-up ;
; Synchronizer Identification                                        ; Auto                                  ; Auto                                  ;
; Enable Beneficial Skew Optimization                                ; On                                    ; On                                    ;
; Optimize Design for Metastability                                  ; On                                    ; On                                    ;
; Force Fitter to Avoid Periphery Placement Warnings                 ; Off                                   ; Off                                   ;
; Enable input tri-state on active configuration pins in user mode   ; Off                                   ; Off                                   ;
+--------------------------------------------------------------------+---------------------------------------+---------------------------------------+


Parallel compilation was disabled, but you have multiple processors available. Enable parallel compilation to reduce compilation time.
+-------------------------------------+
; Parallel Compilation                ;
+----------------------------+--------+
; Processors                 ; Number ;
+----------------------------+--------+
; Number detected on machine ; 2      ;
; Maximum allowed            ; 1      ;
+----------------------------+--------+


+------------------------------------------------------------------------------------------------------------------------------------------------------------------------------------------------------------------------------------------------------------------------------------------------------------------------------------+
; Fitter Netlist Optimizations                                                                                                                                                                                                                                                                                                       ;
+--------------------------------------------------------------------------------------+-----------------+------------------+---------------------+-----------+----------------+----------------------------------------------------------------------------------------------------------+------------------+-----------------------+
; Node                                                                                 ; Action          ; Operation        ; Reason              ; Node Port ; Node Port Name ; Destination Node                                                                                         ; Destination Port ; Destination Port Name ;
+--------------------------------------------------------------------------------------+-----------------+------------------+---------------------+-----------+----------------+----------------------------------------------------------------------------------------------------------+------------------+-----------------------+
; LayerNorm:LayerNorm|affine_stage:i_affine_stage|p2_xm_s[0]                           ; Packed Register ; Register Packing ; Timing optimization ; Q         ;                ; LayerNorm:LayerNorm|affine_stage:i_affine_stage|lpm_mult:Mult0|mult_0hs:auto_generated|mac_mult1         ; DATAA            ;                       ;
; LayerNorm:LayerNorm|affine_stage:i_affine_stage|p2_xm_s[1]                           ; Packed Register ; Register Packing ; Timing optimization ; Q         ;                ; LayerNorm:LayerNorm|affine_stage:i_affine_stage|lpm_mult:Mult0|mult_0hs:auto_generated|mac_mult1         ; DATAA            ;                       ;
; LayerNorm:LayerNorm|affine_stage:i_affine_stage|p2_xm_s[2]                           ; Packed Register ; Register Packing ; Timing optimization ; Q         ;                ; LayerNorm:LayerNorm|affine_stage:i_affine_stage|lpm_mult:Mult0|mult_0hs:auto_generated|mac_mult1         ; DATAA            ;                       ;
; LayerNorm:LayerNorm|affine_stage:i_affine_stage|p2_xm_s[3]                           ; Packed Register ; Register Packing ; Timing optimization ; Q         ;                ; LayerNorm:LayerNorm|affine_stage:i_affine_stage|lpm_mult:Mult0|mult_0hs:auto_generated|mac_mult1         ; DATAA            ;                       ;
; LayerNorm:LayerNorm|affine_stage:i_affine_stage|p2_xm_s[4]                           ; Packed Register ; Register Packing ; Timing optimization ; Q         ;                ; LayerNorm:LayerNorm|affine_stage:i_affine_stage|lpm_mult:Mult0|mult_0hs:auto_generated|mac_mult1         ; DATAA            ;                       ;
; LayerNorm:LayerNorm|affine_stage:i_affine_stage|p2_xm_s[5]                           ; Packed Register ; Register Packing ; Timing optimization ; Q         ;                ; LayerNorm:LayerNorm|affine_stage:i_affine_stage|lpm_mult:Mult0|mult_0hs:auto_generated|mac_mult1         ; DATAA            ;                       ;
; LayerNorm:LayerNorm|affine_stage:i_affine_stage|p2_xm_s[6]                           ; Packed Register ; Register Packing ; Timing optimization ; Q         ;                ; LayerNorm:LayerNorm|affine_stage:i_affine_stage|lpm_mult:Mult0|mult_0hs:auto_generated|mac_mult1         ; DATAA            ;                       ;
; LayerNorm:LayerNorm|affine_stage:i_affine_stage|p2_xm_s[7]                           ; Packed Register ; Register Packing ; Timing optimization ; Q         ;                ; LayerNorm:LayerNorm|affine_stage:i_affine_stage|lpm_mult:Mult0|mult_0hs:auto_generated|mac_mult1         ; DATAA            ;                       ;
; LayerNorm:LayerNorm|affine_stage:i_affine_stage|p2_xm_s[8]                           ; Packed Register ; Register Packing ; Timing optimization ; Q         ;                ; LayerNorm:LayerNorm|affine_stage:i_affine_stage|lpm_mult:Mult0|mult_0hs:auto_generated|mac_mult1         ; DATAA            ;                       ;
; LayerNorm:LayerNorm|affine_stage:i_affine_stage|p2_xm_s[9]                           ; Packed Register ; Register Packing ; Timing optimization ; Q         ;                ; LayerNorm:LayerNorm|affine_stage:i_affine_stage|lpm_mult:Mult0|mult_0hs:auto_generated|mac_mult1         ; DATAA            ;                       ;
; LayerNorm:LayerNorm|affine_stage:i_affine_stage|p2_xm_s[10]                          ; Packed Register ; Register Packing ; Timing optimization ; Q         ;                ; LayerNorm:LayerNorm|affine_stage:i_affine_stage|lpm_mult:Mult0|mult_0hs:auto_generated|mac_mult1         ; DATAA            ;                       ;
; LayerNorm:LayerNorm|affine_stage:i_affine_stage|p2_xm_s[11]                          ; Packed Register ; Register Packing ; Timing optimization ; Q         ;                ; LayerNorm:LayerNorm|affine_stage:i_affine_stage|lpm_mult:Mult0|mult_0hs:auto_generated|mac_mult1         ; DATAA            ;                       ;
; LayerNorm:LayerNorm|affine_stage:i_affine_stage|p2_xm_s[12]                          ; Packed Register ; Register Packing ; Timing optimization ; Q         ;                ; LayerNorm:LayerNorm|affine_stage:i_affine_stage|lpm_mult:Mult0|mult_0hs:auto_generated|mac_mult1         ; DATAA            ;                       ;
; LayerNorm:LayerNorm|affine_stage:i_affine_stage|p2_xm_s[13]                          ; Packed Register ; Register Packing ; Timing optimization ; Q         ;                ; LayerNorm:LayerNorm|affine_stage:i_affine_stage|lpm_mult:Mult0|mult_0hs:auto_generated|mac_mult1         ; DATAA            ;                       ;
; LayerNorm:LayerNorm|affine_stage:i_affine_stage|p2_xm_s[14]                          ; Packed Register ; Register Packing ; Timing optimization ; Q         ;                ; LayerNorm:LayerNorm|affine_stage:i_affine_stage|lpm_mult:Mult0|mult_0hs:auto_generated|mac_mult1         ; DATAA            ;                       ;
; LayerNorm:LayerNorm|affine_stage:i_affine_stage|p2_xm_s[15]                          ; Packed Register ; Register Packing ; Timing optimization ; Q         ;                ; LayerNorm:LayerNorm|affine_stage:i_affine_stage|lpm_mult:Mult0|mult_0hs:auto_generated|mac_mult1         ; DATAA            ;                       ;
; LayerNorm:LayerNorm|affine_stage:i_affine_stage|p2_xm_s[16]                          ; Packed Register ; Register Packing ; Timing optimization ; Q         ;                ; LayerNorm:LayerNorm|affine_stage:i_affine_stage|lpm_mult:Mult0|mult_0hs:auto_generated|mac_mult1         ; DATAA            ;                       ;
; LayerNorm:LayerNorm|affine_stage:i_affine_stage|p2_xm_s[17]                          ; Packed Register ; Register Packing ; Timing optimization ; Q         ;                ; LayerNorm:LayerNorm|affine_stage:i_affine_stage|lpm_mult:Mult0|mult_0hs:auto_generated|mac_mult1         ; DATAA            ;                       ;
; LayerNorm:LayerNorm|affine_stage:i_affine_stage|p2_xm_s[18]                          ; Packed Register ; Register Packing ; Timing optimization ; Q         ;                ; LayerNorm:LayerNorm|affine_stage:i_affine_stage|lpm_mult:Mult0|mult_0hs:auto_generated|mac_mult3         ; DATAA            ;                       ;
; LayerNorm:LayerNorm|affine_stage:i_affine_stage|p2_xm_s[19]                          ; Packed Register ; Register Packing ; Timing optimization ; Q         ;                ; LayerNorm:LayerNorm|affine_stage:i_affine_stage|lpm_mult:Mult0|mult_0hs:auto_generated|mac_mult3         ; DATAA            ;                       ;
; LayerNorm:LayerNorm|affine_stage:i_affine_stage|p2_xm_s[20]                          ; Packed Register ; Register Packing ; Timing optimization ; Q         ;                ; LayerNorm:LayerNorm|affine_stage:i_affine_stage|lpm_mult:Mult0|mult_0hs:auto_generated|mac_mult3         ; DATAA            ;                       ;
; LayerNorm:LayerNorm|affine_stage:i_affine_stage|p2_xm_s[21]                          ; Packed Register ; Register Packing ; Timing optimization ; Q         ;                ; LayerNorm:LayerNorm|affine_stage:i_affine_stage|lpm_mult:Mult0|mult_0hs:auto_generated|mac_mult3         ; DATAA            ;                       ;
; LayerNorm:LayerNorm|affine_stage:i_affine_stage|p2_xm_s[22]                          ; Packed Register ; Register Packing ; Timing optimization ; Q         ;                ; LayerNorm:LayerNorm|affine_stage:i_affine_stage|lpm_mult:Mult0|mult_0hs:auto_generated|mac_mult3         ; DATAA            ;                       ;
; LayerNorm:LayerNorm|affine_stage:i_affine_stage|p2_xm_s[23]                          ; Packed Register ; Register Packing ; Timing optimization ; Q         ;                ; LayerNorm:LayerNorm|affine_stage:i_affine_stage|lpm_mult:Mult0|mult_0hs:auto_generated|mac_mult3         ; DATAA            ;                       ;
; LayerNorm:LayerNorm|affine_stage:i_affine_stage|p2_xm_s[24]                          ; Packed Register ; Register Packing ; Timing optimization ; Q         ;                ; LayerNorm:LayerNorm|affine_stage:i_affine_stage|lpm_mult:Mult0|mult_0hs:auto_generated|mac_mult3         ; DATAA            ;                       ;
; LayerNorm:LayerNorm|affine_stage:i_affine_stage|p2_xm_s[25]                          ; Packed Register ; Register Packing ; Timing optimization ; Q         ;                ; LayerNorm:LayerNorm|affine_stage:i_affine_stage|lpm_mult:Mult0|mult_0hs:auto_generated|mac_mult3         ; DATAA            ;                       ;
; LayerNorm:LayerNorm|affine_stage:i_affine_stage|p2_xm_s[26]                          ; Packed Register ; Register Packing ; Timing optimization ; Q         ;                ; LayerNorm:LayerNorm|affine_stage:i_affine_stage|lpm_mult:Mult0|mult_0hs:auto_generated|mac_mult3         ; DATAA            ;                       ;
; LayerNorm:LayerNorm|affine_stage:i_affine_stage|p2_xm_s[27]                          ; Packed Register ; Register Packing ; Timing optimization ; Q         ;                ; LayerNorm:LayerNorm|affine_stage:i_affine_stage|lpm_mult:Mult0|mult_0hs:auto_generated|mac_mult3         ; DATAA            ;                       ;
; LayerNorm:LayerNorm|affine_stage:i_affine_stage|p2_xm_s[28]                          ; Packed Register ; Register Packing ; Timing optimization ; Q         ;                ; LayerNorm:LayerNorm|affine_stage:i_affine_stage|lpm_mult:Mult0|mult_0hs:auto_generated|mac_mult3         ; DATAA            ;                       ;
; LayerNorm:LayerNorm|affine_stage:i_affine_stage|p2_xm_s[29]                          ; Packed Register ; Register Packing ; Timing optimization ; Q         ;                ; LayerNorm:LayerNorm|affine_stage:i_affine_stage|lpm_mult:Mult0|mult_0hs:auto_generated|mac_mult3         ; DATAA            ;                       ;
; LayerNorm:LayerNorm|affine_stage:i_affine_stage|p2_xm_s[30]                          ; Packed Register ; Register Packing ; Timing optimization ; Q         ;                ; LayerNorm:LayerNorm|affine_stage:i_affine_stage|lpm_mult:Mult0|mult_0hs:auto_generated|mac_mult3         ; DATAA            ;                       ;
; LayerNorm:LayerNorm|affine_stage:i_affine_stage|p2_xm_s[31]                          ; Packed Register ; Register Packing ; Timing optimization ; Q         ;                ; LayerNorm:LayerNorm|affine_stage:i_affine_stage|lpm_mult:Mult0|mult_0hs:auto_generated|mac_mult3         ; DATAA            ;                       ;
; LayerNorm:LayerNorm|affine_stage:i_affine_stage|p3_g_s[0]                            ; Packed Register ; Register Packing ; Timing optimization ; Q         ;                ; LayerNorm:LayerNorm|affine_stage:i_affine_stage|lpm_mult:Mult1|mult_qgs:auto_generated|mac_mult5         ; DATAB            ;                       ;
; LayerNorm:LayerNorm|affine_stage:i_affine_stage|p3_g_s[0]                            ; Duplicated      ; Register Packing ; Timing optimization ; Q         ;                ; LayerNorm:LayerNorm|affine_stage:i_affine_stage|p3_g_s[0]~_Duplicate_1                                   ; Q                ;                       ;
; LayerNorm:LayerNorm|affine_stage:i_affine_stage|p3_g_s[0]~_Duplicate_1               ; Packed Register ; Register Packing ; Timing optimization ; Q         ;                ; LayerNorm:LayerNorm|affine_stage:i_affine_stage|lpm_mult:Mult1|mult_qgs:auto_generated|mac_mult1         ; DATAB            ;                       ;
; LayerNorm:LayerNorm|affine_stage:i_affine_stage|p3_g_s[1]                            ; Packed Register ; Register Packing ; Timing optimization ; Q         ;                ; LayerNorm:LayerNorm|affine_stage:i_affine_stage|lpm_mult:Mult1|mult_qgs:auto_generated|mac_mult5         ; DATAB            ;                       ;
; LayerNorm:LayerNorm|affine_stage:i_affine_stage|p3_g_s[1]                            ; Duplicated      ; Register Packing ; Timing optimization ; Q         ;                ; LayerNorm:LayerNorm|affine_stage:i_affine_stage|p3_g_s[1]~_Duplicate_1                                   ; Q                ;                       ;
; LayerNorm:LayerNorm|affine_stage:i_affine_stage|p3_g_s[1]~_Duplicate_1               ; Packed Register ; Register Packing ; Timing optimization ; Q         ;                ; LayerNorm:LayerNorm|affine_stage:i_affine_stage|lpm_mult:Mult1|mult_qgs:auto_generated|mac_mult1         ; DATAB            ;                       ;
; LayerNorm:LayerNorm|affine_stage:i_affine_stage|p3_g_s[2]                            ; Packed Register ; Register Packing ; Timing optimization ; Q         ;                ; LayerNorm:LayerNorm|affine_stage:i_affine_stage|lpm_mult:Mult1|mult_qgs:auto_generated|mac_mult5         ; DATAB            ;                       ;
; LayerNorm:LayerNorm|affine_stage:i_affine_stage|p3_g_s[2]                            ; Duplicated      ; Register Packing ; Timing optimization ; Q         ;                ; LayerNorm:LayerNorm|affine_stage:i_affine_stage|p3_g_s[2]~_Duplicate_1                                   ; Q                ;                       ;
; LayerNorm:LayerNorm|affine_stage:i_affine_stage|p3_g_s[2]~_Duplicate_1               ; Packed Register ; Register Packing ; Timing optimization ; Q         ;                ; LayerNorm:LayerNorm|affine_stage:i_affine_stage|lpm_mult:Mult1|mult_qgs:auto_generated|mac_mult1         ; DATAB            ;                       ;
; LayerNorm:LayerNorm|affine_stage:i_affine_stage|p3_g_s[3]                            ; Packed Register ; Register Packing ; Timing optimization ; Q         ;                ; LayerNorm:LayerNorm|affine_stage:i_affine_stage|lpm_mult:Mult1|mult_qgs:auto_generated|mac_mult5         ; DATAB            ;                       ;
; LayerNorm:LayerNorm|affine_stage:i_affine_stage|p3_g_s[3]                            ; Duplicated      ; Register Packing ; Timing optimization ; Q         ;                ; LayerNorm:LayerNorm|affine_stage:i_affine_stage|p3_g_s[3]~_Duplicate_1                                   ; Q                ;                       ;
; LayerNorm:LayerNorm|affine_stage:i_affine_stage|p3_g_s[3]~_Duplicate_1               ; Packed Register ; Register Packing ; Timing optimization ; Q         ;                ; LayerNorm:LayerNorm|affine_stage:i_affine_stage|lpm_mult:Mult1|mult_qgs:auto_generated|mac_mult1         ; DATAB            ;                       ;
; LayerNorm:LayerNorm|affine_stage:i_affine_stage|p3_g_s[4]                            ; Packed Register ; Register Packing ; Timing optimization ; Q         ;                ; LayerNorm:LayerNorm|affine_stage:i_affine_stage|lpm_mult:Mult1|mult_qgs:auto_generated|mac_mult5         ; DATAB            ;                       ;
; LayerNorm:LayerNorm|affine_stage:i_affine_stage|p3_g_s[4]                            ; Duplicated      ; Register Packing ; Timing optimization ; Q         ;                ; LayerNorm:LayerNorm|affine_stage:i_affine_stage|p3_g_s[4]~_Duplicate_1                                   ; Q                ;                       ;
; LayerNorm:LayerNorm|affine_stage:i_affine_stage|p3_g_s[4]~_Duplicate_1               ; Packed Register ; Register Packing ; Timing optimization ; Q         ;                ; LayerNorm:LayerNorm|affine_stage:i_affine_stage|lpm_mult:Mult1|mult_qgs:auto_generated|mac_mult1         ; DATAB            ;                       ;
; LayerNorm:LayerNorm|affine_stage:i_affine_stage|p3_g_s[5]                            ; Packed Register ; Register Packing ; Timing optimization ; Q         ;                ; LayerNorm:LayerNorm|affine_stage:i_affine_stage|lpm_mult:Mult1|mult_qgs:auto_generated|mac_mult5         ; DATAB            ;                       ;
; LayerNorm:LayerNorm|affine_stage:i_affine_stage|p3_g_s[5]                            ; Duplicated      ; Register Packing ; Timing optimization ; Q         ;                ; LayerNorm:LayerNorm|affine_stage:i_affine_stage|p3_g_s[5]~_Duplicate_1                                   ; Q                ;                       ;
; LayerNorm:LayerNorm|affine_stage:i_affine_stage|p3_g_s[5]~_Duplicate_1               ; Packed Register ; Register Packing ; Timing optimization ; Q         ;                ; LayerNorm:LayerNorm|affine_stage:i_affine_stage|lpm_mult:Mult1|mult_qgs:auto_generated|mac_mult1         ; DATAB            ;                       ;
; LayerNorm:LayerNorm|affine_stage:i_affine_stage|p3_g_s[6]                            ; Packed Register ; Register Packing ; Timing optimization ; Q         ;                ; LayerNorm:LayerNorm|affine_stage:i_affine_stage|lpm_mult:Mult1|mult_qgs:auto_generated|mac_mult5         ; DATAB            ;                       ;
; LayerNorm:LayerNorm|affine_stage:i_affine_stage|p3_g_s[6]                            ; Duplicated      ; Register Packing ; Timing optimization ; Q         ;                ; LayerNorm:LayerNorm|affine_stage:i_affine_stage|p3_g_s[6]~_Duplicate_1                                   ; Q                ;                       ;
; LayerNorm:LayerNorm|affine_stage:i_affine_stage|p3_g_s[6]~_Duplicate_1               ; Packed Register ; Register Packing ; Timing optimization ; Q         ;                ; LayerNorm:LayerNorm|affine_stage:i_affine_stage|lpm_mult:Mult1|mult_qgs:auto_generated|mac_mult1         ; DATAB            ;                       ;
; LayerNorm:LayerNorm|affine_stage:i_affine_stage|p3_g_s[7]                            ; Packed Register ; Register Packing ; Timing optimization ; Q         ;                ; LayerNorm:LayerNorm|affine_stage:i_affine_stage|lpm_mult:Mult1|mult_qgs:auto_generated|mac_mult5         ; DATAB            ;                       ;
; LayerNorm:LayerNorm|affine_stage:i_affine_stage|p3_g_s[7]                            ; Duplicated      ; Register Packing ; Timing optimization ; Q         ;                ; LayerNorm:LayerNorm|affine_stage:i_affine_stage|p3_g_s[7]~_Duplicate_1                                   ; Q                ;                       ;
; LayerNorm:LayerNorm|affine_stage:i_affine_stage|p3_g_s[7]~_Duplicate_1               ; Packed Register ; Register Packing ; Timing optimization ; Q         ;                ; LayerNorm:LayerNorm|affine_stage:i_affine_stage|lpm_mult:Mult1|mult_qgs:auto_generated|mac_mult1         ; DATAB            ;                       ;
; LayerNorm:LayerNorm|affine_stage:i_affine_stage|p3_g_s[8]                            ; Packed Register ; Register Packing ; Timing optimization ; Q         ;                ; LayerNorm:LayerNorm|affine_stage:i_affine_stage|lpm_mult:Mult1|mult_qgs:auto_generated|mac_mult5         ; DATAB            ;                       ;
; LayerNorm:LayerNorm|affine_stage:i_affine_stage|p3_g_s[8]                            ; Duplicated      ; Register Packing ; Timing optimization ; Q         ;                ; LayerNorm:LayerNorm|affine_stage:i_affine_stage|p3_g_s[8]~_Duplicate_1                                   ; Q                ;                       ;
; LayerNorm:LayerNorm|affine_stage:i_affine_stage|p3_g_s[8]~_Duplicate_1               ; Packed Register ; Register Packing ; Timing optimization ; Q         ;                ; LayerNorm:LayerNorm|affine_stage:i_affine_stage|lpm_mult:Mult1|mult_qgs:auto_generated|mac_mult1         ; DATAB            ;                       ;
; LayerNorm:LayerNorm|affine_stage:i_affine_stage|p3_g_s[9]                            ; Packed Register ; Register Packing ; Timing optimization ; Q         ;                ; LayerNorm:LayerNorm|affine_stage:i_affine_stage|lpm_mult:Mult1|mult_qgs:auto_generated|mac_mult5         ; DATAB            ;                       ;
; LayerNorm:LayerNorm|affine_stage:i_affine_stage|p3_g_s[9]                            ; Duplicated      ; Register Packing ; Timing optimization ; Q         ;                ; LayerNorm:LayerNorm|affine_stage:i_affine_stage|p3_g_s[9]~_Duplicate_1                                   ; Q                ;                       ;
; LayerNorm:LayerNorm|affine_stage:i_affine_stage|p3_g_s[9]~_Duplicate_1               ; Packed Register ; Register Packing ; Timing optimization ; Q         ;                ; LayerNorm:LayerNorm|affine_stage:i_affine_stage|lpm_mult:Mult1|mult_qgs:auto_generated|mac_mult1         ; DATAB            ;                       ;
; LayerNorm:LayerNorm|affine_stage:i_affine_stage|p3_g_s[10]                           ; Packed Register ; Register Packing ; Timing optimization ; Q         ;                ; LayerNorm:LayerNorm|affine_stage:i_affine_stage|lpm_mult:Mult1|mult_qgs:auto_generated|mac_mult5         ; DATAB            ;                       ;
; LayerNorm:LayerNorm|affine_stage:i_affine_stage|p3_g_s[10]                           ; Duplicated      ; Register Packing ; Timing optimization ; Q         ;                ; LayerNorm:LayerNorm|affine_stage:i_affine_stage|p3_g_s[10]~_Duplicate_1                                  ; Q                ;                       ;
; LayerNorm:LayerNorm|affine_stage:i_affine_stage|p3_g_s[10]~_Duplicate_1              ; Packed Register ; Register Packing ; Timing optimization ; Q         ;                ; LayerNorm:LayerNorm|affine_stage:i_affine_stage|lpm_mult:Mult1|mult_qgs:auto_generated|mac_mult1         ; DATAB            ;                       ;
; LayerNorm:LayerNorm|affine_stage:i_affine_stage|p3_g_s[11]                           ; Packed Register ; Register Packing ; Timing optimization ; Q         ;                ; LayerNorm:LayerNorm|affine_stage:i_affine_stage|lpm_mult:Mult1|mult_qgs:auto_generated|mac_mult5         ; DATAB            ;                       ;
; LayerNorm:LayerNorm|affine_stage:i_affine_stage|p3_g_s[11]                           ; Duplicated      ; Register Packing ; Timing optimization ; Q         ;                ; LayerNorm:LayerNorm|affine_stage:i_affine_stage|p3_g_s[11]~_Duplicate_1                                  ; Q                ;                       ;
; LayerNorm:LayerNorm|affine_stage:i_affine_stage|p3_g_s[11]~_Duplicate_1              ; Packed Register ; Register Packing ; Timing optimization ; Q         ;                ; LayerNorm:LayerNorm|affine_stage:i_affine_stage|lpm_mult:Mult1|mult_qgs:auto_generated|mac_mult1         ; DATAB            ;                       ;
; LayerNorm:LayerNorm|affine_stage:i_affine_stage|p3_g_s[12]                           ; Packed Register ; Register Packing ; Timing optimization ; Q         ;                ; LayerNorm:LayerNorm|affine_stage:i_affine_stage|lpm_mult:Mult1|mult_qgs:auto_generated|mac_mult5         ; DATAB            ;                       ;
; LayerNorm:LayerNorm|affine_stage:i_affine_stage|p3_g_s[12]                           ; Duplicated      ; Register Packing ; Timing optimization ; Q         ;                ; LayerNorm:LayerNorm|affine_stage:i_affine_stage|p3_g_s[12]~_Duplicate_1                                  ; Q                ;                       ;
; LayerNorm:LayerNorm|affine_stage:i_affine_stage|p3_g_s[12]~_Duplicate_1              ; Packed Register ; Register Packing ; Timing optimization ; Q         ;                ; LayerNorm:LayerNorm|affine_stage:i_affine_stage|lpm_mult:Mult1|mult_qgs:auto_generated|mac_mult1         ; DATAB            ;                       ;
; LayerNorm:LayerNorm|affine_stage:i_affine_stage|p3_g_s[13]                           ; Packed Register ; Register Packing ; Timing optimization ; Q         ;                ; LayerNorm:LayerNorm|affine_stage:i_affine_stage|lpm_mult:Mult1|mult_qgs:auto_generated|mac_mult5         ; DATAB            ;                       ;
; LayerNorm:LayerNorm|affine_stage:i_affine_stage|p3_g_s[13]                           ; Duplicated      ; Register Packing ; Timing optimization ; Q         ;                ; LayerNorm:LayerNorm|affine_stage:i_affine_stage|p3_g_s[13]~_Duplicate_1                                  ; Q                ;                       ;
; LayerNorm:LayerNorm|affine_stage:i_affine_stage|p3_g_s[13]~_Duplicate_1              ; Packed Register ; Register Packing ; Timing optimization ; Q         ;                ; LayerNorm:LayerNorm|affine_stage:i_affine_stage|lpm_mult:Mult1|mult_qgs:auto_generated|mac_mult1         ; DATAB            ;                       ;
; LayerNorm:LayerNorm|affine_stage:i_affine_stage|p3_g_s[14]                           ; Packed Register ; Register Packing ; Timing optimization ; Q         ;                ; LayerNorm:LayerNorm|affine_stage:i_affine_stage|lpm_mult:Mult1|mult_qgs:auto_generated|mac_mult5         ; DATAB            ;                       ;
; LayerNorm:LayerNorm|affine_stage:i_affine_stage|p3_g_s[14]                           ; Duplicated      ; Register Packing ; Timing optimization ; Q         ;                ; LayerNorm:LayerNorm|affine_stage:i_affine_stage|p3_g_s[14]~_Duplicate_1                                  ; Q                ;                       ;
; LayerNorm:LayerNorm|affine_stage:i_affine_stage|p3_g_s[14]~_Duplicate_1              ; Packed Register ; Register Packing ; Timing optimization ; Q         ;                ; LayerNorm:LayerNorm|affine_stage:i_affine_stage|lpm_mult:Mult1|mult_qgs:auto_generated|mac_mult1         ; DATAB            ;                       ;
; LayerNorm:LayerNorm|affine_stage:i_affine_stage|p3_g_s[15]                           ; Packed Register ; Register Packing ; Timing optimization ; Q         ;                ; LayerNorm:LayerNorm|affine_stage:i_affine_stage|lpm_mult:Mult1|mult_qgs:auto_generated|mac_mult5         ; DATAB            ;                       ;
; LayerNorm:LayerNorm|affine_stage:i_affine_stage|p3_g_s[15]                           ; Duplicated      ; Register Packing ; Timing optimization ; Q         ;                ; LayerNorm:LayerNorm|affine_stage:i_affine_stage|p3_g_s[15]~_Duplicate_1                                  ; Q                ;                       ;
; LayerNorm:LayerNorm|affine_stage:i_affine_stage|p3_g_s[15]~_Duplicate_1              ; Packed Register ; Register Packing ; Timing optimization ; Q         ;                ; LayerNorm:LayerNorm|affine_stage:i_affine_stage|lpm_mult:Mult1|mult_qgs:auto_generated|mac_mult1         ; DATAB            ;                       ;
; LayerNorm:LayerNorm|affine_stage:i_affine_stage|p3_g_s[16]                           ; Packed Register ; Register Packing ; Timing optimization ; Q         ;                ; LayerNorm:LayerNorm|affine_stage:i_affine_stage|lpm_mult:Mult1|mult_qgs:auto_generated|mac_mult5         ; DATAB            ;                       ;
; LayerNorm:LayerNorm|affine_stage:i_affine_stage|p3_g_s[16]                           ; Duplicated      ; Register Packing ; Timing optimization ; Q         ;                ; LayerNorm:LayerNorm|affine_stage:i_affine_stage|p3_g_s[16]~_Duplicate_1                                  ; Q                ;                       ;
; LayerNorm:LayerNorm|affine_stage:i_affine_stage|p3_g_s[16]~_Duplicate_1              ; Packed Register ; Register Packing ; Timing optimization ; Q         ;                ; LayerNorm:LayerNorm|affine_stage:i_affine_stage|lpm_mult:Mult1|mult_qgs:auto_generated|mac_mult1         ; DATAB            ;                       ;
; LayerNorm:LayerNorm|affine_stage:i_affine_stage|p3_g_s[17]                           ; Packed Register ; Register Packing ; Timing optimization ; Q         ;                ; LayerNorm:LayerNorm|affine_stage:i_affine_stage|lpm_mult:Mult1|mult_qgs:auto_generated|mac_mult5         ; DATAB            ;                       ;
; LayerNorm:LayerNorm|affine_stage:i_affine_stage|p3_g_s[17]                           ; Duplicated      ; Register Packing ; Timing optimization ; Q         ;                ; LayerNorm:LayerNorm|affine_stage:i_affine_stage|p3_g_s[17]~_Duplicate_1                                  ; Q                ;                       ;
; LayerNorm:LayerNorm|affine_stage:i_affine_stage|p3_g_s[17]~_Duplicate_1              ; Packed Register ; Register Packing ; Timing optimization ; Q         ;                ; LayerNorm:LayerNorm|affine_stage:i_affine_stage|lpm_mult:Mult1|mult_qgs:auto_generated|mac_mult1         ; DATAB            ;                       ;
; LayerNorm:LayerNorm|affine_stage:i_affine_stage|p3_g_s[18]                           ; Packed Register ; Register Packing ; Timing optimization ; Q         ;                ; LayerNorm:LayerNorm|affine_stage:i_affine_stage|lpm_mult:Mult1|mult_qgs:auto_generated|mac_mult3         ; DATAB            ;                       ;
; LayerNorm:LayerNorm|affine_stage:i_affine_stage|p3_g_s[18]                           ; Duplicated      ; Register Packing ; Timing optimization ; Q         ;                ; LayerNorm:LayerNorm|affine_stage:i_affine_stage|p3_g_s[18]~_Duplicate_1                                  ; Q                ;                       ;
; LayerNorm:LayerNorm|affine_stage:i_affine_stage|p3_g_s[18]~_Duplicate_1              ; Packed Register ; Register Packing ; Timing optimization ; Q         ;                ; LayerNorm:LayerNorm|affine_stage:i_affine_stage|lpm_mult:Mult1|mult_qgs:auto_generated|mac_mult7         ; DATAB            ;                       ;
; LayerNorm:LayerNorm|affine_stage:i_affine_stage|p3_g_s[19]                           ; Packed Register ; Register Packing ; Timing optimization ; Q         ;                ; LayerNorm:LayerNorm|affine_stage:i_affine_stage|lpm_mult:Mult1|mult_qgs:auto_generated|mac_mult3         ; DATAB            ;                       ;
; LayerNorm:LayerNorm|affine_stage:i_affine_stage|p3_g_s[19]                           ; Duplicated      ; Register Packing ; Timing optimization ; Q         ;                ; LayerNorm:LayerNorm|affine_stage:i_affine_stage|p3_g_s[19]~_Duplicate_1                                  ; Q                ;                       ;
; LayerNorm:LayerNorm|affine_stage:i_affine_stage|p3_g_s[19]~_Duplicate_1              ; Packed Register ; Register Packing ; Timing optimization ; Q         ;                ; LayerNorm:LayerNorm|affine_stage:i_affine_stage|lpm_mult:Mult1|mult_qgs:auto_generated|mac_mult7         ; DATAB            ;                       ;
; LayerNorm:LayerNorm|affine_stage:i_affine_stage|p3_g_s[20]                           ; Packed Register ; Register Packing ; Timing optimization ; Q         ;                ; LayerNorm:LayerNorm|affine_stage:i_affine_stage|lpm_mult:Mult1|mult_qgs:auto_generated|mac_mult3         ; DATAB            ;                       ;
; LayerNorm:LayerNorm|affine_stage:i_affine_stage|p3_g_s[20]                           ; Duplicated      ; Register Packing ; Timing optimization ; Q         ;                ; LayerNorm:LayerNorm|affine_stage:i_affine_stage|p3_g_s[20]~_Duplicate_1                                  ; Q                ;                       ;
; LayerNorm:LayerNorm|affine_stage:i_affine_stage|p3_g_s[20]~_Duplicate_1              ; Packed Register ; Register Packing ; Timing optimization ; Q         ;                ; LayerNorm:LayerNorm|affine_stage:i_affine_stage|lpm_mult:Mult1|mult_qgs:auto_generated|mac_mult7         ; DATAB            ;                       ;
; LayerNorm:LayerNorm|affine_stage:i_affine_stage|p3_g_s[21]                           ; Packed Register ; Register Packing ; Timing optimization ; Q         ;                ; LayerNorm:LayerNorm|affine_stage:i_affine_stage|lpm_mult:Mult1|mult_qgs:auto_generated|mac_mult3         ; DATAB            ;                       ;
; LayerNorm:LayerNorm|affine_stage:i_affine_stage|p3_g_s[21]                           ; Duplicated      ; Register Packing ; Timing optimization ; Q         ;                ; LayerNorm:LayerNorm|affine_stage:i_affine_stage|p3_g_s[21]~_Duplicate_1                                  ; Q                ;                       ;
; LayerNorm:LayerNorm|affine_stage:i_affine_stage|p3_g_s[21]~_Duplicate_1              ; Packed Register ; Register Packing ; Timing optimization ; Q         ;                ; LayerNorm:LayerNorm|affine_stage:i_affine_stage|lpm_mult:Mult1|mult_qgs:auto_generated|mac_mult7         ; DATAB            ;                       ;
; LayerNorm:LayerNorm|affine_stage:i_affine_stage|p3_g_s[22]                           ; Packed Register ; Register Packing ; Timing optimization ; Q         ;                ; LayerNorm:LayerNorm|affine_stage:i_affine_stage|lpm_mult:Mult1|mult_qgs:auto_generated|mac_mult3         ; DATAB            ;                       ;
; LayerNorm:LayerNorm|affine_stage:i_affine_stage|p3_g_s[22]                           ; Duplicated      ; Register Packing ; Timing optimization ; Q         ;                ; LayerNorm:LayerNorm|affine_stage:i_affine_stage|p3_g_s[22]~_Duplicate_1                                  ; Q                ;                       ;
; LayerNorm:LayerNorm|affine_stage:i_affine_stage|p3_g_s[22]~_Duplicate_1              ; Packed Register ; Register Packing ; Timing optimization ; Q         ;                ; LayerNorm:LayerNorm|affine_stage:i_affine_stage|lpm_mult:Mult1|mult_qgs:auto_generated|mac_mult7         ; DATAB            ;                       ;
; LayerNorm:LayerNorm|affine_stage:i_affine_stage|p3_g_s[23]                           ; Packed Register ; Register Packing ; Timing optimization ; Q         ;                ; LayerNorm:LayerNorm|affine_stage:i_affine_stage|lpm_mult:Mult1|mult_qgs:auto_generated|mac_mult3         ; DATAB            ;                       ;
; LayerNorm:LayerNorm|affine_stage:i_affine_stage|p3_g_s[23]                           ; Duplicated      ; Register Packing ; Timing optimization ; Q         ;                ; LayerNorm:LayerNorm|affine_stage:i_affine_stage|p3_g_s[23]~_Duplicate_1                                  ; Q                ;                       ;
; LayerNorm:LayerNorm|affine_stage:i_affine_stage|p3_g_s[23]~_Duplicate_1              ; Packed Register ; Register Packing ; Timing optimization ; Q         ;                ; LayerNorm:LayerNorm|affine_stage:i_affine_stage|lpm_mult:Mult1|mult_qgs:auto_generated|mac_mult7         ; DATAB            ;                       ;
; LayerNorm:LayerNorm|affine_stage:i_affine_stage|p3_g_s[24]                           ; Packed Register ; Register Packing ; Timing optimization ; Q         ;                ; LayerNorm:LayerNorm|affine_stage:i_affine_stage|lpm_mult:Mult1|mult_qgs:auto_generated|mac_mult3         ; DATAB            ;                       ;
; LayerNorm:LayerNorm|affine_stage:i_affine_stage|p3_g_s[24]                           ; Duplicated      ; Register Packing ; Timing optimization ; Q         ;                ; LayerNorm:LayerNorm|affine_stage:i_affine_stage|p3_g_s[24]~_Duplicate_1                                  ; Q                ;                       ;
; LayerNorm:LayerNorm|affine_stage:i_affine_stage|p3_g_s[24]~_Duplicate_1              ; Packed Register ; Register Packing ; Timing optimization ; Q         ;                ; LayerNorm:LayerNorm|affine_stage:i_affine_stage|lpm_mult:Mult1|mult_qgs:auto_generated|mac_mult7         ; DATAB            ;                       ;
; LayerNorm:LayerNorm|affine_stage:i_affine_stage|p3_g_s[25]                           ; Packed Register ; Register Packing ; Timing optimization ; Q         ;                ; LayerNorm:LayerNorm|affine_stage:i_affine_stage|lpm_mult:Mult1|mult_qgs:auto_generated|mac_mult3         ; DATAB            ;                       ;
; LayerNorm:LayerNorm|affine_stage:i_affine_stage|p3_g_s[25]                           ; Duplicated      ; Register Packing ; Timing optimization ; Q         ;                ; LayerNorm:LayerNorm|affine_stage:i_affine_stage|p3_g_s[25]~_Duplicate_1                                  ; Q                ;                       ;
; LayerNorm:LayerNorm|affine_stage:i_affine_stage|p3_g_s[25]~_Duplicate_1              ; Packed Register ; Register Packing ; Timing optimization ; Q         ;                ; LayerNorm:LayerNorm|affine_stage:i_affine_stage|lpm_mult:Mult1|mult_qgs:auto_generated|mac_mult7         ; DATAB            ;                       ;
; LayerNorm:LayerNorm|affine_stage:i_affine_stage|p3_g_s[26]                           ; Packed Register ; Register Packing ; Timing optimization ; Q         ;                ; LayerNorm:LayerNorm|affine_stage:i_affine_stage|lpm_mult:Mult1|mult_qgs:auto_generated|mac_mult3         ; DATAB            ;                       ;
; LayerNorm:LayerNorm|affine_stage:i_affine_stage|p3_g_s[26]                           ; Duplicated      ; Register Packing ; Timing optimization ; Q         ;                ; LayerNorm:LayerNorm|affine_stage:i_affine_stage|p3_g_s[26]~_Duplicate_1                                  ; Q                ;                       ;
; LayerNorm:LayerNorm|affine_stage:i_affine_stage|p3_g_s[26]~_Duplicate_1              ; Packed Register ; Register Packing ; Timing optimization ; Q         ;                ; LayerNorm:LayerNorm|affine_stage:i_affine_stage|lpm_mult:Mult1|mult_qgs:auto_generated|mac_mult7         ; DATAB            ;                       ;
; LayerNorm:LayerNorm|affine_stage:i_affine_stage|p3_g_s[27]                           ; Packed Register ; Register Packing ; Timing optimization ; Q         ;                ; LayerNorm:LayerNorm|affine_stage:i_affine_stage|lpm_mult:Mult1|mult_qgs:auto_generated|mac_mult3         ; DATAB            ;                       ;
; LayerNorm:LayerNorm|affine_stage:i_affine_stage|p3_g_s[27]                           ; Duplicated      ; Register Packing ; Timing optimization ; Q         ;                ; LayerNorm:LayerNorm|affine_stage:i_affine_stage|p3_g_s[27]~_Duplicate_1                                  ; Q                ;                       ;
; LayerNorm:LayerNorm|affine_stage:i_affine_stage|p3_g_s[27]~_Duplicate_1              ; Packed Register ; Register Packing ; Timing optimization ; Q         ;                ; LayerNorm:LayerNorm|affine_stage:i_affine_stage|lpm_mult:Mult1|mult_qgs:auto_generated|mac_mult7         ; DATAB            ;                       ;
; LayerNorm:LayerNorm|affine_stage:i_affine_stage|p3_g_s[28]                           ; Packed Register ; Register Packing ; Timing optimization ; Q         ;                ; LayerNorm:LayerNorm|affine_stage:i_affine_stage|lpm_mult:Mult1|mult_qgs:auto_generated|mac_mult3         ; DATAB            ;                       ;
; LayerNorm:LayerNorm|affine_stage:i_affine_stage|p3_g_s[28]                           ; Duplicated      ; Register Packing ; Timing optimization ; Q         ;                ; LayerNorm:LayerNorm|affine_stage:i_affine_stage|p3_g_s[28]~_Duplicate_1                                  ; Q                ;                       ;
; LayerNorm:LayerNorm|affine_stage:i_affine_stage|p3_g_s[28]~_Duplicate_1              ; Packed Register ; Register Packing ; Timing optimization ; Q         ;                ; LayerNorm:LayerNorm|affine_stage:i_affine_stage|lpm_mult:Mult1|mult_qgs:auto_generated|mac_mult7         ; DATAB            ;                       ;
; LayerNorm:LayerNorm|affine_stage:i_affine_stage|p3_g_s[29]                           ; Packed Register ; Register Packing ; Timing optimization ; Q         ;                ; LayerNorm:LayerNorm|affine_stage:i_affine_stage|lpm_mult:Mult1|mult_qgs:auto_generated|mac_mult3         ; DATAB            ;                       ;
; LayerNorm:LayerNorm|affine_stage:i_affine_stage|p3_g_s[29]                           ; Duplicated      ; Register Packing ; Timing optimization ; Q         ;                ; LayerNorm:LayerNorm|affine_stage:i_affine_stage|p3_g_s[29]~_Duplicate_1                                  ; Q                ;                       ;
; LayerNorm:LayerNorm|affine_stage:i_affine_stage|p3_g_s[29]~_Duplicate_1              ; Packed Register ; Register Packing ; Timing optimization ; Q         ;                ; LayerNorm:LayerNorm|affine_stage:i_affine_stage|lpm_mult:Mult1|mult_qgs:auto_generated|mac_mult7         ; DATAB            ;                       ;
; LayerNorm:LayerNorm|affine_stage:i_affine_stage|p3_g_s[30]                           ; Packed Register ; Register Packing ; Timing optimization ; Q         ;                ; LayerNorm:LayerNorm|affine_stage:i_affine_stage|lpm_mult:Mult1|mult_qgs:auto_generated|mac_mult3         ; DATAB            ;                       ;
; LayerNorm:LayerNorm|affine_stage:i_affine_stage|p3_g_s[30]                           ; Duplicated      ; Register Packing ; Timing optimization ; Q         ;                ; LayerNorm:LayerNorm|affine_stage:i_affine_stage|p3_g_s[30]~_Duplicate_1                                  ; Q                ;                       ;
; LayerNorm:LayerNorm|affine_stage:i_affine_stage|p3_g_s[30]~_Duplicate_1              ; Packed Register ; Register Packing ; Timing optimization ; Q         ;                ; LayerNorm:LayerNorm|affine_stage:i_affine_stage|lpm_mult:Mult1|mult_qgs:auto_generated|mac_mult7         ; DATAB            ;                       ;
; LayerNorm:LayerNorm|affine_stage:i_affine_stage|p3_g_s[31]                           ; Packed Register ; Register Packing ; Timing optimization ; Q         ;                ; LayerNorm:LayerNorm|affine_stage:i_affine_stage|lpm_mult:Mult1|mult_qgs:auto_generated|mac_mult3         ; DATAB            ;                       ;
; LayerNorm:LayerNorm|affine_stage:i_affine_stage|p3_g_s[31]                           ; Duplicated      ; Register Packing ; Timing optimization ; Q         ;                ; LayerNorm:LayerNorm|affine_stage:i_affine_stage|p3_g_s[31]~_Duplicate_1                                  ; Q                ;                       ;
; LayerNorm:LayerNorm|affine_stage:i_affine_stage|p3_g_s[31]~_Duplicate_1              ; Packed Register ; Register Packing ; Timing optimization ; Q         ;                ; LayerNorm:LayerNorm|affine_stage:i_affine_stage|lpm_mult:Mult1|mult_qgs:auto_generated|mac_mult7         ; DATAB            ;                       ;
; LayerNorm:LayerNorm|affine_stage:i_affine_stage|p3_xm_norm_s[0]                      ; Packed Register ; Register Packing ; Timing optimization ; Q         ;                ; LayerNorm:LayerNorm|affine_stage:i_affine_stage|lpm_mult:Mult1|mult_qgs:auto_generated|mac_mult3         ; DATAA            ;                       ;
; LayerNorm:LayerNorm|affine_stage:i_affine_stage|p3_xm_norm_s[0]                      ; Duplicated      ; Register Packing ; Timing optimization ; Q         ;                ; LayerNorm:LayerNorm|affine_stage:i_affine_stage|p3_xm_norm_s[0]~_Duplicate_1                             ; Q                ;                       ;
; LayerNorm:LayerNorm|affine_stage:i_affine_stage|p3_xm_norm_s[0]~_Duplicate_1         ; Packed Register ; Register Packing ; Timing optimization ; Q         ;                ; LayerNorm:LayerNorm|affine_stage:i_affine_stage|lpm_mult:Mult1|mult_qgs:auto_generated|mac_mult1         ; DATAA            ;                       ;
; LayerNorm:LayerNorm|affine_stage:i_affine_stage|p3_xm_norm_s[1]                      ; Packed Register ; Register Packing ; Timing optimization ; Q         ;                ; LayerNorm:LayerNorm|affine_stage:i_affine_stage|lpm_mult:Mult1|mult_qgs:auto_generated|mac_mult3         ; DATAA            ;                       ;
; LayerNorm:LayerNorm|affine_stage:i_affine_stage|p3_xm_norm_s[1]                      ; Duplicated      ; Register Packing ; Timing optimization ; Q         ;                ; LayerNorm:LayerNorm|affine_stage:i_affine_stage|p3_xm_norm_s[1]~_Duplicate_1                             ; Q                ;                       ;
; LayerNorm:LayerNorm|affine_stage:i_affine_stage|p3_xm_norm_s[1]~_Duplicate_1         ; Packed Register ; Register Packing ; Timing optimization ; Q         ;                ; LayerNorm:LayerNorm|affine_stage:i_affine_stage|lpm_mult:Mult1|mult_qgs:auto_generated|mac_mult1         ; DATAA            ;                       ;
; LayerNorm:LayerNorm|affine_stage:i_affine_stage|p3_xm_norm_s[2]                      ; Packed Register ; Register Packing ; Timing optimization ; Q         ;                ; LayerNorm:LayerNorm|affine_stage:i_affine_stage|lpm_mult:Mult1|mult_qgs:auto_generated|mac_mult3         ; DATAA            ;                       ;
; LayerNorm:LayerNorm|affine_stage:i_affine_stage|p3_xm_norm_s[2]                      ; Duplicated      ; Register Packing ; Timing optimization ; Q         ;                ; LayerNorm:LayerNorm|affine_stage:i_affine_stage|p3_xm_norm_s[2]~_Duplicate_1                             ; Q                ;                       ;
; LayerNorm:LayerNorm|affine_stage:i_affine_stage|p3_xm_norm_s[2]~_Duplicate_1         ; Packed Register ; Register Packing ; Timing optimization ; Q         ;                ; LayerNorm:LayerNorm|affine_stage:i_affine_stage|lpm_mult:Mult1|mult_qgs:auto_generated|mac_mult1         ; DATAA            ;                       ;
; LayerNorm:LayerNorm|affine_stage:i_affine_stage|p3_xm_norm_s[3]                      ; Packed Register ; Register Packing ; Timing optimization ; Q         ;                ; LayerNorm:LayerNorm|affine_stage:i_affine_stage|lpm_mult:Mult1|mult_qgs:auto_generated|mac_mult3         ; DATAA            ;                       ;
; LayerNorm:LayerNorm|affine_stage:i_affine_stage|p3_xm_norm_s[3]                      ; Duplicated      ; Register Packing ; Timing optimization ; Q         ;                ; LayerNorm:LayerNorm|affine_stage:i_affine_stage|p3_xm_norm_s[3]~_Duplicate_1                             ; Q                ;                       ;
; LayerNorm:LayerNorm|affine_stage:i_affine_stage|p3_xm_norm_s[3]~_Duplicate_1         ; Packed Register ; Register Packing ; Timing optimization ; Q         ;                ; LayerNorm:LayerNorm|affine_stage:i_affine_stage|lpm_mult:Mult1|mult_qgs:auto_generated|mac_mult1         ; DATAA            ;                       ;
; LayerNorm:LayerNorm|affine_stage:i_affine_stage|p3_xm_norm_s[4]                      ; Packed Register ; Register Packing ; Timing optimization ; Q         ;                ; LayerNorm:LayerNorm|affine_stage:i_affine_stage|lpm_mult:Mult1|mult_qgs:auto_generated|mac_mult3         ; DATAA            ;                       ;
; LayerNorm:LayerNorm|affine_stage:i_affine_stage|p3_xm_norm_s[4]                      ; Duplicated      ; Register Packing ; Timing optimization ; Q         ;                ; LayerNorm:LayerNorm|affine_stage:i_affine_stage|p3_xm_norm_s[4]~_Duplicate_1                             ; Q                ;                       ;
; LayerNorm:LayerNorm|affine_stage:i_affine_stage|p3_xm_norm_s[4]~_Duplicate_1         ; Packed Register ; Register Packing ; Timing optimization ; Q         ;                ; LayerNorm:LayerNorm|affine_stage:i_affine_stage|lpm_mult:Mult1|mult_qgs:auto_generated|mac_mult1         ; DATAA            ;                       ;
; LayerNorm:LayerNorm|affine_stage:i_affine_stage|p3_xm_norm_s[5]                      ; Packed Register ; Register Packing ; Timing optimization ; Q         ;                ; LayerNorm:LayerNorm|affine_stage:i_affine_stage|lpm_mult:Mult1|mult_qgs:auto_generated|mac_mult3         ; DATAA            ;                       ;
; LayerNorm:LayerNorm|affine_stage:i_affine_stage|p3_xm_norm_s[5]                      ; Duplicated      ; Register Packing ; Timing optimization ; Q         ;                ; LayerNorm:LayerNorm|affine_stage:i_affine_stage|p3_xm_norm_s[5]~_Duplicate_1                             ; Q                ;                       ;
; LayerNorm:LayerNorm|affine_stage:i_affine_stage|p3_xm_norm_s[5]~_Duplicate_1         ; Packed Register ; Register Packing ; Timing optimization ; Q         ;                ; LayerNorm:LayerNorm|affine_stage:i_affine_stage|lpm_mult:Mult1|mult_qgs:auto_generated|mac_mult1         ; DATAA            ;                       ;
; LayerNorm:LayerNorm|affine_stage:i_affine_stage|p3_xm_norm_s[6]                      ; Packed Register ; Register Packing ; Timing optimization ; Q         ;                ; LayerNorm:LayerNorm|affine_stage:i_affine_stage|lpm_mult:Mult1|mult_qgs:auto_generated|mac_mult3         ; DATAA            ;                       ;
; LayerNorm:LayerNorm|affine_stage:i_affine_stage|p3_xm_norm_s[6]                      ; Duplicated      ; Register Packing ; Timing optimization ; Q         ;                ; LayerNorm:LayerNorm|affine_stage:i_affine_stage|p3_xm_norm_s[6]~_Duplicate_1                             ; Q                ;                       ;
; LayerNorm:LayerNorm|affine_stage:i_affine_stage|p3_xm_norm_s[6]~_Duplicate_1         ; Packed Register ; Register Packing ; Timing optimization ; Q         ;                ; LayerNorm:LayerNorm|affine_stage:i_affine_stage|lpm_mult:Mult1|mult_qgs:auto_generated|mac_mult1         ; DATAA            ;                       ;
; LayerNorm:LayerNorm|affine_stage:i_affine_stage|p3_xm_norm_s[7]                      ; Packed Register ; Register Packing ; Timing optimization ; Q         ;                ; LayerNorm:LayerNorm|affine_stage:i_affine_stage|lpm_mult:Mult1|mult_qgs:auto_generated|mac_mult3         ; DATAA            ;                       ;
; LayerNorm:LayerNorm|affine_stage:i_affine_stage|p3_xm_norm_s[7]                      ; Duplicated      ; Register Packing ; Timing optimization ; Q         ;                ; LayerNorm:LayerNorm|affine_stage:i_affine_stage|p3_xm_norm_s[7]~_Duplicate_1                             ; Q                ;                       ;
; LayerNorm:LayerNorm|affine_stage:i_affine_stage|p3_xm_norm_s[7]~_Duplicate_1         ; Packed Register ; Register Packing ; Timing optimization ; Q         ;                ; LayerNorm:LayerNorm|affine_stage:i_affine_stage|lpm_mult:Mult1|mult_qgs:auto_generated|mac_mult1         ; DATAA            ;                       ;
; LayerNorm:LayerNorm|affine_stage:i_affine_stage|p3_xm_norm_s[8]                      ; Packed Register ; Register Packing ; Timing optimization ; Q         ;                ; LayerNorm:LayerNorm|affine_stage:i_affine_stage|lpm_mult:Mult1|mult_qgs:auto_generated|mac_mult3         ; DATAA            ;                       ;
; LayerNorm:LayerNorm|affine_stage:i_affine_stage|p3_xm_norm_s[8]                      ; Duplicated      ; Register Packing ; Timing optimization ; Q         ;                ; LayerNorm:LayerNorm|affine_stage:i_affine_stage|p3_xm_norm_s[8]~_Duplicate_1                             ; Q                ;                       ;
; LayerNorm:LayerNorm|affine_stage:i_affine_stage|p3_xm_norm_s[8]~_Duplicate_1         ; Packed Register ; Register Packing ; Timing optimization ; Q         ;                ; LayerNorm:LayerNorm|affine_stage:i_affine_stage|lpm_mult:Mult1|mult_qgs:auto_generated|mac_mult1         ; DATAA            ;                       ;
; LayerNorm:LayerNorm|affine_stage:i_affine_stage|p3_xm_norm_s[9]                      ; Packed Register ; Register Packing ; Timing optimization ; Q         ;                ; LayerNorm:LayerNorm|affine_stage:i_affine_stage|lpm_mult:Mult1|mult_qgs:auto_generated|mac_mult3         ; DATAA            ;                       ;
; LayerNorm:LayerNorm|affine_stage:i_affine_stage|p3_xm_norm_s[9]                      ; Duplicated      ; Register Packing ; Timing optimization ; Q         ;                ; LayerNorm:LayerNorm|affine_stage:i_affine_stage|p3_xm_norm_s[9]~_Duplicate_1                             ; Q                ;                       ;
; LayerNorm:LayerNorm|affine_stage:i_affine_stage|p3_xm_norm_s[9]~_Duplicate_1         ; Packed Register ; Register Packing ; Timing optimization ; Q         ;                ; LayerNorm:LayerNorm|affine_stage:i_affine_stage|lpm_mult:Mult1|mult_qgs:auto_generated|mac_mult1         ; DATAA            ;                       ;
; LayerNorm:LayerNorm|affine_stage:i_affine_stage|p3_xm_norm_s[10]                     ; Packed Register ; Register Packing ; Timing optimization ; Q         ;                ; LayerNorm:LayerNorm|affine_stage:i_affine_stage|lpm_mult:Mult1|mult_qgs:auto_generated|mac_mult3         ; DATAA            ;                       ;
; LayerNorm:LayerNorm|affine_stage:i_affine_stage|p3_xm_norm_s[10]                     ; Duplicated      ; Register Packing ; Timing optimization ; Q         ;                ; LayerNorm:LayerNorm|affine_stage:i_affine_stage|p3_xm_norm_s[10]~_Duplicate_1                            ; Q                ;                       ;
; LayerNorm:LayerNorm|affine_stage:i_affine_stage|p3_xm_norm_s[10]~_Duplicate_1        ; Packed Register ; Register Packing ; Timing optimization ; Q         ;                ; LayerNorm:LayerNorm|affine_stage:i_affine_stage|lpm_mult:Mult1|mult_qgs:auto_generated|mac_mult1         ; DATAA            ;                       ;
; LayerNorm:LayerNorm|affine_stage:i_affine_stage|p3_xm_norm_s[11]                     ; Packed Register ; Register Packing ; Timing optimization ; Q         ;                ; LayerNorm:LayerNorm|affine_stage:i_affine_stage|lpm_mult:Mult1|mult_qgs:auto_generated|mac_mult3         ; DATAA            ;                       ;
; LayerNorm:LayerNorm|affine_stage:i_affine_stage|p3_xm_norm_s[11]                     ; Duplicated      ; Register Packing ; Timing optimization ; Q         ;                ; LayerNorm:LayerNorm|affine_stage:i_affine_stage|p3_xm_norm_s[11]~_Duplicate_1                            ; Q                ;                       ;
; LayerNorm:LayerNorm|affine_stage:i_affine_stage|p3_xm_norm_s[11]~_Duplicate_1        ; Packed Register ; Register Packing ; Timing optimization ; Q         ;                ; LayerNorm:LayerNorm|affine_stage:i_affine_stage|lpm_mult:Mult1|mult_qgs:auto_generated|mac_mult1         ; DATAA            ;                       ;
; LayerNorm:LayerNorm|affine_stage:i_affine_stage|p3_xm_norm_s[12]                     ; Packed Register ; Register Packing ; Timing optimization ; Q         ;                ; LayerNorm:LayerNorm|affine_stage:i_affine_stage|lpm_mult:Mult1|mult_qgs:auto_generated|mac_mult3         ; DATAA            ;                       ;
; LayerNorm:LayerNorm|affine_stage:i_affine_stage|p3_xm_norm_s[12]                     ; Duplicated      ; Register Packing ; Timing optimization ; Q         ;                ; LayerNorm:LayerNorm|affine_stage:i_affine_stage|p3_xm_norm_s[12]~_Duplicate_1                            ; Q                ;                       ;
; LayerNorm:LayerNorm|affine_stage:i_affine_stage|p3_xm_norm_s[12]~_Duplicate_1        ; Packed Register ; Register Packing ; Timing optimization ; Q         ;                ; LayerNorm:LayerNorm|affine_stage:i_affine_stage|lpm_mult:Mult1|mult_qgs:auto_generated|mac_mult1         ; DATAA            ;                       ;
; LayerNorm:LayerNorm|affine_stage:i_affine_stage|p3_xm_norm_s[13]                     ; Packed Register ; Register Packing ; Timing optimization ; Q         ;                ; LayerNorm:LayerNorm|affine_stage:i_affine_stage|lpm_mult:Mult1|mult_qgs:auto_generated|mac_mult3         ; DATAA            ;                       ;
; LayerNorm:LayerNorm|affine_stage:i_affine_stage|p3_xm_norm_s[13]                     ; Duplicated      ; Register Packing ; Timing optimization ; Q         ;                ; LayerNorm:LayerNorm|affine_stage:i_affine_stage|p3_xm_norm_s[13]~_Duplicate_1                            ; Q                ;                       ;
; LayerNorm:LayerNorm|affine_stage:i_affine_stage|p3_xm_norm_s[13]~_Duplicate_1        ; Packed Register ; Register Packing ; Timing optimization ; Q         ;                ; LayerNorm:LayerNorm|affine_stage:i_affine_stage|lpm_mult:Mult1|mult_qgs:auto_generated|mac_mult1         ; DATAA            ;                       ;
; LayerNorm:LayerNorm|affine_stage:i_affine_stage|p3_xm_norm_s[14]                     ; Packed Register ; Register Packing ; Timing optimization ; Q         ;                ; LayerNorm:LayerNorm|affine_stage:i_affine_stage|lpm_mult:Mult1|mult_qgs:auto_generated|mac_mult3         ; DATAA            ;                       ;
; LayerNorm:LayerNorm|affine_stage:i_affine_stage|p3_xm_norm_s[14]                     ; Duplicated      ; Register Packing ; Timing optimization ; Q         ;                ; LayerNorm:LayerNorm|affine_stage:i_affine_stage|p3_xm_norm_s[14]~_Duplicate_1                            ; Q                ;                       ;
; LayerNorm:LayerNorm|affine_stage:i_affine_stage|p3_xm_norm_s[14]~_Duplicate_1        ; Packed Register ; Register Packing ; Timing optimization ; Q         ;                ; LayerNorm:LayerNorm|affine_stage:i_affine_stage|lpm_mult:Mult1|mult_qgs:auto_generated|mac_mult1         ; DATAA            ;                       ;
; LayerNorm:LayerNorm|affine_stage:i_affine_stage|p3_xm_norm_s[15]                     ; Packed Register ; Register Packing ; Timing optimization ; Q         ;                ; LayerNorm:LayerNorm|affine_stage:i_affine_stage|lpm_mult:Mult1|mult_qgs:auto_generated|mac_mult3         ; DATAA            ;                       ;
; LayerNorm:LayerNorm|affine_stage:i_affine_stage|p3_xm_norm_s[15]                     ; Duplicated      ; Register Packing ; Timing optimization ; Q         ;                ; LayerNorm:LayerNorm|affine_stage:i_affine_stage|p3_xm_norm_s[15]~_Duplicate_1                            ; Q                ;                       ;
; LayerNorm:LayerNorm|affine_stage:i_affine_stage|p3_xm_norm_s[15]~_Duplicate_1        ; Packed Register ; Register Packing ; Timing optimization ; Q         ;                ; LayerNorm:LayerNorm|affine_stage:i_affine_stage|lpm_mult:Mult1|mult_qgs:auto_generated|mac_mult1         ; DATAA            ;                       ;
; LayerNorm:LayerNorm|affine_stage:i_affine_stage|p3_xm_norm_s[16]                     ; Packed Register ; Register Packing ; Timing optimization ; Q         ;                ; LayerNorm:LayerNorm|affine_stage:i_affine_stage|lpm_mult:Mult1|mult_qgs:auto_generated|mac_mult3         ; DATAA            ;                       ;
; LayerNorm:LayerNorm|affine_stage:i_affine_stage|p3_xm_norm_s[16]                     ; Duplicated      ; Register Packing ; Timing optimization ; Q         ;                ; LayerNorm:LayerNorm|affine_stage:i_affine_stage|p3_xm_norm_s[16]~_Duplicate_1                            ; Q                ;                       ;
; LayerNorm:LayerNorm|affine_stage:i_affine_stage|p3_xm_norm_s[16]~_Duplicate_1        ; Packed Register ; Register Packing ; Timing optimization ; Q         ;                ; LayerNorm:LayerNorm|affine_stage:i_affine_stage|lpm_mult:Mult1|mult_qgs:auto_generated|mac_mult1         ; DATAA            ;                       ;
; LayerNorm:LayerNorm|affine_stage:i_affine_stage|p3_xm_norm_s[17]                     ; Packed Register ; Register Packing ; Timing optimization ; Q         ;                ; LayerNorm:LayerNorm|affine_stage:i_affine_stage|lpm_mult:Mult1|mult_qgs:auto_generated|mac_mult3         ; DATAA            ;                       ;
; LayerNorm:LayerNorm|affine_stage:i_affine_stage|p3_xm_norm_s[17]                     ; Duplicated      ; Register Packing ; Timing optimization ; Q         ;                ; LayerNorm:LayerNorm|affine_stage:i_affine_stage|p3_xm_norm_s[17]~_Duplicate_1                            ; Q                ;                       ;
; LayerNorm:LayerNorm|affine_stage:i_affine_stage|p3_xm_norm_s[17]~_Duplicate_1        ; Packed Register ; Register Packing ; Timing optimization ; Q         ;                ; LayerNorm:LayerNorm|affine_stage:i_affine_stage|lpm_mult:Mult1|mult_qgs:auto_generated|mac_mult1         ; DATAA            ;                       ;
; LayerNorm:LayerNorm|affine_stage:i_affine_stage|p3_xm_norm_s[18]                     ; Packed Register ; Register Packing ; Timing optimization ; Q         ;                ; LayerNorm:LayerNorm|affine_stage:i_affine_stage|lpm_mult:Mult1|mult_qgs:auto_generated|mac_mult5         ; DATAA            ;                       ;
; LayerNorm:LayerNorm|affine_stage:i_affine_stage|p3_xm_norm_s[18]                     ; Duplicated      ; Register Packing ; Timing optimization ; Q         ;                ; LayerNorm:LayerNorm|affine_stage:i_affine_stage|p3_xm_norm_s[18]~_Duplicate_1                            ; Q                ;                       ;
; LayerNorm:LayerNorm|affine_stage:i_affine_stage|p3_xm_norm_s[18]~_Duplicate_1        ; Packed Register ; Register Packing ; Timing optimization ; Q         ;                ; LayerNorm:LayerNorm|affine_stage:i_affine_stage|lpm_mult:Mult1|mult_qgs:auto_generated|mac_mult7         ; DATAA            ;                       ;
; LayerNorm:LayerNorm|affine_stage:i_affine_stage|p3_xm_norm_s[19]                     ; Packed Register ; Register Packing ; Timing optimization ; Q         ;                ; LayerNorm:LayerNorm|affine_stage:i_affine_stage|lpm_mult:Mult1|mult_qgs:auto_generated|mac_mult5         ; DATAA            ;                       ;
; LayerNorm:LayerNorm|affine_stage:i_affine_stage|p3_xm_norm_s[19]                     ; Duplicated      ; Register Packing ; Timing optimization ; Q         ;                ; LayerNorm:LayerNorm|affine_stage:i_affine_stage|p3_xm_norm_s[19]~_Duplicate_1                            ; Q                ;                       ;
; LayerNorm:LayerNorm|affine_stage:i_affine_stage|p3_xm_norm_s[19]~_Duplicate_1        ; Packed Register ; Register Packing ; Timing optimization ; Q         ;                ; LayerNorm:LayerNorm|affine_stage:i_affine_stage|lpm_mult:Mult1|mult_qgs:auto_generated|mac_mult7         ; DATAA            ;                       ;
; LayerNorm:LayerNorm|affine_stage:i_affine_stage|p3_xm_norm_s[20]                     ; Packed Register ; Register Packing ; Timing optimization ; Q         ;                ; LayerNorm:LayerNorm|affine_stage:i_affine_stage|lpm_mult:Mult1|mult_qgs:auto_generated|mac_mult5         ; DATAA            ;                       ;
; LayerNorm:LayerNorm|affine_stage:i_affine_stage|p3_xm_norm_s[20]                     ; Duplicated      ; Register Packing ; Timing optimization ; Q         ;                ; LayerNorm:LayerNorm|affine_stage:i_affine_stage|p3_xm_norm_s[20]~_Duplicate_1                            ; Q                ;                       ;
; LayerNorm:LayerNorm|affine_stage:i_affine_stage|p3_xm_norm_s[20]~_Duplicate_1        ; Packed Register ; Register Packing ; Timing optimization ; Q         ;                ; LayerNorm:LayerNorm|affine_stage:i_affine_stage|lpm_mult:Mult1|mult_qgs:auto_generated|mac_mult7         ; DATAA            ;                       ;
; LayerNorm:LayerNorm|affine_stage:i_affine_stage|p3_xm_norm_s[21]                     ; Packed Register ; Register Packing ; Timing optimization ; Q         ;                ; LayerNorm:LayerNorm|affine_stage:i_affine_stage|lpm_mult:Mult1|mult_qgs:auto_generated|mac_mult5         ; DATAA            ;                       ;
; LayerNorm:LayerNorm|affine_stage:i_affine_stage|p3_xm_norm_s[21]                     ; Duplicated      ; Register Packing ; Timing optimization ; Q         ;                ; LayerNorm:LayerNorm|affine_stage:i_affine_stage|p3_xm_norm_s[21]~_Duplicate_1                            ; Q                ;                       ;
; LayerNorm:LayerNorm|affine_stage:i_affine_stage|p3_xm_norm_s[21]~_Duplicate_1        ; Packed Register ; Register Packing ; Timing optimization ; Q         ;                ; LayerNorm:LayerNorm|affine_stage:i_affine_stage|lpm_mult:Mult1|mult_qgs:auto_generated|mac_mult7         ; DATAA            ;                       ;
; LayerNorm:LayerNorm|affine_stage:i_affine_stage|p3_xm_norm_s[22]                     ; Packed Register ; Register Packing ; Timing optimization ; Q         ;                ; LayerNorm:LayerNorm|affine_stage:i_affine_stage|lpm_mult:Mult1|mult_qgs:auto_generated|mac_mult5         ; DATAA            ;                       ;
; LayerNorm:LayerNorm|affine_stage:i_affine_stage|p3_xm_norm_s[22]                     ; Duplicated      ; Register Packing ; Timing optimization ; Q         ;                ; LayerNorm:LayerNorm|affine_stage:i_affine_stage|p3_xm_norm_s[22]~_Duplicate_1                            ; Q                ;                       ;
; LayerNorm:LayerNorm|affine_stage:i_affine_stage|p3_xm_norm_s[22]~_Duplicate_1        ; Packed Register ; Register Packing ; Timing optimization ; Q         ;                ; LayerNorm:LayerNorm|affine_stage:i_affine_stage|lpm_mult:Mult1|mult_qgs:auto_generated|mac_mult7         ; DATAA            ;                       ;
; LayerNorm:LayerNorm|affine_stage:i_affine_stage|p3_xm_norm_s[23]                     ; Packed Register ; Register Packing ; Timing optimization ; Q         ;                ; LayerNorm:LayerNorm|affine_stage:i_affine_stage|lpm_mult:Mult1|mult_qgs:auto_generated|mac_mult5         ; DATAA            ;                       ;
; LayerNorm:LayerNorm|affine_stage:i_affine_stage|p3_xm_norm_s[23]                     ; Duplicated      ; Register Packing ; Timing optimization ; Q         ;                ; LayerNorm:LayerNorm|affine_stage:i_affine_stage|p3_xm_norm_s[23]~_Duplicate_1                            ; Q                ;                       ;
; LayerNorm:LayerNorm|affine_stage:i_affine_stage|p3_xm_norm_s[23]~_Duplicate_1        ; Packed Register ; Register Packing ; Timing optimization ; Q         ;                ; LayerNorm:LayerNorm|affine_stage:i_affine_stage|lpm_mult:Mult1|mult_qgs:auto_generated|mac_mult7         ; DATAA            ;                       ;
; LayerNorm:LayerNorm|affine_stage:i_affine_stage|p3_xm_norm_s[24]                     ; Packed Register ; Register Packing ; Timing optimization ; Q         ;                ; LayerNorm:LayerNorm|affine_stage:i_affine_stage|lpm_mult:Mult1|mult_qgs:auto_generated|mac_mult5         ; DATAA            ;                       ;
; LayerNorm:LayerNorm|affine_stage:i_affine_stage|p3_xm_norm_s[24]                     ; Duplicated      ; Register Packing ; Timing optimization ; Q         ;                ; LayerNorm:LayerNorm|affine_stage:i_affine_stage|p3_xm_norm_s[24]~_Duplicate_1                            ; Q                ;                       ;
; LayerNorm:LayerNorm|affine_stage:i_affine_stage|p3_xm_norm_s[24]~_Duplicate_1        ; Packed Register ; Register Packing ; Timing optimization ; Q         ;                ; LayerNorm:LayerNorm|affine_stage:i_affine_stage|lpm_mult:Mult1|mult_qgs:auto_generated|mac_mult7         ; DATAA            ;                       ;
; LayerNorm:LayerNorm|affine_stage:i_affine_stage|p3_xm_norm_s[25]                     ; Packed Register ; Register Packing ; Timing optimization ; Q         ;                ; LayerNorm:LayerNorm|affine_stage:i_affine_stage|lpm_mult:Mult1|mult_qgs:auto_generated|mac_mult5         ; DATAA            ;                       ;
; LayerNorm:LayerNorm|affine_stage:i_affine_stage|p3_xm_norm_s[25]                     ; Duplicated      ; Register Packing ; Timing optimization ; Q         ;                ; LayerNorm:LayerNorm|affine_stage:i_affine_stage|p3_xm_norm_s[25]~_Duplicate_1                            ; Q                ;                       ;
; LayerNorm:LayerNorm|affine_stage:i_affine_stage|p3_xm_norm_s[25]~_Duplicate_1        ; Packed Register ; Register Packing ; Timing optimization ; Q         ;                ; LayerNorm:LayerNorm|affine_stage:i_affine_stage|lpm_mult:Mult1|mult_qgs:auto_generated|mac_mult7         ; DATAA            ;                       ;
; LayerNorm:LayerNorm|affine_stage:i_affine_stage|p3_xm_norm_s[26]                     ; Packed Register ; Register Packing ; Timing optimization ; Q         ;                ; LayerNorm:LayerNorm|affine_stage:i_affine_stage|lpm_mult:Mult1|mult_qgs:auto_generated|mac_mult5         ; DATAA            ;                       ;
; LayerNorm:LayerNorm|affine_stage:i_affine_stage|p3_xm_norm_s[26]                     ; Duplicated      ; Register Packing ; Timing optimization ; Q         ;                ; LayerNorm:LayerNorm|affine_stage:i_affine_stage|p3_xm_norm_s[26]~_Duplicate_1                            ; Q                ;                       ;
; LayerNorm:LayerNorm|affine_stage:i_affine_stage|p3_xm_norm_s[26]~_Duplicate_1        ; Packed Register ; Register Packing ; Timing optimization ; Q         ;                ; LayerNorm:LayerNorm|affine_stage:i_affine_stage|lpm_mult:Mult1|mult_qgs:auto_generated|mac_mult7         ; DATAA            ;                       ;
; LayerNorm:LayerNorm|affine_stage:i_affine_stage|p3_xm_norm_s[27]                     ; Packed Register ; Register Packing ; Timing optimization ; Q         ;                ; LayerNorm:LayerNorm|affine_stage:i_affine_stage|lpm_mult:Mult1|mult_qgs:auto_generated|mac_mult5         ; DATAA            ;                       ;
; LayerNorm:LayerNorm|affine_stage:i_affine_stage|p3_xm_norm_s[27]                     ; Duplicated      ; Register Packing ; Timing optimization ; Q         ;                ; LayerNorm:LayerNorm|affine_stage:i_affine_stage|p3_xm_norm_s[27]~_Duplicate_1                            ; Q                ;                       ;
; LayerNorm:LayerNorm|affine_stage:i_affine_stage|p3_xm_norm_s[27]~_Duplicate_1        ; Packed Register ; Register Packing ; Timing optimization ; Q         ;                ; LayerNorm:LayerNorm|affine_stage:i_affine_stage|lpm_mult:Mult1|mult_qgs:auto_generated|mac_mult7         ; DATAA            ;                       ;
; LayerNorm:LayerNorm|affine_stage:i_affine_stage|p3_xm_norm_s[28]                     ; Packed Register ; Register Packing ; Timing optimization ; Q         ;                ; LayerNorm:LayerNorm|affine_stage:i_affine_stage|lpm_mult:Mult1|mult_qgs:auto_generated|mac_mult5         ; DATAA            ;                       ;
; LayerNorm:LayerNorm|affine_stage:i_affine_stage|p3_xm_norm_s[28]                     ; Duplicated      ; Register Packing ; Timing optimization ; Q         ;                ; LayerNorm:LayerNorm|affine_stage:i_affine_stage|p3_xm_norm_s[28]~_Duplicate_1                            ; Q                ;                       ;
; LayerNorm:LayerNorm|affine_stage:i_affine_stage|p3_xm_norm_s[28]~_Duplicate_1        ; Packed Register ; Register Packing ; Timing optimization ; Q         ;                ; LayerNorm:LayerNorm|affine_stage:i_affine_stage|lpm_mult:Mult1|mult_qgs:auto_generated|mac_mult7         ; DATAA            ;                       ;
; LayerNorm:LayerNorm|affine_stage:i_affine_stage|p3_xm_norm_s[29]                     ; Packed Register ; Register Packing ; Timing optimization ; Q         ;                ; LayerNorm:LayerNorm|affine_stage:i_affine_stage|lpm_mult:Mult1|mult_qgs:auto_generated|mac_mult5         ; DATAA            ;                       ;
; LayerNorm:LayerNorm|affine_stage:i_affine_stage|p3_xm_norm_s[29]                     ; Duplicated      ; Register Packing ; Timing optimization ; Q         ;                ; LayerNorm:LayerNorm|affine_stage:i_affine_stage|p3_xm_norm_s[29]~_Duplicate_1                            ; Q                ;                       ;
; LayerNorm:LayerNorm|affine_stage:i_affine_stage|p3_xm_norm_s[29]~_Duplicate_1        ; Packed Register ; Register Packing ; Timing optimization ; Q         ;                ; LayerNorm:LayerNorm|affine_stage:i_affine_stage|lpm_mult:Mult1|mult_qgs:auto_generated|mac_mult7         ; DATAA            ;                       ;
; LayerNorm:LayerNorm|affine_stage:i_affine_stage|p3_xm_norm_s[30]                     ; Packed Register ; Register Packing ; Timing optimization ; Q         ;                ; LayerNorm:LayerNorm|affine_stage:i_affine_stage|lpm_mult:Mult1|mult_qgs:auto_generated|mac_mult5         ; DATAA            ;                       ;
; LayerNorm:LayerNorm|affine_stage:i_affine_stage|p3_xm_norm_s[30]                     ; Duplicated      ; Register Packing ; Timing optimization ; Q         ;                ; LayerNorm:LayerNorm|affine_stage:i_affine_stage|p3_xm_norm_s[30]~_Duplicate_1                            ; Q                ;                       ;
; LayerNorm:LayerNorm|affine_stage:i_affine_stage|p3_xm_norm_s[30]~_Duplicate_1        ; Packed Register ; Register Packing ; Timing optimization ; Q         ;                ; LayerNorm:LayerNorm|affine_stage:i_affine_stage|lpm_mult:Mult1|mult_qgs:auto_generated|mac_mult7         ; DATAA            ;                       ;
; LayerNorm:LayerNorm|affine_stage:i_affine_stage|p3_xm_norm_s[31]                     ; Packed Register ; Register Packing ; Timing optimization ; Q         ;                ; LayerNorm:LayerNorm|affine_stage:i_affine_stage|lpm_mult:Mult1|mult_qgs:auto_generated|mac_mult5         ; DATAA            ;                       ;
; LayerNorm:LayerNorm|affine_stage:i_affine_stage|p3_xm_norm_s[31]                     ; Duplicated      ; Register Packing ; Timing optimization ; Q         ;                ; LayerNorm:LayerNorm|affine_stage:i_affine_stage|p3_xm_norm_s[31]~_Duplicate_1                            ; Q                ;                       ;
; LayerNorm:LayerNorm|affine_stage:i_affine_stage|p3_xm_norm_s[31]~_Duplicate_1        ; Packed Register ; Register Packing ; Timing optimization ; Q         ;                ; LayerNorm:LayerNorm|affine_stage:i_affine_stage|lpm_mult:Mult1|mult_qgs:auto_generated|mac_mult7         ; DATAA            ;                       ;
; LayerNorm:LayerNorm|ex_ex2_stage:i_ex_ex2_stage|ex2_reg[0]                           ; Packed Register ; Register Packing ; Timing optimization ; Q         ;                ; LayerNorm:LayerNorm|preprocess_stage:i_preprocess_stage|lpm_mult:Mult1|mult_irs:auto_generated|mac_mult3 ; DATAA            ;                       ;
; LayerNorm:LayerNorm|ex_ex2_stage:i_ex_ex2_stage|ex2_reg[0]                           ; Duplicated      ; Register Packing ; Timing optimization ; Q         ;                ; LayerNorm:LayerNorm|ex_ex2_stage:i_ex_ex2_stage|ex2_reg[0]~_Duplicate_1                                  ; Q                ;                       ;
; LayerNorm:LayerNorm|ex_ex2_stage:i_ex_ex2_stage|ex2_reg[0]~SCLR_LUT                  ; Created         ; Register Packing ; Timing optimization ;           ;                ;                                                                                                          ;                  ;                       ;
; LayerNorm:LayerNorm|ex_ex2_stage:i_ex_ex2_stage|ex2_reg[0]~_Duplicate_1              ; Packed Register ; Register Packing ; Timing optimization ; Q         ;                ; LayerNorm:LayerNorm|preprocess_stage:i_preprocess_stage|lpm_mult:Mult1|mult_irs:auto_generated|mac_mult1 ; DATAA            ;                       ;
; LayerNorm:LayerNorm|ex_ex2_stage:i_ex_ex2_stage|ex2_reg[0]~_Duplicate_1              ; Duplicated      ; Register Packing ; Timing optimization ; Q         ;                ; LayerNorm:LayerNorm|ex_ex2_stage:i_ex_ex2_stage|ex2_reg[0]~_Duplicate_2                                  ; Q                ;                       ;
; LayerNorm:LayerNorm|ex_ex2_stage:i_ex_ex2_stage|ex2_reg[1]                           ; Packed Register ; Register Packing ; Timing optimization ; Q         ;                ; LayerNorm:LayerNorm|preprocess_stage:i_preprocess_stage|lpm_mult:Mult1|mult_irs:auto_generated|mac_mult3 ; DATAA            ;                       ;
; LayerNorm:LayerNorm|ex_ex2_stage:i_ex_ex2_stage|ex2_reg[1]                           ; Duplicated      ; Register Packing ; Timing optimization ; Q         ;                ; LayerNorm:LayerNorm|ex_ex2_stage:i_ex_ex2_stage|ex2_reg[1]~_Duplicate_1                                  ; Q                ;                       ;
; LayerNorm:LayerNorm|ex_ex2_stage:i_ex_ex2_stage|ex2_reg[1]~SCLR_LUT                  ; Created         ; Register Packing ; Timing optimization ;           ;                ;                                                                                                          ;                  ;                       ;
; LayerNorm:LayerNorm|ex_ex2_stage:i_ex_ex2_stage|ex2_reg[1]~_Duplicate_1              ; Packed Register ; Register Packing ; Timing optimization ; Q         ;                ; LayerNorm:LayerNorm|preprocess_stage:i_preprocess_stage|lpm_mult:Mult1|mult_irs:auto_generated|mac_mult1 ; DATAA            ;                       ;
; LayerNorm:LayerNorm|ex_ex2_stage:i_ex_ex2_stage|ex2_reg[1]~_Duplicate_1              ; Duplicated      ; Register Packing ; Timing optimization ; Q         ;                ; LayerNorm:LayerNorm|ex_ex2_stage:i_ex_ex2_stage|ex2_reg[1]~_Duplicate_2                                  ; Q                ;                       ;
; LayerNorm:LayerNorm|ex_ex2_stage:i_ex_ex2_stage|ex2_reg[2]                           ; Packed Register ; Register Packing ; Timing optimization ; Q         ;                ; LayerNorm:LayerNorm|preprocess_stage:i_preprocess_stage|lpm_mult:Mult1|mult_irs:auto_generated|mac_mult3 ; DATAA            ;                       ;
; LayerNorm:LayerNorm|ex_ex2_stage:i_ex_ex2_stage|ex2_reg[2]                           ; Duplicated      ; Register Packing ; Timing optimization ; Q         ;                ; LayerNorm:LayerNorm|ex_ex2_stage:i_ex_ex2_stage|ex2_reg[2]~_Duplicate_1                                  ; Q                ;                       ;
; LayerNorm:LayerNorm|ex_ex2_stage:i_ex_ex2_stage|ex2_reg[2]~SCLR_LUT                  ; Created         ; Register Packing ; Timing optimization ;           ;                ;                                                                                                          ;                  ;                       ;
; LayerNorm:LayerNorm|ex_ex2_stage:i_ex_ex2_stage|ex2_reg[2]~_Duplicate_1              ; Packed Register ; Register Packing ; Timing optimization ; Q         ;                ; LayerNorm:LayerNorm|preprocess_stage:i_preprocess_stage|lpm_mult:Mult1|mult_irs:auto_generated|mac_mult1 ; DATAA            ;                       ;
; LayerNorm:LayerNorm|ex_ex2_stage:i_ex_ex2_stage|ex2_reg[2]~_Duplicate_1              ; Duplicated      ; Register Packing ; Timing optimization ; Q         ;                ; LayerNorm:LayerNorm|ex_ex2_stage:i_ex_ex2_stage|ex2_reg[2]~_Duplicate_2                                  ; Q                ;                       ;
; LayerNorm:LayerNorm|ex_ex2_stage:i_ex_ex2_stage|ex2_reg[3]                           ; Packed Register ; Register Packing ; Timing optimization ; Q         ;                ; LayerNorm:LayerNorm|preprocess_stage:i_preprocess_stage|lpm_mult:Mult1|mult_irs:auto_generated|mac_mult3 ; DATAA            ;                       ;
; LayerNorm:LayerNorm|ex_ex2_stage:i_ex_ex2_stage|ex2_reg[3]                           ; Duplicated      ; Register Packing ; Timing optimization ; Q         ;                ; LayerNorm:LayerNorm|ex_ex2_stage:i_ex_ex2_stage|ex2_reg[3]~_Duplicate_1                                  ; Q                ;                       ;
; LayerNorm:LayerNorm|ex_ex2_stage:i_ex_ex2_stage|ex2_reg[3]~SCLR_LUT                  ; Created         ; Register Packing ; Timing optimization ;           ;                ;                                                                                                          ;                  ;                       ;
; LayerNorm:LayerNorm|ex_ex2_stage:i_ex_ex2_stage|ex2_reg[3]~_Duplicate_1              ; Packed Register ; Register Packing ; Timing optimization ; Q         ;                ; LayerNorm:LayerNorm|preprocess_stage:i_preprocess_stage|lpm_mult:Mult1|mult_irs:auto_generated|mac_mult1 ; DATAA            ;                       ;
; LayerNorm:LayerNorm|ex_ex2_stage:i_ex_ex2_stage|ex2_reg[3]~_Duplicate_1              ; Duplicated      ; Register Packing ; Timing optimization ; Q         ;                ; LayerNorm:LayerNorm|ex_ex2_stage:i_ex_ex2_stage|ex2_reg[3]~_Duplicate_2                                  ; Q                ;                       ;
; LayerNorm:LayerNorm|ex_ex2_stage:i_ex_ex2_stage|ex2_reg[4]                           ; Packed Register ; Register Packing ; Timing optimization ; Q         ;                ; LayerNorm:LayerNorm|preprocess_stage:i_preprocess_stage|lpm_mult:Mult1|mult_irs:auto_generated|mac_mult3 ; DATAA            ;                       ;
; LayerNorm:LayerNorm|ex_ex2_stage:i_ex_ex2_stage|ex2_reg[4]                           ; Duplicated      ; Register Packing ; Timing optimization ; Q         ;                ; LayerNorm:LayerNorm|ex_ex2_stage:i_ex_ex2_stage|ex2_reg[4]~_Duplicate_1                                  ; Q                ;                       ;
; LayerNorm:LayerNorm|ex_ex2_stage:i_ex_ex2_stage|ex2_reg[4]~SCLR_LUT                  ; Created         ; Register Packing ; Timing optimization ;           ;                ;                                                                                                          ;                  ;                       ;
; LayerNorm:LayerNorm|ex_ex2_stage:i_ex_ex2_stage|ex2_reg[4]~_Duplicate_1              ; Packed Register ; Register Packing ; Timing optimization ; Q         ;                ; LayerNorm:LayerNorm|preprocess_stage:i_preprocess_stage|lpm_mult:Mult1|mult_irs:auto_generated|mac_mult1 ; DATAA            ;                       ;
; LayerNorm:LayerNorm|ex_ex2_stage:i_ex_ex2_stage|ex2_reg[4]~_Duplicate_1              ; Duplicated      ; Register Packing ; Timing optimization ; Q         ;                ; LayerNorm:LayerNorm|ex_ex2_stage:i_ex_ex2_stage|ex2_reg[4]~_Duplicate_2                                  ; Q                ;                       ;
; LayerNorm:LayerNorm|ex_ex2_stage:i_ex_ex2_stage|ex2_reg[5]                           ; Packed Register ; Register Packing ; Timing optimization ; Q         ;                ; LayerNorm:LayerNorm|preprocess_stage:i_preprocess_stage|lpm_mult:Mult1|mult_irs:auto_generated|mac_mult3 ; DATAA            ;                       ;
; LayerNorm:LayerNorm|ex_ex2_stage:i_ex_ex2_stage|ex2_reg[5]                           ; Duplicated      ; Register Packing ; Timing optimization ; Q         ;                ; LayerNorm:LayerNorm|ex_ex2_stage:i_ex_ex2_stage|ex2_reg[5]~_Duplicate_1                                  ; Q                ;                       ;
; LayerNorm:LayerNorm|ex_ex2_stage:i_ex_ex2_stage|ex2_reg[5]~SCLR_LUT                  ; Created         ; Register Packing ; Timing optimization ;           ;                ;                                                                                                          ;                  ;                       ;
; LayerNorm:LayerNorm|ex_ex2_stage:i_ex_ex2_stage|ex2_reg[5]~_Duplicate_1              ; Packed Register ; Register Packing ; Timing optimization ; Q         ;                ; LayerNorm:LayerNorm|preprocess_stage:i_preprocess_stage|lpm_mult:Mult1|mult_irs:auto_generated|mac_mult1 ; DATAA            ;                       ;
; LayerNorm:LayerNorm|ex_ex2_stage:i_ex_ex2_stage|ex2_reg[5]~_Duplicate_1              ; Duplicated      ; Register Packing ; Timing optimization ; Q         ;                ; LayerNorm:LayerNorm|ex_ex2_stage:i_ex_ex2_stage|ex2_reg[5]~_Duplicate_2                                  ; Q                ;                       ;
; LayerNorm:LayerNorm|ex_ex2_stage:i_ex_ex2_stage|ex2_reg[6]                           ; Packed Register ; Register Packing ; Timing optimization ; Q         ;                ; LayerNorm:LayerNorm|preprocess_stage:i_preprocess_stage|lpm_mult:Mult1|mult_irs:auto_generated|mac_mult3 ; DATAA            ;                       ;
; LayerNorm:LayerNorm|ex_ex2_stage:i_ex_ex2_stage|ex2_reg[6]                           ; Duplicated      ; Register Packing ; Timing optimization ; Q         ;                ; LayerNorm:LayerNorm|ex_ex2_stage:i_ex_ex2_stage|ex2_reg[6]~_Duplicate_1                                  ; Q                ;                       ;
; LayerNorm:LayerNorm|ex_ex2_stage:i_ex_ex2_stage|ex2_reg[6]~SCLR_LUT                  ; Created         ; Register Packing ; Timing optimization ;           ;                ;                                                                                                          ;                  ;                       ;
; LayerNorm:LayerNorm|ex_ex2_stage:i_ex_ex2_stage|ex2_reg[6]~_Duplicate_1              ; Packed Register ; Register Packing ; Timing optimization ; Q         ;                ; LayerNorm:LayerNorm|preprocess_stage:i_preprocess_stage|lpm_mult:Mult1|mult_irs:auto_generated|mac_mult1 ; DATAA            ;                       ;
; LayerNorm:LayerNorm|ex_ex2_stage:i_ex_ex2_stage|ex2_reg[6]~_Duplicate_1              ; Duplicated      ; Register Packing ; Timing optimization ; Q         ;                ; LayerNorm:LayerNorm|ex_ex2_stage:i_ex_ex2_stage|ex2_reg[6]~_Duplicate_2                                  ; Q                ;                       ;
; LayerNorm:LayerNorm|ex_ex2_stage:i_ex_ex2_stage|ex2_reg[7]                           ; Packed Register ; Register Packing ; Timing optimization ; Q         ;                ; LayerNorm:LayerNorm|preprocess_stage:i_preprocess_stage|lpm_mult:Mult1|mult_irs:auto_generated|mac_mult3 ; DATAA            ;                       ;
; LayerNorm:LayerNorm|ex_ex2_stage:i_ex_ex2_stage|ex2_reg[7]                           ; Duplicated      ; Register Packing ; Timing optimization ; Q         ;                ; LayerNorm:LayerNorm|ex_ex2_stage:i_ex_ex2_stage|ex2_reg[7]~_Duplicate_1                                  ; Q                ;                       ;
; LayerNorm:LayerNorm|ex_ex2_stage:i_ex_ex2_stage|ex2_reg[7]~SCLR_LUT                  ; Created         ; Register Packing ; Timing optimization ;           ;                ;                                                                                                          ;                  ;                       ;
; LayerNorm:LayerNorm|ex_ex2_stage:i_ex_ex2_stage|ex2_reg[7]~_Duplicate_1              ; Packed Register ; Register Packing ; Timing optimization ; Q         ;                ; LayerNorm:LayerNorm|preprocess_stage:i_preprocess_stage|lpm_mult:Mult1|mult_irs:auto_generated|mac_mult1 ; DATAA            ;                       ;
; LayerNorm:LayerNorm|ex_ex2_stage:i_ex_ex2_stage|ex2_reg[7]~_Duplicate_1              ; Duplicated      ; Register Packing ; Timing optimization ; Q         ;                ; LayerNorm:LayerNorm|ex_ex2_stage:i_ex_ex2_stage|ex2_reg[7]~_Duplicate_2                                  ; Q                ;                       ;
; LayerNorm:LayerNorm|ex_ex2_stage:i_ex_ex2_stage|ex2_reg[8]                           ; Packed Register ; Register Packing ; Timing optimization ; Q         ;                ; LayerNorm:LayerNorm|preprocess_stage:i_preprocess_stage|lpm_mult:Mult1|mult_irs:auto_generated|mac_mult3 ; DATAA            ;                       ;
; LayerNorm:LayerNorm|ex_ex2_stage:i_ex_ex2_stage|ex2_reg[8]                           ; Duplicated      ; Register Packing ; Timing optimization ; Q         ;                ; LayerNorm:LayerNorm|ex_ex2_stage:i_ex_ex2_stage|ex2_reg[8]~_Duplicate_1                                  ; Q                ;                       ;
; LayerNorm:LayerNorm|ex_ex2_stage:i_ex_ex2_stage|ex2_reg[8]~SCLR_LUT                  ; Created         ; Register Packing ; Timing optimization ;           ;                ;                                                                                                          ;                  ;                       ;
; LayerNorm:LayerNorm|ex_ex2_stage:i_ex_ex2_stage|ex2_reg[8]~_Duplicate_1              ; Packed Register ; Register Packing ; Timing optimization ; Q         ;                ; LayerNorm:LayerNorm|preprocess_stage:i_preprocess_stage|lpm_mult:Mult1|mult_irs:auto_generated|mac_mult1 ; DATAA            ;                       ;
; LayerNorm:LayerNorm|ex_ex2_stage:i_ex_ex2_stage|ex2_reg[8]~_Duplicate_1              ; Duplicated      ; Register Packing ; Timing optimization ; Q         ;                ; LayerNorm:LayerNorm|ex_ex2_stage:i_ex_ex2_stage|ex2_reg[8]~_Duplicate_2                                  ; Q                ;                       ;
; LayerNorm:LayerNorm|ex_ex2_stage:i_ex_ex2_stage|ex2_reg[9]                           ; Packed Register ; Register Packing ; Timing optimization ; Q         ;                ; LayerNorm:LayerNorm|preprocess_stage:i_preprocess_stage|lpm_mult:Mult1|mult_irs:auto_generated|mac_mult3 ; DATAA            ;                       ;
; LayerNorm:LayerNorm|ex_ex2_stage:i_ex_ex2_stage|ex2_reg[9]                           ; Duplicated      ; Register Packing ; Timing optimization ; Q         ;                ; LayerNorm:LayerNorm|ex_ex2_stage:i_ex_ex2_stage|ex2_reg[9]~_Duplicate_1                                  ; Q                ;                       ;
; LayerNorm:LayerNorm|ex_ex2_stage:i_ex_ex2_stage|ex2_reg[9]~SCLR_LUT                  ; Created         ; Register Packing ; Timing optimization ;           ;                ;                                                                                                          ;                  ;                       ;
; LayerNorm:LayerNorm|ex_ex2_stage:i_ex_ex2_stage|ex2_reg[9]~_Duplicate_1              ; Packed Register ; Register Packing ; Timing optimization ; Q         ;                ; LayerNorm:LayerNorm|preprocess_stage:i_preprocess_stage|lpm_mult:Mult1|mult_irs:auto_generated|mac_mult1 ; DATAA            ;                       ;
; LayerNorm:LayerNorm|ex_ex2_stage:i_ex_ex2_stage|ex2_reg[9]~_Duplicate_1              ; Duplicated      ; Register Packing ; Timing optimization ; Q         ;                ; LayerNorm:LayerNorm|ex_ex2_stage:i_ex_ex2_stage|ex2_reg[9]~_Duplicate_2                                  ; Q                ;                       ;
; LayerNorm:LayerNorm|ex_ex2_stage:i_ex_ex2_stage|ex2_reg[10]                          ; Packed Register ; Register Packing ; Timing optimization ; Q         ;                ; LayerNorm:LayerNorm|preprocess_stage:i_preprocess_stage|lpm_mult:Mult1|mult_irs:auto_generated|mac_mult3 ; DATAA            ;                       ;
; LayerNorm:LayerNorm|ex_ex2_stage:i_ex_ex2_stage|ex2_reg[10]                          ; Duplicated      ; Register Packing ; Timing optimization ; Q         ;                ; LayerNorm:LayerNorm|ex_ex2_stage:i_ex_ex2_stage|ex2_reg[10]~_Duplicate_1                                 ; Q                ;                       ;
; LayerNorm:LayerNorm|ex_ex2_stage:i_ex_ex2_stage|ex2_reg[10]~SCLR_LUT                 ; Created         ; Register Packing ; Timing optimization ;           ;                ;                                                                                                          ;                  ;                       ;
; LayerNorm:LayerNorm|ex_ex2_stage:i_ex_ex2_stage|ex2_reg[10]~_Duplicate_1             ; Packed Register ; Register Packing ; Timing optimization ; Q         ;                ; LayerNorm:LayerNorm|preprocess_stage:i_preprocess_stage|lpm_mult:Mult1|mult_irs:auto_generated|mac_mult1 ; DATAA            ;                       ;
; LayerNorm:LayerNorm|ex_ex2_stage:i_ex_ex2_stage|ex2_reg[10]~_Duplicate_1             ; Duplicated      ; Register Packing ; Timing optimization ; Q         ;                ; LayerNorm:LayerNorm|ex_ex2_stage:i_ex_ex2_stage|ex2_reg[10]~_Duplicate_2                                 ; Q                ;                       ;
; LayerNorm:LayerNorm|ex_ex2_stage:i_ex_ex2_stage|ex2_reg[11]                          ; Packed Register ; Register Packing ; Timing optimization ; Q         ;                ; LayerNorm:LayerNorm|preprocess_stage:i_preprocess_stage|lpm_mult:Mult1|mult_irs:auto_generated|mac_mult3 ; DATAA            ;                       ;
; LayerNorm:LayerNorm|ex_ex2_stage:i_ex_ex2_stage|ex2_reg[11]                          ; Duplicated      ; Register Packing ; Timing optimization ; Q         ;                ; LayerNorm:LayerNorm|ex_ex2_stage:i_ex_ex2_stage|ex2_reg[11]~_Duplicate_1                                 ; Q                ;                       ;
; LayerNorm:LayerNorm|ex_ex2_stage:i_ex_ex2_stage|ex2_reg[11]~SCLR_LUT                 ; Created         ; Register Packing ; Timing optimization ;           ;                ;                                                                                                          ;                  ;                       ;
; LayerNorm:LayerNorm|ex_ex2_stage:i_ex_ex2_stage|ex2_reg[11]~_Duplicate_1             ; Packed Register ; Register Packing ; Timing optimization ; Q         ;                ; LayerNorm:LayerNorm|preprocess_stage:i_preprocess_stage|lpm_mult:Mult1|mult_irs:auto_generated|mac_mult1 ; DATAA            ;                       ;
; LayerNorm:LayerNorm|ex_ex2_stage:i_ex_ex2_stage|ex2_reg[11]~_Duplicate_1             ; Duplicated      ; Register Packing ; Timing optimization ; Q         ;                ; LayerNorm:LayerNorm|ex_ex2_stage:i_ex_ex2_stage|ex2_reg[11]~_Duplicate_2                                 ; Q                ;                       ;
; LayerNorm:LayerNorm|ex_ex2_stage:i_ex_ex2_stage|ex2_reg[12]                          ; Packed Register ; Register Packing ; Timing optimization ; Q         ;                ; LayerNorm:LayerNorm|preprocess_stage:i_preprocess_stage|lpm_mult:Mult1|mult_irs:auto_generated|mac_mult3 ; DATAA            ;                       ;
; LayerNorm:LayerNorm|ex_ex2_stage:i_ex_ex2_stage|ex2_reg[12]                          ; Duplicated      ; Register Packing ; Timing optimization ; Q         ;                ; LayerNorm:LayerNorm|ex_ex2_stage:i_ex_ex2_stage|ex2_reg[12]~_Duplicate_1                                 ; Q                ;                       ;
; LayerNorm:LayerNorm|ex_ex2_stage:i_ex_ex2_stage|ex2_reg[12]~SCLR_LUT                 ; Created         ; Register Packing ; Timing optimization ;           ;                ;                                                                                                          ;                  ;                       ;
; LayerNorm:LayerNorm|ex_ex2_stage:i_ex_ex2_stage|ex2_reg[12]~_Duplicate_1             ; Packed Register ; Register Packing ; Timing optimization ; Q         ;                ; LayerNorm:LayerNorm|preprocess_stage:i_preprocess_stage|lpm_mult:Mult1|mult_irs:auto_generated|mac_mult1 ; DATAA            ;                       ;
; LayerNorm:LayerNorm|ex_ex2_stage:i_ex_ex2_stage|ex2_reg[12]~_Duplicate_1             ; Duplicated      ; Register Packing ; Timing optimization ; Q         ;                ; LayerNorm:LayerNorm|ex_ex2_stage:i_ex_ex2_stage|ex2_reg[12]~_Duplicate_2                                 ; Q                ;                       ;
; LayerNorm:LayerNorm|ex_ex2_stage:i_ex_ex2_stage|ex2_reg[13]                          ; Packed Register ; Register Packing ; Timing optimization ; Q         ;                ; LayerNorm:LayerNorm|preprocess_stage:i_preprocess_stage|lpm_mult:Mult1|mult_irs:auto_generated|mac_mult3 ; DATAA            ;                       ;
; LayerNorm:LayerNorm|ex_ex2_stage:i_ex_ex2_stage|ex2_reg[13]                          ; Duplicated      ; Register Packing ; Timing optimization ; Q         ;                ; LayerNorm:LayerNorm|ex_ex2_stage:i_ex_ex2_stage|ex2_reg[13]~_Duplicate_1                                 ; Q                ;                       ;
; LayerNorm:LayerNorm|ex_ex2_stage:i_ex_ex2_stage|ex2_reg[13]~SCLR_LUT                 ; Created         ; Register Packing ; Timing optimization ;           ;                ;                                                                                                          ;                  ;                       ;
; LayerNorm:LayerNorm|ex_ex2_stage:i_ex_ex2_stage|ex2_reg[13]~_Duplicate_1             ; Packed Register ; Register Packing ; Timing optimization ; Q         ;                ; LayerNorm:LayerNorm|preprocess_stage:i_preprocess_stage|lpm_mult:Mult1|mult_irs:auto_generated|mac_mult1 ; DATAA            ;                       ;
; LayerNorm:LayerNorm|ex_ex2_stage:i_ex_ex2_stage|ex2_reg[13]~_Duplicate_1             ; Duplicated      ; Register Packing ; Timing optimization ; Q         ;                ; LayerNorm:LayerNorm|ex_ex2_stage:i_ex_ex2_stage|ex2_reg[13]~_Duplicate_2                                 ; Q                ;                       ;
; LayerNorm:LayerNorm|ex_ex2_stage:i_ex_ex2_stage|ex2_reg[14]                          ; Packed Register ; Register Packing ; Timing optimization ; Q         ;                ; LayerNorm:LayerNorm|preprocess_stage:i_preprocess_stage|lpm_mult:Mult1|mult_irs:auto_generated|mac_mult3 ; DATAA            ;                       ;
; LayerNorm:LayerNorm|ex_ex2_stage:i_ex_ex2_stage|ex2_reg[14]                          ; Duplicated      ; Register Packing ; Timing optimization ; Q         ;                ; LayerNorm:LayerNorm|ex_ex2_stage:i_ex_ex2_stage|ex2_reg[14]~_Duplicate_1                                 ; Q                ;                       ;
; LayerNorm:LayerNorm|ex_ex2_stage:i_ex_ex2_stage|ex2_reg[14]~SCLR_LUT                 ; Created         ; Register Packing ; Timing optimization ;           ;                ;                                                                                                          ;                  ;                       ;
; LayerNorm:LayerNorm|ex_ex2_stage:i_ex_ex2_stage|ex2_reg[14]~_Duplicate_1             ; Packed Register ; Register Packing ; Timing optimization ; Q         ;                ; LayerNorm:LayerNorm|preprocess_stage:i_preprocess_stage|lpm_mult:Mult1|mult_irs:auto_generated|mac_mult1 ; DATAA            ;                       ;
; LayerNorm:LayerNorm|ex_ex2_stage:i_ex_ex2_stage|ex2_reg[14]~_Duplicate_1             ; Duplicated      ; Register Packing ; Timing optimization ; Q         ;                ; LayerNorm:LayerNorm|ex_ex2_stage:i_ex_ex2_stage|ex2_reg[14]~_Duplicate_2                                 ; Q                ;                       ;
; LayerNorm:LayerNorm|ex_ex2_stage:i_ex_ex2_stage|ex2_reg[15]                          ; Packed Register ; Register Packing ; Timing optimization ; Q         ;                ; LayerNorm:LayerNorm|preprocess_stage:i_preprocess_stage|lpm_mult:Mult1|mult_irs:auto_generated|mac_mult3 ; DATAA            ;                       ;
; LayerNorm:LayerNorm|ex_ex2_stage:i_ex_ex2_stage|ex2_reg[15]                          ; Duplicated      ; Register Packing ; Timing optimization ; Q         ;                ; LayerNorm:LayerNorm|ex_ex2_stage:i_ex_ex2_stage|ex2_reg[15]~_Duplicate_1                                 ; Q                ;                       ;
; LayerNorm:LayerNorm|ex_ex2_stage:i_ex_ex2_stage|ex2_reg[15]~SCLR_LUT                 ; Created         ; Register Packing ; Timing optimization ;           ;                ;                                                                                                          ;                  ;                       ;
; LayerNorm:LayerNorm|ex_ex2_stage:i_ex_ex2_stage|ex2_reg[15]~_Duplicate_1             ; Packed Register ; Register Packing ; Timing optimization ; Q         ;                ; LayerNorm:LayerNorm|preprocess_stage:i_preprocess_stage|lpm_mult:Mult1|mult_irs:auto_generated|mac_mult1 ; DATAA            ;                       ;
; LayerNorm:LayerNorm|ex_ex2_stage:i_ex_ex2_stage|ex2_reg[15]~_Duplicate_1             ; Duplicated      ; Register Packing ; Timing optimization ; Q         ;                ; LayerNorm:LayerNorm|ex_ex2_stage:i_ex_ex2_stage|ex2_reg[15]~_Duplicate_2                                 ; Q                ;                       ;
; LayerNorm:LayerNorm|ex_ex2_stage:i_ex_ex2_stage|ex2_reg[16]                          ; Packed Register ; Register Packing ; Timing optimization ; Q         ;                ; LayerNorm:LayerNorm|preprocess_stage:i_preprocess_stage|lpm_mult:Mult1|mult_irs:auto_generated|mac_mult3 ; DATAA            ;                       ;
; LayerNorm:LayerNorm|ex_ex2_stage:i_ex_ex2_stage|ex2_reg[16]                          ; Duplicated      ; Register Packing ; Timing optimization ; Q         ;                ; LayerNorm:LayerNorm|ex_ex2_stage:i_ex_ex2_stage|ex2_reg[16]~_Duplicate_1                                 ; Q                ;                       ;
; LayerNorm:LayerNorm|ex_ex2_stage:i_ex_ex2_stage|ex2_reg[16]~SCLR_LUT                 ; Created         ; Register Packing ; Timing optimization ;           ;                ;                                                                                                          ;                  ;                       ;
; LayerNorm:LayerNorm|ex_ex2_stage:i_ex_ex2_stage|ex2_reg[16]~_Duplicate_1             ; Packed Register ; Register Packing ; Timing optimization ; Q         ;                ; LayerNorm:LayerNorm|preprocess_stage:i_preprocess_stage|lpm_mult:Mult1|mult_irs:auto_generated|mac_mult1 ; DATAA            ;                       ;
; LayerNorm:LayerNorm|ex_ex2_stage:i_ex_ex2_stage|ex2_reg[16]~_Duplicate_1             ; Duplicated      ; Register Packing ; Timing optimization ; Q         ;                ; LayerNorm:LayerNorm|ex_ex2_stage:i_ex_ex2_stage|ex2_reg[16]~_Duplicate_2                                 ; Q                ;                       ;
; LayerNorm:LayerNorm|ex_ex2_stage:i_ex_ex2_stage|ex2_reg[17]                          ; Packed Register ; Register Packing ; Timing optimization ; Q         ;                ; LayerNorm:LayerNorm|preprocess_stage:i_preprocess_stage|lpm_mult:Mult1|mult_irs:auto_generated|mac_mult3 ; DATAA            ;                       ;
; LayerNorm:LayerNorm|ex_ex2_stage:i_ex_ex2_stage|ex2_reg[17]                          ; Duplicated      ; Register Packing ; Timing optimization ; Q         ;                ; LayerNorm:LayerNorm|ex_ex2_stage:i_ex_ex2_stage|ex2_reg[17]~_Duplicate_1                                 ; Q                ;                       ;
; LayerNorm:LayerNorm|ex_ex2_stage:i_ex_ex2_stage|ex2_reg[17]~SCLR_LUT                 ; Created         ; Register Packing ; Timing optimization ;           ;                ;                                                                                                          ;                  ;                       ;
; LayerNorm:LayerNorm|ex_ex2_stage:i_ex_ex2_stage|ex2_reg[17]~_Duplicate_1             ; Packed Register ; Register Packing ; Timing optimization ; Q         ;                ; LayerNorm:LayerNorm|preprocess_stage:i_preprocess_stage|lpm_mult:Mult1|mult_irs:auto_generated|mac_mult1 ; DATAA            ;                       ;
; LayerNorm:LayerNorm|ex_ex2_stage:i_ex_ex2_stage|ex2_reg[17]~_Duplicate_1             ; Duplicated      ; Register Packing ; Timing optimization ; Q         ;                ; LayerNorm:LayerNorm|ex_ex2_stage:i_ex_ex2_stage|ex2_reg[17]~_Duplicate_2                                 ; Q                ;                       ;
; LayerNorm:LayerNorm|ex_ex2_stage:i_ex_ex2_stage|ex2_reg[18]                          ; Packed Register ; Register Packing ; Timing optimization ; Q         ;                ; LayerNorm:LayerNorm|preprocess_stage:i_preprocess_stage|lpm_mult:Mult1|mult_irs:auto_generated|mac_mult5 ; DATAA            ;                       ;
; LayerNorm:LayerNorm|ex_ex2_stage:i_ex_ex2_stage|ex2_reg[18]                          ; Duplicated      ; Register Packing ; Timing optimization ; Q         ;                ; LayerNorm:LayerNorm|ex_ex2_stage:i_ex_ex2_stage|ex2_reg[18]~_Duplicate_1                                 ; Q                ;                       ;
; LayerNorm:LayerNorm|ex_ex2_stage:i_ex_ex2_stage|ex2_reg[18]~SCLR_LUT                 ; Created         ; Register Packing ; Timing optimization ;           ;                ;                                                                                                          ;                  ;                       ;
; LayerNorm:LayerNorm|ex_ex2_stage:i_ex_ex2_stage|ex2_reg[18]~_Duplicate_1             ; Packed Register ; Register Packing ; Timing optimization ; Q         ;                ; LayerNorm:LayerNorm|preprocess_stage:i_preprocess_stage|lpm_mult:Mult1|mult_irs:auto_generated|mac_mult7 ; DATAA            ;                       ;
; LayerNorm:LayerNorm|ex_ex2_stage:i_ex_ex2_stage|ex2_reg[18]~_Duplicate_1             ; Duplicated      ; Register Packing ; Timing optimization ; Q         ;                ; LayerNorm:LayerNorm|ex_ex2_stage:i_ex_ex2_stage|ex2_reg[18]~_Duplicate_2                                 ; Q                ;                       ;
; LayerNorm:LayerNorm|ex_ex2_stage:i_ex_ex2_stage|ex2_reg[19]                          ; Packed Register ; Register Packing ; Timing optimization ; Q         ;                ; LayerNorm:LayerNorm|preprocess_stage:i_preprocess_stage|lpm_mult:Mult1|mult_irs:auto_generated|mac_mult5 ; DATAA            ;                       ;
; LayerNorm:LayerNorm|ex_ex2_stage:i_ex_ex2_stage|ex2_reg[19]                          ; Duplicated      ; Register Packing ; Timing optimization ; Q         ;                ; LayerNorm:LayerNorm|ex_ex2_stage:i_ex_ex2_stage|ex2_reg[19]~_Duplicate_1                                 ; Q                ;                       ;
; LayerNorm:LayerNorm|ex_ex2_stage:i_ex_ex2_stage|ex2_reg[19]~SCLR_LUT                 ; Created         ; Register Packing ; Timing optimization ;           ;                ;                                                                                                          ;                  ;                       ;
; LayerNorm:LayerNorm|ex_ex2_stage:i_ex_ex2_stage|ex2_reg[19]~_Duplicate_1             ; Packed Register ; Register Packing ; Timing optimization ; Q         ;                ; LayerNorm:LayerNorm|preprocess_stage:i_preprocess_stage|lpm_mult:Mult1|mult_irs:auto_generated|mac_mult7 ; DATAA            ;                       ;
; LayerNorm:LayerNorm|ex_ex2_stage:i_ex_ex2_stage|ex2_reg[19]~_Duplicate_1             ; Duplicated      ; Register Packing ; Timing optimization ; Q         ;                ; LayerNorm:LayerNorm|ex_ex2_stage:i_ex_ex2_stage|ex2_reg[19]~_Duplicate_2                                 ; Q                ;                       ;
; LayerNorm:LayerNorm|ex_ex2_stage:i_ex_ex2_stage|ex2_reg[20]                          ; Packed Register ; Register Packing ; Timing optimization ; Q         ;                ; LayerNorm:LayerNorm|preprocess_stage:i_preprocess_stage|lpm_mult:Mult1|mult_irs:auto_generated|mac_mult5 ; DATAA            ;                       ;
; LayerNorm:LayerNorm|ex_ex2_stage:i_ex_ex2_stage|ex2_reg[20]                          ; Duplicated      ; Register Packing ; Timing optimization ; Q         ;                ; LayerNorm:LayerNorm|ex_ex2_stage:i_ex_ex2_stage|ex2_reg[20]~_Duplicate_1                                 ; Q                ;                       ;
; LayerNorm:LayerNorm|ex_ex2_stage:i_ex_ex2_stage|ex2_reg[20]~SCLR_LUT                 ; Created         ; Register Packing ; Timing optimization ;           ;                ;                                                                                                          ;                  ;                       ;
; LayerNorm:LayerNorm|ex_ex2_stage:i_ex_ex2_stage|ex2_reg[20]~_Duplicate_1             ; Packed Register ; Register Packing ; Timing optimization ; Q         ;                ; LayerNorm:LayerNorm|preprocess_stage:i_preprocess_stage|lpm_mult:Mult1|mult_irs:auto_generated|mac_mult7 ; DATAA            ;                       ;
; LayerNorm:LayerNorm|ex_ex2_stage:i_ex_ex2_stage|ex2_reg[20]~_Duplicate_1             ; Duplicated      ; Register Packing ; Timing optimization ; Q         ;                ; LayerNorm:LayerNorm|ex_ex2_stage:i_ex_ex2_stage|ex2_reg[20]~_Duplicate_2                                 ; Q                ;                       ;
; LayerNorm:LayerNorm|ex_ex2_stage:i_ex_ex2_stage|ex2_reg[21]                          ; Packed Register ; Register Packing ; Timing optimization ; Q         ;                ; LayerNorm:LayerNorm|preprocess_stage:i_preprocess_stage|lpm_mult:Mult1|mult_irs:auto_generated|mac_mult5 ; DATAA            ;                       ;
; LayerNorm:LayerNorm|ex_ex2_stage:i_ex_ex2_stage|ex2_reg[21]                          ; Duplicated      ; Register Packing ; Timing optimization ; Q         ;                ; LayerNorm:LayerNorm|ex_ex2_stage:i_ex_ex2_stage|ex2_reg[21]~_Duplicate_1                                 ; Q                ;                       ;
; LayerNorm:LayerNorm|ex_ex2_stage:i_ex_ex2_stage|ex2_reg[21]~SCLR_LUT                 ; Created         ; Register Packing ; Timing optimization ;           ;                ;                                                                                                          ;                  ;                       ;
; LayerNorm:LayerNorm|ex_ex2_stage:i_ex_ex2_stage|ex2_reg[21]~_Duplicate_1             ; Packed Register ; Register Packing ; Timing optimization ; Q         ;                ; LayerNorm:LayerNorm|preprocess_stage:i_preprocess_stage|lpm_mult:Mult1|mult_irs:auto_generated|mac_mult7 ; DATAA            ;                       ;
; LayerNorm:LayerNorm|ex_ex2_stage:i_ex_ex2_stage|ex2_reg[21]~_Duplicate_1             ; Duplicated      ; Register Packing ; Timing optimization ; Q         ;                ; LayerNorm:LayerNorm|ex_ex2_stage:i_ex_ex2_stage|ex2_reg[21]~_Duplicate_2                                 ; Q                ;                       ;
; LayerNorm:LayerNorm|ex_ex2_stage:i_ex_ex2_stage|ex2_reg[22]                          ; Packed Register ; Register Packing ; Timing optimization ; Q         ;                ; LayerNorm:LayerNorm|preprocess_stage:i_preprocess_stage|lpm_mult:Mult1|mult_irs:auto_generated|mac_mult5 ; DATAA            ;                       ;
; LayerNorm:LayerNorm|ex_ex2_stage:i_ex_ex2_stage|ex2_reg[22]                          ; Duplicated      ; Register Packing ; Timing optimization ; Q         ;                ; LayerNorm:LayerNorm|ex_ex2_stage:i_ex_ex2_stage|ex2_reg[22]~_Duplicate_1                                 ; Q                ;                       ;
; LayerNorm:LayerNorm|ex_ex2_stage:i_ex_ex2_stage|ex2_reg[22]~SCLR_LUT                 ; Created         ; Register Packing ; Timing optimization ;           ;                ;                                                                                                          ;                  ;                       ;
; LayerNorm:LayerNorm|ex_ex2_stage:i_ex_ex2_stage|ex2_reg[22]~_Duplicate_1             ; Packed Register ; Register Packing ; Timing optimization ; Q         ;                ; LayerNorm:LayerNorm|preprocess_stage:i_preprocess_stage|lpm_mult:Mult1|mult_irs:auto_generated|mac_mult7 ; DATAA            ;                       ;
; LayerNorm:LayerNorm|ex_ex2_stage:i_ex_ex2_stage|ex2_reg[22]~_Duplicate_1             ; Duplicated      ; Register Packing ; Timing optimization ; Q         ;                ; LayerNorm:LayerNorm|ex_ex2_stage:i_ex_ex2_stage|ex2_reg[22]~_Duplicate_2                                 ; Q                ;                       ;
; LayerNorm:LayerNorm|ex_ex2_stage:i_ex_ex2_stage|ex2_reg[23]                          ; Packed Register ; Register Packing ; Timing optimization ; Q         ;                ; LayerNorm:LayerNorm|preprocess_stage:i_preprocess_stage|lpm_mult:Mult1|mult_irs:auto_generated|mac_mult5 ; DATAA            ;                       ;
; LayerNorm:LayerNorm|ex_ex2_stage:i_ex_ex2_stage|ex2_reg[23]                          ; Duplicated      ; Register Packing ; Timing optimization ; Q         ;                ; LayerNorm:LayerNorm|ex_ex2_stage:i_ex_ex2_stage|ex2_reg[23]~_Duplicate_1                                 ; Q                ;                       ;
; LayerNorm:LayerNorm|ex_ex2_stage:i_ex_ex2_stage|ex2_reg[23]~SCLR_LUT                 ; Created         ; Register Packing ; Timing optimization ;           ;                ;                                                                                                          ;                  ;                       ;
; LayerNorm:LayerNorm|ex_ex2_stage:i_ex_ex2_stage|ex2_reg[23]~_Duplicate_1             ; Packed Register ; Register Packing ; Timing optimization ; Q         ;                ; LayerNorm:LayerNorm|preprocess_stage:i_preprocess_stage|lpm_mult:Mult1|mult_irs:auto_generated|mac_mult7 ; DATAA            ;                       ;
; LayerNorm:LayerNorm|ex_ex2_stage:i_ex_ex2_stage|ex2_reg[23]~_Duplicate_1             ; Duplicated      ; Register Packing ; Timing optimization ; Q         ;                ; LayerNorm:LayerNorm|ex_ex2_stage:i_ex_ex2_stage|ex2_reg[23]~_Duplicate_2                                 ; Q                ;                       ;
; LayerNorm:LayerNorm|ex_ex2_stage:i_ex_ex2_stage|ex2_reg[24]                          ; Packed Register ; Register Packing ; Timing optimization ; Q         ;                ; LayerNorm:LayerNorm|preprocess_stage:i_preprocess_stage|lpm_mult:Mult1|mult_irs:auto_generated|mac_mult5 ; DATAA            ;                       ;
; LayerNorm:LayerNorm|ex_ex2_stage:i_ex_ex2_stage|ex2_reg[24]                          ; Duplicated      ; Register Packing ; Timing optimization ; Q         ;                ; LayerNorm:LayerNorm|ex_ex2_stage:i_ex_ex2_stage|ex2_reg[24]~_Duplicate_1                                 ; Q                ;                       ;
; LayerNorm:LayerNorm|ex_ex2_stage:i_ex_ex2_stage|ex2_reg[24]~SCLR_LUT                 ; Created         ; Register Packing ; Timing optimization ;           ;                ;                                                                                                          ;                  ;                       ;
; LayerNorm:LayerNorm|ex_ex2_stage:i_ex_ex2_stage|ex2_reg[24]~_Duplicate_1             ; Packed Register ; Register Packing ; Timing optimization ; Q         ;                ; LayerNorm:LayerNorm|preprocess_stage:i_preprocess_stage|lpm_mult:Mult1|mult_irs:auto_generated|mac_mult7 ; DATAA            ;                       ;
; LayerNorm:LayerNorm|ex_ex2_stage:i_ex_ex2_stage|ex2_reg[24]~_Duplicate_1             ; Duplicated      ; Register Packing ; Timing optimization ; Q         ;                ; LayerNorm:LayerNorm|ex_ex2_stage:i_ex_ex2_stage|ex2_reg[24]~_Duplicate_2                                 ; Q                ;                       ;
; LayerNorm:LayerNorm|ex_ex2_stage:i_ex_ex2_stage|ex2_reg[25]                          ; Packed Register ; Register Packing ; Timing optimization ; Q         ;                ; LayerNorm:LayerNorm|preprocess_stage:i_preprocess_stage|lpm_mult:Mult1|mult_irs:auto_generated|mac_mult5 ; DATAA            ;                       ;
; LayerNorm:LayerNorm|ex_ex2_stage:i_ex_ex2_stage|ex2_reg[25]                          ; Duplicated      ; Register Packing ; Timing optimization ; Q         ;                ; LayerNorm:LayerNorm|ex_ex2_stage:i_ex_ex2_stage|ex2_reg[25]~_Duplicate_1                                 ; Q                ;                       ;
; LayerNorm:LayerNorm|ex_ex2_stage:i_ex_ex2_stage|ex2_reg[25]~SCLR_LUT                 ; Created         ; Register Packing ; Timing optimization ;           ;                ;                                                                                                          ;                  ;                       ;
; LayerNorm:LayerNorm|ex_ex2_stage:i_ex_ex2_stage|ex2_reg[25]~_Duplicate_1             ; Packed Register ; Register Packing ; Timing optimization ; Q         ;                ; LayerNorm:LayerNorm|preprocess_stage:i_preprocess_stage|lpm_mult:Mult1|mult_irs:auto_generated|mac_mult7 ; DATAA            ;                       ;
; LayerNorm:LayerNorm|ex_ex2_stage:i_ex_ex2_stage|ex2_reg[25]~_Duplicate_1             ; Duplicated      ; Register Packing ; Timing optimization ; Q         ;                ; LayerNorm:LayerNorm|ex_ex2_stage:i_ex_ex2_stage|ex2_reg[25]~_Duplicate_2                                 ; Q                ;                       ;
; LayerNorm:LayerNorm|ex_ex2_stage:i_ex_ex2_stage|ex2_reg[26]                          ; Packed Register ; Register Packing ; Timing optimization ; Q         ;                ; LayerNorm:LayerNorm|preprocess_stage:i_preprocess_stage|lpm_mult:Mult1|mult_irs:auto_generated|mac_mult5 ; DATAA            ;                       ;
; LayerNorm:LayerNorm|ex_ex2_stage:i_ex_ex2_stage|ex2_reg[26]                          ; Duplicated      ; Register Packing ; Timing optimization ; Q         ;                ; LayerNorm:LayerNorm|ex_ex2_stage:i_ex_ex2_stage|ex2_reg[26]~_Duplicate_1                                 ; Q                ;                       ;
; LayerNorm:LayerNorm|ex_ex2_stage:i_ex_ex2_stage|ex2_reg[26]~SCLR_LUT                 ; Created         ; Register Packing ; Timing optimization ;           ;                ;                                                                                                          ;                  ;                       ;
; LayerNorm:LayerNorm|ex_ex2_stage:i_ex_ex2_stage|ex2_reg[26]~_Duplicate_1             ; Packed Register ; Register Packing ; Timing optimization ; Q         ;                ; LayerNorm:LayerNorm|preprocess_stage:i_preprocess_stage|lpm_mult:Mult1|mult_irs:auto_generated|mac_mult7 ; DATAA            ;                       ;
; LayerNorm:LayerNorm|ex_ex2_stage:i_ex_ex2_stage|ex2_reg[26]~_Duplicate_1             ; Duplicated      ; Register Packing ; Timing optimization ; Q         ;                ; LayerNorm:LayerNorm|ex_ex2_stage:i_ex_ex2_stage|ex2_reg[26]~_Duplicate_2                                 ; Q                ;                       ;
; LayerNorm:LayerNorm|ex_ex2_stage:i_ex_ex2_stage|ex2_reg[27]                          ; Packed Register ; Register Packing ; Timing optimization ; Q         ;                ; LayerNorm:LayerNorm|preprocess_stage:i_preprocess_stage|lpm_mult:Mult1|mult_irs:auto_generated|mac_mult5 ; DATAA            ;                       ;
; LayerNorm:LayerNorm|ex_ex2_stage:i_ex_ex2_stage|ex2_reg[27]                          ; Duplicated      ; Register Packing ; Timing optimization ; Q         ;                ; LayerNorm:LayerNorm|ex_ex2_stage:i_ex_ex2_stage|ex2_reg[27]~_Duplicate_1                                 ; Q                ;                       ;
; LayerNorm:LayerNorm|ex_ex2_stage:i_ex_ex2_stage|ex2_reg[27]~SCLR_LUT                 ; Created         ; Register Packing ; Timing optimization ;           ;                ;                                                                                                          ;                  ;                       ;
; LayerNorm:LayerNorm|ex_ex2_stage:i_ex_ex2_stage|ex2_reg[27]~_Duplicate_1             ; Packed Register ; Register Packing ; Timing optimization ; Q         ;                ; LayerNorm:LayerNorm|preprocess_stage:i_preprocess_stage|lpm_mult:Mult1|mult_irs:auto_generated|mac_mult7 ; DATAA            ;                       ;
; LayerNorm:LayerNorm|ex_ex2_stage:i_ex_ex2_stage|ex2_reg[27]~_Duplicate_1             ; Duplicated      ; Register Packing ; Timing optimization ; Q         ;                ; LayerNorm:LayerNorm|ex_ex2_stage:i_ex_ex2_stage|ex2_reg[27]~_Duplicate_2                                 ; Q                ;                       ;
; LayerNorm:LayerNorm|ex_ex2_stage:i_ex_ex2_stage|ex2_reg[28]                          ; Packed Register ; Register Packing ; Timing optimization ; Q         ;                ; LayerNorm:LayerNorm|preprocess_stage:i_preprocess_stage|lpm_mult:Mult1|mult_irs:auto_generated|mac_mult5 ; DATAA            ;                       ;
; LayerNorm:LayerNorm|ex_ex2_stage:i_ex_ex2_stage|ex2_reg[28]                          ; Duplicated      ; Register Packing ; Timing optimization ; Q         ;                ; LayerNorm:LayerNorm|ex_ex2_stage:i_ex_ex2_stage|ex2_reg[28]~_Duplicate_1                                 ; Q                ;                       ;
; LayerNorm:LayerNorm|ex_ex2_stage:i_ex_ex2_stage|ex2_reg[28]~SCLR_LUT                 ; Created         ; Register Packing ; Timing optimization ;           ;                ;                                                                                                          ;                  ;                       ;
; LayerNorm:LayerNorm|ex_ex2_stage:i_ex_ex2_stage|ex2_reg[28]~_Duplicate_1             ; Packed Register ; Register Packing ; Timing optimization ; Q         ;                ; LayerNorm:LayerNorm|preprocess_stage:i_preprocess_stage|lpm_mult:Mult1|mult_irs:auto_generated|mac_mult7 ; DATAA            ;                       ;
; LayerNorm:LayerNorm|ex_ex2_stage:i_ex_ex2_stage|ex2_reg[28]~_Duplicate_1             ; Duplicated      ; Register Packing ; Timing optimization ; Q         ;                ; LayerNorm:LayerNorm|ex_ex2_stage:i_ex_ex2_stage|ex2_reg[28]~_Duplicate_2                                 ; Q                ;                       ;
; LayerNorm:LayerNorm|ex_ex2_stage:i_ex_ex2_stage|ex2_reg[29]                          ; Packed Register ; Register Packing ; Timing optimization ; Q         ;                ; LayerNorm:LayerNorm|preprocess_stage:i_preprocess_stage|lpm_mult:Mult1|mult_irs:auto_generated|mac_mult5 ; DATAA            ;                       ;
; LayerNorm:LayerNorm|ex_ex2_stage:i_ex_ex2_stage|ex2_reg[29]                          ; Duplicated      ; Register Packing ; Timing optimization ; Q         ;                ; LayerNorm:LayerNorm|ex_ex2_stage:i_ex_ex2_stage|ex2_reg[29]~_Duplicate_1                                 ; Q                ;                       ;
; LayerNorm:LayerNorm|ex_ex2_stage:i_ex_ex2_stage|ex2_reg[29]~SCLR_LUT                 ; Created         ; Register Packing ; Timing optimization ;           ;                ;                                                                                                          ;                  ;                       ;
; LayerNorm:LayerNorm|ex_ex2_stage:i_ex_ex2_stage|ex2_reg[29]~_Duplicate_1             ; Packed Register ; Register Packing ; Timing optimization ; Q         ;                ; LayerNorm:LayerNorm|preprocess_stage:i_preprocess_stage|lpm_mult:Mult1|mult_irs:auto_generated|mac_mult7 ; DATAA            ;                       ;
; LayerNorm:LayerNorm|ex_ex2_stage:i_ex_ex2_stage|ex2_reg[29]~_Duplicate_1             ; Duplicated      ; Register Packing ; Timing optimization ; Q         ;                ; LayerNorm:LayerNorm|ex_ex2_stage:i_ex_ex2_stage|ex2_reg[29]~_Duplicate_2                                 ; Q                ;                       ;
; LayerNorm:LayerNorm|ex_ex2_stage:i_ex_ex2_stage|ex2_reg[30]                          ; Packed Register ; Register Packing ; Timing optimization ; Q         ;                ; LayerNorm:LayerNorm|preprocess_stage:i_preprocess_stage|lpm_mult:Mult1|mult_irs:auto_generated|mac_mult5 ; DATAA            ;                       ;
; LayerNorm:LayerNorm|ex_ex2_stage:i_ex_ex2_stage|ex2_reg[30]                          ; Duplicated      ; Register Packing ; Timing optimization ; Q         ;                ; LayerNorm:LayerNorm|ex_ex2_stage:i_ex_ex2_stage|ex2_reg[30]~_Duplicate_1                                 ; Q                ;                       ;
; LayerNorm:LayerNorm|ex_ex2_stage:i_ex_ex2_stage|ex2_reg[30]~SCLR_LUT                 ; Created         ; Register Packing ; Timing optimization ;           ;                ;                                                                                                          ;                  ;                       ;
; LayerNorm:LayerNorm|ex_ex2_stage:i_ex_ex2_stage|ex2_reg[30]~_Duplicate_1             ; Packed Register ; Register Packing ; Timing optimization ; Q         ;                ; LayerNorm:LayerNorm|preprocess_stage:i_preprocess_stage|lpm_mult:Mult1|mult_irs:auto_generated|mac_mult7 ; DATAA            ;                       ;
; LayerNorm:LayerNorm|ex_ex2_stage:i_ex_ex2_stage|ex2_reg[30]~_Duplicate_1             ; Duplicated      ; Register Packing ; Timing optimization ; Q         ;                ; LayerNorm:LayerNorm|ex_ex2_stage:i_ex_ex2_stage|ex2_reg[30]~_Duplicate_2                                 ; Q                ;                       ;
; LayerNorm:LayerNorm|ex_ex2_stage:i_ex_ex2_stage|ex2_reg[31]                          ; Packed Register ; Register Packing ; Timing optimization ; Q         ;                ; LayerNorm:LayerNorm|preprocess_stage:i_preprocess_stage|lpm_mult:Mult1|mult_irs:auto_generated|mac_mult5 ; DATAA            ;                       ;
; LayerNorm:LayerNorm|ex_ex2_stage:i_ex_ex2_stage|ex2_reg[31]                          ; Duplicated      ; Register Packing ; Timing optimization ; Q         ;                ; LayerNorm:LayerNorm|ex_ex2_stage:i_ex_ex2_stage|ex2_reg[31]~_Duplicate_1                                 ; Q                ;                       ;
; LayerNorm:LayerNorm|ex_ex2_stage:i_ex_ex2_stage|ex2_reg[31]~SCLR_LUT                 ; Created         ; Register Packing ; Timing optimization ;           ;                ;                                                                                                          ;                  ;                       ;
; LayerNorm:LayerNorm|ex_ex2_stage:i_ex_ex2_stage|ex2_reg[31]~_Duplicate_1             ; Packed Register ; Register Packing ; Timing optimization ; Q         ;                ; LayerNorm:LayerNorm|preprocess_stage:i_preprocess_stage|lpm_mult:Mult1|mult_irs:auto_generated|mac_mult7 ; DATAA            ;                       ;
; LayerNorm:LayerNorm|ex_ex2_stage:i_ex_ex2_stage|ex2_reg[31]~_Duplicate_1             ; Duplicated      ; Register Packing ; Timing optimization ; Q         ;                ; LayerNorm:LayerNorm|ex_ex2_stage:i_ex_ex2_stage|ex2_reg[31]~_Duplicate_2                                 ; Q                ;                       ;
; LayerNorm:LayerNorm|preprocess_stage:i_preprocess_stage|mu_comb_reg[0]               ; Packed Register ; Register Packing ; Timing optimization ; Q         ;                ; LayerNorm:LayerNorm|preprocess_stage:i_preprocess_stage|lpm_mult:Mult2|mult_tgs:auto_generated|mac_mult3 ; DATAA            ;                       ;
; LayerNorm:LayerNorm|preprocess_stage:i_preprocess_stage|mu_comb_reg[0]               ; Duplicated      ; Register Packing ; Timing optimization ; Q         ;                ; LayerNorm:LayerNorm|preprocess_stage:i_preprocess_stage|mu_comb_reg[0]~_Duplicate_1                      ; Q                ;                       ;
; LayerNorm:LayerNorm|preprocess_stage:i_preprocess_stage|mu_comb_reg[0]~_Duplicate_1  ; Packed Register ; Register Packing ; Timing optimization ; Q         ;                ; LayerNorm:LayerNorm|preprocess_stage:i_preprocess_stage|lpm_mult:Mult2|mult_tgs:auto_generated|mac_mult5 ; DATAB            ;                       ;
; LayerNorm:LayerNorm|preprocess_stage:i_preprocess_stage|mu_comb_reg[0]~_Duplicate_1  ; Duplicated      ; Register Packing ; Timing optimization ; Q         ;                ; LayerNorm:LayerNorm|preprocess_stage:i_preprocess_stage|mu_comb_reg[0]~_Duplicate_2                      ; Q                ;                       ;
; LayerNorm:LayerNorm|preprocess_stage:i_preprocess_stage|mu_comb_reg[0]~_Duplicate_2  ; Packed Register ; Register Packing ; Timing optimization ; Q         ;                ; LayerNorm:LayerNorm|preprocess_stage:i_preprocess_stage|lpm_mult:Mult2|mult_tgs:auto_generated|mac_mult1 ; DATAA            ;                       ;
; LayerNorm:LayerNorm|preprocess_stage:i_preprocess_stage|mu_comb_reg[0]~_Duplicate_2  ; Duplicated      ; Register Packing ; Timing optimization ; Q         ;                ; LayerNorm:LayerNorm|preprocess_stage:i_preprocess_stage|mu_comb_reg[0]~_Duplicate_3                      ; Q                ;                       ;
; LayerNorm:LayerNorm|preprocess_stage:i_preprocess_stage|mu_comb_reg[0]~_Duplicate_3  ; Packed Register ; Register Packing ; Timing optimization ; Q         ;                ; LayerNorm:LayerNorm|preprocess_stage:i_preprocess_stage|lpm_mult:Mult2|mult_tgs:auto_generated|mac_mult1 ; DATAB            ;                       ;
; LayerNorm:LayerNorm|preprocess_stage:i_preprocess_stage|mu_comb_reg[0]~_Duplicate_3  ; Duplicated      ; Register Packing ; Timing optimization ; Q         ;                ; LayerNorm:LayerNorm|preprocess_stage:i_preprocess_stage|mu_comb_reg[0]~_Duplicate_4                      ; Q                ;                       ;
; LayerNorm:LayerNorm|preprocess_stage:i_preprocess_stage|mu_comb_reg[1]               ; Packed Register ; Register Packing ; Timing optimization ; Q         ;                ; LayerNorm:LayerNorm|preprocess_stage:i_preprocess_stage|lpm_mult:Mult2|mult_tgs:auto_generated|mac_mult3 ; DATAA            ;                       ;
; LayerNorm:LayerNorm|preprocess_stage:i_preprocess_stage|mu_comb_reg[1]               ; Duplicated      ; Register Packing ; Timing optimization ; Q         ;                ; LayerNorm:LayerNorm|preprocess_stage:i_preprocess_stage|mu_comb_reg[1]~_Duplicate_1                      ; Q                ;                       ;
; LayerNorm:LayerNorm|preprocess_stage:i_preprocess_stage|mu_comb_reg[1]~_Duplicate_1  ; Packed Register ; Register Packing ; Timing optimization ; Q         ;                ; LayerNorm:LayerNorm|preprocess_stage:i_preprocess_stage|lpm_mult:Mult2|mult_tgs:auto_generated|mac_mult5 ; DATAB            ;                       ;
; LayerNorm:LayerNorm|preprocess_stage:i_preprocess_stage|mu_comb_reg[1]~_Duplicate_1  ; Duplicated      ; Register Packing ; Timing optimization ; Q         ;                ; LayerNorm:LayerNorm|preprocess_stage:i_preprocess_stage|mu_comb_reg[1]~_Duplicate_2                      ; Q                ;                       ;
; LayerNorm:LayerNorm|preprocess_stage:i_preprocess_stage|mu_comb_reg[1]~_Duplicate_2  ; Packed Register ; Register Packing ; Timing optimization ; Q         ;                ; LayerNorm:LayerNorm|preprocess_stage:i_preprocess_stage|lpm_mult:Mult2|mult_tgs:auto_generated|mac_mult1 ; DATAA            ;                       ;
; LayerNorm:LayerNorm|preprocess_stage:i_preprocess_stage|mu_comb_reg[1]~_Duplicate_2  ; Duplicated      ; Register Packing ; Timing optimization ; Q         ;                ; LayerNorm:LayerNorm|preprocess_stage:i_preprocess_stage|mu_comb_reg[1]~_Duplicate_3                      ; Q                ;                       ;
; LayerNorm:LayerNorm|preprocess_stage:i_preprocess_stage|mu_comb_reg[1]~_Duplicate_3  ; Packed Register ; Register Packing ; Timing optimization ; Q         ;                ; LayerNorm:LayerNorm|preprocess_stage:i_preprocess_stage|lpm_mult:Mult2|mult_tgs:auto_generated|mac_mult1 ; DATAB            ;                       ;
; LayerNorm:LayerNorm|preprocess_stage:i_preprocess_stage|mu_comb_reg[1]~_Duplicate_3  ; Duplicated      ; Register Packing ; Timing optimization ; Q         ;                ; LayerNorm:LayerNorm|preprocess_stage:i_preprocess_stage|mu_comb_reg[1]~_Duplicate_4                      ; Q                ;                       ;
; LayerNorm:LayerNorm|preprocess_stage:i_preprocess_stage|mu_comb_reg[2]               ; Packed Register ; Register Packing ; Timing optimization ; Q         ;                ; LayerNorm:LayerNorm|preprocess_stage:i_preprocess_stage|lpm_mult:Mult2|mult_tgs:auto_generated|mac_mult3 ; DATAA            ;                       ;
; LayerNorm:LayerNorm|preprocess_stage:i_preprocess_stage|mu_comb_reg[2]               ; Duplicated      ; Register Packing ; Timing optimization ; Q         ;                ; LayerNorm:LayerNorm|preprocess_stage:i_preprocess_stage|mu_comb_reg[2]~_Duplicate_1                      ; Q                ;                       ;
; LayerNorm:LayerNorm|preprocess_stage:i_preprocess_stage|mu_comb_reg[2]~_Duplicate_1  ; Packed Register ; Register Packing ; Timing optimization ; Q         ;                ; LayerNorm:LayerNorm|preprocess_stage:i_preprocess_stage|lpm_mult:Mult2|mult_tgs:auto_generated|mac_mult5 ; DATAB            ;                       ;
; LayerNorm:LayerNorm|preprocess_stage:i_preprocess_stage|mu_comb_reg[2]~_Duplicate_1  ; Duplicated      ; Register Packing ; Timing optimization ; Q         ;                ; LayerNorm:LayerNorm|preprocess_stage:i_preprocess_stage|mu_comb_reg[2]~_Duplicate_2                      ; Q                ;                       ;
; LayerNorm:LayerNorm|preprocess_stage:i_preprocess_stage|mu_comb_reg[2]~_Duplicate_2  ; Packed Register ; Register Packing ; Timing optimization ; Q         ;                ; LayerNorm:LayerNorm|preprocess_stage:i_preprocess_stage|lpm_mult:Mult2|mult_tgs:auto_generated|mac_mult1 ; DATAA            ;                       ;
; LayerNorm:LayerNorm|preprocess_stage:i_preprocess_stage|mu_comb_reg[2]~_Duplicate_2  ; Duplicated      ; Register Packing ; Timing optimization ; Q         ;                ; LayerNorm:LayerNorm|preprocess_stage:i_preprocess_stage|mu_comb_reg[2]~_Duplicate_3                      ; Q                ;                       ;
; LayerNorm:LayerNorm|preprocess_stage:i_preprocess_stage|mu_comb_reg[2]~_Duplicate_3  ; Packed Register ; Register Packing ; Timing optimization ; Q         ;                ; LayerNorm:LayerNorm|preprocess_stage:i_preprocess_stage|lpm_mult:Mult2|mult_tgs:auto_generated|mac_mult1 ; DATAB            ;                       ;
; LayerNorm:LayerNorm|preprocess_stage:i_preprocess_stage|mu_comb_reg[2]~_Duplicate_3  ; Duplicated      ; Register Packing ; Timing optimization ; Q         ;                ; LayerNorm:LayerNorm|preprocess_stage:i_preprocess_stage|mu_comb_reg[2]~_Duplicate_4                      ; Q                ;                       ;
; LayerNorm:LayerNorm|preprocess_stage:i_preprocess_stage|mu_comb_reg[3]               ; Packed Register ; Register Packing ; Timing optimization ; Q         ;                ; LayerNorm:LayerNorm|preprocess_stage:i_preprocess_stage|lpm_mult:Mult2|mult_tgs:auto_generated|mac_mult3 ; DATAA            ;                       ;
; LayerNorm:LayerNorm|preprocess_stage:i_preprocess_stage|mu_comb_reg[3]               ; Duplicated      ; Register Packing ; Timing optimization ; Q         ;                ; LayerNorm:LayerNorm|preprocess_stage:i_preprocess_stage|mu_comb_reg[3]~_Duplicate_1                      ; Q                ;                       ;
; LayerNorm:LayerNorm|preprocess_stage:i_preprocess_stage|mu_comb_reg[3]~_Duplicate_1  ; Packed Register ; Register Packing ; Timing optimization ; Q         ;                ; LayerNorm:LayerNorm|preprocess_stage:i_preprocess_stage|lpm_mult:Mult2|mult_tgs:auto_generated|mac_mult5 ; DATAB            ;                       ;
; LayerNorm:LayerNorm|preprocess_stage:i_preprocess_stage|mu_comb_reg[3]~_Duplicate_1  ; Duplicated      ; Register Packing ; Timing optimization ; Q         ;                ; LayerNorm:LayerNorm|preprocess_stage:i_preprocess_stage|mu_comb_reg[3]~_Duplicate_2                      ; Q                ;                       ;
; LayerNorm:LayerNorm|preprocess_stage:i_preprocess_stage|mu_comb_reg[3]~_Duplicate_2  ; Packed Register ; Register Packing ; Timing optimization ; Q         ;                ; LayerNorm:LayerNorm|preprocess_stage:i_preprocess_stage|lpm_mult:Mult2|mult_tgs:auto_generated|mac_mult1 ; DATAA            ;                       ;
; LayerNorm:LayerNorm|preprocess_stage:i_preprocess_stage|mu_comb_reg[3]~_Duplicate_2  ; Duplicated      ; Register Packing ; Timing optimization ; Q         ;                ; LayerNorm:LayerNorm|preprocess_stage:i_preprocess_stage|mu_comb_reg[3]~_Duplicate_3                      ; Q                ;                       ;
; LayerNorm:LayerNorm|preprocess_stage:i_preprocess_stage|mu_comb_reg[3]~_Duplicate_3  ; Packed Register ; Register Packing ; Timing optimization ; Q         ;                ; LayerNorm:LayerNorm|preprocess_stage:i_preprocess_stage|lpm_mult:Mult2|mult_tgs:auto_generated|mac_mult1 ; DATAB            ;                       ;
; LayerNorm:LayerNorm|preprocess_stage:i_preprocess_stage|mu_comb_reg[3]~_Duplicate_3  ; Duplicated      ; Register Packing ; Timing optimization ; Q         ;                ; LayerNorm:LayerNorm|preprocess_stage:i_preprocess_stage|mu_comb_reg[3]~_Duplicate_4                      ; Q                ;                       ;
; LayerNorm:LayerNorm|preprocess_stage:i_preprocess_stage|mu_comb_reg[4]               ; Packed Register ; Register Packing ; Timing optimization ; Q         ;                ; LayerNorm:LayerNorm|preprocess_stage:i_preprocess_stage|lpm_mult:Mult2|mult_tgs:auto_generated|mac_mult3 ; DATAA            ;                       ;
; LayerNorm:LayerNorm|preprocess_stage:i_preprocess_stage|mu_comb_reg[4]               ; Duplicated      ; Register Packing ; Timing optimization ; Q         ;                ; LayerNorm:LayerNorm|preprocess_stage:i_preprocess_stage|mu_comb_reg[4]~_Duplicate_1                      ; Q                ;                       ;
; LayerNorm:LayerNorm|preprocess_stage:i_preprocess_stage|mu_comb_reg[4]~_Duplicate_1  ; Packed Register ; Register Packing ; Timing optimization ; Q         ;                ; LayerNorm:LayerNorm|preprocess_stage:i_preprocess_stage|lpm_mult:Mult2|mult_tgs:auto_generated|mac_mult5 ; DATAB            ;                       ;
; LayerNorm:LayerNorm|preprocess_stage:i_preprocess_stage|mu_comb_reg[4]~_Duplicate_1  ; Duplicated      ; Register Packing ; Timing optimization ; Q         ;                ; LayerNorm:LayerNorm|preprocess_stage:i_preprocess_stage|mu_comb_reg[4]~_Duplicate_2                      ; Q                ;                       ;
; LayerNorm:LayerNorm|preprocess_stage:i_preprocess_stage|mu_comb_reg[4]~_Duplicate_2  ; Packed Register ; Register Packing ; Timing optimization ; Q         ;                ; LayerNorm:LayerNorm|preprocess_stage:i_preprocess_stage|lpm_mult:Mult2|mult_tgs:auto_generated|mac_mult1 ; DATAA            ;                       ;
; LayerNorm:LayerNorm|preprocess_stage:i_preprocess_stage|mu_comb_reg[4]~_Duplicate_2  ; Duplicated      ; Register Packing ; Timing optimization ; Q         ;                ; LayerNorm:LayerNorm|preprocess_stage:i_preprocess_stage|mu_comb_reg[4]~_Duplicate_3                      ; Q                ;                       ;
; LayerNorm:LayerNorm|preprocess_stage:i_preprocess_stage|mu_comb_reg[4]~_Duplicate_3  ; Packed Register ; Register Packing ; Timing optimization ; Q         ;                ; LayerNorm:LayerNorm|preprocess_stage:i_preprocess_stage|lpm_mult:Mult2|mult_tgs:auto_generated|mac_mult1 ; DATAB            ;                       ;
; LayerNorm:LayerNorm|preprocess_stage:i_preprocess_stage|mu_comb_reg[4]~_Duplicate_3  ; Duplicated      ; Register Packing ; Timing optimization ; Q         ;                ; LayerNorm:LayerNorm|preprocess_stage:i_preprocess_stage|mu_comb_reg[4]~_Duplicate_4                      ; Q                ;                       ;
; LayerNorm:LayerNorm|preprocess_stage:i_preprocess_stage|mu_comb_reg[5]               ; Packed Register ; Register Packing ; Timing optimization ; Q         ;                ; LayerNorm:LayerNorm|preprocess_stage:i_preprocess_stage|lpm_mult:Mult2|mult_tgs:auto_generated|mac_mult3 ; DATAA            ;                       ;
; LayerNorm:LayerNorm|preprocess_stage:i_preprocess_stage|mu_comb_reg[5]               ; Duplicated      ; Register Packing ; Timing optimization ; Q         ;                ; LayerNorm:LayerNorm|preprocess_stage:i_preprocess_stage|mu_comb_reg[5]~_Duplicate_1                      ; Q                ;                       ;
; LayerNorm:LayerNorm|preprocess_stage:i_preprocess_stage|mu_comb_reg[5]~_Duplicate_1  ; Packed Register ; Register Packing ; Timing optimization ; Q         ;                ; LayerNorm:LayerNorm|preprocess_stage:i_preprocess_stage|lpm_mult:Mult2|mult_tgs:auto_generated|mac_mult5 ; DATAB            ;                       ;
; LayerNorm:LayerNorm|preprocess_stage:i_preprocess_stage|mu_comb_reg[5]~_Duplicate_1  ; Duplicated      ; Register Packing ; Timing optimization ; Q         ;                ; LayerNorm:LayerNorm|preprocess_stage:i_preprocess_stage|mu_comb_reg[5]~_Duplicate_2                      ; Q                ;                       ;
; LayerNorm:LayerNorm|preprocess_stage:i_preprocess_stage|mu_comb_reg[5]~_Duplicate_2  ; Packed Register ; Register Packing ; Timing optimization ; Q         ;                ; LayerNorm:LayerNorm|preprocess_stage:i_preprocess_stage|lpm_mult:Mult2|mult_tgs:auto_generated|mac_mult1 ; DATAA            ;                       ;
; LayerNorm:LayerNorm|preprocess_stage:i_preprocess_stage|mu_comb_reg[5]~_Duplicate_2  ; Duplicated      ; Register Packing ; Timing optimization ; Q         ;                ; LayerNorm:LayerNorm|preprocess_stage:i_preprocess_stage|mu_comb_reg[5]~_Duplicate_3                      ; Q                ;                       ;
; LayerNorm:LayerNorm|preprocess_stage:i_preprocess_stage|mu_comb_reg[5]~_Duplicate_3  ; Packed Register ; Register Packing ; Timing optimization ; Q         ;                ; LayerNorm:LayerNorm|preprocess_stage:i_preprocess_stage|lpm_mult:Mult2|mult_tgs:auto_generated|mac_mult1 ; DATAB            ;                       ;
; LayerNorm:LayerNorm|preprocess_stage:i_preprocess_stage|mu_comb_reg[5]~_Duplicate_3  ; Duplicated      ; Register Packing ; Timing optimization ; Q         ;                ; LayerNorm:LayerNorm|preprocess_stage:i_preprocess_stage|mu_comb_reg[5]~_Duplicate_4                      ; Q                ;                       ;
; LayerNorm:LayerNorm|preprocess_stage:i_preprocess_stage|mu_comb_reg[6]               ; Packed Register ; Register Packing ; Timing optimization ; Q         ;                ; LayerNorm:LayerNorm|preprocess_stage:i_preprocess_stage|lpm_mult:Mult2|mult_tgs:auto_generated|mac_mult3 ; DATAA            ;                       ;
; LayerNorm:LayerNorm|preprocess_stage:i_preprocess_stage|mu_comb_reg[6]               ; Duplicated      ; Register Packing ; Timing optimization ; Q         ;                ; LayerNorm:LayerNorm|preprocess_stage:i_preprocess_stage|mu_comb_reg[6]~_Duplicate_1                      ; Q                ;                       ;
; LayerNorm:LayerNorm|preprocess_stage:i_preprocess_stage|mu_comb_reg[6]~_Duplicate_1  ; Packed Register ; Register Packing ; Timing optimization ; Q         ;                ; LayerNorm:LayerNorm|preprocess_stage:i_preprocess_stage|lpm_mult:Mult2|mult_tgs:auto_generated|mac_mult5 ; DATAB            ;                       ;
; LayerNorm:LayerNorm|preprocess_stage:i_preprocess_stage|mu_comb_reg[6]~_Duplicate_1  ; Duplicated      ; Register Packing ; Timing optimization ; Q         ;                ; LayerNorm:LayerNorm|preprocess_stage:i_preprocess_stage|mu_comb_reg[6]~_Duplicate_2                      ; Q                ;                       ;
; LayerNorm:LayerNorm|preprocess_stage:i_preprocess_stage|mu_comb_reg[6]~_Duplicate_2  ; Packed Register ; Register Packing ; Timing optimization ; Q         ;                ; LayerNorm:LayerNorm|preprocess_stage:i_preprocess_stage|lpm_mult:Mult2|mult_tgs:auto_generated|mac_mult1 ; DATAA            ;                       ;
; LayerNorm:LayerNorm|preprocess_stage:i_preprocess_stage|mu_comb_reg[6]~_Duplicate_2  ; Duplicated      ; Register Packing ; Timing optimization ; Q         ;                ; LayerNorm:LayerNorm|preprocess_stage:i_preprocess_stage|mu_comb_reg[6]~_Duplicate_3                      ; Q                ;                       ;
; LayerNorm:LayerNorm|preprocess_stage:i_preprocess_stage|mu_comb_reg[6]~_Duplicate_3  ; Packed Register ; Register Packing ; Timing optimization ; Q         ;                ; LayerNorm:LayerNorm|preprocess_stage:i_preprocess_stage|lpm_mult:Mult2|mult_tgs:auto_generated|mac_mult1 ; DATAB            ;                       ;
; LayerNorm:LayerNorm|preprocess_stage:i_preprocess_stage|mu_comb_reg[6]~_Duplicate_3  ; Duplicated      ; Register Packing ; Timing optimization ; Q         ;                ; LayerNorm:LayerNorm|preprocess_stage:i_preprocess_stage|mu_comb_reg[6]~_Duplicate_4                      ; Q                ;                       ;
; LayerNorm:LayerNorm|preprocess_stage:i_preprocess_stage|mu_comb_reg[7]               ; Packed Register ; Register Packing ; Timing optimization ; Q         ;                ; LayerNorm:LayerNorm|preprocess_stage:i_preprocess_stage|lpm_mult:Mult2|mult_tgs:auto_generated|mac_mult3 ; DATAA            ;                       ;
; LayerNorm:LayerNorm|preprocess_stage:i_preprocess_stage|mu_comb_reg[7]               ; Duplicated      ; Register Packing ; Timing optimization ; Q         ;                ; LayerNorm:LayerNorm|preprocess_stage:i_preprocess_stage|mu_comb_reg[7]~_Duplicate_1                      ; Q                ;                       ;
; LayerNorm:LayerNorm|preprocess_stage:i_preprocess_stage|mu_comb_reg[7]~_Duplicate_1  ; Packed Register ; Register Packing ; Timing optimization ; Q         ;                ; LayerNorm:LayerNorm|preprocess_stage:i_preprocess_stage|lpm_mult:Mult2|mult_tgs:auto_generated|mac_mult5 ; DATAB            ;                       ;
; LayerNorm:LayerNorm|preprocess_stage:i_preprocess_stage|mu_comb_reg[7]~_Duplicate_1  ; Duplicated      ; Register Packing ; Timing optimization ; Q         ;                ; LayerNorm:LayerNorm|preprocess_stage:i_preprocess_stage|mu_comb_reg[7]~_Duplicate_2                      ; Q                ;                       ;
; LayerNorm:LayerNorm|preprocess_stage:i_preprocess_stage|mu_comb_reg[7]~_Duplicate_2  ; Packed Register ; Register Packing ; Timing optimization ; Q         ;                ; LayerNorm:LayerNorm|preprocess_stage:i_preprocess_stage|lpm_mult:Mult2|mult_tgs:auto_generated|mac_mult1 ; DATAA            ;                       ;
; LayerNorm:LayerNorm|preprocess_stage:i_preprocess_stage|mu_comb_reg[7]~_Duplicate_2  ; Duplicated      ; Register Packing ; Timing optimization ; Q         ;                ; LayerNorm:LayerNorm|preprocess_stage:i_preprocess_stage|mu_comb_reg[7]~_Duplicate_3                      ; Q                ;                       ;
; LayerNorm:LayerNorm|preprocess_stage:i_preprocess_stage|mu_comb_reg[7]~_Duplicate_3  ; Packed Register ; Register Packing ; Timing optimization ; Q         ;                ; LayerNorm:LayerNorm|preprocess_stage:i_preprocess_stage|lpm_mult:Mult2|mult_tgs:auto_generated|mac_mult1 ; DATAB            ;                       ;
; LayerNorm:LayerNorm|preprocess_stage:i_preprocess_stage|mu_comb_reg[7]~_Duplicate_3  ; Duplicated      ; Register Packing ; Timing optimization ; Q         ;                ; LayerNorm:LayerNorm|preprocess_stage:i_preprocess_stage|mu_comb_reg[7]~_Duplicate_4                      ; Q                ;                       ;
; LayerNorm:LayerNorm|preprocess_stage:i_preprocess_stage|mu_comb_reg[8]               ; Packed Register ; Register Packing ; Timing optimization ; Q         ;                ; LayerNorm:LayerNorm|preprocess_stage:i_preprocess_stage|lpm_mult:Mult2|mult_tgs:auto_generated|mac_mult3 ; DATAA            ;                       ;
; LayerNorm:LayerNorm|preprocess_stage:i_preprocess_stage|mu_comb_reg[8]               ; Duplicated      ; Register Packing ; Timing optimization ; Q         ;                ; LayerNorm:LayerNorm|preprocess_stage:i_preprocess_stage|mu_comb_reg[8]~_Duplicate_1                      ; Q                ;                       ;
; LayerNorm:LayerNorm|preprocess_stage:i_preprocess_stage|mu_comb_reg[8]~_Duplicate_1  ; Packed Register ; Register Packing ; Timing optimization ; Q         ;                ; LayerNorm:LayerNorm|preprocess_stage:i_preprocess_stage|lpm_mult:Mult2|mult_tgs:auto_generated|mac_mult5 ; DATAB            ;                       ;
; LayerNorm:LayerNorm|preprocess_stage:i_preprocess_stage|mu_comb_reg[8]~_Duplicate_1  ; Duplicated      ; Register Packing ; Timing optimization ; Q         ;                ; LayerNorm:LayerNorm|preprocess_stage:i_preprocess_stage|mu_comb_reg[8]~_Duplicate_2                      ; Q                ;                       ;
; LayerNorm:LayerNorm|preprocess_stage:i_preprocess_stage|mu_comb_reg[8]~_Duplicate_2  ; Packed Register ; Register Packing ; Timing optimization ; Q         ;                ; LayerNorm:LayerNorm|preprocess_stage:i_preprocess_stage|lpm_mult:Mult2|mult_tgs:auto_generated|mac_mult1 ; DATAA            ;                       ;
; LayerNorm:LayerNorm|preprocess_stage:i_preprocess_stage|mu_comb_reg[8]~_Duplicate_2  ; Duplicated      ; Register Packing ; Timing optimization ; Q         ;                ; LayerNorm:LayerNorm|preprocess_stage:i_preprocess_stage|mu_comb_reg[8]~_Duplicate_3                      ; Q                ;                       ;
; LayerNorm:LayerNorm|preprocess_stage:i_preprocess_stage|mu_comb_reg[8]~_Duplicate_3  ; Packed Register ; Register Packing ; Timing optimization ; Q         ;                ; LayerNorm:LayerNorm|preprocess_stage:i_preprocess_stage|lpm_mult:Mult2|mult_tgs:auto_generated|mac_mult1 ; DATAB            ;                       ;
; LayerNorm:LayerNorm|preprocess_stage:i_preprocess_stage|mu_comb_reg[8]~_Duplicate_3  ; Duplicated      ; Register Packing ; Timing optimization ; Q         ;                ; LayerNorm:LayerNorm|preprocess_stage:i_preprocess_stage|mu_comb_reg[8]~_Duplicate_4                      ; Q                ;                       ;
; LayerNorm:LayerNorm|preprocess_stage:i_preprocess_stage|mu_comb_reg[9]               ; Packed Register ; Register Packing ; Timing optimization ; Q         ;                ; LayerNorm:LayerNorm|preprocess_stage:i_preprocess_stage|lpm_mult:Mult2|mult_tgs:auto_generated|mac_mult3 ; DATAA            ;                       ;
; LayerNorm:LayerNorm|preprocess_stage:i_preprocess_stage|mu_comb_reg[9]               ; Duplicated      ; Register Packing ; Timing optimization ; Q         ;                ; LayerNorm:LayerNorm|preprocess_stage:i_preprocess_stage|mu_comb_reg[9]~_Duplicate_1                      ; Q                ;                       ;
; LayerNorm:LayerNorm|preprocess_stage:i_preprocess_stage|mu_comb_reg[9]~_Duplicate_1  ; Packed Register ; Register Packing ; Timing optimization ; Q         ;                ; LayerNorm:LayerNorm|preprocess_stage:i_preprocess_stage|lpm_mult:Mult2|mult_tgs:auto_generated|mac_mult5 ; DATAB            ;                       ;
; LayerNorm:LayerNorm|preprocess_stage:i_preprocess_stage|mu_comb_reg[9]~_Duplicate_1  ; Duplicated      ; Register Packing ; Timing optimization ; Q         ;                ; LayerNorm:LayerNorm|preprocess_stage:i_preprocess_stage|mu_comb_reg[9]~_Duplicate_2                      ; Q                ;                       ;
; LayerNorm:LayerNorm|preprocess_stage:i_preprocess_stage|mu_comb_reg[9]~_Duplicate_2  ; Packed Register ; Register Packing ; Timing optimization ; Q         ;                ; LayerNorm:LayerNorm|preprocess_stage:i_preprocess_stage|lpm_mult:Mult2|mult_tgs:auto_generated|mac_mult1 ; DATAA            ;                       ;
; LayerNorm:LayerNorm|preprocess_stage:i_preprocess_stage|mu_comb_reg[9]~_Duplicate_2  ; Duplicated      ; Register Packing ; Timing optimization ; Q         ;                ; LayerNorm:LayerNorm|preprocess_stage:i_preprocess_stage|mu_comb_reg[9]~_Duplicate_3                      ; Q                ;                       ;
; LayerNorm:LayerNorm|preprocess_stage:i_preprocess_stage|mu_comb_reg[9]~_Duplicate_3  ; Packed Register ; Register Packing ; Timing optimization ; Q         ;                ; LayerNorm:LayerNorm|preprocess_stage:i_preprocess_stage|lpm_mult:Mult2|mult_tgs:auto_generated|mac_mult1 ; DATAB            ;                       ;
; LayerNorm:LayerNorm|preprocess_stage:i_preprocess_stage|mu_comb_reg[9]~_Duplicate_3  ; Duplicated      ; Register Packing ; Timing optimization ; Q         ;                ; LayerNorm:LayerNorm|preprocess_stage:i_preprocess_stage|mu_comb_reg[9]~_Duplicate_4                      ; Q                ;                       ;
; LayerNorm:LayerNorm|preprocess_stage:i_preprocess_stage|mu_comb_reg[10]              ; Packed Register ; Register Packing ; Timing optimization ; Q         ;                ; LayerNorm:LayerNorm|preprocess_stage:i_preprocess_stage|lpm_mult:Mult2|mult_tgs:auto_generated|mac_mult3 ; DATAA            ;                       ;
; LayerNorm:LayerNorm|preprocess_stage:i_preprocess_stage|mu_comb_reg[10]              ; Duplicated      ; Register Packing ; Timing optimization ; Q         ;                ; LayerNorm:LayerNorm|preprocess_stage:i_preprocess_stage|mu_comb_reg[10]~_Duplicate_1                     ; Q                ;                       ;
; LayerNorm:LayerNorm|preprocess_stage:i_preprocess_stage|mu_comb_reg[10]~_Duplicate_1 ; Packed Register ; Register Packing ; Timing optimization ; Q         ;                ; LayerNorm:LayerNorm|preprocess_stage:i_preprocess_stage|lpm_mult:Mult2|mult_tgs:auto_generated|mac_mult5 ; DATAB            ;                       ;
; LayerNorm:LayerNorm|preprocess_stage:i_preprocess_stage|mu_comb_reg[10]~_Duplicate_1 ; Duplicated      ; Register Packing ; Timing optimization ; Q         ;                ; LayerNorm:LayerNorm|preprocess_stage:i_preprocess_stage|mu_comb_reg[10]~_Duplicate_2                     ; Q                ;                       ;
; LayerNorm:LayerNorm|preprocess_stage:i_preprocess_stage|mu_comb_reg[10]~_Duplicate_2 ; Packed Register ; Register Packing ; Timing optimization ; Q         ;                ; LayerNorm:LayerNorm|preprocess_stage:i_preprocess_stage|lpm_mult:Mult2|mult_tgs:auto_generated|mac_mult1 ; DATAA            ;                       ;
; LayerNorm:LayerNorm|preprocess_stage:i_preprocess_stage|mu_comb_reg[10]~_Duplicate_2 ; Duplicated      ; Register Packing ; Timing optimization ; Q         ;                ; LayerNorm:LayerNorm|preprocess_stage:i_preprocess_stage|mu_comb_reg[10]~_Duplicate_3                     ; Q                ;                       ;
; LayerNorm:LayerNorm|preprocess_stage:i_preprocess_stage|mu_comb_reg[10]~_Duplicate_3 ; Packed Register ; Register Packing ; Timing optimization ; Q         ;                ; LayerNorm:LayerNorm|preprocess_stage:i_preprocess_stage|lpm_mult:Mult2|mult_tgs:auto_generated|mac_mult1 ; DATAB            ;                       ;
; LayerNorm:LayerNorm|preprocess_stage:i_preprocess_stage|mu_comb_reg[10]~_Duplicate_3 ; Duplicated      ; Register Packing ; Timing optimization ; Q         ;                ; LayerNorm:LayerNorm|preprocess_stage:i_preprocess_stage|mu_comb_reg[10]~_Duplicate_4                     ; Q                ;                       ;
; LayerNorm:LayerNorm|preprocess_stage:i_preprocess_stage|mu_comb_reg[11]              ; Packed Register ; Register Packing ; Timing optimization ; Q         ;                ; LayerNorm:LayerNorm|preprocess_stage:i_preprocess_stage|lpm_mult:Mult2|mult_tgs:auto_generated|mac_mult3 ; DATAA            ;                       ;
; LayerNorm:LayerNorm|preprocess_stage:i_preprocess_stage|mu_comb_reg[11]              ; Duplicated      ; Register Packing ; Timing optimization ; Q         ;                ; LayerNorm:LayerNorm|preprocess_stage:i_preprocess_stage|mu_comb_reg[11]~_Duplicate_1                     ; Q                ;                       ;
; LayerNorm:LayerNorm|preprocess_stage:i_preprocess_stage|mu_comb_reg[11]~_Duplicate_1 ; Packed Register ; Register Packing ; Timing optimization ; Q         ;                ; LayerNorm:LayerNorm|preprocess_stage:i_preprocess_stage|lpm_mult:Mult2|mult_tgs:auto_generated|mac_mult5 ; DATAB            ;                       ;
; LayerNorm:LayerNorm|preprocess_stage:i_preprocess_stage|mu_comb_reg[11]~_Duplicate_1 ; Duplicated      ; Register Packing ; Timing optimization ; Q         ;                ; LayerNorm:LayerNorm|preprocess_stage:i_preprocess_stage|mu_comb_reg[11]~_Duplicate_2                     ; Q                ;                       ;
; LayerNorm:LayerNorm|preprocess_stage:i_preprocess_stage|mu_comb_reg[11]~_Duplicate_2 ; Packed Register ; Register Packing ; Timing optimization ; Q         ;                ; LayerNorm:LayerNorm|preprocess_stage:i_preprocess_stage|lpm_mult:Mult2|mult_tgs:auto_generated|mac_mult1 ; DATAA            ;                       ;
; LayerNorm:LayerNorm|preprocess_stage:i_preprocess_stage|mu_comb_reg[11]~_Duplicate_2 ; Duplicated      ; Register Packing ; Timing optimization ; Q         ;                ; LayerNorm:LayerNorm|preprocess_stage:i_preprocess_stage|mu_comb_reg[11]~_Duplicate_3                     ; Q                ;                       ;
; LayerNorm:LayerNorm|preprocess_stage:i_preprocess_stage|mu_comb_reg[11]~_Duplicate_3 ; Packed Register ; Register Packing ; Timing optimization ; Q         ;                ; LayerNorm:LayerNorm|preprocess_stage:i_preprocess_stage|lpm_mult:Mult2|mult_tgs:auto_generated|mac_mult1 ; DATAB            ;                       ;
; LayerNorm:LayerNorm|preprocess_stage:i_preprocess_stage|mu_comb_reg[11]~_Duplicate_3 ; Duplicated      ; Register Packing ; Timing optimization ; Q         ;                ; LayerNorm:LayerNorm|preprocess_stage:i_preprocess_stage|mu_comb_reg[11]~_Duplicate_4                     ; Q                ;                       ;
; LayerNorm:LayerNorm|preprocess_stage:i_preprocess_stage|mu_comb_reg[12]              ; Packed Register ; Register Packing ; Timing optimization ; Q         ;                ; LayerNorm:LayerNorm|preprocess_stage:i_preprocess_stage|lpm_mult:Mult2|mult_tgs:auto_generated|mac_mult3 ; DATAA            ;                       ;
; LayerNorm:LayerNorm|preprocess_stage:i_preprocess_stage|mu_comb_reg[12]              ; Duplicated      ; Register Packing ; Timing optimization ; Q         ;                ; LayerNorm:LayerNorm|preprocess_stage:i_preprocess_stage|mu_comb_reg[12]~_Duplicate_1                     ; Q                ;                       ;
; LayerNorm:LayerNorm|preprocess_stage:i_preprocess_stage|mu_comb_reg[12]~_Duplicate_1 ; Packed Register ; Register Packing ; Timing optimization ; Q         ;                ; LayerNorm:LayerNorm|preprocess_stage:i_preprocess_stage|lpm_mult:Mult2|mult_tgs:auto_generated|mac_mult5 ; DATAB            ;                       ;
; LayerNorm:LayerNorm|preprocess_stage:i_preprocess_stage|mu_comb_reg[12]~_Duplicate_1 ; Duplicated      ; Register Packing ; Timing optimization ; Q         ;                ; LayerNorm:LayerNorm|preprocess_stage:i_preprocess_stage|mu_comb_reg[12]~_Duplicate_2                     ; Q                ;                       ;
; LayerNorm:LayerNorm|preprocess_stage:i_preprocess_stage|mu_comb_reg[12]~_Duplicate_2 ; Packed Register ; Register Packing ; Timing optimization ; Q         ;                ; LayerNorm:LayerNorm|preprocess_stage:i_preprocess_stage|lpm_mult:Mult2|mult_tgs:auto_generated|mac_mult1 ; DATAA            ;                       ;
; LayerNorm:LayerNorm|preprocess_stage:i_preprocess_stage|mu_comb_reg[12]~_Duplicate_2 ; Duplicated      ; Register Packing ; Timing optimization ; Q         ;                ; LayerNorm:LayerNorm|preprocess_stage:i_preprocess_stage|mu_comb_reg[12]~_Duplicate_3                     ; Q                ;                       ;
; LayerNorm:LayerNorm|preprocess_stage:i_preprocess_stage|mu_comb_reg[12]~_Duplicate_3 ; Packed Register ; Register Packing ; Timing optimization ; Q         ;                ; LayerNorm:LayerNorm|preprocess_stage:i_preprocess_stage|lpm_mult:Mult2|mult_tgs:auto_generated|mac_mult1 ; DATAB            ;                       ;
; LayerNorm:LayerNorm|preprocess_stage:i_preprocess_stage|mu_comb_reg[12]~_Duplicate_3 ; Duplicated      ; Register Packing ; Timing optimization ; Q         ;                ; LayerNorm:LayerNorm|preprocess_stage:i_preprocess_stage|mu_comb_reg[12]~_Duplicate_4                     ; Q                ;                       ;
; LayerNorm:LayerNorm|preprocess_stage:i_preprocess_stage|mu_comb_reg[13]              ; Packed Register ; Register Packing ; Timing optimization ; Q         ;                ; LayerNorm:LayerNorm|preprocess_stage:i_preprocess_stage|lpm_mult:Mult2|mult_tgs:auto_generated|mac_mult3 ; DATAA            ;                       ;
; LayerNorm:LayerNorm|preprocess_stage:i_preprocess_stage|mu_comb_reg[13]              ; Duplicated      ; Register Packing ; Timing optimization ; Q         ;                ; LayerNorm:LayerNorm|preprocess_stage:i_preprocess_stage|mu_comb_reg[13]~_Duplicate_1                     ; Q                ;                       ;
; LayerNorm:LayerNorm|preprocess_stage:i_preprocess_stage|mu_comb_reg[13]~_Duplicate_1 ; Packed Register ; Register Packing ; Timing optimization ; Q         ;                ; LayerNorm:LayerNorm|preprocess_stage:i_preprocess_stage|lpm_mult:Mult2|mult_tgs:auto_generated|mac_mult5 ; DATAB            ;                       ;
; LayerNorm:LayerNorm|preprocess_stage:i_preprocess_stage|mu_comb_reg[13]~_Duplicate_1 ; Duplicated      ; Register Packing ; Timing optimization ; Q         ;                ; LayerNorm:LayerNorm|preprocess_stage:i_preprocess_stage|mu_comb_reg[13]~_Duplicate_2                     ; Q                ;                       ;
; LayerNorm:LayerNorm|preprocess_stage:i_preprocess_stage|mu_comb_reg[13]~_Duplicate_2 ; Packed Register ; Register Packing ; Timing optimization ; Q         ;                ; LayerNorm:LayerNorm|preprocess_stage:i_preprocess_stage|lpm_mult:Mult2|mult_tgs:auto_generated|mac_mult1 ; DATAA            ;                       ;
; LayerNorm:LayerNorm|preprocess_stage:i_preprocess_stage|mu_comb_reg[13]~_Duplicate_2 ; Duplicated      ; Register Packing ; Timing optimization ; Q         ;                ; LayerNorm:LayerNorm|preprocess_stage:i_preprocess_stage|mu_comb_reg[13]~_Duplicate_3                     ; Q                ;                       ;
; LayerNorm:LayerNorm|preprocess_stage:i_preprocess_stage|mu_comb_reg[13]~_Duplicate_3 ; Packed Register ; Register Packing ; Timing optimization ; Q         ;                ; LayerNorm:LayerNorm|preprocess_stage:i_preprocess_stage|lpm_mult:Mult2|mult_tgs:auto_generated|mac_mult1 ; DATAB            ;                       ;
; LayerNorm:LayerNorm|preprocess_stage:i_preprocess_stage|mu_comb_reg[13]~_Duplicate_3 ; Duplicated      ; Register Packing ; Timing optimization ; Q         ;                ; LayerNorm:LayerNorm|preprocess_stage:i_preprocess_stage|mu_comb_reg[13]~_Duplicate_4                     ; Q                ;                       ;
; LayerNorm:LayerNorm|preprocess_stage:i_preprocess_stage|mu_comb_reg[14]              ; Packed Register ; Register Packing ; Timing optimization ; Q         ;                ; LayerNorm:LayerNorm|preprocess_stage:i_preprocess_stage|lpm_mult:Mult2|mult_tgs:auto_generated|mac_mult3 ; DATAA            ;                       ;
; LayerNorm:LayerNorm|preprocess_stage:i_preprocess_stage|mu_comb_reg[14]              ; Duplicated      ; Register Packing ; Timing optimization ; Q         ;                ; LayerNorm:LayerNorm|preprocess_stage:i_preprocess_stage|mu_comb_reg[14]~_Duplicate_1                     ; Q                ;                       ;
; LayerNorm:LayerNorm|preprocess_stage:i_preprocess_stage|mu_comb_reg[14]~_Duplicate_1 ; Packed Register ; Register Packing ; Timing optimization ; Q         ;                ; LayerNorm:LayerNorm|preprocess_stage:i_preprocess_stage|lpm_mult:Mult2|mult_tgs:auto_generated|mac_mult5 ; DATAB            ;                       ;
; LayerNorm:LayerNorm|preprocess_stage:i_preprocess_stage|mu_comb_reg[14]~_Duplicate_1 ; Duplicated      ; Register Packing ; Timing optimization ; Q         ;                ; LayerNorm:LayerNorm|preprocess_stage:i_preprocess_stage|mu_comb_reg[14]~_Duplicate_2                     ; Q                ;                       ;
; LayerNorm:LayerNorm|preprocess_stage:i_preprocess_stage|mu_comb_reg[14]~_Duplicate_2 ; Packed Register ; Register Packing ; Timing optimization ; Q         ;                ; LayerNorm:LayerNorm|preprocess_stage:i_preprocess_stage|lpm_mult:Mult2|mult_tgs:auto_generated|mac_mult1 ; DATAA            ;                       ;
; LayerNorm:LayerNorm|preprocess_stage:i_preprocess_stage|mu_comb_reg[14]~_Duplicate_2 ; Duplicated      ; Register Packing ; Timing optimization ; Q         ;                ; LayerNorm:LayerNorm|preprocess_stage:i_preprocess_stage|mu_comb_reg[14]~_Duplicate_3                     ; Q                ;                       ;
; LayerNorm:LayerNorm|preprocess_stage:i_preprocess_stage|mu_comb_reg[14]~_Duplicate_3 ; Packed Register ; Register Packing ; Timing optimization ; Q         ;                ; LayerNorm:LayerNorm|preprocess_stage:i_preprocess_stage|lpm_mult:Mult2|mult_tgs:auto_generated|mac_mult1 ; DATAB            ;                       ;
; LayerNorm:LayerNorm|preprocess_stage:i_preprocess_stage|mu_comb_reg[14]~_Duplicate_3 ; Duplicated      ; Register Packing ; Timing optimization ; Q         ;                ; LayerNorm:LayerNorm|preprocess_stage:i_preprocess_stage|mu_comb_reg[14]~_Duplicate_4                     ; Q                ;                       ;
; LayerNorm:LayerNorm|preprocess_stage:i_preprocess_stage|mu_comb_reg[15]              ; Packed Register ; Register Packing ; Timing optimization ; Q         ;                ; LayerNorm:LayerNorm|preprocess_stage:i_preprocess_stage|lpm_mult:Mult2|mult_tgs:auto_generated|mac_mult3 ; DATAA            ;                       ;
; LayerNorm:LayerNorm|preprocess_stage:i_preprocess_stage|mu_comb_reg[15]              ; Duplicated      ; Register Packing ; Timing optimization ; Q         ;                ; LayerNorm:LayerNorm|preprocess_stage:i_preprocess_stage|mu_comb_reg[15]~_Duplicate_1                     ; Q                ;                       ;
; LayerNorm:LayerNorm|preprocess_stage:i_preprocess_stage|mu_comb_reg[15]~_Duplicate_1 ; Packed Register ; Register Packing ; Timing optimization ; Q         ;                ; LayerNorm:LayerNorm|preprocess_stage:i_preprocess_stage|lpm_mult:Mult2|mult_tgs:auto_generated|mac_mult5 ; DATAB            ;                       ;
; LayerNorm:LayerNorm|preprocess_stage:i_preprocess_stage|mu_comb_reg[15]~_Duplicate_1 ; Duplicated      ; Register Packing ; Timing optimization ; Q         ;                ; LayerNorm:LayerNorm|preprocess_stage:i_preprocess_stage|mu_comb_reg[15]~_Duplicate_2                     ; Q                ;                       ;
; LayerNorm:LayerNorm|preprocess_stage:i_preprocess_stage|mu_comb_reg[15]~_Duplicate_2 ; Packed Register ; Register Packing ; Timing optimization ; Q         ;                ; LayerNorm:LayerNorm|preprocess_stage:i_preprocess_stage|lpm_mult:Mult2|mult_tgs:auto_generated|mac_mult1 ; DATAA            ;                       ;
; LayerNorm:LayerNorm|preprocess_stage:i_preprocess_stage|mu_comb_reg[15]~_Duplicate_2 ; Duplicated      ; Register Packing ; Timing optimization ; Q         ;                ; LayerNorm:LayerNorm|preprocess_stage:i_preprocess_stage|mu_comb_reg[15]~_Duplicate_3                     ; Q                ;                       ;
; LayerNorm:LayerNorm|preprocess_stage:i_preprocess_stage|mu_comb_reg[15]~_Duplicate_3 ; Packed Register ; Register Packing ; Timing optimization ; Q         ;                ; LayerNorm:LayerNorm|preprocess_stage:i_preprocess_stage|lpm_mult:Mult2|mult_tgs:auto_generated|mac_mult1 ; DATAB            ;                       ;
; LayerNorm:LayerNorm|preprocess_stage:i_preprocess_stage|mu_comb_reg[15]~_Duplicate_3 ; Duplicated      ; Register Packing ; Timing optimization ; Q         ;                ; LayerNorm:LayerNorm|preprocess_stage:i_preprocess_stage|mu_comb_reg[15]~_Duplicate_4                     ; Q                ;                       ;
; LayerNorm:LayerNorm|preprocess_stage:i_preprocess_stage|mu_comb_reg[16]              ; Packed Register ; Register Packing ; Timing optimization ; Q         ;                ; LayerNorm:LayerNorm|preprocess_stage:i_preprocess_stage|lpm_mult:Mult2|mult_tgs:auto_generated|mac_mult3 ; DATAA            ;                       ;
; LayerNorm:LayerNorm|preprocess_stage:i_preprocess_stage|mu_comb_reg[16]              ; Duplicated      ; Register Packing ; Timing optimization ; Q         ;                ; LayerNorm:LayerNorm|preprocess_stage:i_preprocess_stage|mu_comb_reg[16]~_Duplicate_1                     ; Q                ;                       ;
; LayerNorm:LayerNorm|preprocess_stage:i_preprocess_stage|mu_comb_reg[16]~_Duplicate_1 ; Packed Register ; Register Packing ; Timing optimization ; Q         ;                ; LayerNorm:LayerNorm|preprocess_stage:i_preprocess_stage|lpm_mult:Mult2|mult_tgs:auto_generated|mac_mult5 ; DATAB            ;                       ;
; LayerNorm:LayerNorm|preprocess_stage:i_preprocess_stage|mu_comb_reg[16]~_Duplicate_1 ; Duplicated      ; Register Packing ; Timing optimization ; Q         ;                ; LayerNorm:LayerNorm|preprocess_stage:i_preprocess_stage|mu_comb_reg[16]~_Duplicate_2                     ; Q                ;                       ;
; LayerNorm:LayerNorm|preprocess_stage:i_preprocess_stage|mu_comb_reg[16]~_Duplicate_2 ; Packed Register ; Register Packing ; Timing optimization ; Q         ;                ; LayerNorm:LayerNorm|preprocess_stage:i_preprocess_stage|lpm_mult:Mult2|mult_tgs:auto_generated|mac_mult1 ; DATAA            ;                       ;
; LayerNorm:LayerNorm|preprocess_stage:i_preprocess_stage|mu_comb_reg[16]~_Duplicate_2 ; Duplicated      ; Register Packing ; Timing optimization ; Q         ;                ; LayerNorm:LayerNorm|preprocess_stage:i_preprocess_stage|mu_comb_reg[16]~_Duplicate_3                     ; Q                ;                       ;
; LayerNorm:LayerNorm|preprocess_stage:i_preprocess_stage|mu_comb_reg[16]~_Duplicate_3 ; Packed Register ; Register Packing ; Timing optimization ; Q         ;                ; LayerNorm:LayerNorm|preprocess_stage:i_preprocess_stage|lpm_mult:Mult2|mult_tgs:auto_generated|mac_mult1 ; DATAB            ;                       ;
; LayerNorm:LayerNorm|preprocess_stage:i_preprocess_stage|mu_comb_reg[16]~_Duplicate_3 ; Duplicated      ; Register Packing ; Timing optimization ; Q         ;                ; LayerNorm:LayerNorm|preprocess_stage:i_preprocess_stage|mu_comb_reg[16]~_Duplicate_4                     ; Q                ;                       ;
; LayerNorm:LayerNorm|preprocess_stage:i_preprocess_stage|mu_comb_reg[17]              ; Packed Register ; Register Packing ; Timing optimization ; Q         ;                ; LayerNorm:LayerNorm|preprocess_stage:i_preprocess_stage|lpm_mult:Mult2|mult_tgs:auto_generated|mac_mult3 ; DATAA            ;                       ;
; LayerNorm:LayerNorm|preprocess_stage:i_preprocess_stage|mu_comb_reg[17]              ; Duplicated      ; Register Packing ; Timing optimization ; Q         ;                ; LayerNorm:LayerNorm|preprocess_stage:i_preprocess_stage|mu_comb_reg[17]~_Duplicate_1                     ; Q                ;                       ;
; LayerNorm:LayerNorm|preprocess_stage:i_preprocess_stage|mu_comb_reg[17]~_Duplicate_1 ; Packed Register ; Register Packing ; Timing optimization ; Q         ;                ; LayerNorm:LayerNorm|preprocess_stage:i_preprocess_stage|lpm_mult:Mult2|mult_tgs:auto_generated|mac_mult5 ; DATAB            ;                       ;
; LayerNorm:LayerNorm|preprocess_stage:i_preprocess_stage|mu_comb_reg[17]~_Duplicate_1 ; Duplicated      ; Register Packing ; Timing optimization ; Q         ;                ; LayerNorm:LayerNorm|preprocess_stage:i_preprocess_stage|mu_comb_reg[17]~_Duplicate_2                     ; Q                ;                       ;
; LayerNorm:LayerNorm|preprocess_stage:i_preprocess_stage|mu_comb_reg[17]~_Duplicate_2 ; Packed Register ; Register Packing ; Timing optimization ; Q         ;                ; LayerNorm:LayerNorm|preprocess_stage:i_preprocess_stage|lpm_mult:Mult2|mult_tgs:auto_generated|mac_mult1 ; DATAA            ;                       ;
; LayerNorm:LayerNorm|preprocess_stage:i_preprocess_stage|mu_comb_reg[17]~_Duplicate_2 ; Duplicated      ; Register Packing ; Timing optimization ; Q         ;                ; LayerNorm:LayerNorm|preprocess_stage:i_preprocess_stage|mu_comb_reg[17]~_Duplicate_3                     ; Q                ;                       ;
; LayerNorm:LayerNorm|preprocess_stage:i_preprocess_stage|mu_comb_reg[17]~_Duplicate_3 ; Packed Register ; Register Packing ; Timing optimization ; Q         ;                ; LayerNorm:LayerNorm|preprocess_stage:i_preprocess_stage|lpm_mult:Mult2|mult_tgs:auto_generated|mac_mult1 ; DATAB            ;                       ;
; LayerNorm:LayerNorm|preprocess_stage:i_preprocess_stage|mu_comb_reg[17]~_Duplicate_3 ; Duplicated      ; Register Packing ; Timing optimization ; Q         ;                ; LayerNorm:LayerNorm|preprocess_stage:i_preprocess_stage|mu_comb_reg[17]~_Duplicate_4                     ; Q                ;                       ;
; LayerNorm:LayerNorm|preprocess_stage:i_preprocess_stage|mu_comb_reg[18]              ; Packed Register ; Register Packing ; Timing optimization ; Q         ;                ; LayerNorm:LayerNorm|preprocess_stage:i_preprocess_stage|lpm_mult:Mult2|mult_tgs:auto_generated|mac_mult5 ; DATAA            ;                       ;
; LayerNorm:LayerNorm|preprocess_stage:i_preprocess_stage|mu_comb_reg[18]              ; Duplicated      ; Register Packing ; Timing optimization ; Q         ;                ; LayerNorm:LayerNorm|preprocess_stage:i_preprocess_stage|mu_comb_reg[18]~_Duplicate_1                     ; Q                ;                       ;
; LayerNorm:LayerNorm|preprocess_stage:i_preprocess_stage|mu_comb_reg[18]~_Duplicate_1 ; Packed Register ; Register Packing ; Timing optimization ; Q         ;                ; LayerNorm:LayerNorm|preprocess_stage:i_preprocess_stage|lpm_mult:Mult2|mult_tgs:auto_generated|mac_mult3 ; DATAB            ;                       ;
; LayerNorm:LayerNorm|preprocess_stage:i_preprocess_stage|mu_comb_reg[18]~_Duplicate_1 ; Duplicated      ; Register Packing ; Timing optimization ; Q         ;                ; LayerNorm:LayerNorm|preprocess_stage:i_preprocess_stage|mu_comb_reg[18]~_Duplicate_2                     ; Q                ;                       ;
; LayerNorm:LayerNorm|preprocess_stage:i_preprocess_stage|mu_comb_reg[19]              ; Packed Register ; Register Packing ; Timing optimization ; Q         ;                ; LayerNorm:LayerNorm|preprocess_stage:i_preprocess_stage|lpm_mult:Mult2|mult_tgs:auto_generated|mac_mult5 ; DATAA            ;                       ;
; LayerNorm:LayerNorm|preprocess_stage:i_preprocess_stage|mu_comb_reg[19]              ; Duplicated      ; Register Packing ; Timing optimization ; Q         ;                ; LayerNorm:LayerNorm|preprocess_stage:i_preprocess_stage|mu_comb_reg[19]~_Duplicate_1                     ; Q                ;                       ;
; LayerNorm:LayerNorm|preprocess_stage:i_preprocess_stage|mu_comb_reg[19]~_Duplicate_1 ; Packed Register ; Register Packing ; Timing optimization ; Q         ;                ; LayerNorm:LayerNorm|preprocess_stage:i_preprocess_stage|lpm_mult:Mult2|mult_tgs:auto_generated|mac_mult3 ; DATAB            ;                       ;
; LayerNorm:LayerNorm|preprocess_stage:i_preprocess_stage|mu_comb_reg[19]~_Duplicate_1 ; Duplicated      ; Register Packing ; Timing optimization ; Q         ;                ; LayerNorm:LayerNorm|preprocess_stage:i_preprocess_stage|mu_comb_reg[19]~_Duplicate_2                     ; Q                ;                       ;
; LayerNorm:LayerNorm|preprocess_stage:i_preprocess_stage|mu_comb_reg[20]              ; Packed Register ; Register Packing ; Timing optimization ; Q         ;                ; LayerNorm:LayerNorm|preprocess_stage:i_preprocess_stage|lpm_mult:Mult2|mult_tgs:auto_generated|mac_mult5 ; DATAA            ;                       ;
; LayerNorm:LayerNorm|preprocess_stage:i_preprocess_stage|mu_comb_reg[20]              ; Duplicated      ; Register Packing ; Timing optimization ; Q         ;                ; LayerNorm:LayerNorm|preprocess_stage:i_preprocess_stage|mu_comb_reg[20]~_Duplicate_1                     ; Q                ;                       ;
; LayerNorm:LayerNorm|preprocess_stage:i_preprocess_stage|mu_comb_reg[20]~_Duplicate_1 ; Packed Register ; Register Packing ; Timing optimization ; Q         ;                ; LayerNorm:LayerNorm|preprocess_stage:i_preprocess_stage|lpm_mult:Mult2|mult_tgs:auto_generated|mac_mult3 ; DATAB            ;                       ;
; LayerNorm:LayerNorm|preprocess_stage:i_preprocess_stage|mu_comb_reg[20]~_Duplicate_1 ; Duplicated      ; Register Packing ; Timing optimization ; Q         ;                ; LayerNorm:LayerNorm|preprocess_stage:i_preprocess_stage|mu_comb_reg[20]~_Duplicate_2                     ; Q                ;                       ;
; LayerNorm:LayerNorm|preprocess_stage:i_preprocess_stage|mu_comb_reg[21]              ; Packed Register ; Register Packing ; Timing optimization ; Q         ;                ; LayerNorm:LayerNorm|preprocess_stage:i_preprocess_stage|lpm_mult:Mult2|mult_tgs:auto_generated|mac_mult5 ; DATAA            ;                       ;
; LayerNorm:LayerNorm|preprocess_stage:i_preprocess_stage|mu_comb_reg[21]              ; Duplicated      ; Register Packing ; Timing optimization ; Q         ;                ; LayerNorm:LayerNorm|preprocess_stage:i_preprocess_stage|mu_comb_reg[21]~_Duplicate_1                     ; Q                ;                       ;
; LayerNorm:LayerNorm|preprocess_stage:i_preprocess_stage|mu_comb_reg[21]~_Duplicate_1 ; Packed Register ; Register Packing ; Timing optimization ; Q         ;                ; LayerNorm:LayerNorm|preprocess_stage:i_preprocess_stage|lpm_mult:Mult2|mult_tgs:auto_generated|mac_mult3 ; DATAB            ;                       ;
; LayerNorm:LayerNorm|preprocess_stage:i_preprocess_stage|mu_comb_reg[21]~_Duplicate_1 ; Duplicated      ; Register Packing ; Timing optimization ; Q         ;                ; LayerNorm:LayerNorm|preprocess_stage:i_preprocess_stage|mu_comb_reg[21]~_Duplicate_2                     ; Q                ;                       ;
; LayerNorm:LayerNorm|preprocess_stage:i_preprocess_stage|mu_comb_reg[22]              ; Packed Register ; Register Packing ; Timing optimization ; Q         ;                ; LayerNorm:LayerNorm|preprocess_stage:i_preprocess_stage|lpm_mult:Mult2|mult_tgs:auto_generated|mac_mult5 ; DATAA            ;                       ;
; LayerNorm:LayerNorm|preprocess_stage:i_preprocess_stage|mu_comb_reg[22]              ; Duplicated      ; Register Packing ; Timing optimization ; Q         ;                ; LayerNorm:LayerNorm|preprocess_stage:i_preprocess_stage|mu_comb_reg[22]~_Duplicate_1                     ; Q                ;                       ;
; LayerNorm:LayerNorm|preprocess_stage:i_preprocess_stage|mu_comb_reg[22]~_Duplicate_1 ; Packed Register ; Register Packing ; Timing optimization ; Q         ;                ; LayerNorm:LayerNorm|preprocess_stage:i_preprocess_stage|lpm_mult:Mult2|mult_tgs:auto_generated|mac_mult3 ; DATAB            ;                       ;
; LayerNorm:LayerNorm|preprocess_stage:i_preprocess_stage|mu_comb_reg[22]~_Duplicate_1 ; Duplicated      ; Register Packing ; Timing optimization ; Q         ;                ; LayerNorm:LayerNorm|preprocess_stage:i_preprocess_stage|mu_comb_reg[22]~_Duplicate_2                     ; Q                ;                       ;
; LayerNorm:LayerNorm|preprocess_stage:i_preprocess_stage|mu_comb_reg[23]              ; Packed Register ; Register Packing ; Timing optimization ; Q         ;                ; LayerNorm:LayerNorm|preprocess_stage:i_preprocess_stage|lpm_mult:Mult2|mult_tgs:auto_generated|mac_mult5 ; DATAA            ;                       ;
; LayerNorm:LayerNorm|preprocess_stage:i_preprocess_stage|mu_comb_reg[23]              ; Duplicated      ; Register Packing ; Timing optimization ; Q         ;                ; LayerNorm:LayerNorm|preprocess_stage:i_preprocess_stage|mu_comb_reg[23]~_Duplicate_1                     ; Q                ;                       ;
; LayerNorm:LayerNorm|preprocess_stage:i_preprocess_stage|mu_comb_reg[23]~_Duplicate_1 ; Packed Register ; Register Packing ; Timing optimization ; Q         ;                ; LayerNorm:LayerNorm|preprocess_stage:i_preprocess_stage|lpm_mult:Mult2|mult_tgs:auto_generated|mac_mult3 ; DATAB            ;                       ;
; LayerNorm:LayerNorm|preprocess_stage:i_preprocess_stage|mu_comb_reg[23]~_Duplicate_1 ; Duplicated      ; Register Packing ; Timing optimization ; Q         ;                ; LayerNorm:LayerNorm|preprocess_stage:i_preprocess_stage|mu_comb_reg[23]~_Duplicate_2                     ; Q                ;                       ;
; LayerNorm:LayerNorm|preprocess_stage:i_preprocess_stage|mu_comb_reg[24]              ; Packed Register ; Register Packing ; Timing optimization ; Q         ;                ; LayerNorm:LayerNorm|preprocess_stage:i_preprocess_stage|lpm_mult:Mult2|mult_tgs:auto_generated|mac_mult5 ; DATAA            ;                       ;
; LayerNorm:LayerNorm|preprocess_stage:i_preprocess_stage|mu_comb_reg[24]              ; Duplicated      ; Register Packing ; Timing optimization ; Q         ;                ; LayerNorm:LayerNorm|preprocess_stage:i_preprocess_stage|mu_comb_reg[24]~_Duplicate_1                     ; Q                ;                       ;
; LayerNorm:LayerNorm|preprocess_stage:i_preprocess_stage|mu_comb_reg[24]~_Duplicate_1 ; Packed Register ; Register Packing ; Timing optimization ; Q         ;                ; LayerNorm:LayerNorm|preprocess_stage:i_preprocess_stage|lpm_mult:Mult2|mult_tgs:auto_generated|mac_mult3 ; DATAB            ;                       ;
; LayerNorm:LayerNorm|preprocess_stage:i_preprocess_stage|mu_comb_reg[24]~_Duplicate_1 ; Duplicated      ; Register Packing ; Timing optimization ; Q         ;                ; LayerNorm:LayerNorm|preprocess_stage:i_preprocess_stage|mu_comb_reg[24]~_Duplicate_2                     ; Q                ;                       ;
; LayerNorm:LayerNorm|preprocess_stage:i_preprocess_stage|mu_comb_reg[25]              ; Packed Register ; Register Packing ; Timing optimization ; Q         ;                ; LayerNorm:LayerNorm|preprocess_stage:i_preprocess_stage|lpm_mult:Mult2|mult_tgs:auto_generated|mac_mult5 ; DATAA            ;                       ;
; LayerNorm:LayerNorm|preprocess_stage:i_preprocess_stage|mu_comb_reg[25]              ; Duplicated      ; Register Packing ; Timing optimization ; Q         ;                ; LayerNorm:LayerNorm|preprocess_stage:i_preprocess_stage|mu_comb_reg[25]~_Duplicate_1                     ; Q                ;                       ;
; LayerNorm:LayerNorm|preprocess_stage:i_preprocess_stage|mu_comb_reg[25]~_Duplicate_1 ; Packed Register ; Register Packing ; Timing optimization ; Q         ;                ; LayerNorm:LayerNorm|preprocess_stage:i_preprocess_stage|lpm_mult:Mult2|mult_tgs:auto_generated|mac_mult3 ; DATAB            ;                       ;
; LayerNorm:LayerNorm|preprocess_stage:i_preprocess_stage|mu_comb_reg[25]~_Duplicate_1 ; Duplicated      ; Register Packing ; Timing optimization ; Q         ;                ; LayerNorm:LayerNorm|preprocess_stage:i_preprocess_stage|mu_comb_reg[25]~_Duplicate_2                     ; Q                ;                       ;
+--------------------------------------------------------------------------------------+-----------------+------------------+---------------------+-----------+----------------+----------------------------------------------------------------------------------------------------------+------------------+-----------------------+


+---------------------------------------------------------------------------------------------------+
; Incremental Compilation Preservation Summary                                                      ;
+---------------------+---------------------+----------------------------+--------------------------+
; Type                ; Total [A + B]       ; From Design Partitions [A] ; From Rapid Recompile [B] ;
+---------------------+---------------------+----------------------------+--------------------------+
; Placement (by node) ;                     ;                            ;                          ;
;     -- Requested    ; 0.00 % ( 0 / 6837 ) ; 0.00 % ( 0 / 6837 )        ; 0.00 % ( 0 / 6837 )      ;
;     -- Achieved     ; 0.00 % ( 0 / 6837 ) ; 0.00 % ( 0 / 6837 )        ; 0.00 % ( 0 / 6837 )      ;
;                     ;                     ;                            ;                          ;
; Routing (by net)    ;                     ;                            ;                          ;
;     -- Requested    ; 0.00 % ( 0 / 0 )    ; 0.00 % ( 0 / 0 )           ; 0.00 % ( 0 / 0 )         ;
;     -- Achieved     ; 0.00 % ( 0 / 0 )    ; 0.00 % ( 0 / 0 )           ; 0.00 % ( 0 / 0 )         ;
+---------------------+---------------------+----------------------------+--------------------------+


+----------------------------------------------------------------------------------------------------------------------------------------------------------------------------------------+
; Incremental Compilation Partition Settings                                                                                                                                             ;
+--------------------------------+----------------+-------------------+-------------------------+------------------------+------------------------------+--------------------------------+
; Partition Name                 ; Partition Type ; Netlist Type Used ; Preservation Level Used ; Netlist Type Requested ; Preservation Level Requested ; Contents                       ;
+--------------------------------+----------------+-------------------+-------------------------+------------------------+------------------------------+--------------------------------+
; Top                            ; User-created   ; Source File       ; N/A                     ; Source File            ; N/A                          ;                                ;
; hard_block:auto_generated_inst ; Auto-generated ; Source File       ; N/A                     ; Source File            ; N/A                          ; hard_block:auto_generated_inst ;
+--------------------------------+----------------+-------------------+-------------------------+------------------------+------------------------------+--------------------------------+


+------------------------------------------------------------------------------------------------------------------------------------+
; Incremental Compilation Placement Preservation                                                                                     ;
+--------------------------------+-----------------------+-------------------------+-------------------+---------------------+-------+
; Partition Name                 ; Preservation Achieved ; Preservation Level Used ; Netlist Type Used ; Preservation Method ; Notes ;
+--------------------------------+-----------------------+-------------------------+-------------------+---------------------+-------+
; Top                            ; 0.00 % ( 0 / 6821 )   ; N/A                     ; Source File       ; N/A                 ;       ;
; hard_block:auto_generated_inst ; 0.00 % ( 0 / 16 )     ; N/A                     ; Source File       ; N/A                 ;       ;
+--------------------------------+-----------------------+-------------------------+-------------------+---------------------+-------+


+--------------+
; Pin-Out File ;
+--------------+
The pin-out file can be found in /project/tsmc65/users/steinse/ws/my_k5_proj/hw/xlrs/LayerNorm/qsyn_output_files/LayerNorm.pin.


+---------------------------------------------------------------------------+
; Fitter Resource Usage Summary                                             ;
+---------------------------------------------+-----------------------------+
; Resource                                    ; Usage                       ;
+---------------------------------------------+-----------------------------+
; Total logic elements                        ; 4,769 / 49,760 ( 10 % )     ;
;     -- Combinational with no register       ; 2046                        ;
;     -- Register only                        ; 1046                        ;
;     -- Combinational with a register        ; 1677                        ;
;                                             ;                             ;
; Logic element usage by number of LUT inputs ;                             ;
;     -- 4 input functions                    ; 1732                        ;
;     -- 3 input functions                    ; 1485                        ;
;     -- <=2 input functions                  ; 506                         ;
;     -- Register only                        ; 1046                        ;
;                                             ;                             ;
; Logic elements by mode                      ;                             ;
;     -- normal mode                          ; 2672                        ;
;     -- arithmetic mode                      ; 1051                        ;
;                                             ;                             ;
; Total registers*                            ; 2,723 / 51,509 ( 5 % )      ;
;     -- Dedicated logic registers            ; 2,723 / 49,760 ( 5 % )      ;
;     -- I/O registers                        ; 0 / 1,749 ( 0 % )           ;
;                                             ;                             ;
; Total LABs:  partially or completely used   ; 342 / 3,110 ( 11 % )        ;
; Virtual pins                                ; 0                           ;
; I/O pins                                    ; 120 / 360 ( 33 % )          ;
;     -- Clock pins                           ; 5 / 8 ( 63 % )              ;
;     -- Dedicated input pins                 ; 1 / 1 ( 100 % )             ;
;                                             ;                             ;
; M9Ks                                        ; 1 / 182 ( < 1 % )           ;
; UFM blocks                                  ; 0 / 1 ( 0 % )               ;
; ADC blocks                                  ; 0 / 2 ( 0 % )               ;
; Total block memory bits                     ; 96 / 1,677,312 ( < 1 % )    ;
; Total block memory implementation bits      ; 9,216 / 1,677,312 ( < 1 % ) ;
; Embedded Multiplier 9-bit elements          ; 34 / 288 ( 12 % )           ;
; PLLs                                        ; 0 / 4 ( 0 % )               ;
; Global signals                              ; 2                           ;
;     -- Global clocks                        ; 2 / 20 ( 10 % )             ;
; JTAGs                                       ; 0 / 1 ( 0 % )               ;
; CRC blocks                                  ; 0 / 1 ( 0 % )               ;
; Remote update blocks                        ; 0 / 1 ( 0 % )               ;
; Oscillator blocks                           ; 0 / 1 ( 0 % )               ;
; Impedance control blocks                    ; 0 / 1 ( 0 % )               ;
; Average interconnect usage (total/H/V)      ; 3.4% / 3.3% / 3.6%          ;
; Peak interconnect usage (total/H/V)         ; 32.4% / 32.3% / 32.6%       ;
; Maximum fan-out                             ; 2737                        ;
; Highest non-global fan-out                  ; 256                         ;
; Total fan-out                               ; 24146                       ;
; Average fan-out                             ; 3.23                        ;
+---------------------------------------------+-----------------------------+
*  Register count does not include registers inside RAM blocks or DSP blocks.



+------------------------------------------------------------------------------------------------------+
; Fitter Partition Statistics                                                                          ;
+---------------------------------------------+-----------------------+--------------------------------+
; Statistic                                   ; Top                   ; hard_block:auto_generated_inst ;
+---------------------------------------------+-----------------------+--------------------------------+
; Difficulty Clustering Region                ; Low                   ; Low                            ;
;                                             ;                       ;                                ;
; Total logic elements                        ; 4769 / 49760 ( 10 % ) ; 0 / 49760 ( 0 % )              ;
;     -- Combinational with no register       ; 2046                  ; 0                              ;
;     -- Register only                        ; 1046                  ; 0                              ;
;     -- Combinational with a register        ; 1677                  ; 0                              ;
;                                             ;                       ;                                ;
; Logic element usage by number of LUT inputs ;                       ;                                ;
;     -- 4 input functions                    ; 1732                  ; 0                              ;
;     -- 3 input functions                    ; 1485                  ; 0                              ;
;     -- <=2 input functions                  ; 506                   ; 0                              ;
;     -- Register only                        ; 1046                  ; 0                              ;
;                                             ;                       ;                                ;
; Logic elements by mode                      ;                       ;                                ;
;     -- normal mode                          ; 2672                  ; 0                              ;
;     -- arithmetic mode                      ; 1051                  ; 0                              ;
;                                             ;                       ;                                ;
; Total registers                             ; 2723                  ; 0                              ;
;     -- Dedicated logic registers            ; 2723 / 49760 ( 5 % )  ; 0 / 49760 ( 0 % )              ;
;     -- I/O registers                        ; 0                     ; 0                              ;
;                                             ;                       ;                                ;
; Total LABs:  partially or completely used   ; 342 / 3110 ( 11 % )   ; 0 / 3110 ( 0 % )               ;
;                                             ;                       ;                                ;
; Virtual pins                                ; 0                     ; 0                              ;
; I/O pins                                    ; 120                   ; 0                              ;
; Embedded Multiplier 9-bit elements          ; 34 / 288 ( 12 % )     ; 0 / 288 ( 0 % )                ;
; Total memory bits                           ; 96                    ; 0                              ;
; Total RAM block bits                        ; 9216                  ; 0                              ;
; M9K                                         ; 1 / 182 ( < 1 % )     ; 0 / 182 ( 0 % )                ;
; Clock control block                         ; 2 / 24 ( 8 % )        ; 0 / 24 ( 0 % )                 ;
; User Flash Memory                           ; 1 / 1 ( 100 % )       ; 0 / 1 ( 0 % )                  ;
; Analog-to-Digital Converter                 ; 2 / 2 ( 100 % )       ; 0 / 2 ( 0 % )                  ;
;                                             ;                       ;                                ;
; Connections                                 ;                       ;                                ;
;     -- Input Connections                    ; 0                     ; 0                              ;
;     -- Registered Input Connections         ; 0                     ; 0                              ;
;     -- Output Connections                   ; 0                     ; 0                              ;
;     -- Registered Output Connections        ; 0                     ; 0                              ;
;                                             ;                       ;                                ;
; Internal Connections                        ;                       ;                                ;
;     -- Total Connections                    ; 24799                 ; 8                              ;
;     -- Registered Connections               ; 7687                  ; 0                              ;
;                                             ;                       ;                                ;
; External Connections                        ;                       ;                                ;
;     -- Top                                  ; 0                     ; 0                              ;
;     -- hard_block:auto_generated_inst       ; 0                     ; 0                              ;
;                                             ;                       ;                                ;
; Partition Interface                         ;                       ;                                ;
;     -- Input Ports                          ; 63                    ; 0                              ;
;     -- Output Ports                         ; 57                    ; 0                              ;
;     -- Bidir Ports                          ; 0                     ; 0                              ;
;                                             ;                       ;                                ;
; Registered Ports                            ;                       ;                                ;
;     -- Registered Input Ports               ; 0                     ; 0                              ;
;     -- Registered Output Ports              ; 0                     ; 0                              ;
;                                             ;                       ;                                ;
; Port Connectivity                           ;                       ;                                ;
;     -- Input Ports driven by GND            ; 0                     ; 0                              ;
;     -- Output Ports driven by GND           ; 0                     ; 0                              ;
;     -- Input Ports driven by VCC            ; 0                     ; 0                              ;
;     -- Output Ports driven by VCC           ; 0                     ; 0                              ;
;     -- Input Ports with no Source           ; 0                     ; 0                              ;
;     -- Output Ports with no Source          ; 0                     ; 0                              ;
;     -- Input Ports with no Fanout           ; 0                     ; 0                              ;
;     -- Output Ports with no Fanout          ; 0                     ; 0                              ;
+---------------------------------------------+-----------------------+--------------------------------+


+-----------------------------------------------------------------------------------------------------------------------------------------------------------------------------------------------------------------------------------------------------------------------------------------------------------+
; Input Pins                                                                                                                                                                                                                                                                                                ;
+--------------------------+-------+----------+--------------+--------------+--------------+-----------------------+--------------------+--------+----------------+---------------+-----------------+----------+--------------+--------------+---------------------------+----------------------+-----------+
; Name                     ; Pin # ; I/O Bank ; X coordinate ; Y coordinate ; Z coordinate ; Combinational Fan-Out ; Registered Fan-Out ; Global ; Input Register ; Power Up High ; PCI I/O Enabled ; Bus Hold ; Weak Pull Up ; I/O Standard ; Termination Control Block ; Location assigned by ; Slew Rate ;
+--------------------------+-------+----------+--------------+--------------+--------------+-----------------------+--------------------+--------+----------------+---------------+-----------------+----------+--------------+--------------+---------------------------+----------------------+-----------+
; clk                      ; M8    ; 2        ; 0            ; 18           ; 14           ; 2737                  ; 0                  ; yes    ; no             ; no            ; yes             ; no       ; Off          ; 2.5 V        ; --                        ; Fitter               ; 0         ;
; dummy_din[0]             ; C8    ; 8        ; 36           ; 39           ; 28           ; 13                    ; 0                  ; no     ; no             ; no            ; yes             ; no       ; Off          ; 2.5 V        ; --                        ; Fitter               ; 0         ;
; dummy_din[10]            ; E10   ; 8        ; 36           ; 39           ; 21           ; 12                    ; 0                  ; no     ; no             ; no            ; yes             ; no       ; Off          ; 2.5 V        ; --                        ; Fitter               ; 0         ;
; dummy_din[11]            ; U21   ; 5        ; 78           ; 21           ; 21           ; 12                    ; 0                  ; no     ; no             ; no            ; yes             ; no       ; Off          ; 2.5 V        ; --                        ; Fitter               ; 0         ;
; dummy_din[12]            ; H11   ; 8        ; 34           ; 39           ; 14           ; 12                    ; 0                  ; no     ; no             ; no            ; yes             ; no       ; Off          ; 2.5 V        ; --                        ; Fitter               ; 0         ;
; dummy_din[13]            ; A3    ; 8        ; 26           ; 39           ; 7            ; 12                    ; 0                  ; no     ; no             ; no            ; yes             ; no       ; Off          ; 2.5 V        ; --                        ; Fitter               ; 0         ;
; dummy_din[14]            ; A11   ; 7        ; 51           ; 54           ; 7            ; 12                    ; 0                  ; no     ; no             ; no            ; yes             ; no       ; Off          ; 2.5 V        ; --                        ; Fitter               ; 0         ;
; dummy_din[15]            ; C6    ; 8        ; 29           ; 39           ; 7            ; 12                    ; 0                  ; no     ; no             ; no            ; yes             ; no       ; Off          ; 2.5 V        ; --                        ; Fitter               ; 0         ;
; dummy_din[16]            ; D9    ; 8        ; 31           ; 39           ; 7            ; 9                     ; 0                  ; no     ; no             ; no            ; yes             ; no       ; Off          ; 2.5 V        ; --                        ; Fitter               ; 0         ;
; dummy_din[17]            ; C7    ; 8        ; 34           ; 39           ; 0            ; 9                     ; 0                  ; no     ; no             ; no            ; yes             ; no       ; Off          ; 2.5 V        ; --                        ; Fitter               ; 0         ;
; dummy_din[18]            ; B3    ; 8        ; 26           ; 39           ; 14           ; 9                     ; 0                  ; no     ; no             ; no            ; yes             ; no       ; Off          ; 2.5 V        ; --                        ; Fitter               ; 0         ;
; dummy_din[19]            ; N19   ; 6        ; 78           ; 34           ; 14           ; 9                     ; 0                  ; no     ; no             ; no            ; yes             ; no       ; Off          ; 2.5 V        ; --                        ; Fitter               ; 0         ;
; dummy_din[1]             ; A12   ; 7        ; 54           ; 54           ; 21           ; 12                    ; 0                  ; no     ; no             ; no            ; yes             ; no       ; Off          ; 2.5 V        ; --                        ; Fitter               ; 0         ;
; dummy_din[20]            ; J10   ; 8        ; 34           ; 39           ; 7            ; 9                     ; 0                  ; no     ; no             ; no            ; yes             ; no       ; Off          ; 2.5 V        ; --                        ; Fitter               ; 0         ;
; dummy_din[21]            ; H4    ; 1A       ; 0            ; 35           ; 0            ; 9                     ; 0                  ; no     ; no             ; no            ; yes             ; no       ; Off          ; 2.5 V        ; --                        ; Fitter               ; 0         ;
; dummy_din[22]            ; D8    ; 8        ; 31           ; 39           ; 0            ; 9                     ; 0                  ; no     ; no             ; no            ; yes             ; no       ; Off          ; 2.5 V        ; --                        ; Fitter               ; 0         ;
; dummy_din[23]            ; F7    ; 8        ; 24           ; 39           ; 14           ; 9                     ; 0                  ; no     ; no             ; no            ; yes             ; no       ; Off          ; 2.5 V        ; --                        ; Fitter               ; 0         ;
; dummy_din[24]            ; A5    ; 8        ; 31           ; 39           ; 14           ; 9                     ; 0                  ; no     ; no             ; no            ; yes             ; no       ; Off          ; 2.5 V        ; --                        ; Fitter               ; 0         ;
; dummy_din[25]            ; A6    ; 8        ; 34           ; 39           ; 28           ; 9                     ; 0                  ; no     ; no             ; no            ; yes             ; no       ; Off          ; 2.5 V        ; --                        ; Fitter               ; 0         ;
; dummy_din[26]            ; P12   ; 4        ; 40           ; 0            ; 28           ; 9                     ; 0                  ; no     ; no             ; no            ; yes             ; no       ; Off          ; 2.5 V        ; --                        ; Fitter               ; 0         ;
; dummy_din[27]            ; E8    ; 8        ; 24           ; 39           ; 7            ; 9                     ; 0                  ; no     ; no             ; no            ; yes             ; no       ; Off          ; 2.5 V        ; --                        ; Fitter               ; 0         ;
; dummy_din[28]            ; E9    ; 8        ; 29           ; 39           ; 0            ; 9                     ; 0                  ; no     ; no             ; no            ; yes             ; no       ; Off          ; 2.5 V        ; --                        ; Fitter               ; 0         ;
; dummy_din[29]            ; D7    ; 8        ; 29           ; 39           ; 14           ; 9                     ; 0                  ; no     ; no             ; no            ; yes             ; no       ; Off          ; 2.5 V        ; --                        ; Fitter               ; 0         ;
; dummy_din[2]             ; B7    ; 8        ; 34           ; 39           ; 21           ; 12                    ; 0                  ; no     ; no             ; no            ; yes             ; no       ; Off          ; 2.5 V        ; --                        ; Fitter               ; 0         ;
; dummy_din[30]            ; B5    ; 8        ; 26           ; 39           ; 28           ; 9                     ; 0                  ; no     ; no             ; no            ; yes             ; no       ; Off          ; 2.5 V        ; --                        ; Fitter               ; 0         ;
; dummy_din[31]            ; A2    ; 8        ; 26           ; 39           ; 0            ; 9                     ; 0                  ; no     ; no             ; no            ; yes             ; no       ; Off          ; 2.5 V        ; --                        ; Fitter               ; 0         ;
; dummy_din[3]             ; AB19  ; 4        ; 56           ; 0            ; 7            ; 12                    ; 0                  ; no     ; no             ; no            ; yes             ; no       ; Off          ; 2.5 V        ; --                        ; Fitter               ; 0         ;
; dummy_din[4]             ; AB13  ; 4        ; 40           ; 0            ; 14           ; 12                    ; 0                  ; no     ; no             ; no            ; yes             ; no       ; Off          ; 2.5 V        ; --                        ; Fitter               ; 0         ;
; dummy_din[5]             ; A4    ; 8        ; 31           ; 39           ; 21           ; 12                    ; 0                  ; no     ; no             ; no            ; yes             ; no       ; Off          ; 2.5 V        ; --                        ; Fitter               ; 0         ;
; dummy_din[6]             ; B4    ; 8        ; 26           ; 39           ; 21           ; 12                    ; 0                  ; no     ; no             ; no            ; yes             ; no       ; Off          ; 2.5 V        ; --                        ; Fitter               ; 0         ;
; dummy_din[7]             ; D10   ; 8        ; 31           ; 39           ; 28           ; 12                    ; 0                  ; no     ; no             ; no            ; yes             ; no       ; Off          ; 2.5 V        ; --                        ; Fitter               ; 0         ;
; dummy_din[8]             ; E11   ; 8        ; 36           ; 39           ; 14           ; 12                    ; 0                  ; no     ; no             ; no            ; yes             ; no       ; Off          ; 2.5 V        ; --                        ; Fitter               ; 0         ;
; dummy_din[9]             ; K21   ; 6        ; 78           ; 30           ; 14           ; 12                    ; 0                  ; no     ; no             ; no            ; yes             ; no       ; Off          ; 2.5 V        ; --                        ; Fitter               ; 0         ;
; host_regs_read_pulse[0]  ; A21   ; 6        ; 78           ; 44           ; 0            ; 0                     ; 0                  ; no     ; no             ; no            ; yes             ; no       ; Off          ; 2.5 V        ; --                        ; Fitter               ; 0         ;
; host_regs_read_pulse[10] ; T3    ; 2        ; 0            ; 12           ; 14           ; 0                     ; 0                  ; no     ; no             ; no            ; yes             ; no       ; Off          ; 2.5 V        ; --                        ; Fitter               ; 0         ;
; host_regs_read_pulse[11] ; R1    ; 2        ; 0            ; 3            ; 0            ; 0                     ; 0                  ; no     ; no             ; no            ; yes             ; no       ; Off          ; 2.5 V        ; --                        ; Fitter               ; 0         ;
; host_regs_read_pulse[12] ; AB9   ; 3        ; 34           ; 0            ; 14           ; 0                     ; 0                  ; no     ; no             ; no            ; yes             ; no       ; Off          ; 2.5 V        ; --                        ; Fitter               ; 0         ;
; host_regs_read_pulse[13] ; F3    ; 1A       ; 0            ; 36           ; 7            ; 0                     ; 0                  ; no     ; no             ; no            ; yes             ; no       ; Off          ; 2.5 V        ; --                        ; Fitter               ; 0         ;
; host_regs_read_pulse[14] ; AA20  ; 4        ; 62           ; 0            ; 21           ; 0                     ; 0                  ; no     ; no             ; no            ; yes             ; no       ; Off          ; 2.5 V        ; --                        ; Fitter               ; 0         ;
; host_regs_read_pulse[15] ; V18   ; 5        ; 78           ; 15           ; 21           ; 0                     ; 0                  ; no     ; no             ; no            ; yes             ; no       ; Off          ; 2.5 V        ; --                        ; Fitter               ; 0         ;
; host_regs_read_pulse[1]  ; AB8   ; 3        ; 31           ; 0            ; 7            ; 0                     ; 0                  ; no     ; no             ; no            ; yes             ; no       ; Off          ; 2.5 V        ; --                        ; Fitter               ; 0         ;
; host_regs_read_pulse[2]  ; D17   ; 7        ; 74           ; 54           ; 14           ; 0                     ; 0                  ; no     ; no             ; no            ; yes             ; no       ; Off          ; 2.5 V        ; --                        ; Fitter               ; 0         ;
; host_regs_read_pulse[3]  ; E18   ; 6        ; 78           ; 49           ; 0            ; 0                     ; 0                  ; no     ; no             ; no            ; yes             ; no       ; Off          ; 2.5 V        ; --                        ; Fitter               ; 0         ;
; host_regs_read_pulse[4]  ; F20   ; 6        ; 78           ; 35           ; 14           ; 0                     ; 0                  ; no     ; no             ; no            ; yes             ; no       ; Off          ; 2.5 V        ; --                        ; Fitter               ; 0         ;
; host_regs_read_pulse[5]  ; C9    ; 7        ; 46           ; 54           ; 14           ; 0                     ; 0                  ; no     ; no             ; no            ; yes             ; no       ; Off          ; 2.5 V        ; --                        ; Fitter               ; 0         ;
; host_regs_read_pulse[6]  ; G20   ; 6        ; 78           ; 31           ; 21           ; 0                     ; 0                  ; no     ; no             ; no            ; yes             ; no       ; Off          ; 2.5 V        ; --                        ; Fitter               ; 0         ;
; host_regs_read_pulse[7]  ; B10   ; 7        ; 46           ; 54           ; 7            ; 0                     ; 0                  ; no     ; no             ; no            ; yes             ; no       ; Off          ; 2.5 V        ; --                        ; Fitter               ; 0         ;
; host_regs_read_pulse[8]  ; Y11   ; 4        ; 36           ; 0            ; 0            ; 0                     ; 0                  ; no     ; no             ; no            ; yes             ; no       ; Off          ; 2.5 V        ; --                        ; Fitter               ; 0         ;
; host_regs_read_pulse[9]  ; J11   ; 7        ; 49           ; 54           ; 21           ; 0                     ; 0                  ; no     ; no             ; no            ; yes             ; no       ; Off          ; 2.5 V        ; --                        ; Fitter               ; 0         ;
; host_regs_valid_pulse    ; V16   ; 4        ; 56           ; 0            ; 14           ; 1                     ; 0                  ; no     ; no             ; no            ; yes             ; no       ; Off          ; 2.5 V        ; --                        ; Fitter               ; 0         ;
; mem_ack                  ; H13   ; 7        ; 54           ; 54           ; 0            ; 1                     ; 0                  ; no     ; no             ; no            ; yes             ; no       ; Off          ; 2.5 V        ; --                        ; Fitter               ; 0         ;
; mem_valid                ; R14   ; 5        ; 78           ; 18           ; 14           ; 1                     ; 0                  ; no     ; no             ; no            ; yes             ; no       ; Off          ; 2.5 V        ; --                        ; Fitter               ; 0         ;
; reg_idx[0]               ; M15   ; 6        ; 78           ; 33           ; 21           ; 6                     ; 0                  ; no     ; no             ; no            ; yes             ; no       ; Off          ; 2.5 V        ; --                        ; Fitter               ; 0         ;
; reg_idx[1]               ; AB16  ; 4        ; 54           ; 0            ; 0            ; 6                     ; 0                  ; no     ; no             ; no            ; yes             ; no       ; Off          ; 2.5 V        ; --                        ; Fitter               ; 0         ;
; reg_idx[2]               ; Y16   ; 4        ; 54           ; 0            ; 21           ; 6                     ; 0                  ; no     ; no             ; no            ; yes             ; no       ; Off          ; 2.5 V        ; --                        ; Fitter               ; 0         ;
; reg_idx[3]               ; J12   ; 7        ; 54           ; 54           ; 7            ; 6                     ; 0                  ; no     ; no             ; no            ; yes             ; no       ; Off          ; 2.5 V        ; --                        ; Fitter               ; 0         ;
; rst_n                    ; M9    ; 2        ; 0            ; 18           ; 21           ; 2732                  ; 0                  ; yes    ; no             ; no            ; yes             ; no       ; Off          ; 2.5 V        ; --                        ; Fitter               ; 0         ;
; sel_word_idx[0]          ; N22   ; 5        ; 78           ; 23           ; 0            ; 104                   ; 0                  ; no     ; no             ; no            ; yes             ; no       ; Off          ; 2.5 V        ; --                        ; Fitter               ; 0         ;
; sel_word_idx[1]          ; P15   ; 5        ; 78           ; 23           ; 21           ; 104                   ; 0                  ; no     ; no             ; no            ; yes             ; no       ; Off          ; 2.5 V        ; --                        ; Fitter               ; 0         ;
; sel_word_idx[2]          ; P22   ; 5        ; 78           ; 21           ; 0            ; 40                    ; 0                  ; no     ; no             ; no            ; yes             ; no       ; Off          ; 2.5 V        ; --                        ; Fitter               ; 0         ;
; sel_word_idx[3]          ; J22   ; 6        ; 78           ; 30           ; 7            ; 8                     ; 0                  ; no     ; no             ; no            ; yes             ; no       ; Off          ; 2.5 V        ; --                        ; Fitter               ; 0         ;
; sel_wr                   ; Y17   ; 4        ; 58           ; 0            ; 21           ; 8                     ; 0                  ; no     ; no             ; no            ; yes             ; no       ; Off          ; 2.5 V        ; --                        ; Fitter               ; 0         ;
; sel_xmem                 ; T19   ; 5        ; 78           ; 20           ; 22           ; 33                    ; 0                  ; no     ; no             ; no            ; yes             ; no       ; Off          ; 2.5 V        ; --                        ; Fitter               ; 0         ;
+--------------------------+-------+----------+--------------+--------------+--------------+-----------------------+--------------------+--------+----------------+---------------+-----------------+----------+--------------+--------------+---------------------------+----------------------+-----------+


+----------------------------------------------------------------------------------------------------------------------------------------------------------------------------------------------------------------------------------------------------------------------------------------------------------------------------------------------------------------------------------------------------------------------------------------------------------------------+
; Output Pins                                                                                                                                                                                                                                                                                                                                                                                                                                                          ;
+---------------------+-------+----------+--------------+--------------+--------------+-----------------+------------------------+---------------+-----------+-----------------+------------+---------------+----------+--------------+--------------+------------------+-----------------------------------+---------------------------+----------------------------+-----------------------------+----------------------+----------------------+---------------------+
; Name                ; Pin # ; I/O Bank ; X coordinate ; Y coordinate ; Z coordinate ; Output Register ; Output Enable Register ; Power Up High ; Slew Rate ; PCI I/O Enabled ; Open Drain ; TRI Primitive ; Bus Hold ; Weak Pull Up ; I/O Standard ; Current Strength ; Termination                       ; Termination Control Block ; Output Buffer Pre-emphasis ; Voltage Output Differential ; Location assigned by ; Output Enable Source ; Output Enable Group ;
+---------------------+-------+----------+--------------+--------------+--------------+-----------------+------------------------+---------------+-----------+-----------------+------------+---------------+----------+--------------+--------------+------------------+-----------------------------------+---------------------------+----------------------------+-----------------------------+----------------------+----------------------+---------------------+
; dummy_dout[0]       ; E13   ; 7        ; 56           ; 54           ; 14           ; no              ; no                     ; no            ; 2         ; no              ; no         ; no            ; no       ; Off          ; 2.5 V        ; Default          ; Series 50 Ohm without Calibration ; --                        ; no                         ; no                          ; Fitter               ; -                    ; -                   ;
; dummy_dout[10]      ; P18   ; 5        ; 78           ; 24           ; 14           ; no              ; no                     ; no            ; 2         ; no              ; no         ; no            ; no       ; Off          ; 2.5 V        ; Default          ; Series 50 Ohm without Calibration ; --                        ; no                         ; no                          ; Fitter               ; -                    ; -                   ;
; dummy_dout[11]      ; F22   ; 6        ; 78           ; 31           ; 0            ; no              ; no                     ; no            ; 2         ; no              ; no         ; no            ; no       ; Off          ; 2.5 V        ; Default          ; Series 50 Ohm without Calibration ; --                        ; no                         ; no                          ; Fitter               ; -                    ; -                   ;
; dummy_dout[12]      ; P14   ; 5        ; 78           ; 23           ; 14           ; no              ; no                     ; no            ; 2         ; no              ; no         ; no            ; no       ; Off          ; 2.5 V        ; Default          ; Series 50 Ohm without Calibration ; --                        ; no                         ; no                          ; Fitter               ; -                    ; -                   ;
; dummy_dout[13]      ; T20   ; 5        ; 78           ; 20           ; 7            ; no              ; no                     ; no            ; 2         ; no              ; no         ; no            ; no       ; Off          ; 2.5 V        ; Default          ; Series 50 Ohm without Calibration ; --                        ; no                         ; no                          ; Fitter               ; -                    ; -                   ;
; dummy_dout[14]      ; L22   ; 5        ; 78           ; 25           ; 14           ; no              ; no                     ; no            ; 2         ; no              ; no         ; no            ; no       ; Off          ; 2.5 V        ; Default          ; Series 50 Ohm without Calibration ; --                        ; no                         ; no                          ; Fitter               ; -                    ; -                   ;
; dummy_dout[15]      ; Y20   ; 5        ; 78           ; 16           ; 7            ; no              ; no                     ; no            ; 2         ; no              ; no         ; no            ; no       ; Off          ; 2.5 V        ; Default          ; Series 50 Ohm without Calibration ; --                        ; no                         ; no                          ; Fitter               ; -                    ; -                   ;
; dummy_dout[16]      ; M22   ; 5        ; 78           ; 25           ; 0            ; no              ; no                     ; no            ; 2         ; no              ; no         ; no            ; no       ; Off          ; 2.5 V        ; Default          ; Series 50 Ohm without Calibration ; --                        ; no                         ; no                          ; Fitter               ; -                    ; -                   ;
; dummy_dout[17]      ; N21   ; 5        ; 78           ; 25           ; 7            ; no              ; no                     ; no            ; 2         ; no              ; no         ; no            ; no       ; Off          ; 2.5 V        ; Default          ; Series 50 Ohm without Calibration ; --                        ; no                         ; no                          ; Fitter               ; -                    ; -                   ;
; dummy_dout[18]      ; H21   ; 6        ; 78           ; 29           ; 0            ; no              ; no                     ; no            ; 2         ; no              ; no         ; no            ; no       ; Off          ; 2.5 V        ; Default          ; Series 50 Ohm without Calibration ; --                        ; no                         ; no                          ; Fitter               ; -                    ; -                   ;
; dummy_dout[19]      ; N14   ; 6        ; 78           ; 29           ; 21           ; no              ; no                     ; no            ; 2         ; no              ; no         ; no            ; no       ; Off          ; 2.5 V        ; Default          ; Series 50 Ohm without Calibration ; --                        ; no                         ; no                          ; Fitter               ; -                    ; -                   ;
; dummy_dout[1]       ; H22   ; 6        ; 78           ; 29           ; 7            ; no              ; no                     ; no            ; 2         ; no              ; no         ; no            ; no       ; Off          ; 2.5 V        ; Default          ; Series 50 Ohm without Calibration ; --                        ; no                         ; no                          ; Fitter               ; -                    ; -                   ;
; dummy_dout[20]      ; M21   ; 5        ; 78           ; 25           ; 21           ; no              ; no                     ; no            ; 2         ; no              ; no         ; no            ; no       ; Off          ; 2.5 V        ; Default          ; Series 50 Ohm without Calibration ; --                        ; no                         ; no                          ; Fitter               ; -                    ; -                   ;
; dummy_dout[21]      ; K22   ; 6        ; 78           ; 30           ; 21           ; no              ; no                     ; no            ; 2         ; no              ; no         ; no            ; no       ; Off          ; 2.5 V        ; Default          ; Series 50 Ohm without Calibration ; --                        ; no                         ; no                          ; Fitter               ; -                    ; -                   ;
; dummy_dout[22]      ; U22   ; 5        ; 78           ; 21           ; 14           ; no              ; no                     ; no            ; 2         ; no              ; no         ; no            ; no       ; Off          ; 2.5 V        ; Default          ; Series 50 Ohm without Calibration ; --                        ; no                         ; no                          ; Fitter               ; -                    ; -                   ;
; dummy_dout[23]      ; R20   ; 5        ; 78           ; 20           ; 0            ; no              ; no                     ; no            ; 2         ; no              ; no         ; no            ; no       ; Off          ; 2.5 V        ; Default          ; Series 50 Ohm without Calibration ; --                        ; no                         ; no                          ; Fitter               ; -                    ; -                   ;
; dummy_dout[24]      ; R18   ; 5        ; 78           ; 24           ; 22           ; no              ; no                     ; no            ; 2         ; no              ; no         ; no            ; no       ; Off          ; 2.5 V        ; Default          ; Series 50 Ohm without Calibration ; --                        ; no                         ; no                          ; Fitter               ; -                    ; -                   ;
; dummy_dout[25]      ; V20   ; 5        ; 78           ; 17           ; 21           ; no              ; no                     ; no            ; 2         ; no              ; no         ; no            ; no       ; Off          ; 2.5 V        ; Default          ; Series 50 Ohm without Calibration ; --                        ; no                         ; no                          ; Fitter               ; -                    ; -                   ;
; dummy_dout[26]      ; U20   ; 5        ; 78           ; 17           ; 14           ; no              ; no                     ; no            ; 2         ; no              ; no         ; no            ; no       ; Off          ; 2.5 V        ; Default          ; Series 50 Ohm without Calibration ; --                        ; no                         ; no                          ; Fitter               ; -                    ; -                   ;
; dummy_dout[27]      ; P20   ; 5        ; 78           ; 24           ; 0            ; no              ; no                     ; no            ; 2         ; no              ; no         ; no            ; no       ; Off          ; 2.5 V        ; Default          ; Series 50 Ohm without Calibration ; --                        ; no                         ; no                          ; Fitter               ; -                    ; -                   ;
; dummy_dout[28]      ; V21   ; 5        ; 78           ; 17           ; 7            ; no              ; no                     ; no            ; 2         ; no              ; no         ; no            ; no       ; Off          ; 2.5 V        ; Default          ; Series 50 Ohm without Calibration ; --                        ; no                         ; no                          ; Fitter               ; -                    ; -                   ;
; dummy_dout[29]      ; T18   ; 5        ; 78           ; 20           ; 14           ; no              ; no                     ; no            ; 2         ; no              ; no         ; no            ; no       ; Off          ; 2.5 V        ; Default          ; Series 50 Ohm without Calibration ; --                        ; no                         ; no                          ; Fitter               ; -                    ; -                   ;
; dummy_dout[2]       ; T22   ; 5        ; 78           ; 18           ; 0            ; no              ; no                     ; no            ; 2         ; no              ; no         ; no            ; no       ; Off          ; 2.5 V        ; Default          ; Series 50 Ohm without Calibration ; --                        ; no                         ; no                          ; Fitter               ; -                    ; -                   ;
; dummy_dout[30]      ; P19   ; 5        ; 78           ; 24           ; 7            ; no              ; no                     ; no            ; 2         ; no              ; no         ; no            ; no       ; Off          ; 2.5 V        ; Default          ; Series 50 Ohm without Calibration ; --                        ; no                         ; no                          ; Fitter               ; -                    ; -                   ;
; dummy_dout[31]      ; R22   ; 5        ; 78           ; 21           ; 7            ; no              ; no                     ; no            ; 2         ; no              ; no         ; no            ; no       ; Off          ; 2.5 V        ; Default          ; Series 50 Ohm without Calibration ; --                        ; no                         ; no                          ; Fitter               ; -                    ; -                   ;
; dummy_dout[3]       ; J21   ; 6        ; 78           ; 30           ; 0            ; no              ; no                     ; no            ; 2         ; no              ; no         ; no            ; no       ; Off          ; 2.5 V        ; Default          ; Series 50 Ohm without Calibration ; --                        ; no                         ; no                          ; Fitter               ; -                    ; -                   ;
; dummy_dout[4]       ; N15   ; 6        ; 78           ; 29           ; 14           ; no              ; no                     ; no            ; 2         ; no              ; no         ; no            ; no       ; Off          ; 2.5 V        ; Default          ; Series 50 Ohm without Calibration ; --                        ; no                         ; no                          ; Fitter               ; -                    ; -                   ;
; dummy_dout[5]       ; P21   ; 5        ; 78           ; 23           ; 7            ; no              ; no                     ; no            ; 2         ; no              ; no         ; no            ; no       ; Off          ; 2.5 V        ; Default          ; Series 50 Ohm without Calibration ; --                        ; no                         ; no                          ; Fitter               ; -                    ; -                   ;
; dummy_dout[6]       ; V22   ; 5        ; 78           ; 17           ; 0            ; no              ; no                     ; no            ; 2         ; no              ; no         ; no            ; no       ; Off          ; 2.5 V        ; Default          ; Series 50 Ohm without Calibration ; --                        ; no                         ; no                          ; Fitter               ; -                    ; -                   ;
; dummy_dout[7]       ; T21   ; 5        ; 78           ; 18           ; 7            ; no              ; no                     ; no            ; 2         ; no              ; no         ; no            ; no       ; Off          ; 2.5 V        ; Default          ; Series 50 Ohm without Calibration ; --                        ; no                         ; no                          ; Fitter               ; -                    ; -                   ;
; dummy_dout[8]       ; G19   ; 6        ; 78           ; 31           ; 14           ; no              ; no                     ; no            ; 2         ; no              ; no         ; no            ; no       ; Off          ; 2.5 V        ; Default          ; Series 50 Ohm without Calibration ; --                        ; no                         ; no                          ; Fitter               ; -                    ; -                   ;
; dummy_dout[9]       ; G22   ; 6        ; 78           ; 31           ; 7            ; no              ; no                     ; no            ; 2         ; no              ; no         ; no            ; no       ; Off          ; 2.5 V        ; Default          ; Series 50 Ohm without Calibration ; --                        ; no                         ; no                          ; Fitter               ; -                    ; -                   ;
; host_regs_valid_out ; AB20  ; 4        ; 56           ; 0            ; 0            ; no              ; no                     ; no            ; 2         ; no              ; no         ; no            ; no       ; Off          ; 2.5 V        ; Default          ; Series 50 Ohm without Calibration ; --                        ; no                         ; no                          ; Fitter               ; -                    ; -                   ;
; mem_size_bytes[0]   ; U15   ; 4        ; 56           ; 0            ; 21           ; no              ; no                     ; no            ; 2         ; no              ; no         ; no            ; no       ; Off          ; 2.5 V        ; Default          ; Series 50 Ohm without Calibration ; --                        ; no                         ; no                          ; Fitter               ; -                    ; -                   ;
; mem_size_bytes[1]   ; W14   ; 4        ; 49           ; 0            ; 21           ; no              ; no                     ; no            ; 2         ; no              ; no         ; no            ; no       ; Off          ; 2.5 V        ; Default          ; Series 50 Ohm without Calibration ; --                        ; no                         ; no                          ; Fitter               ; -                    ; -                   ;
; mem_size_bytes[2]   ; R15   ; 5        ; 78           ; 18           ; 21           ; no              ; no                     ; no            ; 2         ; no              ; no         ; no            ; no       ; Off          ; 2.5 V        ; Default          ; Series 50 Ohm without Calibration ; --                        ; no                         ; no                          ; Fitter               ; -                    ; -                   ;
; mem_size_bytes[3]   ; B2    ; 8        ; 22           ; 39           ; 14           ; no              ; no                     ; no            ; 2         ; no              ; no         ; no            ; no       ; Off          ; 2.5 V        ; Default          ; Series 50 Ohm without Calibration ; --                        ; no                         ; no                          ; Fitter               ; -                    ; -                   ;
; mem_size_bytes[4]   ; AA16  ; 4        ; 56           ; 0            ; 28           ; no              ; no                     ; no            ; 2         ; no              ; no         ; no            ; no       ; Off          ; 2.5 V        ; Default          ; Series 50 Ohm without Calibration ; --                        ; no                         ; no                          ; Fitter               ; -                    ; -                   ;
; mem_size_bytes[5]   ; C12   ; 7        ; 54           ; 54           ; 28           ; no              ; no                     ; no            ; 2         ; no              ; no         ; no            ; no       ; Off          ; 2.5 V        ; Default          ; Series 50 Ohm without Calibration ; --                        ; no                         ; no                          ; Fitter               ; -                    ; -                   ;
; mem_start_addr[0]   ; D6    ; 8        ; 22           ; 39           ; 28           ; no              ; no                     ; no            ; 2         ; no              ; no         ; no            ; no       ; Off          ; 2.5 V        ; Default          ; Series 50 Ohm without Calibration ; --                        ; no                         ; no                          ; Fitter               ; -                    ; -                   ;
; mem_start_addr[10]  ; P13   ; 4        ; 51           ; 0            ; 28           ; no              ; no                     ; no            ; 2         ; no              ; no         ; no            ; no       ; Off          ; 2.5 V        ; Default          ; Series 50 Ohm without Calibration ; --                        ; no                         ; no                          ; Fitter               ; -                    ; -                   ;
; mem_start_addr[11]  ; AA15  ; 4        ; 54           ; 0            ; 28           ; no              ; no                     ; no            ; 2         ; no              ; no         ; no            ; no       ; Off          ; 2.5 V        ; Default          ; Series 50 Ohm without Calibration ; --                        ; no                         ; no                          ; Fitter               ; -                    ; -                   ;
; mem_start_addr[12]  ; W13   ; 4        ; 46           ; 0            ; 0            ; no              ; no                     ; no            ; 2         ; no              ; no         ; no            ; no       ; Off          ; 2.5 V        ; Default          ; Series 50 Ohm without Calibration ; --                        ; no                         ; no                          ; Fitter               ; -                    ; -                   ;
; mem_start_addr[13]  ; Y13   ; 4        ; 51           ; 0            ; 7            ; no              ; no                     ; no            ; 2         ; no              ; no         ; no            ; no       ; Off          ; 2.5 V        ; Default          ; Series 50 Ohm without Calibration ; --                        ; no                         ; no                          ; Fitter               ; -                    ; -                   ;
; mem_start_addr[14]  ; V13   ; 4        ; 49           ; 0            ; 28           ; no              ; no                     ; no            ; 2         ; no              ; no         ; no            ; no       ; Off          ; 2.5 V        ; Default          ; Series 50 Ohm without Calibration ; --                        ; no                         ; no                          ; Fitter               ; -                    ; -                   ;
; mem_start_addr[15]  ; AA11  ; 4        ; 40           ; 0            ; 7            ; no              ; no                     ; no            ; 2         ; no              ; no         ; no            ; no       ; Off          ; 2.5 V        ; Default          ; Series 50 Ohm without Calibration ; --                        ; no                         ; no                          ; Fitter               ; -                    ; -                   ;
; mem_start_addr[1]   ; AA14  ; 4        ; 51           ; 0            ; 21           ; no              ; no                     ; no            ; 2         ; no              ; no         ; no            ; no       ; Off          ; 2.5 V        ; Default          ; Series 50 Ohm without Calibration ; --                        ; no                         ; no                          ; Fitter               ; -                    ; -                   ;
; mem_start_addr[2]   ; R13   ; 4        ; 49           ; 0            ; 0            ; no              ; no                     ; no            ; 2         ; no              ; no         ; no            ; no       ; Off          ; 2.5 V        ; Default          ; Series 50 Ohm without Calibration ; --                        ; no                         ; no                          ; Fitter               ; -                    ; -                   ;
; mem_start_addr[3]   ; Y14   ; 4        ; 51           ; 0            ; 0            ; no              ; no                     ; no            ; 2         ; no              ; no         ; no            ; no       ; Off          ; 2.5 V        ; Default          ; Series 50 Ohm without Calibration ; --                        ; no                         ; no                          ; Fitter               ; -                    ; -                   ;
; mem_start_addr[4]   ; AA12  ; 4        ; 40           ; 0            ; 0            ; no              ; no                     ; no            ; 2         ; no              ; no         ; no            ; no       ; Off          ; 2.5 V        ; Default          ; Series 50 Ohm without Calibration ; --                        ; no                         ; no                          ; Fitter               ; -                    ; -                   ;
; mem_start_addr[5]   ; V14   ; 4        ; 54           ; 0            ; 14           ; no              ; no                     ; no            ; 2         ; no              ; no         ; no            ; no       ; Off          ; 2.5 V        ; Default          ; Series 50 Ohm without Calibration ; --                        ; no                         ; no                          ; Fitter               ; -                    ; -                   ;
; mem_start_addr[6]   ; W12   ; 4        ; 46           ; 0            ; 7            ; no              ; no                     ; no            ; 2         ; no              ; no         ; no            ; no       ; Off          ; 2.5 V        ; Default          ; Series 50 Ohm without Calibration ; --                        ; no                         ; no                          ; Fitter               ; -                    ; -                   ;
; mem_start_addr[7]   ; AB14  ; 4        ; 49           ; 0            ; 7            ; no              ; no                     ; no            ; 2         ; no              ; no         ; no            ; no       ; Off          ; 2.5 V        ; Default          ; Series 50 Ohm without Calibration ; --                        ; no                         ; no                          ; Fitter               ; -                    ; -                   ;
; mem_start_addr[8]   ; AB15  ; 4        ; 51           ; 0            ; 14           ; no              ; no                     ; no            ; 2         ; no              ; no         ; no            ; no       ; Off          ; 2.5 V        ; Default          ; Series 50 Ohm without Calibration ; --                        ; no                         ; no                          ; Fitter               ; -                    ; -                   ;
; mem_start_addr[9]   ; AA13  ; 4        ; 49           ; 0            ; 14           ; no              ; no                     ; no            ; 2         ; no              ; no         ; no            ; no       ; Off          ; 2.5 V        ; Default          ; Series 50 Ohm without Calibration ; --                        ; no                         ; no                          ; Fitter               ; -                    ; -                   ;
; read_mem_req        ; P5    ; 2        ; 0            ; 23           ; 7            ; no              ; no                     ; no            ; 2         ; no              ; no         ; no            ; no       ; Off          ; 2.5 V        ; Default          ; Series 50 Ohm without Calibration ; --                        ; no                         ; no                          ; Fitter               ; -                    ; -                   ;
; write_mem_req       ; W15   ; 4        ; 54           ; 0            ; 7            ; no              ; no                     ; no            ; 2         ; no              ; no         ; no            ; no       ; Off          ; 2.5 V        ; Default          ; Series 50 Ohm without Calibration ; --                        ; no                         ; no                          ; Fitter               ; -                    ; -                   ;
+---------------------+-------+----------+--------------+--------------+--------------+-----------------+------------------------+---------------+-----------+-----------------+------------+---------------+----------+--------------+--------------+------------------+-----------------------------------+---------------------------+----------------------------+-----------------------------+----------------------+----------------------+---------------------+


+-----------------------------------------------------------------------------------------------------------------------------------------+
; Dual Purpose and Dedicated Pins                                                                                                         ;
+----------+----------------------------------------------------+--------------------------------+---------------------+------------------+
; Location ; Pin Name                                           ; Reserved As                    ; User Signal Name    ; Pin Type         ;
+----------+----------------------------------------------------+--------------------------------+---------------------+------------------+
; H2       ; DIFFIO_RX_L17n, DIFFOUT_L17n, TMS, Low_Speed       ; Reserved as secondary function ; ~ALTERA_TMS~        ; Dual Purpose Pin ;
; G2       ; DIFFIO_RX_L17p, DIFFOUT_L17p, TCK, Low_Speed       ; Reserved as secondary function ; ~ALTERA_TCK~        ; Dual Purpose Pin ;
; L4       ; DIFFIO_RX_L18n, DIFFOUT_L18n, TDI, Low_Speed       ; Reserved as secondary function ; ~ALTERA_TDI~        ; Dual Purpose Pin ;
; M5       ; DIFFIO_RX_L18p, DIFFOUT_L18p, TDO, Low_Speed       ; Reserved as secondary function ; ~ALTERA_TDO~        ; Dual Purpose Pin ;
; D9       ; DIFFIO_RX_T42n, DIFFOUT_T42n, DEV_CLRn, Low_Speed  ; Use as regular IO              ; dummy_din[16]       ; Dual Purpose Pin ;
; D10      ; DIFFIO_RX_T44p, DIFFOUT_T44p, DEV_OE, Low_Speed    ; Use as regular IO              ; dummy_din[7]        ; Dual Purpose Pin ;
; H10      ; CONFIG_SEL, Low_Speed                              ; Reserved as secondary function ; ~ALTERA_CONFIG_SEL~ ; Dual Purpose Pin ;
; H9       ; nCONFIG, Low_Speed                                 ; Reserved as secondary function ; ~ALTERA_nCONFIG~    ; Dual Purpose Pin ;
; F7       ; DIFFIO_RX_T48n, DIFFOUT_T48n, CRC_ERROR, Low_Speed ; Use as regular IO              ; dummy_din[23]       ; Dual Purpose Pin ;
; G9       ; DIFFIO_RX_T50p, DIFFOUT_T50p, nSTATUS, Low_Speed   ; Reserved as secondary function ; ~ALTERA_nSTATUS~    ; Dual Purpose Pin ;
; F8       ; DIFFIO_RX_T50n, DIFFOUT_T50n, CONF_DONE, Low_Speed ; Reserved as secondary function ; ~ALTERA_CONF_DONE~  ; Dual Purpose Pin ;
+----------+----------------------------------------------------+--------------------------------+---------------------+------------------+


+------------------------------------------------------------+
; I/O Bank Usage                                             ;
+----------+------------------+---------------+--------------+
; I/O Bank ; Usage            ; VCCIO Voltage ; VREF Voltage ;
+----------+------------------+---------------+--------------+
; 1A       ; 2 / 16 ( 13 % )  ; 2.5V          ; --           ;
; 1B       ; 4 / 24 ( 17 % )  ; 2.5V          ; --           ;
; 2        ; 5 / 36 ( 14 % )  ; 2.5V          ; --           ;
; 3        ; 2 / 48 ( 4 % )   ; 2.5V          ; --           ;
; 4        ; 29 / 48 ( 60 % ) ; 2.5V          ; --           ;
; 5        ; 30 / 40 ( 75 % ) ; 2.5V          ; --           ;
; 6        ; 17 / 60 ( 28 % ) ; 2.5V          ; --           ;
; 7        ; 10 / 52 ( 19 % ) ; 2.5V          ; --           ;
; 8        ; 29 / 36 ( 81 % ) ; 2.5V          ; --           ;
+----------+------------------+---------------+--------------+


+---------------------------------------------------------------------------------------------------------------------------------------------------------------------------------------+
; All Package Pins                                                                                                                                                                      ;
+----------+------------+----------+------------------------------------------------+--------+-----------------------+---------+------------+-----------------+----------+--------------+
; Location ; Pad Number ; I/O Bank ; Pin Name/Usage                                 ; Dir.   ; I/O Standard          ; Voltage ; I/O Type   ; User Assignment ; Bus Hold ; Weak Pull Up ;
+----------+------------+----------+------------------------------------------------+--------+-----------------------+---------+------------+-----------------+----------+--------------+
; A1       ;            ;          ; GND                                            ; gnd    ;                       ;         ; --         ;                 ; --       ; --           ;
; A2       ; 481        ; 8        ; dummy_din[31]                                  ; input  ; 2.5 V                 ;         ; Column I/O ; N               ; no       ; Off          ;
; A3       ; 483        ; 8        ; dummy_din[13]                                  ; input  ; 2.5 V                 ;         ; Column I/O ; N               ; no       ; Off          ;
; A4       ; 475        ; 8        ; dummy_din[5]                                   ; input  ; 2.5 V                 ;         ; Column I/O ; N               ; no       ; Off          ;
; A5       ; 473        ; 8        ; dummy_din[24]                                  ; input  ; 2.5 V                 ;         ; Column I/O ; N               ; no       ; Off          ;
; A6       ; 471        ; 8        ; dummy_din[25]                                  ; input  ; 2.5 V                 ;         ; Column I/O ; N               ; no       ; Off          ;
; A7       ; 445        ; 7        ; RESERVED_INPUT_WITH_WEAK_PULLUP                ;        ;                       ;         ; Column I/O ;                 ; no       ; On           ;
; A8       ; 447        ; 7        ; RESERVED_INPUT_WITH_WEAK_PULLUP                ;        ;                       ;         ; Column I/O ;                 ; no       ; On           ;
; A9       ; 449        ; 7        ; RESERVED_INPUT_WITH_WEAK_PULLUP                ;        ;                       ;         ; Column I/O ;                 ; no       ; On           ;
; A10      ; 439        ; 7        ; RESERVED_INPUT_WITH_WEAK_PULLUP                ;        ;                       ;         ; Column I/O ;                 ; no       ; On           ;
; A11      ; 437        ; 7        ; dummy_din[14]                                  ; input  ; 2.5 V                 ;         ; Column I/O ; N               ; no       ; Off          ;
; A12      ; 435        ; 7        ; dummy_din[1]                                   ; input  ; 2.5 V                 ;         ; Column I/O ; N               ; no       ; Off          ;
; A13      ; 433        ; 7        ; RESERVED_INPUT_WITH_WEAK_PULLUP                ;        ;                       ;         ; Column I/O ;                 ; no       ; On           ;
; A14      ; 425        ; 7        ; RESERVED_INPUT_WITH_WEAK_PULLUP                ;        ;                       ;         ; Column I/O ;                 ; no       ; On           ;
; A15      ; 421        ; 7        ; RESERVED_INPUT_WITH_WEAK_PULLUP                ;        ;                       ;         ; Column I/O ;                 ; no       ; On           ;
; A16      ; 419        ; 7        ; RESERVED_INPUT_WITH_WEAK_PULLUP                ;        ;                       ;         ; Column I/O ;                 ; no       ; On           ;
; A17      ; 407        ; 7        ; RESERVED_INPUT_WITH_WEAK_PULLUP                ;        ;                       ;         ; Column I/O ;                 ; no       ; On           ;
; A18      ; 405        ; 7        ; RESERVED_INPUT_WITH_WEAK_PULLUP                ;        ;                       ;         ; Column I/O ;                 ; no       ; On           ;
; A19      ; 403        ; 7        ; RESERVED_INPUT_WITH_WEAK_PULLUP                ;        ;                       ;         ; Column I/O ;                 ; no       ; On           ;
; A20      ; 401        ; 7        ; RESERVED_INPUT_WITH_WEAK_PULLUP                ;        ;                       ;         ; Column I/O ;                 ; no       ; On           ;
; A21      ; 371        ; 6        ; host_regs_read_pulse[0]                        ; input  ; 2.5 V                 ;         ; Row I/O    ; N               ; no       ; Off          ;
; A22      ;            ;          ; GND                                            ; gnd    ;                       ;         ; --         ;                 ; --       ; --           ;
; AA1      ; 133        ; 3        ; RESERVED_INPUT_WITH_WEAK_PULLUP                ;        ;                       ;         ; Column I/O ;                 ; no       ; On           ;
; AA2      ; 135        ; 3        ; RESERVED_INPUT_WITH_WEAK_PULLUP                ;        ;                       ;         ; Column I/O ;                 ; no       ; On           ;
; AA3      ; 153        ; 3        ; RESERVED_INPUT_WITH_WEAK_PULLUP                ;        ;                       ;         ; Column I/O ;                 ; --       ; --           ;
; AA4      ;            ;          ; GND                                            ; gnd    ;                       ;         ; --         ;                 ; --       ; --           ;
; AA5      ; 157        ; 3        ; RESERVED_INPUT_WITH_WEAK_PULLUP                ;        ;                       ;         ; Column I/O ;                 ; no       ; On           ;
; AA6      ; 156        ; 3        ; RESERVED_INPUT_WITH_WEAK_PULLUP                ;        ;                       ;         ; Column I/O ;                 ; no       ; On           ;
; AA7      ; 158        ; 3        ; RESERVED_INPUT_WITH_WEAK_PULLUP                ;        ;                       ;         ; Column I/O ;                 ; no       ; On           ;
; AA8      ; 165        ; 3        ; RESERVED_INPUT_WITH_WEAK_PULLUP                ;        ;                       ;         ; Column I/O ;                 ; no       ; On           ;
; AA9      ; 169        ; 3        ; RESERVED_INPUT_WITH_WEAK_PULLUP                ;        ;                       ;         ; Column I/O ;                 ; no       ; On           ;
; AA10     ; 170        ; 3        ; RESERVED_INPUT_WITH_WEAK_PULLUP                ;        ;                       ;         ; Column I/O ;                 ; no       ; On           ;
; AA11     ; 180        ; 4        ; mem_start_addr[15]                             ; output ; 2.5 V                 ;         ; Column I/O ; N               ; no       ; Off          ;
; AA12     ; 182        ; 4        ; mem_start_addr[4]                              ; output ; 2.5 V                 ;         ; Column I/O ; N               ; no       ; Off          ;
; AA13     ; 197        ; 4        ; mem_start_addr[9]                              ; output ; 2.5 V                 ;         ; Column I/O ; N               ; no       ; Off          ;
; AA14     ; 201        ; 4        ; mem_start_addr[1]                              ; output ; 2.5 V                 ;         ; Column I/O ; N               ; no       ; Off          ;
; AA15     ; 205        ; 4        ; mem_start_addr[11]                             ; output ; 2.5 V                 ;         ; Column I/O ; N               ; no       ; Off          ;
; AA16     ; 211        ; 4        ; mem_size_bytes[4]                              ; output ; 2.5 V                 ;         ; Column I/O ; N               ; no       ; Off          ;
; AA17     ; 212        ; 4        ; RESERVED_INPUT_WITH_WEAK_PULLUP                ;        ;                       ;         ; Column I/O ;                 ; no       ; On           ;
; AA18     ;            ;          ; GND                                            ; gnd    ;                       ;         ; --         ;                 ; --       ; --           ;
; AA19     ; 217        ; 4        ; RESERVED_INPUT_WITH_WEAK_PULLUP                ;        ;                       ;         ; Column I/O ;                 ; no       ; On           ;
; AA20     ; 227        ; 4        ; host_regs_read_pulse[14]                       ; input  ; 2.5 V                 ;         ; Column I/O ; N               ; no       ; Off          ;
; AA21     ; 245        ; 5        ; RESERVED_INPUT_WITH_WEAK_PULLUP                ;        ;                       ;         ; Row I/O    ;                 ; no       ; On           ;
; AA22     ; 247        ; 5        ; RESERVED_INPUT_WITH_WEAK_PULLUP                ;        ;                       ;         ; Row I/O    ;                 ; no       ; On           ;
; AB1      ;            ;          ; GND                                            ; gnd    ;                       ;         ; --         ;                 ; --       ; --           ;
; AB2      ; 145        ; 3        ; RESERVED_INPUT_WITH_WEAK_PULLUP                ;        ;                       ;         ; Column I/O ;                 ; no       ; On           ;
; AB3      ; 147        ; 3        ; RESERVED_INPUT_WITH_WEAK_PULLUP                ;        ;                       ;         ; Column I/O ;                 ; no       ; On           ;
; AB4      ; 155        ; 3        ; RESERVED_INPUT_WITH_WEAK_PULLUP                ;        ;                       ;         ; Column I/O ;                 ; no       ; On           ;
; AB5      ; 159        ; 3        ; RESERVED_INPUT_WITH_WEAK_PULLUP                ;        ;                       ;         ; Column I/O ;                 ; no       ; On           ;
; AB6      ; 161        ; 3        ; RESERVED_INPUT_WITH_WEAK_PULLUP                ;        ;                       ;         ; Column I/O ;                 ; no       ; On           ;
; AB7      ; 163        ; 3        ; RESERVED_INPUT_WITH_WEAK_PULLUP                ;        ;                       ;         ; Column I/O ;                 ; no       ; On           ;
; AB8      ; 167        ; 3        ; host_regs_read_pulse[1]                        ; input  ; 2.5 V                 ;         ; Column I/O ; N               ; no       ; Off          ;
; AB9      ; 171        ; 3        ; host_regs_read_pulse[12]                       ; input  ; 2.5 V                 ;         ; Column I/O ; N               ; no       ; Off          ;
; AB10     ; 177        ; 4        ; RESERVED_INPUT_WITH_WEAK_PULLUP                ;        ;                       ;         ; Column I/O ;                 ; no       ; On           ;
; AB11     ; 179        ; 4        ; RESERVED_INPUT_WITH_WEAK_PULLUP                ;        ;                       ;         ; Column I/O ;                 ; no       ; On           ;
; AB12     ; 181        ; 4        ; RESERVED_INPUT_WITH_WEAK_PULLUP                ;        ;                       ;         ; Column I/O ;                 ; no       ; On           ;
; AB13     ; 183        ; 4        ; dummy_din[4]                                   ; input  ; 2.5 V                 ;         ; Column I/O ; N               ; no       ; Off          ;
; AB14     ; 199        ; 4        ; mem_start_addr[7]                              ; output ; 2.5 V                 ;         ; Column I/O ; N               ; no       ; Off          ;
; AB15     ; 203        ; 4        ; mem_start_addr[8]                              ; output ; 2.5 V                 ;         ; Column I/O ; N               ; no       ; Off          ;
; AB16     ; 209        ; 4        ; reg_idx[1]                                     ; input  ; 2.5 V                 ;         ; Column I/O ; N               ; no       ; Off          ;
; AB17     ; 241        ; 4        ; RESERVED_INPUT_WITH_WEAK_PULLUP                ;        ;                       ;         ; Column I/O ;                 ; no       ; On           ;
; AB18     ; 243        ; 4        ; RESERVED_INPUT_WITH_WEAK_PULLUP                ;        ;                       ;         ; Column I/O ;                 ; no       ; On           ;
; AB19     ; 213        ; 4        ; dummy_din[3]                                   ; input  ; 2.5 V                 ;         ; Column I/O ; N               ; no       ; Off          ;
; AB20     ; 215        ; 4        ; host_regs_valid_out                            ; output ; 2.5 V                 ;         ; Column I/O ; N               ; no       ; Off          ;
; AB21     ; 225        ; 4        ; RESERVED_INPUT_WITH_WEAK_PULLUP                ;        ;                       ;         ; Column I/O ;                 ; no       ; On           ;
; AB22     ;            ;          ; GND                                            ; gnd    ;                       ;         ; --         ;                 ; --       ; --           ;
; B1       ; 495        ; 8        ; RESERVED_INPUT_WITH_WEAK_PULLUP                ;        ;                       ;         ; Column I/O ;                 ; no       ; On           ;
; B2       ; 493        ; 8        ; mem_size_bytes[3]                              ; output ; 2.5 V                 ;         ; Column I/O ; N               ; no       ; Off          ;
; B3       ; 484        ; 8        ; dummy_din[18]                                  ; input  ; 2.5 V                 ;         ; Column I/O ; N               ; no       ; Off          ;
; B4       ; 486        ; 8        ; dummy_din[6]                                   ; input  ; 2.5 V                 ;         ; Column I/O ; N               ; no       ; Off          ;
; B5       ; 485        ; 8        ; dummy_din[30]                                  ; input  ; 2.5 V                 ;         ; Column I/O ; N               ; no       ; Off          ;
; B6       ;            ;          ; GND                                            ; gnd    ;                       ;         ; --         ;                 ; --       ; --           ;
; B7       ; 469        ; 8        ; dummy_din[2]                                   ; input  ; 2.5 V                 ;         ; Column I/O ; N               ; no       ; Off          ;
; B8       ; 451        ; 7        ; RESERVED_INPUT_WITH_WEAK_PULLUP                ;        ;                       ;         ; Column I/O ;                 ; no       ; On           ;
; B9       ;            ;          ; GND                                            ; gnd    ;                       ;         ; --         ;                 ; --       ; --           ;
; B10      ; 448        ; 7        ; host_regs_read_pulse[7]                        ; input  ; 2.5 V                 ;         ; Column I/O ; N               ; no       ; Off          ;
; B11      ; 443        ; 7        ; RESERVED_INPUT_WITH_WEAK_PULLUP                ;        ;                       ;         ; Column I/O ;                 ; no       ; On           ;
; B12      ; 441        ; 7        ; RESERVED_INPUT_WITH_WEAK_PULLUP                ;        ;                       ;         ; Column I/O ;                 ; no       ; On           ;
; B13      ;            ;          ; GND                                            ; gnd    ;                       ;         ; --         ;                 ; --       ; --           ;
; B14      ; 427        ; 7        ; RESERVED_INPUT_WITH_WEAK_PULLUP                ;        ;                       ;         ; Column I/O ;                 ; no       ; On           ;
; B15      ; 423        ; 7        ; RESERVED_INPUT_WITH_WEAK_PULLUP                ;        ;                       ;         ; Column I/O ;                 ; --       ; --           ;
; B16      ; 417        ; 7        ; RESERVED_INPUT_WITH_WEAK_PULLUP                ;        ;                       ;         ; Column I/O ;                 ; no       ; On           ;
; B17      ; 402        ; 7        ; RESERVED_INPUT_WITH_WEAK_PULLUP                ;        ;                       ;         ; Column I/O ;                 ; no       ; On           ;
; B18      ;            ;          ; GND                                            ; gnd    ;                       ;         ; --         ;                 ; --       ; --           ;
; B19      ; 399        ; 7        ; RESERVED_INPUT_WITH_WEAK_PULLUP                ;        ;                       ;         ; Column I/O ;                 ; no       ; On           ;
; B20      ; 369        ; 6        ; RESERVED_INPUT_WITH_WEAK_PULLUP                ;        ;                       ;         ; Row I/O    ;                 ; no       ; On           ;
; B21      ; 367        ; 6        ; RESERVED_INPUT_WITH_WEAK_PULLUP                ;        ;                       ;         ; Row I/O    ;                 ; no       ; On           ;
; B22      ; 365        ; 6        ; RESERVED_INPUT_WITH_WEAK_PULLUP                ;        ;                       ;         ; Row I/O    ;                 ; no       ; On           ;
; C1       ; 33         ; 1B       ; RESERVED_INPUT_WITH_WEAK_PULLUP                ;        ;                       ;         ; Row I/O    ;                 ; --       ; --           ;
; C2       ; 499        ; 8        ; RESERVED_INPUT_WITH_WEAK_PULLUP                ;        ;                       ;         ; Column I/O ;                 ; no       ; On           ;
; C3       ; 497        ; 8        ; RESERVED_INPUT_WITH_WEAK_PULLUP                ;        ;                       ;         ; Column I/O ;                 ; no       ; On           ;
; C4       ; 487        ; 8        ; RESERVED_INPUT_WITH_WEAK_PULLUP                ;        ;                       ;         ; Column I/O ;                 ; no       ; On           ;
; C5       ; 489        ; 8        ; RESERVED_INPUT_WITH_WEAK_PULLUP                ;        ;                       ;         ; Column I/O ;                 ; no       ; On           ;
; C6       ; 477        ; 8        ; dummy_din[15]                                  ; input  ; 2.5 V                 ;         ; Column I/O ; N               ; no       ; Off          ;
; C7       ; 467        ; 8        ; dummy_din[17]                                  ; input  ; 2.5 V                 ;         ; Column I/O ; N               ; no       ; Off          ;
; C8       ; 465        ; 8        ; dummy_din[0]                                   ; input  ; 2.5 V                 ;         ; Column I/O ; N               ; no       ; Off          ;
; C9       ; 450        ; 7        ; host_regs_read_pulse[5]                        ; input  ; 2.5 V                 ;         ; Column I/O ; N               ; no       ; Off          ;
; C10      ; 442        ; 7        ; RESERVED_INPUT_WITH_WEAK_PULLUP                ;        ;                       ;         ; Column I/O ;                 ; no       ; On           ;
; C11      ; 440        ; 7        ; RESERVED_INPUT_WITH_WEAK_PULLUP                ;        ;                       ;         ; Column I/O ;                 ; no       ; On           ;
; C12      ; 436        ; 7        ; mem_size_bytes[5]                              ; output ; 2.5 V                 ;         ; Column I/O ; N               ; no       ; Off          ;
; C13      ; 426        ; 7        ; RESERVED_INPUT_WITH_WEAK_PULLUP                ;        ;                       ;         ; Column I/O ;                 ; no       ; On           ;
; C14      ; 424        ; 7        ; RESERVED_INPUT_WITH_WEAK_PULLUP                ;        ;                       ;         ; Column I/O ;                 ; no       ; On           ;
; C15      ; 418        ; 7        ; RESERVED_INPUT_WITH_WEAK_PULLUP                ;        ;                       ;         ; Column I/O ;                 ; no       ; On           ;
; C16      ; 416        ; 7        ; RESERVED_INPUT_WITH_WEAK_PULLUP                ;        ;                       ;         ; Column I/O ;                 ; no       ; On           ;
; C17      ; 391        ; 7        ; RESERVED_INPUT_WITH_WEAK_PULLUP                ;        ;                       ;         ; Column I/O ;                 ; no       ; On           ;
; C18      ; 400        ; 7        ; RESERVED_INPUT_WITH_WEAK_PULLUP                ;        ;                       ;         ; Column I/O ;                 ; no       ; On           ;
; C19      ; 397        ; 7        ; RESERVED_INPUT_WITH_WEAK_PULLUP                ;        ;                       ;         ; Column I/O ;                 ; no       ; On           ;
; C20      ; 357        ; 6        ; RESERVED_INPUT_WITH_WEAK_PULLUP                ;        ;                       ;         ; Row I/O    ;                 ; no       ; On           ;
; C21      ; 347        ; 6        ; RESERVED_INPUT_WITH_WEAK_PULLUP                ;        ;                       ;         ; Row I/O    ;                 ; no       ; On           ;
; C22      ; 343        ; 6        ; RESERVED_INPUT_WITH_WEAK_PULLUP                ;        ;                       ;         ; Row I/O    ;                 ; no       ; On           ;
; D1       ; 35         ; 1B       ; RESERVED_INPUT_WITH_WEAK_PULLUP                ;        ;                       ;         ; Row I/O    ;                 ; no       ; On           ;
; D2       ; 31         ; 1B       ; RESERVED_INPUT_WITH_WEAK_PULLUP                ;        ;                       ;         ; Row I/O    ;                 ; no       ; On           ;
; D3       ; 29         ; 1B       ; RESERVED_INPUT_WITH_WEAK_PULLUP                ;        ;                       ;         ; Row I/O    ;                 ; no       ; On           ;
; D4       ;            ;          ; GND                                            ; gnd    ;                       ;         ; --         ;                 ; --       ; --           ;
; D5       ; 491        ; 8        ; RESERVED_INPUT_WITH_WEAK_PULLUP                ;        ;                       ;         ; Column I/O ;                 ; no       ; On           ;
; D6       ; 496        ; 8        ; mem_start_addr[0]                              ; output ; 2.5 V                 ;         ; Column I/O ; N               ; no       ; Off          ;
; D7       ; 479        ; 8        ; dummy_din[29]                                  ; input  ; 2.5 V                 ;         ; Column I/O ; N               ; no       ; Off          ;
; D8       ; 472        ; 8        ; dummy_din[22]                                  ; input  ; 2.5 V                 ;         ; Column I/O ; N               ; no       ; Off          ;
; D9       ; 474        ; 8        ; dummy_din[16]                                  ; input  ; 2.5 V                 ;         ; Column I/O ; N               ; no       ; Off          ;
; D10      ; 476        ; 8        ; dummy_din[7]                                   ; input  ; 2.5 V                 ;         ; Column I/O ; N               ; no       ; Off          ;
; D11      ;            ;          ; GND                                            ; gnd    ;                       ;         ; --         ;                 ; --       ; --           ;
; D12      ; 438        ; 7        ; RESERVED_INPUT_WITH_WEAK_PULLUP                ;        ;                       ;         ; Column I/O ;                 ; no       ; On           ;
; D13      ; 431        ; 7        ; RESERVED_INPUT_WITH_WEAK_PULLUP                ;        ;                       ;         ; Column I/O ;                 ; no       ; On           ;
; D14      ; 428        ; 7        ; RESERVED_INPUT_WITH_WEAK_PULLUP                ;        ;                       ;         ; Column I/O ;                 ; no       ; On           ;
; D15      ; 404        ; 7        ; RESERVED_INPUT_WITH_WEAK_PULLUP                ;        ;                       ;         ; Column I/O ;                 ; no       ; On           ;
; D16      ;            ;          ; GND                                            ; gnd    ;                       ;         ; --         ;                 ; --       ; --           ;
; D17      ; 389        ; 7        ; host_regs_read_pulse[2]                        ; input  ; 2.5 V                 ;         ; Column I/O ; N               ; no       ; Off          ;
; D18      ; 385        ; 6        ; RESERVED_INPUT_WITH_WEAK_PULLUP                ;        ;                       ;         ; Row I/O    ;                 ; no       ; On           ;
; D19      ; 359        ; 6        ; RESERVED_INPUT_WITH_WEAK_PULLUP                ;        ;                       ;         ; Row I/O    ;                 ; no       ; On           ;
; D20      ;            ;          ; GND                                            ; gnd    ;                       ;         ; --         ;                 ; --       ; --           ;
; D21      ; 345        ; 6        ; RESERVED_INPUT_WITH_WEAK_PULLUP                ;        ;                       ;         ; Row I/O    ;                 ; --       ; --           ;
; D22      ; 341        ; 6        ; RESERVED_INPUT_WITH_WEAK_PULLUP                ;        ;                       ;         ; Row I/O    ;                 ; no       ; On           ;
; E1       ; 41         ; 1B       ; RESERVED_INPUT_WITH_WEAK_PULLUP                ;        ;                       ;         ; Row I/O    ;                 ; no       ; On           ;
; E2       ;            ;          ; GND                                            ; gnd    ;                       ;         ; --         ;                 ; --       ; --           ;
; E3       ; 3          ; 1A       ; RESERVED_INPUT_WITH_WEAK_PULLUP                ;        ;                       ;         ; Row I/O    ;                 ; no       ; On           ;
; E4       ; 1          ; 1A       ; RESERVED_INPUT_WITH_WEAK_PULLUP                ;        ;                       ;         ; Row I/O    ;                 ; no       ; On           ;
; E5       ;            ;          ; NC                                             ;        ;                       ;         ; --         ;                 ; --       ; --           ;
; E6       ; 498        ; 8        ; RESERVED_INPUT_WITH_WEAK_PULLUP                ;        ;                       ;         ; Column I/O ;                 ; no       ; On           ;
; E7       ;            ;          ; GND                                            ; gnd    ;                       ;         ; --         ;                 ; --       ; --           ;
; E8       ; 488        ; 8        ; dummy_din[27]                                  ; input  ; 2.5 V                 ;         ; Column I/O ; N               ; no       ; Off          ;
; E9       ; 478        ; 8        ; dummy_din[28]                                  ; input  ; 2.5 V                 ;         ; Column I/O ; N               ; no       ; Off          ;
; E10      ; 466        ; 8        ; dummy_din[10]                                  ; input  ; 2.5 V                 ;         ; Column I/O ; N               ; no       ; Off          ;
; E11      ; 464        ; 8        ; dummy_din[8]                                   ; input  ; 2.5 V                 ;         ; Column I/O ; N               ; no       ; Off          ;
; E12      ; 429        ; 7        ; RESERVED_INPUT_WITH_WEAK_PULLUP                ;        ;                       ;         ; Column I/O ;                 ; no       ; On           ;
; E13      ; 430        ; 7        ; dummy_dout[0]                                  ; output ; 2.5 V                 ;         ; Column I/O ; N               ; no       ; Off          ;
; E14      ; 406        ; 7        ; RESERVED_INPUT_WITH_WEAK_PULLUP                ;        ;                       ;         ; Column I/O ;                 ; no       ; On           ;
; E15      ; 390        ; 7        ; RESERVED_INPUT_WITH_WEAK_PULLUP                ;        ;                       ;         ; Column I/O ;                 ; no       ; On           ;
; E16      ; 388        ; 7        ; RESERVED_INPUT_WITH_WEAK_PULLUP                ;        ;                       ;         ; Column I/O ;                 ; no       ; On           ;
; E17      ; 366        ; 6        ; RESERVED_INPUT_WITH_WEAK_PULLUP                ;        ;                       ;         ; Row I/O    ;                 ; no       ; On           ;
; E18      ; 387        ; 6        ; host_regs_read_pulse[3]                        ; input  ; 2.5 V                 ;         ; Row I/O    ; N               ; no       ; Off          ;
; E19      ; 352        ; 6        ; RESERVED_INPUT_WITH_WEAK_PULLUP                ;        ;                       ;         ; Row I/O    ;                 ; no       ; On           ;
; E20      ; 355        ; 6        ; RESERVED_INPUT_WITH_WEAK_PULLUP                ;        ;                       ;         ; Row I/O    ;                 ; no       ; On           ;
; E21      ; 335        ; 6        ; RESERVED_INPUT_WITH_WEAK_PULLUP                ;        ;                       ;         ; Row I/O    ;                 ; no       ; On           ;
; E22      ; 333        ; 6        ; RESERVED_INPUT_WITH_WEAK_PULLUP                ;        ;                       ;         ; Row I/O    ;                 ; no       ; On           ;
; F1       ; 47         ; 1B       ; RESERVED_INPUT_WITH_WEAK_PULLUP                ;        ;                       ;         ; Row I/O    ;                 ; no       ; On           ;
; F2       ; 43         ; 1B       ; RESERVED_INPUT_WITH_WEAK_PULLUP                ;        ;                       ;         ; Row I/O    ;                 ; no       ; On           ;
; F3       ; 7          ; 1A       ; host_regs_read_pulse[13]                       ; input  ; 2.5 V                 ;         ; Row I/O    ; N               ; no       ; Off          ;
; F4       ; 2          ; 1A       ; RESERVED_INPUT_WITH_WEAK_PULLUP                ;        ;                       ;         ; Row I/O    ;                 ; no       ; On           ;
; F5       ; 0          ; 1A       ; RESERVED_INPUT_WITH_WEAK_PULLUP                ;        ;                       ;         ; Row I/O    ;                 ; no       ; On           ;
; F6       ;            ;          ; NC                                             ;        ;                       ;         ; --         ;                 ; --       ; --           ;
; F7       ; 490        ; 8        ; dummy_din[23]                                  ; input  ; 2.5 V                 ;         ; Column I/O ; N               ; no       ; Off          ;
; F8       ; 494        ; 8        ; ~ALTERA_CONF_DONE~ / RESERVED_INPUT            ; input  ; 2.5 V Schmitt Trigger ;         ; Column I/O ; N               ; no       ; Off          ;
; F9       ;            ; 8        ; VCCIO8                                         ; power  ;                       ; 2.5V    ; --         ;                 ; --       ; --           ;
; F10      ;            ;          ; GND                                            ; gnd    ;                       ;         ; --         ;                 ; --       ; --           ;
; F11      ;            ; 8        ; VCCIO8                                         ; power  ;                       ; 2.5V    ; --         ;                 ; --       ; --           ;
; F12      ;            ; 7        ; VCCIO7                                         ; power  ;                       ; 2.5V    ; --         ;                 ; --       ; --           ;
; F13      ;            ;          ; GND                                            ; gnd    ;                       ;         ; --         ;                 ; --       ; --           ;
; F14      ;            ; 7        ; VCCIO7                                         ; power  ;                       ; 2.5V    ; --         ;                 ; --       ; --           ;
; F15      ; 398        ; 7        ; RESERVED_INPUT_WITH_WEAK_PULLUP                ;        ;                       ;         ; Column I/O ;                 ; no       ; On           ;
; F16      ; 396        ; 7        ; RESERVED_INPUT_WITH_WEAK_PULLUP                ;        ;                       ;         ; Column I/O ;                 ; no       ; On           ;
; F17      ; 364        ; 6        ; RESERVED_INPUT_WITH_WEAK_PULLUP                ;        ;                       ;         ; Row I/O    ;                 ; no       ; On           ;
; F18      ; 354        ; 6        ; RESERVED_INPUT_WITH_WEAK_PULLUP                ;        ;                       ;         ; Row I/O    ;                 ; no       ; On           ;
; F19      ; 353        ; 6        ; RESERVED_INPUT_WITH_WEAK_PULLUP                ;        ;                       ;         ; Row I/O    ;                 ; no       ; On           ;
; F20      ; 342        ; 6        ; host_regs_read_pulse[4]                        ; input  ; 2.5 V                 ;         ; Row I/O    ; N               ; no       ; Off          ;
; F21      ; 340        ; 6        ; RESERVED_INPUT_WITH_WEAK_PULLUP                ;        ;                       ;         ; Row I/O    ;                 ; no       ; On           ;
; F22      ; 331        ; 6        ; dummy_dout[11]                                 ; output ; 2.5 V                 ;         ; Row I/O    ; N               ; no       ; Off          ;
; G1       ; 45         ; 1B       ; RESERVED_INPUT_WITH_WEAK_PULLUP                ;        ;                       ;         ; Row I/O    ;                 ; no       ; On           ;
; G2       ; 34         ; 1B       ; ~ALTERA_TCK~ / RESERVED_INPUT                  ; input  ; 2.5 V Schmitt Trigger ;         ; Row I/O    ; N               ; no       ; Off          ;
; G3       ; 11         ; 1A       ; RESERVED_INPUT_WITH_WEAK_PULLUP                ;        ;                       ;         ; Row I/O    ;                 ; no       ; On           ;
; G4       ; 5          ; 1A       ; RESERVED_INPUT_WITH_WEAK_PULLUP                ;        ;                       ;         ; Row I/O    ;                 ; no       ; On           ;
; G5       ;            ;          ; ANAIN1                                         ;        ;                       ;         ; --         ;                 ; --       ; --           ;
; G6       ;            ;          ; GND                                            ; gnd    ;                       ;         ; --         ;                 ; --       ; --           ;
; G7       ;            ;          ; VCCD_PLL3                                      ; power  ;                       ; 1.2V    ; --         ;                 ; --       ; --           ;
; G8       ;            ;          ; GND                                            ; gnd    ;                       ;         ; --         ;                 ; --       ; --           ;
; G9       ; 492        ; 8        ; ~ALTERA_nSTATUS~ / RESERVED_INPUT              ; input  ; 2.5 V Schmitt Trigger ;         ; Column I/O ; N               ; no       ; Off          ;
; G10      ;            ; 8        ; VCCIO8                                         ; power  ;                       ; 2.5V    ; --         ;                 ; --       ; --           ;
; G11      ;            ; 8        ; VCCIO8                                         ; power  ;                       ; 2.5V    ; --         ;                 ; --       ; --           ;
; G12      ;            ; 7        ; VCCIO7                                         ; power  ;                       ; 2.5V    ; --         ;                 ; --       ; --           ;
; G13      ;            ; 7        ; VCCIO7                                         ; power  ;                       ; 2.5V    ; --         ;                 ; --       ; --           ;
; G14      ;            ; 7        ; VCCIO7                                         ; power  ;                       ; 2.5V    ; --         ;                 ; --       ; --           ;
; G15      ;            ;          ; GND                                            ; gnd    ;                       ;         ; --         ;                 ; --       ; --           ;
; G16      ;            ;          ; VCCD_PLL2                                      ; power  ;                       ; 1.2V    ; --         ;                 ; --       ; --           ;
; G17      ; 386        ; 6        ; RESERVED_INPUT_WITH_WEAK_PULLUP                ;        ;                       ;         ; Row I/O    ;                 ; no       ; On           ;
; G18      ;            ;          ; GND                                            ; gnd    ;                       ;         ; --         ;                 ; --       ; --           ;
; G19      ; 330        ; 6        ; dummy_dout[8]                                  ; output ; 2.5 V                 ;         ; Row I/O    ; N               ; no       ; Off          ;
; G20      ; 328        ; 6        ; host_regs_read_pulse[6]                        ; input  ; 2.5 V                 ;         ; Row I/O    ; N               ; no       ; Off          ;
; G21      ;            ;          ; GND                                            ; gnd    ;                       ;         ; --         ;                 ; --       ; --           ;
; G22      ; 329        ; 6        ; dummy_dout[9]                                  ; output ; 2.5 V                 ;         ; Row I/O    ; N               ; no       ; Off          ;
; H1       ; 44         ; 1B       ; RESERVED_INPUT_WITH_WEAK_PULLUP                ;        ;                       ;         ; Row I/O    ;                 ; no       ; On           ;
; H2       ; 32         ; 1B       ; ~ALTERA_TMS~ / RESERVED_INPUT_WITH_WEAK_PULLUP ; input  ; 2.5 V Schmitt Trigger ;         ; Row I/O    ; N               ; no       ; On           ;
; H3       ; 10         ; 1A       ; RESERVED_INPUT_WITH_WEAK_PULLUP                ;        ;                       ;         ; Row I/O    ;                 ; no       ; On           ;
; H4       ; 9          ; 1A       ; dummy_din[21]                                  ; input  ; 2.5 V                 ;         ; Row I/O    ; N               ; no       ; Off          ;
; H5       ;            ;          ; REFGND                                         ;        ;                       ;         ; --         ;                 ; --       ; --           ;
; H6       ;            ;          ; ADC_VREF                                       ;        ;                       ;         ; --         ;                 ; --       ; --           ;
; H7       ;            ; --       ; VCCA_ADC                                       ; power  ;                       ; 2.5V    ; --         ;                 ; --       ; --           ;
; H8       ;            ; --       ; VCCA3                                          ; power  ;                       ; 2.5V    ; --         ;                 ; --       ; --           ;
; H9       ; 482        ; 8        ; ~ALTERA_nCONFIG~ / RESERVED_INPUT              ; input  ; 2.5 V Schmitt Trigger ;         ; Column I/O ; N               ; no       ; Off          ;
; H10      ; 480        ; 8        ; ~ALTERA_CONFIG_SEL~ / RESERVED_INPUT           ; input  ; 2.5 V                 ;         ; Column I/O ; N               ; no       ; Off          ;
; H11      ; 470        ; 8        ; dummy_din[12]                                  ; input  ; 2.5 V                 ;         ; Column I/O ; N               ; no       ; Off          ;
; H12      ; 444        ; 7        ; RESERVED_INPUT_WITH_WEAK_PULLUP                ;        ;                       ;         ; Column I/O ;                 ; no       ; On           ;
; H13      ; 432        ; 7        ; mem_ack                                        ; input  ; 2.5 V                 ;         ; Column I/O ; N               ; no       ; Off          ;
; H14      ; 420        ; 7        ; RESERVED_INPUT_WITH_WEAK_PULLUP                ;        ;                       ;         ; Column I/O ;                 ; no       ; On           ;
; H15      ;            ; --       ; VCCA2                                          ; power  ;                       ; 2.5V    ; --         ;                 ; --       ; --           ;
; H16      ;            ; 6        ; VCCIO6                                         ; power  ;                       ; 2.5V    ; --         ;                 ; --       ; --           ;
; H17      ; 384        ; 6        ; RESERVED_INPUT_WITH_WEAK_PULLUP                ;        ;                       ;         ; Row I/O    ;                 ; no       ; On           ;
; H18      ; 374        ; 6        ; RESERVED_INPUT_WITH_WEAK_PULLUP                ;        ;                       ;         ; Row I/O    ;                 ; no       ; On           ;
; H19      ; 372        ; 6        ; RESERVED_INPUT_WITH_WEAK_PULLUP                ;        ;                       ;         ; Row I/O    ;                 ; no       ; On           ;
; H20      ; 375        ; 6        ; RESERVED_INPUT_WITH_WEAK_PULLUP                ;        ;                       ;         ; Row I/O    ;                 ; no       ; On           ;
; H21      ; 323        ; 6        ; dummy_dout[18]                                 ; output ; 2.5 V                 ;         ; Row I/O    ; N               ; no       ; Off          ;
; H22      ; 321        ; 6        ; dummy_dout[1]                                  ; output ; 2.5 V                 ;         ; Row I/O    ; N               ; no       ; Off          ;
; J1       ; 46         ; 1B       ; RESERVED_INPUT_WITH_WEAK_PULLUP                ;        ;                       ;         ; Row I/O    ;                 ; no       ; On           ;
; J2       ;            ;          ; GND                                            ; gnd    ;                       ;         ; --         ;                 ; --       ; --           ;
; J3       ; 15         ; 1A       ; RESERVED_INPUT_WITH_WEAK_PULLUP                ;        ;                       ;         ; Row I/O    ;                 ; no       ; On           ;
; J4       ; 8          ; 1A       ; RESERVED_INPUT_WITH_WEAK_PULLUP                ;        ;                       ;         ; Row I/O    ;                 ; no       ; On           ;
; J5       ;            ;          ; ANAIN2                                         ;        ;                       ;         ; --         ;                 ; --       ; --           ;
; J6       ;            ;          ; GND                                            ; gnd    ;                       ;         ; --         ;                 ; --       ; --           ;
; J7       ;            ;          ; VCCINT                                         ; power  ;                       ; 1.2V    ; --         ;                 ; --       ; --           ;
; J8       ; 4          ; 1A       ; RESERVED_INPUT_WITH_WEAK_PULLUP                ;        ;                       ;         ; Row I/O    ;                 ; no       ; On           ;
; J9       ; 6          ; 1A       ; RESERVED_INPUT_WITH_WEAK_PULLUP                ;        ;                       ;         ; Row I/O    ;                 ; no       ; On           ;
; J10      ; 468        ; 8        ; dummy_din[20]                                  ; input  ; 2.5 V                 ;         ; Column I/O ; N               ; no       ; Off          ;
; J11      ; 446        ; 7        ; host_regs_read_pulse[9]                        ; input  ; 2.5 V                 ;         ; Column I/O ; N               ; no       ; Off          ;
; J12      ; 434        ; 7        ; reg_idx[3]                                     ; input  ; 2.5 V                 ;         ; Column I/O ; N               ; no       ; Off          ;
; J13      ; 422        ; 7        ; RESERVED_INPUT_WITH_WEAK_PULLUP                ;        ;                       ;         ; Column I/O ;                 ; no       ; On           ;
; J14      ; 368        ; 6        ; RESERVED_INPUT_WITH_WEAK_PULLUP                ;        ;                       ;         ; Row I/O    ;                 ; no       ; On           ;
; J15      ; 370        ; 6        ; RESERVED_INPUT_WITH_WEAK_PULLUP                ;        ;                       ;         ; Row I/O    ;                 ; no       ; On           ;
; J16      ;            ;          ; GND                                            ; gnd    ;                       ;         ; --         ;                 ; --       ; --           ;
; J17      ;            ; 6        ; VCCIO6                                         ; power  ;                       ; 2.5V    ; --         ;                 ; --       ; --           ;
; J18      ; 362        ; 6        ; RESERVED_INPUT_WITH_WEAK_PULLUP                ;        ;                       ;         ; Row I/O    ;                 ; no       ; On           ;
; J19      ;            ;          ; GND                                            ; gnd    ;                       ;         ; --         ;                 ; --       ; --           ;
; J20      ; 373        ; 6        ; RESERVED_INPUT_WITH_WEAK_PULLUP                ;        ;                       ;         ; Row I/O    ;                 ; no       ; On           ;
; J21      ; 327        ; 6        ; dummy_dout[3]                                  ; output ; 2.5 V                 ;         ; Row I/O    ; N               ; no       ; Off          ;
; J22      ; 325        ; 6        ; sel_word_idx[3]                                ; input  ; 2.5 V                 ;         ; Row I/O    ; N               ; no       ; Off          ;
; K1       ; 49         ; 1B       ; RESERVED_INPUT_WITH_WEAK_PULLUP                ;        ;                       ;         ; Row I/O    ;                 ; no       ; On           ;
; K2       ; 37         ; 1B       ; RESERVED_INPUT_WITH_WEAK_PULLUP                ;        ;                       ;         ; Row I/O    ;                 ; no       ; On           ;
; K3       ;            ;          ; GND                                            ; gnd    ;                       ;         ; --         ;                 ; --       ; --           ;
; K4       ; 13         ; 1A       ; RESERVED_INPUT_WITH_WEAK_PULLUP                ;        ;                       ;         ; Row I/O    ;                 ; no       ; On           ;
; K5       ; 12         ; 1A       ; RESERVED_INPUT_WITH_WEAK_PULLUP                ;        ;                       ;         ; Row I/O    ;                 ; no       ; On           ;
; K6       ; 14         ; 1A       ; RESERVED_INPUT_WITH_WEAK_PULLUP                ;        ;                       ;         ; Row I/O    ;                 ; no       ; On           ;
; K7       ;            ; 1A       ; VCCIO1A                                        ; power  ;                       ; 2.5V    ; --         ;                 ; --       ; --           ;
; K8       ; 28         ; 1B       ; RESERVED_INPUT_WITH_WEAK_PULLUP                ;        ;                       ;         ; Row I/O    ;                 ; no       ; On           ;
; K9       ; 30         ; 1B       ; RESERVED_INPUT_WITH_WEAK_PULLUP                ;        ;                       ;         ; Row I/O    ;                 ; no       ; On           ;
; K10      ;            ;          ; GND                                            ; gnd    ;                       ;         ; --         ;                 ; --       ; --           ;
; K11      ;            ; --       ; VCC                                            ; power  ;                       ; 1.2V    ; --         ;                 ; --       ; --           ;
; K12      ;            ;          ; GND                                            ; gnd    ;                       ;         ; --         ;                 ; --       ; --           ;
; K13      ;            ; --       ; VCC                                            ; power  ;                       ; 1.2V    ; --         ;                 ; --       ; --           ;
; K14      ; 356        ; 6        ; RESERVED_INPUT_WITH_WEAK_PULLUP                ;        ;                       ;         ; Row I/O    ;                 ; no       ; On           ;
; K15      ; 358        ; 6        ; RESERVED_INPUT_WITH_WEAK_PULLUP                ;        ;                       ;         ; Row I/O    ;                 ; no       ; On           ;
; K16      ;            ; 6        ; VCCIO6                                         ; power  ;                       ; 2.5V    ; --         ;                 ; --       ; --           ;
; K17      ;            ; 6        ; VCCIO6                                         ; power  ;                       ; 2.5V    ; --         ;                 ; --       ; --           ;
; K18      ; 360        ; 6        ; RESERVED_INPUT_WITH_WEAK_PULLUP                ;        ;                       ;         ; Row I/O    ;                 ; no       ; On           ;
; K19      ; 361        ; 6        ; RESERVED_INPUT_WITH_WEAK_PULLUP                ;        ;                       ;         ; Row I/O    ;                 ; no       ; On           ;
; K20      ; 363        ; 6        ; RESERVED_INPUT_WITH_WEAK_PULLUP                ;        ;                       ;         ; Row I/O    ;                 ; no       ; On           ;
; K21      ; 326        ; 6        ; dummy_din[9]                                   ; input  ; 2.5 V                 ;         ; Row I/O    ; N               ; no       ; Off          ;
; K22      ; 324        ; 6        ; dummy_dout[21]                                 ; output ; 2.5 V                 ;         ; Row I/O    ; N               ; no       ; Off          ;
; L1       ; 51         ; 1B       ; RESERVED_INPUT_WITH_WEAK_PULLUP                ;        ;                       ;         ; Row I/O    ;                 ; no       ; On           ;
; L2       ; 39         ; 1B       ; RESERVED_INPUT_WITH_WEAK_PULLUP                ;        ;                       ;         ; Row I/O    ;                 ; no       ; On           ;
; L3       ;            ;          ; DNU                                            ;        ;                       ;         ; --         ;                 ; --       ; --           ;
; L4       ; 36         ; 1B       ; ~ALTERA_TDI~ / RESERVED_INPUT_WITH_WEAK_PULLUP ; input  ; 2.5 V Schmitt Trigger ;         ; Row I/O    ; N               ; no       ; On           ;
; L5       ;            ;          ; GND                                            ; gnd    ;                       ;         ; --         ;                 ; --       ; --           ;
; L6       ;            ; 1A       ; VCCIO1A                                        ; power  ;                       ; 2.5V    ; --         ;                 ; --       ; --           ;
; L7       ;            ; 1B       ; VCCIO1B                                        ; power  ;                       ; 2.5V    ; --         ;                 ; --       ; --           ;
; L8       ; 40         ; 1B       ; RESERVED_INPUT_WITH_WEAK_PULLUP                ;        ;                       ;         ; Row I/O    ;                 ; no       ; On           ;
; L9       ; 42         ; 1B       ; RESERVED_INPUT_WITH_WEAK_PULLUP                ;        ;                       ;         ; Row I/O    ;                 ; no       ; On           ;
; L10      ;            ; --       ; VCC                                            ; power  ;                       ; 1.2V    ; --         ;                 ; --       ; --           ;
; L11      ;            ; --       ; VCC                                            ; power  ;                       ; 1.2V    ; --         ;                 ; --       ; --           ;
; L12      ;            ; --       ; VCC                                            ; power  ;                       ; 1.2V    ; --         ;                 ; --       ; --           ;
; L13      ;            ;          ; GND                                            ; gnd    ;                       ;         ; --         ;                 ; --       ; --           ;
; L14      ; 344        ; 6        ; RESERVED_INPUT_WITH_WEAK_PULLUP                ;        ;                       ;         ; Row I/O    ;                 ; no       ; On           ;
; L15      ; 346        ; 6        ; RESERVED_INPUT_WITH_WEAK_PULLUP                ;        ;                       ;         ; Row I/O    ;                 ; no       ; On           ;
; L16      ;            ; 6        ; VCCIO6                                         ; power  ;                       ; 2.5V    ; --         ;                 ; --       ; --           ;
; L17      ;            ;          ; GND                                            ; gnd    ;                       ;         ; --         ;                 ; --       ; --           ;
; L18      ; 350        ; 6        ; RESERVED_INPUT_WITH_WEAK_PULLUP                ;        ;                       ;         ; Row I/O    ;                 ; no       ; On           ;
; L19      ; 349        ; 6        ; RESERVED_INPUT_WITH_WEAK_PULLUP                ;        ;                       ;         ; Row I/O    ;                 ; no       ; On           ;
; L20      ; 351        ; 6        ; RESERVED_INPUT_WITH_WEAK_PULLUP                ;        ;                       ;         ; Row I/O    ;                 ; no       ; On           ;
; L21      ;            ;          ; GND                                            ; gnd    ;                       ;         ; --         ;                 ; --       ; --           ;
; L22      ; 314        ; 5        ; dummy_dout[14]                                 ; output ; 2.5 V                 ;         ; Row I/O    ; N               ; no       ; Off          ;
; M1       ; 79         ; 2        ; RESERVED_INPUT_WITH_WEAK_PULLUP                ;        ;                       ;         ; Row I/O    ;                 ; no       ; On           ;
; M2       ; 77         ; 2        ; RESERVED_INPUT_WITH_WEAK_PULLUP                ;        ;                       ;         ; Row I/O    ;                 ; --       ; --           ;
; M3       ; 50         ; 1B       ; RESERVED_INPUT_WITH_WEAK_PULLUP                ;        ;                       ;         ; Row I/O    ;                 ; no       ; On           ;
; M4       ; 48         ; 1B       ; RESERVED_INPUT_WITH_WEAK_PULLUP                ;        ;                       ;         ; Row I/O    ;                 ; no       ; On           ;
; M5       ; 38         ; 1B       ; ~ALTERA_TDO~                                   ; output ; 2.5 V                 ;         ; Row I/O    ; N               ; no       ; Off          ;
; M6       ;            ; 1B       ; VCCIO1B                                        ; power  ;                       ; 2.5V    ; --         ;                 ; --       ; --           ;
; M7       ;            ;          ; GND                                            ; gnd    ;                       ;         ; --         ;                 ; --       ; --           ;
; M8       ; 72         ; 2        ; clk                                            ; input  ; 2.5 V                 ;         ; Row I/O    ; N               ; no       ; Off          ;
; M9       ; 74         ; 2        ; rst_n                                          ; input  ; 2.5 V                 ;         ; Row I/O    ; N               ; no       ; Off          ;
; M10      ;            ;          ; GND                                            ; gnd    ;                       ;         ; --         ;                 ; --       ; --           ;
; M11      ;            ; --       ; VCC                                            ; power  ;                       ; 1.2V    ; --         ;                 ; --       ; --           ;
; M12      ;            ; --       ; VCC                                            ; power  ;                       ; 1.2V    ; --         ;                 ; --       ; --           ;
; M13      ;            ; --       ; VCC                                            ; power  ;                       ; 1.2V    ; --         ;                 ; --       ; --           ;
; M14      ; 334        ; 6        ; RESERVED_INPUT_WITH_WEAK_PULLUP                ;        ;                       ;         ; Row I/O    ;                 ; no       ; On           ;
; M15      ; 332        ; 6        ; reg_idx[0]                                     ; input  ; 2.5 V                 ;         ; Row I/O    ; N               ; no       ; Off          ;
; M16      ;            ;          ; GND                                            ; gnd    ;                       ;         ; --         ;                 ; --       ; --           ;
; M17      ;            ; 6        ; VCCIO6                                         ; power  ;                       ; 2.5V    ; --         ;                 ; --       ; --           ;
; M18      ; 348        ; 6        ; RESERVED_INPUT_WITH_WEAK_PULLUP                ;        ;                       ;         ; Row I/O    ;                 ; no       ; On           ;
; M19      ;            ;          ; GND                                            ; gnd    ;                       ;         ; --         ;                 ; --       ; --           ;
; M20      ; 337        ; 6        ; RESERVED_INPUT_WITH_WEAK_PULLUP                ;        ;                       ;         ; Row I/O    ;                 ; no       ; On           ;
; M21      ; 312        ; 5        ; dummy_dout[20]                                 ; output ; 2.5 V                 ;         ; Row I/O    ; N               ; no       ; Off          ;
; M22      ; 315        ; 5        ; dummy_dout[16]                                 ; output ; 2.5 V                 ;         ; Row I/O    ; N               ; no       ; Off          ;
; N1       ; 87         ; 2        ; RESERVED_INPUT_WITH_WEAK_PULLUP                ;        ;                       ;         ; Row I/O    ;                 ; no       ; On           ;
; N2       ; 75         ; 2        ; RESERVED_INPUT_WITH_WEAK_PULLUP                ;        ;                       ;         ; Row I/O    ;                 ; no       ; On           ;
; N3       ; 73         ; 2        ; RESERVED_INPUT_WITH_WEAK_PULLUP                ;        ;                       ;         ; Row I/O    ;                 ; no       ; On           ;
; N4       ; 56         ; 2        ; RESERVED_INPUT_WITH_WEAK_PULLUP                ;        ;                       ;         ; Row I/O    ;                 ; no       ; On           ;
; N5       ; 58         ; 2        ; RESERVED_INPUT_WITH_WEAK_PULLUP                ;        ;                       ;         ; Row I/O    ;                 ; no       ; On           ;
; N6       ;            ; 2        ; VCCIO2                                         ; power  ;                       ; 2.5V    ; --         ;                 ; --       ; --           ;
; N7       ;            ; 2        ; VCCIO2                                         ; power  ;                       ; 2.5V    ; --         ;                 ; --       ; --           ;
; N8       ; 84         ; 2        ; RESERVED_INPUT_WITH_WEAK_PULLUP                ;        ;                       ;         ; Row I/O    ;                 ; no       ; On           ;
; N9       ; 86         ; 2        ; RESERVED_INPUT_WITH_WEAK_PULLUP                ;        ;                       ;         ; Row I/O    ;                 ; no       ; On           ;
; N10      ;            ; --       ; VCC                                            ; power  ;                       ; 1.2V    ; --         ;                 ; --       ; --           ;
; N11      ;            ;          ; GND                                            ; gnd    ;                       ;         ; --         ;                 ; --       ; --           ;
; N12      ;            ; --       ; VCC                                            ; power  ;                       ; 1.2V    ; --         ;                 ; --       ; --           ;
; N13      ;            ;          ; GND                                            ; gnd    ;                       ;         ; --         ;                 ; --       ; --           ;
; N14      ; 320        ; 6        ; dummy_dout[19]                                 ; output ; 2.5 V                 ;         ; Row I/O    ; N               ; no       ; Off          ;
; N15      ; 322        ; 6        ; dummy_dout[4]                                  ; output ; 2.5 V                 ;         ; Row I/O    ; N               ; no       ; Off          ;
; N16      ;            ; 5        ; VCCIO5                                         ; power  ;                       ; 2.5V    ; --         ;                 ; --       ; --           ;
; N17      ;            ; 6        ; VCCIO6                                         ; power  ;                       ; 2.5V    ; --         ;                 ; --       ; --           ;
; N18      ; 336        ; 6        ; RESERVED_INPUT_WITH_WEAK_PULLUP                ;        ;                       ;         ; Row I/O    ;                 ; no       ; On           ;
; N19      ; 338        ; 6        ; dummy_din[19]                                  ; input  ; 2.5 V                 ;         ; Row I/O    ; N               ; no       ; Off          ;
; N20      ; 339        ; 6        ; RESERVED_INPUT_WITH_WEAK_PULLUP                ;        ;                       ;         ; Row I/O    ;                 ; no       ; On           ;
; N21      ; 313        ; 5        ; dummy_dout[17]                                 ; output ; 2.5 V                 ;         ; Row I/O    ; N               ; no       ; Off          ;
; N22      ; 307        ; 5        ; sel_word_idx[0]                                ; input  ; 2.5 V                 ;         ; Row I/O    ; N               ; no       ; Off          ;
; P1       ; 85         ; 2        ; RESERVED_INPUT_WITH_WEAK_PULLUP                ;        ;                       ;         ; Row I/O    ;                 ; no       ; On           ;
; P2       ;            ;          ; GND                                            ; gnd    ;                       ;         ; --         ;                 ; --       ; --           ;
; P3       ; 76         ; 2        ; RESERVED_INPUT_WITH_WEAK_PULLUP                ;        ;                       ;         ; Row I/O    ;                 ; no       ; On           ;
; P4       ; 57         ; 2        ; RESERVED_INPUT_WITH_WEAK_PULLUP                ;        ;                       ;         ; Row I/O    ;                 ; no       ; On           ;
; P5       ; 59         ; 2        ; read_mem_req                                   ; output ; 2.5 V                 ;         ; Row I/O    ; N               ; no       ; Off          ;
; P6       ;            ;          ; GND                                            ; gnd    ;                       ;         ; --         ;                 ; --       ; --           ;
; P7       ;            ; 2        ; VCCIO2                                         ; power  ;                       ; 2.5V    ; --         ;                 ; --       ; --           ;
; P8       ; 96         ; 2        ; RESERVED_INPUT_WITH_WEAK_PULLUP                ;        ;                       ;         ; Row I/O    ;                 ; no       ; On           ;
; P9       ; 142        ; 3        ; RESERVED_INPUT_WITH_WEAK_PULLUP                ;        ;                       ;         ; Column I/O ;                 ; no       ; On           ;
; P10      ; 154        ; 3        ; RESERVED_INPUT_WITH_WEAK_PULLUP                ;        ;                       ;         ; Column I/O ;                 ; no       ; On           ;
; P11      ; 166        ; 3        ; RESERVED_INPUT_WITH_WEAK_PULLUP                ;        ;                       ;         ; Column I/O ;                 ; no       ; On           ;
; P12      ; 178        ; 4        ; dummy_din[26]                                  ; input  ; 2.5 V                 ;         ; Column I/O ; N               ; no       ; Off          ;
; P13      ; 198        ; 4        ; mem_start_addr[10]                             ; output ; 2.5 V                 ;         ; Column I/O ; N               ; no       ; Off          ;
; P14      ; 306        ; 5        ; dummy_dout[12]                                 ; output ; 2.5 V                 ;         ; Row I/O    ; N               ; no       ; Off          ;
; P15      ; 304        ; 5        ; sel_word_idx[1]                                ; input  ; 2.5 V                 ;         ; Row I/O    ; N               ; no       ; Off          ;
; P16      ;            ; 5        ; VCCIO5                                         ; power  ;                       ; 2.5V    ; --         ;                 ; --       ; --           ;
; P17      ;            ;          ; GND                                            ; gnd    ;                       ;         ; --         ;                 ; --       ; --           ;
; P18      ; 310        ; 5        ; dummy_dout[10]                                 ; output ; 2.5 V                 ;         ; Row I/O    ; N               ; no       ; Off          ;
; P19      ; 309        ; 5        ; dummy_dout[30]                                 ; output ; 2.5 V                 ;         ; Row I/O    ; N               ; no       ; Off          ;
; P20      ; 311        ; 5        ; dummy_dout[27]                                 ; output ; 2.5 V                 ;         ; Row I/O    ; N               ; no       ; Off          ;
; P21      ; 305        ; 5        ; dummy_dout[5]                                  ; output ; 2.5 V                 ;         ; Row I/O    ; N               ; no       ; Off          ;
; P22      ; 303        ; 5        ; sel_word_idx[2]                                ; input  ; 2.5 V                 ;         ; Row I/O    ; N               ; no       ; Off          ;
; R1       ; 121        ; 2        ; host_regs_read_pulse[11]                       ; input  ; 2.5 V                 ;         ; Row I/O    ; N               ; no       ; Off          ;
; R2       ; 123        ; 2        ; RESERVED_INPUT_WITH_WEAK_PULLUP                ;        ;                       ;         ; Row I/O    ;                 ; no       ; On           ;
; R3       ; 78         ; 2        ; RESERVED_INPUT_WITH_WEAK_PULLUP                ;        ;                       ;         ; Row I/O    ;                 ; no       ; On           ;
; R4       ; 80         ; 2        ; RESERVED_INPUT_WITH_WEAK_PULLUP                ;        ;                       ;         ; Row I/O    ;                 ; no       ; On           ;
; R5       ; 82         ; 2        ; RESERVED_INPUT_WITH_WEAK_PULLUP                ;        ;                       ;         ; Row I/O    ;                 ; no       ; On           ;
; R6       ;            ; 2        ; VCCIO2                                         ; power  ;                       ; 2.5V    ; --         ;                 ; --       ; --           ;
; R7       ; 98         ; 2        ; RESERVED_INPUT_WITH_WEAK_PULLUP                ;        ;                       ;         ; Row I/O    ;                 ; no       ; On           ;
; R8       ;            ; --       ; VCCA1                                          ; power  ;                       ; 2.5V    ; --         ;                 ; --       ; --           ;
; R9       ; 140        ; 3        ; RESERVED_INPUT_WITH_WEAK_PULLUP                ;        ;                       ;         ; Column I/O ;                 ; no       ; On           ;
; R10      ; 152        ; 3        ; RESERVED_INPUT_WITH_WEAK_PULLUP                ;        ;                       ;         ; Column I/O ;                 ; no       ; On           ;
; R11      ; 164        ; 3        ; RESERVED_INPUT_WITH_WEAK_PULLUP                ;        ;                       ;         ; Column I/O ;                 ; no       ; On           ;
; R12      ; 176        ; 4        ; RESERVED_INPUT_WITH_WEAK_PULLUP                ;        ;                       ;         ; Column I/O ;                 ; no       ; On           ;
; R13      ; 196        ; 4        ; mem_start_addr[2]                              ; output ; 2.5 V                 ;         ; Column I/O ; N               ; no       ; Off          ;
; R14      ; 294        ; 5        ; mem_valid                                      ; input  ; 2.5 V                 ;         ; Row I/O    ; N               ; no       ; Off          ;
; R15      ; 292        ; 5        ; mem_size_bytes[2]                              ; output ; 2.5 V                 ;         ; Row I/O    ; N               ; no       ; Off          ;
; R16      ;            ; 5        ; VCCIO5                                         ; power  ;                       ; 2.5V    ; --         ;                 ; --       ; --           ;
; R17      ;            ; 5        ; VCCIO5                                         ; power  ;                       ; 2.5V    ; --         ;                 ; --       ; --           ;
; R18      ; 308        ; 5        ; dummy_dout[24]                                 ; output ; 2.5 V                 ;         ; Row I/O    ; N               ; no       ; Off          ;
; R19      ;            ;          ; GND                                            ; gnd    ;                       ;         ; --         ;                 ; --       ; --           ;
; R20      ; 299        ; 5        ; dummy_dout[23]                                 ; output ; 2.5 V                 ;         ; Row I/O    ; N               ; no       ; Off          ;
; R21      ;            ;          ; GND                                            ; gnd    ;                       ;         ; --         ;                 ; --       ; --           ;
; R22      ; 301        ; 5        ; dummy_dout[31]                                 ; output ; 2.5 V                 ;         ; Row I/O    ; N               ; no       ; Off          ;
; T1       ; 81         ; 2        ; RESERVED_INPUT_WITH_WEAK_PULLUP                ;        ;                       ;         ; Row I/O    ;                 ; no       ; On           ;
; T2       ; 83         ; 2        ; RESERVED_INPUT_WITH_WEAK_PULLUP                ;        ;                       ;         ; Row I/O    ;                 ; no       ; On           ;
; T3       ; 88         ; 2        ; host_regs_read_pulse[10]                       ; input  ; 2.5 V                 ;         ; Row I/O    ; N               ; no       ; Off          ;
; T4       ;            ;          ; GND                                            ; gnd    ;                       ;         ; --         ;                 ; --       ; --           ;
; T5       ; 120        ; 2        ; RESERVED_INPUT_WITH_WEAK_PULLUP                ;        ;                       ;         ; Row I/O    ;                 ; no       ; On           ;
; T6       ; 122        ; 2        ; RESERVED_INPUT_WITH_WEAK_PULLUP                ;        ;                       ;         ; Row I/O    ;                 ; no       ; On           ;
; T7       ;            ;          ; VCCD_PLL1                                      ; power  ;                       ; 1.2V    ; --         ;                 ; --       ; --           ;
; T8       ;            ;          ; GND                                            ; gnd    ;                       ;         ; --         ;                 ; --       ; --           ;
; T9       ;            ; 3        ; VCCIO3                                         ; power  ;                       ; 2.5V    ; --         ;                 ; --       ; --           ;
; T10      ;            ; 3        ; VCCIO3                                         ; power  ;                       ; 2.5V    ; --         ;                 ; --       ; --           ;
; T11      ;            ; 3        ; VCCIO3                                         ; power  ;                       ; 2.5V    ; --         ;                 ; --       ; --           ;
; T12      ;            ; 4        ; VCCIO4                                         ; power  ;                       ; 2.5V    ; --         ;                 ; --       ; --           ;
; T13      ;            ; 4        ; VCCIO4                                         ; power  ;                       ; 2.5V    ; --         ;                 ; --       ; --           ;
; T14      ;            ;          ; GND                                            ; gnd    ;                       ;         ; --         ;                 ; --       ; --           ;
; T15      ;            ; --       ; VCCA4                                          ; power  ;                       ; 2.5V    ; --         ;                 ; --       ; --           ;
; T16      ;            ;          ; GND                                            ; gnd    ;                       ;         ; --         ;                 ; --       ; --           ;
; T17      ;            ; 5        ; VCCIO5                                         ; power  ;                       ; 2.5V    ; --         ;                 ; --       ; --           ;
; T18      ; 298        ; 5        ; dummy_dout[29]                                 ; output ; 2.5 V                 ;         ; Row I/O    ; N               ; no       ; Off          ;
; T19      ; 296        ; 5        ; sel_xmem                                       ; input  ; 2.5 V                 ;         ; Row I/O    ; N               ; no       ; Off          ;
; T20      ; 297        ; 5        ; dummy_dout[13]                                 ; output ; 2.5 V                 ;         ; Row I/O    ; N               ; no       ; Off          ;
; T21      ; 293        ; 5        ; dummy_dout[7]                                  ; output ; 2.5 V                 ;         ; Row I/O    ; N               ; no       ; Off          ;
; T22      ; 295        ; 5        ; dummy_dout[2]                                  ; output ; 2.5 V                 ;         ; Row I/O    ; N               ; no       ; Off          ;
; U1       ; 89         ; 2        ; RESERVED_INPUT_WITH_WEAK_PULLUP                ;        ;                       ;         ; Row I/O    ;                 ; no       ; On           ;
; U2       ; 90         ; 2        ; RESERVED_INPUT_WITH_WEAK_PULLUP                ;        ;                       ;         ; Row I/O    ;                 ; no       ; On           ;
; U3       ; 93         ; 2        ; RESERVED_INPUT_WITH_WEAK_PULLUP                ;        ;                       ;         ; Row I/O    ;                 ; no       ; On           ;
; U4       ; 92         ; 2        ; RESERVED_INPUT_WITH_WEAK_PULLUP                ;        ;                       ;         ; Row I/O    ;                 ; no       ; On           ;
; U5       ; 94         ; 2        ; RESERVED_INPUT_WITH_WEAK_PULLUP                ;        ;                       ;         ; Row I/O    ;                 ; no       ; On           ;
; U6       ; 128        ; 3        ; RESERVED_INPUT_WITH_WEAK_PULLUP                ;        ;                       ;         ; Column I/O ;                 ; no       ; On           ;
; U7       ; 130        ; 3        ; RESERVED_INPUT_WITH_WEAK_PULLUP                ;        ;                       ;         ; Column I/O ;                 ; no       ; On           ;
; U8       ;            ; 3        ; VCCIO3                                         ; power  ;                       ; 2.5V    ; --         ;                 ; --       ; --           ;
; U9       ;            ; 3        ; VCCIO3                                         ; power  ;                       ; 2.5V    ; --         ;                 ; --       ; --           ;
; U10      ;            ;          ; GND                                            ; gnd    ;                       ;         ; --         ;                 ; --       ; --           ;
; U11      ;            ; 4        ; VCCIO4                                         ; power  ;                       ; 2.5V    ; --         ;                 ; --       ; --           ;
; U12      ;            ; 4        ; VCCIO4                                         ; power  ;                       ; 2.5V    ; --         ;                 ; --       ; --           ;
; U13      ;            ;          ; GND                                            ; gnd    ;                       ;         ; --         ;                 ; --       ; --           ;
; U14      ;            ; 4        ; VCCIO4                                         ; power  ;                       ; 2.5V    ; --         ;                 ; --       ; --           ;
; U15      ; 208        ; 4        ; mem_size_bytes[0]                              ; output ; 2.5 V                 ;         ; Column I/O ; N               ; no       ; Off          ;
; U16      ;            ;          ; VCCD_PLL4                                      ; power  ;                       ; 1.2V    ; --         ;                 ; --       ; --           ;
; U17      ; 246        ; 5        ; RESERVED_INPUT_WITH_WEAK_PULLUP                ;        ;                       ;         ; Row I/O    ;                 ; no       ; On           ;
; U18      ; 244        ; 5        ; RESERVED_INPUT_WITH_WEAK_PULLUP                ;        ;                       ;         ; Row I/O    ;                 ; no       ; On           ;
; U19      ; 282        ; 5        ; RESERVED_INPUT_WITH_WEAK_PULLUP                ;        ;                       ;         ; Row I/O    ;                 ; no       ; On           ;
; U20      ; 290        ; 5        ; dummy_dout[26]                                 ; output ; 2.5 V                 ;         ; Row I/O    ; N               ; no       ; Off          ;
; U21      ; 300        ; 5        ; dummy_din[11]                                  ; input  ; 2.5 V                 ;         ; Row I/O    ; N               ; no       ; Off          ;
; U22      ; 302        ; 5        ; dummy_dout[22]                                 ; output ; 2.5 V                 ;         ; Row I/O    ; N               ; no       ; Off          ;
; V1       ; 91         ; 2        ; RESERVED_INPUT_WITH_WEAK_PULLUP                ;        ;                       ;         ; Row I/O    ;                 ; no       ; On           ;
; V2       ;            ;          ; GND                                            ; gnd    ;                       ;         ; --         ;                 ; --       ; --           ;
; V3       ; 95         ; 2        ; RESERVED_INPUT_WITH_WEAK_PULLUP                ;        ;                       ;         ; Row I/O    ;                 ; no       ; On           ;
; V4       ; 125        ; 3        ; RESERVED_INPUT_WITH_WEAK_PULLUP                ;        ;                       ;         ; Column I/O ;                 ; no       ; On           ;
; V5       ; 127        ; 3        ; RESERVED_INPUT_WITH_WEAK_PULLUP                ;        ;                       ;         ; Column I/O ;                 ; no       ; On           ;
; V6       ;            ;          ; GND                                            ; gnd    ;                       ;         ; --         ;                 ; --       ; --           ;
; V7       ; 136        ; 3        ; RESERVED_INPUT_WITH_WEAK_PULLUP                ;        ;                       ;         ; Column I/O ;                 ; no       ; On           ;
; V8       ; 138        ; 3        ; RESERVED_INPUT_WITH_WEAK_PULLUP                ;        ;                       ;         ; Column I/O ;                 ; no       ; On           ;
; V9       ; 160        ; 3        ; RESERVED_INPUT_WITH_WEAK_PULLUP                ;        ;                       ;         ; Column I/O ;                 ; no       ; On           ;
; V10      ; 162        ; 3        ; RESERVED_INPUT_WITH_WEAK_PULLUP                ;        ;                       ;         ; Column I/O ;                 ; no       ; On           ;
; V11      ; 172        ; 4        ; RESERVED_INPUT_WITH_WEAK_PULLUP                ;        ;                       ;         ; Column I/O ;                 ; no       ; On           ;
; V12      ; 174        ; 4        ; RESERVED_INPUT_WITH_WEAK_PULLUP                ;        ;                       ;         ; Column I/O ;                 ; no       ; On           ;
; V13      ; 192        ; 4        ; mem_start_addr[14]                             ; output ; 2.5 V                 ;         ; Column I/O ; N               ; no       ; Off          ;
; V14      ; 204        ; 4        ; mem_start_addr[5]                              ; output ; 2.5 V                 ;         ; Column I/O ; N               ; no       ; Off          ;
; V15      ; 216        ; 4        ; RESERVED_INPUT_WITH_WEAK_PULLUP                ;        ;                       ;         ; Column I/O ;                 ; no       ; On           ;
; V16      ; 210        ; 4        ; host_regs_valid_pulse                          ; input  ; 2.5 V                 ;         ; Column I/O ; N               ; no       ; Off          ;
; V17      ; 242        ; 4        ; RESERVED_INPUT_WITH_WEAK_PULLUP                ;        ;                       ;         ; Column I/O ;                 ; no       ; On           ;
; V18      ; 280        ; 5        ; host_regs_read_pulse[15]                       ; input  ; 2.5 V                 ;         ; Row I/O    ; N               ; no       ; Off          ;
; V19      ;            ;          ; GND                                            ; gnd    ;                       ;         ; --         ;                 ; --       ; --           ;
; V20      ; 288        ; 5        ; dummy_dout[25]                                 ; output ; 2.5 V                 ;         ; Row I/O    ; N               ; no       ; Off          ;
; V21      ; 289        ; 5        ; dummy_dout[28]                                 ; output ; 2.5 V                 ;         ; Row I/O    ; N               ; no       ; Off          ;
; V22      ; 291        ; 5        ; dummy_dout[6]                                  ; output ; 2.5 V                 ;         ; Row I/O    ; N               ; no       ; Off          ;
; W1       ; 97         ; 2        ; RESERVED_INPUT_WITH_WEAK_PULLUP                ;        ;                       ;         ; Row I/O    ;                 ; no       ; On           ;
; W2       ; 99         ; 2        ; RESERVED_INPUT_WITH_WEAK_PULLUP                ;        ;                       ;         ; Row I/O    ;                 ; no       ; On           ;
; W3       ; 134        ; 3        ; RESERVED_INPUT_WITH_WEAK_PULLUP                ;        ;                       ;         ; Column I/O ;                 ; no       ; On           ;
; W4       ; 132        ; 3        ; RESERVED_INPUT_WITH_WEAK_PULLUP                ;        ;                       ;         ; Column I/O ;                 ; no       ; On           ;
; W5       ; 124        ; 3        ; RESERVED_INPUT_WITH_WEAK_PULLUP                ;        ;                       ;         ; Column I/O ;                 ; no       ; On           ;
; W6       ; 126        ; 3        ; RESERVED_INPUT_WITH_WEAK_PULLUP                ;        ;                       ;         ; Column I/O ;                 ; no       ; On           ;
; W7       ; 148        ; 3        ; RESERVED_INPUT_WITH_WEAK_PULLUP                ;        ;                       ;         ; Column I/O ;                 ; no       ; On           ;
; W8       ; 150        ; 3        ; RESERVED_INPUT_WITH_WEAK_PULLUP                ;        ;                       ;         ; Column I/O ;                 ; no       ; On           ;
; W9       ; 144        ; 3        ; RESERVED_INPUT_WITH_WEAK_PULLUP                ;        ;                       ;         ; Column I/O ;                 ; no       ; On           ;
; W10      ; 146        ; 3        ; RESERVED_INPUT_WITH_WEAK_PULLUP                ;        ;                       ;         ; Column I/O ;                 ; no       ; On           ;
; W11      ; 173        ; 4        ; RESERVED_INPUT_WITH_WEAK_PULLUP                ;        ;                       ;         ; Column I/O ;                 ; no       ; On           ;
; W12      ; 193        ; 4        ; mem_start_addr[6]                              ; output ; 2.5 V                 ;         ; Column I/O ; N               ; no       ; Off          ;
; W13      ; 195        ; 4        ; mem_start_addr[12]                             ; output ; 2.5 V                 ;         ; Column I/O ; N               ; no       ; Off          ;
; W14      ; 194        ; 4        ; mem_size_bytes[1]                              ; output ; 2.5 V                 ;         ; Column I/O ; N               ; no       ; Off          ;
; W15      ; 206        ; 4        ; write_mem_req                                  ; output ; 2.5 V                 ;         ; Column I/O ; N               ; no       ; Off          ;
; W16      ; 218        ; 4        ; RESERVED_INPUT_WITH_WEAK_PULLUP                ;        ;                       ;         ; Column I/O ;                 ; no       ; On           ;
; W17      ; 240        ; 4        ; RESERVED_INPUT_WITH_WEAK_PULLUP                ;        ;                       ;         ; Column I/O ;                 ; no       ; On           ;
; W18      ; 226        ; 4        ; RESERVED_INPUT_WITH_WEAK_PULLUP                ;        ;                       ;         ; Column I/O ;                 ; no       ; On           ;
; W19      ; 284        ; 5        ; RESERVED_INPUT_WITH_WEAK_PULLUP                ;        ;                       ;         ; Row I/O    ;                 ; no       ; On           ;
; W20      ; 286        ; 5        ; RESERVED_INPUT_WITH_WEAK_PULLUP                ;        ;                       ;         ; Row I/O    ;                 ; no       ; On           ;
; W21      ;            ;          ; GND                                            ; gnd    ;                       ;         ; --         ;                 ; --       ; --           ;
; W22      ; 283        ; 5        ; RESERVED_INPUT_WITH_WEAK_PULLUP                ;        ;                       ;         ; Row I/O    ;                 ; no       ; On           ;
; Y1       ; 129        ; 3        ; RESERVED_INPUT_WITH_WEAK_PULLUP                ;        ;                       ;         ; Column I/O ;                 ; no       ; On           ;
; Y2       ; 131        ; 3        ; RESERVED_INPUT_WITH_WEAK_PULLUP                ;        ;                       ;         ; Column I/O ;                 ; no       ; On           ;
; Y3       ; 149        ; 3        ; RESERVED_INPUT_WITH_WEAK_PULLUP                ;        ;                       ;         ; Column I/O ;                 ; no       ; On           ;
; Y4       ; 151        ; 3        ; RESERVED_INPUT_WITH_WEAK_PULLUP                ;        ;                       ;         ; Column I/O ;                 ; no       ; On           ;
; Y5       ; 137        ; 3        ; RESERVED_INPUT_WITH_WEAK_PULLUP                ;        ;                       ;         ; Column I/O ;                 ; no       ; On           ;
; Y6       ; 139        ; 3        ; RESERVED_INPUT_WITH_WEAK_PULLUP                ;        ;                       ;         ; Column I/O ;                 ; no       ; On           ;
; Y7       ; 141        ; 3        ; RESERVED_INPUT_WITH_WEAK_PULLUP                ;        ;                       ;         ; Column I/O ;                 ; no       ; On           ;
; Y8       ; 143        ; 3        ; RESERVED_INPUT_WITH_WEAK_PULLUP                ;        ;                       ;         ; Column I/O ;                 ; no       ; On           ;
; Y9       ;            ;          ; GND                                            ; gnd    ;                       ;         ; --         ;                 ; --       ; --           ;
; Y10      ; 168        ; 3        ; RESERVED_INPUT_WITH_WEAK_PULLUP                ;        ;                       ;         ; Column I/O ;                 ; no       ; On           ;
; Y11      ; 175        ; 4        ; host_regs_read_pulse[8]                        ; input  ; 2.5 V                 ;         ; Column I/O ; N               ; no       ; Off          ;
; Y12      ;            ;          ; GND                                            ; gnd    ;                       ;         ; --         ;                 ; --       ; --           ;
; Y13      ; 200        ; 4        ; mem_start_addr[13]                             ; output ; 2.5 V                 ;         ; Column I/O ; N               ; no       ; Off          ;
; Y14      ; 202        ; 4        ; mem_start_addr[3]                              ; output ; 2.5 V                 ;         ; Column I/O ; N               ; no       ; Off          ;
; Y15      ;            ;          ; GND                                            ; gnd    ;                       ;         ; --         ;                 ; --       ; --           ;
; Y16      ; 207        ; 4        ; reg_idx[2]                                     ; input  ; 2.5 V                 ;         ; Column I/O ; N               ; no       ; Off          ;
; Y17      ; 214        ; 4        ; sel_wr                                         ; input  ; 2.5 V                 ;         ; Column I/O ; N               ; no       ; Off          ;
; Y18      ; 219        ; 4        ; RESERVED_INPUT_WITH_WEAK_PULLUP                ;        ;                       ;         ; Column I/O ;                 ; no       ; On           ;
; Y19      ; 224        ; 4        ; RESERVED_INPUT_WITH_WEAK_PULLUP                ;        ;                       ;         ; Column I/O ;                 ; no       ; On           ;
; Y20      ; 285        ; 5        ; dummy_dout[15]                                 ; output ; 2.5 V                 ;         ; Row I/O    ; N               ; no       ; Off          ;
; Y21      ; 287        ; 5        ; RESERVED_INPUT_WITH_WEAK_PULLUP                ;        ;                       ;         ; Row I/O    ;                 ; no       ; On           ;
; Y22      ; 281        ; 5        ; RESERVED_INPUT_WITH_WEAK_PULLUP                ;        ;                       ;         ; Row I/O    ;                 ; no       ; On           ;
+----------+------------+----------+------------------------------------------------+--------+-----------------------+---------+------------+-----------------+----------+--------------+
Note: Pin directions (input, output or bidir) are based on device operating in user mode.


+----------------------------------------------------------+
; I/O Assignment Warnings                                  ;
+--------------------------+-------------------------------+
; Pin Name                 ; Reason                        ;
+--------------------------+-------------------------------+
; read_mem_req             ; Incomplete set of assignments ;
; write_mem_req            ; Incomplete set of assignments ;
; mem_start_addr[0]        ; Incomplete set of assignments ;
; mem_start_addr[1]        ; Incomplete set of assignments ;
; mem_start_addr[2]        ; Incomplete set of assignments ;
; mem_start_addr[3]        ; Incomplete set of assignments ;
; mem_start_addr[4]        ; Incomplete set of assignments ;
; mem_start_addr[5]        ; Incomplete set of assignments ;
; mem_start_addr[6]        ; Incomplete set of assignments ;
; mem_start_addr[7]        ; Incomplete set of assignments ;
; mem_start_addr[8]        ; Incomplete set of assignments ;
; mem_start_addr[9]        ; Incomplete set of assignments ;
; mem_start_addr[10]       ; Incomplete set of assignments ;
; mem_start_addr[11]       ; Incomplete set of assignments ;
; mem_start_addr[12]       ; Incomplete set of assignments ;
; mem_start_addr[13]       ; Incomplete set of assignments ;
; mem_start_addr[14]       ; Incomplete set of assignments ;
; mem_start_addr[15]       ; Incomplete set of assignments ;
; mem_size_bytes[0]        ; Incomplete set of assignments ;
; mem_size_bytes[1]        ; Incomplete set of assignments ;
; mem_size_bytes[2]        ; Incomplete set of assignments ;
; mem_size_bytes[3]        ; Incomplete set of assignments ;
; mem_size_bytes[4]        ; Incomplete set of assignments ;
; mem_size_bytes[5]        ; Incomplete set of assignments ;
; host_regs_valid_out      ; Incomplete set of assignments ;
; host_regs_read_pulse[0]  ; Incomplete set of assignments ;
; host_regs_read_pulse[1]  ; Incomplete set of assignments ;
; host_regs_read_pulse[2]  ; Incomplete set of assignments ;
; host_regs_read_pulse[3]  ; Incomplete set of assignments ;
; host_regs_read_pulse[4]  ; Incomplete set of assignments ;
; host_regs_read_pulse[5]  ; Incomplete set of assignments ;
; host_regs_read_pulse[6]  ; Incomplete set of assignments ;
; host_regs_read_pulse[7]  ; Incomplete set of assignments ;
; host_regs_read_pulse[8]  ; Incomplete set of assignments ;
; host_regs_read_pulse[9]  ; Incomplete set of assignments ;
; host_regs_read_pulse[10] ; Incomplete set of assignments ;
; host_regs_read_pulse[11] ; Incomplete set of assignments ;
; host_regs_read_pulse[12] ; Incomplete set of assignments ;
; host_regs_read_pulse[13] ; Incomplete set of assignments ;
; host_regs_read_pulse[14] ; Incomplete set of assignments ;
; host_regs_read_pulse[15] ; Incomplete set of assignments ;
; dummy_dout[0]            ; Incomplete set of assignments ;
; dummy_dout[1]            ; Incomplete set of assignments ;
; dummy_dout[2]            ; Incomplete set of assignments ;
; dummy_dout[3]            ; Incomplete set of assignments ;
; dummy_dout[4]            ; Incomplete set of assignments ;
; dummy_dout[5]            ; Incomplete set of assignments ;
; dummy_dout[6]            ; Incomplete set of assignments ;
; dummy_dout[7]            ; Incomplete set of assignments ;
; dummy_dout[8]            ; Incomplete set of assignments ;
; dummy_dout[9]            ; Incomplete set of assignments ;
; dummy_dout[10]           ; Incomplete set of assignments ;
; dummy_dout[11]           ; Incomplete set of assignments ;
; dummy_dout[12]           ; Incomplete set of assignments ;
; dummy_dout[13]           ; Incomplete set of assignments ;
; dummy_dout[14]           ; Incomplete set of assignments ;
; dummy_dout[15]           ; Incomplete set of assignments ;
; dummy_dout[16]           ; Incomplete set of assignments ;
; dummy_dout[17]           ; Incomplete set of assignments ;
; dummy_dout[18]           ; Incomplete set of assignments ;
; dummy_dout[19]           ; Incomplete set of assignments ;
; dummy_dout[20]           ; Incomplete set of assignments ;
; dummy_dout[21]           ; Incomplete set of assignments ;
; dummy_dout[22]           ; Incomplete set of assignments ;
; dummy_dout[23]           ; Incomplete set of assignments ;
; dummy_dout[24]           ; Incomplete set of assignments ;
; dummy_dout[25]           ; Incomplete set of assignments ;
; dummy_dout[26]           ; Incomplete set of assignments ;
; dummy_dout[27]           ; Incomplete set of assignments ;
; dummy_dout[28]           ; Incomplete set of assignments ;
; dummy_dout[29]           ; Incomplete set of assignments ;
; dummy_dout[30]           ; Incomplete set of assignments ;
; dummy_dout[31]           ; Incomplete set of assignments ;
; clk                      ; Incomplete set of assignments ;
; rst_n                    ; Incomplete set of assignments ;
; sel_wr                   ; Incomplete set of assignments ;
; reg_idx[2]               ; Incomplete set of assignments ;
; reg_idx[0]               ; Incomplete set of assignments ;
; reg_idx[1]               ; Incomplete set of assignments ;
; reg_idx[3]               ; Incomplete set of assignments ;
; sel_xmem                 ; Incomplete set of assignments ;
; sel_word_idx[0]          ; Incomplete set of assignments ;
; sel_word_idx[1]          ; Incomplete set of assignments ;
; sel_word_idx[2]          ; Incomplete set of assignments ;
; mem_valid                ; Incomplete set of assignments ;
; dummy_din[0]             ; Incomplete set of assignments ;
; host_regs_valid_pulse    ; Incomplete set of assignments ;
; mem_ack                  ; Incomplete set of assignments ;
; dummy_din[1]             ; Incomplete set of assignments ;
; dummy_din[2]             ; Incomplete set of assignments ;
; dummy_din[3]             ; Incomplete set of assignments ;
; dummy_din[4]             ; Incomplete set of assignments ;
; dummy_din[5]             ; Incomplete set of assignments ;
; dummy_din[6]             ; Incomplete set of assignments ;
; dummy_din[7]             ; Incomplete set of assignments ;
; dummy_din[8]             ; Incomplete set of assignments ;
; dummy_din[9]             ; Incomplete set of assignments ;
; dummy_din[10]            ; Incomplete set of assignments ;
; dummy_din[11]            ; Incomplete set of assignments ;
; dummy_din[12]            ; Incomplete set of assignments ;
; dummy_din[13]            ; Incomplete set of assignments ;
; dummy_din[14]            ; Incomplete set of assignments ;
; dummy_din[15]            ; Incomplete set of assignments ;
; dummy_din[16]            ; Incomplete set of assignments ;
; dummy_din[17]            ; Incomplete set of assignments ;
; dummy_din[18]            ; Incomplete set of assignments ;
; dummy_din[19]            ; Incomplete set of assignments ;
; dummy_din[20]            ; Incomplete set of assignments ;
; dummy_din[21]            ; Incomplete set of assignments ;
; dummy_din[22]            ; Incomplete set of assignments ;
; dummy_din[23]            ; Incomplete set of assignments ;
; dummy_din[24]            ; Incomplete set of assignments ;
; dummy_din[25]            ; Incomplete set of assignments ;
; dummy_din[26]            ; Incomplete set of assignments ;
; dummy_din[27]            ; Incomplete set of assignments ;
; dummy_din[28]            ; Incomplete set of assignments ;
; dummy_din[29]            ; Incomplete set of assignments ;
; dummy_din[30]            ; Incomplete set of assignments ;
; dummy_din[31]            ; Incomplete set of assignments ;
; sel_word_idx[3]          ; Incomplete set of assignments ;
; read_mem_req             ; Missing location assignment   ;
; write_mem_req            ; Missing location assignment   ;
; mem_start_addr[0]        ; Missing location assignment   ;
; mem_start_addr[1]        ; Missing location assignment   ;
; mem_start_addr[2]        ; Missing location assignment   ;
; mem_start_addr[3]        ; Missing location assignment   ;
; mem_start_addr[4]        ; Missing location assignment   ;
; mem_start_addr[5]        ; Missing location assignment   ;
; mem_start_addr[6]        ; Missing location assignment   ;
; mem_start_addr[7]        ; Missing location assignment   ;
; mem_start_addr[8]        ; Missing location assignment   ;
; mem_start_addr[9]        ; Missing location assignment   ;
; mem_start_addr[10]       ; Missing location assignment   ;
; mem_start_addr[11]       ; Missing location assignment   ;
; mem_start_addr[12]       ; Missing location assignment   ;
; mem_start_addr[13]       ; Missing location assignment   ;
; mem_start_addr[14]       ; Missing location assignment   ;
; mem_start_addr[15]       ; Missing location assignment   ;
; mem_size_bytes[0]        ; Missing location assignment   ;
; mem_size_bytes[1]        ; Missing location assignment   ;
; mem_size_bytes[2]        ; Missing location assignment   ;
; mem_size_bytes[3]        ; Missing location assignment   ;
; mem_size_bytes[4]        ; Missing location assignment   ;
; mem_size_bytes[5]        ; Missing location assignment   ;
; host_regs_valid_out      ; Missing location assignment   ;
; host_regs_read_pulse[0]  ; Missing location assignment   ;
; host_regs_read_pulse[1]  ; Missing location assignment   ;
; host_regs_read_pulse[2]  ; Missing location assignment   ;
; host_regs_read_pulse[3]  ; Missing location assignment   ;
; host_regs_read_pulse[4]  ; Missing location assignment   ;
; host_regs_read_pulse[5]  ; Missing location assignment   ;
; host_regs_read_pulse[6]  ; Missing location assignment   ;
; host_regs_read_pulse[7]  ; Missing location assignment   ;
; host_regs_read_pulse[8]  ; Missing location assignment   ;
; host_regs_read_pulse[9]  ; Missing location assignment   ;
; host_regs_read_pulse[10] ; Missing location assignment   ;
; host_regs_read_pulse[11] ; Missing location assignment   ;
; host_regs_read_pulse[12] ; Missing location assignment   ;
; host_regs_read_pulse[13] ; Missing location assignment   ;
; host_regs_read_pulse[14] ; Missing location assignment   ;
; host_regs_read_pulse[15] ; Missing location assignment   ;
; dummy_dout[0]            ; Missing location assignment   ;
; dummy_dout[1]            ; Missing location assignment   ;
; dummy_dout[2]            ; Missing location assignment   ;
; dummy_dout[3]            ; Missing location assignment   ;
; dummy_dout[4]            ; Missing location assignment   ;
; dummy_dout[5]            ; Missing location assignment   ;
; dummy_dout[6]            ; Missing location assignment   ;
; dummy_dout[7]            ; Missing location assignment   ;
; dummy_dout[8]            ; Missing location assignment   ;
; dummy_dout[9]            ; Missing location assignment   ;
; dummy_dout[10]           ; Missing location assignment   ;
; dummy_dout[11]           ; Missing location assignment   ;
; dummy_dout[12]           ; Missing location assignment   ;
; dummy_dout[13]           ; Missing location assignment   ;
; dummy_dout[14]           ; Missing location assignment   ;
; dummy_dout[15]           ; Missing location assignment   ;
; dummy_dout[16]           ; Missing location assignment   ;
; dummy_dout[17]           ; Missing location assignment   ;
; dummy_dout[18]           ; Missing location assignment   ;
; dummy_dout[19]           ; Missing location assignment   ;
; dummy_dout[20]           ; Missing location assignment   ;
; dummy_dout[21]           ; Missing location assignment   ;
; dummy_dout[22]           ; Missing location assignment   ;
; dummy_dout[23]           ; Missing location assignment   ;
; dummy_dout[24]           ; Missing location assignment   ;
; dummy_dout[25]           ; Missing location assignment   ;
; dummy_dout[26]           ; Missing location assignment   ;
; dummy_dout[27]           ; Missing location assignment   ;
; dummy_dout[28]           ; Missing location assignment   ;
; dummy_dout[29]           ; Missing location assignment   ;
; dummy_dout[30]           ; Missing location assignment   ;
; dummy_dout[31]           ; Missing location assignment   ;
; clk                      ; Missing location assignment   ;
; rst_n                    ; Missing location assignment   ;
; sel_wr                   ; Missing location assignment   ;
; reg_idx[2]               ; Missing location assignment   ;
; reg_idx[0]               ; Missing location assignment   ;
; reg_idx[1]               ; Missing location assignment   ;
; reg_idx[3]               ; Missing location assignment   ;
; sel_xmem                 ; Missing location assignment   ;
; sel_word_idx[0]          ; Missing location assignment   ;
; sel_word_idx[1]          ; Missing location assignment   ;
; sel_word_idx[2]          ; Missing location assignment   ;
; mem_valid                ; Missing location assignment   ;
; dummy_din[0]             ; Missing location assignment   ;
; host_regs_valid_pulse    ; Missing location assignment   ;
; mem_ack                  ; Missing location assignment   ;
; dummy_din[1]             ; Missing location assignment   ;
; dummy_din[2]             ; Missing location assignment   ;
; dummy_din[3]             ; Missing location assignment   ;
; dummy_din[4]             ; Missing location assignment   ;
; dummy_din[5]             ; Missing location assignment   ;
; dummy_din[6]             ; Missing location assignment   ;
; dummy_din[7]             ; Missing location assignment   ;
; dummy_din[8]             ; Missing location assignment   ;
; dummy_din[9]             ; Missing location assignment   ;
; dummy_din[10]            ; Missing location assignment   ;
; dummy_din[11]            ; Missing location assignment   ;
; dummy_din[12]            ; Missing location assignment   ;
; dummy_din[13]            ; Missing location assignment   ;
; dummy_din[14]            ; Missing location assignment   ;
; dummy_din[15]            ; Missing location assignment   ;
; dummy_din[16]            ; Missing location assignment   ;
; dummy_din[17]            ; Missing location assignment   ;
; dummy_din[18]            ; Missing location assignment   ;
; dummy_din[19]            ; Missing location assignment   ;
; dummy_din[20]            ; Missing location assignment   ;
; dummy_din[21]            ; Missing location assignment   ;
; dummy_din[22]            ; Missing location assignment   ;
; dummy_din[23]            ; Missing location assignment   ;
; dummy_din[24]            ; Missing location assignment   ;
; dummy_din[25]            ; Missing location assignment   ;
; dummy_din[26]            ; Missing location assignment   ;
; dummy_din[27]            ; Missing location assignment   ;
; dummy_din[28]            ; Missing location assignment   ;
; dummy_din[29]            ; Missing location assignment   ;
; dummy_din[30]            ; Missing location assignment   ;
; dummy_din[31]            ; Missing location assignment   ;
; sel_word_idx[3]          ; Missing location assignment   ;
+--------------------------+-------------------------------+


+-------------------------------------------------------------------------------------------------------------------------------------------------------------------------------------------------------------------------------------------------------------------------------------------------------------------------------------------------------------------------------------------------------------------------------------------------------------------------+
; Fitter Resource Utilization by Entity                                                                                                                                                                                                                                                                                                                                                                                                                                   ;
+----------------------------------------------+-------------+---------------------------+---------------+-------------+------+------------+--------------+---------+-----------+------+--------------+--------------+-------------------+------------------+------------+-----------------------------------------------------------------------------------------------------------------------------------------------------------+---------------------+--------------+
; Compilation Hierarchy Node                   ; Logic Cells ; Dedicated Logic Registers ; I/O Registers ; Memory Bits ; M9Ks ; UFM Blocks ; DSP Elements ; DSP 9x9 ; DSP 18x18 ; Pins ; Virtual Pins ; LUT-Only LCs ; Register-Only LCs ; LUT/Register LCs ; ADC blocks ; Full Hierarchy Name                                                                                                                                       ; Entity Name         ; Library Name ;
+----------------------------------------------+-------------+---------------------------+---------------+-------------+------+------------+--------------+---------+-----------+------+--------------+--------------+-------------------+------------------+------------+-----------------------------------------------------------------------------------------------------------------------------------------------------------+---------------------+--------------+
; |qsyn_dummy_xlr_wrap                         ; 4769 (569)  ; 2723 (397)                ; 0 (0)         ; 96          ; 1    ; 1          ; 34           ; 0       ; 17        ; 120  ; 0            ; 2046 (247)   ; 1046 (68)         ; 1677 (286)       ; 0          ; |qsyn_dummy_xlr_wrap                                                                                                                                      ; qsyn_dummy_xlr_wrap ; work         ;
;    |LayerNorm:LayerNorm|                     ; 4331 (184)  ; 2326 (87)                 ; 0 (0)         ; 96          ; 1    ; 0          ; 34           ; 0       ; 17        ; 0    ; 0            ; 1799 (155)   ; 978 (15)          ; 1554 (16)        ; 0          ; |qsyn_dummy_xlr_wrap|LayerNorm:LayerNorm                                                                                                                  ; LayerNorm           ; work         ;
;       |affine_stage:i_affine_stage|          ; 2106 (2068) ; 1483 (1477)               ; 0 (0)         ; 96          ; 1    ; 0          ; 12           ; 0       ; 6         ; 0    ; 0            ; 530 (505)    ; 644 (643)         ; 932 (920)        ; 0          ; |qsyn_dummy_xlr_wrap|LayerNorm:LayerNorm|affine_stage:i_affine_stage                                                                                      ; affine_stage        ; work         ;
;          |altshift_taps:p2_b_s_rtl_0|        ; 10 (0)      ; 6 (0)                     ; 0 (0)         ; 96          ; 1    ; 0          ; 0            ; 0       ; 0         ; 0    ; 0            ; 4 (0)        ; 1 (0)             ; 5 (0)            ; 0          ; |qsyn_dummy_xlr_wrap|LayerNorm:LayerNorm|affine_stage:i_affine_stage|altshift_taps:p2_b_s_rtl_0                                                           ; altshift_taps       ; work         ;
;             |shift_taps_2vl:auto_generated|  ; 10 (3)      ; 6 (3)                     ; 0 (0)         ; 96          ; 1    ; 0          ; 0            ; 0       ; 0         ; 0    ; 0            ; 4 (1)        ; 1 (1)             ; 5 (1)            ; 0          ; |qsyn_dummy_xlr_wrap|LayerNorm:LayerNorm|affine_stage:i_affine_stage|altshift_taps:p2_b_s_rtl_0|shift_taps_2vl:auto_generated                             ; shift_taps_2vl      ; work         ;
;                |altsyncram_jj51:altsyncram4| ; 0 (0)       ; 0 (0)                     ; 0 (0)         ; 96          ; 1    ; 0          ; 0            ; 0       ; 0         ; 0    ; 0            ; 0 (0)        ; 0 (0)             ; 0 (0)            ; 0          ; |qsyn_dummy_xlr_wrap|LayerNorm:LayerNorm|affine_stage:i_affine_stage|altshift_taps:p2_b_s_rtl_0|shift_taps_2vl:auto_generated|altsyncram_jj51:altsyncram4 ; altsyncram_jj51     ; work         ;
;                |cntr_fjg:cntr5|              ; 2 (2)       ; 1 (1)                     ; 0 (0)         ; 0           ; 0    ; 0          ; 0            ; 0       ; 0         ; 0    ; 0            ; 0 (0)        ; 0 (0)             ; 2 (2)            ; 0          ; |qsyn_dummy_xlr_wrap|LayerNorm:LayerNorm|affine_stage:i_affine_stage|altshift_taps:p2_b_s_rtl_0|shift_taps_2vl:auto_generated|cntr_fjg:cntr5              ; cntr_fjg            ; work         ;
;                |cntr_s3f:cntr1|              ; 5 (5)       ; 2 (2)                     ; 0 (0)         ; 0           ; 0    ; 0          ; 0            ; 0       ; 0         ; 0    ; 0            ; 3 (3)        ; 0 (0)             ; 2 (2)            ; 0          ; |qsyn_dummy_xlr_wrap|LayerNorm:LayerNorm|affine_stage:i_affine_stage|altshift_taps:p2_b_s_rtl_0|shift_taps_2vl:auto_generated|cntr_s3f:cntr1              ; cntr_s3f            ; work         ;
;          |lpm_mult:Mult0|                    ; 0 (0)       ; 0 (0)                     ; 0 (0)         ; 0           ; 0    ; 0          ; 4            ; 0       ; 2         ; 0    ; 0            ; 0 (0)        ; 0 (0)             ; 0 (0)            ; 0          ; |qsyn_dummy_xlr_wrap|LayerNorm:LayerNorm|affine_stage:i_affine_stage|lpm_mult:Mult0                                                                       ; lpm_mult            ; work         ;
;             |mult_0hs:auto_generated|        ; 0 (0)       ; 0 (0)                     ; 0 (0)         ; 0           ; 0    ; 0          ; 4            ; 0       ; 2         ; 0    ; 0            ; 0 (0)        ; 0 (0)             ; 0 (0)            ; 0          ; |qsyn_dummy_xlr_wrap|LayerNorm:LayerNorm|affine_stage:i_affine_stage|lpm_mult:Mult0|mult_0hs:auto_generated                                               ; mult_0hs            ; work         ;
;          |lpm_mult:Mult1|                    ; 28 (0)      ; 0 (0)                     ; 0 (0)         ; 0           ; 0    ; 0          ; 8            ; 0       ; 4         ; 0    ; 0            ; 21 (0)       ; 0 (0)             ; 7 (0)            ; 0          ; |qsyn_dummy_xlr_wrap|LayerNorm:LayerNorm|affine_stage:i_affine_stage|lpm_mult:Mult1                                                                       ; lpm_mult            ; work         ;
;             |mult_qgs:auto_generated|        ; 28 (28)     ; 0 (0)                     ; 0 (0)         ; 0           ; 0    ; 0          ; 8            ; 0       ; 4         ; 0    ; 0            ; 21 (21)      ; 0 (0)             ; 7 (7)            ; 0          ; |qsyn_dummy_xlr_wrap|LayerNorm:LayerNorm|affine_stage:i_affine_stage|lpm_mult:Mult1|mult_qgs:auto_generated                                               ; mult_qgs            ; work         ;
;       |ex_ex2_stage:i_ex_ex2_stage|          ; 1609 (1609) ; 600 (600)                 ; 0 (0)         ; 0           ; 0    ; 0          ; 0            ; 0       ; 0         ; 0    ; 0            ; 790 (790)    ; 240 (240)         ; 579 (579)        ; 0          ; |qsyn_dummy_xlr_wrap|LayerNorm:LayerNorm|ex_ex2_stage:i_ex_ex2_stage                                                                                      ; ex_ex2_stage        ; work         ;
;       |preprocess_stage:i_preprocess_stage|  ; 387 (213)   ; 72 (72)                   ; 0 (0)         ; 0           ; 0    ; 0          ; 22           ; 0       ; 11        ; 0    ; 0            ; 308 (134)    ; 29 (29)           ; 50 (50)          ; 0          ; |qsyn_dummy_xlr_wrap|LayerNorm:LayerNorm|preprocess_stage:i_preprocess_stage                                                                              ; preprocess_stage    ; work         ;
;          |lpm_mult:Mult0|                    ; 71 (0)      ; 0 (0)                     ; 0 (0)         ; 0           ; 0    ; 0          ; 8            ; 0       ; 4         ; 0    ; 0            ; 71 (0)       ; 0 (0)             ; 0 (0)            ; 0          ; |qsyn_dummy_xlr_wrap|LayerNorm:LayerNorm|preprocess_stage:i_preprocess_stage|lpm_mult:Mult0                                                               ; lpm_mult            ; work         ;
;             |mult_jrs:auto_generated|        ; 71 (71)     ; 0 (0)                     ; 0 (0)         ; 0           ; 0    ; 0          ; 8            ; 0       ; 4         ; 0    ; 0            ; 71 (71)      ; 0 (0)             ; 0 (0)            ; 0          ; |qsyn_dummy_xlr_wrap|LayerNorm:LayerNorm|preprocess_stage:i_preprocess_stage|lpm_mult:Mult0|mult_jrs:auto_generated                                       ; mult_jrs            ; work         ;
;          |lpm_mult:Mult1|                    ; 75 (0)      ; 0 (0)                     ; 0 (0)         ; 0           ; 0    ; 0          ; 8            ; 0       ; 4         ; 0    ; 0            ; 75 (0)       ; 0 (0)             ; 0 (0)            ; 0          ; |qsyn_dummy_xlr_wrap|LayerNorm:LayerNorm|preprocess_stage:i_preprocess_stage|lpm_mult:Mult1                                                               ; lpm_mult            ; work         ;
;             |mult_irs:auto_generated|        ; 75 (75)     ; 0 (0)                     ; 0 (0)         ; 0           ; 0    ; 0          ; 8            ; 0       ; 4         ; 0    ; 0            ; 75 (75)      ; 0 (0)             ; 0 (0)            ; 0          ; |qsyn_dummy_xlr_wrap|LayerNorm:LayerNorm|preprocess_stage:i_preprocess_stage|lpm_mult:Mult1|mult_irs:auto_generated                                       ; mult_irs            ; work         ;
;          |lpm_mult:Mult2|                    ; 28 (0)      ; 0 (0)                     ; 0 (0)         ; 0           ; 0    ; 0          ; 6            ; 0       ; 3         ; 0    ; 0            ; 28 (0)       ; 0 (0)             ; 0 (0)            ; 0          ; |qsyn_dummy_xlr_wrap|LayerNorm:LayerNorm|preprocess_stage:i_preprocess_stage|lpm_mult:Mult2                                                               ; lpm_mult            ; work         ;
;             |mult_tgs:auto_generated|        ; 28 (28)     ; 0 (0)                     ; 0 (0)         ; 0           ; 0    ; 0          ; 6            ; 0       ; 3         ; 0    ; 0            ; 28 (28)      ; 0 (0)             ; 0 (0)            ; 0          ; |qsyn_dummy_xlr_wrap|LayerNorm:LayerNorm|preprocess_stage:i_preprocess_stage|lpm_mult:Mult2|mult_tgs:auto_generated                                       ; mult_tgs            ; work         ;
;       |zp_stage:i_zp_stage|                  ; 100 (100)   ; 84 (84)                   ; 0 (0)         ; 0           ; 0    ; 0          ; 0            ; 0       ; 0         ; 0    ; 0            ; 16 (16)      ; 50 (50)           ; 34 (34)          ; 0          ; |qsyn_dummy_xlr_wrap|LayerNorm:LayerNorm|zp_stage:i_zp_stage                                                                                              ; zp_stage            ; work         ;
+----------------------------------------------+-------------+---------------------------+---------------+-------------+------+------------+--------------+---------+-----------+------+--------------+--------------+-------------------+------------------+------------+-----------------------------------------------------------------------------------------------------------------------------------------------------------+---------------------+--------------+
Note: For table entries with two numbers listed, the numbers in parentheses indicate the number of resources of the given type used by the specific entity alone. The numbers listed outside of parentheses indicate the total resources of the given type used by the specific entity and all of its sub-entities in the hierarchy.


+----------------------------------------------------------------------------------------------------------+
; Delay Chain Summary                                                                                      ;
+--------------------------+----------+---------------+---------------+-----------------------+-----+------+
; Name                     ; Pin Type ; Pad to Core 0 ; Pad to Core 1 ; Pad to Input Register ; TCO ; TCOE ;
+--------------------------+----------+---------------+---------------+-----------------------+-----+------+
; read_mem_req             ; Output   ; --            ; --            ; --                    ; --  ; --   ;
; write_mem_req            ; Output   ; --            ; --            ; --                    ; --  ; --   ;
; mem_start_addr[0]        ; Output   ; --            ; --            ; --                    ; --  ; --   ;
; mem_start_addr[1]        ; Output   ; --            ; --            ; --                    ; --  ; --   ;
; mem_start_addr[2]        ; Output   ; --            ; --            ; --                    ; --  ; --   ;
; mem_start_addr[3]        ; Output   ; --            ; --            ; --                    ; --  ; --   ;
; mem_start_addr[4]        ; Output   ; --            ; --            ; --                    ; --  ; --   ;
; mem_start_addr[5]        ; Output   ; --            ; --            ; --                    ; --  ; --   ;
; mem_start_addr[6]        ; Output   ; --            ; --            ; --                    ; --  ; --   ;
; mem_start_addr[7]        ; Output   ; --            ; --            ; --                    ; --  ; --   ;
; mem_start_addr[8]        ; Output   ; --            ; --            ; --                    ; --  ; --   ;
; mem_start_addr[9]        ; Output   ; --            ; --            ; --                    ; --  ; --   ;
; mem_start_addr[10]       ; Output   ; --            ; --            ; --                    ; --  ; --   ;
; mem_start_addr[11]       ; Output   ; --            ; --            ; --                    ; --  ; --   ;
; mem_start_addr[12]       ; Output   ; --            ; --            ; --                    ; --  ; --   ;
; mem_start_addr[13]       ; Output   ; --            ; --            ; --                    ; --  ; --   ;
; mem_start_addr[14]       ; Output   ; --            ; --            ; --                    ; --  ; --   ;
; mem_start_addr[15]       ; Output   ; --            ; --            ; --                    ; --  ; --   ;
; mem_size_bytes[0]        ; Output   ; --            ; --            ; --                    ; --  ; --   ;
; mem_size_bytes[1]        ; Output   ; --            ; --            ; --                    ; --  ; --   ;
; mem_size_bytes[2]        ; Output   ; --            ; --            ; --                    ; --  ; --   ;
; mem_size_bytes[3]        ; Output   ; --            ; --            ; --                    ; --  ; --   ;
; mem_size_bytes[4]        ; Output   ; --            ; --            ; --                    ; --  ; --   ;
; mem_size_bytes[5]        ; Output   ; --            ; --            ; --                    ; --  ; --   ;
; host_regs_valid_out      ; Output   ; --            ; --            ; --                    ; --  ; --   ;
; host_regs_read_pulse[0]  ; Input    ; --            ; --            ; --                    ; --  ; --   ;
; host_regs_read_pulse[1]  ; Input    ; --            ; --            ; --                    ; --  ; --   ;
; host_regs_read_pulse[2]  ; Input    ; --            ; --            ; --                    ; --  ; --   ;
; host_regs_read_pulse[3]  ; Input    ; --            ; --            ; --                    ; --  ; --   ;
; host_regs_read_pulse[4]  ; Input    ; --            ; --            ; --                    ; --  ; --   ;
; host_regs_read_pulse[5]  ; Input    ; --            ; --            ; --                    ; --  ; --   ;
; host_regs_read_pulse[6]  ; Input    ; --            ; --            ; --                    ; --  ; --   ;
; host_regs_read_pulse[7]  ; Input    ; --            ; --            ; --                    ; --  ; --   ;
; host_regs_read_pulse[8]  ; Input    ; --            ; --            ; --                    ; --  ; --   ;
; host_regs_read_pulse[9]  ; Input    ; --            ; --            ; --                    ; --  ; --   ;
; host_regs_read_pulse[10] ; Input    ; --            ; --            ; --                    ; --  ; --   ;
; host_regs_read_pulse[11] ; Input    ; --            ; --            ; --                    ; --  ; --   ;
; host_regs_read_pulse[12] ; Input    ; --            ; --            ; --                    ; --  ; --   ;
; host_regs_read_pulse[13] ; Input    ; --            ; --            ; --                    ; --  ; --   ;
; host_regs_read_pulse[14] ; Input    ; --            ; --            ; --                    ; --  ; --   ;
; host_regs_read_pulse[15] ; Input    ; --            ; --            ; --                    ; --  ; --   ;
; dummy_dout[0]            ; Output   ; --            ; --            ; --                    ; --  ; --   ;
; dummy_dout[1]            ; Output   ; --            ; --            ; --                    ; --  ; --   ;
; dummy_dout[2]            ; Output   ; --            ; --            ; --                    ; --  ; --   ;
; dummy_dout[3]            ; Output   ; --            ; --            ; --                    ; --  ; --   ;
; dummy_dout[4]            ; Output   ; --            ; --            ; --                    ; --  ; --   ;
; dummy_dout[5]            ; Output   ; --            ; --            ; --                    ; --  ; --   ;
; dummy_dout[6]            ; Output   ; --            ; --            ; --                    ; --  ; --   ;
; dummy_dout[7]            ; Output   ; --            ; --            ; --                    ; --  ; --   ;
; dummy_dout[8]            ; Output   ; --            ; --            ; --                    ; --  ; --   ;
; dummy_dout[9]            ; Output   ; --            ; --            ; --                    ; --  ; --   ;
; dummy_dout[10]           ; Output   ; --            ; --            ; --                    ; --  ; --   ;
; dummy_dout[11]           ; Output   ; --            ; --            ; --                    ; --  ; --   ;
; dummy_dout[12]           ; Output   ; --            ; --            ; --                    ; --  ; --   ;
; dummy_dout[13]           ; Output   ; --            ; --            ; --                    ; --  ; --   ;
; dummy_dout[14]           ; Output   ; --            ; --            ; --                    ; --  ; --   ;
; dummy_dout[15]           ; Output   ; --            ; --            ; --                    ; --  ; --   ;
; dummy_dout[16]           ; Output   ; --            ; --            ; --                    ; --  ; --   ;
; dummy_dout[17]           ; Output   ; --            ; --            ; --                    ; --  ; --   ;
; dummy_dout[18]           ; Output   ; --            ; --            ; --                    ; --  ; --   ;
; dummy_dout[19]           ; Output   ; --            ; --            ; --                    ; --  ; --   ;
; dummy_dout[20]           ; Output   ; --            ; --            ; --                    ; --  ; --   ;
; dummy_dout[21]           ; Output   ; --            ; --            ; --                    ; --  ; --   ;
; dummy_dout[22]           ; Output   ; --            ; --            ; --                    ; --  ; --   ;
; dummy_dout[23]           ; Output   ; --            ; --            ; --                    ; --  ; --   ;
; dummy_dout[24]           ; Output   ; --            ; --            ; --                    ; --  ; --   ;
; dummy_dout[25]           ; Output   ; --            ; --            ; --                    ; --  ; --   ;
; dummy_dout[26]           ; Output   ; --            ; --            ; --                    ; --  ; --   ;
; dummy_dout[27]           ; Output   ; --            ; --            ; --                    ; --  ; --   ;
; dummy_dout[28]           ; Output   ; --            ; --            ; --                    ; --  ; --   ;
; dummy_dout[29]           ; Output   ; --            ; --            ; --                    ; --  ; --   ;
; dummy_dout[30]           ; Output   ; --            ; --            ; --                    ; --  ; --   ;
; dummy_dout[31]           ; Output   ; --            ; --            ; --                    ; --  ; --   ;
; clk                      ; Input    ; (0) 0 ps      ; --            ; --                    ; --  ; --   ;
; rst_n                    ; Input    ; (0) 0 ps      ; --            ; --                    ; --  ; --   ;
; sel_wr                   ; Input    ; --            ; (6) 868 ps    ; --                    ; --  ; --   ;
; reg_idx[2]               ; Input    ; (6) 868 ps    ; --            ; --                    ; --  ; --   ;
; reg_idx[0]               ; Input    ; --            ; (6) 873 ps    ; --                    ; --  ; --   ;
; reg_idx[1]               ; Input    ; --            ; (6) 868 ps    ; --                    ; --  ; --   ;
; reg_idx[3]               ; Input    ; --            ; (6) 868 ps    ; --                    ; --  ; --   ;
; sel_xmem                 ; Input    ; --            ; (6) 873 ps    ; --                    ; --  ; --   ;
; sel_word_idx[0]          ; Input    ; (6) 873 ps    ; --            ; --                    ; --  ; --   ;
; sel_word_idx[1]          ; Input    ; (6) 873 ps    ; --            ; --                    ; --  ; --   ;
; sel_word_idx[2]          ; Input    ; (6) 873 ps    ; --            ; --                    ; --  ; --   ;
; mem_valid                ; Input    ; (6) 873 ps    ; --            ; --                    ; --  ; --   ;
; dummy_din[0]             ; Input    ; (6) 868 ps    ; --            ; --                    ; --  ; --   ;
; host_regs_valid_pulse    ; Input    ; --            ; (6) 868 ps    ; --                    ; --  ; --   ;
; mem_ack                  ; Input    ; --            ; (6) 868 ps    ; --                    ; --  ; --   ;
; dummy_din[1]             ; Input    ; (6) 868 ps    ; --            ; --                    ; --  ; --   ;
; dummy_din[2]             ; Input    ; --            ; (6) 868 ps    ; --                    ; --  ; --   ;
; dummy_din[3]             ; Input    ; --            ; (6) 868 ps    ; --                    ; --  ; --   ;
; dummy_din[4]             ; Input    ; --            ; (6) 868 ps    ; --                    ; --  ; --   ;
; dummy_din[5]             ; Input    ; (6) 868 ps    ; --            ; --                    ; --  ; --   ;
; dummy_din[6]             ; Input    ; --            ; (6) 868 ps    ; --                    ; --  ; --   ;
; dummy_din[7]             ; Input    ; --            ; (6) 868 ps    ; --                    ; --  ; --   ;
; dummy_din[8]             ; Input    ; --            ; (6) 868 ps    ; --                    ; --  ; --   ;
; dummy_din[9]             ; Input    ; (6) 873 ps    ; --            ; --                    ; --  ; --   ;
; dummy_din[10]            ; Input    ; (6) 868 ps    ; --            ; --                    ; --  ; --   ;
; dummy_din[11]            ; Input    ; (6) 873 ps    ; --            ; --                    ; --  ; --   ;
; dummy_din[12]            ; Input    ; --            ; (6) 868 ps    ; --                    ; --  ; --   ;
; dummy_din[13]            ; Input    ; (6) 868 ps    ; --            ; --                    ; --  ; --   ;
; dummy_din[14]            ; Input    ; (6) 868 ps    ; --            ; --                    ; --  ; --   ;
; dummy_din[15]            ; Input    ; (6) 868 ps    ; --            ; --                    ; --  ; --   ;
; dummy_din[16]            ; Input    ; (6) 868 ps    ; --            ; --                    ; --  ; --   ;
; dummy_din[17]            ; Input    ; (6) 868 ps    ; --            ; --                    ; --  ; --   ;
; dummy_din[18]            ; Input    ; (6) 868 ps    ; --            ; --                    ; --  ; --   ;
; dummy_din[19]            ; Input    ; (6) 873 ps    ; --            ; --                    ; --  ; --   ;
; dummy_din[20]            ; Input    ; (6) 868 ps    ; --            ; --                    ; --  ; --   ;
; dummy_din[21]            ; Input    ; --            ; (6) 873 ps    ; --                    ; --  ; --   ;
; dummy_din[22]            ; Input    ; (6) 868 ps    ; --            ; --                    ; --  ; --   ;
; dummy_din[23]            ; Input    ; --            ; (6) 868 ps    ; --                    ; --  ; --   ;
; dummy_din[24]            ; Input    ; (6) 868 ps    ; --            ; --                    ; --  ; --   ;
; dummy_din[25]            ; Input    ; (6) 868 ps    ; --            ; --                    ; --  ; --   ;
; dummy_din[26]            ; Input    ; --            ; (6) 868 ps    ; --                    ; --  ; --   ;
; dummy_din[27]            ; Input    ; (6) 868 ps    ; --            ; --                    ; --  ; --   ;
; dummy_din[28]            ; Input    ; (6) 868 ps    ; --            ; --                    ; --  ; --   ;
; dummy_din[29]            ; Input    ; (6) 868 ps    ; --            ; --                    ; --  ; --   ;
; dummy_din[30]            ; Input    ; --            ; (6) 868 ps    ; --                    ; --  ; --   ;
; dummy_din[31]            ; Input    ; (6) 868 ps    ; --            ; --                    ; --  ; --   ;
; sel_word_idx[3]          ; Input    ; (6) 873 ps    ; --            ; --                    ; --  ; --   ;
+--------------------------+----------+---------------+---------------+-----------------------+-----+------+


+--------------------------------------------------------------------+
; Pad To Core Delay Chain Fanout                                     ;
+--------------------------------------+-------------------+---------+
; Source Pin / Fanout                  ; Pad To Core Index ; Setting ;
+--------------------------------------+-------------------+---------+
; host_regs_read_pulse[0]              ;                   ;         ;
; host_regs_read_pulse[1]              ;                   ;         ;
; host_regs_read_pulse[2]              ;                   ;         ;
; host_regs_read_pulse[3]              ;                   ;         ;
; host_regs_read_pulse[4]              ;                   ;         ;
; host_regs_read_pulse[5]              ;                   ;         ;
; host_regs_read_pulse[6]              ;                   ;         ;
; host_regs_read_pulse[7]              ;                   ;         ;
; host_regs_read_pulse[8]              ;                   ;         ;
; host_regs_read_pulse[9]              ;                   ;         ;
; host_regs_read_pulse[10]             ;                   ;         ;
; host_regs_read_pulse[11]             ;                   ;         ;
; host_regs_read_pulse[12]             ;                   ;         ;
; host_regs_read_pulse[13]             ;                   ;         ;
; host_regs_read_pulse[14]             ;                   ;         ;
; host_regs_read_pulse[15]             ;                   ;         ;
; clk                                  ;                   ;         ;
; rst_n                                ;                   ;         ;
; sel_wr                               ;                   ;         ;
;      - mem_start_addr~0              ; 1                 ; 6       ;
;      - mem_start_addr~1              ; 1                 ; 6       ;
;      - mem_start_addr~4              ; 1                 ; 6       ;
;      - mem_start_addr~6              ; 1                 ; 6       ;
;      - mem_size_bytes~3              ; 1                 ; 6       ;
;      - mem_size_bytes~5              ; 1                 ; 6       ;
;      - mem_size_bytes~15             ; 1                 ; 6       ;
;      - mem_size_bytes~17             ; 1                 ; 6       ;
; reg_idx[2]                           ;                   ;         ;
;      - Mux64~0                       ; 0                 ; 6       ;
;      - Decoder4~0                    ; 0                 ; 6       ;
;      - Decoder4~1                    ; 0                 ; 6       ;
;      - Decoder4~2                    ; 0                 ; 6       ;
;      - Decoder4~3                    ; 0                 ; 6       ;
;      - Decoder4~4                    ; 0                 ; 6       ;
; reg_idx[0]                           ;                   ;         ;
;      - Mux64~0                       ; 1                 ; 6       ;
;      - Decoder4~0                    ; 1                 ; 6       ;
;      - Decoder4~1                    ; 1                 ; 6       ;
;      - Decoder4~2                    ; 1                 ; 6       ;
;      - Decoder4~3                    ; 1                 ; 6       ;
;      - Decoder4~4                    ; 1                 ; 6       ;
; reg_idx[1]                           ;                   ;         ;
;      - Mux64~0                       ; 1                 ; 6       ;
;      - Decoder4~0                    ; 1                 ; 6       ;
;      - Decoder4~1                    ; 1                 ; 6       ;
;      - Decoder4~2                    ; 1                 ; 6       ;
;      - Decoder4~3                    ; 1                 ; 6       ;
;      - Decoder4~4                    ; 1                 ; 6       ;
; reg_idx[3]                           ;                   ;         ;
;      - Mux64~0                       ; 1                 ; 6       ;
;      - Decoder4~0                    ; 1                 ; 6       ;
;      - Decoder4~1                    ; 1                 ; 6       ;
;      - Decoder4~2                    ; 1                 ; 6       ;
;      - Decoder4~3                    ; 1                 ; 6       ;
;      - Decoder4~4                    ; 1                 ; 6       ;
; sel_xmem                             ;                   ;         ;
;      - dummy_dout[1]~reg0            ; 1                 ; 6       ;
;      - dummy_dout[2]~reg0            ; 1                 ; 6       ;
;      - dummy_dout[3]~reg0            ; 1                 ; 6       ;
;      - dummy_dout[4]~reg0            ; 1                 ; 6       ;
;      - dummy_dout[5]~reg0            ; 1                 ; 6       ;
;      - dummy_dout[6]~reg0            ; 1                 ; 6       ;
;      - dummy_dout[7]~reg0            ; 1                 ; 6       ;
;      - dummy_dout[8]~reg0            ; 1                 ; 6       ;
;      - dummy_dout[9]~reg0            ; 1                 ; 6       ;
;      - dummy_dout[10]~reg0           ; 1                 ; 6       ;
;      - dummy_dout[11]~reg0           ; 1                 ; 6       ;
;      - dummy_dout[12]~reg0           ; 1                 ; 6       ;
;      - dummy_dout[13]~reg0           ; 1                 ; 6       ;
;      - dummy_dout[14]~reg0           ; 1                 ; 6       ;
;      - dummy_dout[15]~reg0           ; 1                 ; 6       ;
;      - dummy_dout[16]~reg0           ; 1                 ; 6       ;
;      - dummy_dout[17]~reg0           ; 1                 ; 6       ;
;      - dummy_dout[18]~reg0           ; 1                 ; 6       ;
;      - dummy_dout[19]~reg0           ; 1                 ; 6       ;
;      - dummy_dout[20]~reg0           ; 1                 ; 6       ;
;      - dummy_dout[21]~reg0           ; 1                 ; 6       ;
;      - dummy_dout[22]~reg0           ; 1                 ; 6       ;
;      - dummy_dout[23]~reg0           ; 1                 ; 6       ;
;      - dummy_dout[24]~reg0           ; 1                 ; 6       ;
;      - dummy_dout[25]~reg0           ; 1                 ; 6       ;
;      - dummy_dout[26]~reg0           ; 1                 ; 6       ;
;      - dummy_dout[27]~reg0           ; 1                 ; 6       ;
;      - dummy_dout[28]~reg0           ; 1                 ; 6       ;
;      - dummy_dout[29]~reg0           ; 1                 ; 6       ;
;      - dummy_dout[30]~reg0           ; 1                 ; 6       ;
;      - dummy_dout[31]~reg0           ; 1                 ; 6       ;
;      - dummy_dout~0                  ; 1                 ; 6       ;
;      - dummy_dout~1                  ; 1                 ; 6       ;
; sel_word_idx[0]                      ;                   ;         ;
;      - Mux31~1                       ; 0                 ; 6       ;
;      - dummy_dout~3                  ; 0                 ; 6       ;
;      - dummy_dout~6                  ; 0                 ; 6       ;
;      - dummy_dout~9                  ; 0                 ; 6       ;
;      - dummy_dout~12                 ; 0                 ; 6       ;
;      - dummy_dout~15                 ; 0                 ; 6       ;
;      - dummy_dout~18                 ; 0                 ; 6       ;
;      - dummy_dout~21                 ; 0                 ; 6       ;
;      - dummy_dout~24                 ; 0                 ; 6       ;
;      - dummy_dout~27                 ; 0                 ; 6       ;
;      - dummy_dout~30                 ; 0                 ; 6       ;
;      - dummy_dout~33                 ; 0                 ; 6       ;
;      - dummy_dout~36                 ; 0                 ; 6       ;
;      - dummy_dout~39                 ; 0                 ; 6       ;
;      - dummy_dout~42                 ; 0                 ; 6       ;
;      - dummy_dout~45                 ; 0                 ; 6       ;
;      - dummy_dout~48                 ; 0                 ; 6       ;
;      - dummy_dout~51                 ; 0                 ; 6       ;
;      - dummy_dout~54                 ; 0                 ; 6       ;
;      - dummy_dout~57                 ; 0                 ; 6       ;
;      - dummy_dout~60                 ; 0                 ; 6       ;
;      - dummy_dout~63                 ; 0                 ; 6       ;
;      - dummy_dout~66                 ; 0                 ; 6       ;
;      - dummy_dout~69                 ; 0                 ; 6       ;
;      - dummy_dout~72                 ; 0                 ; 6       ;
;      - dummy_dout~75                 ; 0                 ; 6       ;
;      - dummy_dout~78                 ; 0                 ; 6       ;
;      - dummy_dout~81                 ; 0                 ; 6       ;
;      - dummy_dout~84                 ; 0                 ; 6       ;
;      - dummy_dout~87                 ; 0                 ; 6       ;
;      - dummy_dout~90                 ; 0                 ; 6       ;
;      - dummy_dout~93                 ; 0                 ; 6       ;
;      - Decoder2~0                    ; 0                 ; 6       ;
;      - Decoder2~1                    ; 0                 ; 6       ;
;      - Decoder2~2                    ; 0                 ; 6       ;
;      - Decoder2~3                    ; 0                 ; 6       ;
;      - Decoder2~4                    ; 0                 ; 6       ;
;      - Decoder2~5                    ; 0                 ; 6       ;
;      - Decoder2~6                    ; 0                 ; 6       ;
;      - Decoder2~7                    ; 0                 ; 6       ;
;      - dummy_dout~95                 ; 0                 ; 6       ;
;      - dummy_dout~98                 ; 0                 ; 6       ;
;      - dummy_dout~99                 ; 0                 ; 6       ;
;      - dummy_dout~102                ; 0                 ; 6       ;
;      - dummy_dout~103                ; 0                 ; 6       ;
;      - dummy_dout~106                ; 0                 ; 6       ;
;      - dummy_dout~107                ; 0                 ; 6       ;
;      - dummy_dout~110                ; 0                 ; 6       ;
;      - dummy_dout~111                ; 0                 ; 6       ;
;      - dummy_dout~114                ; 0                 ; 6       ;
;      - dummy_dout~115                ; 0                 ; 6       ;
;      - dummy_dout~118                ; 0                 ; 6       ;
;      - dummy_dout~119                ; 0                 ; 6       ;
;      - dummy_dout~122                ; 0                 ; 6       ;
;      - dummy_dout~123                ; 0                 ; 6       ;
;      - dummy_dout~126                ; 0                 ; 6       ;
;      - dummy_dout~127                ; 0                 ; 6       ;
;      - dummy_dout~130                ; 0                 ; 6       ;
;      - dummy_dout~131                ; 0                 ; 6       ;
;      - dummy_dout~134                ; 0                 ; 6       ;
;      - dummy_dout~135                ; 0                 ; 6       ;
;      - dummy_dout~138                ; 0                 ; 6       ;
;      - dummy_dout~139                ; 0                 ; 6       ;
;      - dummy_dout~142                ; 0                 ; 6       ;
;      - dummy_dout~143                ; 0                 ; 6       ;
;      - dummy_dout~146                ; 0                 ; 6       ;
;      - dummy_dout~147                ; 0                 ; 6       ;
;      - dummy_dout~150                ; 0                 ; 6       ;
;      - dummy_dout~151                ; 0                 ; 6       ;
;      - dummy_dout~154                ; 0                 ; 6       ;
;      - dummy_dout~155                ; 0                 ; 6       ;
;      - dummy_dout~158                ; 0                 ; 6       ;
;      - dummy_dout~159                ; 0                 ; 6       ;
;      - dummy_dout~162                ; 0                 ; 6       ;
;      - dummy_dout~163                ; 0                 ; 6       ;
;      - dummy_dout~166                ; 0                 ; 6       ;
;      - dummy_dout~167                ; 0                 ; 6       ;
;      - dummy_dout~170                ; 0                 ; 6       ;
;      - dummy_dout~171                ; 0                 ; 6       ;
;      - dummy_dout~174                ; 0                 ; 6       ;
;      - dummy_dout~175                ; 0                 ; 6       ;
;      - dummy_dout~178                ; 0                 ; 6       ;
;      - dummy_dout~179                ; 0                 ; 6       ;
;      - dummy_dout~182                ; 0                 ; 6       ;
;      - dummy_dout~183                ; 0                 ; 6       ;
;      - dummy_dout~186                ; 0                 ; 6       ;
;      - dummy_dout~187                ; 0                 ; 6       ;
;      - dummy_dout~190                ; 0                 ; 6       ;
;      - dummy_dout~191                ; 0                 ; 6       ;
;      - dummy_dout~194                ; 0                 ; 6       ;
;      - dummy_dout~195                ; 0                 ; 6       ;
;      - dummy_dout~198                ; 0                 ; 6       ;
;      - dummy_dout~199                ; 0                 ; 6       ;
;      - dummy_dout~202                ; 0                 ; 6       ;
;      - dummy_dout~203                ; 0                 ; 6       ;
;      - dummy_dout~206                ; 0                 ; 6       ;
;      - dummy_dout~207                ; 0                 ; 6       ;
;      - dummy_dout~210                ; 0                 ; 6       ;
;      - dummy_dout~211                ; 0                 ; 6       ;
;      - dummy_dout~214                ; 0                 ; 6       ;
;      - dummy_dout~215                ; 0                 ; 6       ;
;      - dummy_dout~218                ; 0                 ; 6       ;
;      - Mux31~2                       ; 0                 ; 6       ;
;      - Mux31~5                       ; 0                 ; 6       ;
; sel_word_idx[1]                      ;                   ;         ;
;      - Mux31~0                       ; 0                 ; 6       ;
;      - dummy_dout~2                  ; 0                 ; 6       ;
;      - dummy_dout~5                  ; 0                 ; 6       ;
;      - dummy_dout~8                  ; 0                 ; 6       ;
;      - dummy_dout~11                 ; 0                 ; 6       ;
;      - dummy_dout~14                 ; 0                 ; 6       ;
;      - dummy_dout~17                 ; 0                 ; 6       ;
;      - dummy_dout~20                 ; 0                 ; 6       ;
;      - dummy_dout~23                 ; 0                 ; 6       ;
;      - dummy_dout~26                 ; 0                 ; 6       ;
;      - dummy_dout~29                 ; 0                 ; 6       ;
;      - dummy_dout~32                 ; 0                 ; 6       ;
;      - dummy_dout~35                 ; 0                 ; 6       ;
;      - dummy_dout~38                 ; 0                 ; 6       ;
;      - dummy_dout~41                 ; 0                 ; 6       ;
;      - dummy_dout~44                 ; 0                 ; 6       ;
;      - dummy_dout~47                 ; 0                 ; 6       ;
;      - dummy_dout~50                 ; 0                 ; 6       ;
;      - dummy_dout~53                 ; 0                 ; 6       ;
;      - dummy_dout~56                 ; 0                 ; 6       ;
;      - dummy_dout~59                 ; 0                 ; 6       ;
;      - dummy_dout~62                 ; 0                 ; 6       ;
;      - dummy_dout~65                 ; 0                 ; 6       ;
;      - dummy_dout~68                 ; 0                 ; 6       ;
;      - dummy_dout~71                 ; 0                 ; 6       ;
;      - dummy_dout~74                 ; 0                 ; 6       ;
;      - dummy_dout~77                 ; 0                 ; 6       ;
;      - dummy_dout~80                 ; 0                 ; 6       ;
;      - dummy_dout~83                 ; 0                 ; 6       ;
;      - dummy_dout~86                 ; 0                 ; 6       ;
;      - dummy_dout~89                 ; 0                 ; 6       ;
;      - dummy_dout~92                 ; 0                 ; 6       ;
;      - Decoder2~0                    ; 0                 ; 6       ;
;      - Decoder2~1                    ; 0                 ; 6       ;
;      - Decoder2~2                    ; 0                 ; 6       ;
;      - Decoder2~3                    ; 0                 ; 6       ;
;      - Decoder2~4                    ; 0                 ; 6       ;
;      - Decoder2~5                    ; 0                 ; 6       ;
;      - Decoder2~6                    ; 0                 ; 6       ;
;      - Decoder2~7                    ; 0                 ; 6       ;
;      - dummy_dout~96                 ; 0                 ; 6       ;
;      - dummy_dout~97                 ; 0                 ; 6       ;
;      - dummy_dout~100                ; 0                 ; 6       ;
;      - dummy_dout~101                ; 0                 ; 6       ;
;      - dummy_dout~104                ; 0                 ; 6       ;
;      - dummy_dout~105                ; 0                 ; 6       ;
;      - dummy_dout~108                ; 0                 ; 6       ;
;      - dummy_dout~109                ; 0                 ; 6       ;
;      - dummy_dout~112                ; 0                 ; 6       ;
;      - dummy_dout~113                ; 0                 ; 6       ;
;      - dummy_dout~116                ; 0                 ; 6       ;
;      - dummy_dout~117                ; 0                 ; 6       ;
;      - dummy_dout~120                ; 0                 ; 6       ;
;      - dummy_dout~121                ; 0                 ; 6       ;
;      - dummy_dout~124                ; 0                 ; 6       ;
;      - dummy_dout~125                ; 0                 ; 6       ;
;      - dummy_dout~128                ; 0                 ; 6       ;
;      - dummy_dout~129                ; 0                 ; 6       ;
;      - dummy_dout~132                ; 0                 ; 6       ;
;      - dummy_dout~133                ; 0                 ; 6       ;
;      - dummy_dout~136                ; 0                 ; 6       ;
;      - dummy_dout~137                ; 0                 ; 6       ;
;      - dummy_dout~140                ; 0                 ; 6       ;
;      - dummy_dout~141                ; 0                 ; 6       ;
;      - dummy_dout~144                ; 0                 ; 6       ;
;      - dummy_dout~145                ; 0                 ; 6       ;
;      - dummy_dout~148                ; 0                 ; 6       ;
;      - dummy_dout~149                ; 0                 ; 6       ;
;      - dummy_dout~152                ; 0                 ; 6       ;
;      - dummy_dout~153                ; 0                 ; 6       ;
;      - dummy_dout~156                ; 0                 ; 6       ;
;      - dummy_dout~157                ; 0                 ; 6       ;
;      - dummy_dout~160                ; 0                 ; 6       ;
;      - dummy_dout~161                ; 0                 ; 6       ;
;      - dummy_dout~164                ; 0                 ; 6       ;
;      - dummy_dout~165                ; 0                 ; 6       ;
;      - dummy_dout~168                ; 0                 ; 6       ;
;      - dummy_dout~169                ; 0                 ; 6       ;
;      - dummy_dout~172                ; 0                 ; 6       ;
;      - dummy_dout~173                ; 0                 ; 6       ;
;      - dummy_dout~176                ; 0                 ; 6       ;
;      - dummy_dout~177                ; 0                 ; 6       ;
;      - dummy_dout~180                ; 0                 ; 6       ;
;      - dummy_dout~181                ; 0                 ; 6       ;
;      - dummy_dout~184                ; 0                 ; 6       ;
;      - dummy_dout~185                ; 0                 ; 6       ;
;      - dummy_dout~188                ; 0                 ; 6       ;
;      - dummy_dout~189                ; 0                 ; 6       ;
;      - dummy_dout~192                ; 0                 ; 6       ;
;      - dummy_dout~193                ; 0                 ; 6       ;
;      - dummy_dout~196                ; 0                 ; 6       ;
;      - dummy_dout~197                ; 0                 ; 6       ;
;      - dummy_dout~200                ; 0                 ; 6       ;
;      - dummy_dout~201                ; 0                 ; 6       ;
;      - dummy_dout~204                ; 0                 ; 6       ;
;      - dummy_dout~205                ; 0                 ; 6       ;
;      - dummy_dout~208                ; 0                 ; 6       ;
;      - dummy_dout~209                ; 0                 ; 6       ;
;      - dummy_dout~212                ; 0                 ; 6       ;
;      - dummy_dout~213                ; 0                 ; 6       ;
;      - dummy_dout~216                ; 0                 ; 6       ;
;      - dummy_dout~217                ; 0                 ; 6       ;
;      - Mux31~3                       ; 0                 ; 6       ;
;      - Mux31~4                       ; 0                 ; 6       ;
; sel_word_idx[2]                      ;                   ;         ;
;      - dummy_dout~0                  ; 0                 ; 6       ;
;      - dummy_dout~4                  ; 0                 ; 6       ;
;      - dummy_dout~7                  ; 0                 ; 6       ;
;      - dummy_dout~10                 ; 0                 ; 6       ;
;      - dummy_dout~13                 ; 0                 ; 6       ;
;      - dummy_dout~16                 ; 0                 ; 6       ;
;      - dummy_dout~19                 ; 0                 ; 6       ;
;      - dummy_dout~22                 ; 0                 ; 6       ;
;      - dummy_dout~25                 ; 0                 ; 6       ;
;      - dummy_dout~28                 ; 0                 ; 6       ;
;      - dummy_dout~31                 ; 0                 ; 6       ;
;      - dummy_dout~34                 ; 0                 ; 6       ;
;      - dummy_dout~37                 ; 0                 ; 6       ;
;      - dummy_dout~40                 ; 0                 ; 6       ;
;      - dummy_dout~43                 ; 0                 ; 6       ;
;      - dummy_dout~46                 ; 0                 ; 6       ;
;      - dummy_dout~49                 ; 0                 ; 6       ;
;      - dummy_dout~52                 ; 0                 ; 6       ;
;      - dummy_dout~55                 ; 0                 ; 6       ;
;      - dummy_dout~58                 ; 0                 ; 6       ;
;      - dummy_dout~61                 ; 0                 ; 6       ;
;      - dummy_dout~64                 ; 0                 ; 6       ;
;      - dummy_dout~67                 ; 0                 ; 6       ;
;      - dummy_dout~70                 ; 0                 ; 6       ;
;      - dummy_dout~73                 ; 0                 ; 6       ;
;      - dummy_dout~76                 ; 0                 ; 6       ;
;      - dummy_dout~79                 ; 0                 ; 6       ;
;      - dummy_dout~82                 ; 0                 ; 6       ;
;      - dummy_dout~85                 ; 0                 ; 6       ;
;      - dummy_dout~88                 ; 0                 ; 6       ;
;      - dummy_dout~91                 ; 0                 ; 6       ;
;      - dummy_dout~94                 ; 0                 ; 6       ;
;      - Decoder2~0                    ; 0                 ; 6       ;
;      - Decoder2~1                    ; 0                 ; 6       ;
;      - Decoder2~2                    ; 0                 ; 6       ;
;      - Decoder2~3                    ; 0                 ; 6       ;
;      - Decoder2~4                    ; 0                 ; 6       ;
;      - Decoder2~5                    ; 0                 ; 6       ;
;      - Decoder2~6                    ; 0                 ; 6       ;
;      - Decoder2~7                    ; 0                 ; 6       ;
; mem_valid                            ;                   ;         ;
;      - mem_intf_read.mem_valid       ; 0                 ; 6       ;
; dummy_din[0]                         ;                   ;         ;
;      - host_regs_s[3][0]             ; 0                 ; 6       ;
;      - host_regs_s[1][0]             ; 0                 ; 6       ;
;      - concat~233                    ; 0                 ; 6       ;
;      - concat~234                    ; 0                 ; 6       ;
;      - concat~235                    ; 0                 ; 6       ;
;      - concat~236                    ; 0                 ; 6       ;
;      - concat~243                    ; 0                 ; 6       ;
;      - concat~247                    ; 0                 ; 6       ;
;      - concat~250                    ; 0                 ; 6       ;
;      - concat~254                    ; 0                 ; 6       ;
;      - host_regs_s[2][0]~feeder      ; 0                 ; 6       ;
;      - host_regs_s[0][0]~feeder      ; 0                 ; 6       ;
;      - host_regs_s[4][0]~feeder      ; 0                 ; 6       ;
; host_regs_valid_pulse                ;                   ;         ;
;      - host_regs_valid_pulse_s[4]    ; 1                 ; 6       ;
; mem_ack                              ;                   ;         ;
;      - mem_intf_write.mem_ack~feeder ; 1                 ; 6       ;
; dummy_din[1]                         ;                   ;         ;
;      - host_regs_s[3][1]             ; 0                 ; 6       ;
;      - host_regs_s[0][1]             ; 0                 ; 6       ;
;      - host_regs_s[2][1]             ; 0                 ; 6       ;
;      - concat~202                    ; 0                 ; 6       ;
;      - concat~203                    ; 0                 ; 6       ;
;      - concat~204                    ; 0                 ; 6       ;
;      - concat~205                    ; 0                 ; 6       ;
;      - concat~212                    ; 0                 ; 6       ;
;      - concat~216                    ; 0                 ; 6       ;
;      - concat~219                    ; 0                 ; 6       ;
;      - concat~223                    ; 0                 ; 6       ;
;      - host_regs_s[1][1]~feeder      ; 0                 ; 6       ;
; dummy_din[2]                         ;                   ;         ;
;      - host_regs_s[1][2]             ; 1                 ; 6       ;
;      - host_regs_s[2][2]             ; 1                 ; 6       ;
;      - concat~171                    ; 1                 ; 6       ;
;      - concat~172                    ; 1                 ; 6       ;
;      - concat~173                    ; 1                 ; 6       ;
;      - concat~174                    ; 1                 ; 6       ;
;      - concat~181                    ; 1                 ; 6       ;
;      - concat~185                    ; 1                 ; 6       ;
;      - concat~188                    ; 1                 ; 6       ;
;      - concat~192                    ; 1                 ; 6       ;
;      - host_regs_s[0][2]~feeder      ; 1                 ; 6       ;
;      - host_regs_s[3][2]~feeder      ; 1                 ; 6       ;
; dummy_din[3]                         ;                   ;         ;
;      - host_regs_s[3][3]             ; 1                 ; 6       ;
;      - host_regs_s[0][3]             ; 1                 ; 6       ;
;      - concat~140                    ; 1                 ; 6       ;
;      - concat~141                    ; 1                 ; 6       ;
;      - concat~142                    ; 1                 ; 6       ;
;      - concat~143                    ; 1                 ; 6       ;
;      - concat~150                    ; 1                 ; 6       ;
;      - concat~154                    ; 1                 ; 6       ;
;      - concat~157                    ; 1                 ; 6       ;
;      - concat~161                    ; 1                 ; 6       ;
;      - host_regs_s[1][3]~feeder      ; 1                 ; 6       ;
;      - host_regs_s[2][3]~feeder      ; 1                 ; 6       ;
; dummy_din[4]                         ;                   ;         ;
;      - host_regs_s[0][4]             ; 1                 ; 6       ;
;      - host_regs_s[1][4]             ; 1                 ; 6       ;
;      - host_regs_s[2][4]             ; 1                 ; 6       ;
;      - concat~109                    ; 1                 ; 6       ;
;      - concat~110                    ; 1                 ; 6       ;
;      - concat~111                    ; 1                 ; 6       ;
;      - concat~112                    ; 1                 ; 6       ;
;      - concat~119                    ; 1                 ; 6       ;
;      - concat~123                    ; 1                 ; 6       ;
;      - concat~126                    ; 1                 ; 6       ;
;      - concat~130                    ; 1                 ; 6       ;
;      - host_regs_s[3][4]~feeder      ; 1                 ; 6       ;
; dummy_din[5]                         ;                   ;         ;
;      - host_regs_s[3][5]             ; 0                 ; 6       ;
;      - host_regs_s[0][5]             ; 0                 ; 6       ;
;      - host_regs_s[2][5]             ; 0                 ; 6       ;
;      - concat~78                     ; 0                 ; 6       ;
;      - concat~79                     ; 0                 ; 6       ;
;      - concat~80                     ; 0                 ; 6       ;
;      - concat~81                     ; 0                 ; 6       ;
;      - concat~88                     ; 0                 ; 6       ;
;      - concat~92                     ; 0                 ; 6       ;
;      - concat~95                     ; 0                 ; 6       ;
;      - concat~99                     ; 0                 ; 6       ;
;      - host_regs_s[1][5]~feeder      ; 0                 ; 6       ;
; dummy_din[6]                         ;                   ;         ;
;      - host_regs_s[3][6]             ; 1                 ; 6       ;
;      - concat~47                     ; 1                 ; 6       ;
;      - concat~48                     ; 1                 ; 6       ;
;      - concat~49                     ; 1                 ; 6       ;
;      - concat~50                     ; 1                 ; 6       ;
;      - concat~57                     ; 1                 ; 6       ;
;      - concat~61                     ; 1                 ; 6       ;
;      - concat~64                     ; 1                 ; 6       ;
;      - concat~68                     ; 1                 ; 6       ;
;      - host_regs_s[2][6]~feeder      ; 1                 ; 6       ;
;      - host_regs_s[1][6]~feeder      ; 1                 ; 6       ;
;      - host_regs_s[0][6]~feeder      ; 1                 ; 6       ;
; dummy_din[7]                         ;                   ;         ;
;      - concat~16                     ; 1                 ; 6       ;
;      - concat~17                     ; 1                 ; 6       ;
;      - concat~18                     ; 1                 ; 6       ;
;      - concat~19                     ; 1                 ; 6       ;
;      - concat~26                     ; 1                 ; 6       ;
;      - concat~30                     ; 1                 ; 6       ;
;      - concat~33                     ; 1                 ; 6       ;
;      - concat~37                     ; 1                 ; 6       ;
;      - host_regs_s[2][7]~feeder      ; 1                 ; 6       ;
;      - host_regs_s[3][7]~feeder      ; 1                 ; 6       ;
;      - host_regs_s[0][7]~feeder      ; 1                 ; 6       ;
;      - host_regs_s[1][7]~feeder      ; 1                 ; 6       ;
; dummy_din[8]                         ;                   ;         ;
;      - host_regs_s[1][8]             ; 1                 ; 6       ;
;      - concat~7                      ; 1                 ; 6       ;
;      - concat~225                    ; 1                 ; 6       ;
;      - concat~226                    ; 1                 ; 6       ;
;      - concat~227                    ; 1                 ; 6       ;
;      - concat~228                    ; 1                 ; 6       ;
;      - concat~242                    ; 1                 ; 6       ;
;      - concat~245                    ; 1                 ; 6       ;
;      - concat~253                    ; 1                 ; 6       ;
;      - host_regs_s[2][8]~feeder      ; 1                 ; 6       ;
;      - host_regs_s[3][8]~feeder      ; 1                 ; 6       ;
;      - host_regs_s[0][8]~feeder      ; 1                 ; 6       ;
; dummy_din[9]                         ;                   ;         ;
;      - host_regs_s[0][9]             ; 0                 ; 6       ;
;      - host_regs_s[2][9]             ; 0                 ; 6       ;
;      - concat~6                      ; 0                 ; 6       ;
;      - concat~198                    ; 0                 ; 6       ;
;      - concat~199                    ; 0                 ; 6       ;
;      - concat~200                    ; 0                 ; 6       ;
;      - concat~201                    ; 0                 ; 6       ;
;      - concat~211                    ; 0                 ; 6       ;
;      - concat~214                    ; 0                 ; 6       ;
;      - concat~221                    ; 0                 ; 6       ;
;      - host_regs_s[3][9]~feeder      ; 0                 ; 6       ;
;      - host_regs_s[1][9]~feeder      ; 0                 ; 6       ;
; dummy_din[10]                        ;                   ;         ;
;      - host_regs_s[3][10]            ; 0                 ; 6       ;
;      - host_regs_s[0][10]            ; 0                 ; 6       ;
;      - host_regs_s[1][10]            ; 0                 ; 6       ;
;      - concat~5                      ; 0                 ; 6       ;
;      - concat~163                    ; 0                 ; 6       ;
;      - concat~164                    ; 0                 ; 6       ;
;      - concat~165                    ; 0                 ; 6       ;
;      - concat~166                    ; 0                 ; 6       ;
;      - concat~180                    ; 0                 ; 6       ;
;      - concat~183                    ; 0                 ; 6       ;
;      - concat~191                    ; 0                 ; 6       ;
;      - host_regs_s[2][10]~feeder     ; 0                 ; 6       ;
; dummy_din[11]                        ;                   ;         ;
;      - host_regs_s[0][11]            ; 0                 ; 6       ;
;      - host_regs_s[2][11]            ; 0                 ; 6       ;
;      - concat~4                      ; 0                 ; 6       ;
;      - concat~136                    ; 0                 ; 6       ;
;      - concat~137                    ; 0                 ; 6       ;
;      - concat~138                    ; 0                 ; 6       ;
;      - concat~139                    ; 0                 ; 6       ;
;      - concat~149                    ; 0                 ; 6       ;
;      - concat~152                    ; 0                 ; 6       ;
;      - concat~159                    ; 0                 ; 6       ;
;      - host_regs_s[1][11]~feeder     ; 0                 ; 6       ;
;      - host_regs_s[3][11]~feeder     ; 0                 ; 6       ;
; dummy_din[12]                        ;                   ;         ;
;      - host_regs_s[0][12]            ; 1                 ; 6       ;
;      - host_regs_s[2][12]            ; 1                 ; 6       ;
;      - concat~3                      ; 1                 ; 6       ;
;      - concat~101                    ; 1                 ; 6       ;
;      - concat~102                    ; 1                 ; 6       ;
;      - concat~103                    ; 1                 ; 6       ;
;      - concat~104                    ; 1                 ; 6       ;
;      - concat~118                    ; 1                 ; 6       ;
;      - concat~121                    ; 1                 ; 6       ;
;      - concat~129                    ; 1                 ; 6       ;
;      - host_regs_s[3][12]~feeder     ; 1                 ; 6       ;
;      - host_regs_s[1][12]~feeder     ; 1                 ; 6       ;
; dummy_din[13]                        ;                   ;         ;
;      - host_regs_s[3][13]            ; 0                 ; 6       ;
;      - host_regs_s[0][13]            ; 0                 ; 6       ;
;      - host_regs_s[1][13]            ; 0                 ; 6       ;
;      - concat~2                      ; 0                 ; 6       ;
;      - concat~74                     ; 0                 ; 6       ;
;      - concat~75                     ; 0                 ; 6       ;
;      - concat~76                     ; 0                 ; 6       ;
;      - concat~77                     ; 0                 ; 6       ;
;      - concat~87                     ; 0                 ; 6       ;
;      - concat~90                     ; 0                 ; 6       ;
;      - concat~97                     ; 0                 ; 6       ;
;      - host_regs_s[2][13]~feeder     ; 0                 ; 6       ;
; dummy_din[14]                        ;                   ;         ;
;      - host_regs_s[0][14]            ; 0                 ; 6       ;
;      - host_regs_s[1][14]            ; 0                 ; 6       ;
;      - concat~1                      ; 0                 ; 6       ;
;      - concat~39                     ; 0                 ; 6       ;
;      - concat~40                     ; 0                 ; 6       ;
;      - concat~41                     ; 0                 ; 6       ;
;      - concat~42                     ; 0                 ; 6       ;
;      - concat~56                     ; 0                 ; 6       ;
;      - concat~59                     ; 0                 ; 6       ;
;      - concat~67                     ; 0                 ; 6       ;
;      - host_regs_s[3][14]~feeder     ; 0                 ; 6       ;
;      - host_regs_s[2][14]~feeder     ; 0                 ; 6       ;
; dummy_din[15]                        ;                   ;         ;
;      - host_regs_s[3][15]            ; 0                 ; 6       ;
;      - host_regs_s[2][15]            ; 0                 ; 6       ;
;      - concat~0                      ; 0                 ; 6       ;
;      - concat~12                     ; 0                 ; 6       ;
;      - concat~13                     ; 0                 ; 6       ;
;      - concat~14                     ; 0                 ; 6       ;
;      - concat~15                     ; 0                 ; 6       ;
;      - concat~25                     ; 0                 ; 6       ;
;      - concat~28                     ; 0                 ; 6       ;
;      - concat~35                     ; 0                 ; 6       ;
;      - host_regs_s[1][15]~feeder     ; 0                 ; 6       ;
;      - host_regs_s[0][15]~feeder     ; 0                 ; 6       ;
; dummy_din[16]                        ;                   ;         ;
;      - host_regs_s[3][16]            ; 0                 ; 6       ;
;      - concat~229                    ; 0                 ; 6       ;
;      - concat~230                    ; 0                 ; 6       ;
;      - concat~231                    ; 0                 ; 6       ;
;      - concat~232                    ; 0                 ; 6       ;
;      - concat~241                    ; 0                 ; 6       ;
;      - concat~246                    ; 0                 ; 6       ;
;      - concat~249                    ; 0                 ; 6       ;
;      - concat~252                    ; 0                 ; 6       ;
; dummy_din[17]                        ;                   ;         ;
;      - concat~194                    ; 0                 ; 6       ;
;      - concat~195                    ; 0                 ; 6       ;
;      - concat~196                    ; 0                 ; 6       ;
;      - concat~197                    ; 0                 ; 6       ;
;      - concat~210                    ; 0                 ; 6       ;
;      - concat~215                    ; 0                 ; 6       ;
;      - concat~218                    ; 0                 ; 6       ;
;      - concat~222                    ; 0                 ; 6       ;
;      - host_regs_s[3][17]~feeder     ; 0                 ; 6       ;
; dummy_din[18]                        ;                   ;         ;
;      - concat~167                    ; 0                 ; 6       ;
;      - concat~168                    ; 0                 ; 6       ;
;      - concat~169                    ; 0                 ; 6       ;
;      - concat~170                    ; 0                 ; 6       ;
;      - concat~179                    ; 0                 ; 6       ;
;      - concat~184                    ; 0                 ; 6       ;
;      - concat~187                    ; 0                 ; 6       ;
;      - concat~190                    ; 0                 ; 6       ;
;      - host_regs_s[3][18]~feeder     ; 0                 ; 6       ;
; dummy_din[19]                        ;                   ;         ;
;      - concat~132                    ; 0                 ; 6       ;
;      - concat~133                    ; 0                 ; 6       ;
;      - concat~134                    ; 0                 ; 6       ;
;      - concat~135                    ; 0                 ; 6       ;
;      - concat~148                    ; 0                 ; 6       ;
;      - concat~153                    ; 0                 ; 6       ;
;      - concat~156                    ; 0                 ; 6       ;
;      - concat~160                    ; 0                 ; 6       ;
;      - host_regs_s[3][19]~feeder     ; 0                 ; 6       ;
; dummy_din[20]                        ;                   ;         ;
;      - concat~105                    ; 0                 ; 6       ;
;      - concat~106                    ; 0                 ; 6       ;
;      - concat~107                    ; 0                 ; 6       ;
;      - concat~108                    ; 0                 ; 6       ;
;      - concat~117                    ; 0                 ; 6       ;
;      - concat~122                    ; 0                 ; 6       ;
;      - concat~125                    ; 0                 ; 6       ;
;      - concat~128                    ; 0                 ; 6       ;
;      - host_regs_s[3][20]~feeder     ; 0                 ; 6       ;
; dummy_din[21]                        ;                   ;         ;
;      - concat~70                     ; 1                 ; 6       ;
;      - concat~71                     ; 1                 ; 6       ;
;      - concat~72                     ; 1                 ; 6       ;
;      - concat~73                     ; 1                 ; 6       ;
;      - concat~86                     ; 1                 ; 6       ;
;      - concat~91                     ; 1                 ; 6       ;
;      - concat~94                     ; 1                 ; 6       ;
;      - concat~98                     ; 1                 ; 6       ;
;      - host_regs_s[3][21]~feeder     ; 1                 ; 6       ;
; dummy_din[22]                        ;                   ;         ;
;      - host_regs_s[3][22]            ; 0                 ; 6       ;
;      - concat~43                     ; 0                 ; 6       ;
;      - concat~44                     ; 0                 ; 6       ;
;      - concat~45                     ; 0                 ; 6       ;
;      - concat~46                     ; 0                 ; 6       ;
;      - concat~55                     ; 0                 ; 6       ;
;      - concat~60                     ; 0                 ; 6       ;
;      - concat~63                     ; 0                 ; 6       ;
;      - concat~66                     ; 0                 ; 6       ;
; dummy_din[23]                        ;                   ;         ;
;      - concat~8                      ; 1                 ; 6       ;
;      - concat~9                      ; 1                 ; 6       ;
;      - concat~10                     ; 1                 ; 6       ;
;      - concat~11                     ; 1                 ; 6       ;
;      - concat~24                     ; 1                 ; 6       ;
;      - concat~29                     ; 1                 ; 6       ;
;      - concat~32                     ; 1                 ; 6       ;
;      - concat~36                     ; 1                 ; 6       ;
;      - host_regs_s[3][23]~feeder     ; 1                 ; 6       ;
; dummy_din[24]                        ;                   ;         ;
;      - concat~237                    ; 0                 ; 6       ;
;      - concat~238                    ; 0                 ; 6       ;
;      - concat~239                    ; 0                 ; 6       ;
;      - concat~240                    ; 0                 ; 6       ;
;      - concat~244                    ; 0                 ; 6       ;
;      - concat~248                    ; 0                 ; 6       ;
;      - concat~251                    ; 0                 ; 6       ;
;      - concat~255                    ; 0                 ; 6       ;
;      - host_regs_s[3][24]~feeder     ; 0                 ; 6       ;
; dummy_din[25]                        ;                   ;         ;
;      - host_regs_s[3][25]            ; 0                 ; 6       ;
;      - concat~206                    ; 0                 ; 6       ;
;      - concat~207                    ; 0                 ; 6       ;
;      - concat~208                    ; 0                 ; 6       ;
;      - concat~209                    ; 0                 ; 6       ;
;      - concat~213                    ; 0                 ; 6       ;
;      - concat~217                    ; 0                 ; 6       ;
;      - concat~220                    ; 0                 ; 6       ;
;      - concat~224                    ; 0                 ; 6       ;
; dummy_din[26]                        ;                   ;         ;
;      - concat~175                    ; 1                 ; 6       ;
;      - concat~176                    ; 1                 ; 6       ;
;      - concat~177                    ; 1                 ; 6       ;
;      - concat~178                    ; 1                 ; 6       ;
;      - concat~182                    ; 1                 ; 6       ;
;      - concat~186                    ; 1                 ; 6       ;
;      - concat~189                    ; 1                 ; 6       ;
;      - concat~193                    ; 1                 ; 6       ;
;      - host_regs_s[3][26]~feeder     ; 1                 ; 6       ;
; dummy_din[27]                        ;                   ;         ;
;      - concat~144                    ; 0                 ; 6       ;
;      - concat~145                    ; 0                 ; 6       ;
;      - concat~146                    ; 0                 ; 6       ;
;      - concat~147                    ; 0                 ; 6       ;
;      - concat~151                    ; 0                 ; 6       ;
;      - concat~155                    ; 0                 ; 6       ;
;      - concat~158                    ; 0                 ; 6       ;
;      - concat~162                    ; 0                 ; 6       ;
;      - host_regs_s[3][27]~feeder     ; 0                 ; 6       ;
; dummy_din[28]                        ;                   ;         ;
;      - concat~113                    ; 0                 ; 6       ;
;      - concat~114                    ; 0                 ; 6       ;
;      - concat~115                    ; 0                 ; 6       ;
;      - concat~116                    ; 0                 ; 6       ;
;      - concat~120                    ; 0                 ; 6       ;
;      - concat~124                    ; 0                 ; 6       ;
;      - concat~127                    ; 0                 ; 6       ;
;      - concat~131                    ; 0                 ; 6       ;
;      - host_regs_s[3][28]~feeder     ; 0                 ; 6       ;
; dummy_din[29]                        ;                   ;         ;
;      - concat~82                     ; 0                 ; 6       ;
;      - concat~83                     ; 0                 ; 6       ;
;      - concat~84                     ; 0                 ; 6       ;
;      - concat~85                     ; 0                 ; 6       ;
;      - concat~89                     ; 0                 ; 6       ;
;      - concat~93                     ; 0                 ; 6       ;
;      - concat~96                     ; 0                 ; 6       ;
;      - concat~100                    ; 0                 ; 6       ;
;      - host_regs_s[3][29]~feeder     ; 0                 ; 6       ;
; dummy_din[30]                        ;                   ;         ;
;      - concat~51                     ; 1                 ; 6       ;
;      - concat~52                     ; 1                 ; 6       ;
;      - concat~53                     ; 1                 ; 6       ;
;      - concat~54                     ; 1                 ; 6       ;
;      - concat~58                     ; 1                 ; 6       ;
;      - concat~62                     ; 1                 ; 6       ;
;      - concat~65                     ; 1                 ; 6       ;
;      - concat~69                     ; 1                 ; 6       ;
;      - host_regs_s[3][30]~feeder     ; 1                 ; 6       ;
; dummy_din[31]                        ;                   ;         ;
;      - host_regs_s[3][31]            ; 0                 ; 6       ;
;      - concat~20                     ; 0                 ; 6       ;
;      - concat~21                     ; 0                 ; 6       ;
;      - concat~22                     ; 0                 ; 6       ;
;      - concat~23                     ; 0                 ; 6       ;
;      - concat~27                     ; 0                 ; 6       ;
;      - concat~31                     ; 0                 ; 6       ;
;      - concat~34                     ; 0                 ; 6       ;
;      - concat~38                     ; 0                 ; 6       ;
; sel_word_idx[3]                      ;                   ;         ;
;      - Decoder2~0                    ; 0                 ; 6       ;
;      - Decoder2~1                    ; 0                 ; 6       ;
;      - Decoder2~2                    ; 0                 ; 6       ;
;      - Decoder2~3                    ; 0                 ; 6       ;
;      - Decoder2~4                    ; 0                 ; 6       ;
;      - Decoder2~5                    ; 0                 ; 6       ;
;      - Decoder2~6                    ; 0                 ; 6       ;
;      - Decoder2~7                    ; 0                 ; 6       ;
+--------------------------------------+-------------------+---------+


+---------------------------------------------------------------------------------------------------------------------------------------------------------------------------------------------------------------------------------------------------------------------------+
; Control Signals                                                                                                                                                                                                                                                           ;
+----------------------------------------------------------------------------------------------------------------------------------------------+--------------------+---------+--------------+--------+----------------------+------------------+---------------------------+
; Name                                                                                                                                         ; Location           ; Fan-Out ; Usage        ; Global ; Global Resource Used ; Global Line Name ; Enable Signal Source Name ;
+----------------------------------------------------------------------------------------------------------------------------------------------+--------------------+---------+--------------+--------+----------------------+------------------+---------------------------+
; Decoder4~0                                                                                                                                   ; LCCOMB_X54_Y25_N18 ; 2       ; Clock enable ; no     ; --                   ; --               ; --                        ;
; Decoder4~1                                                                                                                                   ; LCCOMB_X54_Y25_N24 ; 16      ; Clock enable ; no     ; --                   ; --               ; --                        ;
; Decoder4~2                                                                                                                                   ; LCCOMB_X54_Y25_N30 ; 16      ; Clock enable ; no     ; --                   ; --               ; --                        ;
; Decoder4~3                                                                                                                                   ; LCCOMB_X54_Y25_N20 ; 16      ; Clock enable ; no     ; --                   ; --               ; --                        ;
; Decoder4~4                                                                                                                                   ; LCCOMB_X54_Y25_N22 ; 32      ; Clock enable ; no     ; --                   ; --               ; --                        ;
; LayerNorm:LayerNorm|affine_stage:i_affine_stage|Decoder0~10                                                                                  ; LCCOMB_X58_Y24_N28 ; 8       ; Clock enable ; no     ; --                   ; --               ; --                        ;
; LayerNorm:LayerNorm|affine_stage:i_affine_stage|Decoder0~12                                                                                  ; LCCOMB_X62_Y24_N4  ; 8       ; Clock enable ; no     ; --                   ; --               ; --                        ;
; LayerNorm:LayerNorm|affine_stage:i_affine_stage|Decoder0~14                                                                                  ; LCCOMB_X62_Y23_N24 ; 8       ; Clock enable ; no     ; --                   ; --               ; --                        ;
; LayerNorm:LayerNorm|affine_stage:i_affine_stage|Decoder0~15                                                                                  ; LCCOMB_X62_Y23_N6  ; 8       ; Clock enable ; no     ; --                   ; --               ; --                        ;
; LayerNorm:LayerNorm|affine_stage:i_affine_stage|Decoder0~17                                                                                  ; LCCOMB_X62_Y23_N16 ; 8       ; Clock enable ; no     ; --                   ; --               ; --                        ;
; LayerNorm:LayerNorm|affine_stage:i_affine_stage|Decoder0~19                                                                                  ; LCCOMB_X62_Y23_N22 ; 8       ; Clock enable ; no     ; --                   ; --               ; --                        ;
; LayerNorm:LayerNorm|affine_stage:i_affine_stage|Decoder0~2                                                                                   ; LCCOMB_X58_Y24_N20 ; 8       ; Clock enable ; no     ; --                   ; --               ; --                        ;
; LayerNorm:LayerNorm|affine_stage:i_affine_stage|Decoder0~20                                                                                  ; LCCOMB_X62_Y23_N12 ; 8       ; Clock enable ; no     ; --                   ; --               ; --                        ;
; LayerNorm:LayerNorm|affine_stage:i_affine_stage|Decoder0~22                                                                                  ; LCCOMB_X62_Y23_N14 ; 8       ; Clock enable ; no     ; --                   ; --               ; --                        ;
; LayerNorm:LayerNorm|affine_stage:i_affine_stage|Decoder0~24                                                                                  ; LCCOMB_X62_Y23_N20 ; 8       ; Clock enable ; no     ; --                   ; --               ; --                        ;
; LayerNorm:LayerNorm|affine_stage:i_affine_stage|Decoder0~25                                                                                  ; LCCOMB_X62_Y24_N0  ; 8       ; Clock enable ; no     ; --                   ; --               ; --                        ;
; LayerNorm:LayerNorm|affine_stage:i_affine_stage|Decoder0~26                                                                                  ; LCCOMB_X62_Y25_N28 ; 8       ; Clock enable ; no     ; --                   ; --               ; --                        ;
; LayerNorm:LayerNorm|affine_stage:i_affine_stage|Decoder0~27                                                                                  ; LCCOMB_X62_Y25_N22 ; 8       ; Clock enable ; no     ; --                   ; --               ; --                        ;
; LayerNorm:LayerNorm|affine_stage:i_affine_stage|Decoder0~28                                                                                  ; LCCOMB_X62_Y23_N26 ; 8       ; Clock enable ; no     ; --                   ; --               ; --                        ;
; LayerNorm:LayerNorm|affine_stage:i_affine_stage|Decoder0~29                                                                                  ; LCCOMB_X62_Y23_N8  ; 8       ; Clock enable ; no     ; --                   ; --               ; --                        ;
; LayerNorm:LayerNorm|affine_stage:i_affine_stage|Decoder0~3                                                                                   ; LCCOMB_X58_Y24_N4  ; 8       ; Clock enable ; no     ; --                   ; --               ; --                        ;
; LayerNorm:LayerNorm|affine_stage:i_affine_stage|Decoder0~30                                                                                  ; LCCOMB_X62_Y23_N30 ; 8       ; Clock enable ; no     ; --                   ; --               ; --                        ;
; LayerNorm:LayerNorm|affine_stage:i_affine_stage|Decoder0~31                                                                                  ; LCCOMB_X62_Y23_N4  ; 8       ; Clock enable ; no     ; --                   ; --               ; --                        ;
; LayerNorm:LayerNorm|affine_stage:i_affine_stage|Decoder0~32                                                                                  ; LCCOMB_X62_Y23_N10 ; 8       ; Clock enable ; no     ; --                   ; --               ; --                        ;
; LayerNorm:LayerNorm|affine_stage:i_affine_stage|Decoder0~33                                                                                  ; LCCOMB_X62_Y24_N28 ; 8       ; Clock enable ; no     ; --                   ; --               ; --                        ;
; LayerNorm:LayerNorm|affine_stage:i_affine_stage|Decoder0~34                                                                                  ; LCCOMB_X62_Y25_N24 ; 8       ; Clock enable ; no     ; --                   ; --               ; --                        ;
; LayerNorm:LayerNorm|affine_stage:i_affine_stage|Decoder0~35                                                                                  ; LCCOMB_X62_Y25_N14 ; 8       ; Clock enable ; no     ; --                   ; --               ; --                        ;
; LayerNorm:LayerNorm|affine_stage:i_affine_stage|Decoder0~36                                                                                  ; LCCOMB_X62_Y23_N28 ; 8       ; Clock enable ; no     ; --                   ; --               ; --                        ;
; LayerNorm:LayerNorm|affine_stage:i_affine_stage|Decoder0~37                                                                                  ; LCCOMB_X62_Y23_N2  ; 8       ; Clock enable ; no     ; --                   ; --               ; --                        ;
; LayerNorm:LayerNorm|affine_stage:i_affine_stage|Decoder0~38                                                                                  ; LCCOMB_X62_Y23_N0  ; 8       ; Clock enable ; no     ; --                   ; --               ; --                        ;
; LayerNorm:LayerNorm|affine_stage:i_affine_stage|Decoder0~39                                                                                  ; LCCOMB_X60_Y23_N18 ; 8       ; Clock enable ; no     ; --                   ; --               ; --                        ;
; LayerNorm:LayerNorm|affine_stage:i_affine_stage|Decoder0~4                                                                                   ; LCCOMB_X58_Y24_N30 ; 8       ; Clock enable ; no     ; --                   ; --               ; --                        ;
; LayerNorm:LayerNorm|affine_stage:i_affine_stage|Decoder0~40                                                                                  ; LCCOMB_X62_Y23_N18 ; 8       ; Clock enable ; no     ; --                   ; --               ; --                        ;
; LayerNorm:LayerNorm|affine_stage:i_affine_stage|Decoder0~5                                                                                   ; LCCOMB_X58_Y24_N22 ; 8       ; Clock enable ; no     ; --                   ; --               ; --                        ;
; LayerNorm:LayerNorm|affine_stage:i_affine_stage|Decoder0~7                                                                                   ; LCCOMB_X58_Y24_N14 ; 8       ; Clock enable ; no     ; --                   ; --               ; --                        ;
; LayerNorm:LayerNorm|affine_stage:i_affine_stage|Decoder0~8                                                                                   ; LCCOMB_X58_Y24_N10 ; 8       ; Clock enable ; no     ; --                   ; --               ; --                        ;
; LayerNorm:LayerNorm|affine_stage:i_affine_stage|Decoder0~9                                                                                   ; LCCOMB_X58_Y24_N16 ; 8       ; Clock enable ; no     ; --                   ; --               ; --                        ;
; LayerNorm:LayerNorm|affine_stage:i_affine_stage|Selector1~8                                                                                  ; LCCOMB_X46_Y19_N10 ; 256     ; Clock enable ; no     ; --                   ; --               ; --                        ;
; LayerNorm:LayerNorm|affine_stage:i_affine_stage|Selector1~9                                                                                  ; LCCOMB_X47_Y22_N18 ; 256     ; Clock enable ; no     ; --                   ; --               ; --                        ;
; LayerNorm:LayerNorm|affine_stage:i_affine_stage|Selector5~1                                                                                  ; LCCOMB_X46_Y22_N26 ; 256     ; Clock enable ; no     ; --                   ; --               ; --                        ;
; LayerNorm:LayerNorm|affine_stage:i_affine_stage|Selector7~0                                                                                  ; LCCOMB_X55_Y22_N28 ; 5       ; Clock enable ; no     ; --                   ; --               ; --                        ;
; LayerNorm:LayerNorm|affine_stage:i_affine_stage|altshift_taps:p2_b_s_rtl_0|shift_taps_2vl:auto_generated|cntr_fjg:cntr5|counter_comb_bita0~0 ; LCCOMB_X54_Y24_N28 ; 2       ; Clock enable ; no     ; --                   ; --               ; --                        ;
; LayerNorm:LayerNorm|affine_stage:i_affine_stage|altshift_taps:p2_b_s_rtl_0|shift_taps_2vl:auto_generated|dffe6                               ; FF_X54_Y24_N11     ; 1       ; Async. clear ; no     ; --                   ; --               ; --                        ;
; LayerNorm:LayerNorm|affine_stage:i_affine_stage|beta_line_buf[0][7]~0                                                                        ; LCCOMB_X46_Y19_N0  ; 256     ; Clock enable ; no     ; --                   ; --               ; --                        ;
; LayerNorm:LayerNorm|affine_stage:i_affine_stage|lane_cnt[0]~13                                                                               ; LCCOMB_X54_Y22_N14 ; 6       ; Clock enable ; no     ; --                   ; --               ; --                        ;
; LayerNorm:LayerNorm|affine_stage:i_affine_stage|state.PROCESS                                                                                ; FF_X54_Y22_N21     ; 16      ; Sync. clear  ; no     ; --                   ; --               ; --                        ;
; LayerNorm:LayerNorm|ex_ex2_stage:i_ex_ex2_stage|Selector4~1                                                                                  ; LCCOMB_X46_Y22_N20 ; 7       ; Sync. clear  ; no     ; --                   ; --               ; --                        ;
; LayerNorm:LayerNorm|ex_ex2_stage:i_ex_ex2_stage|Selector4~3                                                                                  ; LCCOMB_X46_Y22_N30 ; 256     ; Clock enable ; no     ; --                   ; --               ; --                        ;
; LayerNorm:LayerNorm|ex_ex2_stage:i_ex_ex2_stage|Selector4~4                                                                                  ; LCCOMB_X46_Y22_N16 ; 256     ; Clock enable ; no     ; --                   ; --               ; --                        ;
; LayerNorm:LayerNorm|ex_ex2_stage:i_ex_ex2_stage|chunk_cnt[3]~0                                                                               ; LCCOMB_X47_Y19_N8  ; 4       ; Clock enable ; no     ; --                   ; --               ; --                        ;
; LayerNorm:LayerNorm|ex_ex2_stage:i_ex_ex2_stage|ex2_reg[5]~32                                                                                ; LCCOMB_X47_Y19_N4  ; 68      ; Clock enable ; no     ; --                   ; --               ; --                        ;
; LayerNorm:LayerNorm|ex_ex2_stage:i_ex_ex2_stage|lane_cnt[4]~21                                                                               ; LCCOMB_X47_Y19_N30 ; 6       ; Clock enable ; no     ; --                   ; --               ; --                        ;
; LayerNorm:LayerNorm|ex_ex2_stage:i_ex_ex2_stage|min_alpha_reg[1]~0                                                                           ; LCCOMB_X37_Y20_N28 ; 7       ; Clock enable ; no     ; --                   ; --               ; --                        ;
; LayerNorm:LayerNorm|ex_ex2_stage:i_ex_ex2_stage|state.PROCESS                                                                                ; FF_X46_Y22_N25     ; 69      ; Sync. clear  ; no     ; --                   ; --               ; --                        ;
; LayerNorm:LayerNorm|preprocess_stage:i_preprocess_stage|Selector0~0                                                                          ; LCCOMB_X47_Y22_N4  ; 45      ; Clock enable ; no     ; --                   ; --               ; --                        ;
; LayerNorm:LayerNorm|preprocess_stage:i_preprocess_stage|state.COMP_MU                                                                        ; FF_X47_Y22_N13     ; 32      ; Clock enable ; no     ; --                   ; --               ; --                        ;
; LayerNorm:LayerNorm|start_layernorm                                                                                                          ; LCCOMB_X55_Y21_N2  ; 81      ; Clock enable ; no     ; --                   ; --               ; --                        ;
; LayerNorm:LayerNorm|zp_stage:i_zp_stage|always1~2                                                                                            ; LCCOMB_X47_Y23_N4  ; 83      ; Clock enable ; no     ; --                   ; --               ; --                        ;
; clk                                                                                                                                          ; PIN_M8             ; 2737    ; Clock        ; yes    ; Global Clock         ; GCLK3            ; --                        ;
; mem_intf_read.mem_valid                                                                                                                      ; FF_X54_Y22_N1      ; 23      ; Clock enable ; no     ; --                   ; --               ; --                        ;
; rst_n                                                                                                                                        ; PIN_M9             ; 2732    ; Async. clear ; yes    ; Global Clock         ; GCLK4            ; --                        ;
; sel_xmem                                                                                                                                     ; PIN_T19            ; 33      ; Sync. clear  ; no     ; --                   ; --               ; --                        ;
+----------------------------------------------------------------------------------------------------------------------------------------------+--------------------+---------+--------------+--------+----------------------+------------------+---------------------------+


+-----------------------------------------------------------------------------------------------------------------------------------------+
; Global & Other Fast Signals                                                                                                             ;
+-------+----------+---------+--------------------------------------+----------------------+------------------+---------------------------+
; Name  ; Location ; Fan-Out ; Fan-Out Using Intentional Clock Skew ; Global Resource Used ; Global Line Name ; Enable Signal Source Name ;
+-------+----------+---------+--------------------------------------+----------------------+------------------+---------------------------+
; clk   ; PIN_M8   ; 2737    ; 279                                  ; Global Clock         ; GCLK3            ; --                        ;
; rst_n ; PIN_M9   ; 2732    ; 0                                    ; Global Clock         ; GCLK4            ; --                        ;
+-------+----------+---------+--------------------------------------+----------------------+------------------+---------------------------+


+-----------------------------------------------------------------------------------------------------------------------------------------------------------------------------------------------------------------------------------------------------------------------------------------------------------------------------------------------------------------------------------------------------------------------------------------------------------------------------------------------------------------------------------------------------------------------------------------------------------------------------------------------------------------------------+
; Fitter RAM Summary                                                                                                                                                                                                                                                                                                                                                                                                                                                                                                                                                                                                                                                          ;
+-------------------------------------------------------------------------------------------------------------------------------------------------+------+------------------+--------------+--------------+--------------+--------------+--------------+------------------------+-------------------------+------------------------+-------------------------+------+-----------------------------+-----------------------------+-----------------------------+-----------------------------+---------------------+------+------+----------------+----------------------+------------------------+------------------------+----------+------------------------+---------------+
; Name                                                                                                                                            ; Type ; Mode             ; Clock Mode   ; Port A Depth ; Port A Width ; Port B Depth ; Port B Width ; Port A Input Registers ; Port A Output Registers ; Port B Input Registers ; Port B Output Registers ; Size ; Implementation Port A Depth ; Implementation Port A Width ; Implementation Port B Depth ; Implementation Port B Width ; Implementation Bits ; M9Ks ; MIF  ; Location       ; Mixed Width RDW Mode ; Port A RDW Mode        ; Port B RDW Mode        ; ECC Mode ; ECC Pipeline Registers ; Fits in MLABs ;
+-------------------------------------------------------------------------------------------------------------------------------------------------+------+------------------+--------------+--------------+--------------+--------------+--------------+------------------------+-------------------------+------------------------+-------------------------+------+-----------------------------+-----------------------------+-----------------------------+-----------------------------+---------------------+------+------+----------------+----------------------+------------------------+------------------------+----------+------------------------+---------------+
; LayerNorm:LayerNorm|affine_stage:i_affine_stage|altshift_taps:p2_b_s_rtl_0|shift_taps_2vl:auto_generated|altsyncram_jj51:altsyncram4|ALTSYNCRAM ; AUTO ; Simple Dual Port ; Single Clock ; 3            ; 32           ; 3            ; 32           ; yes                    ; no                      ; yes                    ; yes                     ; 96   ; 3                           ; 32                          ; 3                           ; 32                          ; 96                  ; 1    ; None ; M9K_X53_Y24_N0 ; Don't care           ; New data with NBE Read ; New data with NBE Read ; Off      ; No                     ; No - Unknown  ;
+-------------------------------------------------------------------------------------------------------------------------------------------------+------+------------------+--------------+--------------+--------------+--------------+--------------+------------------------+-------------------------+------------------------+-------------------------+------+-----------------------------+-----------------------------+-----------------------------+-----------------------------+---------------------+------+------+----------------+----------------------+------------------------+------------------------+----------+------------------------+---------------+
Note: Fitter may spread logical memories into multiple blocks to improve timing. The actual required RAM blocks can be found in the Fitter Resource Usage section.


+-----------------------------------------------------------------------------------------------+
; Fitter DSP Block Usage Summary                                                                ;
+---------------------------------------+-------------+---------------------+-------------------+
; Statistic                             ; Number Used ; Available per Block ; Maximum Available ;
+---------------------------------------+-------------+---------------------+-------------------+
; Simple Multipliers (9-bit)            ; 0           ; 2                   ; 288               ;
; Simple Multipliers (18-bit)           ; 17          ; 1                   ; 144               ;
; Embedded Multiplier Blocks            ; 17          ; --                  ; 144               ;
; Embedded Multiplier 9-bit elements    ; 34          ; 2                   ; 288               ;
; Signed Embedded Multipliers           ; 2           ; --                  ; --                ;
; Unsigned Embedded Multipliers         ; 10          ; --                  ; --                ;
; Mixed Sign Embedded Multipliers       ; 5           ; --                  ; --                ;
; Variable Sign Embedded Multipliers    ; 0           ; --                  ; --                ;
; Dedicated Input Shift Register Chains ; 0           ; --                  ; --                ;
+---------------------------------------+-------------+---------------------+-------------------+


+------------------------------------------------------------------------------------------------------------------------------------------------------------------------------------------------------------------------------------------------------------------------------------------------------------+
; DSP Block Details                                                                                                                                                                                                                                                                                          ;
+-------------------------------------------------------------------------------------------------------------+----------------------------+--------------------+---------------------+--------------------------------+-----------------------+-----------------------+-------------------+-----------------+
; Name                                                                                                        ; Mode                       ; Location           ; Sign Representation ; Has Input Shift Register Chain ; Data A Input Register ; Data B Input Register ; Pipeline Register ; Output Register ;
+-------------------------------------------------------------------------------------------------------------+----------------------------+--------------------+---------------------+--------------------------------+-----------------------+-----------------------+-------------------+-----------------+
; LayerNorm:LayerNorm|preprocess_stage:i_preprocess_stage|lpm_mult:Mult2|mult_tgs:auto_generated|w449w[0]     ; Simple Multiplier (18-bit) ; DSPOUT_X28_Y12_N2  ;                     ; No                             ;                       ;                       ;                   ; no              ;
;    LayerNorm:LayerNorm|preprocess_stage:i_preprocess_stage|lpm_mult:Mult2|mult_tgs:auto_generated|mac_mult1 ;                            ; DSPMULT_X28_Y12_N0 ; Unsigned            ;                                ; yes                   ; yes                   ; no                ;                 ;
; LayerNorm:LayerNorm|preprocess_stage:i_preprocess_stage|lpm_mult:Mult1|mult_irs:auto_generated|mac_out6     ; Simple Multiplier (18-bit) ; DSPOUT_X48_Y13_N2  ;                     ; No                             ;                       ;                       ;                   ; no              ;
;    LayerNorm:LayerNorm|preprocess_stage:i_preprocess_stage|lpm_mult:Mult1|mult_irs:auto_generated|mac_mult5 ;                            ; DSPMULT_X48_Y13_N0 ; Unsigned            ;                                ; no                    ; yes                   ; no                ;                 ;
; LayerNorm:LayerNorm|preprocess_stage:i_preprocess_stage|lpm_mult:Mult1|mult_irs:auto_generated|mac_out8     ; Simple Multiplier (18-bit) ; DSPOUT_X48_Y15_N2  ;                     ; No                             ;                       ;                       ;                   ; no              ;
;    LayerNorm:LayerNorm|preprocess_stage:i_preprocess_stage|lpm_mult:Mult1|mult_irs:auto_generated|mac_mult7 ;                            ; DSPMULT_X48_Y15_N0 ; Unsigned            ;                                ; yes                   ; no                    ; no                ;                 ;
; LayerNorm:LayerNorm|preprocess_stage:i_preprocess_stage|lpm_mult:Mult1|mult_irs:auto_generated|mac_out4     ; Simple Multiplier (18-bit) ; DSPOUT_X48_Y14_N2  ;                     ; No                             ;                       ;                       ;                   ; no              ;
;    LayerNorm:LayerNorm|preprocess_stage:i_preprocess_stage|lpm_mult:Mult1|mult_irs:auto_generated|mac_mult3 ;                            ; DSPMULT_X48_Y14_N0 ; Unsigned            ;                                ; yes                   ; no                    ; no                ;                 ;
; LayerNorm:LayerNorm|preprocess_stage:i_preprocess_stage|lpm_mult:Mult1|mult_irs:auto_generated|w489w[0]     ; Simple Multiplier (18-bit) ; DSPOUT_X48_Y16_N2  ;                     ; No                             ;                       ;                       ;                   ; no              ;
;    LayerNorm:LayerNorm|preprocess_stage:i_preprocess_stage|lpm_mult:Mult1|mult_irs:auto_generated|mac_mult1 ;                            ; DSPMULT_X48_Y16_N0 ; Unsigned            ;                                ; yes                   ; no                    ; no                ;                 ;
; LayerNorm:LayerNorm|preprocess_stage:i_preprocess_stage|lpm_mult:Mult2|mult_tgs:auto_generated|mac_out4     ; Simple Multiplier (18-bit) ; DSPOUT_X28_Y11_N2  ;                     ; No                             ;                       ;                       ;                   ; no              ;
;    LayerNorm:LayerNorm|preprocess_stage:i_preprocess_stage|lpm_mult:Mult2|mult_tgs:auto_generated|mac_mult3 ;                            ; DSPMULT_X28_Y11_N0 ; Mixed               ;                                ; yes                   ; yes                   ; no                ;                 ;
; LayerNorm:LayerNorm|preprocess_stage:i_preprocess_stage|lpm_mult:Mult2|mult_tgs:auto_generated|mac_out6     ; Simple Multiplier (18-bit) ; DSPOUT_X28_Y10_N2  ;                     ; No                             ;                       ;                       ;                   ; no              ;
;    LayerNorm:LayerNorm|preprocess_stage:i_preprocess_stage|lpm_mult:Mult2|mult_tgs:auto_generated|mac_mult5 ;                            ; DSPMULT_X28_Y10_N0 ; Mixed               ;                                ; yes                   ; yes                   ; no                ;                 ;
; LayerNorm:LayerNorm|preprocess_stage:i_preprocess_stage|lpm_mult:Mult0|mult_jrs:auto_generated|mac_out4     ; Simple Multiplier (18-bit) ; DSPOUT_X28_Y15_N2  ;                     ; No                             ;                       ;                       ;                   ; no              ;
;    LayerNorm:LayerNorm|preprocess_stage:i_preprocess_stage|lpm_mult:Mult0|mult_jrs:auto_generated|mac_mult3 ;                            ; DSPMULT_X28_Y15_N0 ; Unsigned            ;                                ; no                    ; no                    ; no                ;                 ;
; LayerNorm:LayerNorm|preprocess_stage:i_preprocess_stage|lpm_mult:Mult0|mult_jrs:auto_generated|mac_out6     ; Simple Multiplier (18-bit) ; DSPOUT_X28_Y13_N2  ;                     ; No                             ;                       ;                       ;                   ; no              ;
;    LayerNorm:LayerNorm|preprocess_stage:i_preprocess_stage|lpm_mult:Mult0|mult_jrs:auto_generated|mac_mult5 ;                            ; DSPMULT_X28_Y13_N0 ; Unsigned            ;                                ; no                    ; no                    ; no                ;                 ;
; LayerNorm:LayerNorm|preprocess_stage:i_preprocess_stage|lpm_mult:Mult0|mult_jrs:auto_generated|w465w[0]     ; Simple Multiplier (18-bit) ; DSPOUT_X28_Y16_N2  ;                     ; No                             ;                       ;                       ;                   ; no              ;
;    LayerNorm:LayerNorm|preprocess_stage:i_preprocess_stage|lpm_mult:Mult0|mult_jrs:auto_generated|mac_mult1 ;                            ; DSPMULT_X28_Y16_N0 ; Unsigned            ;                                ; no                    ; no                    ; no                ;                 ;
; LayerNorm:LayerNorm|affine_stage:i_affine_stage|lpm_mult:Mult1|mult_qgs:auto_generated|mac_out4             ; Simple Multiplier (18-bit) ; DSPOUT_X48_Y19_N2  ;                     ; No                             ;                       ;                       ;                   ; no              ;
;    LayerNorm:LayerNorm|affine_stage:i_affine_stage|lpm_mult:Mult1|mult_qgs:auto_generated|mac_mult3         ;                            ; DSPMULT_X48_Y19_N0 ; Mixed               ;                                ; yes                   ; yes                   ; no                ;                 ;
; LayerNorm:LayerNorm|affine_stage:i_affine_stage|lpm_mult:Mult1|mult_qgs:auto_generated|mac_out6             ; Simple Multiplier (18-bit) ; DSPOUT_X48_Y22_N2  ;                     ; No                             ;                       ;                       ;                   ; no              ;
;    LayerNorm:LayerNorm|affine_stage:i_affine_stage|lpm_mult:Mult1|mult_qgs:auto_generated|mac_mult5         ;                            ; DSPMULT_X48_Y22_N0 ; Mixed               ;                                ; yes                   ; yes                   ; no                ;                 ;
; LayerNorm:LayerNorm|affine_stage:i_affine_stage|lpm_mult:Mult1|mult_qgs:auto_generated|w569w[0]             ; Simple Multiplier (18-bit) ; DSPOUT_X48_Y23_N2  ;                     ; No                             ;                       ;                       ;                   ; no              ;
;    LayerNorm:LayerNorm|affine_stage:i_affine_stage|lpm_mult:Mult1|mult_qgs:auto_generated|mac_mult1         ;                            ; DSPMULT_X48_Y23_N0 ; Unsigned            ;                                ; yes                   ; yes                   ; no                ;                 ;
; LayerNorm:LayerNorm|affine_stage:i_affine_stage|lpm_mult:Mult1|mult_qgs:auto_generated|mac_out8             ; Simple Multiplier (18-bit) ; DSPOUT_X48_Y20_N2  ;                     ; No                             ;                       ;                       ;                   ; no              ;
;    LayerNorm:LayerNorm|affine_stage:i_affine_stage|lpm_mult:Mult1|mult_qgs:auto_generated|mac_mult7         ;                            ; DSPMULT_X48_Y20_N0 ; Signed              ;                                ; yes                   ; yes                   ; no                ;                 ;
; LayerNorm:LayerNorm|preprocess_stage:i_preprocess_stage|lpm_mult:Mult0|mult_jrs:auto_generated|mac_out8     ; Simple Multiplier (18-bit) ; DSPOUT_X28_Y14_N2  ;                     ; No                             ;                       ;                       ;                   ; no              ;
;    LayerNorm:LayerNorm|preprocess_stage:i_preprocess_stage|lpm_mult:Mult0|mult_jrs:auto_generated|mac_mult7 ;                            ; DSPMULT_X28_Y14_N0 ; Unsigned            ;                                ; no                    ; no                    ; no                ;                 ;
; LayerNorm:LayerNorm|affine_stage:i_affine_stage|lpm_mult:Mult0|mult_0hs:auto_generated|w308w[0]             ; Simple Multiplier (18-bit) ; DSPOUT_X28_Y19_N2  ;                     ; No                             ;                       ;                       ;                   ; no              ;
;    LayerNorm:LayerNorm|affine_stage:i_affine_stage|lpm_mult:Mult0|mult_0hs:auto_generated|mac_mult1         ;                            ; DSPMULT_X28_Y19_N0 ; Mixed               ;                                ; yes                   ; no                    ; no                ;                 ;
; LayerNorm:LayerNorm|affine_stage:i_affine_stage|lpm_mult:Mult0|mult_0hs:auto_generated|mac_out4             ; Simple Multiplier (18-bit) ; DSPOUT_X28_Y18_N2  ;                     ; No                             ;                       ;                       ;                   ; no              ;
;    LayerNorm:LayerNorm|affine_stage:i_affine_stage|lpm_mult:Mult0|mult_0hs:auto_generated|mac_mult3         ;                            ; DSPMULT_X28_Y18_N0 ; Signed              ;                                ; no                    ; yes                   ; no                ;                 ;
+-------------------------------------------------------------------------------------------------------------+----------------------------+--------------------+---------------------+--------------------------------+-----------------------+-----------------------+-------------------+-----------------+


+---------------------------------------------------+
; Routing Usage Summary                             ;
+-----------------------+---------------------------+
; Routing Resource Type ; Usage                     ;
+-----------------------+---------------------------+
; Block interconnects   ; 7,046 / 148,641 ( 5 % )   ;
; C16 interconnects     ; 132 / 5,382 ( 2 % )       ;
; C4 interconnects      ; 3,736 / 106,704 ( 4 % )   ;
; Direct links          ; 1,257 / 148,641 ( < 1 % ) ;
; Global clocks         ; 2 / 20 ( 10 % )           ;
; Local interconnects   ; 2,342 / 49,760 ( 5 % )    ;
; NSLEEPs               ; 0 / 500 ( 0 % )           ;
; R24 interconnects     ; 163 / 5,406 ( 3 % )       ;
; R4 interconnects      ; 4,686 / 147,764 ( 3 % )   ;
+-----------------------+---------------------------+


+-----------------------------------------------------------------------------+
; LAB Logic Elements                                                          ;
+---------------------------------------------+-------------------------------+
; Number of Logic Elements  (Average = 13.94) ; Number of LABs  (Total = 342) ;
+---------------------------------------------+-------------------------------+
; 1                                           ; 8                             ;
; 2                                           ; 10                            ;
; 3                                           ; 4                             ;
; 4                                           ; 4                             ;
; 5                                           ; 6                             ;
; 6                                           ; 1                             ;
; 7                                           ; 1                             ;
; 8                                           ; 5                             ;
; 9                                           ; 5                             ;
; 10                                          ; 3                             ;
; 11                                          ; 6                             ;
; 12                                          ; 4                             ;
; 13                                          ; 10                            ;
; 14                                          ; 29                            ;
; 15                                          ; 31                            ;
; 16                                          ; 215                           ;
+---------------------------------------------+-------------------------------+


+--------------------------------------------------------------------+
; LAB-wide Signals                                                   ;
+------------------------------------+-------------------------------+
; LAB-wide Signals  (Average = 2.09) ; Number of LABs  (Total = 342) ;
+------------------------------------+-------------------------------+
; 1 Async. clear                     ; 255                           ;
; 1 Clock                            ; 255                           ;
; 1 Clock enable                     ; 97                            ;
; 1 Sync. clear                      ; 9                             ;
; 2 Clock enables                    ; 99                            ;
+------------------------------------+-------------------------------+


+------------------------------------------------------------------------------+
; LAB Signals Sourced                                                          ;
+----------------------------------------------+-------------------------------+
; Number of Signals Sourced  (Average = 20.19) ; Number of LABs  (Total = 342) ;
+----------------------------------------------+-------------------------------+
; 0                                            ; 2                             ;
; 1                                            ; 4                             ;
; 2                                            ; 9                             ;
; 3                                            ; 3                             ;
; 4                                            ; 7                             ;
; 5                                            ; 3                             ;
; 6                                            ; 2                             ;
; 7                                            ; 4                             ;
; 8                                            ; 7                             ;
; 9                                            ; 11                            ;
; 10                                           ; 3                             ;
; 11                                           ; 4                             ;
; 12                                           ; 2                             ;
; 13                                           ; 9                             ;
; 14                                           ; 11                            ;
; 15                                           ; 13                            ;
; 16                                           ; 36                            ;
; 17                                           ; 4                             ;
; 18                                           ; 11                            ;
; 19                                           ; 8                             ;
; 20                                           ; 6                             ;
; 21                                           ; 5                             ;
; 22                                           ; 9                             ;
; 23                                           ; 9                             ;
; 24                                           ; 14                            ;
; 25                                           ; 20                            ;
; 26                                           ; 21                            ;
; 27                                           ; 23                            ;
; 28                                           ; 26                            ;
; 29                                           ; 13                            ;
; 30                                           ; 17                            ;
; 31                                           ; 3                             ;
; 32                                           ; 23                            ;
+----------------------------------------------+-------------------------------+


+---------------------------------------------------------------------------------+
; LAB Signals Sourced Out                                                         ;
+-------------------------------------------------+-------------------------------+
; Number of Signals Sourced Out  (Average = 8.54) ; Number of LABs  (Total = 342) ;
+-------------------------------------------------+-------------------------------+
; 0                                               ; 2                             ;
; 1                                               ; 33                            ;
; 2                                               ; 33                            ;
; 3                                               ; 17                            ;
; 4                                               ; 34                            ;
; 5                                               ; 10                            ;
; 6                                               ; 14                            ;
; 7                                               ; 18                            ;
; 8                                               ; 36                            ;
; 9                                               ; 23                            ;
; 10                                              ; 11                            ;
; 11                                              ; 21                            ;
; 12                                              ; 11                            ;
; 13                                              ; 5                             ;
; 14                                              ; 11                            ;
; 15                                              ; 10                            ;
; 16                                              ; 27                            ;
; 17                                              ; 2                             ;
; 18                                              ; 1                             ;
; 19                                              ; 3                             ;
; 20                                              ; 1                             ;
; 21                                              ; 1                             ;
; 22                                              ; 1                             ;
; 23                                              ; 4                             ;
; 24                                              ; 8                             ;
; 25                                              ; 0                             ;
; 26                                              ; 2                             ;
; 27                                              ; 0                             ;
; 28                                              ; 0                             ;
; 29                                              ; 0                             ;
; 30                                              ; 0                             ;
; 31                                              ; 0                             ;
; 32                                              ; 3                             ;
+-------------------------------------------------+-------------------------------+


+------------------------------------------------------------------------------+
; LAB Distinct Inputs                                                          ;
+----------------------------------------------+-------------------------------+
; Number of Distinct Inputs  (Average = 19.48) ; Number of LABs  (Total = 342) ;
+----------------------------------------------+-------------------------------+
; 0                                            ; 0                             ;
; 1                                            ; 0                             ;
; 2                                            ; 0                             ;
; 3                                            ; 5                             ;
; 4                                            ; 6                             ;
; 5                                            ; 6                             ;
; 6                                            ; 6                             ;
; 7                                            ; 2                             ;
; 8                                            ; 4                             ;
; 9                                            ; 3                             ;
; 10                                           ; 1                             ;
; 11                                           ; 8                             ;
; 12                                           ; 6                             ;
; 13                                           ; 9                             ;
; 14                                           ; 32                            ;
; 15                                           ; 5                             ;
; 16                                           ; 11                            ;
; 17                                           ; 14                            ;
; 18                                           ; 33                            ;
; 19                                           ; 17                            ;
; 20                                           ; 19                            ;
; 21                                           ; 24                            ;
; 22                                           ; 24                            ;
; 23                                           ; 21                            ;
; 24                                           ; 12                            ;
; 25                                           ; 5                             ;
; 26                                           ; 13                            ;
; 27                                           ; 8                             ;
; 28                                           ; 12                            ;
; 29                                           ; 2                             ;
; 30                                           ; 4                             ;
; 31                                           ; 4                             ;
; 32                                           ; 4                             ;
; 33                                           ; 12                            ;
; 34                                           ; 3                             ;
; 35                                           ; 2                             ;
; 36                                           ; 2                             ;
; 37                                           ; 1                             ;
; 38                                           ; 1                             ;
+----------------------------------------------+-------------------------------+


+------------------------------------------+
; I/O Rules Summary                        ;
+----------------------------------+-------+
; I/O Rules Statistic              ; Total ;
+----------------------------------+-------+
; Total I/O Rules                  ; 30    ;
; Number of I/O Rules Passed       ; 9     ;
; Number of I/O Rules Failed       ; 0     ;
; Number of I/O Rules Unchecked    ; 0     ;
; Number of I/O Rules Inapplicable ; 21    ;
+----------------------------------+-------+


+-----------------------------------------------------------------------------------------------------------------------------------------------------------------------------------------------------------------------------------------------------------------------------------------------------+
; I/O Rules Details                                                                                                                                                                                                                                                                                   ;
+--------------+-----------+-----------------------------------+------------------------------------------------------------------------------------------------------+----------+--------------------------------------------------------------------------+---------------------+-------------------+
; Status       ; ID        ; Category                          ; Rule Description                                                                                     ; Severity ; Information                                                              ; Area                ; Extra Information ;
+--------------+-----------+-----------------------------------+------------------------------------------------------------------------------------------------------+----------+--------------------------------------------------------------------------+---------------------+-------------------+
; Inapplicable ; IO_000002 ; Capacity Checks                   ; Number of clocks in an I/O bank should not exceed the number of clocks available.                    ; Critical ; No Global Signal assignments found.                                      ; I/O                 ;                   ;
; Inapplicable ; IO_000001 ; Capacity Checks                   ; Number of pins in an I/O bank should not exceed the number of locations available.                   ; Critical ; No Location assignments found.                                           ; I/O                 ;                   ;
; Inapplicable ; IO_000003 ; Capacity Checks                   ; Number of pins in a Vrefgroup should not exceed the number of locations available.                   ; Critical ; No Location assignments found.                                           ; I/O                 ;                   ;
; Inapplicable ; IO_000004 ; Voltage Compatibility Checks      ; The I/O bank should support the requested VCCIO.                                                     ; Critical ; No IOBANK_VCCIO assignments found.                                       ; I/O                 ;                   ;
; Inapplicable ; IO_000005 ; Voltage Compatibility Checks      ; The I/O bank should not have competing VREF values.                                                  ; Critical ; No VREF I/O Standard assignments found.                                  ; I/O                 ;                   ;
; Pass         ; IO_000006 ; Voltage Compatibility Checks      ; The I/O bank should not have competing VCCIO values.                                                 ; Critical ; 0 such failures found.                                                   ; I/O                 ;                   ;
; Inapplicable ; IO_000007 ; Valid Location Checks             ; Checks for unavailable locations.                                                                    ; Critical ; No Location assignments found.                                           ; I/O                 ;                   ;
; Inapplicable ; IO_000008 ; Valid Location Checks             ; Checks for reserved locations.                                                                       ; Critical ; No reserved LogicLock region found.                                      ; I/O                 ;                   ;
; Inapplicable ; IO_000047 ; I/O Properties Checks for One I/O ; On Chip Termination and Slew Rate should not be used at the same time.                               ; Critical ; No Slew Rate assignments found.                                          ; I/O                 ;                   ;
; Inapplicable ; IO_000046 ; I/O Properties Checks for One I/O ; The location should support the requested Slew Rate value.                                           ; Critical ; No Slew Rate assignments found.                                          ; I/O                 ;                   ;
; Inapplicable ; IO_000045 ; I/O Properties Checks for One I/O ; The I/O standard should support the requested Slew Rate value.                                       ; Critical ; No Slew Rate assignments found.                                          ; I/O                 ;                   ;
; Inapplicable ; IO_000027 ; I/O Properties Checks for One I/O ; Weak Pull Up and Bus Hold should not be used at the same time.                                       ; Critical ; No Enable Bus-Hold Circuitry or Weak Pull-Up Resistor assignments found. ; I/O                 ;                   ;
; Inapplicable ; IO_000026 ; I/O Properties Checks for One I/O ; On Chip Termination and Current Strength should not be used at the same time.                        ; Critical ; No Current Strength assignments found.                                   ; I/O                 ;                   ;
; Pass         ; IO_000024 ; I/O Properties Checks for One I/O ; The I/O direction should support the On Chip Termination value.                                      ; Critical ; 0 such failures found.                                                   ; I/O                 ;                   ;
; Inapplicable ; IO_000023 ; I/O Properties Checks for One I/O ; The I/O standard should support the Open Drain value.                                                ; Critical ; No open drain assignments found.                                         ; I/O                 ;                   ;
; Inapplicable ; IO_000022 ; I/O Properties Checks for One I/O ; The I/O standard should support the requested Bus Hold value.                                        ; Critical ; No Enable Bus-Hold Circuitry assignments found.                          ; I/O                 ;                   ;
; Inapplicable ; IO_000021 ; I/O Properties Checks for One I/O ; The I/O standard should support the requested Weak Pull Up value.                                    ; Critical ; No Weak Pull-Up Resistor assignments found.                              ; I/O                 ;                   ;
; Pass         ; IO_000020 ; I/O Properties Checks for One I/O ; The I/O standard should support the requested PCI Clamp Diode.                                       ; Critical ; 0 such failures found.                                                   ; I/O                 ;                   ;
; Pass         ; IO_000019 ; I/O Properties Checks for One I/O ; The I/O standard should support the requested On Chip Termination value.                             ; Critical ; 0 such failures found.                                                   ; I/O                 ;                   ;
; Inapplicable ; IO_000018 ; I/O Properties Checks for One I/O ; The I/O standard should support the requested Current Strength.                                      ; Critical ; No Current Strength assignments found.                                   ; I/O                 ;                   ;
; Pass         ; IO_000015 ; I/O Properties Checks for One I/O ; The location should support the requested PCI Clamp Diode.                                           ; Critical ; 0 such failures found.                                                   ; I/O                 ;                   ;
; Inapplicable ; IO_000014 ; I/O Properties Checks for One I/O ; The location should support the requested Weak Pull Up value.                                        ; Critical ; No Weak Pull-Up Resistor assignments found.                              ; I/O                 ;                   ;
; Inapplicable ; IO_000013 ; I/O Properties Checks for One I/O ; The location should support the requested Bus Hold value.                                            ; Critical ; No Enable Bus-Hold Circuitry assignments found.                          ; I/O                 ;                   ;
; Pass         ; IO_000012 ; I/O Properties Checks for One I/O ; The location should support the requested On Chip Termination value.                                 ; Critical ; 0 such failures found.                                                   ; I/O                 ;                   ;
; Inapplicable ; IO_000011 ; I/O Properties Checks for One I/O ; The location should support the requested Current Strength.                                          ; Critical ; No Current Strength assignments found.                                   ; I/O                 ;                   ;
; Pass         ; IO_000010 ; I/O Properties Checks for One I/O ; The location should support the requested I/O direction.                                             ; Critical ; 0 such failures found.                                                   ; I/O                 ;                   ;
; Pass         ; IO_000009 ; I/O Properties Checks for One I/O ; The location should support the requested I/O standard.                                              ; Critical ; 0 such failures found.                                                   ; I/O                 ;                   ;
; Pass         ; IO_000033 ; Electromigration Checks           ; Current density for consecutive I/Os should not exceed 160mA for row I/Os and 160mA for column I/Os. ; Critical ; 0 such failures found.                                                   ; I/O                 ;                   ;
; Inapplicable ; IO_000034 ; SI Related Distance Checks        ; Single-ended outputs should be 5 LAB row(s) away from a differential I/O.                            ; High     ; No Differential I/O Standard assignments found.                          ; I/O                 ;                   ;
; Inapplicable ; IO_000042 ; SI Related SSO Limit Checks       ; No more than 20 outputs are allowed in a VREF group when VREF is being read from.                    ; High     ; No VREF I/O Standard assignments found.                                  ; I/O                 ;                   ;
; ----         ; ----      ; Disclaimer                        ; OCT rules are checked but not reported.                                                              ; None     ; ----                                                                     ; On Chip Termination ;                   ;
+--------------+-----------+-----------------------------------+------------------------------------------------------------------------------------------------------+----------+--------------------------------------------------------------------------+---------------------+-------------------+


+--------------------------------------------------------------------------------------------------------------------------------------------------------------------------------------------------------------------------------------------------------------------------------------------------------------------------------------------------------------------------------------------------------------------------------------------------------------------------------+
; I/O Rules Matrix                                                                                                                                                                                                                                                                                                                                                                                                                                                               ;
+--------------------------+--------------+--------------+--------------+--------------+--------------+-----------+--------------+--------------+--------------+--------------+--------------+--------------+--------------+--------------+--------------+--------------+--------------+--------------+--------------+--------------+--------------+--------------+--------------+--------------+--------------+-----------+-----------+-----------+--------------+--------------+
; Pin/Rules                ; IO_000002    ; IO_000001    ; IO_000003    ; IO_000004    ; IO_000005    ; IO_000006 ; IO_000007    ; IO_000008    ; IO_000047    ; IO_000046    ; IO_000045    ; IO_000027    ; IO_000026    ; IO_000024    ; IO_000023    ; IO_000022    ; IO_000021    ; IO_000020    ; IO_000019    ; IO_000018    ; IO_000015    ; IO_000014    ; IO_000013    ; IO_000012    ; IO_000011    ; IO_000010 ; IO_000009 ; IO_000033 ; IO_000034    ; IO_000042    ;
+--------------------------+--------------+--------------+--------------+--------------+--------------+-----------+--------------+--------------+--------------+--------------+--------------+--------------+--------------+--------------+--------------+--------------+--------------+--------------+--------------+--------------+--------------+--------------+--------------+--------------+--------------+-----------+-----------+-----------+--------------+--------------+
; Total Pass               ; 0            ; 0            ; 0            ; 0            ; 0            ; 120       ; 0            ; 0            ; 0            ; 0            ; 0            ; 0            ; 0            ; 57           ; 0            ; 0            ; 0            ; 63           ; 57           ; 0            ; 63           ; 0            ; 0            ; 57           ; 0            ; 120       ; 120       ; 120       ; 0            ; 0            ;
; Total Unchecked          ; 0            ; 0            ; 0            ; 0            ; 0            ; 0         ; 0            ; 0            ; 0            ; 0            ; 0            ; 0            ; 0            ; 0            ; 0            ; 0            ; 0            ; 0            ; 0            ; 0            ; 0            ; 0            ; 0            ; 0            ; 0            ; 0         ; 0         ; 0         ; 0            ; 0            ;
; Total Inapplicable       ; 120          ; 120          ; 120          ; 120          ; 120          ; 0         ; 120          ; 120          ; 120          ; 120          ; 120          ; 120          ; 120          ; 63           ; 120          ; 120          ; 120          ; 57           ; 63           ; 120          ; 57           ; 120          ; 120          ; 63           ; 120          ; 0         ; 0         ; 0         ; 120          ; 120          ;
; Total Fail               ; 0            ; 0            ; 0            ; 0            ; 0            ; 0         ; 0            ; 0            ; 0            ; 0            ; 0            ; 0            ; 0            ; 0            ; 0            ; 0            ; 0            ; 0            ; 0            ; 0            ; 0            ; 0            ; 0            ; 0            ; 0            ; 0         ; 0         ; 0         ; 0            ; 0            ;
; read_mem_req             ; Inapplicable ; Inapplicable ; Inapplicable ; Inapplicable ; Inapplicable ; Pass      ; Inapplicable ; Inapplicable ; Inapplicable ; Inapplicable ; Inapplicable ; Inapplicable ; Inapplicable ; Pass         ; Inapplicable ; Inapplicable ; Inapplicable ; Inapplicable ; Pass         ; Inapplicable ; Inapplicable ; Inapplicable ; Inapplicable ; Pass         ; Inapplicable ; Pass      ; Pass      ; Pass      ; Inapplicable ; Inapplicable ;
; write_mem_req            ; Inapplicable ; Inapplicable ; Inapplicable ; Inapplicable ; Inapplicable ; Pass      ; Inapplicable ; Inapplicable ; Inapplicable ; Inapplicable ; Inapplicable ; Inapplicable ; Inapplicable ; Pass         ; Inapplicable ; Inapplicable ; Inapplicable ; Inapplicable ; Pass         ; Inapplicable ; Inapplicable ; Inapplicable ; Inapplicable ; Pass         ; Inapplicable ; Pass      ; Pass      ; Pass      ; Inapplicable ; Inapplicable ;
; mem_start_addr[0]        ; Inapplicable ; Inapplicable ; Inapplicable ; Inapplicable ; Inapplicable ; Pass      ; Inapplicable ; Inapplicable ; Inapplicable ; Inapplicable ; Inapplicable ; Inapplicable ; Inapplicable ; Pass         ; Inapplicable ; Inapplicable ; Inapplicable ; Inapplicable ; Pass         ; Inapplicable ; Inapplicable ; Inapplicable ; Inapplicable ; Pass         ; Inapplicable ; Pass      ; Pass      ; Pass      ; Inapplicable ; Inapplicable ;
; mem_start_addr[1]        ; Inapplicable ; Inapplicable ; Inapplicable ; Inapplicable ; Inapplicable ; Pass      ; Inapplicable ; Inapplicable ; Inapplicable ; Inapplicable ; Inapplicable ; Inapplicable ; Inapplicable ; Pass         ; Inapplicable ; Inapplicable ; Inapplicable ; Inapplicable ; Pass         ; Inapplicable ; Inapplicable ; Inapplicable ; Inapplicable ; Pass         ; Inapplicable ; Pass      ; Pass      ; Pass      ; Inapplicable ; Inapplicable ;
; mem_start_addr[2]        ; Inapplicable ; Inapplicable ; Inapplicable ; Inapplicable ; Inapplicable ; Pass      ; Inapplicable ; Inapplicable ; Inapplicable ; Inapplicable ; Inapplicable ; Inapplicable ; Inapplicable ; Pass         ; Inapplicable ; Inapplicable ; Inapplicable ; Inapplicable ; Pass         ; Inapplicable ; Inapplicable ; Inapplicable ; Inapplicable ; Pass         ; Inapplicable ; Pass      ; Pass      ; Pass      ; Inapplicable ; Inapplicable ;
; mem_start_addr[3]        ; Inapplicable ; Inapplicable ; Inapplicable ; Inapplicable ; Inapplicable ; Pass      ; Inapplicable ; Inapplicable ; Inapplicable ; Inapplicable ; Inapplicable ; Inapplicable ; Inapplicable ; Pass         ; Inapplicable ; Inapplicable ; Inapplicable ; Inapplicable ; Pass         ; Inapplicable ; Inapplicable ; Inapplicable ; Inapplicable ; Pass         ; Inapplicable ; Pass      ; Pass      ; Pass      ; Inapplicable ; Inapplicable ;
; mem_start_addr[4]        ; Inapplicable ; Inapplicable ; Inapplicable ; Inapplicable ; Inapplicable ; Pass      ; Inapplicable ; Inapplicable ; Inapplicable ; Inapplicable ; Inapplicable ; Inapplicable ; Inapplicable ; Pass         ; Inapplicable ; Inapplicable ; Inapplicable ; Inapplicable ; Pass         ; Inapplicable ; Inapplicable ; Inapplicable ; Inapplicable ; Pass         ; Inapplicable ; Pass      ; Pass      ; Pass      ; Inapplicable ; Inapplicable ;
; mem_start_addr[5]        ; Inapplicable ; Inapplicable ; Inapplicable ; Inapplicable ; Inapplicable ; Pass      ; Inapplicable ; Inapplicable ; Inapplicable ; Inapplicable ; Inapplicable ; Inapplicable ; Inapplicable ; Pass         ; Inapplicable ; Inapplicable ; Inapplicable ; Inapplicable ; Pass         ; Inapplicable ; Inapplicable ; Inapplicable ; Inapplicable ; Pass         ; Inapplicable ; Pass      ; Pass      ; Pass      ; Inapplicable ; Inapplicable ;
; mem_start_addr[6]        ; Inapplicable ; Inapplicable ; Inapplicable ; Inapplicable ; Inapplicable ; Pass      ; Inapplicable ; Inapplicable ; Inapplicable ; Inapplicable ; Inapplicable ; Inapplicable ; Inapplicable ; Pass         ; Inapplicable ; Inapplicable ; Inapplicable ; Inapplicable ; Pass         ; Inapplicable ; Inapplicable ; Inapplicable ; Inapplicable ; Pass         ; Inapplicable ; Pass      ; Pass      ; Pass      ; Inapplicable ; Inapplicable ;
; mem_start_addr[7]        ; Inapplicable ; Inapplicable ; Inapplicable ; Inapplicable ; Inapplicable ; Pass      ; Inapplicable ; Inapplicable ; Inapplicable ; Inapplicable ; Inapplicable ; Inapplicable ; Inapplicable ; Pass         ; Inapplicable ; Inapplicable ; Inapplicable ; Inapplicable ; Pass         ; Inapplicable ; Inapplicable ; Inapplicable ; Inapplicable ; Pass         ; Inapplicable ; Pass      ; Pass      ; Pass      ; Inapplicable ; Inapplicable ;
; mem_start_addr[8]        ; Inapplicable ; Inapplicable ; Inapplicable ; Inapplicable ; Inapplicable ; Pass      ; Inapplicable ; Inapplicable ; Inapplicable ; Inapplicable ; Inapplicable ; Inapplicable ; Inapplicable ; Pass         ; Inapplicable ; Inapplicable ; Inapplicable ; Inapplicable ; Pass         ; Inapplicable ; Inapplicable ; Inapplicable ; Inapplicable ; Pass         ; Inapplicable ; Pass      ; Pass      ; Pass      ; Inapplicable ; Inapplicable ;
; mem_start_addr[9]        ; Inapplicable ; Inapplicable ; Inapplicable ; Inapplicable ; Inapplicable ; Pass      ; Inapplicable ; Inapplicable ; Inapplicable ; Inapplicable ; Inapplicable ; Inapplicable ; Inapplicable ; Pass         ; Inapplicable ; Inapplicable ; Inapplicable ; Inapplicable ; Pass         ; Inapplicable ; Inapplicable ; Inapplicable ; Inapplicable ; Pass         ; Inapplicable ; Pass      ; Pass      ; Pass      ; Inapplicable ; Inapplicable ;
; mem_start_addr[10]       ; Inapplicable ; Inapplicable ; Inapplicable ; Inapplicable ; Inapplicable ; Pass      ; Inapplicable ; Inapplicable ; Inapplicable ; Inapplicable ; Inapplicable ; Inapplicable ; Inapplicable ; Pass         ; Inapplicable ; Inapplicable ; Inapplicable ; Inapplicable ; Pass         ; Inapplicable ; Inapplicable ; Inapplicable ; Inapplicable ; Pass         ; Inapplicable ; Pass      ; Pass      ; Pass      ; Inapplicable ; Inapplicable ;
; mem_start_addr[11]       ; Inapplicable ; Inapplicable ; Inapplicable ; Inapplicable ; Inapplicable ; Pass      ; Inapplicable ; Inapplicable ; Inapplicable ; Inapplicable ; Inapplicable ; Inapplicable ; Inapplicable ; Pass         ; Inapplicable ; Inapplicable ; Inapplicable ; Inapplicable ; Pass         ; Inapplicable ; Inapplicable ; Inapplicable ; Inapplicable ; Pass         ; Inapplicable ; Pass      ; Pass      ; Pass      ; Inapplicable ; Inapplicable ;
; mem_start_addr[12]       ; Inapplicable ; Inapplicable ; Inapplicable ; Inapplicable ; Inapplicable ; Pass      ; Inapplicable ; Inapplicable ; Inapplicable ; Inapplicable ; Inapplicable ; Inapplicable ; Inapplicable ; Pass         ; Inapplicable ; Inapplicable ; Inapplicable ; Inapplicable ; Pass         ; Inapplicable ; Inapplicable ; Inapplicable ; Inapplicable ; Pass         ; Inapplicable ; Pass      ; Pass      ; Pass      ; Inapplicable ; Inapplicable ;
; mem_start_addr[13]       ; Inapplicable ; Inapplicable ; Inapplicable ; Inapplicable ; Inapplicable ; Pass      ; Inapplicable ; Inapplicable ; Inapplicable ; Inapplicable ; Inapplicable ; Inapplicable ; Inapplicable ; Pass         ; Inapplicable ; Inapplicable ; Inapplicable ; Inapplicable ; Pass         ; Inapplicable ; Inapplicable ; Inapplicable ; Inapplicable ; Pass         ; Inapplicable ; Pass      ; Pass      ; Pass      ; Inapplicable ; Inapplicable ;
; mem_start_addr[14]       ; Inapplicable ; Inapplicable ; Inapplicable ; Inapplicable ; Inapplicable ; Pass      ; Inapplicable ; Inapplicable ; Inapplicable ; Inapplicable ; Inapplicable ; Inapplicable ; Inapplicable ; Pass         ; Inapplicable ; Inapplicable ; Inapplicable ; Inapplicable ; Pass         ; Inapplicable ; Inapplicable ; Inapplicable ; Inapplicable ; Pass         ; Inapplicable ; Pass      ; Pass      ; Pass      ; Inapplicable ; Inapplicable ;
; mem_start_addr[15]       ; Inapplicable ; Inapplicable ; Inapplicable ; Inapplicable ; Inapplicable ; Pass      ; Inapplicable ; Inapplicable ; Inapplicable ; Inapplicable ; Inapplicable ; Inapplicable ; Inapplicable ; Pass         ; Inapplicable ; Inapplicable ; Inapplicable ; Inapplicable ; Pass         ; Inapplicable ; Inapplicable ; Inapplicable ; Inapplicable ; Pass         ; Inapplicable ; Pass      ; Pass      ; Pass      ; Inapplicable ; Inapplicable ;
; mem_size_bytes[0]        ; Inapplicable ; Inapplicable ; Inapplicable ; Inapplicable ; Inapplicable ; Pass      ; Inapplicable ; Inapplicable ; Inapplicable ; Inapplicable ; Inapplicable ; Inapplicable ; Inapplicable ; Pass         ; Inapplicable ; Inapplicable ; Inapplicable ; Inapplicable ; Pass         ; Inapplicable ; Inapplicable ; Inapplicable ; Inapplicable ; Pass         ; Inapplicable ; Pass      ; Pass      ; Pass      ; Inapplicable ; Inapplicable ;
; mem_size_bytes[1]        ; Inapplicable ; Inapplicable ; Inapplicable ; Inapplicable ; Inapplicable ; Pass      ; Inapplicable ; Inapplicable ; Inapplicable ; Inapplicable ; Inapplicable ; Inapplicable ; Inapplicable ; Pass         ; Inapplicable ; Inapplicable ; Inapplicable ; Inapplicable ; Pass         ; Inapplicable ; Inapplicable ; Inapplicable ; Inapplicable ; Pass         ; Inapplicable ; Pass      ; Pass      ; Pass      ; Inapplicable ; Inapplicable ;
; mem_size_bytes[2]        ; Inapplicable ; Inapplicable ; Inapplicable ; Inapplicable ; Inapplicable ; Pass      ; Inapplicable ; Inapplicable ; Inapplicable ; Inapplicable ; Inapplicable ; Inapplicable ; Inapplicable ; Pass         ; Inapplicable ; Inapplicable ; Inapplicable ; Inapplicable ; Pass         ; Inapplicable ; Inapplicable ; Inapplicable ; Inapplicable ; Pass         ; Inapplicable ; Pass      ; Pass      ; Pass      ; Inapplicable ; Inapplicable ;
; mem_size_bytes[3]        ; Inapplicable ; Inapplicable ; Inapplicable ; Inapplicable ; Inapplicable ; Pass      ; Inapplicable ; Inapplicable ; Inapplicable ; Inapplicable ; Inapplicable ; Inapplicable ; Inapplicable ; Pass         ; Inapplicable ; Inapplicable ; Inapplicable ; Inapplicable ; Pass         ; Inapplicable ; Inapplicable ; Inapplicable ; Inapplicable ; Pass         ; Inapplicable ; Pass      ; Pass      ; Pass      ; Inapplicable ; Inapplicable ;
; mem_size_bytes[4]        ; Inapplicable ; Inapplicable ; Inapplicable ; Inapplicable ; Inapplicable ; Pass      ; Inapplicable ; Inapplicable ; Inapplicable ; Inapplicable ; Inapplicable ; Inapplicable ; Inapplicable ; Pass         ; Inapplicable ; Inapplicable ; Inapplicable ; Inapplicable ; Pass         ; Inapplicable ; Inapplicable ; Inapplicable ; Inapplicable ; Pass         ; Inapplicable ; Pass      ; Pass      ; Pass      ; Inapplicable ; Inapplicable ;
; mem_size_bytes[5]        ; Inapplicable ; Inapplicable ; Inapplicable ; Inapplicable ; Inapplicable ; Pass      ; Inapplicable ; Inapplicable ; Inapplicable ; Inapplicable ; Inapplicable ; Inapplicable ; Inapplicable ; Pass         ; Inapplicable ; Inapplicable ; Inapplicable ; Inapplicable ; Pass         ; Inapplicable ; Inapplicable ; Inapplicable ; Inapplicable ; Pass         ; Inapplicable ; Pass      ; Pass      ; Pass      ; Inapplicable ; Inapplicable ;
; host_regs_valid_out      ; Inapplicable ; Inapplicable ; Inapplicable ; Inapplicable ; Inapplicable ; Pass      ; Inapplicable ; Inapplicable ; Inapplicable ; Inapplicable ; Inapplicable ; Inapplicable ; Inapplicable ; Pass         ; Inapplicable ; Inapplicable ; Inapplicable ; Inapplicable ; Pass         ; Inapplicable ; Inapplicable ; Inapplicable ; Inapplicable ; Pass         ; Inapplicable ; Pass      ; Pass      ; Pass      ; Inapplicable ; Inapplicable ;
; host_regs_read_pulse[0]  ; Inapplicable ; Inapplicable ; Inapplicable ; Inapplicable ; Inapplicable ; Pass      ; Inapplicable ; Inapplicable ; Inapplicable ; Inapplicable ; Inapplicable ; Inapplicable ; Inapplicable ; Inapplicable ; Inapplicable ; Inapplicable ; Inapplicable ; Pass         ; Inapplicable ; Inapplicable ; Pass         ; Inapplicable ; Inapplicable ; Inapplicable ; Inapplicable ; Pass      ; Pass      ; Pass      ; Inapplicable ; Inapplicable ;
; host_regs_read_pulse[1]  ; Inapplicable ; Inapplicable ; Inapplicable ; Inapplicable ; Inapplicable ; Pass      ; Inapplicable ; Inapplicable ; Inapplicable ; Inapplicable ; Inapplicable ; Inapplicable ; Inapplicable ; Inapplicable ; Inapplicable ; Inapplicable ; Inapplicable ; Pass         ; Inapplicable ; Inapplicable ; Pass         ; Inapplicable ; Inapplicable ; Inapplicable ; Inapplicable ; Pass      ; Pass      ; Pass      ; Inapplicable ; Inapplicable ;
; host_regs_read_pulse[2]  ; Inapplicable ; Inapplicable ; Inapplicable ; Inapplicable ; Inapplicable ; Pass      ; Inapplicable ; Inapplicable ; Inapplicable ; Inapplicable ; Inapplicable ; Inapplicable ; Inapplicable ; Inapplicable ; Inapplicable ; Inapplicable ; Inapplicable ; Pass         ; Inapplicable ; Inapplicable ; Pass         ; Inapplicable ; Inapplicable ; Inapplicable ; Inapplicable ; Pass      ; Pass      ; Pass      ; Inapplicable ; Inapplicable ;
; host_regs_read_pulse[3]  ; Inapplicable ; Inapplicable ; Inapplicable ; Inapplicable ; Inapplicable ; Pass      ; Inapplicable ; Inapplicable ; Inapplicable ; Inapplicable ; Inapplicable ; Inapplicable ; Inapplicable ; Inapplicable ; Inapplicable ; Inapplicable ; Inapplicable ; Pass         ; Inapplicable ; Inapplicable ; Pass         ; Inapplicable ; Inapplicable ; Inapplicable ; Inapplicable ; Pass      ; Pass      ; Pass      ; Inapplicable ; Inapplicable ;
; host_regs_read_pulse[4]  ; Inapplicable ; Inapplicable ; Inapplicable ; Inapplicable ; Inapplicable ; Pass      ; Inapplicable ; Inapplicable ; Inapplicable ; Inapplicable ; Inapplicable ; Inapplicable ; Inapplicable ; Inapplicable ; Inapplicable ; Inapplicable ; Inapplicable ; Pass         ; Inapplicable ; Inapplicable ; Pass         ; Inapplicable ; Inapplicable ; Inapplicable ; Inapplicable ; Pass      ; Pass      ; Pass      ; Inapplicable ; Inapplicable ;
; host_regs_read_pulse[5]  ; Inapplicable ; Inapplicable ; Inapplicable ; Inapplicable ; Inapplicable ; Pass      ; Inapplicable ; Inapplicable ; Inapplicable ; Inapplicable ; Inapplicable ; Inapplicable ; Inapplicable ; Inapplicable ; Inapplicable ; Inapplicable ; Inapplicable ; Pass         ; Inapplicable ; Inapplicable ; Pass         ; Inapplicable ; Inapplicable ; Inapplicable ; Inapplicable ; Pass      ; Pass      ; Pass      ; Inapplicable ; Inapplicable ;
; host_regs_read_pulse[6]  ; Inapplicable ; Inapplicable ; Inapplicable ; Inapplicable ; Inapplicable ; Pass      ; Inapplicable ; Inapplicable ; Inapplicable ; Inapplicable ; Inapplicable ; Inapplicable ; Inapplicable ; Inapplicable ; Inapplicable ; Inapplicable ; Inapplicable ; Pass         ; Inapplicable ; Inapplicable ; Pass         ; Inapplicable ; Inapplicable ; Inapplicable ; Inapplicable ; Pass      ; Pass      ; Pass      ; Inapplicable ; Inapplicable ;
; host_regs_read_pulse[7]  ; Inapplicable ; Inapplicable ; Inapplicable ; Inapplicable ; Inapplicable ; Pass      ; Inapplicable ; Inapplicable ; Inapplicable ; Inapplicable ; Inapplicable ; Inapplicable ; Inapplicable ; Inapplicable ; Inapplicable ; Inapplicable ; Inapplicable ; Pass         ; Inapplicable ; Inapplicable ; Pass         ; Inapplicable ; Inapplicable ; Inapplicable ; Inapplicable ; Pass      ; Pass      ; Pass      ; Inapplicable ; Inapplicable ;
; host_regs_read_pulse[8]  ; Inapplicable ; Inapplicable ; Inapplicable ; Inapplicable ; Inapplicable ; Pass      ; Inapplicable ; Inapplicable ; Inapplicable ; Inapplicable ; Inapplicable ; Inapplicable ; Inapplicable ; Inapplicable ; Inapplicable ; Inapplicable ; Inapplicable ; Pass         ; Inapplicable ; Inapplicable ; Pass         ; Inapplicable ; Inapplicable ; Inapplicable ; Inapplicable ; Pass      ; Pass      ; Pass      ; Inapplicable ; Inapplicable ;
; host_regs_read_pulse[9]  ; Inapplicable ; Inapplicable ; Inapplicable ; Inapplicable ; Inapplicable ; Pass      ; Inapplicable ; Inapplicable ; Inapplicable ; Inapplicable ; Inapplicable ; Inapplicable ; Inapplicable ; Inapplicable ; Inapplicable ; Inapplicable ; Inapplicable ; Pass         ; Inapplicable ; Inapplicable ; Pass         ; Inapplicable ; Inapplicable ; Inapplicable ; Inapplicable ; Pass      ; Pass      ; Pass      ; Inapplicable ; Inapplicable ;
; host_regs_read_pulse[10] ; Inapplicable ; Inapplicable ; Inapplicable ; Inapplicable ; Inapplicable ; Pass      ; Inapplicable ; Inapplicable ; Inapplicable ; Inapplicable ; Inapplicable ; Inapplicable ; Inapplicable ; Inapplicable ; Inapplicable ; Inapplicable ; Inapplicable ; Pass         ; Inapplicable ; Inapplicable ; Pass         ; Inapplicable ; Inapplicable ; Inapplicable ; Inapplicable ; Pass      ; Pass      ; Pass      ; Inapplicable ; Inapplicable ;
; host_regs_read_pulse[11] ; Inapplicable ; Inapplicable ; Inapplicable ; Inapplicable ; Inapplicable ; Pass      ; Inapplicable ; Inapplicable ; Inapplicable ; Inapplicable ; Inapplicable ; Inapplicable ; Inapplicable ; Inapplicable ; Inapplicable ; Inapplicable ; Inapplicable ; Pass         ; Inapplicable ; Inapplicable ; Pass         ; Inapplicable ; Inapplicable ; Inapplicable ; Inapplicable ; Pass      ; Pass      ; Pass      ; Inapplicable ; Inapplicable ;
; host_regs_read_pulse[12] ; Inapplicable ; Inapplicable ; Inapplicable ; Inapplicable ; Inapplicable ; Pass      ; Inapplicable ; Inapplicable ; Inapplicable ; Inapplicable ; Inapplicable ; Inapplicable ; Inapplicable ; Inapplicable ; Inapplicable ; Inapplicable ; Inapplicable ; Pass         ; Inapplicable ; Inapplicable ; Pass         ; Inapplicable ; Inapplicable ; Inapplicable ; Inapplicable ; Pass      ; Pass      ; Pass      ; Inapplicable ; Inapplicable ;
; host_regs_read_pulse[13] ; Inapplicable ; Inapplicable ; Inapplicable ; Inapplicable ; Inapplicable ; Pass      ; Inapplicable ; Inapplicable ; Inapplicable ; Inapplicable ; Inapplicable ; Inapplicable ; Inapplicable ; Inapplicable ; Inapplicable ; Inapplicable ; Inapplicable ; Pass         ; Inapplicable ; Inapplicable ; Pass         ; Inapplicable ; Inapplicable ; Inapplicable ; Inapplicable ; Pass      ; Pass      ; Pass      ; Inapplicable ; Inapplicable ;
; host_regs_read_pulse[14] ; Inapplicable ; Inapplicable ; Inapplicable ; Inapplicable ; Inapplicable ; Pass      ; Inapplicable ; Inapplicable ; Inapplicable ; Inapplicable ; Inapplicable ; Inapplicable ; Inapplicable ; Inapplicable ; Inapplicable ; Inapplicable ; Inapplicable ; Pass         ; Inapplicable ; Inapplicable ; Pass         ; Inapplicable ; Inapplicable ; Inapplicable ; Inapplicable ; Pass      ; Pass      ; Pass      ; Inapplicable ; Inapplicable ;
; host_regs_read_pulse[15] ; Inapplicable ; Inapplicable ; Inapplicable ; Inapplicable ; Inapplicable ; Pass      ; Inapplicable ; Inapplicable ; Inapplicable ; Inapplicable ; Inapplicable ; Inapplicable ; Inapplicable ; Inapplicable ; Inapplicable ; Inapplicable ; Inapplicable ; Pass         ; Inapplicable ; Inapplicable ; Pass         ; Inapplicable ; Inapplicable ; Inapplicable ; Inapplicable ; Pass      ; Pass      ; Pass      ; Inapplicable ; Inapplicable ;
; dummy_dout[0]            ; Inapplicable ; Inapplicable ; Inapplicable ; Inapplicable ; Inapplicable ; Pass      ; Inapplicable ; Inapplicable ; Inapplicable ; Inapplicable ; Inapplicable ; Inapplicable ; Inapplicable ; Pass         ; Inapplicable ; Inapplicable ; Inapplicable ; Inapplicable ; Pass         ; Inapplicable ; Inapplicable ; Inapplicable ; Inapplicable ; Pass         ; Inapplicable ; Pass      ; Pass      ; Pass      ; Inapplicable ; Inapplicable ;
; dummy_dout[1]            ; Inapplicable ; Inapplicable ; Inapplicable ; Inapplicable ; Inapplicable ; Pass      ; Inapplicable ; Inapplicable ; Inapplicable ; Inapplicable ; Inapplicable ; Inapplicable ; Inapplicable ; Pass         ; Inapplicable ; Inapplicable ; Inapplicable ; Inapplicable ; Pass         ; Inapplicable ; Inapplicable ; Inapplicable ; Inapplicable ; Pass         ; Inapplicable ; Pass      ; Pass      ; Pass      ; Inapplicable ; Inapplicable ;
; dummy_dout[2]            ; Inapplicable ; Inapplicable ; Inapplicable ; Inapplicable ; Inapplicable ; Pass      ; Inapplicable ; Inapplicable ; Inapplicable ; Inapplicable ; Inapplicable ; Inapplicable ; Inapplicable ; Pass         ; Inapplicable ; Inapplicable ; Inapplicable ; Inapplicable ; Pass         ; Inapplicable ; Inapplicable ; Inapplicable ; Inapplicable ; Pass         ; Inapplicable ; Pass      ; Pass      ; Pass      ; Inapplicable ; Inapplicable ;
; dummy_dout[3]            ; Inapplicable ; Inapplicable ; Inapplicable ; Inapplicable ; Inapplicable ; Pass      ; Inapplicable ; Inapplicable ; Inapplicable ; Inapplicable ; Inapplicable ; Inapplicable ; Inapplicable ; Pass         ; Inapplicable ; Inapplicable ; Inapplicable ; Inapplicable ; Pass         ; Inapplicable ; Inapplicable ; Inapplicable ; Inapplicable ; Pass         ; Inapplicable ; Pass      ; Pass      ; Pass      ; Inapplicable ; Inapplicable ;
; dummy_dout[4]            ; Inapplicable ; Inapplicable ; Inapplicable ; Inapplicable ; Inapplicable ; Pass      ; Inapplicable ; Inapplicable ; Inapplicable ; Inapplicable ; Inapplicable ; Inapplicable ; Inapplicable ; Pass         ; Inapplicable ; Inapplicable ; Inapplicable ; Inapplicable ; Pass         ; Inapplicable ; Inapplicable ; Inapplicable ; Inapplicable ; Pass         ; Inapplicable ; Pass      ; Pass      ; Pass      ; Inapplicable ; Inapplicable ;
; dummy_dout[5]            ; Inapplicable ; Inapplicable ; Inapplicable ; Inapplicable ; Inapplicable ; Pass      ; Inapplicable ; Inapplicable ; Inapplicable ; Inapplicable ; Inapplicable ; Inapplicable ; Inapplicable ; Pass         ; Inapplicable ; Inapplicable ; Inapplicable ; Inapplicable ; Pass         ; Inapplicable ; Inapplicable ; Inapplicable ; Inapplicable ; Pass         ; Inapplicable ; Pass      ; Pass      ; Pass      ; Inapplicable ; Inapplicable ;
; dummy_dout[6]            ; Inapplicable ; Inapplicable ; Inapplicable ; Inapplicable ; Inapplicable ; Pass      ; Inapplicable ; Inapplicable ; Inapplicable ; Inapplicable ; Inapplicable ; Inapplicable ; Inapplicable ; Pass         ; Inapplicable ; Inapplicable ; Inapplicable ; Inapplicable ; Pass         ; Inapplicable ; Inapplicable ; Inapplicable ; Inapplicable ; Pass         ; Inapplicable ; Pass      ; Pass      ; Pass      ; Inapplicable ; Inapplicable ;
; dummy_dout[7]            ; Inapplicable ; Inapplicable ; Inapplicable ; Inapplicable ; Inapplicable ; Pass      ; Inapplicable ; Inapplicable ; Inapplicable ; Inapplicable ; Inapplicable ; Inapplicable ; Inapplicable ; Pass         ; Inapplicable ; Inapplicable ; Inapplicable ; Inapplicable ; Pass         ; Inapplicable ; Inapplicable ; Inapplicable ; Inapplicable ; Pass         ; Inapplicable ; Pass      ; Pass      ; Pass      ; Inapplicable ; Inapplicable ;
; dummy_dout[8]            ; Inapplicable ; Inapplicable ; Inapplicable ; Inapplicable ; Inapplicable ; Pass      ; Inapplicable ; Inapplicable ; Inapplicable ; Inapplicable ; Inapplicable ; Inapplicable ; Inapplicable ; Pass         ; Inapplicable ; Inapplicable ; Inapplicable ; Inapplicable ; Pass         ; Inapplicable ; Inapplicable ; Inapplicable ; Inapplicable ; Pass         ; Inapplicable ; Pass      ; Pass      ; Pass      ; Inapplicable ; Inapplicable ;
; dummy_dout[9]            ; Inapplicable ; Inapplicable ; Inapplicable ; Inapplicable ; Inapplicable ; Pass      ; Inapplicable ; Inapplicable ; Inapplicable ; Inapplicable ; Inapplicable ; Inapplicable ; Inapplicable ; Pass         ; Inapplicable ; Inapplicable ; Inapplicable ; Inapplicable ; Pass         ; Inapplicable ; Inapplicable ; Inapplicable ; Inapplicable ; Pass         ; Inapplicable ; Pass      ; Pass      ; Pass      ; Inapplicable ; Inapplicable ;
; dummy_dout[10]           ; Inapplicable ; Inapplicable ; Inapplicable ; Inapplicable ; Inapplicable ; Pass      ; Inapplicable ; Inapplicable ; Inapplicable ; Inapplicable ; Inapplicable ; Inapplicable ; Inapplicable ; Pass         ; Inapplicable ; Inapplicable ; Inapplicable ; Inapplicable ; Pass         ; Inapplicable ; Inapplicable ; Inapplicable ; Inapplicable ; Pass         ; Inapplicable ; Pass      ; Pass      ; Pass      ; Inapplicable ; Inapplicable ;
; dummy_dout[11]           ; Inapplicable ; Inapplicable ; Inapplicable ; Inapplicable ; Inapplicable ; Pass      ; Inapplicable ; Inapplicable ; Inapplicable ; Inapplicable ; Inapplicable ; Inapplicable ; Inapplicable ; Pass         ; Inapplicable ; Inapplicable ; Inapplicable ; Inapplicable ; Pass         ; Inapplicable ; Inapplicable ; Inapplicable ; Inapplicable ; Pass         ; Inapplicable ; Pass      ; Pass      ; Pass      ; Inapplicable ; Inapplicable ;
; dummy_dout[12]           ; Inapplicable ; Inapplicable ; Inapplicable ; Inapplicable ; Inapplicable ; Pass      ; Inapplicable ; Inapplicable ; Inapplicable ; Inapplicable ; Inapplicable ; Inapplicable ; Inapplicable ; Pass         ; Inapplicable ; Inapplicable ; Inapplicable ; Inapplicable ; Pass         ; Inapplicable ; Inapplicable ; Inapplicable ; Inapplicable ; Pass         ; Inapplicable ; Pass      ; Pass      ; Pass      ; Inapplicable ; Inapplicable ;
; dummy_dout[13]           ; Inapplicable ; Inapplicable ; Inapplicable ; Inapplicable ; Inapplicable ; Pass      ; Inapplicable ; Inapplicable ; Inapplicable ; Inapplicable ; Inapplicable ; Inapplicable ; Inapplicable ; Pass         ; Inapplicable ; Inapplicable ; Inapplicable ; Inapplicable ; Pass         ; Inapplicable ; Inapplicable ; Inapplicable ; Inapplicable ; Pass         ; Inapplicable ; Pass      ; Pass      ; Pass      ; Inapplicable ; Inapplicable ;
; dummy_dout[14]           ; Inapplicable ; Inapplicable ; Inapplicable ; Inapplicable ; Inapplicable ; Pass      ; Inapplicable ; Inapplicable ; Inapplicable ; Inapplicable ; Inapplicable ; Inapplicable ; Inapplicable ; Pass         ; Inapplicable ; Inapplicable ; Inapplicable ; Inapplicable ; Pass         ; Inapplicable ; Inapplicable ; Inapplicable ; Inapplicable ; Pass         ; Inapplicable ; Pass      ; Pass      ; Pass      ; Inapplicable ; Inapplicable ;
; dummy_dout[15]           ; Inapplicable ; Inapplicable ; Inapplicable ; Inapplicable ; Inapplicable ; Pass      ; Inapplicable ; Inapplicable ; Inapplicable ; Inapplicable ; Inapplicable ; Inapplicable ; Inapplicable ; Pass         ; Inapplicable ; Inapplicable ; Inapplicable ; Inapplicable ; Pass         ; Inapplicable ; Inapplicable ; Inapplicable ; Inapplicable ; Pass         ; Inapplicable ; Pass      ; Pass      ; Pass      ; Inapplicable ; Inapplicable ;
; dummy_dout[16]           ; Inapplicable ; Inapplicable ; Inapplicable ; Inapplicable ; Inapplicable ; Pass      ; Inapplicable ; Inapplicable ; Inapplicable ; Inapplicable ; Inapplicable ; Inapplicable ; Inapplicable ; Pass         ; Inapplicable ; Inapplicable ; Inapplicable ; Inapplicable ; Pass         ; Inapplicable ; Inapplicable ; Inapplicable ; Inapplicable ; Pass         ; Inapplicable ; Pass      ; Pass      ; Pass      ; Inapplicable ; Inapplicable ;
; dummy_dout[17]           ; Inapplicable ; Inapplicable ; Inapplicable ; Inapplicable ; Inapplicable ; Pass      ; Inapplicable ; Inapplicable ; Inapplicable ; Inapplicable ; Inapplicable ; Inapplicable ; Inapplicable ; Pass         ; Inapplicable ; Inapplicable ; Inapplicable ; Inapplicable ; Pass         ; Inapplicable ; Inapplicable ; Inapplicable ; Inapplicable ; Pass         ; Inapplicable ; Pass      ; Pass      ; Pass      ; Inapplicable ; Inapplicable ;
; dummy_dout[18]           ; Inapplicable ; Inapplicable ; Inapplicable ; Inapplicable ; Inapplicable ; Pass      ; Inapplicable ; Inapplicable ; Inapplicable ; Inapplicable ; Inapplicable ; Inapplicable ; Inapplicable ; Pass         ; Inapplicable ; Inapplicable ; Inapplicable ; Inapplicable ; Pass         ; Inapplicable ; Inapplicable ; Inapplicable ; Inapplicable ; Pass         ; Inapplicable ; Pass      ; Pass      ; Pass      ; Inapplicable ; Inapplicable ;
; dummy_dout[19]           ; Inapplicable ; Inapplicable ; Inapplicable ; Inapplicable ; Inapplicable ; Pass      ; Inapplicable ; Inapplicable ; Inapplicable ; Inapplicable ; Inapplicable ; Inapplicable ; Inapplicable ; Pass         ; Inapplicable ; Inapplicable ; Inapplicable ; Inapplicable ; Pass         ; Inapplicable ; Inapplicable ; Inapplicable ; Inapplicable ; Pass         ; Inapplicable ; Pass      ; Pass      ; Pass      ; Inapplicable ; Inapplicable ;
; dummy_dout[20]           ; Inapplicable ; Inapplicable ; Inapplicable ; Inapplicable ; Inapplicable ; Pass      ; Inapplicable ; Inapplicable ; Inapplicable ; Inapplicable ; Inapplicable ; Inapplicable ; Inapplicable ; Pass         ; Inapplicable ; Inapplicable ; Inapplicable ; Inapplicable ; Pass         ; Inapplicable ; Inapplicable ; Inapplicable ; Inapplicable ; Pass         ; Inapplicable ; Pass      ; Pass      ; Pass      ; Inapplicable ; Inapplicable ;
; dummy_dout[21]           ; Inapplicable ; Inapplicable ; Inapplicable ; Inapplicable ; Inapplicable ; Pass      ; Inapplicable ; Inapplicable ; Inapplicable ; Inapplicable ; Inapplicable ; Inapplicable ; Inapplicable ; Pass         ; Inapplicable ; Inapplicable ; Inapplicable ; Inapplicable ; Pass         ; Inapplicable ; Inapplicable ; Inapplicable ; Inapplicable ; Pass         ; Inapplicable ; Pass      ; Pass      ; Pass      ; Inapplicable ; Inapplicable ;
; dummy_dout[22]           ; Inapplicable ; Inapplicable ; Inapplicable ; Inapplicable ; Inapplicable ; Pass      ; Inapplicable ; Inapplicable ; Inapplicable ; Inapplicable ; Inapplicable ; Inapplicable ; Inapplicable ; Pass         ; Inapplicable ; Inapplicable ; Inapplicable ; Inapplicable ; Pass         ; Inapplicable ; Inapplicable ; Inapplicable ; Inapplicable ; Pass         ; Inapplicable ; Pass      ; Pass      ; Pass      ; Inapplicable ; Inapplicable ;
; dummy_dout[23]           ; Inapplicable ; Inapplicable ; Inapplicable ; Inapplicable ; Inapplicable ; Pass      ; Inapplicable ; Inapplicable ; Inapplicable ; Inapplicable ; Inapplicable ; Inapplicable ; Inapplicable ; Pass         ; Inapplicable ; Inapplicable ; Inapplicable ; Inapplicable ; Pass         ; Inapplicable ; Inapplicable ; Inapplicable ; Inapplicable ; Pass         ; Inapplicable ; Pass      ; Pass      ; Pass      ; Inapplicable ; Inapplicable ;
; dummy_dout[24]           ; Inapplicable ; Inapplicable ; Inapplicable ; Inapplicable ; Inapplicable ; Pass      ; Inapplicable ; Inapplicable ; Inapplicable ; Inapplicable ; Inapplicable ; Inapplicable ; Inapplicable ; Pass         ; Inapplicable ; Inapplicable ; Inapplicable ; Inapplicable ; Pass         ; Inapplicable ; Inapplicable ; Inapplicable ; Inapplicable ; Pass         ; Inapplicable ; Pass      ; Pass      ; Pass      ; Inapplicable ; Inapplicable ;
; dummy_dout[25]           ; Inapplicable ; Inapplicable ; Inapplicable ; Inapplicable ; Inapplicable ; Pass      ; Inapplicable ; Inapplicable ; Inapplicable ; Inapplicable ; Inapplicable ; Inapplicable ; Inapplicable ; Pass         ; Inapplicable ; Inapplicable ; Inapplicable ; Inapplicable ; Pass         ; Inapplicable ; Inapplicable ; Inapplicable ; Inapplicable ; Pass         ; Inapplicable ; Pass      ; Pass      ; Pass      ; Inapplicable ; Inapplicable ;
; dummy_dout[26]           ; Inapplicable ; Inapplicable ; Inapplicable ; Inapplicable ; Inapplicable ; Pass      ; Inapplicable ; Inapplicable ; Inapplicable ; Inapplicable ; Inapplicable ; Inapplicable ; Inapplicable ; Pass         ; Inapplicable ; Inapplicable ; Inapplicable ; Inapplicable ; Pass         ; Inapplicable ; Inapplicable ; Inapplicable ; Inapplicable ; Pass         ; Inapplicable ; Pass      ; Pass      ; Pass      ; Inapplicable ; Inapplicable ;
; dummy_dout[27]           ; Inapplicable ; Inapplicable ; Inapplicable ; Inapplicable ; Inapplicable ; Pass      ; Inapplicable ; Inapplicable ; Inapplicable ; Inapplicable ; Inapplicable ; Inapplicable ; Inapplicable ; Pass         ; Inapplicable ; Inapplicable ; Inapplicable ; Inapplicable ; Pass         ; Inapplicable ; Inapplicable ; Inapplicable ; Inapplicable ; Pass         ; Inapplicable ; Pass      ; Pass      ; Pass      ; Inapplicable ; Inapplicable ;
; dummy_dout[28]           ; Inapplicable ; Inapplicable ; Inapplicable ; Inapplicable ; Inapplicable ; Pass      ; Inapplicable ; Inapplicable ; Inapplicable ; Inapplicable ; Inapplicable ; Inapplicable ; Inapplicable ; Pass         ; Inapplicable ; Inapplicable ; Inapplicable ; Inapplicable ; Pass         ; Inapplicable ; Inapplicable ; Inapplicable ; Inapplicable ; Pass         ; Inapplicable ; Pass      ; Pass      ; Pass      ; Inapplicable ; Inapplicable ;
; dummy_dout[29]           ; Inapplicable ; Inapplicable ; Inapplicable ; Inapplicable ; Inapplicable ; Pass      ; Inapplicable ; Inapplicable ; Inapplicable ; Inapplicable ; Inapplicable ; Inapplicable ; Inapplicable ; Pass         ; Inapplicable ; Inapplicable ; Inapplicable ; Inapplicable ; Pass         ; Inapplicable ; Inapplicable ; Inapplicable ; Inapplicable ; Pass         ; Inapplicable ; Pass      ; Pass      ; Pass      ; Inapplicable ; Inapplicable ;
; dummy_dout[30]           ; Inapplicable ; Inapplicable ; Inapplicable ; Inapplicable ; Inapplicable ; Pass      ; Inapplicable ; Inapplicable ; Inapplicable ; Inapplicable ; Inapplicable ; Inapplicable ; Inapplicable ; Pass         ; Inapplicable ; Inapplicable ; Inapplicable ; Inapplicable ; Pass         ; Inapplicable ; Inapplicable ; Inapplicable ; Inapplicable ; Pass         ; Inapplicable ; Pass      ; Pass      ; Pass      ; Inapplicable ; Inapplicable ;
; dummy_dout[31]           ; Inapplicable ; Inapplicable ; Inapplicable ; Inapplicable ; Inapplicable ; Pass      ; Inapplicable ; Inapplicable ; Inapplicable ; Inapplicable ; Inapplicable ; Inapplicable ; Inapplicable ; Pass         ; Inapplicable ; Inapplicable ; Inapplicable ; Inapplicable ; Pass         ; Inapplicable ; Inapplicable ; Inapplicable ; Inapplicable ; Pass         ; Inapplicable ; Pass      ; Pass      ; Pass      ; Inapplicable ; Inapplicable ;
; clk                      ; Inapplicable ; Inapplicable ; Inapplicable ; Inapplicable ; Inapplicable ; Pass      ; Inapplicable ; Inapplicable ; Inapplicable ; Inapplicable ; Inapplicable ; Inapplicable ; Inapplicable ; Inapplicable ; Inapplicable ; Inapplicable ; Inapplicable ; Pass         ; Inapplicable ; Inapplicable ; Pass         ; Inapplicable ; Inapplicable ; Inapplicable ; Inapplicable ; Pass      ; Pass      ; Pass      ; Inapplicable ; Inapplicable ;
; rst_n                    ; Inapplicable ; Inapplicable ; Inapplicable ; Inapplicable ; Inapplicable ; Pass      ; Inapplicable ; Inapplicable ; Inapplicable ; Inapplicable ; Inapplicable ; Inapplicable ; Inapplicable ; Inapplicable ; Inapplicable ; Inapplicable ; Inapplicable ; Pass         ; Inapplicable ; Inapplicable ; Pass         ; Inapplicable ; Inapplicable ; Inapplicable ; Inapplicable ; Pass      ; Pass      ; Pass      ; Inapplicable ; Inapplicable ;
; sel_wr                   ; Inapplicable ; Inapplicable ; Inapplicable ; Inapplicable ; Inapplicable ; Pass      ; Inapplicable ; Inapplicable ; Inapplicable ; Inapplicable ; Inapplicable ; Inapplicable ; Inapplicable ; Inapplicable ; Inapplicable ; Inapplicable ; Inapplicable ; Pass         ; Inapplicable ; Inapplicable ; Pass         ; Inapplicable ; Inapplicable ; Inapplicable ; Inapplicable ; Pass      ; Pass      ; Pass      ; Inapplicable ; Inapplicable ;
; reg_idx[2]               ; Inapplicable ; Inapplicable ; Inapplicable ; Inapplicable ; Inapplicable ; Pass      ; Inapplicable ; Inapplicable ; Inapplicable ; Inapplicable ; Inapplicable ; Inapplicable ; Inapplicable ; Inapplicable ; Inapplicable ; Inapplicable ; Inapplicable ; Pass         ; Inapplicable ; Inapplicable ; Pass         ; Inapplicable ; Inapplicable ; Inapplicable ; Inapplicable ; Pass      ; Pass      ; Pass      ; Inapplicable ; Inapplicable ;
; reg_idx[0]               ; Inapplicable ; Inapplicable ; Inapplicable ; Inapplicable ; Inapplicable ; Pass      ; Inapplicable ; Inapplicable ; Inapplicable ; Inapplicable ; Inapplicable ; Inapplicable ; Inapplicable ; Inapplicable ; Inapplicable ; Inapplicable ; Inapplicable ; Pass         ; Inapplicable ; Inapplicable ; Pass         ; Inapplicable ; Inapplicable ; Inapplicable ; Inapplicable ; Pass      ; Pass      ; Pass      ; Inapplicable ; Inapplicable ;
; reg_idx[1]               ; Inapplicable ; Inapplicable ; Inapplicable ; Inapplicable ; Inapplicable ; Pass      ; Inapplicable ; Inapplicable ; Inapplicable ; Inapplicable ; Inapplicable ; Inapplicable ; Inapplicable ; Inapplicable ; Inapplicable ; Inapplicable ; Inapplicable ; Pass         ; Inapplicable ; Inapplicable ; Pass         ; Inapplicable ; Inapplicable ; Inapplicable ; Inapplicable ; Pass      ; Pass      ; Pass      ; Inapplicable ; Inapplicable ;
; reg_idx[3]               ; Inapplicable ; Inapplicable ; Inapplicable ; Inapplicable ; Inapplicable ; Pass      ; Inapplicable ; Inapplicable ; Inapplicable ; Inapplicable ; Inapplicable ; Inapplicable ; Inapplicable ; Inapplicable ; Inapplicable ; Inapplicable ; Inapplicable ; Pass         ; Inapplicable ; Inapplicable ; Pass         ; Inapplicable ; Inapplicable ; Inapplicable ; Inapplicable ; Pass      ; Pass      ; Pass      ; Inapplicable ; Inapplicable ;
; sel_xmem                 ; Inapplicable ; Inapplicable ; Inapplicable ; Inapplicable ; Inapplicable ; Pass      ; Inapplicable ; Inapplicable ; Inapplicable ; Inapplicable ; Inapplicable ; Inapplicable ; Inapplicable ; Inapplicable ; Inapplicable ; Inapplicable ; Inapplicable ; Pass         ; Inapplicable ; Inapplicable ; Pass         ; Inapplicable ; Inapplicable ; Inapplicable ; Inapplicable ; Pass      ; Pass      ; Pass      ; Inapplicable ; Inapplicable ;
; sel_word_idx[0]          ; Inapplicable ; Inapplicable ; Inapplicable ; Inapplicable ; Inapplicable ; Pass      ; Inapplicable ; Inapplicable ; Inapplicable ; Inapplicable ; Inapplicable ; Inapplicable ; Inapplicable ; Inapplicable ; Inapplicable ; Inapplicable ; Inapplicable ; Pass         ; Inapplicable ; Inapplicable ; Pass         ; Inapplicable ; Inapplicable ; Inapplicable ; Inapplicable ; Pass      ; Pass      ; Pass      ; Inapplicable ; Inapplicable ;
; sel_word_idx[1]          ; Inapplicable ; Inapplicable ; Inapplicable ; Inapplicable ; Inapplicable ; Pass      ; Inapplicable ; Inapplicable ; Inapplicable ; Inapplicable ; Inapplicable ; Inapplicable ; Inapplicable ; Inapplicable ; Inapplicable ; Inapplicable ; Inapplicable ; Pass         ; Inapplicable ; Inapplicable ; Pass         ; Inapplicable ; Inapplicable ; Inapplicable ; Inapplicable ; Pass      ; Pass      ; Pass      ; Inapplicable ; Inapplicable ;
; sel_word_idx[2]          ; Inapplicable ; Inapplicable ; Inapplicable ; Inapplicable ; Inapplicable ; Pass      ; Inapplicable ; Inapplicable ; Inapplicable ; Inapplicable ; Inapplicable ; Inapplicable ; Inapplicable ; Inapplicable ; Inapplicable ; Inapplicable ; Inapplicable ; Pass         ; Inapplicable ; Inapplicable ; Pass         ; Inapplicable ; Inapplicable ; Inapplicable ; Inapplicable ; Pass      ; Pass      ; Pass      ; Inapplicable ; Inapplicable ;
; mem_valid                ; Inapplicable ; Inapplicable ; Inapplicable ; Inapplicable ; Inapplicable ; Pass      ; Inapplicable ; Inapplicable ; Inapplicable ; Inapplicable ; Inapplicable ; Inapplicable ; Inapplicable ; Inapplicable ; Inapplicable ; Inapplicable ; Inapplicable ; Pass         ; Inapplicable ; Inapplicable ; Pass         ; Inapplicable ; Inapplicable ; Inapplicable ; Inapplicable ; Pass      ; Pass      ; Pass      ; Inapplicable ; Inapplicable ;
; dummy_din[0]             ; Inapplicable ; Inapplicable ; Inapplicable ; Inapplicable ; Inapplicable ; Pass      ; Inapplicable ; Inapplicable ; Inapplicable ; Inapplicable ; Inapplicable ; Inapplicable ; Inapplicable ; Inapplicable ; Inapplicable ; Inapplicable ; Inapplicable ; Pass         ; Inapplicable ; Inapplicable ; Pass         ; Inapplicable ; Inapplicable ; Inapplicable ; Inapplicable ; Pass      ; Pass      ; Pass      ; Inapplicable ; Inapplicable ;
; host_regs_valid_pulse    ; Inapplicable ; Inapplicable ; Inapplicable ; Inapplicable ; Inapplicable ; Pass      ; Inapplicable ; Inapplicable ; Inapplicable ; Inapplicable ; Inapplicable ; Inapplicable ; Inapplicable ; Inapplicable ; Inapplicable ; Inapplicable ; Inapplicable ; Pass         ; Inapplicable ; Inapplicable ; Pass         ; Inapplicable ; Inapplicable ; Inapplicable ; Inapplicable ; Pass      ; Pass      ; Pass      ; Inapplicable ; Inapplicable ;
; mem_ack                  ; Inapplicable ; Inapplicable ; Inapplicable ; Inapplicable ; Inapplicable ; Pass      ; Inapplicable ; Inapplicable ; Inapplicable ; Inapplicable ; Inapplicable ; Inapplicable ; Inapplicable ; Inapplicable ; Inapplicable ; Inapplicable ; Inapplicable ; Pass         ; Inapplicable ; Inapplicable ; Pass         ; Inapplicable ; Inapplicable ; Inapplicable ; Inapplicable ; Pass      ; Pass      ; Pass      ; Inapplicable ; Inapplicable ;
; dummy_din[1]             ; Inapplicable ; Inapplicable ; Inapplicable ; Inapplicable ; Inapplicable ; Pass      ; Inapplicable ; Inapplicable ; Inapplicable ; Inapplicable ; Inapplicable ; Inapplicable ; Inapplicable ; Inapplicable ; Inapplicable ; Inapplicable ; Inapplicable ; Pass         ; Inapplicable ; Inapplicable ; Pass         ; Inapplicable ; Inapplicable ; Inapplicable ; Inapplicable ; Pass      ; Pass      ; Pass      ; Inapplicable ; Inapplicable ;
; dummy_din[2]             ; Inapplicable ; Inapplicable ; Inapplicable ; Inapplicable ; Inapplicable ; Pass      ; Inapplicable ; Inapplicable ; Inapplicable ; Inapplicable ; Inapplicable ; Inapplicable ; Inapplicable ; Inapplicable ; Inapplicable ; Inapplicable ; Inapplicable ; Pass         ; Inapplicable ; Inapplicable ; Pass         ; Inapplicable ; Inapplicable ; Inapplicable ; Inapplicable ; Pass      ; Pass      ; Pass      ; Inapplicable ; Inapplicable ;
; dummy_din[3]             ; Inapplicable ; Inapplicable ; Inapplicable ; Inapplicable ; Inapplicable ; Pass      ; Inapplicable ; Inapplicable ; Inapplicable ; Inapplicable ; Inapplicable ; Inapplicable ; Inapplicable ; Inapplicable ; Inapplicable ; Inapplicable ; Inapplicable ; Pass         ; Inapplicable ; Inapplicable ; Pass         ; Inapplicable ; Inapplicable ; Inapplicable ; Inapplicable ; Pass      ; Pass      ; Pass      ; Inapplicable ; Inapplicable ;
; dummy_din[4]             ; Inapplicable ; Inapplicable ; Inapplicable ; Inapplicable ; Inapplicable ; Pass      ; Inapplicable ; Inapplicable ; Inapplicable ; Inapplicable ; Inapplicable ; Inapplicable ; Inapplicable ; Inapplicable ; Inapplicable ; Inapplicable ; Inapplicable ; Pass         ; Inapplicable ; Inapplicable ; Pass         ; Inapplicable ; Inapplicable ; Inapplicable ; Inapplicable ; Pass      ; Pass      ; Pass      ; Inapplicable ; Inapplicable ;
; dummy_din[5]             ; Inapplicable ; Inapplicable ; Inapplicable ; Inapplicable ; Inapplicable ; Pass      ; Inapplicable ; Inapplicable ; Inapplicable ; Inapplicable ; Inapplicable ; Inapplicable ; Inapplicable ; Inapplicable ; Inapplicable ; Inapplicable ; Inapplicable ; Pass         ; Inapplicable ; Inapplicable ; Pass         ; Inapplicable ; Inapplicable ; Inapplicable ; Inapplicable ; Pass      ; Pass      ; Pass      ; Inapplicable ; Inapplicable ;
; dummy_din[6]             ; Inapplicable ; Inapplicable ; Inapplicable ; Inapplicable ; Inapplicable ; Pass      ; Inapplicable ; Inapplicable ; Inapplicable ; Inapplicable ; Inapplicable ; Inapplicable ; Inapplicable ; Inapplicable ; Inapplicable ; Inapplicable ; Inapplicable ; Pass         ; Inapplicable ; Inapplicable ; Pass         ; Inapplicable ; Inapplicable ; Inapplicable ; Inapplicable ; Pass      ; Pass      ; Pass      ; Inapplicable ; Inapplicable ;
; dummy_din[7]             ; Inapplicable ; Inapplicable ; Inapplicable ; Inapplicable ; Inapplicable ; Pass      ; Inapplicable ; Inapplicable ; Inapplicable ; Inapplicable ; Inapplicable ; Inapplicable ; Inapplicable ; Inapplicable ; Inapplicable ; Inapplicable ; Inapplicable ; Pass         ; Inapplicable ; Inapplicable ; Pass         ; Inapplicable ; Inapplicable ; Inapplicable ; Inapplicable ; Pass      ; Pass      ; Pass      ; Inapplicable ; Inapplicable ;
; dummy_din[8]             ; Inapplicable ; Inapplicable ; Inapplicable ; Inapplicable ; Inapplicable ; Pass      ; Inapplicable ; Inapplicable ; Inapplicable ; Inapplicable ; Inapplicable ; Inapplicable ; Inapplicable ; Inapplicable ; Inapplicable ; Inapplicable ; Inapplicable ; Pass         ; Inapplicable ; Inapplicable ; Pass         ; Inapplicable ; Inapplicable ; Inapplicable ; Inapplicable ; Pass      ; Pass      ; Pass      ; Inapplicable ; Inapplicable ;
; dummy_din[9]             ; Inapplicable ; Inapplicable ; Inapplicable ; Inapplicable ; Inapplicable ; Pass      ; Inapplicable ; Inapplicable ; Inapplicable ; Inapplicable ; Inapplicable ; Inapplicable ; Inapplicable ; Inapplicable ; Inapplicable ; Inapplicable ; Inapplicable ; Pass         ; Inapplicable ; Inapplicable ; Pass         ; Inapplicable ; Inapplicable ; Inapplicable ; Inapplicable ; Pass      ; Pass      ; Pass      ; Inapplicable ; Inapplicable ;
; dummy_din[10]            ; Inapplicable ; Inapplicable ; Inapplicable ; Inapplicable ; Inapplicable ; Pass      ; Inapplicable ; Inapplicable ; Inapplicable ; Inapplicable ; Inapplicable ; Inapplicable ; Inapplicable ; Inapplicable ; Inapplicable ; Inapplicable ; Inapplicable ; Pass         ; Inapplicable ; Inapplicable ; Pass         ; Inapplicable ; Inapplicable ; Inapplicable ; Inapplicable ; Pass      ; Pass      ; Pass      ; Inapplicable ; Inapplicable ;
; dummy_din[11]            ; Inapplicable ; Inapplicable ; Inapplicable ; Inapplicable ; Inapplicable ; Pass      ; Inapplicable ; Inapplicable ; Inapplicable ; Inapplicable ; Inapplicable ; Inapplicable ; Inapplicable ; Inapplicable ; Inapplicable ; Inapplicable ; Inapplicable ; Pass         ; Inapplicable ; Inapplicable ; Pass         ; Inapplicable ; Inapplicable ; Inapplicable ; Inapplicable ; Pass      ; Pass      ; Pass      ; Inapplicable ; Inapplicable ;
; dummy_din[12]            ; Inapplicable ; Inapplicable ; Inapplicable ; Inapplicable ; Inapplicable ; Pass      ; Inapplicable ; Inapplicable ; Inapplicable ; Inapplicable ; Inapplicable ; Inapplicable ; Inapplicable ; Inapplicable ; Inapplicable ; Inapplicable ; Inapplicable ; Pass         ; Inapplicable ; Inapplicable ; Pass         ; Inapplicable ; Inapplicable ; Inapplicable ; Inapplicable ; Pass      ; Pass      ; Pass      ; Inapplicable ; Inapplicable ;
; dummy_din[13]            ; Inapplicable ; Inapplicable ; Inapplicable ; Inapplicable ; Inapplicable ; Pass      ; Inapplicable ; Inapplicable ; Inapplicable ; Inapplicable ; Inapplicable ; Inapplicable ; Inapplicable ; Inapplicable ; Inapplicable ; Inapplicable ; Inapplicable ; Pass         ; Inapplicable ; Inapplicable ; Pass         ; Inapplicable ; Inapplicable ; Inapplicable ; Inapplicable ; Pass      ; Pass      ; Pass      ; Inapplicable ; Inapplicable ;
; dummy_din[14]            ; Inapplicable ; Inapplicable ; Inapplicable ; Inapplicable ; Inapplicable ; Pass      ; Inapplicable ; Inapplicable ; Inapplicable ; Inapplicable ; Inapplicable ; Inapplicable ; Inapplicable ; Inapplicable ; Inapplicable ; Inapplicable ; Inapplicable ; Pass         ; Inapplicable ; Inapplicable ; Pass         ; Inapplicable ; Inapplicable ; Inapplicable ; Inapplicable ; Pass      ; Pass      ; Pass      ; Inapplicable ; Inapplicable ;
; dummy_din[15]            ; Inapplicable ; Inapplicable ; Inapplicable ; Inapplicable ; Inapplicable ; Pass      ; Inapplicable ; Inapplicable ; Inapplicable ; Inapplicable ; Inapplicable ; Inapplicable ; Inapplicable ; Inapplicable ; Inapplicable ; Inapplicable ; Inapplicable ; Pass         ; Inapplicable ; Inapplicable ; Pass         ; Inapplicable ; Inapplicable ; Inapplicable ; Inapplicable ; Pass      ; Pass      ; Pass      ; Inapplicable ; Inapplicable ;
; dummy_din[16]            ; Inapplicable ; Inapplicable ; Inapplicable ; Inapplicable ; Inapplicable ; Pass      ; Inapplicable ; Inapplicable ; Inapplicable ; Inapplicable ; Inapplicable ; Inapplicable ; Inapplicable ; Inapplicable ; Inapplicable ; Inapplicable ; Inapplicable ; Pass         ; Inapplicable ; Inapplicable ; Pass         ; Inapplicable ; Inapplicable ; Inapplicable ; Inapplicable ; Pass      ; Pass      ; Pass      ; Inapplicable ; Inapplicable ;
; dummy_din[17]            ; Inapplicable ; Inapplicable ; Inapplicable ; Inapplicable ; Inapplicable ; Pass      ; Inapplicable ; Inapplicable ; Inapplicable ; Inapplicable ; Inapplicable ; Inapplicable ; Inapplicable ; Inapplicable ; Inapplicable ; Inapplicable ; Inapplicable ; Pass         ; Inapplicable ; Inapplicable ; Pass         ; Inapplicable ; Inapplicable ; Inapplicable ; Inapplicable ; Pass      ; Pass      ; Pass      ; Inapplicable ; Inapplicable ;
; dummy_din[18]            ; Inapplicable ; Inapplicable ; Inapplicable ; Inapplicable ; Inapplicable ; Pass      ; Inapplicable ; Inapplicable ; Inapplicable ; Inapplicable ; Inapplicable ; Inapplicable ; Inapplicable ; Inapplicable ; Inapplicable ; Inapplicable ; Inapplicable ; Pass         ; Inapplicable ; Inapplicable ; Pass         ; Inapplicable ; Inapplicable ; Inapplicable ; Inapplicable ; Pass      ; Pass      ; Pass      ; Inapplicable ; Inapplicable ;
; dummy_din[19]            ; Inapplicable ; Inapplicable ; Inapplicable ; Inapplicable ; Inapplicable ; Pass      ; Inapplicable ; Inapplicable ; Inapplicable ; Inapplicable ; Inapplicable ; Inapplicable ; Inapplicable ; Inapplicable ; Inapplicable ; Inapplicable ; Inapplicable ; Pass         ; Inapplicable ; Inapplicable ; Pass         ; Inapplicable ; Inapplicable ; Inapplicable ; Inapplicable ; Pass      ; Pass      ; Pass      ; Inapplicable ; Inapplicable ;
; dummy_din[20]            ; Inapplicable ; Inapplicable ; Inapplicable ; Inapplicable ; Inapplicable ; Pass      ; Inapplicable ; Inapplicable ; Inapplicable ; Inapplicable ; Inapplicable ; Inapplicable ; Inapplicable ; Inapplicable ; Inapplicable ; Inapplicable ; Inapplicable ; Pass         ; Inapplicable ; Inapplicable ; Pass         ; Inapplicable ; Inapplicable ; Inapplicable ; Inapplicable ; Pass      ; Pass      ; Pass      ; Inapplicable ; Inapplicable ;
; dummy_din[21]            ; Inapplicable ; Inapplicable ; Inapplicable ; Inapplicable ; Inapplicable ; Pass      ; Inapplicable ; Inapplicable ; Inapplicable ; Inapplicable ; Inapplicable ; Inapplicable ; Inapplicable ; Inapplicable ; Inapplicable ; Inapplicable ; Inapplicable ; Pass         ; Inapplicable ; Inapplicable ; Pass         ; Inapplicable ; Inapplicable ; Inapplicable ; Inapplicable ; Pass      ; Pass      ; Pass      ; Inapplicable ; Inapplicable ;
; dummy_din[22]            ; Inapplicable ; Inapplicable ; Inapplicable ; Inapplicable ; Inapplicable ; Pass      ; Inapplicable ; Inapplicable ; Inapplicable ; Inapplicable ; Inapplicable ; Inapplicable ; Inapplicable ; Inapplicable ; Inapplicable ; Inapplicable ; Inapplicable ; Pass         ; Inapplicable ; Inapplicable ; Pass         ; Inapplicable ; Inapplicable ; Inapplicable ; Inapplicable ; Pass      ; Pass      ; Pass      ; Inapplicable ; Inapplicable ;
; dummy_din[23]            ; Inapplicable ; Inapplicable ; Inapplicable ; Inapplicable ; Inapplicable ; Pass      ; Inapplicable ; Inapplicable ; Inapplicable ; Inapplicable ; Inapplicable ; Inapplicable ; Inapplicable ; Inapplicable ; Inapplicable ; Inapplicable ; Inapplicable ; Pass         ; Inapplicable ; Inapplicable ; Pass         ; Inapplicable ; Inapplicable ; Inapplicable ; Inapplicable ; Pass      ; Pass      ; Pass      ; Inapplicable ; Inapplicable ;
; dummy_din[24]            ; Inapplicable ; Inapplicable ; Inapplicable ; Inapplicable ; Inapplicable ; Pass      ; Inapplicable ; Inapplicable ; Inapplicable ; Inapplicable ; Inapplicable ; Inapplicable ; Inapplicable ; Inapplicable ; Inapplicable ; Inapplicable ; Inapplicable ; Pass         ; Inapplicable ; Inapplicable ; Pass         ; Inapplicable ; Inapplicable ; Inapplicable ; Inapplicable ; Pass      ; Pass      ; Pass      ; Inapplicable ; Inapplicable ;
; dummy_din[25]            ; Inapplicable ; Inapplicable ; Inapplicable ; Inapplicable ; Inapplicable ; Pass      ; Inapplicable ; Inapplicable ; Inapplicable ; Inapplicable ; Inapplicable ; Inapplicable ; Inapplicable ; Inapplicable ; Inapplicable ; Inapplicable ; Inapplicable ; Pass         ; Inapplicable ; Inapplicable ; Pass         ; Inapplicable ; Inapplicable ; Inapplicable ; Inapplicable ; Pass      ; Pass      ; Pass      ; Inapplicable ; Inapplicable ;
; dummy_din[26]            ; Inapplicable ; Inapplicable ; Inapplicable ; Inapplicable ; Inapplicable ; Pass      ; Inapplicable ; Inapplicable ; Inapplicable ; Inapplicable ; Inapplicable ; Inapplicable ; Inapplicable ; Inapplicable ; Inapplicable ; Inapplicable ; Inapplicable ; Pass         ; Inapplicable ; Inapplicable ; Pass         ; Inapplicable ; Inapplicable ; Inapplicable ; Inapplicable ; Pass      ; Pass      ; Pass      ; Inapplicable ; Inapplicable ;
; dummy_din[27]            ; Inapplicable ; Inapplicable ; Inapplicable ; Inapplicable ; Inapplicable ; Pass      ; Inapplicable ; Inapplicable ; Inapplicable ; Inapplicable ; Inapplicable ; Inapplicable ; Inapplicable ; Inapplicable ; Inapplicable ; Inapplicable ; Inapplicable ; Pass         ; Inapplicable ; Inapplicable ; Pass         ; Inapplicable ; Inapplicable ; Inapplicable ; Inapplicable ; Pass      ; Pass      ; Pass      ; Inapplicable ; Inapplicable ;
; dummy_din[28]            ; Inapplicable ; Inapplicable ; Inapplicable ; Inapplicable ; Inapplicable ; Pass      ; Inapplicable ; Inapplicable ; Inapplicable ; Inapplicable ; Inapplicable ; Inapplicable ; Inapplicable ; Inapplicable ; Inapplicable ; Inapplicable ; Inapplicable ; Pass         ; Inapplicable ; Inapplicable ; Pass         ; Inapplicable ; Inapplicable ; Inapplicable ; Inapplicable ; Pass      ; Pass      ; Pass      ; Inapplicable ; Inapplicable ;
; dummy_din[29]            ; Inapplicable ; Inapplicable ; Inapplicable ; Inapplicable ; Inapplicable ; Pass      ; Inapplicable ; Inapplicable ; Inapplicable ; Inapplicable ; Inapplicable ; Inapplicable ; Inapplicable ; Inapplicable ; Inapplicable ; Inapplicable ; Inapplicable ; Pass         ; Inapplicable ; Inapplicable ; Pass         ; Inapplicable ; Inapplicable ; Inapplicable ; Inapplicable ; Pass      ; Pass      ; Pass      ; Inapplicable ; Inapplicable ;
; dummy_din[30]            ; Inapplicable ; Inapplicable ; Inapplicable ; Inapplicable ; Inapplicable ; Pass      ; Inapplicable ; Inapplicable ; Inapplicable ; Inapplicable ; Inapplicable ; Inapplicable ; Inapplicable ; Inapplicable ; Inapplicable ; Inapplicable ; Inapplicable ; Pass         ; Inapplicable ; Inapplicable ; Pass         ; Inapplicable ; Inapplicable ; Inapplicable ; Inapplicable ; Pass      ; Pass      ; Pass      ; Inapplicable ; Inapplicable ;
; dummy_din[31]            ; Inapplicable ; Inapplicable ; Inapplicable ; Inapplicable ; Inapplicable ; Pass      ; Inapplicable ; Inapplicable ; Inapplicable ; Inapplicable ; Inapplicable ; Inapplicable ; Inapplicable ; Inapplicable ; Inapplicable ; Inapplicable ; Inapplicable ; Pass         ; Inapplicable ; Inapplicable ; Pass         ; Inapplicable ; Inapplicable ; Inapplicable ; Inapplicable ; Pass      ; Pass      ; Pass      ; Inapplicable ; Inapplicable ;
; sel_word_idx[3]          ; Inapplicable ; Inapplicable ; Inapplicable ; Inapplicable ; Inapplicable ; Pass      ; Inapplicable ; Inapplicable ; Inapplicable ; Inapplicable ; Inapplicable ; Inapplicable ; Inapplicable ; Inapplicable ; Inapplicable ; Inapplicable ; Inapplicable ; Pass         ; Inapplicable ; Inapplicable ; Pass         ; Inapplicable ; Inapplicable ; Inapplicable ; Inapplicable ; Pass      ; Pass      ; Pass      ; Inapplicable ; Inapplicable ;
+--------------------------+--------------+--------------+--------------+--------------+--------------+-----------+--------------+--------------+--------------+--------------+--------------+--------------+--------------+--------------+--------------+--------------+--------------+--------------+--------------+--------------+--------------+--------------+--------------+--------------+--------------+-----------+-----------+-----------+--------------+--------------+


+-------------------------------------------------------------------------------------------+
; Fitter Device Options                                                                     ;
+------------------------------------------------------------------+------------------------+
; Option                                                           ; Setting                ;
+------------------------------------------------------------------+------------------------+
; Enable user-supplied start-up clock (CLKUSR)                     ; Off                    ;
; Enable device-wide reset (DEV_CLRn)                              ; Off                    ;
; Enable device-wide output enable (DEV_OE)                        ; Off                    ;
; Enable INIT_DONE output                                          ; Off                    ;
; Configuration scheme                                             ; Internal Configuration ;
; Enable Error Detection CRC_ERROR pin                             ; Off                    ;
; Enable open drain on CRC_ERROR pin                               ; Off                    ;
; Enable nCONFIG, nSTATUS, and CONF_DONE pins                      ; On                     ;
; Enable JTAG pin sharing                                          ; Off                    ;
; Enable nCE pin                                                   ; Off                    ;
; Enable CONFIG_SEL pin                                            ; On                     ;
; Enable input tri-state on active configuration pins in user mode ; Off                    ;
; Configuration Voltage Level                                      ; Auto                   ;
; Force Configuration Voltage Level                                ; Off                    ;
; Data[0]                                                          ; Unreserved             ;
; Data[1]/ASDO                                                     ; Unreserved             ;
; FLASH_nCE/nCSO                                                   ; Unreserved             ;
; DCLK                                                             ; Unreserved             ;
+------------------------------------------------------------------+------------------------+


+------------------------------------+
; Operating Settings and Conditions  ;
+---------------------------+--------+
; Setting                   ; Value  ;
+---------------------------+--------+
; Nominal Core Voltage      ; 1.20 V ;
; Low Junction Temperature  ; 0 °C   ;
; High Junction Temperature ; 85 °C  ;
+---------------------------+--------+


+------------------------------------------------------------+
; Estimated Delay Added for Hold Timing Summary              ;
+-----------------+----------------------+-------------------+
; Source Clock(s) ; Destination Clock(s) ; Delay Added in ns ;
+-----------------+----------------------+-------------------+
; clk             ; clk                  ; 3.7               ;
+-----------------+----------------------+-------------------+
Note: For more information on problematic transfers, consider running the Fitter again with the Optimize hold timing option (Settings Menu) turned off.
This will disable optimization of problematic paths and expose them for further analysis using the Timing Analyzer.


+----------------------------------------------------------------------------------------------------------------------------------------------------------------------------------------------------------------------------------------------------------------------------------------------------------------------------------------+
; Estimated Delay Added for Hold Timing Details                                                                                                                                                                                                                                                                                          ;
+--------------------------------------------------------------------------------------------------------------------------------------------+-----------------------------------------------------------------------------------------------------------------------------------------------------------------------+-------------------+
; Source Register                                                                                                                            ; Destination Register                                                                                                                                                  ; Delay Added in ns ;
+--------------------------------------------------------------------------------------------------------------------------------------------+-----------------------------------------------------------------------------------------------------------------------------------------------------------------------+-------------------+
; LayerNorm:LayerNorm|affine_stage:i_affine_stage|altshift_taps:p2_b_s_rtl_0|shift_taps_2vl:auto_generated|cntr_s3f:cntr1|counter_reg_bit[0] ; LayerNorm:LayerNorm|affine_stage:i_affine_stage|altshift_taps:p2_b_s_rtl_0|shift_taps_2vl:auto_generated|altsyncram_jj51:altsyncram4|ram_block7a31~porta_address_reg0 ; 0.379             ;
; LayerNorm:LayerNorm|affine_stage:i_affine_stage|altshift_taps:p2_b_s_rtl_0|shift_taps_2vl:auto_generated|cntr_s3f:cntr1|counter_reg_bit[1] ; LayerNorm:LayerNorm|affine_stage:i_affine_stage|altshift_taps:p2_b_s_rtl_0|shift_taps_2vl:auto_generated|altsyncram_jj51:altsyncram4|ram_block7a31~porta_address_reg0 ; 0.379             ;
; LayerNorm:LayerNorm|affine_stage:i_affine_stage|altshift_taps:p2_b_s_rtl_0|shift_taps_2vl:auto_generated|dffe3a[0]                         ; LayerNorm:LayerNorm|affine_stage:i_affine_stage|altshift_taps:p2_b_s_rtl_0|shift_taps_2vl:auto_generated|altsyncram_jj51:altsyncram4|ram_block7a31~portb_address_reg0 ; 0.379             ;
; LayerNorm:LayerNorm|affine_stage:i_affine_stage|p1_b_s[29]                                                                                 ; LayerNorm:LayerNorm|affine_stage:i_affine_stage|altshift_taps:p2_b_s_rtl_0|shift_taps_2vl:auto_generated|altsyncram_jj51:altsyncram4|ram_block7a2~porta_datain_reg0   ; 0.154             ;
; LayerNorm:LayerNorm|affine_stage:i_affine_stage|p1_b_s[28]                                                                                 ; LayerNorm:LayerNorm|affine_stage:i_affine_stage|altshift_taps:p2_b_s_rtl_0|shift_taps_2vl:auto_generated|altsyncram_jj51:altsyncram4|ram_block7a3~porta_datain_reg0   ; 0.154             ;
; LayerNorm:LayerNorm|affine_stage:i_affine_stage|p1_b_s[20]                                                                                 ; LayerNorm:LayerNorm|affine_stage:i_affine_stage|altshift_taps:p2_b_s_rtl_0|shift_taps_2vl:auto_generated|altsyncram_jj51:altsyncram4|ram_block7a11~porta_datain_reg0  ; 0.153             ;
; LayerNorm:LayerNorm|affine_stage:i_affine_stage|p1_b_s[25]                                                                                 ; LayerNorm:LayerNorm|affine_stage:i_affine_stage|altshift_taps:p2_b_s_rtl_0|shift_taps_2vl:auto_generated|altsyncram_jj51:altsyncram4|ram_block7a6~porta_datain_reg0   ; 0.152             ;
; LayerNorm:LayerNorm|affine_stage:i_affine_stage|p1_b_s[24]                                                                                 ; LayerNorm:LayerNorm|affine_stage:i_affine_stage|altshift_taps:p2_b_s_rtl_0|shift_taps_2vl:auto_generated|altsyncram_jj51:altsyncram4|ram_block7a7~porta_datain_reg0   ; 0.152             ;
; LayerNorm:LayerNorm|affine_stage:i_affine_stage|p1_b_s[21]                                                                                 ; LayerNorm:LayerNorm|affine_stage:i_affine_stage|altshift_taps:p2_b_s_rtl_0|shift_taps_2vl:auto_generated|altsyncram_jj51:altsyncram4|ram_block7a10~porta_datain_reg0  ; 0.148             ;
; LayerNorm:LayerNorm|affine_stage:i_affine_stage|p1_b_s[30]                                                                                 ; LayerNorm:LayerNorm|affine_stage:i_affine_stage|altshift_taps:p2_b_s_rtl_0|shift_taps_2vl:auto_generated|altsyncram_jj51:altsyncram4|ram_block7a1~porta_datain_reg0   ; 0.139             ;
; LayerNorm:LayerNorm|affine_stage:i_affine_stage|p1_b_s[23]                                                                                 ; LayerNorm:LayerNorm|affine_stage:i_affine_stage|altshift_taps:p2_b_s_rtl_0|shift_taps_2vl:auto_generated|altsyncram_jj51:altsyncram4|ram_block7a8~porta_datain_reg0   ; 0.134             ;
; LayerNorm:LayerNorm|affine_stage:i_affine_stage|p1_b_s[22]                                                                                 ; LayerNorm:LayerNorm|affine_stage:i_affine_stage|altshift_taps:p2_b_s_rtl_0|shift_taps_2vl:auto_generated|altsyncram_jj51:altsyncram4|ram_block7a9~porta_datain_reg0   ; 0.134             ;
; LayerNorm:LayerNorm|affine_stage:i_affine_stage|p1_b_s[19]                                                                                 ; LayerNorm:LayerNorm|affine_stage:i_affine_stage|altshift_taps:p2_b_s_rtl_0|shift_taps_2vl:auto_generated|altsyncram_jj51:altsyncram4|ram_block7a12~porta_datain_reg0  ; 0.132             ;
; LayerNorm:LayerNorm|affine_stage:i_affine_stage|p1_b_s[18]                                                                                 ; LayerNorm:LayerNorm|affine_stage:i_affine_stage|altshift_taps:p2_b_s_rtl_0|shift_taps_2vl:auto_generated|altsyncram_jj51:altsyncram4|ram_block7a13~porta_datain_reg0  ; 0.132             ;
; LayerNorm:LayerNorm|affine_stage:i_affine_stage|state.RD_INPUT                                                                             ; LayerNorm:LayerNorm|affine_stage:i_affine_stage|state.PROCESS                                                                                                         ; 0.130             ;
; LayerNorm:LayerNorm|affine_stage:i_affine_stage|p1_b_s[27]                                                                                 ; LayerNorm:LayerNorm|affine_stage:i_affine_stage|altshift_taps:p2_b_s_rtl_0|shift_taps_2vl:auto_generated|altsyncram_jj51:altsyncram4|ram_block7a4~porta_datain_reg0   ; 0.127             ;
; LayerNorm:LayerNorm|affine_stage:i_affine_stage|p1_b_s[15]                                                                                 ; LayerNorm:LayerNorm|affine_stage:i_affine_stage|altshift_taps:p2_b_s_rtl_0|shift_taps_2vl:auto_generated|altsyncram_jj51:altsyncram4|ram_block7a16~porta_datain_reg0  ; 0.127             ;
; LayerNorm:LayerNorm|affine_stage:i_affine_stage|p1_b_s[17]                                                                                 ; LayerNorm:LayerNorm|affine_stage:i_affine_stage|altshift_taps:p2_b_s_rtl_0|shift_taps_2vl:auto_generated|altsyncram_jj51:altsyncram4|ram_block7a14~porta_datain_reg0  ; 0.124             ;
; LayerNorm:LayerNorm|output_addr[0]                                                                                                         ; mem_start_addr[0]~reg0                                                                                                                                                ; 0.114             ;
; LayerNorm:LayerNorm|affine_stage:i_affine_stage|p1_b_s[26]                                                                                 ; LayerNorm:LayerNorm|affine_stage:i_affine_stage|altshift_taps:p2_b_s_rtl_0|shift_taps_2vl:auto_generated|altsyncram_jj51:altsyncram4|ram_block7a5~porta_datain_reg0   ; 0.109             ;
; LayerNorm:LayerNorm|affine_stage:i_affine_stage|altshift_taps:p2_b_s_rtl_0|shift_taps_2vl:auto_generated|dffe3a[1]                         ; LayerNorm:LayerNorm|affine_stage:i_affine_stage|altshift_taps:p2_b_s_rtl_0|shift_taps_2vl:auto_generated|altsyncram_jj51:altsyncram4|ram_block7a31~portb_address_reg0 ; 0.074             ;
; LayerNorm:LayerNorm|affine_stage:i_affine_stage|p1_b_s[31]                                                                                 ; LayerNorm:LayerNorm|affine_stage:i_affine_stage|altshift_taps:p2_b_s_rtl_0|shift_taps_2vl:auto_generated|altsyncram_jj51:altsyncram4|ram_block7a0~porta_datain_reg0   ; 0.064             ;
; LayerNorm:LayerNorm|affine_stage:i_affine_stage|p1_b_s[16]                                                                                 ; LayerNorm:LayerNorm|affine_stage:i_affine_stage|altshift_taps:p2_b_s_rtl_0|shift_taps_2vl:auto_generated|altsyncram_jj51:altsyncram4|ram_block7a15~porta_datain_reg0  ; 0.045             ;
; host_regs_s[4][0]                                                                                                                          ; LayerNorm:LayerNorm|done_sticky                                                                                                                                       ; 0.024             ;
; LayerNorm:LayerNorm|output_addr[1]                                                                                                         ; mem_start_addr[1]~reg0                                                                                                                                                ; 0.023             ;
+--------------------------------------------------------------------------------------------------------------------------------------------+-----------------------------------------------------------------------------------------------------------------------------------------------------------------------+-------------------+
Note: This table only shows the top 25 path(s) that have the largest delay added for hold.


+-----------------+
; Fitter Messages ;
+-----------------+
Info (119006): Selected device 10M50DAF484C7G for design "LayerNorm"
Info (21076): High junction temperature operating condition is not set. Assuming a default value of '85'.
Info (21076): Low junction temperature operating condition is not set. Assuming a default value of '0'.
Info (171003): Fitter is performing an Auto Fit compilation, which may decrease Fitter effort to reduce compilation time
Warning (292013): Feature LogicLock is only available with a valid subscription license. You can purchase a software subscription to gain full access to this feature.
Info (176444): Device migration not selected. If you intend to use device migration later, you may need to change the pin assignments as they may be incompatible with other devices
    Info (176445): Device 10M08DAF484I7G is compatible
    Info (176445): Device 10M08DAF484I7P is compatible
    Info (176445): Device 10M16DAF484A7G is compatible
    Info (176445): Device 10M16DAF484C7G is compatible
    Info (176445): Device 10M16DAF484I7G is compatible
    Info (176445): Device 10M16DAF484I7P is compatible
    Info (176445): Device 10M25DAF484A7G is compatible
    Info (176445): Device 10M25DAF484C7G is compatible
    Info (176445): Device 10M25DAF484I7G is compatible
    Info (176445): Device 10M50DAF484I7G is compatible
    Info (176445): Device 10M50DAF484I7P is compatible
    Info (176445): Device 10M40DAF484C7G is compatible
    Info (176445): Device 10M40DAF484I7G is compatible
Info (169124): Fitter converted 8 user pins into dedicated programming pins
    Info (169125): Pin ~ALTERA_TMS~ is reserved at location H2
    Info (169125): Pin ~ALTERA_TCK~ is reserved at location G2
    Info (169125): Pin ~ALTERA_TDI~ is reserved at location L4
    Info (169125): Pin ~ALTERA_TDO~ is reserved at location M5
    Info (169125): Pin ~ALTERA_CONFIG_SEL~ is reserved at location H10
    Info (169125): Pin ~ALTERA_nCONFIG~ is reserved at location H9
    Info (169125): Pin ~ALTERA_nSTATUS~ is reserved at location G9
    Info (169125): Pin ~ALTERA_CONF_DONE~ is reserved at location F8
Info (169141): DATA[0] dual-purpose pin not reserved
Info (12825): Data[1]/ASDO dual-purpose pin not reserved
Info (12825): nCSO dual-purpose pin not reserved
Info (12825): DCLK dual-purpose pin not reserved
Warning (15714): Some pins have incomplete I/O assignments. Refer to the I/O Assignment Warnings report for details
Info (176045): Design uses memory blocks. Violating setup or hold times of memory block address registers for either read or write operations could cause memory contents to be corrupted. Make sure that all memory block address registers meet the setup and hold time requirements.
Critical Warning (169085): No exact pin location assignment(s) for 120 pins of 120 total pins. For the list of pins please refer to the I/O Assignment Warnings table in the fitter report.
Critical Warning (332012): Synopsys Design Constraints File file not found: '/data/project/tsmc65/shared/qsyn/basic.sdc'. A Synopsys Design Constraints File is required by the Timing Analyzer to get proper timing constraints. Without it, the Compiler will not properly optimize the design.
Info (332144): No user constrained base clocks found in the design
Info (332143): No user constrained clock uncertainty found in the design. Calling "derive_clock_uncertainty"
Info (332154): The derive_clock_uncertainty command did not apply clock uncertainty to any clock-to-clock transfers.
Info (332130): Timing requirements not specified -- quality metrics such as performance may be sacrificed to reduce compilation time.
Info (176353): Automatically promoted node clk~input (placed in PIN M8 (CLK1n, DIFFIO_RX_L36n, DIFFOUT_L36n, High_Speed)) File: /data/project/tsmc65/shared/qsyn/qsyn_dummy_xlr_wrap/qsyn_dummy_xlr_wrap.sv Line: 7
    Info (176355): Automatically promoted destinations to use location or clock signal Global Clock CLKCTRL_G3
Info (176353): Automatically promoted node rst_n~input (placed in PIN M9 (CLK1p, DIFFIO_RX_L36p, DIFFOUT_L36p, High_Speed)) File: /data/project/tsmc65/shared/qsyn/qsyn_dummy_xlr_wrap/qsyn_dummy_xlr_wrap.sv Line: 8
    Info (176355): Automatically promoted destinations to use location or clock signal Global Clock CLKCTRL_G4
Info (176233): Starting register packing
Info (176235): Finished register packing
    Extra Info (176218): Packed 312 registers into blocks of type Embedded multiplier block
    Extra Info (176220): Created 216 register duplicates
Info (176214): Statistics of I/O pins that need to be placed that use the same VCCIO and VREF, before I/O pin placement
    Info (176211): Number of I/O pins in group: 118 (unused VREF, 2.5V VCCIO, 61 input, 57 output, 0 bidirectional)
        Info (176212): I/O standards used: 2.5 V.
Info (176215): I/O bank details before I/O pin placement
    Info (176214): Statistics of I/O banks
        Info (176213): I/O bank number 1A does not use VREF pins and has undetermined VCCIO pins. 0 total pin(s) used --  16 pins available
        Info (176213): I/O bank number 1B does not use VREF pins and has undetermined VCCIO pins. 4 total pin(s) used --  20 pins available
        Info (176213): I/O bank number 2 does not use VREF pins and has undetermined VCCIO pins. 2 total pin(s) used --  34 pins available
        Info (176213): I/O bank number 3 does not use VREF pins and has undetermined VCCIO pins. 0 total pin(s) used --  48 pins available
        Info (176213): I/O bank number 4 does not use VREF pins and has undetermined VCCIO pins. 0 total pin(s) used --  48 pins available
        Info (176213): I/O bank number 5 does not use VREF pins and has undetermined VCCIO pins. 0 total pin(s) used --  40 pins available
        Info (176213): I/O bank number 6 does not use VREF pins and has undetermined VCCIO pins. 0 total pin(s) used --  60 pins available
        Info (176213): I/O bank number 7 does not use VREF pins and has undetermined VCCIO pins. 0 total pin(s) used --  52 pins available
        Info (176213): I/O bank number 8 does not use VREF pins and has undetermined VCCIO pins. 4 total pin(s) used --  32 pins available
Info (171121): Fitter preparation operations ending: elapsed time is 00:00:04
Info (14896): Fitter has disabled Advanced Physical Optimization because it is not supported for the current family.
Info (170189): Fitter placement preparation operations beginning
Info (170190): Fitter placement preparation operations ending: elapsed time is 00:00:02
Info (170191): Fitter placement operations beginning
Info (170137): Fitter placement was successful
Info (170192): Fitter placement operations ending: elapsed time is 00:00:22
Info (170193): Fitter routing operations beginning
Info (170195): Router estimated average interconnect usage is 2% of the available device resources
    Info (170196): Router estimated peak interconnect usage is 28% of the available device resources in the region that extends from location X33_Y22 to location X44_Y32
Info (170199): The Fitter performed an Auto Fit compilation.  Optimizations were skipped to reduce compilation time.
    Info (170201): Optimizations that may affect the design's routability were skipped
Info (170194): Fitter routing operations ending: elapsed time is 00:00:10
Info (11888): Total time spent on timing analysis during the Fitter is 3.11 seconds.
Info (334003): Started post-fitting delay annotation
Info (334004): Delay annotation completed successfully
Info (334003): Started post-fitting delay annotation
Info (334004): Delay annotation completed successfully
Info (11218): Fitter post-fit operations ending: elapsed time is 00:00:14
Info (144001): Generated suppressed messages file /project/tsmc65/users/steinse/ws/my_k5_proj/hw/xlrs/LayerNorm/qsyn_output_files/LayerNorm.fit.smsg
Info: Quartus Prime Fitter was successful. 0 errors, 4 warnings
    Info: Peak virtual memory: 1018 megabytes
    Info: Processing ended: Thu Jul  9 18:07:57 2026
    Info: Elapsed time: 00:01:09
    Info: Total CPU time (on all processors): 00:01:08


+----------------------------+
; Fitter Suppressed Messages ;
+----------------------------+
The suppressed messages can be found in /project/tsmc65/users/steinse/ws/my_k5_proj/hw/xlrs/LayerNorm/qsyn_output_files/LayerNorm.fit.smsg.


