Analysis & Synthesis report for LayerNorm
Thu Jul  9 18:06:47 2026
Quartus Prime Version 24.1std.0 Build 1077 03/04/2025 SC Lite Edition


---------------------
; Table of Contents ;
---------------------
  1. Legal Notice
  2. Analysis & Synthesis Summary
  3. Analysis & Synthesis Settings
  4. Parallel Compilation
  5. Analysis & Synthesis Source Files Read
  6. Analysis & Synthesis Resource Usage Summary
  7. Analysis & Synthesis Resource Utilization by Entity
  8. Analysis & Synthesis RAM Summary
  9. Analysis & Synthesis DSP Block Usage Summary
 10. State Machine - |qsyn_dummy_xlr_wrap|LayerNorm:LayerNorm|state
 11. State Machine - |qsyn_dummy_xlr_wrap|LayerNorm:LayerNorm|affine_stage:i_affine_stage|state
 12. State Machine - |qsyn_dummy_xlr_wrap|LayerNorm:LayerNorm|preprocess_stage:i_preprocess_stage|state
 13. State Machine - |qsyn_dummy_xlr_wrap|LayerNorm:LayerNorm|ex_ex2_stage:i_ex_ex2_stage|state
 14. State Machine - |qsyn_dummy_xlr_wrap|LayerNorm:LayerNorm|zp_stage:i_zp_stage|state
 15. Registers Removed During Synthesis
 16. Removed Registers Triggering Further Register Optimizations
 17. General Register Statistics
 18. Inverted Register Statistics
 19. Registers Packed Into Inferred Megafunctions
 20. Multiplexer Restructuring Statistics (Restructuring Performed)
 21. Source assignments for LayerNorm:LayerNorm|affine_stage:i_affine_stage|altshift_taps:p2_b_s_rtl_0|shift_taps_2vl:auto_generated|altsyncram_jj51:altsyncram4
 22. Parameter Settings for User Entity Instance: mem_intf_read:mem_intf_read
 23. Parameter Settings for User Entity Instance: mem_intf_write:mem_intf_write
 24. Parameter Settings for User Entity Instance: LayerNorm:LayerNorm|ex_ex2_stage:i_ex_ex2_stage
 25. Parameter Settings for User Entity Instance: LayerNorm:LayerNorm|affine_stage:i_affine_stage
 26. Parameter Settings for Inferred Entity Instance: LayerNorm:LayerNorm|affine_stage:i_affine_stage|altshift_taps:p2_b_s_rtl_0
 27. Parameter Settings for Inferred Entity Instance: LayerNorm:LayerNorm|preprocess_stage:i_preprocess_stage|lpm_mult:Mult2
 28. Parameter Settings for Inferred Entity Instance: LayerNorm:LayerNorm|preprocess_stage:i_preprocess_stage|lpm_mult:Mult1
 29. Parameter Settings for Inferred Entity Instance: LayerNorm:LayerNorm|preprocess_stage:i_preprocess_stage|lpm_mult:Mult0
 30. Parameter Settings for Inferred Entity Instance: LayerNorm:LayerNorm|affine_stage:i_affine_stage|lpm_mult:Mult1
 31. Parameter Settings for Inferred Entity Instance: LayerNorm:LayerNorm|affine_stage:i_affine_stage|lpm_mult:Mult0
 32. altshift_taps Parameter Settings by Entity Instance
 33. lpm_mult Parameter Settings by Entity Instance
 34. Port Connectivity Checks: "LayerNorm:LayerNorm|affine_stage:i_affine_stage"
 35. Port Connectivity Checks: "LayerNorm:LayerNorm|preprocess_stage:i_preprocess_stage"
 36. Port Connectivity Checks: "LayerNorm:LayerNorm|ex_ex2_stage:i_ex_ex2_stage"
 37. Port Connectivity Checks: "LayerNorm:LayerNorm|zp_stage:i_zp_stage"
 38. Post-Synthesis Netlist Statistics for Top Partition
 39. Elapsed Time Per Partition
 40. Analysis & Synthesis Messages
 41. Analysis & Synthesis Suppressed Messages



----------------
; Legal Notice ;
----------------
Copyright (C) 2025  Altera Corporation. All rights reserved.
Your use of Altera Corporation's design tools, logic functions 
and other software and tools, and any partner logic 
functions, and any output files from any of the foregoing 
(including device programming or simulation files), and any 
associated documentation or information are expressly subject 
to the terms and conditions of the Altera Program License 
Subscription Agreement, the Altera Quartus Prime License Agreement,
the Altera IP License Agreement, or other applicable license
agreement, including, without limitation, that your use is for
the sole purpose of programming logic devices manufactured by
Altera and sold by Altera or its authorized distributors.  Please
refer to the Altera Software License Subscription Agreements 
on the Quartus Prime software download page.



+--------------------------------------------------------------------------------------+
; Analysis & Synthesis Summary                                                         ;
+------------------------------------+-------------------------------------------------+
; Analysis & Synthesis Status        ; Successful - Thu Jul  9 18:06:47 2026           ;
; Quartus Prime Version              ; 24.1std.0 Build 1077 03/04/2025 SC Lite Edition ;
; Revision Name                      ; LayerNorm                                       ;
; Top-level Entity Name              ; qsyn_dummy_xlr_wrap                             ;
; Family                             ; MAX 10                                          ;
; Total logic elements               ; 5,878                                           ;
;     Total combinational functions  ; 3,690                                           ;
;     Dedicated logic registers      ; 2,819                                           ;
; Total registers                    ; 2819                                            ;
; Total pins                         ; 120                                             ;
; Total virtual pins                 ; 0                                               ;
; Total memory bits                  ; 96                                              ;
; Embedded Multiplier 9-bit elements ; 34                                              ;
; Total PLLs                         ; 0                                               ;
; UFM blocks                         ; 0                                               ;
; ADC blocks                         ; 0                                               ;
+------------------------------------+-------------------------------------------------+


+-------------------------------------------------------------------------------------------------------------+
; Analysis & Synthesis Settings                                                                               ;
+------------------------------------------------------------------+---------------------+--------------------+
; Option                                                           ; Setting             ; Default Value      ;
+------------------------------------------------------------------+---------------------+--------------------+
; Device                                                           ; 10M50DAF484C7G      ;                    ;
; Top-level entity name                                            ; qsyn_dummy_xlr_wrap ; LayerNorm          ;
; Family name                                                      ; MAX 10              ; Cyclone V          ;
; Maximum processors allowed for parallel compilation              ; 1                   ;                    ;
; Use smart compilation                                            ; Off                 ; Off                ;
; Enable parallel Assembler and Timing Analyzer during compilation ; On                  ; On                 ;
; Enable compact report table                                      ; Off                 ; Off                ;
; Restructure Multiplexers                                         ; Auto                ; Auto               ;
; Create Debugging Nodes for IP Cores                              ; Off                 ; Off                ;
; Preserve fewer node names                                        ; On                  ; On                 ;
; Intel FPGA IP Evaluation Mode                                    ; Enable              ; Enable             ;
; Verilog Version                                                  ; Verilog_2001        ; Verilog_2001       ;
; VHDL Version                                                     ; VHDL_1993           ; VHDL_1993          ;
; State Machine Processing                                         ; Auto                ; Auto               ;
; Safe State Machine                                               ; Off                 ; Off                ;
; Extract Verilog State Machines                                   ; On                  ; On                 ;
; Extract VHDL State Machines                                      ; On                  ; On                 ;
; Ignore Verilog initial constructs                                ; Off                 ; Off                ;
; Iteration limit for constant Verilog loops                       ; 5000                ; 5000               ;
; Iteration limit for non-constant Verilog loops                   ; 250                 ; 250                ;
; Add Pass-Through Logic to Inferred RAMs                          ; On                  ; On                 ;
; Infer RAMs from Raw Logic                                        ; On                  ; On                 ;
; Parallel Synthesis                                               ; On                  ; On                 ;
; DSP Block Balancing                                              ; Auto                ; Auto               ;
; NOT Gate Push-Back                                               ; On                  ; On                 ;
; Power-Up Don't Care                                              ; On                  ; On                 ;
; Remove Redundant Logic Cells                                     ; Off                 ; Off                ;
; Remove Duplicate Registers                                       ; On                  ; On                 ;
; Ignore CARRY Buffers                                             ; Off                 ; Off                ;
; Ignore CASCADE Buffers                                           ; Off                 ; Off                ;
; Ignore GLOBAL Buffers                                            ; Off                 ; Off                ;
; Ignore ROW GLOBAL Buffers                                        ; Off                 ; Off                ;
; Ignore LCELL Buffers                                             ; Off                 ; Off                ;
; Ignore SOFT Buffers                                              ; On                  ; On                 ;
; Limit AHDL Integers to 32 Bits                                   ; Off                 ; Off                ;
; Optimization Technique                                           ; Balanced            ; Balanced           ;
; Carry Chain Length                                               ; 70                  ; 70                 ;
; Auto Carry Chains                                                ; On                  ; On                 ;
; Auto Open-Drain Pins                                             ; On                  ; On                 ;
; Perform WYSIWYG Primitive Resynthesis                            ; Off                 ; Off                ;
; Auto ROM Replacement                                             ; On                  ; On                 ;
; Auto RAM Replacement                                             ; On                  ; On                 ;
; Auto DSP Block Replacement                                       ; On                  ; On                 ;
; Auto Shift Register Replacement                                  ; Auto                ; Auto               ;
; Allow Shift Register Merging across Hierarchies                  ; Auto                ; Auto               ;
; Auto Clock Enable Replacement                                    ; On                  ; On                 ;
; Strict RAM Replacement                                           ; Off                 ; Off                ;
; Allow Synchronous Control Signals                                ; On                  ; On                 ;
; Force Use of Synchronous Clear Signals                           ; Off                 ; Off                ;
; Auto RAM Block Balancing                                         ; On                  ; On                 ;
; Auto RAM to Logic Cell Conversion                                ; Off                 ; Off                ;
; Auto Resource Sharing                                            ; Off                 ; Off                ;
; Allow Any RAM Size For Recognition                               ; Off                 ; Off                ;
; Allow Any ROM Size For Recognition                               ; Off                 ; Off                ;
; Allow Any Shift Register Size For Recognition                    ; Off                 ; Off                ;
; Use LogicLock Constraints during Resource Balancing              ; On                  ; On                 ;
; Ignore translate_off and synthesis_off directives                ; Off                 ; Off                ;
; Timing-Driven Synthesis                                          ; On                  ; On                 ;
; Report Parameter Settings                                        ; On                  ; On                 ;
; Report Source Assignments                                        ; On                  ; On                 ;
; Report Connectivity Checks                                       ; On                  ; On                 ;
; Ignore Maximum Fan-Out Assignments                               ; Off                 ; Off                ;
; Synchronization Register Chain Length                            ; 2                   ; 2                  ;
; Power Optimization During Synthesis                              ; Normal compilation  ; Normal compilation ;
; HDL message level                                                ; Level2              ; Level2             ;
; Suppress Register Optimization Related Messages                  ; Off                 ; Off                ;
; Number of Removed Registers Reported in Synthesis Report         ; 5000                ; 5000               ;
; Number of Swept Nodes Reported in Synthesis Report               ; 5000                ; 5000               ;
; Number of Inverted Registers Reported in Synthesis Report        ; 100                 ; 100                ;
; Clock MUX Protection                                             ; On                  ; On                 ;
; Auto Gated Clock Conversion                                      ; Off                 ; Off                ;
; Block Design Naming                                              ; Auto                ; Auto               ;
; SDC constraint protection                                        ; Off                 ; Off                ;
; Synthesis Effort                                                 ; Auto                ; Auto               ;
; Shift Register Replacement - Allow Asynchronous Clear Signal     ; On                  ; On                 ;
; Pre-Mapping Resynthesis Optimization                             ; Off                 ; Off                ;
; Analysis & Synthesis Message Level                               ; Medium              ; Medium             ;
; Disable Register Merging Across Hierarchies                      ; Auto                ; Auto               ;
; Resource Aware Inference For Block RAM                           ; On                  ; On                 ;
+------------------------------------------------------------------+---------------------+--------------------+


Parallel compilation was disabled, but you have multiple processors available. Enable parallel compilation to reduce compilation time.
+-------------------------------------+
; Parallel Compilation                ;
+----------------------------+--------+
; Processors                 ; Number ;
+----------------------------+--------+
; Number detected on machine ; 2      ;
; Maximum allowed            ; 1      ;
+----------------------------+--------+


+------------------------------------------------------------------------------------------------------------------------------------------------------------------------------------------------------------------------------------------------------------------------+
; Analysis & Synthesis Source Files Read                                                                                                                                                                                                                                 ;
+--------------------------------------------------------------------------------------+-----------------+------------------------------+----------------------------------------------------------------------------------------------------------------------+---------+
; File Name with User-Entered Path                                                     ; Used in Netlist ; File Type                    ; File Name with Absolute Path                                                                                         ; Library ;
+--------------------------------------------------------------------------------------+-----------------+------------------------------+----------------------------------------------------------------------------------------------------------------------+---------+
; ../../../../../../../shared/k5_share/k5_xbox/hw/xbox/xbox_def_pkg.sv                 ; yes             ; User SystemVerilog HDL File  ; /project/tsmc65/shared/k5_share/k5_xbox/hw/xbox/xbox_def_pkg.sv                                                      ;         ;
; ../../../../../../../shared/k5_share/k5_xbox/hw/xbox/xbox_xlrs/mem/mem_intf_read.sv  ; yes             ; User SystemVerilog HDL File  ; /project/tsmc65/shared/k5_share/k5_xbox/hw/xbox/xbox_xlrs/mem/mem_intf_read.sv                                       ;         ;
; ../../../../../../../shared/k5_share/k5_xbox/hw/xbox/xbox_xlrs/mem/mem_intf_write.sv ; yes             ; User SystemVerilog HDL File  ; /project/tsmc65/shared/k5_share/k5_xbox/hw/xbox/xbox_xlrs/mem/mem_intf_write.sv                                      ;         ;
; /data/project/tsmc65/shared/qsyn/qsyn_dummy_xlr_wrap/qsyn_dummy_xlr_wrap.sv          ; yes             ; User SystemVerilog HDL File  ; /data/project/tsmc65/shared/qsyn/qsyn_dummy_xlr_wrap/qsyn_dummy_xlr_wrap.sv                                          ;         ;
; /data/project/tsmc65/users/steinse/ws/my_k5_proj/hw/xlrs/LayerNorm/LayerNorm.sv      ; yes             ; User SystemVerilog HDL File  ; /data/project/tsmc65/users/steinse/ws/my_k5_proj/hw/xlrs/LayerNorm/LayerNorm.sv                                      ;         ;
; /data/project/tsmc65/users/steinse/ws/my_k5_proj/hw/xlrs/LayerNorm/zp.sv             ; yes             ; User SystemVerilog HDL File  ; /data/project/tsmc65/users/steinse/ws/my_k5_proj/hw/xlrs/LayerNorm/zp.sv                                             ;         ;
; /data/project/tsmc65/users/steinse/ws/my_k5_proj/hw/xlrs/LayerNorm/ex_ex2.sv         ; yes             ; User SystemVerilog HDL File  ; /data/project/tsmc65/users/steinse/ws/my_k5_proj/hw/xlrs/LayerNorm/ex_ex2.sv                                         ;         ;
; /data/project/tsmc65/users/steinse/ws/my_k5_proj/hw/xlrs/LayerNorm/PreProcess.sv     ; yes             ; User SystemVerilog HDL File  ; /data/project/tsmc65/users/steinse/ws/my_k5_proj/hw/xlrs/LayerNorm/PreProcess.sv                                     ;         ;
; /data/project/tsmc65/users/steinse/ws/my_k5_proj/hw/xlrs/LayerNorm/Affine.sv         ; yes             ; User SystemVerilog HDL File  ; /data/project/tsmc65/users/steinse/ws/my_k5_proj/hw/xlrs/LayerNorm/Affine.sv                                         ;         ;
; altshift_taps.tdf                                                                    ; yes             ; Megafunction                 ; /data/project/tsmc65/shared/quartus_install/intelFPGA_lite/24.1std/quartus/libraries/megafunctions/altshift_taps.tdf ;         ;
; altdpram.inc                                                                         ; yes             ; Megafunction                 ; /data/project/tsmc65/shared/quartus_install/intelFPGA_lite/24.1std/quartus/libraries/megafunctions/altdpram.inc      ;         ;
; lpm_counter.inc                                                                      ; yes             ; Megafunction                 ; /data/project/tsmc65/shared/quartus_install/intelFPGA_lite/24.1std/quartus/libraries/megafunctions/lpm_counter.inc   ;         ;
; lpm_compare.inc                                                                      ; yes             ; Megafunction                 ; /data/project/tsmc65/shared/quartus_install/intelFPGA_lite/24.1std/quartus/libraries/megafunctions/lpm_compare.inc   ;         ;
; lpm_constant.inc                                                                     ; yes             ; Megafunction                 ; /data/project/tsmc65/shared/quartus_install/intelFPGA_lite/24.1std/quartus/libraries/megafunctions/lpm_constant.inc  ;         ;
; db/shift_taps_2vl.tdf                                                                ; yes             ; Auto-Generated Megafunction  ; /project/tsmc65/users/steinse/ws/my_k5_proj/hw/xlrs/LayerNorm/db/shift_taps_2vl.tdf                                  ;         ;
; db/altsyncram_jj51.tdf                                                               ; yes             ; Auto-Generated Megafunction  ; /project/tsmc65/users/steinse/ws/my_k5_proj/hw/xlrs/LayerNorm/db/altsyncram_jj51.tdf                                 ;         ;
; db/add_sub_oed.tdf                                                                   ; yes             ; Auto-Generated Megafunction  ; /project/tsmc65/users/steinse/ws/my_k5_proj/hw/xlrs/LayerNorm/db/add_sub_oed.tdf                                     ;         ;
; db/cntr_s3f.tdf                                                                      ; yes             ; Auto-Generated Megafunction  ; /project/tsmc65/users/steinse/ws/my_k5_proj/hw/xlrs/LayerNorm/db/cntr_s3f.tdf                                        ;         ;
; db/cmpr_erb.tdf                                                                      ; yes             ; Auto-Generated Megafunction  ; /project/tsmc65/users/steinse/ws/my_k5_proj/hw/xlrs/LayerNorm/db/cmpr_erb.tdf                                        ;         ;
; db/cntr_fjg.tdf                                                                      ; yes             ; Auto-Generated Megafunction  ; /project/tsmc65/users/steinse/ws/my_k5_proj/hw/xlrs/LayerNorm/db/cntr_fjg.tdf                                        ;         ;
; lpm_mult.tdf                                                                         ; yes             ; Megafunction                 ; /data/project/tsmc65/shared/quartus_install/intelFPGA_lite/24.1std/quartus/libraries/megafunctions/lpm_mult.tdf      ;         ;
; aglobal241.inc                                                                       ; yes             ; Megafunction                 ; /data/project/tsmc65/shared/quartus_install/intelFPGA_lite/24.1std/quartus/libraries/megafunctions/aglobal241.inc    ;         ;
; lpm_add_sub.inc                                                                      ; yes             ; Megafunction                 ; /data/project/tsmc65/shared/quartus_install/intelFPGA_lite/24.1std/quartus/libraries/megafunctions/lpm_add_sub.inc   ;         ;
; multcore.inc                                                                         ; yes             ; Megafunction                 ; /data/project/tsmc65/shared/quartus_install/intelFPGA_lite/24.1std/quartus/libraries/megafunctions/multcore.inc      ;         ;
; bypassff.inc                                                                         ; yes             ; Megafunction                 ; /data/project/tsmc65/shared/quartus_install/intelFPGA_lite/24.1std/quartus/libraries/megafunctions/bypassff.inc      ;         ;
; altshift.inc                                                                         ; yes             ; Megafunction                 ; /data/project/tsmc65/shared/quartus_install/intelFPGA_lite/24.1std/quartus/libraries/megafunctions/altshift.inc      ;         ;
; db/mult_tgs.tdf                                                                      ; yes             ; Auto-Generated Megafunction  ; /project/tsmc65/users/steinse/ws/my_k5_proj/hw/xlrs/LayerNorm/db/mult_tgs.tdf                                        ;         ;
; db/mult_irs.tdf                                                                      ; yes             ; Auto-Generated Megafunction  ; /project/tsmc65/users/steinse/ws/my_k5_proj/hw/xlrs/LayerNorm/db/mult_irs.tdf                                        ;         ;
; db/mult_jrs.tdf                                                                      ; yes             ; Auto-Generated Megafunction  ; /project/tsmc65/users/steinse/ws/my_k5_proj/hw/xlrs/LayerNorm/db/mult_jrs.tdf                                        ;         ;
; db/mult_qgs.tdf                                                                      ; yes             ; Auto-Generated Megafunction  ; /project/tsmc65/users/steinse/ws/my_k5_proj/hw/xlrs/LayerNorm/db/mult_qgs.tdf                                        ;         ;
; db/mult_0hs.tdf                                                                      ; yes             ; Auto-Generated Megafunction  ; /project/tsmc65/users/steinse/ws/my_k5_proj/hw/xlrs/LayerNorm/db/mult_0hs.tdf                                        ;         ;
+--------------------------------------------------------------------------------------+-----------------+------------------------------+----------------------------------------------------------------------------------------------------------------------+---------+


+---------------------------------------------------------+
; Analysis & Synthesis Resource Usage Summary             ;
+---------------------------------------------+-----------+
; Resource                                    ; Usage     ;
+---------------------------------------------+-----------+
; Estimated Total logic elements              ; 5,878     ;
;                                             ;           ;
; Total combinational functions               ; 3690      ;
; Logic element usage by number of LUT inputs ;           ;
;     -- 4 input functions                    ; 1732      ;
;     -- 3 input functions                    ; 1485      ;
;     -- <=2 input functions                  ; 473       ;
;                                             ;           ;
; Logic elements by mode                      ;           ;
;     -- normal mode                          ; 2639      ;
;     -- arithmetic mode                      ; 1051      ;
;                                             ;           ;
; Total registers                             ; 2819      ;
;     -- Dedicated logic registers            ; 2819      ;
;     -- I/O registers                        ; 0         ;
;                                             ;           ;
; I/O pins                                    ; 120       ;
; Total memory bits                           ; 96        ;
;                                             ;           ;
; Embedded Multiplier 9-bit elements          ; 34        ;
;                                             ;           ;
; Maximum fan-out node                        ; clk~input ;
; Maximum fan-out                             ; 2851      ;
; Total fan-out                               ; 23852     ;
; Average fan-out                             ; 3.50      ;
+---------------------------------------------+-----------+


+----------------------------------------------------------------------------------------------------------------------------------------------------------------------------------------------------------------------------------------------------------------------------------------------------------------------------------------------------------------------------------------------------+
; Analysis & Synthesis Resource Utilization by Entity                                                                                                                                                                                                                                                                                                                                                ;
+----------------------------------------------+---------------------+---------------------------+-------------+------------+--------------+---------+-----------+------+--------------+------------+-----------------------------------------------------------------------------------------------------------------------------------------------------------+---------------------+--------------+
; Compilation Hierarchy Node                   ; Combinational ALUTs ; Dedicated Logic Registers ; Memory Bits ; UFM Blocks ; DSP Elements ; DSP 9x9 ; DSP 18x18 ; Pins ; Virtual Pins ; ADC blocks ; Full Hierarchy Name                                                                                                                                       ; Entity Name         ; Library Name ;
+----------------------------------------------+---------------------+---------------------------+-------------+------------+--------------+---------+-----------+------+--------------+------------+-----------------------------------------------------------------------------------------------------------------------------------------------------------+---------------------+--------------+
; |qsyn_dummy_xlr_wrap                         ; 3690 (532)          ; 2819 (397)                ; 96          ; 0          ; 34           ; 0       ; 17        ; 120  ; 0            ; 0          ; |qsyn_dummy_xlr_wrap                                                                                                                                      ; qsyn_dummy_xlr_wrap ; work         ;
;    |LayerNorm:LayerNorm|                     ; 3158 (169)          ; 2422 (87)                 ; 96          ; 0          ; 34           ; 0       ; 17        ; 0    ; 0            ; 0          ; |qsyn_dummy_xlr_wrap|LayerNorm:LayerNorm                                                                                                                  ; LayerNorm           ; work         ;
;       |affine_stage:i_affine_stage|          ; 1299 (1262)         ; 1579 (1573)               ; 96          ; 0          ; 12           ; 0       ; 6         ; 0    ; 0            ; 0          ; |qsyn_dummy_xlr_wrap|LayerNorm:LayerNorm|affine_stage:i_affine_stage                                                                                      ; affine_stage        ; work         ;
;          |altshift_taps:p2_b_s_rtl_0|        ; 9 (0)               ; 6 (0)                     ; 96          ; 0          ; 0            ; 0       ; 0         ; 0    ; 0            ; 0          ; |qsyn_dummy_xlr_wrap|LayerNorm:LayerNorm|affine_stage:i_affine_stage|altshift_taps:p2_b_s_rtl_0                                                           ; altshift_taps       ; work         ;
;             |shift_taps_2vl:auto_generated|  ; 9 (2)               ; 6 (3)                     ; 96          ; 0          ; 0            ; 0       ; 0         ; 0    ; 0            ; 0          ; |qsyn_dummy_xlr_wrap|LayerNorm:LayerNorm|affine_stage:i_affine_stage|altshift_taps:p2_b_s_rtl_0|shift_taps_2vl:auto_generated                             ; shift_taps_2vl      ; work         ;
;                |altsyncram_jj51:altsyncram4| ; 0 (0)               ; 0 (0)                     ; 96          ; 0          ; 0            ; 0       ; 0         ; 0    ; 0            ; 0          ; |qsyn_dummy_xlr_wrap|LayerNorm:LayerNorm|affine_stage:i_affine_stage|altshift_taps:p2_b_s_rtl_0|shift_taps_2vl:auto_generated|altsyncram_jj51:altsyncram4 ; altsyncram_jj51     ; work         ;
;                |cntr_fjg:cntr5|              ; 2 (2)               ; 1 (1)                     ; 0           ; 0          ; 0            ; 0       ; 0         ; 0    ; 0            ; 0          ; |qsyn_dummy_xlr_wrap|LayerNorm:LayerNorm|affine_stage:i_affine_stage|altshift_taps:p2_b_s_rtl_0|shift_taps_2vl:auto_generated|cntr_fjg:cntr5              ; cntr_fjg            ; work         ;
;                |cntr_s3f:cntr1|              ; 5 (5)               ; 2 (2)                     ; 0           ; 0          ; 0            ; 0       ; 0         ; 0    ; 0            ; 0          ; |qsyn_dummy_xlr_wrap|LayerNorm:LayerNorm|affine_stage:i_affine_stage|altshift_taps:p2_b_s_rtl_0|shift_taps_2vl:auto_generated|cntr_s3f:cntr1              ; cntr_s3f            ; work         ;
;          |lpm_mult:Mult0|                    ; 0 (0)               ; 0 (0)                     ; 0           ; 0          ; 4            ; 0       ; 2         ; 0    ; 0            ; 0          ; |qsyn_dummy_xlr_wrap|LayerNorm:LayerNorm|affine_stage:i_affine_stage|lpm_mult:Mult0                                                                       ; lpm_mult            ; work         ;
;             |mult_0hs:auto_generated|        ; 0 (0)               ; 0 (0)                     ; 0           ; 0          ; 4            ; 0       ; 2         ; 0    ; 0            ; 0          ; |qsyn_dummy_xlr_wrap|LayerNorm:LayerNorm|affine_stage:i_affine_stage|lpm_mult:Mult0|mult_0hs:auto_generated                                               ; mult_0hs            ; work         ;
;          |lpm_mult:Mult1|                    ; 28 (0)              ; 0 (0)                     ; 0           ; 0          ; 8            ; 0       ; 4         ; 0    ; 0            ; 0          ; |qsyn_dummy_xlr_wrap|LayerNorm:LayerNorm|affine_stage:i_affine_stage|lpm_mult:Mult1                                                                       ; lpm_mult            ; work         ;
;             |mult_qgs:auto_generated|        ; 28 (28)             ; 0 (0)                     ; 0           ; 0          ; 8            ; 0       ; 4         ; 0    ; 0            ; 0          ; |qsyn_dummy_xlr_wrap|LayerNorm:LayerNorm|affine_stage:i_affine_stage|lpm_mult:Mult1|mult_qgs:auto_generated                                               ; mult_qgs            ; work         ;
;       |ex_ex2_stage:i_ex_ex2_stage|          ; 1325 (1325)         ; 600 (600)                 ; 0           ; 0          ; 0            ; 0       ; 0         ; 0    ; 0            ; 0          ; |qsyn_dummy_xlr_wrap|LayerNorm:LayerNorm|ex_ex2_stage:i_ex_ex2_stage                                                                                      ; ex_ex2_stage        ; work         ;
;       |preprocess_stage:i_preprocess_stage|  ; 345 (171)           ; 72 (72)                   ; 0           ; 0          ; 22           ; 0       ; 11        ; 0    ; 0            ; 0          ; |qsyn_dummy_xlr_wrap|LayerNorm:LayerNorm|preprocess_stage:i_preprocess_stage                                                                              ; preprocess_stage    ; work         ;
;          |lpm_mult:Mult0|                    ; 71 (0)              ; 0 (0)                     ; 0           ; 0          ; 8            ; 0       ; 4         ; 0    ; 0            ; 0          ; |qsyn_dummy_xlr_wrap|LayerNorm:LayerNorm|preprocess_stage:i_preprocess_stage|lpm_mult:Mult0                                                               ; lpm_mult            ; work         ;
;             |mult_jrs:auto_generated|        ; 71 (71)             ; 0 (0)                     ; 0           ; 0          ; 8            ; 0       ; 4         ; 0    ; 0            ; 0          ; |qsyn_dummy_xlr_wrap|LayerNorm:LayerNorm|preprocess_stage:i_preprocess_stage|lpm_mult:Mult0|mult_jrs:auto_generated                                       ; mult_jrs            ; work         ;
;          |lpm_mult:Mult1|                    ; 75 (0)              ; 0 (0)                     ; 0           ; 0          ; 8            ; 0       ; 4         ; 0    ; 0            ; 0          ; |qsyn_dummy_xlr_wrap|LayerNorm:LayerNorm|preprocess_stage:i_preprocess_stage|lpm_mult:Mult1                                                               ; lpm_mult            ; work         ;
;             |mult_irs:auto_generated|        ; 75 (75)             ; 0 (0)                     ; 0           ; 0          ; 8            ; 0       ; 4         ; 0    ; 0            ; 0          ; |qsyn_dummy_xlr_wrap|LayerNorm:LayerNorm|preprocess_stage:i_preprocess_stage|lpm_mult:Mult1|mult_irs:auto_generated                                       ; mult_irs            ; work         ;
;          |lpm_mult:Mult2|                    ; 28 (0)              ; 0 (0)                     ; 0           ; 0          ; 6            ; 0       ; 3         ; 0    ; 0            ; 0          ; |qsyn_dummy_xlr_wrap|LayerNorm:LayerNorm|preprocess_stage:i_preprocess_stage|lpm_mult:Mult2                                                               ; lpm_mult            ; work         ;
;             |mult_tgs:auto_generated|        ; 28 (28)             ; 0 (0)                     ; 0           ; 0          ; 6            ; 0       ; 3         ; 0    ; 0            ; 0          ; |qsyn_dummy_xlr_wrap|LayerNorm:LayerNorm|preprocess_stage:i_preprocess_stage|lpm_mult:Mult2|mult_tgs:auto_generated                                       ; mult_tgs            ; work         ;
;       |zp_stage:i_zp_stage|                  ; 20 (20)             ; 84 (84)                   ; 0           ; 0          ; 0            ; 0       ; 0         ; 0    ; 0            ; 0          ; |qsyn_dummy_xlr_wrap|LayerNorm:LayerNorm|zp_stage:i_zp_stage                                                                                              ; zp_stage            ; work         ;
+----------------------------------------------+---------------------+---------------------------+-------------+------------+--------------+---------+-----------+------+--------------+------------+-----------------------------------------------------------------------------------------------------------------------------------------------------------+---------------------+--------------+
Note: For table entries with two numbers listed, the numbers in parentheses indicate the number of resources of the given type used by the specific entity alone. The numbers listed outside of parentheses indicate the total resources of the given type used by the specific entity and all of its sub-entities in the hierarchy.


+-----------------------------------------------------------------------------------------------------------------------------------------------------------------------------------------------------------------------------------------------------+
; Analysis & Synthesis RAM Summary                                                                                                                                                                                                                    ;
+-------------------------------------------------------------------------------------------------------------------------------------------------+------+------------------+--------------+--------------+--------------+--------------+------+------+
; Name                                                                                                                                            ; Type ; Mode             ; Port A Depth ; Port A Width ; Port B Depth ; Port B Width ; Size ; MIF  ;
+-------------------------------------------------------------------------------------------------------------------------------------------------+------+------------------+--------------+--------------+--------------+--------------+------+------+
; LayerNorm:LayerNorm|affine_stage:i_affine_stage|altshift_taps:p2_b_s_rtl_0|shift_taps_2vl:auto_generated|altsyncram_jj51:altsyncram4|ALTSYNCRAM ; AUTO ; Simple Dual Port ; 3            ; 32           ; 3            ; 32           ; 96   ; None ;
+-------------------------------------------------------------------------------------------------------------------------------------------------+------+------------------+--------------+--------------+--------------+--------------+------+------+


+-----------------------------------------------------+
; Analysis & Synthesis DSP Block Usage Summary        ;
+---------------------------------------+-------------+
; Statistic                             ; Number Used ;
+---------------------------------------+-------------+
; Simple Multipliers (9-bit)            ; 0           ;
; Simple Multipliers (18-bit)           ; 17          ;
; Embedded Multiplier Blocks            ; --          ;
; Embedded Multiplier 9-bit elements    ; 34          ;
; Signed Embedded Multipliers           ; 2           ;
; Unsigned Embedded Multipliers         ; 10          ;
; Mixed Sign Embedded Multipliers       ; 5           ;
; Variable Sign Embedded Multipliers    ; 0           ;
; Dedicated Input Shift Register Chains ; 0           ;
+---------------------------------------+-------------+
Note: number of Embedded Multiplier Blocks used is only available after a successful fit.


Encoding Type:  One-Hot
+--------------------------------------------------------------------------------------------------------+
; State Machine - |qsyn_dummy_xlr_wrap|LayerNorm:LayerNorm|state                                         ;
+------------------+------------+--------------+------------------+--------------+----------+------------+
; Name             ; state.DONE ; state.AFFINE ; state.PREPROCESS ; state.EX_EX2 ; state.ZP ; state.IDLE ;
+------------------+------------+--------------+------------------+--------------+----------+------------+
; state.IDLE       ; 0          ; 0            ; 0                ; 0            ; 0        ; 0          ;
; state.ZP         ; 0          ; 0            ; 0                ; 0            ; 1        ; 1          ;
; state.EX_EX2     ; 0          ; 0            ; 0                ; 1            ; 0        ; 1          ;
; state.PREPROCESS ; 0          ; 0            ; 1                ; 0            ; 0        ; 1          ;
; state.AFFINE     ; 0          ; 1            ; 0                ; 0            ; 0        ; 1          ;
; state.DONE       ; 1          ; 0            ; 0                ; 0            ; 0        ; 1          ;
+------------------+------------+--------------+------------------+--------------+----------+------------+


Encoding Type:  One-Hot
+---------------------------------------------------------------------------------------------------------------------------------------------------+
; State Machine - |qsyn_dummy_xlr_wrap|LayerNorm:LayerNorm|affine_stage:i_affine_stage|state                                                        ;
+-----------------+---------------+-----------------+---------------+----------------+---------------+----------------+----------------+------------+
; Name            ; state.DONE_ST ; state.WR_OUTPUT ; state.PROCESS ; state.RD_INPUT ; state.RD_BETA ; state.RD_GAMMA ; state.RD_ALPHA ; state.IDLE ;
+-----------------+---------------+-----------------+---------------+----------------+---------------+----------------+----------------+------------+
; state.IDLE      ; 0             ; 0               ; 0             ; 0              ; 0             ; 0              ; 0              ; 0          ;
; state.RD_ALPHA  ; 0             ; 0               ; 0             ; 0              ; 0             ; 0              ; 1              ; 1          ;
; state.RD_GAMMA  ; 0             ; 0               ; 0             ; 0              ; 0             ; 1              ; 0              ; 1          ;
; state.RD_BETA   ; 0             ; 0               ; 0             ; 0              ; 1             ; 0              ; 0              ; 1          ;
; state.RD_INPUT  ; 0             ; 0               ; 0             ; 1              ; 0             ; 0              ; 0              ; 1          ;
; state.PROCESS   ; 0             ; 0               ; 1             ; 0              ; 0             ; 0              ; 0              ; 1          ;
; state.WR_OUTPUT ; 0             ; 1               ; 0             ; 0              ; 0             ; 0              ; 0              ; 1          ;
; state.DONE_ST   ; 1             ; 0               ; 0             ; 0              ; 0             ; 0              ; 0              ; 1          ;
+-----------------+---------------+-----------------+---------------+----------------+---------------+----------------+----------------+------------+


Encoding Type:  One-Hot
+----------------------------------------------------------------------------------------------------+
; State Machine - |qsyn_dummy_xlr_wrap|LayerNorm:LayerNorm|preprocess_stage:i_preprocess_stage|state ;
+---------------+---------------+--------------+---------------+-------------------------------------+
; Name          ; state.DONE_ST ; state.RD_LUT ; state.COMP_MU ; state.IDLE                          ;
+---------------+---------------+--------------+---------------+-------------------------------------+
; state.IDLE    ; 0             ; 0            ; 0             ; 0                                   ;
; state.COMP_MU ; 0             ; 0            ; 1             ; 1                                   ;
; state.RD_LUT  ; 0             ; 1            ; 0             ; 1                                   ;
; state.DONE_ST ; 1             ; 0            ; 0             ; 1                                   ;
+---------------+---------------+--------------+---------------+-------------------------------------+


Encoding Type:  One-Hot
+--------------------------------------------------------------------------------------------------------------+
; State Machine - |qsyn_dummy_xlr_wrap|LayerNorm:LayerNorm|ex_ex2_stage:i_ex_ex2_stage|state                   ;
+----------------+---------------+---------------+----------------+----------------+--------------+------------+
; Name           ; state.DONE_ST ; state.PROCESS ; state.RD_INPUT ; state.RD_ALPHA ; state.RD_MIN ; state.IDLE ;
+----------------+---------------+---------------+----------------+----------------+--------------+------------+
; state.IDLE     ; 0             ; 0             ; 0              ; 0              ; 0            ; 0          ;
; state.RD_MIN   ; 0             ; 0             ; 0              ; 0              ; 1            ; 1          ;
; state.RD_ALPHA ; 0             ; 0             ; 0              ; 1              ; 0            ; 1          ;
; state.RD_INPUT ; 0             ; 0             ; 1              ; 0              ; 0            ; 1          ;
; state.PROCESS  ; 0             ; 1             ; 0              ; 0              ; 0            ; 1          ;
; state.DONE_ST  ; 1             ; 0             ; 0              ; 0              ; 0            ; 1          ;
+----------------+---------------+---------------+----------------+----------------+--------------+------------+


Encoding Type:  One-Hot
+------------------------------------------------------------------------------------+
; State Machine - |qsyn_dummy_xlr_wrap|LayerNorm:LayerNorm|zp_stage:i_zp_stage|state ;
+-----------------+------------+-----------------+----------------+------------------+
; Name            ; state.DONE ; state.WAIT_DATA ; state.REQ_READ ; state.IDLE       ;
+-----------------+------------+-----------------+----------------+------------------+
; state.IDLE      ; 0          ; 0               ; 0              ; 0                ;
; state.REQ_READ  ; 0          ; 0               ; 1              ; 1                ;
; state.WAIT_DATA ; 0          ; 1               ; 0              ; 1                ;
; state.DONE      ; 1          ; 0               ; 0              ; 1                ;
+-----------------+------------+-----------------+----------------+------------------+


+-------------------------------------------------------------------------------------------------------------------------------------------------------------------+
; Registers Removed During Synthesis                                                                                                                                ;
+-----------------------------------------------------------------------------+-------------------------------------------------------------------------------------+
; Register name                                                               ; Reason for Removal                                                                  ;
+-----------------------------------------------------------------------------+-------------------------------------------------------------------------------------+
; LayerNorm:LayerNorm|input_addr[31]                                          ; Lost fanout                                                                         ;
; host_regs_s[1][31]                                                          ; Lost fanout                                                                         ;
; LayerNorm:LayerNorm|input_addr[30]                                          ; Lost fanout                                                                         ;
; host_regs_s[1][30]                                                          ; Lost fanout                                                                         ;
; LayerNorm:LayerNorm|input_addr[29]                                          ; Lost fanout                                                                         ;
; host_regs_s[1][29]                                                          ; Lost fanout                                                                         ;
; LayerNorm:LayerNorm|input_addr[28]                                          ; Lost fanout                                                                         ;
; host_regs_s[1][28]                                                          ; Lost fanout                                                                         ;
; LayerNorm:LayerNorm|input_addr[27]                                          ; Lost fanout                                                                         ;
; host_regs_s[1][27]                                                          ; Lost fanout                                                                         ;
; LayerNorm:LayerNorm|input_addr[26]                                          ; Lost fanout                                                                         ;
; host_regs_s[1][26]                                                          ; Lost fanout                                                                         ;
; LayerNorm:LayerNorm|input_addr[25]                                          ; Lost fanout                                                                         ;
; host_regs_s[1][25]                                                          ; Lost fanout                                                                         ;
; LayerNorm:LayerNorm|input_addr[24]                                          ; Lost fanout                                                                         ;
; host_regs_s[1][24]                                                          ; Lost fanout                                                                         ;
; LayerNorm:LayerNorm|input_addr[23]                                          ; Lost fanout                                                                         ;
; host_regs_s[1][23]                                                          ; Lost fanout                                                                         ;
; LayerNorm:LayerNorm|input_addr[22]                                          ; Lost fanout                                                                         ;
; host_regs_s[1][22]                                                          ; Lost fanout                                                                         ;
; LayerNorm:LayerNorm|input_addr[21]                                          ; Lost fanout                                                                         ;
; host_regs_s[1][21]                                                          ; Lost fanout                                                                         ;
; LayerNorm:LayerNorm|input_addr[20]                                          ; Lost fanout                                                                         ;
; host_regs_s[1][20]                                                          ; Lost fanout                                                                         ;
; LayerNorm:LayerNorm|input_addr[19]                                          ; Lost fanout                                                                         ;
; host_regs_s[1][19]                                                          ; Lost fanout                                                                         ;
; LayerNorm:LayerNorm|input_addr[18]                                          ; Lost fanout                                                                         ;
; host_regs_s[1][18]                                                          ; Lost fanout                                                                         ;
; LayerNorm:LayerNorm|input_addr[17]                                          ; Lost fanout                                                                         ;
; host_regs_s[1][17]                                                          ; Lost fanout                                                                         ;
; LayerNorm:LayerNorm|input_addr[16]                                          ; Lost fanout                                                                         ;
; host_regs_s[1][16]                                                          ; Lost fanout                                                                         ;
; LayerNorm:LayerNorm|output_addr[31]                                         ; Lost fanout                                                                         ;
; host_regs_s[2][31]                                                          ; Lost fanout                                                                         ;
; LayerNorm:LayerNorm|output_addr[30]                                         ; Lost fanout                                                                         ;
; host_regs_s[2][30]                                                          ; Lost fanout                                                                         ;
; LayerNorm:LayerNorm|output_addr[29]                                         ; Lost fanout                                                                         ;
; host_regs_s[2][29]                                                          ; Lost fanout                                                                         ;
; LayerNorm:LayerNorm|output_addr[28]                                         ; Lost fanout                                                                         ;
; host_regs_s[2][28]                                                          ; Lost fanout                                                                         ;
; LayerNorm:LayerNorm|output_addr[27]                                         ; Lost fanout                                                                         ;
; host_regs_s[2][27]                                                          ; Lost fanout                                                                         ;
; LayerNorm:LayerNorm|output_addr[26]                                         ; Lost fanout                                                                         ;
; host_regs_s[2][26]                                                          ; Lost fanout                                                                         ;
; LayerNorm:LayerNorm|output_addr[25]                                         ; Lost fanout                                                                         ;
; host_regs_s[2][25]                                                          ; Lost fanout                                                                         ;
; LayerNorm:LayerNorm|output_addr[24]                                         ; Lost fanout                                                                         ;
; host_regs_s[2][24]                                                          ; Lost fanout                                                                         ;
; LayerNorm:LayerNorm|output_addr[23]                                         ; Lost fanout                                                                         ;
; host_regs_s[2][23]                                                          ; Lost fanout                                                                         ;
; LayerNorm:LayerNorm|output_addr[22]                                         ; Lost fanout                                                                         ;
; host_regs_s[2][22]                                                          ; Lost fanout                                                                         ;
; LayerNorm:LayerNorm|output_addr[21]                                         ; Lost fanout                                                                         ;
; host_regs_s[2][21]                                                          ; Lost fanout                                                                         ;
; LayerNorm:LayerNorm|output_addr[20]                                         ; Lost fanout                                                                         ;
; host_regs_s[2][20]                                                          ; Lost fanout                                                                         ;
; LayerNorm:LayerNorm|output_addr[19]                                         ; Lost fanout                                                                         ;
; host_regs_s[2][19]                                                          ; Lost fanout                                                                         ;
; LayerNorm:LayerNorm|output_addr[18]                                         ; Lost fanout                                                                         ;
; host_regs_s[2][18]                                                          ; Lost fanout                                                                         ;
; LayerNorm:LayerNorm|output_addr[17]                                         ; Lost fanout                                                                         ;
; host_regs_s[2][17]                                                          ; Lost fanout                                                                         ;
; LayerNorm:LayerNorm|output_addr[16]                                         ; Lost fanout                                                                         ;
; host_regs_s[2][16]                                                          ; Lost fanout                                                                         ;
; LayerNorm:LayerNorm|affine_stage:i_affine_stage|p4_temp_s[46..63]           ; Lost fanout                                                                         ;
; LayerNorm:LayerNorm|shared_addr[31]                                         ; Lost fanout                                                                         ;
; host_regs_s[0][31]                                                          ; Lost fanout                                                                         ;
; LayerNorm:LayerNorm|shared_addr[30]                                         ; Lost fanout                                                                         ;
; host_regs_s[0][30]                                                          ; Lost fanout                                                                         ;
; LayerNorm:LayerNorm|shared_addr[29]                                         ; Lost fanout                                                                         ;
; host_regs_s[0][29]                                                          ; Lost fanout                                                                         ;
; LayerNorm:LayerNorm|shared_addr[28]                                         ; Lost fanout                                                                         ;
; host_regs_s[0][28]                                                          ; Lost fanout                                                                         ;
; LayerNorm:LayerNorm|shared_addr[27]                                         ; Lost fanout                                                                         ;
; host_regs_s[0][27]                                                          ; Lost fanout                                                                         ;
; LayerNorm:LayerNorm|shared_addr[26]                                         ; Lost fanout                                                                         ;
; host_regs_s[0][26]                                                          ; Lost fanout                                                                         ;
; LayerNorm:LayerNorm|shared_addr[25]                                         ; Lost fanout                                                                         ;
; host_regs_s[0][25]                                                          ; Lost fanout                                                                         ;
; LayerNorm:LayerNorm|shared_addr[24]                                         ; Lost fanout                                                                         ;
; host_regs_s[0][24]                                                          ; Lost fanout                                                                         ;
; LayerNorm:LayerNorm|shared_addr[23]                                         ; Lost fanout                                                                         ;
; host_regs_s[0][23]                                                          ; Lost fanout                                                                         ;
; LayerNorm:LayerNorm|shared_addr[22]                                         ; Lost fanout                                                                         ;
; host_regs_s[0][22]                                                          ; Lost fanout                                                                         ;
; LayerNorm:LayerNorm|shared_addr[21]                                         ; Lost fanout                                                                         ;
; host_regs_s[0][21]                                                          ; Lost fanout                                                                         ;
; LayerNorm:LayerNorm|shared_addr[20]                                         ; Lost fanout                                                                         ;
; host_regs_s[0][20]                                                          ; Lost fanout                                                                         ;
; LayerNorm:LayerNorm|shared_addr[19]                                         ; Lost fanout                                                                         ;
; host_regs_s[0][19]                                                          ; Lost fanout                                                                         ;
; LayerNorm:LayerNorm|shared_addr[18]                                         ; Lost fanout                                                                         ;
; host_regs_s[0][18]                                                          ; Lost fanout                                                                         ;
; LayerNorm:LayerNorm|shared_addr[17]                                         ; Lost fanout                                                                         ;
; host_regs_s[0][17]                                                          ; Lost fanout                                                                         ;
; LayerNorm:LayerNorm|shared_addr[16]                                         ; Lost fanout                                                                         ;
; host_regs_s[0][16]                                                          ; Lost fanout                                                                         ;
; LayerNorm:LayerNorm|preprocess_stage:i_preprocess_stage|mu_comb_reg[26..31] ; Merged with LayerNorm:LayerNorm|preprocess_stage:i_preprocess_stage|mu_comb_reg[25] ;
; LayerNorm:LayerNorm|preprocess_stage:i_preprocess_stage|mu_reg[26..31]      ; Merged with LayerNorm:LayerNorm|preprocess_stage:i_preprocess_stage|mu_reg[25]      ;
; LayerNorm:LayerNorm|state~4                                                 ; Lost fanout                                                                         ;
; LayerNorm:LayerNorm|state~5                                                 ; Lost fanout                                                                         ;
; LayerNorm:LayerNorm|state~6                                                 ; Lost fanout                                                                         ;
; LayerNorm:LayerNorm|affine_stage:i_affine_stage|state~4                     ; Lost fanout                                                                         ;
; LayerNorm:LayerNorm|affine_stage:i_affine_stage|state~5                     ; Lost fanout                                                                         ;
; LayerNorm:LayerNorm|affine_stage:i_affine_stage|state~6                     ; Lost fanout                                                                         ;
; LayerNorm:LayerNorm|preprocess_stage:i_preprocess_stage|state~4             ; Lost fanout                                                                         ;
; LayerNorm:LayerNorm|preprocess_stage:i_preprocess_stage|state~5             ; Lost fanout                                                                         ;
; LayerNorm:LayerNorm|ex_ex2_stage:i_ex_ex2_stage|state~4                     ; Lost fanout                                                                         ;
; LayerNorm:LayerNorm|ex_ex2_stage:i_ex_ex2_stage|state~5                     ; Lost fanout                                                                         ;
; LayerNorm:LayerNorm|ex_ex2_stage:i_ex_ex2_stage|state~6                     ; Lost fanout                                                                         ;
; LayerNorm:LayerNorm|zp_stage:i_zp_stage|state~4                             ; Lost fanout                                                                         ;
; LayerNorm:LayerNorm|zp_stage:i_zp_stage|state~5                             ; Lost fanout                                                                         ;
; LayerNorm:LayerNorm|ex_ex2_stage:i_ex_ex2_stage|ex2_reg[32..63]             ; Lost fanout                                                                         ;
; LayerNorm:LayerNorm|ex_ex2_stage:i_ex_ex2_stage|ex_reg[32..63]              ; Lost fanout                                                                         ;
; Total Number of Removed Registers = 203                                     ;                                                                                     ;
+-----------------------------------------------------------------------------+-------------------------------------------------------------------------------------+


+---------------------------------------------------------------------------------------------------+
; Removed Registers Triggering Further Register Optimizations                                       ;
+-------------------------------------+--------------------+----------------------------------------+
; Register name                       ; Reason for Removal ; Registers Removed due to This Register ;
+-------------------------------------+--------------------+----------------------------------------+
; LayerNorm:LayerNorm|shared_addr[27] ; Lost Fanouts       ; host_regs_s[0][27]                     ;
; LayerNorm:LayerNorm|output_addr[22] ; Lost Fanouts       ; host_regs_s[2][22]                     ;
; LayerNorm:LayerNorm|output_addr[21] ; Lost Fanouts       ; host_regs_s[2][21]                     ;
; LayerNorm:LayerNorm|output_addr[20] ; Lost Fanouts       ; host_regs_s[2][20]                     ;
; LayerNorm:LayerNorm|output_addr[19] ; Lost Fanouts       ; host_regs_s[2][19]                     ;
; LayerNorm:LayerNorm|output_addr[18] ; Lost Fanouts       ; host_regs_s[2][18]                     ;
; LayerNorm:LayerNorm|output_addr[17] ; Lost Fanouts       ; host_regs_s[2][17]                     ;
; LayerNorm:LayerNorm|output_addr[16] ; Lost Fanouts       ; host_regs_s[2][16]                     ;
; LayerNorm:LayerNorm|shared_addr[31] ; Lost Fanouts       ; host_regs_s[0][31]                     ;
; LayerNorm:LayerNorm|shared_addr[30] ; Lost Fanouts       ; host_regs_s[0][30]                     ;
; LayerNorm:LayerNorm|shared_addr[29] ; Lost Fanouts       ; host_regs_s[0][29]                     ;
; LayerNorm:LayerNorm|shared_addr[28] ; Lost Fanouts       ; host_regs_s[0][28]                     ;
; LayerNorm:LayerNorm|output_addr[23] ; Lost Fanouts       ; host_regs_s[2][23]                     ;
; LayerNorm:LayerNorm|shared_addr[26] ; Lost Fanouts       ; host_regs_s[0][26]                     ;
; LayerNorm:LayerNorm|shared_addr[25] ; Lost Fanouts       ; host_regs_s[0][25]                     ;
; LayerNorm:LayerNorm|shared_addr[24] ; Lost Fanouts       ; host_regs_s[0][24]                     ;
; LayerNorm:LayerNorm|shared_addr[23] ; Lost Fanouts       ; host_regs_s[0][23]                     ;
; LayerNorm:LayerNorm|shared_addr[22] ; Lost Fanouts       ; host_regs_s[0][22]                     ;
; LayerNorm:LayerNorm|shared_addr[21] ; Lost Fanouts       ; host_regs_s[0][21]                     ;
; LayerNorm:LayerNorm|shared_addr[20] ; Lost Fanouts       ; host_regs_s[0][20]                     ;
; LayerNorm:LayerNorm|shared_addr[19] ; Lost Fanouts       ; host_regs_s[0][19]                     ;
; LayerNorm:LayerNorm|shared_addr[18] ; Lost Fanouts       ; host_regs_s[0][18]                     ;
; LayerNorm:LayerNorm|shared_addr[17] ; Lost Fanouts       ; host_regs_s[0][17]                     ;
; LayerNorm:LayerNorm|shared_addr[16] ; Lost Fanouts       ; host_regs_s[0][16]                     ;
; LayerNorm:LayerNorm|input_addr[19]  ; Lost Fanouts       ; host_regs_s[1][19]                     ;
; LayerNorm:LayerNorm|input_addr[30]  ; Lost Fanouts       ; host_regs_s[1][30]                     ;
; LayerNorm:LayerNorm|input_addr[29]  ; Lost Fanouts       ; host_regs_s[1][29]                     ;
; LayerNorm:LayerNorm|input_addr[28]  ; Lost Fanouts       ; host_regs_s[1][28]                     ;
; LayerNorm:LayerNorm|input_addr[27]  ; Lost Fanouts       ; host_regs_s[1][27]                     ;
; LayerNorm:LayerNorm|input_addr[26]  ; Lost Fanouts       ; host_regs_s[1][26]                     ;
; LayerNorm:LayerNorm|input_addr[25]  ; Lost Fanouts       ; host_regs_s[1][25]                     ;
; LayerNorm:LayerNorm|input_addr[24]  ; Lost Fanouts       ; host_regs_s[1][24]                     ;
; LayerNorm:LayerNorm|input_addr[23]  ; Lost Fanouts       ; host_regs_s[1][23]                     ;
; LayerNorm:LayerNorm|input_addr[22]  ; Lost Fanouts       ; host_regs_s[1][22]                     ;
; LayerNorm:LayerNorm|input_addr[21]  ; Lost Fanouts       ; host_regs_s[1][21]                     ;
; LayerNorm:LayerNorm|input_addr[20]  ; Lost Fanouts       ; host_regs_s[1][20]                     ;
; LayerNorm:LayerNorm|input_addr[31]  ; Lost Fanouts       ; host_regs_s[1][31]                     ;
; LayerNorm:LayerNorm|input_addr[18]  ; Lost Fanouts       ; host_regs_s[1][18]                     ;
; LayerNorm:LayerNorm|input_addr[17]  ; Lost Fanouts       ; host_regs_s[1][17]                     ;
; LayerNorm:LayerNorm|input_addr[16]  ; Lost Fanouts       ; host_regs_s[1][16]                     ;
; LayerNorm:LayerNorm|output_addr[31] ; Lost Fanouts       ; host_regs_s[2][31]                     ;
; LayerNorm:LayerNorm|output_addr[30] ; Lost Fanouts       ; host_regs_s[2][30]                     ;
; LayerNorm:LayerNorm|output_addr[29] ; Lost Fanouts       ; host_regs_s[2][29]                     ;
; LayerNorm:LayerNorm|output_addr[28] ; Lost Fanouts       ; host_regs_s[2][28]                     ;
; LayerNorm:LayerNorm|output_addr[27] ; Lost Fanouts       ; host_regs_s[2][27]                     ;
; LayerNorm:LayerNorm|output_addr[26] ; Lost Fanouts       ; host_regs_s[2][26]                     ;
; LayerNorm:LayerNorm|output_addr[25] ; Lost Fanouts       ; host_regs_s[2][25]                     ;
; LayerNorm:LayerNorm|output_addr[24] ; Lost Fanouts       ; host_regs_s[2][24]                     ;
+-------------------------------------+--------------------+----------------------------------------+


+------------------------------------------------------+
; General Register Statistics                          ;
+----------------------------------------------+-------+
; Statistic                                    ; Value ;
+----------------------------------------------+-------+
; Total registers                              ; 2819  ;
; Number of registers using Synchronous Clear  ; 108   ;
; Number of registers using Synchronous Load   ; 0     ;
; Number of registers using Asynchronous Clear ; 2815  ;
; Number of registers using Asynchronous Load  ; 0     ;
; Number of registers using Clock Enable       ; 2197  ;
; Number of registers using Preset             ; 0     ;
+----------------------------------------------+-------+


+--------------------------------------------------------------------------------------------------------------------------+
; Inverted Register Statistics                                                                                             ;
+----------------------------------------------------------------------------------------------------------------+---------+
; Inverted Register                                                                                              ; Fan out ;
+----------------------------------------------------------------------------------------------------------------+---------+
; LayerNorm:LayerNorm|ex_ex2_stage:i_ex_ex2_stage|min_alpha_reg[1]                                               ; 3       ;
; LayerNorm:LayerNorm|ex_ex2_stage:i_ex_ex2_stage|min_alpha_reg[0]                                               ; 3       ;
; LayerNorm:LayerNorm|ex_ex2_stage:i_ex_ex2_stage|min_alpha_reg[5]                                               ; 3       ;
; LayerNorm:LayerNorm|ex_ex2_stage:i_ex_ex2_stage|min_alpha_reg[4]                                               ; 3       ;
; LayerNorm:LayerNorm|ex_ex2_stage:i_ex_ex2_stage|min_alpha_reg[3]                                               ; 3       ;
; LayerNorm:LayerNorm|ex_ex2_stage:i_ex_ex2_stage|min_alpha_reg[2]                                               ; 3       ;
; LayerNorm:LayerNorm|ex_ex2_stage:i_ex_ex2_stage|min_alpha_reg[6]                                               ; 3       ;
; LayerNorm:LayerNorm|affine_stage:i_affine_stage|altshift_taps:p2_b_s_rtl_0|shift_taps_2vl:auto_generated|dffe6 ; 32      ;
; Total number of inverted registers = 8                                                                         ;         ;
+----------------------------------------------------------------------------------------------------------------+---------+


+-------------------------------------------------------------------------------------------------------------------------------------------+
; Registers Packed Into Inferred Megafunctions                                                                                              ;
+---------------------------------------------------------------+--------------------------------------------------------------+------------+
; Register Name                                                 ; Megafunction                                                 ; Type       ;
+---------------------------------------------------------------+--------------------------------------------------------------+------------+
; LayerNorm:LayerNorm|affine_stage:i_affine_stage|p4_b_s[0..31] ; LayerNorm:LayerNorm|affine_stage:i_affine_stage|p2_b_s_rtl_0 ; SHIFT_TAPS ;
; LayerNorm:LayerNorm|affine_stage:i_affine_stage|p3_b_s[0..31] ; LayerNorm:LayerNorm|affine_stage:i_affine_stage|p2_b_s_rtl_0 ; SHIFT_TAPS ;
; LayerNorm:LayerNorm|affine_stage:i_affine_stage|p2_b_s[0..31] ; LayerNorm:LayerNorm|affine_stage:i_affine_stage|p2_b_s_rtl_0 ; SHIFT_TAPS ;
+---------------------------------------------------------------+--------------------------------------------------------------+------------+


+------------------------------------------------------------------------------------------------------------------------------------------------------------------------------------------------------------+
; Multiplexer Restructuring Statistics (Restructuring Performed)                                                                                                                                             ;
+--------------------+-----------+---------------+----------------------+------------------------+------------+----------------------------------------------------------------------------------------------+
; Multiplexer Inputs ; Bus Width ; Baseline Area ; Area if Restructured ; Saving if Restructured ; Registered ; Example Multiplexer Output                                                                   ;
+--------------------+-----------+---------------+----------------------+------------------------+------------+----------------------------------------------------------------------------------------------+
; 4:1                ; 96 bits   ; 192 LEs       ; 96 LEs               ; 96 LEs                 ; Yes        ; |qsyn_dummy_xlr_wrap|LayerNorm:LayerNorm|ex_ex2_stage:i_ex_ex2_stage|ex2_reg[42]             ;
; 9:1                ; 31 bits   ; 186 LEs       ; 186 LEs              ; 0 LEs                  ; Yes        ; |qsyn_dummy_xlr_wrap|dummy_dout[31]~reg0                                                     ;
; 5:1                ; 4 bits    ; 12 LEs        ; 4 LEs                ; 8 LEs                  ; Yes        ; |qsyn_dummy_xlr_wrap|LayerNorm:LayerNorm|affine_stage:i_affine_stage|chunk_cnt[0]            ;
; 6:1                ; 6 bits    ; 24 LEs        ; 6 LEs                ; 18 LEs                 ; Yes        ; |qsyn_dummy_xlr_wrap|LayerNorm:LayerNorm|affine_stage:i_affine_stage|lane_cnt[0]             ;
; 7:1                ; 6 bits    ; 24 LEs        ; 6 LEs                ; 18 LEs                 ; Yes        ; |qsyn_dummy_xlr_wrap|LayerNorm:LayerNorm|ex_ex2_stage:i_ex_ex2_stage|lane_cnt[4]             ;
; 8:1                ; 4 bits    ; 20 LEs        ; 4 LEs                ; 16 LEs                 ; Yes        ; |qsyn_dummy_xlr_wrap|LayerNorm:LayerNorm|ex_ex2_stage:i_ex_ex2_stage|chunk_cnt[3]            ;
; 4:1                ; 32 bits   ; 64 LEs        ; 32 LEs               ; 32 LEs                 ; Yes        ; |qsyn_dummy_xlr_wrap|LayerNorm:LayerNorm|ex_ex2_stage:i_ex_ex2_stage|ex2_reg[5]              ;
; 5:1                ; 7 bits    ; 21 LEs        ; 7 LEs                ; 14 LEs                 ; Yes        ; |qsyn_dummy_xlr_wrap|LayerNorm:LayerNorm|ex_ex2_stage:i_ex_ex2_stage|min_alpha_reg[1]        ;
; 3:1                ; 278 bits  ; 556 LEs       ; 278 LEs              ; 278 LEs                ; No         ; |qsyn_dummy_xlr_wrap|LayerNorm:LayerNorm|mem_intf_write.mem_data[22][3]                      ;
; 3:1                ; 8 bits    ; 16 LEs        ; 16 LEs               ; 0 LEs                  ; No         ; |qsyn_dummy_xlr_wrap|LayerNorm:LayerNorm|preprocess_stage:i_preprocess_stage|lut_idx_comb[0] ;
; 3:1                ; 9 bits    ; 18 LEs        ; 18 LEs               ; 0 LEs                  ; No         ; |qsyn_dummy_xlr_wrap|LayerNorm:LayerNorm|ex_ex2_stage:i_ex_ex2_stage|ShiftLeft1              ;
; 3:1                ; 14 bits   ; 28 LEs        ; 28 LEs               ; 0 LEs                  ; No         ; |qsyn_dummy_xlr_wrap|LayerNorm:LayerNorm|ex_ex2_stage:i_ex_ex2_stage|ShiftLeft0              ;
; 3:1                ; 14 bits   ; 28 LEs        ; 28 LEs               ; 0 LEs                  ; No         ; |qsyn_dummy_xlr_wrap|LayerNorm:LayerNorm|affine_stage:i_affine_stage|ShiftLeft0              ;
; 3:1                ; 8 bits    ; 16 LEs        ; 16 LEs               ; 0 LEs                  ; No         ; |qsyn_dummy_xlr_wrap|LayerNorm:LayerNorm|affine_stage:i_affine_stage|s4_y_comb_s[0]          ;
; 3:1                ; 4 bits    ; 8 LEs         ; 8 LEs                ; 0 LEs                  ; No         ; |qsyn_dummy_xlr_wrap|LayerNorm:LayerNorm|ex_ex2_stage:i_ex_ex2_stage|c_s[0]                  ;
; 32:1               ; 16 bits   ; 336 LEs       ; 336 LEs              ; 0 LEs                  ; No         ; |qsyn_dummy_xlr_wrap|LayerNorm:LayerNorm|ex_ex2_stage:i_ex_ex2_stage|Mux7                    ;
; 32:1               ; 32 bits   ; 672 LEs       ; 672 LEs              ; 0 LEs                  ; No         ; |qsyn_dummy_xlr_wrap|LayerNorm:LayerNorm|affine_stage:i_affine_stage|Mux8                    ;
; 7:1                ; 2 bits    ; 8 LEs         ; 8 LEs                ; 0 LEs                  ; No         ; |qsyn_dummy_xlr_wrap|LayerNorm:LayerNorm|Selector19                                          ;
; 7:1                ; 4 bits    ; 16 LEs        ; 12 LEs               ; 4 LEs                  ; No         ; |qsyn_dummy_xlr_wrap|LayerNorm:LayerNorm|zp_stage:i_zp_stage|Selector3                       ;
; 7:1                ; 4 bits    ; 16 LEs        ; 12 LEs               ; 4 LEs                  ; No         ; |qsyn_dummy_xlr_wrap|LayerNorm:LayerNorm|preprocess_stage:i_preprocess_stage|Selector0       ;
; 11:1               ; 6 bits    ; 42 LEs        ; 24 LEs               ; 18 LEs                 ; No         ; |qsyn_dummy_xlr_wrap|LayerNorm:LayerNorm|Selector23                                          ;
; 10:1               ; 2 bits    ; 12 LEs        ; 4 LEs                ; 8 LEs                  ; No         ; |qsyn_dummy_xlr_wrap|LayerNorm:LayerNorm|ex_ex2_stage:i_ex_ex2_stage|Selector0               ;
; 10:1               ; 2 bits    ; 12 LEs        ; 4 LEs                ; 8 LEs                  ; No         ; |qsyn_dummy_xlr_wrap|LayerNorm:LayerNorm|ex_ex2_stage:i_ex_ex2_stage|Selector5               ;
; 11:1               ; 14 bits   ; 98 LEs        ; 84 LEs               ; 14 LEs                 ; No         ; |qsyn_dummy_xlr_wrap|LayerNorm:LayerNorm|Selector3                                           ;
; 12:1               ; 2 bits    ; 16 LEs        ; 4 LEs                ; 12 LEs                 ; No         ; |qsyn_dummy_xlr_wrap|LayerNorm:LayerNorm|ex_ex2_stage:i_ex_ex2_stage|Selector4               ;
; 10:1               ; 2 bits    ; 12 LEs        ; 4 LEs                ; 8 LEs                  ; No         ; |qsyn_dummy_xlr_wrap|LayerNorm:LayerNorm|affine_stage:i_affine_stage|Selector1               ;
+--------------------+-----------+---------------+----------------------+------------------------+------------+----------------------------------------------------------------------------------------------+


+-------------------------------------------------------------------------------------------------------------------------------------------------------------+
; Source assignments for LayerNorm:LayerNorm|affine_stage:i_affine_stage|altshift_taps:p2_b_s_rtl_0|shift_taps_2vl:auto_generated|altsyncram_jj51:altsyncram4 ;
+---------------------------------+--------------------+------+-----------------------------------------------------------------------------------------------+
; Assignment                      ; Value              ; From ; To                                                                                            ;
+---------------------------------+--------------------+------+-----------------------------------------------------------------------------------------------+
; OPTIMIZE_POWER_DURING_SYNTHESIS ; NORMAL_COMPILATION ; -    ; -                                                                                             ;
+---------------------------------+--------------------+------+-----------------------------------------------------------------------------------------------+


+--------------------------------------------------------------------------+
; Parameter Settings for User Entity Instance: mem_intf_read:mem_intf_read ;
+-------------------+-------+----------------------------------------------+
; Parameter Name    ; Value ; Type                                         ;
+-------------------+-------+----------------------------------------------+
; BYTE_WIDTH        ; 8     ; Signed Integer                               ;
; NUM_BYTES_IN_LINE ; 32    ; Signed Integer                               ;
+-------------------+-------+----------------------------------------------+
Note: In order to hide this table in the UI and the text report file, please set the "Show Parameter Settings in Synthesis Report" option in "Analysis and Synthesis Settings -> More Settings" to "Off".


+----------------------------------------------------------------------------+
; Parameter Settings for User Entity Instance: mem_intf_write:mem_intf_write ;
+-------------------+-------+------------------------------------------------+
; Parameter Name    ; Value ; Type                                           ;
+-------------------+-------+------------------------------------------------+
; BYTE_WIDTH        ; 8     ; Signed Integer                                 ;
; NUM_BYTES_IN_LINE ; 32    ; Signed Integer                                 ;
+-------------------+-------+------------------------------------------------+
Note: In order to hide this table in the UI and the text report file, please set the "Show Parameter Settings in Synthesis Report" option in "Analysis and Synthesis Settings -> More Settings" to "Off".


+----------------------------------------------------------------------------------------------+
; Parameter Settings for User Entity Instance: LayerNorm:LayerNorm|ex_ex2_stage:i_ex_ex2_stage ;
+----------------+-------+---------------------------------------------------------------------+
; Parameter Name ; Value ; Type                                                                ;
+----------------+-------+---------------------------------------------------------------------+
; NUM_CH_MAX     ; 384   ; Signed Integer                                                      ;
+----------------+-------+---------------------------------------------------------------------+
Note: In order to hide this table in the UI and the text report file, please set the "Show Parameter Settings in Synthesis Report" option in "Analysis and Synthesis Settings -> More Settings" to "Off".


+----------------------------------------------------------------------------------------------+
; Parameter Settings for User Entity Instance: LayerNorm:LayerNorm|affine_stage:i_affine_stage ;
+----------------+-------+---------------------------------------------------------------------+
; Parameter Name ; Value ; Type                                                                ;
+----------------+-------+---------------------------------------------------------------------+
; NUM_CH_MAX     ; 384   ; Signed Integer                                                      ;
+----------------+-------+---------------------------------------------------------------------+
Note: In order to hide this table in the UI and the text report file, please set the "Show Parameter Settings in Synthesis Report" option in "Analysis and Synthesis Settings -> More Settings" to "Off".


+-----------------------------------------------------------------------------------------------------------------------------+
; Parameter Settings for Inferred Entity Instance: LayerNorm:LayerNorm|affine_stage:i_affine_stage|altshift_taps:p2_b_s_rtl_0 ;
+----------------+----------------+-------------------------------------------------------------------------------------------+
; Parameter Name ; Value          ; Type                                                                                      ;
+----------------+----------------+-------------------------------------------------------------------------------------------+
; WIDTH_BYTEENA  ; 1              ; Untyped                                                                                   ;
; NUMBER_OF_TAPS ; 1              ; Untyped                                                                                   ;
; TAP_DISTANCE   ; 3              ; Untyped                                                                                   ;
; WIDTH          ; 32             ; Untyped                                                                                   ;
; POWER_UP_STATE ; CLEARED        ; Untyped                                                                                   ;
; CBXI_PARAMETER ; shift_taps_2vl ; Untyped                                                                                   ;
+----------------+----------------+-------------------------------------------------------------------------------------------+
Note: In order to hide this table in the UI and the text report file, please set the "Show Parameter Settings in Synthesis Report" option in "Analysis and Synthesis Settings -> More Settings" to "Off".


+-------------------------------------------------------------------------------------------------------------------------+
; Parameter Settings for Inferred Entity Instance: LayerNorm:LayerNorm|preprocess_stage:i_preprocess_stage|lpm_mult:Mult2 ;
+------------------------------------------------+----------+-------------------------------------------------------------+
; Parameter Name                                 ; Value    ; Type                                                        ;
+------------------------------------------------+----------+-------------------------------------------------------------+
; AUTO_CARRY_CHAINS                              ; ON       ; AUTO_CARRY                                                  ;
; IGNORE_CARRY_BUFFERS                           ; OFF      ; IGNORE_CARRY                                                ;
; AUTO_CASCADE_CHAINS                            ; ON       ; AUTO_CASCADE                                                ;
; IGNORE_CASCADE_BUFFERS                         ; OFF      ; IGNORE_CASCADE                                              ;
; LPM_WIDTHA                                     ; 26       ; Untyped                                                     ;
; LPM_WIDTHB                                     ; 26       ; Untyped                                                     ;
; LPM_WIDTHP                                     ; 52       ; Untyped                                                     ;
; LPM_WIDTHR                                     ; 52       ; Untyped                                                     ;
; LPM_WIDTHS                                     ; 1        ; Untyped                                                     ;
; LPM_REPRESENTATION                             ; SIGNED   ; Untyped                                                     ;
; LPM_PIPELINE                                   ; 0        ; Untyped                                                     ;
; LATENCY                                        ; 0        ; Untyped                                                     ;
; INPUT_A_IS_CONSTANT                            ; NO       ; Untyped                                                     ;
; INPUT_B_IS_CONSTANT                            ; NO       ; Untyped                                                     ;
; USE_EAB                                        ; OFF      ; Untyped                                                     ;
; MAXIMIZE_SPEED                                 ; 5        ; Untyped                                                     ;
; DEVICE_FAMILY                                  ; MAX 10   ; Untyped                                                     ;
; CARRY_CHAIN                                    ; MANUAL   ; Untyped                                                     ;
; APEX20K_TECHNOLOGY_MAPPER                      ; LUT      ; TECH_MAPPER_APEX20K                                         ;
; DEDICATED_MULTIPLIER_CIRCUITRY                 ; AUTO     ; Untyped                                                     ;
; DEDICATED_MULTIPLIER_MIN_INPUT_WIDTH_FOR_AUTO  ; 0        ; Untyped                                                     ;
; DEDICATED_MULTIPLIER_MIN_OUTPUT_WIDTH_FOR_AUTO ; 0        ; Untyped                                                     ;
; CBXI_PARAMETER                                 ; mult_tgs ; Untyped                                                     ;
; INPUT_A_FIXED_VALUE                            ; Bx       ; Untyped                                                     ;
; INPUT_B_FIXED_VALUE                            ; Bx       ; Untyped                                                     ;
; USE_AHDL_IMPLEMENTATION                        ; OFF      ; Untyped                                                     ;
+------------------------------------------------+----------+-------------------------------------------------------------+
Note: In order to hide this table in the UI and the text report file, please set the "Show Parameter Settings in Synthesis Report" option in "Analysis and Synthesis Settings -> More Settings" to "Off".


+-------------------------------------------------------------------------------------------------------------------------+
; Parameter Settings for Inferred Entity Instance: LayerNorm:LayerNorm|preprocess_stage:i_preprocess_stage|lpm_mult:Mult1 ;
+------------------------------------------------+----------+-------------------------------------------------------------+
; Parameter Name                                 ; Value    ; Type                                                        ;
+------------------------------------------------+----------+-------------------------------------------------------------+
; AUTO_CARRY_CHAINS                              ; ON       ; AUTO_CARRY                                                  ;
; IGNORE_CARRY_BUFFERS                           ; OFF      ; IGNORE_CARRY                                                ;
; AUTO_CASCADE_CHAINS                            ; ON       ; AUTO_CASCADE                                                ;
; IGNORE_CASCADE_BUFFERS                         ; OFF      ; IGNORE_CASCADE                                              ;
; LPM_WIDTHA                                     ; 32       ; Untyped                                                     ;
; LPM_WIDTHB                                     ; 28       ; Untyped                                                     ;
; LPM_WIDTHP                                     ; 60       ; Untyped                                                     ;
; LPM_WIDTHR                                     ; 60       ; Untyped                                                     ;
; LPM_WIDTHS                                     ; 1        ; Untyped                                                     ;
; LPM_REPRESENTATION                             ; UNSIGNED ; Untyped                                                     ;
; LPM_PIPELINE                                   ; 0        ; Untyped                                                     ;
; LATENCY                                        ; 0        ; Untyped                                                     ;
; INPUT_A_IS_CONSTANT                            ; NO       ; Untyped                                                     ;
; INPUT_B_IS_CONSTANT                            ; YES      ; Untyped                                                     ;
; USE_EAB                                        ; OFF      ; Untyped                                                     ;
; MAXIMIZE_SPEED                                 ; 5        ; Untyped                                                     ;
; DEVICE_FAMILY                                  ; MAX 10   ; Untyped                                                     ;
; CARRY_CHAIN                                    ; MANUAL   ; Untyped                                                     ;
; APEX20K_TECHNOLOGY_MAPPER                      ; LUT      ; TECH_MAPPER_APEX20K                                         ;
; DEDICATED_MULTIPLIER_CIRCUITRY                 ; AUTO     ; Untyped                                                     ;
; DEDICATED_MULTIPLIER_MIN_INPUT_WIDTH_FOR_AUTO  ; 0        ; Untyped                                                     ;
; DEDICATED_MULTIPLIER_MIN_OUTPUT_WIDTH_FOR_AUTO ; 0        ; Untyped                                                     ;
; CBXI_PARAMETER                                 ; mult_irs ; Untyped                                                     ;
; INPUT_A_FIXED_VALUE                            ; Bx       ; Untyped                                                     ;
; INPUT_B_FIXED_VALUE                            ; Bx       ; Untyped                                                     ;
; USE_AHDL_IMPLEMENTATION                        ; OFF      ; Untyped                                                     ;
+------------------------------------------------+----------+-------------------------------------------------------------+
Note: In order to hide this table in the UI and the text report file, please set the "Show Parameter Settings in Synthesis Report" option in "Analysis and Synthesis Settings -> More Settings" to "Off".


+-------------------------------------------------------------------------------------------------------------------------+
; Parameter Settings for Inferred Entity Instance: LayerNorm:LayerNorm|preprocess_stage:i_preprocess_stage|lpm_mult:Mult0 ;
+------------------------------------------------+----------+-------------------------------------------------------------+
; Parameter Name                                 ; Value    ; Type                                                        ;
+------------------------------------------------+----------+-------------------------------------------------------------+
; AUTO_CARRY_CHAINS                              ; ON       ; AUTO_CARRY                                                  ;
; IGNORE_CARRY_BUFFERS                           ; OFF      ; IGNORE_CARRY                                                ;
; AUTO_CASCADE_CHAINS                            ; ON       ; AUTO_CASCADE                                                ;
; IGNORE_CASCADE_BUFFERS                         ; OFF      ; IGNORE_CASCADE                                              ;
; LPM_WIDTHA                                     ; 32       ; Untyped                                                     ;
; LPM_WIDTHB                                     ; 24       ; Untyped                                                     ;
; LPM_WIDTHP                                     ; 56       ; Untyped                                                     ;
; LPM_WIDTHR                                     ; 56       ; Untyped                                                     ;
; LPM_WIDTHS                                     ; 1        ; Untyped                                                     ;
; LPM_REPRESENTATION                             ; UNSIGNED ; Untyped                                                     ;
; LPM_PIPELINE                                   ; 0        ; Untyped                                                     ;
; LATENCY                                        ; 0        ; Untyped                                                     ;
; INPUT_A_IS_CONSTANT                            ; NO       ; Untyped                                                     ;
; INPUT_B_IS_CONSTANT                            ; YES      ; Untyped                                                     ;
; USE_EAB                                        ; OFF      ; Untyped                                                     ;
; MAXIMIZE_SPEED                                 ; 5        ; Untyped                                                     ;
; DEVICE_FAMILY                                  ; MAX 10   ; Untyped                                                     ;
; CARRY_CHAIN                                    ; MANUAL   ; Untyped                                                     ;
; APEX20K_TECHNOLOGY_MAPPER                      ; LUT      ; TECH_MAPPER_APEX20K                                         ;
; DEDICATED_MULTIPLIER_CIRCUITRY                 ; AUTO     ; Untyped                                                     ;
; DEDICATED_MULTIPLIER_MIN_INPUT_WIDTH_FOR_AUTO  ; 0        ; Untyped                                                     ;
; DEDICATED_MULTIPLIER_MIN_OUTPUT_WIDTH_FOR_AUTO ; 0        ; Untyped                                                     ;
; CBXI_PARAMETER                                 ; mult_jrs ; Untyped                                                     ;
; INPUT_A_FIXED_VALUE                            ; Bx       ; Untyped                                                     ;
; INPUT_B_FIXED_VALUE                            ; Bx       ; Untyped                                                     ;
; USE_AHDL_IMPLEMENTATION                        ; OFF      ; Untyped                                                     ;
+------------------------------------------------+----------+-------------------------------------------------------------+
Note: In order to hide this table in the UI and the text report file, please set the "Show Parameter Settings in Synthesis Report" option in "Analysis and Synthesis Settings -> More Settings" to "Off".


+-----------------------------------------------------------------------------------------------------------------+
; Parameter Settings for Inferred Entity Instance: LayerNorm:LayerNorm|affine_stage:i_affine_stage|lpm_mult:Mult1 ;
+------------------------------------------------+----------+-----------------------------------------------------+
; Parameter Name                                 ; Value    ; Type                                                ;
+------------------------------------------------+----------+-----------------------------------------------------+
; AUTO_CARRY_CHAINS                              ; ON       ; AUTO_CARRY                                          ;
; IGNORE_CARRY_BUFFERS                           ; OFF      ; IGNORE_CARRY                                        ;
; AUTO_CASCADE_CHAINS                            ; ON       ; AUTO_CASCADE                                        ;
; IGNORE_CASCADE_BUFFERS                         ; OFF      ; IGNORE_CASCADE                                      ;
; LPM_WIDTHA                                     ; 32       ; Untyped                                             ;
; LPM_WIDTHB                                     ; 32       ; Untyped                                             ;
; LPM_WIDTHP                                     ; 64       ; Untyped                                             ;
; LPM_WIDTHR                                     ; 64       ; Untyped                                             ;
; LPM_WIDTHS                                     ; 1        ; Untyped                                             ;
; LPM_REPRESENTATION                             ; SIGNED   ; Untyped                                             ;
; LPM_PIPELINE                                   ; 0        ; Untyped                                             ;
; LATENCY                                        ; 0        ; Untyped                                             ;
; INPUT_A_IS_CONSTANT                            ; NO       ; Untyped                                             ;
; INPUT_B_IS_CONSTANT                            ; NO       ; Untyped                                             ;
; USE_EAB                                        ; OFF      ; Untyped                                             ;
; MAXIMIZE_SPEED                                 ; 5        ; Untyped                                             ;
; DEVICE_FAMILY                                  ; MAX 10   ; Untyped                                             ;
; CARRY_CHAIN                                    ; MANUAL   ; Untyped                                             ;
; APEX20K_TECHNOLOGY_MAPPER                      ; LUT      ; TECH_MAPPER_APEX20K                                 ;
; DEDICATED_MULTIPLIER_CIRCUITRY                 ; AUTO     ; Untyped                                             ;
; DEDICATED_MULTIPLIER_MIN_INPUT_WIDTH_FOR_AUTO  ; 0        ; Untyped                                             ;
; DEDICATED_MULTIPLIER_MIN_OUTPUT_WIDTH_FOR_AUTO ; 0        ; Untyped                                             ;
; CBXI_PARAMETER                                 ; mult_qgs ; Untyped                                             ;
; INPUT_A_FIXED_VALUE                            ; Bx       ; Untyped                                             ;
; INPUT_B_FIXED_VALUE                            ; Bx       ; Untyped                                             ;
; USE_AHDL_IMPLEMENTATION                        ; OFF      ; Untyped                                             ;
+------------------------------------------------+----------+-----------------------------------------------------+
Note: In order to hide this table in the UI and the text report file, please set the "Show Parameter Settings in Synthesis Report" option in "Analysis and Synthesis Settings -> More Settings" to "Off".


+-----------------------------------------------------------------------------------------------------------------+
; Parameter Settings for Inferred Entity Instance: LayerNorm:LayerNorm|affine_stage:i_affine_stage|lpm_mult:Mult0 ;
+------------------------------------------------+----------+-----------------------------------------------------+
; Parameter Name                                 ; Value    ; Type                                                ;
+------------------------------------------------+----------+-----------------------------------------------------+
; AUTO_CARRY_CHAINS                              ; ON       ; AUTO_CARRY                                          ;
; IGNORE_CARRY_BUFFERS                           ; OFF      ; IGNORE_CARRY                                        ;
; AUTO_CASCADE_CHAINS                            ; ON       ; AUTO_CASCADE                                        ;
; IGNORE_CASCADE_BUFFERS                         ; OFF      ; IGNORE_CASCADE                                      ;
; LPM_WIDTHA                                     ; 32       ; Untyped                                             ;
; LPM_WIDTHB                                     ; 17       ; Untyped                                             ;
; LPM_WIDTHP                                     ; 49       ; Untyped                                             ;
; LPM_WIDTHR                                     ; 49       ; Untyped                                             ;
; LPM_WIDTHS                                     ; 1        ; Untyped                                             ;
; LPM_REPRESENTATION                             ; SIGNED   ; Untyped                                             ;
; LPM_PIPELINE                                   ; 0        ; Untyped                                             ;
; LATENCY                                        ; 0        ; Untyped                                             ;
; INPUT_A_IS_CONSTANT                            ; NO       ; Untyped                                             ;
; INPUT_B_IS_CONSTANT                            ; NO       ; Untyped                                             ;
; USE_EAB                                        ; OFF      ; Untyped                                             ;
; MAXIMIZE_SPEED                                 ; 5        ; Untyped                                             ;
; DEVICE_FAMILY                                  ; MAX 10   ; Untyped                                             ;
; CARRY_CHAIN                                    ; MANUAL   ; Untyped                                             ;
; APEX20K_TECHNOLOGY_MAPPER                      ; LUT      ; TECH_MAPPER_APEX20K                                 ;
; DEDICATED_MULTIPLIER_CIRCUITRY                 ; AUTO     ; Untyped                                             ;
; DEDICATED_MULTIPLIER_MIN_INPUT_WIDTH_FOR_AUTO  ; 0        ; Untyped                                             ;
; DEDICATED_MULTIPLIER_MIN_OUTPUT_WIDTH_FOR_AUTO ; 0        ; Untyped                                             ;
; CBXI_PARAMETER                                 ; mult_0hs ; Untyped                                             ;
; INPUT_A_FIXED_VALUE                            ; Bx       ; Untyped                                             ;
; INPUT_B_FIXED_VALUE                            ; Bx       ; Untyped                                             ;
; USE_AHDL_IMPLEMENTATION                        ; OFF      ; Untyped                                             ;
+------------------------------------------------+----------+-----------------------------------------------------+
Note: In order to hide this table in the UI and the text report file, please set the "Show Parameter Settings in Synthesis Report" option in "Analysis and Synthesis Settings -> More Settings" to "Off".


+---------------------------------------------------------------------------------------------------------+
; altshift_taps Parameter Settings by Entity Instance                                                     ;
+----------------------------+----------------------------------------------------------------------------+
; Name                       ; Value                                                                      ;
+----------------------------+----------------------------------------------------------------------------+
; Number of entity instances ; 1                                                                          ;
; Entity Instance            ; LayerNorm:LayerNorm|affine_stage:i_affine_stage|altshift_taps:p2_b_s_rtl_0 ;
;     -- NUMBER_OF_TAPS      ; 1                                                                          ;
;     -- TAP_DISTANCE        ; 3                                                                          ;
;     -- WIDTH               ; 32                                                                         ;
+----------------------------+----------------------------------------------------------------------------+


+----------------------------------------------------------------------------------------------------------------+
; lpm_mult Parameter Settings by Entity Instance                                                                 ;
+---------------------------------------+------------------------------------------------------------------------+
; Name                                  ; Value                                                                  ;
+---------------------------------------+------------------------------------------------------------------------+
; Number of entity instances            ; 5                                                                      ;
; Entity Instance                       ; LayerNorm:LayerNorm|preprocess_stage:i_preprocess_stage|lpm_mult:Mult2 ;
;     -- LPM_WIDTHA                     ; 26                                                                     ;
;     -- LPM_WIDTHB                     ; 26                                                                     ;
;     -- LPM_WIDTHP                     ; 52                                                                     ;
;     -- LPM_REPRESENTATION             ; SIGNED                                                                 ;
;     -- INPUT_A_IS_CONSTANT            ; NO                                                                     ;
;     -- INPUT_B_IS_CONSTANT            ; NO                                                                     ;
;     -- USE_EAB                        ; OFF                                                                    ;
;     -- DEDICATED_MULTIPLIER_CIRCUITRY ; AUTO                                                                   ;
;     -- INPUT_A_FIXED_VALUE            ; Bx                                                                     ;
;     -- INPUT_B_FIXED_VALUE            ; Bx                                                                     ;
; Entity Instance                       ; LayerNorm:LayerNorm|preprocess_stage:i_preprocess_stage|lpm_mult:Mult1 ;
;     -- LPM_WIDTHA                     ; 32                                                                     ;
;     -- LPM_WIDTHB                     ; 28                                                                     ;
;     -- LPM_WIDTHP                     ; 60                                                                     ;
;     -- LPM_REPRESENTATION             ; UNSIGNED                                                               ;
;     -- INPUT_A_IS_CONSTANT            ; NO                                                                     ;
;     -- INPUT_B_IS_CONSTANT            ; YES                                                                    ;
;     -- USE_EAB                        ; OFF                                                                    ;
;     -- DEDICATED_MULTIPLIER_CIRCUITRY ; AUTO                                                                   ;
;     -- INPUT_A_FIXED_VALUE            ; Bx                                                                     ;
;     -- INPUT_B_FIXED_VALUE            ; Bx                                                                     ;
; Entity Instance                       ; LayerNorm:LayerNorm|preprocess_stage:i_preprocess_stage|lpm_mult:Mult0 ;
;     -- LPM_WIDTHA                     ; 32                                                                     ;
;     -- LPM_WIDTHB                     ; 24                                                                     ;
;     -- LPM_WIDTHP                     ; 56                                                                     ;
;     -- LPM_REPRESENTATION             ; UNSIGNED                                                               ;
;     -- INPUT_A_IS_CONSTANT            ; NO                                                                     ;
;     -- INPUT_B_IS_CONSTANT            ; YES                                                                    ;
;     -- USE_EAB                        ; OFF                                                                    ;
;     -- DEDICATED_MULTIPLIER_CIRCUITRY ; AUTO                                                                   ;
;     -- INPUT_A_FIXED_VALUE            ; Bx                                                                     ;
;     -- INPUT_B_FIXED_VALUE            ; Bx                                                                     ;
; Entity Instance                       ; LayerNorm:LayerNorm|affine_stage:i_affine_stage|lpm_mult:Mult1         ;
;     -- LPM_WIDTHA                     ; 32                                                                     ;
;     -- LPM_WIDTHB                     ; 32                                                                     ;
;     -- LPM_WIDTHP                     ; 64                                                                     ;
;     -- LPM_REPRESENTATION             ; SIGNED                                                                 ;
;     -- INPUT_A_IS_CONSTANT            ; NO                                                                     ;
;     -- INPUT_B_IS_CONSTANT            ; NO                                                                     ;
;     -- USE_EAB                        ; OFF                                                                    ;
;     -- DEDICATED_MULTIPLIER_CIRCUITRY ; AUTO                                                                   ;
;     -- INPUT_A_FIXED_VALUE            ; Bx                                                                     ;
;     -- INPUT_B_FIXED_VALUE            ; Bx                                                                     ;
; Entity Instance                       ; LayerNorm:LayerNorm|affine_stage:i_affine_stage|lpm_mult:Mult0         ;
;     -- LPM_WIDTHA                     ; 32                                                                     ;
;     -- LPM_WIDTHB                     ; 17                                                                     ;
;     -- LPM_WIDTHP                     ; 49                                                                     ;
;     -- LPM_REPRESENTATION             ; SIGNED                                                                 ;
;     -- INPUT_A_IS_CONSTANT            ; NO                                                                     ;
;     -- INPUT_B_IS_CONSTANT            ; NO                                                                     ;
;     -- USE_EAB                        ; OFF                                                                    ;
;     -- DEDICATED_MULTIPLIER_CIRCUITRY ; AUTO                                                                   ;
;     -- INPUT_A_FIXED_VALUE            ; Bx                                                                     ;
;     -- INPUT_B_FIXED_VALUE            ; Bx                                                                     ;
+---------------------------------------+------------------------------------------------------------------------+


+----------------------------------------------------------------------------------------------------------------------------------------+
; Port Connectivity Checks: "LayerNorm:LayerNorm|affine_stage:i_affine_stage"                                                            ;
+------------------------------+--------+----------+-------------------------------------------------------------------------------------+
; Port                         ; Type   ; Severity ; Details                                                                             ;
+------------------------------+--------+----------+-------------------------------------------------------------------------------------+
; af_rd_mem_start_addr[31..16] ; Output ; Info     ; Connected to dangling logic. Logic that only feeds a dangling port will be removed. ;
; af_wr_mem_start_addr[31..16] ; Output ; Info     ; Connected to dangling logic. Logic that only feeds a dangling port will be removed. ;
+------------------------------+--------+----------+-------------------------------------------------------------------------------------+


+-------------------------------------------------------------------------------------------------------------------------------------+
; Port Connectivity Checks: "LayerNorm:LayerNorm|preprocess_stage:i_preprocess_stage"                                                 ;
+---------------------------+--------+----------+-------------------------------------------------------------------------------------+
; Port                      ; Type   ; Severity ; Details                                                                             ;
+---------------------------+--------+----------+-------------------------------------------------------------------------------------+
; pp_mem_start_addr[31..16] ; Output ; Info     ; Connected to dangling logic. Logic that only feeds a dangling port will be removed. ;
+---------------------------+--------+----------+-------------------------------------------------------------------------------------+


+-------------------------------------------------------------------------------------------------------------------------------------+
; Port Connectivity Checks: "LayerNorm:LayerNorm|ex_ex2_stage:i_ex_ex2_stage"                                                         ;
+---------------------------+--------+----------+-------------------------------------------------------------------------------------+
; Port                      ; Type   ; Severity ; Details                                                                             ;
+---------------------------+--------+----------+-------------------------------------------------------------------------------------+
; ex_mem_start_addr[31..16] ; Output ; Info     ; Connected to dangling logic. Logic that only feeds a dangling port will be removed. ;
+---------------------------+--------+----------+-------------------------------------------------------------------------------------+


+-------------------------------------------------------------------------------------------------------------------------------------+
; Port Connectivity Checks: "LayerNorm:LayerNorm|zp_stage:i_zp_stage"                                                                 ;
+---------------------------+--------+----------+-------------------------------------------------------------------------------------+
; Port                      ; Type   ; Severity ; Details                                                                             ;
+---------------------------+--------+----------+-------------------------------------------------------------------------------------+
; zp_mem_start_addr[31..16] ; Output ; Info     ; Connected to dangling logic. Logic that only feeds a dangling port will be removed. ;
+---------------------------+--------+----------+-------------------------------------------------------------------------------------+


+-----------------------------------------------------+
; Post-Synthesis Netlist Statistics for Top Partition ;
+-----------------------+-----------------------------+
; Type                  ; Count                       ;
+-----------------------+-----------------------------+
; boundary_port         ; 120                         ;
; cycloneiii_ff         ; 2819                        ;
;     CLR               ; 586                         ;
;     CLR SCLR          ; 32                          ;
;     ENA CLR           ; 2121                        ;
;     ENA CLR SCLR      ; 76                          ;
;     plain             ; 4                           ;
; cycloneiii_lcell_comb ; 3690                        ;
;     arith             ; 1051                        ;
;         2 data inputs ; 340                         ;
;         3 data inputs ; 711                         ;
;     normal            ; 2639                        ;
;         0 data inputs ; 6                           ;
;         1 data inputs ; 31                          ;
;         2 data inputs ; 96                          ;
;         3 data inputs ; 774                         ;
;         4 data inputs ; 1732                        ;
; cycloneiii_mac_mult   ; 17                          ;
; cycloneiii_mac_out    ; 17                          ;
; cycloneiii_ram_block  ; 32                          ;
;                       ;                             ;
; Max LUT depth         ; 20.30                       ;
; Average LUT depth     ; 8.76                        ;
+-----------------------+-----------------------------+


+-------------------------------+
; Elapsed Time Per Partition    ;
+----------------+--------------+
; Partition Name ; Elapsed Time ;
+----------------+--------------+
; Top            ; 00:00:09     ;
+----------------+--------------+


+-------------------------------+
; Analysis & Synthesis Messages ;
+-------------------------------+
Info: *******************************************************************
Info: Running Quartus Prime Analysis & Synthesis
    Info: Version 24.1std.0 Build 1077 03/04/2025 SC Lite Edition
    Info: Copyright (C) 2025  Altera Corporation. All rights reserved.
    Info: Your use of Altera Corporation's design tools, logic functions 
    Info: and other software and tools, and any partner logic 
    Info: functions, and any output files from any of the foregoing 
    Info: (including device programming or simulation files), and any 
    Info: associated documentation or information are expressly subject 
    Info: to the terms and conditions of the Altera Program License 
    Info: Subscription Agreement, the Altera Quartus Prime License Agreement,
    Info: the Altera IP License Agreement, or other applicable license
    Info: agreement, including, without limitation, that your use is for
    Info: the sole purpose of programming logic devices manufactured by
    Info: Altera and sold by Altera or its authorized distributors.  Please
    Info: refer to the Altera Software License Subscription Agreements 
    Info: on the Quartus Prime software download page.
    Info: Processing started: Thu Jul  9 18:06:24 2026
Info: Command: quartus_map --read_settings_files=on --write_settings_files=off LayerNorm -c LayerNorm
Info (12021): Found 1 design units, including 0 entities, in source file /project/tsmc65/shared/k5_share/k5_xbox/hw/xbox/xbox_def_pkg.sv
    Info (12022): Found design unit 1: xbox_def_pkg (SystemVerilog) File: /project/tsmc65/shared/k5_share/k5_xbox/hw/xbox/xbox_def_pkg.sv Line: 1
Info (12021): Found 1 design units, including 1 entities, in source file /project/tsmc65/shared/k5_share/k5_xbox/hw/xbox/xbox_xlrs/mem/mem_intf_read.sv
    Info (12023): Found entity 1: mem_intf_read File: /project/tsmc65/shared/k5_share/k5_xbox/hw/xbox/xbox_xlrs/mem/mem_intf_read.sv Line: 2
Info (12021): Found 1 design units, including 1 entities, in source file /project/tsmc65/shared/k5_share/k5_xbox/hw/xbox/xbox_xlrs/mem/mem_intf_write.sv
    Info (12023): Found entity 1: mem_intf_write File: /project/tsmc65/shared/k5_share/k5_xbox/hw/xbox/xbox_xlrs/mem/mem_intf_write.sv Line: 3
Info (12021): Found 1 design units, including 1 entities, in source file /data/project/tsmc65/shared/qsyn/qsyn_dummy_xlr_wrap/qsyn_dummy_xlr_wrap.sv
    Info (12023): Found entity 1: qsyn_dummy_xlr_wrap File: /data/project/tsmc65/shared/qsyn/qsyn_dummy_xlr_wrap/qsyn_dummy_xlr_wrap.sv Line: 3
Info (12021): Found 1 design units, including 1 entities, in source file /data/project/tsmc65/users/steinse/ws/my_k5_proj/hw/xlrs/LayerNorm/LayerNorm.sv
    Info (12023): Found entity 1: LayerNorm File: /data/project/tsmc65/users/steinse/ws/my_k5_proj/hw/xlrs/LayerNorm/LayerNorm.sv Line: 5
Info (12021): Found 1 design units, including 1 entities, in source file /data/project/tsmc65/users/steinse/ws/my_k5_proj/hw/xlrs/LayerNorm/zp.sv
    Info (12023): Found entity 1: zp_stage File: /data/project/tsmc65/users/steinse/ws/my_k5_proj/hw/xlrs/LayerNorm/zp.sv Line: 3
Info (12021): Found 1 design units, including 1 entities, in source file /data/project/tsmc65/users/steinse/ws/my_k5_proj/hw/xlrs/LayerNorm/ex_ex2.sv
    Info (12023): Found entity 1: ex_ex2_stage File: /data/project/tsmc65/users/steinse/ws/my_k5_proj/hw/xlrs/LayerNorm/ex_ex2.sv Line: 3
Info (12021): Found 1 design units, including 1 entities, in source file /data/project/tsmc65/users/steinse/ws/my_k5_proj/hw/xlrs/LayerNorm/PreProcess.sv
    Info (12023): Found entity 1: preprocess_stage File: /data/project/tsmc65/users/steinse/ws/my_k5_proj/hw/xlrs/LayerNorm/PreProcess.sv Line: 3
Info (12021): Found 1 design units, including 1 entities, in source file /data/project/tsmc65/users/steinse/ws/my_k5_proj/hw/xlrs/LayerNorm/Affine.sv
    Info (12023): Found entity 1: affine_stage File: /data/project/tsmc65/users/steinse/ws/my_k5_proj/hw/xlrs/LayerNorm/Affine.sv Line: 3
Info (12127): Elaborating entity "qsyn_dummy_xlr_wrap" for the top level hierarchy
Info (12128): Elaborating entity "mem_intf_read" for hierarchy "mem_intf_read:mem_intf_read" File: /data/project/tsmc65/shared/qsyn/qsyn_dummy_xlr_wrap/qsyn_dummy_xlr_wrap.sv Line: 33
Warning (12158): Entity "mem_intf_read" contains only dangling pins File: /data/project/tsmc65/shared/qsyn/qsyn_dummy_xlr_wrap/qsyn_dummy_xlr_wrap.sv Line: 33
Info (12128): Elaborating entity "mem_intf_write" for hierarchy "mem_intf_write:mem_intf_write" File: /data/project/tsmc65/shared/qsyn/qsyn_dummy_xlr_wrap/qsyn_dummy_xlr_wrap.sv Line: 34
Warning (12158): Entity "mem_intf_write" contains only dangling pins File: /data/project/tsmc65/shared/qsyn/qsyn_dummy_xlr_wrap/qsyn_dummy_xlr_wrap.sv Line: 34
Info (12128): Elaborating entity "LayerNorm" for hierarchy "LayerNorm:LayerNorm" File: /data/project/tsmc65/shared/qsyn/qsyn_dummy_xlr_wrap/qsyn_dummy_xlr_wrap.sv Line: 62
Warning (10230): Verilog HDL assignment warning at LayerNorm.sv(108): truncated value with size 32 to match size of target (16) File: /data/project/tsmc65/users/steinse/ws/my_k5_proj/hw/xlrs/LayerNorm/LayerNorm.sv Line: 108
Warning (10230): Verilog HDL assignment warning at LayerNorm.sv(113): truncated value with size 32 to match size of target (16) File: /data/project/tsmc65/users/steinse/ws/my_k5_proj/hw/xlrs/LayerNorm/LayerNorm.sv Line: 113
Warning (10230): Verilog HDL assignment warning at LayerNorm.sv(118): truncated value with size 32 to match size of target (16) File: /data/project/tsmc65/users/steinse/ws/my_k5_proj/hw/xlrs/LayerNorm/LayerNorm.sv Line: 118
Warning (10230): Verilog HDL assignment warning at LayerNorm.sv(123): truncated value with size 32 to match size of target (16) File: /data/project/tsmc65/users/steinse/ws/my_k5_proj/hw/xlrs/LayerNorm/LayerNorm.sv Line: 123
Info (10264): Verilog HDL Case Statement information at LayerNorm.sv(105): all case item expressions in this case statement are onehot File: /data/project/tsmc65/users/steinse/ws/my_k5_proj/hw/xlrs/LayerNorm/LayerNorm.sv Line: 105
Warning (10230): Verilog HDL assignment warning at LayerNorm.sv(140): truncated value with size 32 to match size of target (16) File: /data/project/tsmc65/users/steinse/ws/my_k5_proj/hw/xlrs/LayerNorm/LayerNorm.sv Line: 140
Info (12128): Elaborating entity "zp_stage" for hierarchy "LayerNorm:LayerNorm|zp_stage:i_zp_stage" File: /data/project/tsmc65/users/steinse/ws/my_k5_proj/hw/xlrs/LayerNorm/LayerNorm.sv Line: 296
Warning (10036): Verilog HDL or VHDL warning at zp.sv(36): object "done_reg" assigned a value but never read File: /data/project/tsmc65/users/steinse/ws/my_k5_proj/hw/xlrs/LayerNorm/zp.sv Line: 36
Info (12128): Elaborating entity "ex_ex2_stage" for hierarchy "LayerNorm:LayerNorm|ex_ex2_stage:i_ex_ex2_stage" File: /data/project/tsmc65/users/steinse/ws/my_k5_proj/hw/xlrs/LayerNorm/LayerNorm.sv Line: 315
Info (10264): Verilog HDL Case Statement information at ex_ex2.sv(227): all case item expressions in this case statement are onehot File: /data/project/tsmc65/users/steinse/ws/my_k5_proj/hw/xlrs/LayerNorm/ex_ex2.sv Line: 227
Info (12128): Elaborating entity "preprocess_stage" for hierarchy "LayerNorm:LayerNorm|preprocess_stage:i_preprocess_stage" File: /data/project/tsmc65/users/steinse/ws/my_k5_proj/hw/xlrs/LayerNorm/LayerNorm.sv Line: 334
Warning (10036): Verilog HDL or VHDL warning at PreProcess.sv(89): object "done_reg" assigned a value but never read File: /data/project/tsmc65/users/steinse/ws/my_k5_proj/hw/xlrs/LayerNorm/PreProcess.sv Line: 89
Info (12128): Elaborating entity "affine_stage" for hierarchy "LayerNorm:LayerNorm|affine_stage:i_affine_stage" File: /data/project/tsmc65/users/steinse/ws/my_k5_proj/hw/xlrs/LayerNorm/LayerNorm.sv Line: 361
Info (10264): Verilog HDL Case Statement information at Affine.sv(347): all case item expressions in this case statement are onehot File: /data/project/tsmc65/users/steinse/ws/my_k5_proj/hw/xlrs/LayerNorm/Affine.sv Line: 347
Info (19000): Inferred 1 megafunctions from design logic
    Info (276034): Inferred altshift_taps megafunction from the following design logic: "LayerNorm:LayerNorm|affine_stage:i_affine_stage|p2_b_s_rtl_0"
        Info (286033): Parameter NUMBER_OF_TAPS set to 1
        Info (286033): Parameter TAP_DISTANCE set to 3
        Info (286033): Parameter WIDTH set to 32
Info (278001): Inferred 5 megafunctions from design logic
    Info (278003): Inferred multiplier megafunction ("lpm_mult") from the following logic: "LayerNorm:LayerNorm|preprocess_stage:i_preprocess_stage|Mult2" File: /data/project/tsmc65/users/steinse/ws/my_k5_proj/hw/xlrs/LayerNorm/PreProcess.sv Line: 72
    Info (278003): Inferred multiplier megafunction ("lpm_mult") from the following logic: "LayerNorm:LayerNorm|preprocess_stage:i_preprocess_stage|Mult1" File: /data/project/tsmc65/users/steinse/ws/my_k5_proj/hw/xlrs/LayerNorm/PreProcess.sv Line: 70
    Info (278003): Inferred multiplier megafunction ("lpm_mult") from the following logic: "LayerNorm:LayerNorm|preprocess_stage:i_preprocess_stage|Mult0" File: /data/project/tsmc65/users/steinse/ws/my_k5_proj/hw/xlrs/LayerNorm/PreProcess.sv Line: 63
    Info (278003): Inferred multiplier megafunction ("lpm_mult") from the following logic: "LayerNorm:LayerNorm|affine_stage:i_affine_stage|Mult1" File: /data/project/tsmc65/users/steinse/ws/my_k5_proj/hw/xlrs/LayerNorm/Affine.sv Line: 186
    Info (278003): Inferred multiplier megafunction ("lpm_mult") from the following logic: "LayerNorm:LayerNorm|affine_stage:i_affine_stage|Mult0" File: /data/project/tsmc65/users/steinse/ws/my_k5_proj/hw/xlrs/LayerNorm/Affine.sv Line: 178
Info (12130): Elaborated megafunction instantiation "LayerNorm:LayerNorm|affine_stage:i_affine_stage|altshift_taps:p2_b_s_rtl_0"
Info (12133): Instantiated megafunction "LayerNorm:LayerNorm|affine_stage:i_affine_stage|altshift_taps:p2_b_s_rtl_0" with the following parameter:
    Info (12134): Parameter "NUMBER_OF_TAPS" = "1"
    Info (12134): Parameter "TAP_DISTANCE" = "3"
    Info (12134): Parameter "WIDTH" = "32"
Info (12021): Found 1 design units, including 1 entities, in source file db/shift_taps_2vl.tdf
    Info (12023): Found entity 1: shift_taps_2vl File: /project/tsmc65/users/steinse/ws/my_k5_proj/hw/xlrs/LayerNorm/db/shift_taps_2vl.tdf Line: 31
Info (12021): Found 1 design units, including 1 entities, in source file db/altsyncram_jj51.tdf
    Info (12023): Found entity 1: altsyncram_jj51 File: /project/tsmc65/users/steinse/ws/my_k5_proj/hw/xlrs/LayerNorm/db/altsyncram_jj51.tdf Line: 28
Info (12021): Found 1 design units, including 1 entities, in source file db/add_sub_oed.tdf
    Info (12023): Found entity 1: add_sub_oed File: /project/tsmc65/users/steinse/ws/my_k5_proj/hw/xlrs/LayerNorm/db/add_sub_oed.tdf Line: 23
Info (12021): Found 1 design units, including 1 entities, in source file db/cntr_s3f.tdf
    Info (12023): Found entity 1: cntr_s3f File: /project/tsmc65/users/steinse/ws/my_k5_proj/hw/xlrs/LayerNorm/db/cntr_s3f.tdf Line: 25
Info (12021): Found 1 design units, including 1 entities, in source file db/cmpr_erb.tdf
    Info (12023): Found entity 1: cmpr_erb File: /project/tsmc65/users/steinse/ws/my_k5_proj/hw/xlrs/LayerNorm/db/cmpr_erb.tdf Line: 23
Info (12021): Found 1 design units, including 1 entities, in source file db/cntr_fjg.tdf
    Info (12023): Found entity 1: cntr_fjg File: /project/tsmc65/users/steinse/ws/my_k5_proj/hw/xlrs/LayerNorm/db/cntr_fjg.tdf Line: 26
Info (12130): Elaborated megafunction instantiation "LayerNorm:LayerNorm|preprocess_stage:i_preprocess_stage|lpm_mult:Mult2" File: /data/project/tsmc65/users/steinse/ws/my_k5_proj/hw/xlrs/LayerNorm/PreProcess.sv Line: 72
Info (12133): Instantiated megafunction "LayerNorm:LayerNorm|preprocess_stage:i_preprocess_stage|lpm_mult:Mult2" with the following parameter: File: /data/project/tsmc65/users/steinse/ws/my_k5_proj/hw/xlrs/LayerNorm/PreProcess.sv Line: 72
    Info (12134): Parameter "LPM_WIDTHA" = "26"
    Info (12134): Parameter "LPM_WIDTHB" = "26"
    Info (12134): Parameter "LPM_WIDTHP" = "52"
    Info (12134): Parameter "LPM_WIDTHR" = "52"
    Info (12134): Parameter "LPM_WIDTHS" = "1"
    Info (12134): Parameter "LPM_REPRESENTATION" = "SIGNED"
    Info (12134): Parameter "INPUT_A_IS_CONSTANT" = "NO"
    Info (12134): Parameter "INPUT_B_IS_CONSTANT" = "NO"
    Info (12134): Parameter "MAXIMIZE_SPEED" = "5"
Info (12021): Found 1 design units, including 1 entities, in source file db/mult_tgs.tdf
    Info (12023): Found entity 1: mult_tgs File: /project/tsmc65/users/steinse/ws/my_k5_proj/hw/xlrs/LayerNorm/db/mult_tgs.tdf Line: 31
Info (12130): Elaborated megafunction instantiation "LayerNorm:LayerNorm|preprocess_stage:i_preprocess_stage|lpm_mult:Mult1" File: /data/project/tsmc65/users/steinse/ws/my_k5_proj/hw/xlrs/LayerNorm/PreProcess.sv Line: 70
Info (12133): Instantiated megafunction "LayerNorm:LayerNorm|preprocess_stage:i_preprocess_stage|lpm_mult:Mult1" with the following parameter: File: /data/project/tsmc65/users/steinse/ws/my_k5_proj/hw/xlrs/LayerNorm/PreProcess.sv Line: 70
    Info (12134): Parameter "LPM_WIDTHA" = "32"
    Info (12134): Parameter "LPM_WIDTHB" = "28"
    Info (12134): Parameter "LPM_WIDTHP" = "60"
    Info (12134): Parameter "LPM_WIDTHR" = "60"
    Info (12134): Parameter "LPM_WIDTHS" = "1"
    Info (12134): Parameter "LPM_REPRESENTATION" = "UNSIGNED"
    Info (12134): Parameter "INPUT_A_IS_CONSTANT" = "NO"
    Info (12134): Parameter "INPUT_B_IS_CONSTANT" = "YES"
    Info (12134): Parameter "MAXIMIZE_SPEED" = "5"
Info (12021): Found 1 design units, including 1 entities, in source file db/mult_irs.tdf
    Info (12023): Found entity 1: mult_irs File: /project/tsmc65/users/steinse/ws/my_k5_proj/hw/xlrs/LayerNorm/db/mult_irs.tdf Line: 31
Info (12130): Elaborated megafunction instantiation "LayerNorm:LayerNorm|preprocess_stage:i_preprocess_stage|lpm_mult:Mult0" File: /data/project/tsmc65/users/steinse/ws/my_k5_proj/hw/xlrs/LayerNorm/PreProcess.sv Line: 63
Info (12133): Instantiated megafunction "LayerNorm:LayerNorm|preprocess_stage:i_preprocess_stage|lpm_mult:Mult0" with the following parameter: File: /data/project/tsmc65/users/steinse/ws/my_k5_proj/hw/xlrs/LayerNorm/PreProcess.sv Line: 63
    Info (12134): Parameter "LPM_WIDTHA" = "32"
    Info (12134): Parameter "LPM_WIDTHB" = "24"
    Info (12134): Parameter "LPM_WIDTHP" = "56"
    Info (12134): Parameter "LPM_WIDTHR" = "56"
    Info (12134): Parameter "LPM_WIDTHS" = "1"
    Info (12134): Parameter "LPM_REPRESENTATION" = "UNSIGNED"
    Info (12134): Parameter "INPUT_A_IS_CONSTANT" = "NO"
    Info (12134): Parameter "INPUT_B_IS_CONSTANT" = "YES"
    Info (12134): Parameter "MAXIMIZE_SPEED" = "5"
Info (12021): Found 1 design units, including 1 entities, in source file db/mult_jrs.tdf
    Info (12023): Found entity 1: mult_jrs File: /project/tsmc65/users/steinse/ws/my_k5_proj/hw/xlrs/LayerNorm/db/mult_jrs.tdf Line: 31
Info (12130): Elaborated megafunction instantiation "LayerNorm:LayerNorm|affine_stage:i_affine_stage|lpm_mult:Mult1" File: /data/project/tsmc65/users/steinse/ws/my_k5_proj/hw/xlrs/LayerNorm/Affine.sv Line: 186
Info (12133): Instantiated megafunction "LayerNorm:LayerNorm|affine_stage:i_affine_stage|lpm_mult:Mult1" with the following parameter: File: /data/project/tsmc65/users/steinse/ws/my_k5_proj/hw/xlrs/LayerNorm/Affine.sv Line: 186
    Info (12134): Parameter "LPM_WIDTHA" = "32"
    Info (12134): Parameter "LPM_WIDTHB" = "32"
    Info (12134): Parameter "LPM_WIDTHP" = "64"
    Info (12134): Parameter "LPM_WIDTHR" = "64"
    Info (12134): Parameter "LPM_WIDTHS" = "1"
    Info (12134): Parameter "LPM_REPRESENTATION" = "SIGNED"
    Info (12134): Parameter "INPUT_A_IS_CONSTANT" = "NO"
    Info (12134): Parameter "INPUT_B_IS_CONSTANT" = "NO"
    Info (12134): Parameter "MAXIMIZE_SPEED" = "5"
Info (12021): Found 1 design units, including 1 entities, in source file db/mult_qgs.tdf
    Info (12023): Found entity 1: mult_qgs File: /project/tsmc65/users/steinse/ws/my_k5_proj/hw/xlrs/LayerNorm/db/mult_qgs.tdf Line: 31
Info (12130): Elaborated megafunction instantiation "LayerNorm:LayerNorm|affine_stage:i_affine_stage|lpm_mult:Mult0" File: /data/project/tsmc65/users/steinse/ws/my_k5_proj/hw/xlrs/LayerNorm/Affine.sv Line: 178
Info (12133): Instantiated megafunction "LayerNorm:LayerNorm|affine_stage:i_affine_stage|lpm_mult:Mult0" with the following parameter: File: /data/project/tsmc65/users/steinse/ws/my_k5_proj/hw/xlrs/LayerNorm/Affine.sv Line: 178
    Info (12134): Parameter "LPM_WIDTHA" = "32"
    Info (12134): Parameter "LPM_WIDTHB" = "17"
    Info (12134): Parameter "LPM_WIDTHP" = "49"
    Info (12134): Parameter "LPM_WIDTHR" = "49"
    Info (12134): Parameter "LPM_WIDTHS" = "1"
    Info (12134): Parameter "LPM_REPRESENTATION" = "SIGNED"
    Info (12134): Parameter "INPUT_A_IS_CONSTANT" = "NO"
    Info (12134): Parameter "INPUT_B_IS_CONSTANT" = "NO"
    Info (12134): Parameter "MAXIMIZE_SPEED" = "5"
Info (12021): Found 1 design units, including 1 entities, in source file db/mult_0hs.tdf
    Info (12023): Found entity 1: mult_0hs File: /project/tsmc65/users/steinse/ws/my_k5_proj/hw/xlrs/LayerNorm/db/mult_0hs.tdf Line: 31
Warning (14284): Synthesized away the following node(s):
    Warning (14285): Synthesized away the following DSP element node(s):
        Warning (14320): Synthesized away node "LayerNorm:LayerNorm|preprocess_stage:i_preprocess_stage|lpm_mult:Mult2|mult_tgs:auto_generated|mac_mult7" File: /project/tsmc65/users/steinse/ws/my_k5_proj/hw/xlrs/LayerNorm/db/mult_tgs.tdf Line: 67
        Warning (14320): Synthesized away node "LayerNorm:LayerNorm|preprocess_stage:i_preprocess_stage|lpm_mult:Mult2|mult_tgs:auto_generated|mac_out8" File: /project/tsmc65/users/steinse/ws/my_k5_proj/hw/xlrs/LayerNorm/db/mult_tgs.tdf Line: 91
Info (13014): Ignored 632 buffer(s)
    Info (13019): Ignored 632 SOFT buffer(s)
Info (13000): Registers with preset signals will power-up high File: /data/project/tsmc65/users/steinse/ws/my_k5_proj/hw/xlrs/LayerNorm/ex_ex2.sv Line: 227
Info (13003): DEV_CLRn pin will set, and not reset, register with preset signal due to NOT Gate Push-Back
Info (286030): Timing-Driven Synthesis is running
Info (17049): 191 registers lost all their fanouts during netlist optimizations.
Info (144001): Generated suppressed messages file /project/tsmc65/users/steinse/ws/my_k5_proj/hw/xlrs/LayerNorm/qsyn_output_files/LayerNorm.map.smsg
Info (16010): Generating hard_block partition "hard_block:auto_generated_inst"
    Info (16011): Adding 0 node(s), including 0 DDIO, 0 PLL, 0 transceiver and 0 LCELL
Warning (21074): Design contains 16 input pin(s) that do not drive logic
    Warning (15610): No output dependent on input pin "host_regs_read_pulse[0]" File: /data/project/tsmc65/shared/qsyn/qsyn_dummy_xlr_wrap/qsyn_dummy_xlr_wrap.sv Line: 26
    Warning (15610): No output dependent on input pin "host_regs_read_pulse[1]" File: /data/project/tsmc65/shared/qsyn/qsyn_dummy_xlr_wrap/qsyn_dummy_xlr_wrap.sv Line: 26
    Warning (15610): No output dependent on input pin "host_regs_read_pulse[2]" File: /data/project/tsmc65/shared/qsyn/qsyn_dummy_xlr_wrap/qsyn_dummy_xlr_wrap.sv Line: 26
    Warning (15610): No output dependent on input pin "host_regs_read_pulse[3]" File: /data/project/tsmc65/shared/qsyn/qsyn_dummy_xlr_wrap/qsyn_dummy_xlr_wrap.sv Line: 26
    Warning (15610): No output dependent on input pin "host_regs_read_pulse[4]" File: /data/project/tsmc65/shared/qsyn/qsyn_dummy_xlr_wrap/qsyn_dummy_xlr_wrap.sv Line: 26
    Warning (15610): No output dependent on input pin "host_regs_read_pulse[5]" File: /data/project/tsmc65/shared/qsyn/qsyn_dummy_xlr_wrap/qsyn_dummy_xlr_wrap.sv Line: 26
    Warning (15610): No output dependent on input pin "host_regs_read_pulse[6]" File: /data/project/tsmc65/shared/qsyn/qsyn_dummy_xlr_wrap/qsyn_dummy_xlr_wrap.sv Line: 26
    Warning (15610): No output dependent on input pin "host_regs_read_pulse[7]" File: /data/project/tsmc65/shared/qsyn/qsyn_dummy_xlr_wrap/qsyn_dummy_xlr_wrap.sv Line: 26
    Warning (15610): No output dependent on input pin "host_regs_read_pulse[8]" File: /data/project/tsmc65/shared/qsyn/qsyn_dummy_xlr_wrap/qsyn_dummy_xlr_wrap.sv Line: 26
    Warning (15610): No output dependent on input pin "host_regs_read_pulse[9]" File: /data/project/tsmc65/shared/qsyn/qsyn_dummy_xlr_wrap/qsyn_dummy_xlr_wrap.sv Line: 26
    Warning (15610): No output dependent on input pin "host_regs_read_pulse[10]" File: /data/project/tsmc65/shared/qsyn/qsyn_dummy_xlr_wrap/qsyn_dummy_xlr_wrap.sv Line: 26
    Warning (15610): No output dependent on input pin "host_regs_read_pulse[11]" File: /data/project/tsmc65/shared/qsyn/qsyn_dummy_xlr_wrap/qsyn_dummy_xlr_wrap.sv Line: 26
    Warning (15610): No output dependent on input pin "host_regs_read_pulse[12]" File: /data/project/tsmc65/shared/qsyn/qsyn_dummy_xlr_wrap/qsyn_dummy_xlr_wrap.sv Line: 26
    Warning (15610): No output dependent on input pin "host_regs_read_pulse[13]" File: /data/project/tsmc65/shared/qsyn/qsyn_dummy_xlr_wrap/qsyn_dummy_xlr_wrap.sv Line: 26
    Warning (15610): No output dependent on input pin "host_regs_read_pulse[14]" File: /data/project/tsmc65/shared/qsyn/qsyn_dummy_xlr_wrap/qsyn_dummy_xlr_wrap.sv Line: 26
    Warning (15610): No output dependent on input pin "host_regs_read_pulse[15]" File: /data/project/tsmc65/shared/qsyn/qsyn_dummy_xlr_wrap/qsyn_dummy_xlr_wrap.sv Line: 26
Info (21057): Implemented 6074 device resources after synthesis - the final resource count might be different
    Info (21058): Implemented 63 input pins
    Info (21059): Implemented 57 output pins
    Info (21061): Implemented 5888 logic cells
    Info (21064): Implemented 32 RAM segments
    Info (21062): Implemented 34 DSP elements
Info: Quartus Prime Analysis & Synthesis was successful. 0 errors, 30 warnings
    Info: Peak virtual memory: 667 megabytes
    Info: Processing ended: Thu Jul  9 18:06:47 2026
    Info: Elapsed time: 00:00:23
    Info: Total CPU time (on all processors): 00:00:24


+------------------------------------------+
; Analysis & Synthesis Suppressed Messages ;
+------------------------------------------+
The suppressed messages can be found in /project/tsmc65/users/steinse/ws/my_k5_proj/hw/xlrs/LayerNorm/qsyn_output_files/LayerNorm.map.smsg.


