Info: *******************************************************************
Info: Running Quartus Prime Timing Analyzer
    Info: Version 24.1std.0 Build 1077 03/04/2025 SC Lite Edition
    Info: Copyright (C) 2025  Altera Corporation. All rights reserved.
    Info: Your use of Altera Corporation's design tools, logic functions 
    Info: and other software and tools, and any partner logic 
    Info: functions, and any output files from any of the foregoing 
    Info: (including device programming or simulation files), and any 
    Info: associated documentation or information are expressly subject 
    Info: to the terms and conditions of the Altera Program License 
    Info: Subscription Agreement, the Altera Quartus Prime License Agreement,
    Info: the Altera IP License Agreement, or other applicable license
    Info: agreement, including, without limitation, that your use is for
    Info: the sole purpose of programming logic devices manufactured by
    Info: Altera and sold by Altera or its authorized distributors.  Please
    Info: refer to the Altera Software License Subscription Agreements 
    Info: on the Quartus Prime software download page.
    Info: Processing started: Thu Jul  9 18:08:13 2026
Info: Command: quartus_sta -t /data/project/tsmc65/shared/qsyn/util/report_worst.tcl LayerNorm
Info: Quartus(args): LayerNorm
Info (21076): High junction temperature operating condition is not set. Assuming a default value of '85'.
Info (21076): Low junction temperature operating condition is not set. Assuming a default value of '0'.
Critical Warning (332012): Synopsys Design Constraints File file not found: '/data/project/tsmc65/shared/qsyn/basic.sdc'. A Synopsys Design Constraints File is required by the Timing Analyzer to get proper timing constraints. Without it, the Compiler will not properly optimize the design.
Info (332142): No user constrained base clocks found in the design. Calling "derive_clocks -period 1.0"
Info (332105): Deriving Clocks
    Info (332105): create_clock -period 1.000 -name clk clk
Info (332143): No user constrained clock uncertainty found in the design. Calling "derive_clock_uncertainty"
Info (332123): Deriving Clock Uncertainty. Please refer to report_sdc in the Timing Analyzer to see clock uncertainties.
Info (332115): Report Timing: Found 20 setup paths (20 violated).  Worst case slack is -17.442
    Info (332115): -setup
    Info (332115): -npaths 20
    Info (332115): -detail full_path
    Info (332115): -stdout
Info (332115): Path #1: Setup slack is -17.442 (VIOLATED)
    Info (332115): ===================================================================
    Info (332115): From Node    : LayerNorm:LayerNorm|ex_ex2_stage:i_ex_ex2_stage|lane_cnt[3]
    Info (332115): To Node      : LayerNorm:LayerNorm|ex_ex2_stage:i_ex_ex2_stage|ex2_reg[30]
    Info (332115): Launch Clock : clk
    Info (332115): Latch Clock  : clk
    Info (332115): Data Arrival Path:
    Info (332115): Total (ns)  Incr (ns)     Type  Element
    Info (332115): ==========  ========= ==  ====  ===================================
    Info (332115):      0.000      0.000           launch edge time
    Info (332115):      0.000      0.000           source latency
    Info (332115):      0.000      0.000           clk
    Info (332115):      0.000      0.000 RR    IC  clk~input|i
    Info (332115):      0.708      0.708 RR  CELL  clk~input|o
    Info (332115):      1.602      0.894 RR    IC  clk~inputclkctrl|inclk[0]
    Info (332115):      1.602      0.000 RR  CELL  clk~inputclkctrl|outclk
    Info (332115):      3.044      1.442 RR    IC  LayerNorm|i_ex_ex2_stage|lane_cnt[3]|clk
    Info (332115):      3.554      0.510 RR  CELL  LayerNorm:LayerNorm|ex_ex2_stage:i_ex_ex2_stage|lane_cnt[3]
    Info (332115):      3.761      0.207     uTco  LayerNorm:LayerNorm|ex_ex2_stage:i_ex_ex2_stage|lane_cnt[3]
    Info (332115):      3.761      0.000 FF  CELL  LayerNorm|i_ex_ex2_stage|lane_cnt[3]|q
    Info (332115):      4.773      1.012 FF    IC  LayerNorm|i_ex_ex2_stage|Mux5~4|datab
    Info (332115):      5.206      0.433 FR  CELL  LayerNorm|i_ex_ex2_stage|Mux5~4|combout
    Info (332115):      5.408      0.202 RR    IC  LayerNorm|i_ex_ex2_stage|Mux5~5|datad
    Info (332115):      5.553      0.145 RF  CELL  LayerNorm|i_ex_ex2_stage|Mux5~5|combout
    Info (332115):      5.800      0.247 FF    IC  LayerNorm|i_ex_ex2_stage|Mux5~6|datac
    Info (332115):      6.103      0.303 FF  CELL  LayerNorm|i_ex_ex2_stage|Mux5~6|combout
    Info (332115):      6.350      0.247 FF    IC  LayerNorm|i_ex_ex2_stage|Mux5~9|datac
    Info (332115):      6.653      0.303 FF  CELL  LayerNorm|i_ex_ex2_stage|Mux5~9|combout
    Info (332115):      6.932      0.279 FF    IC  LayerNorm|i_ex_ex2_stage|Mux5~20|datab
    Info (332115):      7.356      0.424 FF  CELL  LayerNorm|i_ex_ex2_stage|Mux5~20|combout
    Info (332115):      8.158      0.802 FF    IC  LayerNorm|i_ex_ex2_stage|xi_s[2]~4|dataa
    Info (332115):      8.635      0.477 FF  CELL  LayerNorm|i_ex_ex2_stage|xi_s[2]~4|cout
    Info (332115):      8.635      0.000 FF    IC  LayerNorm|i_ex_ex2_stage|xi_s[3]~6|cin
    Info (332115):      8.694      0.059 FR  CELL  LayerNorm|i_ex_ex2_stage|xi_s[3]~6|cout
    Info (332115):      8.694      0.000 RR    IC  LayerNorm|i_ex_ex2_stage|xi_s[4]~8|cin
    Info (332115):      9.299      0.605 RF  CELL  LayerNorm|i_ex_ex2_stage|xi_s[4]~8|combout
    Info (332115):      9.748      0.449 FF    IC  LayerNorm|i_ex_ex2_stage|Add6~6|dataa
    Info (332115):     10.225      0.477 FF  CELL  LayerNorm|i_ex_ex2_stage|Add6~6|cout
    Info (332115):     10.225      0.000 FF    IC  LayerNorm|i_ex_ex2_stage|Add6~8|cin
    Info (332115):     10.284      0.059 FR  CELL  LayerNorm|i_ex_ex2_stage|Add6~8|cout
    Info (332115):     10.284      0.000 RR    IC  LayerNorm|i_ex_ex2_stage|Add6~10|cin
    Info (332115):     10.889      0.605 RF  CELL  LayerNorm|i_ex_ex2_stage|Add6~10|combout
    Info (332115):     11.124      0.235 FF    IC  LayerNorm|i_ex_ex2_stage|Add6~12|datad
    Info (332115):     11.255      0.131 FF  CELL  LayerNorm|i_ex_ex2_stage|Add6~12|combout
    Info (332115):     12.106      0.851 FF    IC  LayerNorm|i_ex_ex2_stage|Add7~8|datab
    Info (332115):     12.587      0.481 FF  CELL  LayerNorm|i_ex_ex2_stage|Add7~8|cout
    Info (332115):     12.587      0.000 FF    IC  LayerNorm|i_ex_ex2_stage|Add7~10|cin
    Info (332115):     12.646      0.059 FR  CELL  LayerNorm|i_ex_ex2_stage|Add7~10|cout
    Info (332115):     12.646      0.000 RR    IC  LayerNorm|i_ex_ex2_stage|Add7~12|cin
    Info (332115):     13.251      0.605 RF  CELL  LayerNorm|i_ex_ex2_stage|Add7~12|combout
    Info (332115):     14.013      0.762 FF    IC  LayerNorm|i_ex_ex2_stage|c_s[0]~2|dataa
    Info (332115):     14.402      0.389 FR  CELL  LayerNorm|i_ex_ex2_stage|c_s[0]~2|combout
    Info (332115):     14.949      0.547 RR    IC  LayerNorm|i_ex_ex2_stage|WideOr2~0|dataa
    Info (332115):     15.388      0.439 RF  CELL  LayerNorm|i_ex_ex2_stage|WideOr2~0|combout
    Info (332115):     16.152      0.764 FF    IC  LayerNorm|i_ex_ex2_stage|ShiftLeft1~52|datac
    Info (332115):     16.455      0.303 FF  CELL  LayerNorm|i_ex_ex2_stage|ShiftLeft1~52|combout
    Info (332115):     16.711      0.256 FF    IC  LayerNorm|i_ex_ex2_stage|ShiftLeft1~96|datac
    Info (332115):     17.014      0.303 FF  CELL  LayerNorm|i_ex_ex2_stage|ShiftLeft1~96|combout
    Info (332115):     17.264      0.250 FF    IC  LayerNorm|i_ex_ex2_stage|ShiftLeft1~97|datad
    Info (332115):     17.395      0.131 FF  CELL  LayerNorm|i_ex_ex2_stage|ShiftLeft1~97|combout
    Info (332115):     18.167      0.772 FF    IC  LayerNorm|i_ex_ex2_stage|ex2_reg[10]~53|dataa
    Info (332115):     18.644      0.477 FF  CELL  LayerNorm|i_ex_ex2_stage|ex2_reg[10]~53|cout
    Info (332115):     18.644      0.000 FF    IC  LayerNorm|i_ex_ex2_stage|ex2_reg[11]~55|cin
    Info (332115):     18.703      0.059 FR  CELL  LayerNorm|i_ex_ex2_stage|ex2_reg[11]~55|cout
    Info (332115):     18.703      0.000 RR    IC  LayerNorm|i_ex_ex2_stage|ex2_reg[12]~57|cin
    Info (332115):     18.762      0.059 RF  CELL  LayerNorm|i_ex_ex2_stage|ex2_reg[12]~57|cout
    Info (332115):     18.762      0.000 FF    IC  LayerNorm|i_ex_ex2_stage|ex2_reg[13]~59|cin
    Info (332115):     18.821      0.059 FR  CELL  LayerNorm|i_ex_ex2_stage|ex2_reg[13]~59|cout
    Info (332115):     18.821      0.000 RR    IC  LayerNorm|i_ex_ex2_stage|ex2_reg[14]~61|cin
    Info (332115):     18.880      0.059 RF  CELL  LayerNorm|i_ex_ex2_stage|ex2_reg[14]~61|cout
    Info (332115):     18.880      0.000 FF    IC  LayerNorm|i_ex_ex2_stage|ex2_reg[15]~63|cin
    Info (332115):     18.939      0.059 FR  CELL  LayerNorm|i_ex_ex2_stage|ex2_reg[15]~63|cout
    Info (332115):     18.939      0.000 RR    IC  LayerNorm|i_ex_ex2_stage|ex2_reg[16]~65|cin
    Info (332115):     18.998      0.059 RF  CELL  LayerNorm|i_ex_ex2_stage|ex2_reg[16]~65|cout
    Info (332115):     18.998      0.000 FF    IC  LayerNorm|i_ex_ex2_stage|ex2_reg[17]~67|cin
    Info (332115):     19.057      0.059 FR  CELL  LayerNorm|i_ex_ex2_stage|ex2_reg[17]~67|cout
    Info (332115):     19.057      0.000 RR    IC  LayerNorm|i_ex_ex2_stage|ex2_reg[18]~69|cin
    Info (332115):     19.116      0.059 RF  CELL  LayerNorm|i_ex_ex2_stage|ex2_reg[18]~69|cout
    Info (332115):     19.116      0.000 FF    IC  LayerNorm|i_ex_ex2_stage|ex2_reg[19]~71|cin
    Info (332115):     19.175      0.059 FR  CELL  LayerNorm|i_ex_ex2_stage|ex2_reg[19]~71|cout
    Info (332115):     19.175      0.000 RR    IC  LayerNorm|i_ex_ex2_stage|ex2_reg[20]~73|cin
    Info (332115):     19.234      0.059 RF  CELL  LayerNorm|i_ex_ex2_stage|ex2_reg[20]~73|cout
    Info (332115):     19.234      0.000 FF    IC  LayerNorm|i_ex_ex2_stage|ex2_reg[21]~75|cin
    Info (332115):     19.293      0.059 FR  CELL  LayerNorm|i_ex_ex2_stage|ex2_reg[21]~75|cout
    Info (332115):     19.293      0.000 RR    IC  LayerNorm|i_ex_ex2_stage|ex2_reg[22]~77|cin
    Info (332115):     19.352      0.059 RF  CELL  LayerNorm|i_ex_ex2_stage|ex2_reg[22]~77|cout
    Info (332115):     19.352      0.000 FF    IC  LayerNorm|i_ex_ex2_stage|ex2_reg[23]~79|cin
    Info (332115):     19.411      0.059 FR  CELL  LayerNorm|i_ex_ex2_stage|ex2_reg[23]~79|cout
    Info (332115):     19.411      0.000 RR    IC  LayerNorm|i_ex_ex2_stage|ex2_reg[24]~81|cin
    Info (332115):     19.470      0.059 RF  CELL  LayerNorm|i_ex_ex2_stage|ex2_reg[24]~81|cout
    Info (332115):     19.470      0.000 FF    IC  LayerNorm|i_ex_ex2_stage|ex2_reg[25]~83|cin
    Info (332115):     19.529      0.059 FR  CELL  LayerNorm|i_ex_ex2_stage|ex2_reg[25]~83|cout
    Info (332115):     19.529      0.000 RR    IC  LayerNorm|i_ex_ex2_stage|ex2_reg[26]~85|cin
    Info (332115):     19.588      0.059 RF  CELL  LayerNorm|i_ex_ex2_stage|ex2_reg[26]~85|cout
    Info (332115):     19.588      0.000 FF    IC  LayerNorm|i_ex_ex2_stage|ex2_reg[27]~87|cin
    Info (332115):     19.647      0.059 FR  CELL  LayerNorm|i_ex_ex2_stage|ex2_reg[27]~87|cout
    Info (332115):     19.647      0.000 RR    IC  LayerNorm|i_ex_ex2_stage|ex2_reg[28]~89|cin
    Info (332115):     19.706      0.059 RF  CELL  LayerNorm|i_ex_ex2_stage|ex2_reg[28]~89|cout
    Info (332115):     19.706      0.000 FF    IC  LayerNorm|i_ex_ex2_stage|ex2_reg[29]~91|cin
    Info (332115):     19.765      0.059 FR  CELL  LayerNorm|i_ex_ex2_stage|ex2_reg[29]~91|cout
    Info (332115):     19.765      0.000 RR    IC  LayerNorm|i_ex_ex2_stage|ex2_reg[30]~93|cin
    Info (332115):     20.402      0.637 RR  CELL  LayerNorm|i_ex_ex2_stage|ex2_reg[30]~93|combout
    Info (332115):     20.795      0.393 RR    IC  LayerNorm|i_ex_ex2_stage|ex2_reg[30]~SCLR_LUT|datad
    Info (332115):     20.961      0.166 RR  CELL  LayerNorm|i_ex_ex2_stage|ex2_reg[30]~SCLR_LUT|combout
    Info (332115):     21.704      0.743 RR    IC  LayerNorm|i_preprocess_stage|Mult1|auto_generated|mac_mult5|datab[16]
    Info (332115):     21.935      0.231 RF  CELL  LayerNorm:LayerNorm|ex_ex2_stage:i_ex_ex2_stage|ex2_reg[30]
    Info (332115): Data Required Path:
    Info (332115): Total (ns)  Incr (ns)     Type  Element
    Info (332115): ==========  ========= ==  ====  ===================================
    Info (332115):      1.000      1.000           latch edge time
    Info (332115):      1.000      0.000           source latency
    Info (332115):      1.000      0.000           clk
    Info (332115):      1.000      0.000 RR    IC  clk~input|i
    Info (332115):      1.708      0.708 RR  CELL  clk~input|o
    Info (332115):      2.566      0.858 RR    IC  clk~inputclkctrl|inclk[0]
    Info (332115):      2.566      0.000 RR  CELL  clk~inputclkctrl|outclk
    Info (332115):      4.377      1.811 RR    IC  LayerNorm|i_preprocess_stage|Mult1|auto_generated|mac_mult5|clk
    Info (332115):      4.687      0.310 RR  CELL  LayerNorm:LayerNorm|ex_ex2_stage:i_ex_ex2_stage|ex2_reg[30]
    Info (332115):      4.724      0.037           clock pessimism removed
    Info (332115):      4.704     -0.020           clock uncertainty
    Info (332115):      4.493     -0.211     uTsu  LayerNorm:LayerNorm|ex_ex2_stage:i_ex_ex2_stage|ex2_reg[30]
    Info (332115): Data Arrival Time  :    21.935
    Info (332115): Data Required Time :     4.493
    Info (332115): Slack              :   -17.442 (VIOLATED)
    Info (332115): ===================================================================
Info (332115): Path #2: Setup slack is -17.440 (VIOLATED)
    Info (332115): ===================================================================
    Info (332115): From Node    : LayerNorm:LayerNorm|ex_ex2_stage:i_ex_ex2_stage|ex2_reg[18]
    Info (332115): To Node      : mem_start_addr[14]~reg0
    Info (332115): Launch Clock : clk
    Info (332115): Latch Clock  : clk
    Info (332115): Data Arrival Path:
    Info (332115): Total (ns)  Incr (ns)     Type  Element
    Info (332115): ==========  ========= ==  ====  ===================================
    Info (332115):      0.000      0.000           launch edge time
    Info (332115):      0.000      0.000           source latency
    Info (332115):      0.000      0.000           clk
    Info (332115):      0.000      0.000 RR    IC  clk~input|i
    Info (332115):      0.708      0.708 RR  CELL  clk~input|o
    Info (332115):      1.602      0.894 RR    IC  clk~inputclkctrl|inclk[0]
    Info (332115):      1.602      0.000 RR  CELL  clk~inputclkctrl|outclk
    Info (332115):      3.488      1.886 RR    IC  LayerNorm|i_preprocess_stage|Mult1|auto_generated|mac_mult5|clk
    Info (332115):      3.873      0.385 RR  CELL  LayerNorm:LayerNorm|ex_ex2_stage:i_ex_ex2_stage|ex2_reg[18]
    Info (332115):      4.186      0.313     uTco  LayerNorm:LayerNorm|ex_ex2_stage:i_ex_ex2_stage|ex2_reg[18]
    Info (332115):      7.754      3.568 RR  CELL  LayerNorm|i_preprocess_stage|Mult1|auto_generated|mac_mult5|dataout[35]
    Info (332115):      7.754      0.000 RR    IC  LayerNorm|i_preprocess_stage|Mult1|auto_generated|mac_out6|dataa[5]
    Info (332115):      7.874      0.120 RR  CELL  LayerNorm|i_preprocess_stage|Mult1|auto_generated|mac_out6|dataout[5]
    Info (332115):      8.889      1.015 RR    IC  LayerNorm|i_preprocess_stage|Mult1|auto_generated|add9_result[1]~2|datab
    Info (332115):      9.413      0.524 RF  CELL  LayerNorm|i_preprocess_stage|Mult1|auto_generated|add9_result[1]~2|cout
    Info (332115):      9.413      0.000 FF    IC  LayerNorm|i_preprocess_stage|Mult1|auto_generated|add9_result[2]~4|cin
    Info (332115):      9.472      0.059 FR  CELL  LayerNorm|i_preprocess_stage|Mult1|auto_generated|add9_result[2]~4|cout
    Info (332115):      9.472      0.000 RR    IC  LayerNorm|i_preprocess_stage|Mult1|auto_generated|add9_result[3]~6|cin
    Info (332115):      9.531      0.059 RF  CELL  LayerNorm|i_preprocess_stage|Mult1|auto_generated|add9_result[3]~6|cout
    Info (332115):      9.531      0.000 FF    IC  LayerNorm|i_preprocess_stage|Mult1|auto_generated|add9_result[4]~8|cin
    Info (332115):      9.590      0.059 FR  CELL  LayerNorm|i_preprocess_stage|Mult1|auto_generated|add9_result[4]~8|cout
    Info (332115):      9.590      0.000 RR    IC  LayerNorm|i_preprocess_stage|Mult1|auto_generated|add9_result[5]~10|cin
    Info (332115):      9.649      0.059 RF  CELL  LayerNorm|i_preprocess_stage|Mult1|auto_generated|add9_result[5]~10|cout
    Info (332115):      9.649      0.000 FF    IC  LayerNorm|i_preprocess_stage|Mult1|auto_generated|add9_result[6]~12|cin
    Info (332115):      9.708      0.059 FR  CELL  LayerNorm|i_preprocess_stage|Mult1|auto_generated|add9_result[6]~12|cout
    Info (332115):      9.708      0.000 RR    IC  LayerNorm|i_preprocess_stage|Mult1|auto_generated|add9_result[7]~14|cin
    Info (332115):      9.767      0.059 RF  CELL  LayerNorm|i_preprocess_stage|Mult1|auto_generated|add9_result[7]~14|cout
    Info (332115):      9.767      0.000 FF    IC  LayerNorm|i_preprocess_stage|Mult1|auto_generated|add9_result[8]~16|cin
    Info (332115):      9.826      0.059 FR  CELL  LayerNorm|i_preprocess_stage|Mult1|auto_generated|add9_result[8]~16|cout
    Info (332115):      9.826      0.000 RR    IC  LayerNorm|i_preprocess_stage|Mult1|auto_generated|add9_result[9]~18|cin
    Info (332115):      9.885      0.059 RF  CELL  LayerNorm|i_preprocess_stage|Mult1|auto_generated|add9_result[9]~18|cout
    Info (332115):      9.885      0.000 FF    IC  LayerNorm|i_preprocess_stage|Mult1|auto_generated|add9_result[10]~20|cin
    Info (332115):      9.944      0.059 FR  CELL  LayerNorm|i_preprocess_stage|Mult1|auto_generated|add9_result[10]~20|cout
    Info (332115):      9.944      0.000 RR    IC  LayerNorm|i_preprocess_stage|Mult1|auto_generated|add9_result[11]~22|cin
    Info (332115):     10.003      0.059 RF  CELL  LayerNorm|i_preprocess_stage|Mult1|auto_generated|add9_result[11]~22|cout
    Info (332115):     10.003      0.000 FF    IC  LayerNorm|i_preprocess_stage|Mult1|auto_generated|add9_result[12]~24|cin
    Info (332115):     10.062      0.059 FR  CELL  LayerNorm|i_preprocess_stage|Mult1|auto_generated|add9_result[12]~24|cout
    Info (332115):     10.062      0.000 RR    IC  LayerNorm|i_preprocess_stage|Mult1|auto_generated|add9_result[13]~26|cin
    Info (332115):     10.121      0.059 RF  CELL  LayerNorm|i_preprocess_stage|Mult1|auto_generated|add9_result[13]~26|cout
    Info (332115):     10.121      0.000 FF    IC  LayerNorm|i_preprocess_stage|Mult1|auto_generated|add9_result[14]~28|cin
    Info (332115):     10.180      0.059 FR  CELL  LayerNorm|i_preprocess_stage|Mult1|auto_generated|add9_result[14]~28|cout
    Info (332115):     10.180      0.000 RR    IC  LayerNorm|i_preprocess_stage|Mult1|auto_generated|add9_result[15]~30|cin
    Info (332115):     10.239      0.059 RF  CELL  LayerNorm|i_preprocess_stage|Mult1|auto_generated|add9_result[15]~30|cout
    Info (332115):     10.239      0.000 FF    IC  LayerNorm|i_preprocess_stage|Mult1|auto_generated|add9_result[16]~32|cin
    Info (332115):     10.298      0.059 FR  CELL  LayerNorm|i_preprocess_stage|Mult1|auto_generated|add9_result[16]~32|cout
    Info (332115):     10.298      0.000 RR    IC  LayerNorm|i_preprocess_stage|Mult1|auto_generated|add9_result[17]~34|cin
    Info (332115):     10.357      0.059 RF  CELL  LayerNorm|i_preprocess_stage|Mult1|auto_generated|add9_result[17]~34|cout
    Info (332115):     10.357      0.000 FF    IC  LayerNorm|i_preprocess_stage|Mult1|auto_generated|add9_result[18]~36|cin
    Info (332115):     10.416      0.059 FR  CELL  LayerNorm|i_preprocess_stage|Mult1|auto_generated|add9_result[18]~36|cout
    Info (332115):     10.416      0.000 RR    IC  LayerNorm|i_preprocess_stage|Mult1|auto_generated|add9_result[19]~38|cin
    Info (332115):     10.475      0.059 RF  CELL  LayerNorm|i_preprocess_stage|Mult1|auto_generated|add9_result[19]~38|cout
    Info (332115):     10.475      0.000 FF    IC  LayerNorm|i_preprocess_stage|Mult1|auto_generated|add9_result[20]~40|cin
    Info (332115):     10.534      0.059 FR  CELL  LayerNorm|i_preprocess_stage|Mult1|auto_generated|add9_result[20]~40|cout
    Info (332115):     10.534      0.000 RR    IC  LayerNorm|i_preprocess_stage|Mult1|auto_generated|add9_result[21]~42|cin
    Info (332115):     10.593      0.059 RF  CELL  LayerNorm|i_preprocess_stage|Mult1|auto_generated|add9_result[21]~42|cout
    Info (332115):     10.593      0.000 FF    IC  LayerNorm|i_preprocess_stage|Mult1|auto_generated|add9_result[22]~44|cin
    Info (332115):     10.652      0.059 FR  CELL  LayerNorm|i_preprocess_stage|Mult1|auto_generated|add9_result[22]~44|cout
    Info (332115):     10.652      0.000 RR    IC  LayerNorm|i_preprocess_stage|Mult1|auto_generated|add9_result[23]~46|cin
    Info (332115):     10.711      0.059 RF  CELL  LayerNorm|i_preprocess_stage|Mult1|auto_generated|add9_result[23]~46|cout
    Info (332115):     10.711      0.000 FF    IC  LayerNorm|i_preprocess_stage|Mult1|auto_generated|add9_result[24]~48|cin
    Info (332115):     10.770      0.059 FR  CELL  LayerNorm|i_preprocess_stage|Mult1|auto_generated|add9_result[24]~48|cout
    Info (332115):     10.770      0.000 RR    IC  LayerNorm|i_preprocess_stage|Mult1|auto_generated|add9_result[25]~50|cin
    Info (332115):     11.407      0.637 RR  CELL  LayerNorm|i_preprocess_stage|Mult1|auto_generated|add9_result[25]~50|combout
    Info (332115):     12.167      0.760 RR    IC  LayerNorm|i_preprocess_stage|Mult1|auto_generated|op_1~50|dataa
    Info (332115):     12.673      0.506 RF  CELL  LayerNorm|i_preprocess_stage|Mult1|auto_generated|op_1~50|cout
    Info (332115):     12.673      0.000 FF    IC  LayerNorm|i_preprocess_stage|Mult1|auto_generated|op_1~52|cin
    Info (332115):     12.732      0.059 FR  CELL  LayerNorm|i_preprocess_stage|Mult1|auto_generated|op_1~52|cout
    Info (332115):     12.732      0.000 RR    IC  LayerNorm|i_preprocess_stage|Mult1|auto_generated|op_1~54|cin
    Info (332115):     12.791      0.059 RF  CELL  LayerNorm|i_preprocess_stage|Mult1|auto_generated|op_1~54|cout
    Info (332115):     12.791      0.000 FF    IC  LayerNorm|i_preprocess_stage|Mult1|auto_generated|op_1~56|cin
    Info (332115):     12.850      0.059 FR  CELL  LayerNorm|i_preprocess_stage|Mult1|auto_generated|op_1~56|cout
    Info (332115):     12.850      0.000 RR    IC  LayerNorm|i_preprocess_stage|Mult1|auto_generated|op_1~58|cin
    Info (332115):     13.487      0.637 RR  CELL  LayerNorm|i_preprocess_stage|Mult1|auto_generated|op_1~58|combout
    Info (332115):     14.202      0.715 RR    IC  LayerNorm|i_preprocess_stage|var_hw_raw[15]~30|datab
    Info (332115):     14.726      0.524 RF  CELL  LayerNorm|i_preprocess_stage|var_hw_raw[15]~30|cout
    Info (332115):     14.726      0.000 FF    IC  LayerNorm|i_preprocess_stage|var_hw_raw[16]~32|cin
    Info (332115):     14.785      0.059 FR  CELL  LayerNorm|i_preprocess_stage|var_hw_raw[16]~32|cout
    Info (332115):     14.785      0.000 RR    IC  LayerNorm|i_preprocess_stage|var_hw_raw[17]~34|cin
    Info (332115):     15.422      0.637 RR  CELL  LayerNorm|i_preprocess_stage|var_hw_raw[17]~34|combout
    Info (332115):     16.214      0.792 RR    IC  LayerNorm|i_preprocess_stage|lut_idx_comb[0]~0|dataa
    Info (332115):     16.633      0.419 RF  CELL  LayerNorm|i_preprocess_stage|lut_idx_comb[0]~0|combout
    Info (332115):     16.867      0.234 FF    IC  LayerNorm|i_preprocess_stage|lut_idx_comb[0]~1|datad
    Info (332115):     16.998      0.131 FF  CELL  LayerNorm|i_preprocess_stage|lut_idx_comb[0]~1|combout
    Info (332115):     17.237      0.239 FF    IC  LayerNorm|i_preprocess_stage|lut_idx_comb[0]~2|datad
    Info (332115):     17.368      0.131 FF  CELL  LayerNorm|i_preprocess_stage|lut_idx_comb[0]~2|combout
    Info (332115):     17.604      0.236 FF    IC  LayerNorm|i_preprocess_stage|lut_idx_comb[0]~3|datad
    Info (332115):     17.735      0.131 FF  CELL  LayerNorm|i_preprocess_stage|lut_idx_comb[0]~3|combout
    Info (332115):     17.970      0.235 FF    IC  LayerNorm|i_preprocess_stage|lut_idx_comb[0]~4|datad
    Info (332115):     18.101      0.131 FF  CELL  LayerNorm|i_preprocess_stage|lut_idx_comb[0]~4|combout
    Info (332115):     18.425      0.324 FF    IC  LayerNorm|i_preprocess_stage|lut_idx_comb[1]~6|datad
    Info (332115):     18.586      0.161 FR  CELL  LayerNorm|i_preprocess_stage|lut_idx_comb[1]~6|combout
    Info (332115):     19.046      0.460 RR    IC  LayerNorm|i_preprocess_stage|Add4~2|datab
    Info (332115):     19.570      0.524 RF  CELL  LayerNorm|i_preprocess_stage|Add4~2|cout
    Info (332115):     19.570      0.000 FF    IC  LayerNorm|i_preprocess_stage|Add4~4|cin
    Info (332115):     19.629      0.059 FR  CELL  LayerNorm|i_preprocess_stage|Add4~4|cout
    Info (332115):     19.629      0.000 RR    IC  LayerNorm|i_preprocess_stage|Add4~6|cin
    Info (332115):     19.688      0.059 RF  CELL  LayerNorm|i_preprocess_stage|Add4~6|cout
    Info (332115):     19.688      0.000 FF    IC  LayerNorm|i_preprocess_stage|Add4~8|cin
    Info (332115):     19.747      0.059 FR  CELL  LayerNorm|i_preprocess_stage|Add4~8|cout
    Info (332115):     19.747      0.000 RR    IC  LayerNorm|i_preprocess_stage|Add4~10|cin
    Info (332115):     19.806      0.059 RF  CELL  LayerNorm|i_preprocess_stage|Add4~10|cout
    Info (332115):     19.806      0.000 FF    IC  LayerNorm|i_preprocess_stage|Add4~12|cin
    Info (332115):     19.865      0.059 FR  CELL  LayerNorm|i_preprocess_stage|Add4~12|cout
    Info (332115):     19.865      0.000 RR    IC  LayerNorm|i_preprocess_stage|Add4~14|cin
    Info (332115):     19.924      0.059 RF  CELL  LayerNorm|i_preprocess_stage|Add4~14|cout
    Info (332115):     19.924      0.000 FF    IC  LayerNorm|i_preprocess_stage|Add4~16|cin
    Info (332115):     19.983      0.059 FR  CELL  LayerNorm|i_preprocess_stage|Add4~16|cout
    Info (332115):     19.983      0.000 RR    IC  LayerNorm|i_preprocess_stage|Add4~18|cin
    Info (332115):     20.042      0.059 RF  CELL  LayerNorm|i_preprocess_stage|Add4~18|cout
    Info (332115):     20.042      0.000 FF    IC  LayerNorm|i_preprocess_stage|Add4~20|cin
    Info (332115):     20.101      0.059 FR  CELL  LayerNorm|i_preprocess_stage|Add4~20|cout
    Info (332115):     20.101      0.000 RR    IC  LayerNorm|i_preprocess_stage|Add4~22|cin
    Info (332115):     20.160      0.059 RF  CELL  LayerNorm|i_preprocess_stage|Add4~22|cout
    Info (332115):     20.160      0.000 FF    IC  LayerNorm|i_preprocess_stage|Add4~24|cin
    Info (332115):     20.219      0.059 FR  CELL  LayerNorm|i_preprocess_stage|Add4~24|cout
    Info (332115):     20.219      0.000 RR    IC  LayerNorm|i_preprocess_stage|Add4~26|cin
    Info (332115):     20.856      0.637 RR  CELL  LayerNorm|i_preprocess_stage|Add4~26|combout
    Info (332115):     21.829      0.973 RR    IC  LayerNorm|Selector2~12|datad
    Info (332115):     21.995      0.166 RR  CELL  LayerNorm|Selector2~12|combout
    Info (332115):     22.198      0.203 RR    IC  mem_start_addr~19|datad
    Info (332115):     22.364      0.166 RR  CELL  mem_start_addr~19|combout
    Info (332115):     22.364      0.000 RR    IC  mem_start_addr[14]~reg0|d
    Info (332115):     22.453      0.089 RR  CELL  mem_start_addr[14]~reg0
    Info (332115): Data Required Path:
    Info (332115): Total (ns)  Incr (ns)     Type  Element
    Info (332115): ==========  ========= ==  ====  ===================================
    Info (332115):      1.000      1.000           latch edge time
    Info (332115):      1.000      0.000           source latency
    Info (332115):      1.000      0.000           clk
    Info (332115):      1.000      0.000 RR    IC  clk~input|i
    Info (332115):      1.708      0.708 RR  CELL  clk~input|o
    Info (332115):      2.566      0.858 RR    IC  clk~inputclkctrl|inclk[0]
    Info (332115):      2.566      0.000 RR  CELL  clk~inputclkctrl|outclk
    Info (332115):      4.482      1.916 RR    IC  mem_start_addr[14]~reg0|clk
    Info (332115):      4.957      0.475 RR  CELL  mem_start_addr[14]~reg0
    Info (332115):      5.020      0.063           clock pessimism removed
    Info (332115):      5.000     -0.020           clock uncertainty
    Info (332115):      5.013      0.013     uTsu  mem_start_addr[14]~reg0
    Info (332115): Data Arrival Time  :    22.453
    Info (332115): Data Required Time :     5.013
    Info (332115): Slack              :   -17.440 (VIOLATED)
    Info (332115): ===================================================================
Info (332115): Path #3: Setup slack is -17.440 (VIOLATED)
    Info (332115): ===================================================================
    Info (332115): From Node    : LayerNorm:LayerNorm|ex_ex2_stage:i_ex_ex2_stage|ex2_reg[19]
    Info (332115): To Node      : mem_start_addr[14]~reg0
    Info (332115): Launch Clock : clk
    Info (332115): Latch Clock  : clk
    Info (332115): Data Arrival Path:
    Info (332115): Total (ns)  Incr (ns)     Type  Element
    Info (332115): ==========  ========= ==  ====  ===================================
    Info (332115):      0.000      0.000           launch edge time
    Info (332115):      0.000      0.000           source latency
    Info (332115):      0.000      0.000           clk
    Info (332115):      0.000      0.000 RR    IC  clk~input|i
    Info (332115):      0.708      0.708 RR  CELL  clk~input|o
    Info (332115):      1.602      0.894 RR    IC  clk~inputclkctrl|inclk[0]
    Info (332115):      1.602      0.000 RR  CELL  clk~inputclkctrl|outclk
    Info (332115):      3.488      1.886 RR    IC  LayerNorm|i_preprocess_stage|Mult1|auto_generated|mac_mult5|clk
    Info (332115):      3.873      0.385 RR  CELL  LayerNorm:LayerNorm|ex_ex2_stage:i_ex_ex2_stage|ex2_reg[19]
    Info (332115):      4.186      0.313     uTco  LayerNorm:LayerNorm|ex_ex2_stage:i_ex_ex2_stage|ex2_reg[19]
    Info (332115):      7.754      3.568 RR  CELL  LayerNorm|i_preprocess_stage|Mult1|auto_generated|mac_mult5|dataout[35]
    Info (332115):      7.754      0.000 RR    IC  LayerNorm|i_preprocess_stage|Mult1|auto_generated|mac_out6|dataa[5]
    Info (332115):      7.874      0.120 RR  CELL  LayerNorm|i_preprocess_stage|Mult1|auto_generated|mac_out6|dataout[5]
    Info (332115):      8.889      1.015 RR    IC  LayerNorm|i_preprocess_stage|Mult1|auto_generated|add9_result[1]~2|datab
    Info (332115):      9.413      0.524 RF  CELL  LayerNorm|i_preprocess_stage|Mult1|auto_generated|add9_result[1]~2|cout
    Info (332115):      9.413      0.000 FF    IC  LayerNorm|i_preprocess_stage|Mult1|auto_generated|add9_result[2]~4|cin
    Info (332115):      9.472      0.059 FR  CELL  LayerNorm|i_preprocess_stage|Mult1|auto_generated|add9_result[2]~4|cout
    Info (332115):      9.472      0.000 RR    IC  LayerNorm|i_preprocess_stage|Mult1|auto_generated|add9_result[3]~6|cin
    Info (332115):      9.531      0.059 RF  CELL  LayerNorm|i_preprocess_stage|Mult1|auto_generated|add9_result[3]~6|cout
    Info (332115):      9.531      0.000 FF    IC  LayerNorm|i_preprocess_stage|Mult1|auto_generated|add9_result[4]~8|cin
    Info (332115):      9.590      0.059 FR  CELL  LayerNorm|i_preprocess_stage|Mult1|auto_generated|add9_result[4]~8|cout
    Info (332115):      9.590      0.000 RR    IC  LayerNorm|i_preprocess_stage|Mult1|auto_generated|add9_result[5]~10|cin
    Info (332115):      9.649      0.059 RF  CELL  LayerNorm|i_preprocess_stage|Mult1|auto_generated|add9_result[5]~10|cout
    Info (332115):      9.649      0.000 FF    IC  LayerNorm|i_preprocess_stage|Mult1|auto_generated|add9_result[6]~12|cin
    Info (332115):      9.708      0.059 FR  CELL  LayerNorm|i_preprocess_stage|Mult1|auto_generated|add9_result[6]~12|cout
    Info (332115):      9.708      0.000 RR    IC  LayerNorm|i_preprocess_stage|Mult1|auto_generated|add9_result[7]~14|cin
    Info (332115):      9.767      0.059 RF  CELL  LayerNorm|i_preprocess_stage|Mult1|auto_generated|add9_result[7]~14|cout
    Info (332115):      9.767      0.000 FF    IC  LayerNorm|i_preprocess_stage|Mult1|auto_generated|add9_result[8]~16|cin
    Info (332115):      9.826      0.059 FR  CELL  LayerNorm|i_preprocess_stage|Mult1|auto_generated|add9_result[8]~16|cout
    Info (332115):      9.826      0.000 RR    IC  LayerNorm|i_preprocess_stage|Mult1|auto_generated|add9_result[9]~18|cin
    Info (332115):      9.885      0.059 RF  CELL  LayerNorm|i_preprocess_stage|Mult1|auto_generated|add9_result[9]~18|cout
    Info (332115):      9.885      0.000 FF    IC  LayerNorm|i_preprocess_stage|Mult1|auto_generated|add9_result[10]~20|cin
    Info (332115):      9.944      0.059 FR  CELL  LayerNorm|i_preprocess_stage|Mult1|auto_generated|add9_result[10]~20|cout
    Info (332115):      9.944      0.000 RR    IC  LayerNorm|i_preprocess_stage|Mult1|auto_generated|add9_result[11]~22|cin
    Info (332115):     10.003      0.059 RF  CELL  LayerNorm|i_preprocess_stage|Mult1|auto_generated|add9_result[11]~22|cout
    Info (332115):     10.003      0.000 FF    IC  LayerNorm|i_preprocess_stage|Mult1|auto_generated|add9_result[12]~24|cin
    Info (332115):     10.062      0.059 FR  CELL  LayerNorm|i_preprocess_stage|Mult1|auto_generated|add9_result[12]~24|cout
    Info (332115):     10.062      0.000 RR    IC  LayerNorm|i_preprocess_stage|Mult1|auto_generated|add9_result[13]~26|cin
    Info (332115):     10.121      0.059 RF  CELL  LayerNorm|i_preprocess_stage|Mult1|auto_generated|add9_result[13]~26|cout
    Info (332115):     10.121      0.000 FF    IC  LayerNorm|i_preprocess_stage|Mult1|auto_generated|add9_result[14]~28|cin
    Info (332115):     10.180      0.059 FR  CELL  LayerNorm|i_preprocess_stage|Mult1|auto_generated|add9_result[14]~28|cout
    Info (332115):     10.180      0.000 RR    IC  LayerNorm|i_preprocess_stage|Mult1|auto_generated|add9_result[15]~30|cin
    Info (332115):     10.239      0.059 RF  CELL  LayerNorm|i_preprocess_stage|Mult1|auto_generated|add9_result[15]~30|cout
    Info (332115):     10.239      0.000 FF    IC  LayerNorm|i_preprocess_stage|Mult1|auto_generated|add9_result[16]~32|cin
    Info (332115):     10.298      0.059 FR  CELL  LayerNorm|i_preprocess_stage|Mult1|auto_generated|add9_result[16]~32|cout
    Info (332115):     10.298      0.000 RR    IC  LayerNorm|i_preprocess_stage|Mult1|auto_generated|add9_result[17]~34|cin
    Info (332115):     10.357      0.059 RF  CELL  LayerNorm|i_preprocess_stage|Mult1|auto_generated|add9_result[17]~34|cout
    Info (332115):     10.357      0.000 FF    IC  LayerNorm|i_preprocess_stage|Mult1|auto_generated|add9_result[18]~36|cin
    Info (332115):     10.416      0.059 FR  CELL  LayerNorm|i_preprocess_stage|Mult1|auto_generated|add9_result[18]~36|cout
    Info (332115):     10.416      0.000 RR    IC  LayerNorm|i_preprocess_stage|Mult1|auto_generated|add9_result[19]~38|cin
    Info (332115):     10.475      0.059 RF  CELL  LayerNorm|i_preprocess_stage|Mult1|auto_generated|add9_result[19]~38|cout
    Info (332115):     10.475      0.000 FF    IC  LayerNorm|i_preprocess_stage|Mult1|auto_generated|add9_result[20]~40|cin
    Info (332115):     10.534      0.059 FR  CELL  LayerNorm|i_preprocess_stage|Mult1|auto_generated|add9_result[20]~40|cout
    Info (332115):     10.534      0.000 RR    IC  LayerNorm|i_preprocess_stage|Mult1|auto_generated|add9_result[21]~42|cin
    Info (332115):     10.593      0.059 RF  CELL  LayerNorm|i_preprocess_stage|Mult1|auto_generated|add9_result[21]~42|cout
    Info (332115):     10.593      0.000 FF    IC  LayerNorm|i_preprocess_stage|Mult1|auto_generated|add9_result[22]~44|cin
    Info (332115):     10.652      0.059 FR  CELL  LayerNorm|i_preprocess_stage|Mult1|auto_generated|add9_result[22]~44|cout
    Info (332115):     10.652      0.000 RR    IC  LayerNorm|i_preprocess_stage|Mult1|auto_generated|add9_result[23]~46|cin
    Info (332115):     10.711      0.059 RF  CELL  LayerNorm|i_preprocess_stage|Mult1|auto_generated|add9_result[23]~46|cout
    Info (332115):     10.711      0.000 FF    IC  LayerNorm|i_preprocess_stage|Mult1|auto_generated|add9_result[24]~48|cin
    Info (332115):     10.770      0.059 FR  CELL  LayerNorm|i_preprocess_stage|Mult1|auto_generated|add9_result[24]~48|cout
    Info (332115):     10.770      0.000 RR    IC  LayerNorm|i_preprocess_stage|Mult1|auto_generated|add9_result[25]~50|cin
    Info (332115):     11.407      0.637 RR  CELL  LayerNorm|i_preprocess_stage|Mult1|auto_generated|add9_result[25]~50|combout
    Info (332115):     12.167      0.760 RR    IC  LayerNorm|i_preprocess_stage|Mult1|auto_generated|op_1~50|dataa
    Info (332115):     12.673      0.506 RF  CELL  LayerNorm|i_preprocess_stage|Mult1|auto_generated|op_1~50|cout
    Info (332115):     12.673      0.000 FF    IC  LayerNorm|i_preprocess_stage|Mult1|auto_generated|op_1~52|cin
    Info (332115):     12.732      0.059 FR  CELL  LayerNorm|i_preprocess_stage|Mult1|auto_generated|op_1~52|cout
    Info (332115):     12.732      0.000 RR    IC  LayerNorm|i_preprocess_stage|Mult1|auto_generated|op_1~54|cin
    Info (332115):     12.791      0.059 RF  CELL  LayerNorm|i_preprocess_stage|Mult1|auto_generated|op_1~54|cout
    Info (332115):     12.791      0.000 FF    IC  LayerNorm|i_preprocess_stage|Mult1|auto_generated|op_1~56|cin
    Info (332115):     12.850      0.059 FR  CELL  LayerNorm|i_preprocess_stage|Mult1|auto_generated|op_1~56|cout
    Info (332115):     12.850      0.000 RR    IC  LayerNorm|i_preprocess_stage|Mult1|auto_generated|op_1~58|cin
    Info (332115):     13.487      0.637 RR  CELL  LayerNorm|i_preprocess_stage|Mult1|auto_generated|op_1~58|combout
    Info (332115):     14.202      0.715 RR    IC  LayerNorm|i_preprocess_stage|var_hw_raw[15]~30|datab
    Info (332115):     14.726      0.524 RF  CELL  LayerNorm|i_preprocess_stage|var_hw_raw[15]~30|cout
    Info (332115):     14.726      0.000 FF    IC  LayerNorm|i_preprocess_stage|var_hw_raw[16]~32|cin
    Info (332115):     14.785      0.059 FR  CELL  LayerNorm|i_preprocess_stage|var_hw_raw[16]~32|cout
    Info (332115):     14.785      0.000 RR    IC  LayerNorm|i_preprocess_stage|var_hw_raw[17]~34|cin
    Info (332115):     15.422      0.637 RR  CELL  LayerNorm|i_preprocess_stage|var_hw_raw[17]~34|combout
    Info (332115):     16.214      0.792 RR    IC  LayerNorm|i_preprocess_stage|lut_idx_comb[0]~0|dataa
    Info (332115):     16.633      0.419 RF  CELL  LayerNorm|i_preprocess_stage|lut_idx_comb[0]~0|combout
    Info (332115):     16.867      0.234 FF    IC  LayerNorm|i_preprocess_stage|lut_idx_comb[0]~1|datad
    Info (332115):     16.998      0.131 FF  CELL  LayerNorm|i_preprocess_stage|lut_idx_comb[0]~1|combout
    Info (332115):     17.237      0.239 FF    IC  LayerNorm|i_preprocess_stage|lut_idx_comb[0]~2|datad
    Info (332115):     17.368      0.131 FF  CELL  LayerNorm|i_preprocess_stage|lut_idx_comb[0]~2|combout
    Info (332115):     17.604      0.236 FF    IC  LayerNorm|i_preprocess_stage|lut_idx_comb[0]~3|datad
    Info (332115):     17.735      0.131 FF  CELL  LayerNorm|i_preprocess_stage|lut_idx_comb[0]~3|combout
    Info (332115):     17.970      0.235 FF    IC  LayerNorm|i_preprocess_stage|lut_idx_comb[0]~4|datad
    Info (332115):     18.101      0.131 FF  CELL  LayerNorm|i_preprocess_stage|lut_idx_comb[0]~4|combout
    Info (332115):     18.425      0.324 FF    IC  LayerNorm|i_preprocess_stage|lut_idx_comb[1]~6|datad
    Info (332115):     18.586      0.161 FR  CELL  LayerNorm|i_preprocess_stage|lut_idx_comb[1]~6|combout
    Info (332115):     19.046      0.460 RR    IC  LayerNorm|i_preprocess_stage|Add4~2|datab
    Info (332115):     19.570      0.524 RF  CELL  LayerNorm|i_preprocess_stage|Add4~2|cout
    Info (332115):     19.570      0.000 FF    IC  LayerNorm|i_preprocess_stage|Add4~4|cin
    Info (332115):     19.629      0.059 FR  CELL  LayerNorm|i_preprocess_stage|Add4~4|cout
    Info (332115):     19.629      0.000 RR    IC  LayerNorm|i_preprocess_stage|Add4~6|cin
    Info (332115):     19.688      0.059 RF  CELL  LayerNorm|i_preprocess_stage|Add4~6|cout
    Info (332115):     19.688      0.000 FF    IC  LayerNorm|i_preprocess_stage|Add4~8|cin
    Info (332115):     19.747      0.059 FR  CELL  LayerNorm|i_preprocess_stage|Add4~8|cout
    Info (332115):     19.747      0.000 RR    IC  LayerNorm|i_preprocess_stage|Add4~10|cin
    Info (332115):     19.806      0.059 RF  CELL  LayerNorm|i_preprocess_stage|Add4~10|cout
    Info (332115):     19.806      0.000 FF    IC  LayerNorm|i_preprocess_stage|Add4~12|cin
    Info (332115):     19.865      0.059 FR  CELL  LayerNorm|i_preprocess_stage|Add4~12|cout
    Info (332115):     19.865      0.000 RR    IC  LayerNorm|i_preprocess_stage|Add4~14|cin
    Info (332115):     19.924      0.059 RF  CELL  LayerNorm|i_preprocess_stage|Add4~14|cout
    Info (332115):     19.924      0.000 FF    IC  LayerNorm|i_preprocess_stage|Add4~16|cin
    Info (332115):     19.983      0.059 FR  CELL  LayerNorm|i_preprocess_stage|Add4~16|cout
    Info (332115):     19.983      0.000 RR    IC  LayerNorm|i_preprocess_stage|Add4~18|cin
    Info (332115):     20.042      0.059 RF  CELL  LayerNorm|i_preprocess_stage|Add4~18|cout
    Info (332115):     20.042      0.000 FF    IC  LayerNorm|i_preprocess_stage|Add4~20|cin
    Info (332115):     20.101      0.059 FR  CELL  LayerNorm|i_preprocess_stage|Add4~20|cout
    Info (332115):     20.101      0.000 RR    IC  LayerNorm|i_preprocess_stage|Add4~22|cin
    Info (332115):     20.160      0.059 RF  CELL  LayerNorm|i_preprocess_stage|Add4~22|cout
    Info (332115):     20.160      0.000 FF    IC  LayerNorm|i_preprocess_stage|Add4~24|cin
    Info (332115):     20.219      0.059 FR  CELL  LayerNorm|i_preprocess_stage|Add4~24|cout
    Info (332115):     20.219      0.000 RR    IC  LayerNorm|i_preprocess_stage|Add4~26|cin
    Info (332115):     20.856      0.637 RR  CELL  LayerNorm|i_preprocess_stage|Add4~26|combout
    Info (332115):     21.829      0.973 RR    IC  LayerNorm|Selector2~12|datad
    Info (332115):     21.995      0.166 RR  CELL  LayerNorm|Selector2~12|combout
    Info (332115):     22.198      0.203 RR    IC  mem_start_addr~19|datad
    Info (332115):     22.364      0.166 RR  CELL  mem_start_addr~19|combout
    Info (332115):     22.364      0.000 RR    IC  mem_start_addr[14]~reg0|d
    Info (332115):     22.453      0.089 RR  CELL  mem_start_addr[14]~reg0
    Info (332115): Data Required Path:
    Info (332115): Total (ns)  Incr (ns)     Type  Element
    Info (332115): ==========  ========= ==  ====  ===================================
    Info (332115):      1.000      1.000           latch edge time
    Info (332115):      1.000      0.000           source latency
    Info (332115):      1.000      0.000           clk
    Info (332115):      1.000      0.000 RR    IC  clk~input|i
    Info (332115):      1.708      0.708 RR  CELL  clk~input|o
    Info (332115):      2.566      0.858 RR    IC  clk~inputclkctrl|inclk[0]
    Info (332115):      2.566      0.000 RR  CELL  clk~inputclkctrl|outclk
    Info (332115):      4.482      1.916 RR    IC  mem_start_addr[14]~reg0|clk
    Info (332115):      4.957      0.475 RR  CELL  mem_start_addr[14]~reg0
    Info (332115):      5.020      0.063           clock pessimism removed
    Info (332115):      5.000     -0.020           clock uncertainty
    Info (332115):      5.013      0.013     uTsu  mem_start_addr[14]~reg0
    Info (332115): Data Arrival Time  :    22.453
    Info (332115): Data Required Time :     5.013
    Info (332115): Slack              :   -17.440 (VIOLATED)
    Info (332115): ===================================================================
Info (332115): Path #4: Setup slack is -17.440 (VIOLATED)
    Info (332115): ===================================================================
    Info (332115): From Node    : LayerNorm:LayerNorm|ex_ex2_stage:i_ex_ex2_stage|ex2_reg[20]
    Info (332115): To Node      : mem_start_addr[14]~reg0
    Info (332115): Launch Clock : clk
    Info (332115): Latch Clock  : clk
    Info (332115): Data Arrival Path:
    Info (332115): Total (ns)  Incr (ns)     Type  Element
    Info (332115): ==========  ========= ==  ====  ===================================
    Info (332115):      0.000      0.000           launch edge time
    Info (332115):      0.000      0.000           source latency
    Info (332115):      0.000      0.000           clk
    Info (332115):      0.000      0.000 RR    IC  clk~input|i
    Info (332115):      0.708      0.708 RR  CELL  clk~input|o
    Info (332115):      1.602      0.894 RR    IC  clk~inputclkctrl|inclk[0]
    Info (332115):      1.602      0.000 RR  CELL  clk~inputclkctrl|outclk
    Info (332115):      3.488      1.886 RR    IC  LayerNorm|i_preprocess_stage|Mult1|auto_generated|mac_mult5|clk
    Info (332115):      3.873      0.385 RR  CELL  LayerNorm:LayerNorm|ex_ex2_stage:i_ex_ex2_stage|ex2_reg[20]
    Info (332115):      4.186      0.313     uTco  LayerNorm:LayerNorm|ex_ex2_stage:i_ex_ex2_stage|ex2_reg[20]
    Info (332115):      7.754      3.568 RR  CELL  LayerNorm|i_preprocess_stage|Mult1|auto_generated|mac_mult5|dataout[35]
    Info (332115):      7.754      0.000 RR    IC  LayerNorm|i_preprocess_stage|Mult1|auto_generated|mac_out6|dataa[5]
    Info (332115):      7.874      0.120 RR  CELL  LayerNorm|i_preprocess_stage|Mult1|auto_generated|mac_out6|dataout[5]
    Info (332115):      8.889      1.015 RR    IC  LayerNorm|i_preprocess_stage|Mult1|auto_generated|add9_result[1]~2|datab
    Info (332115):      9.413      0.524 RF  CELL  LayerNorm|i_preprocess_stage|Mult1|auto_generated|add9_result[1]~2|cout
    Info (332115):      9.413      0.000 FF    IC  LayerNorm|i_preprocess_stage|Mult1|auto_generated|add9_result[2]~4|cin
    Info (332115):      9.472      0.059 FR  CELL  LayerNorm|i_preprocess_stage|Mult1|auto_generated|add9_result[2]~4|cout
    Info (332115):      9.472      0.000 RR    IC  LayerNorm|i_preprocess_stage|Mult1|auto_generated|add9_result[3]~6|cin
    Info (332115):      9.531      0.059 RF  CELL  LayerNorm|i_preprocess_stage|Mult1|auto_generated|add9_result[3]~6|cout
    Info (332115):      9.531      0.000 FF    IC  LayerNorm|i_preprocess_stage|Mult1|auto_generated|add9_result[4]~8|cin
    Info (332115):      9.590      0.059 FR  CELL  LayerNorm|i_preprocess_stage|Mult1|auto_generated|add9_result[4]~8|cout
    Info (332115):      9.590      0.000 RR    IC  LayerNorm|i_preprocess_stage|Mult1|auto_generated|add9_result[5]~10|cin
    Info (332115):      9.649      0.059 RF  CELL  LayerNorm|i_preprocess_stage|Mult1|auto_generated|add9_result[5]~10|cout
    Info (332115):      9.649      0.000 FF    IC  LayerNorm|i_preprocess_stage|Mult1|auto_generated|add9_result[6]~12|cin
    Info (332115):      9.708      0.059 FR  CELL  LayerNorm|i_preprocess_stage|Mult1|auto_generated|add9_result[6]~12|cout
    Info (332115):      9.708      0.000 RR    IC  LayerNorm|i_preprocess_stage|Mult1|auto_generated|add9_result[7]~14|cin
    Info (332115):      9.767      0.059 RF  CELL  LayerNorm|i_preprocess_stage|Mult1|auto_generated|add9_result[7]~14|cout
    Info (332115):      9.767      0.000 FF    IC  LayerNorm|i_preprocess_stage|Mult1|auto_generated|add9_result[8]~16|cin
    Info (332115):      9.826      0.059 FR  CELL  LayerNorm|i_preprocess_stage|Mult1|auto_generated|add9_result[8]~16|cout
    Info (332115):      9.826      0.000 RR    IC  LayerNorm|i_preprocess_stage|Mult1|auto_generated|add9_result[9]~18|cin
    Info (332115):      9.885      0.059 RF  CELL  LayerNorm|i_preprocess_stage|Mult1|auto_generated|add9_result[9]~18|cout
    Info (332115):      9.885      0.000 FF    IC  LayerNorm|i_preprocess_stage|Mult1|auto_generated|add9_result[10]~20|cin
    Info (332115):      9.944      0.059 FR  CELL  LayerNorm|i_preprocess_stage|Mult1|auto_generated|add9_result[10]~20|cout
    Info (332115):      9.944      0.000 RR    IC  LayerNorm|i_preprocess_stage|Mult1|auto_generated|add9_result[11]~22|cin
    Info (332115):     10.003      0.059 RF  CELL  LayerNorm|i_preprocess_stage|Mult1|auto_generated|add9_result[11]~22|cout
    Info (332115):     10.003      0.000 FF    IC  LayerNorm|i_preprocess_stage|Mult1|auto_generated|add9_result[12]~24|cin
    Info (332115):     10.062      0.059 FR  CELL  LayerNorm|i_preprocess_stage|Mult1|auto_generated|add9_result[12]~24|cout
    Info (332115):     10.062      0.000 RR    IC  LayerNorm|i_preprocess_stage|Mult1|auto_generated|add9_result[13]~26|cin
    Info (332115):     10.121      0.059 RF  CELL  LayerNorm|i_preprocess_stage|Mult1|auto_generated|add9_result[13]~26|cout
    Info (332115):     10.121      0.000 FF    IC  LayerNorm|i_preprocess_stage|Mult1|auto_generated|add9_result[14]~28|cin
    Info (332115):     10.180      0.059 FR  CELL  LayerNorm|i_preprocess_stage|Mult1|auto_generated|add9_result[14]~28|cout
    Info (332115):     10.180      0.000 RR    IC  LayerNorm|i_preprocess_stage|Mult1|auto_generated|add9_result[15]~30|cin
    Info (332115):     10.239      0.059 RF  CELL  LayerNorm|i_preprocess_stage|Mult1|auto_generated|add9_result[15]~30|cout
    Info (332115):     10.239      0.000 FF    IC  LayerNorm|i_preprocess_stage|Mult1|auto_generated|add9_result[16]~32|cin
    Info (332115):     10.298      0.059 FR  CELL  LayerNorm|i_preprocess_stage|Mult1|auto_generated|add9_result[16]~32|cout
    Info (332115):     10.298      0.000 RR    IC  LayerNorm|i_preprocess_stage|Mult1|auto_generated|add9_result[17]~34|cin
    Info (332115):     10.357      0.059 RF  CELL  LayerNorm|i_preprocess_stage|Mult1|auto_generated|add9_result[17]~34|cout
    Info (332115):     10.357      0.000 FF    IC  LayerNorm|i_preprocess_stage|Mult1|auto_generated|add9_result[18]~36|cin
    Info (332115):     10.416      0.059 FR  CELL  LayerNorm|i_preprocess_stage|Mult1|auto_generated|add9_result[18]~36|cout
    Info (332115):     10.416      0.000 RR    IC  LayerNorm|i_preprocess_stage|Mult1|auto_generated|add9_result[19]~38|cin
    Info (332115):     10.475      0.059 RF  CELL  LayerNorm|i_preprocess_stage|Mult1|auto_generated|add9_result[19]~38|cout
    Info (332115):     10.475      0.000 FF    IC  LayerNorm|i_preprocess_stage|Mult1|auto_generated|add9_result[20]~40|cin
    Info (332115):     10.534      0.059 FR  CELL  LayerNorm|i_preprocess_stage|Mult1|auto_generated|add9_result[20]~40|cout
    Info (332115):     10.534      0.000 RR    IC  LayerNorm|i_preprocess_stage|Mult1|auto_generated|add9_result[21]~42|cin
    Info (332115):     10.593      0.059 RF  CELL  LayerNorm|i_preprocess_stage|Mult1|auto_generated|add9_result[21]~42|cout
    Info (332115):     10.593      0.000 FF    IC  LayerNorm|i_preprocess_stage|Mult1|auto_generated|add9_result[22]~44|cin
    Info (332115):     10.652      0.059 FR  CELL  LayerNorm|i_preprocess_stage|Mult1|auto_generated|add9_result[22]~44|cout
    Info (332115):     10.652      0.000 RR    IC  LayerNorm|i_preprocess_stage|Mult1|auto_generated|add9_result[23]~46|cin
    Info (332115):     10.711      0.059 RF  CELL  LayerNorm|i_preprocess_stage|Mult1|auto_generated|add9_result[23]~46|cout
    Info (332115):     10.711      0.000 FF    IC  LayerNorm|i_preprocess_stage|Mult1|auto_generated|add9_result[24]~48|cin
    Info (332115):     10.770      0.059 FR  CELL  LayerNorm|i_preprocess_stage|Mult1|auto_generated|add9_result[24]~48|cout
    Info (332115):     10.770      0.000 RR    IC  LayerNorm|i_preprocess_stage|Mult1|auto_generated|add9_result[25]~50|cin
    Info (332115):     11.407      0.637 RR  CELL  LayerNorm|i_preprocess_stage|Mult1|auto_generated|add9_result[25]~50|combout
    Info (332115):     12.167      0.760 RR    IC  LayerNorm|i_preprocess_stage|Mult1|auto_generated|op_1~50|dataa
    Info (332115):     12.673      0.506 RF  CELL  LayerNorm|i_preprocess_stage|Mult1|auto_generated|op_1~50|cout
    Info (332115):     12.673      0.000 FF    IC  LayerNorm|i_preprocess_stage|Mult1|auto_generated|op_1~52|cin
    Info (332115):     12.732      0.059 FR  CELL  LayerNorm|i_preprocess_stage|Mult1|auto_generated|op_1~52|cout
    Info (332115):     12.732      0.000 RR    IC  LayerNorm|i_preprocess_stage|Mult1|auto_generated|op_1~54|cin
    Info (332115):     12.791      0.059 RF  CELL  LayerNorm|i_preprocess_stage|Mult1|auto_generated|op_1~54|cout
    Info (332115):     12.791      0.000 FF    IC  LayerNorm|i_preprocess_stage|Mult1|auto_generated|op_1~56|cin
    Info (332115):     12.850      0.059 FR  CELL  LayerNorm|i_preprocess_stage|Mult1|auto_generated|op_1~56|cout
    Info (332115):     12.850      0.000 RR    IC  LayerNorm|i_preprocess_stage|Mult1|auto_generated|op_1~58|cin
    Info (332115):     13.487      0.637 RR  CELL  LayerNorm|i_preprocess_stage|Mult1|auto_generated|op_1~58|combout
    Info (332115):     14.202      0.715 RR    IC  LayerNorm|i_preprocess_stage|var_hw_raw[15]~30|datab
    Info (332115):     14.726      0.524 RF  CELL  LayerNorm|i_preprocess_stage|var_hw_raw[15]~30|cout
    Info (332115):     14.726      0.000 FF    IC  LayerNorm|i_preprocess_stage|var_hw_raw[16]~32|cin
    Info (332115):     14.785      0.059 FR  CELL  LayerNorm|i_preprocess_stage|var_hw_raw[16]~32|cout
    Info (332115):     14.785      0.000 RR    IC  LayerNorm|i_preprocess_stage|var_hw_raw[17]~34|cin
    Info (332115):     15.422      0.637 RR  CELL  LayerNorm|i_preprocess_stage|var_hw_raw[17]~34|combout
    Info (332115):     16.214      0.792 RR    IC  LayerNorm|i_preprocess_stage|lut_idx_comb[0]~0|dataa
    Info (332115):     16.633      0.419 RF  CELL  LayerNorm|i_preprocess_stage|lut_idx_comb[0]~0|combout
    Info (332115):     16.867      0.234 FF    IC  LayerNorm|i_preprocess_stage|lut_idx_comb[0]~1|datad
    Info (332115):     16.998      0.131 FF  CELL  LayerNorm|i_preprocess_stage|lut_idx_comb[0]~1|combout
    Info (332115):     17.237      0.239 FF    IC  LayerNorm|i_preprocess_stage|lut_idx_comb[0]~2|datad
    Info (332115):     17.368      0.131 FF  CELL  LayerNorm|i_preprocess_stage|lut_idx_comb[0]~2|combout
    Info (332115):     17.604      0.236 FF    IC  LayerNorm|i_preprocess_stage|lut_idx_comb[0]~3|datad
    Info (332115):     17.735      0.131 FF  CELL  LayerNorm|i_preprocess_stage|lut_idx_comb[0]~3|combout
    Info (332115):     17.970      0.235 FF    IC  LayerNorm|i_preprocess_stage|lut_idx_comb[0]~4|datad
    Info (332115):     18.101      0.131 FF  CELL  LayerNorm|i_preprocess_stage|lut_idx_comb[0]~4|combout
    Info (332115):     18.425      0.324 FF    IC  LayerNorm|i_preprocess_stage|lut_idx_comb[1]~6|datad
    Info (332115):     18.586      0.161 FR  CELL  LayerNorm|i_preprocess_stage|lut_idx_comb[1]~6|combout
    Info (332115):     19.046      0.460 RR    IC  LayerNorm|i_preprocess_stage|Add4~2|datab
    Info (332115):     19.570      0.524 RF  CELL  LayerNorm|i_preprocess_stage|Add4~2|cout
    Info (332115):     19.570      0.000 FF    IC  LayerNorm|i_preprocess_stage|Add4~4|cin
    Info (332115):     19.629      0.059 FR  CELL  LayerNorm|i_preprocess_stage|Add4~4|cout
    Info (332115):     19.629      0.000 RR    IC  LayerNorm|i_preprocess_stage|Add4~6|cin
    Info (332115):     19.688      0.059 RF  CELL  LayerNorm|i_preprocess_stage|Add4~6|cout
    Info (332115):     19.688      0.000 FF    IC  LayerNorm|i_preprocess_stage|Add4~8|cin
    Info (332115):     19.747      0.059 FR  CELL  LayerNorm|i_preprocess_stage|Add4~8|cout
    Info (332115):     19.747      0.000 RR    IC  LayerNorm|i_preprocess_stage|Add4~10|cin
    Info (332115):     19.806      0.059 RF  CELL  LayerNorm|i_preprocess_stage|Add4~10|cout
    Info (332115):     19.806      0.000 FF    IC  LayerNorm|i_preprocess_stage|Add4~12|cin
    Info (332115):     19.865      0.059 FR  CELL  LayerNorm|i_preprocess_stage|Add4~12|cout
    Info (332115):     19.865      0.000 RR    IC  LayerNorm|i_preprocess_stage|Add4~14|cin
    Info (332115):     19.924      0.059 RF  CELL  LayerNorm|i_preprocess_stage|Add4~14|cout
    Info (332115):     19.924      0.000 FF    IC  LayerNorm|i_preprocess_stage|Add4~16|cin
    Info (332115):     19.983      0.059 FR  CELL  LayerNorm|i_preprocess_stage|Add4~16|cout
    Info (332115):     19.983      0.000 RR    IC  LayerNorm|i_preprocess_stage|Add4~18|cin
    Info (332115):     20.042      0.059 RF  CELL  LayerNorm|i_preprocess_stage|Add4~18|cout
    Info (332115):     20.042      0.000 FF    IC  LayerNorm|i_preprocess_stage|Add4~20|cin
    Info (332115):     20.101      0.059 FR  CELL  LayerNorm|i_preprocess_stage|Add4~20|cout
    Info (332115):     20.101      0.000 RR    IC  LayerNorm|i_preprocess_stage|Add4~22|cin
    Info (332115):     20.160      0.059 RF  CELL  LayerNorm|i_preprocess_stage|Add4~22|cout
    Info (332115):     20.160      0.000 FF    IC  LayerNorm|i_preprocess_stage|Add4~24|cin
    Info (332115):     20.219      0.059 FR  CELL  LayerNorm|i_preprocess_stage|Add4~24|cout
    Info (332115):     20.219      0.000 RR    IC  LayerNorm|i_preprocess_stage|Add4~26|cin
    Info (332115):     20.856      0.637 RR  CELL  LayerNorm|i_preprocess_stage|Add4~26|combout
    Info (332115):     21.829      0.973 RR    IC  LayerNorm|Selector2~12|datad
    Info (332115):     21.995      0.166 RR  CELL  LayerNorm|Selector2~12|combout
    Info (332115):     22.198      0.203 RR    IC  mem_start_addr~19|datad
    Info (332115):     22.364      0.166 RR  CELL  mem_start_addr~19|combout
    Info (332115):     22.364      0.000 RR    IC  mem_start_addr[14]~reg0|d
    Info (332115):     22.453      0.089 RR  CELL  mem_start_addr[14]~reg0
    Info (332115): Data Required Path:
    Info (332115): Total (ns)  Incr (ns)     Type  Element
    Info (332115): ==========  ========= ==  ====  ===================================
    Info (332115):      1.000      1.000           latch edge time
    Info (332115):      1.000      0.000           source latency
    Info (332115):      1.000      0.000           clk
    Info (332115):      1.000      0.000 RR    IC  clk~input|i
    Info (332115):      1.708      0.708 RR  CELL  clk~input|o
    Info (332115):      2.566      0.858 RR    IC  clk~inputclkctrl|inclk[0]
    Info (332115):      2.566      0.000 RR  CELL  clk~inputclkctrl|outclk
    Info (332115):      4.482      1.916 RR    IC  mem_start_addr[14]~reg0|clk
    Info (332115):      4.957      0.475 RR  CELL  mem_start_addr[14]~reg0
    Info (332115):      5.020      0.063           clock pessimism removed
    Info (332115):      5.000     -0.020           clock uncertainty
    Info (332115):      5.013      0.013     uTsu  mem_start_addr[14]~reg0
    Info (332115): Data Arrival Time  :    22.453
    Info (332115): Data Required Time :     5.013
    Info (332115): Slack              :   -17.440 (VIOLATED)
    Info (332115): ===================================================================
Info (332115): Path #5: Setup slack is -17.440 (VIOLATED)
    Info (332115): ===================================================================
    Info (332115): From Node    : LayerNorm:LayerNorm|ex_ex2_stage:i_ex_ex2_stage|ex2_reg[21]
    Info (332115): To Node      : mem_start_addr[14]~reg0
    Info (332115): Launch Clock : clk
    Info (332115): Latch Clock  : clk
    Info (332115): Data Arrival Path:
    Info (332115): Total (ns)  Incr (ns)     Type  Element
    Info (332115): ==========  ========= ==  ====  ===================================
    Info (332115):      0.000      0.000           launch edge time
    Info (332115):      0.000      0.000           source latency
    Info (332115):      0.000      0.000           clk
    Info (332115):      0.000      0.000 RR    IC  clk~input|i
    Info (332115):      0.708      0.708 RR  CELL  clk~input|o
    Info (332115):      1.602      0.894 RR    IC  clk~inputclkctrl|inclk[0]
    Info (332115):      1.602      0.000 RR  CELL  clk~inputclkctrl|outclk
    Info (332115):      3.488      1.886 RR    IC  LayerNorm|i_preprocess_stage|Mult1|auto_generated|mac_mult5|clk
    Info (332115):      3.873      0.385 RR  CELL  LayerNorm:LayerNorm|ex_ex2_stage:i_ex_ex2_stage|ex2_reg[21]
    Info (332115):      4.186      0.313     uTco  LayerNorm:LayerNorm|ex_ex2_stage:i_ex_ex2_stage|ex2_reg[21]
    Info (332115):      7.754      3.568 RR  CELL  LayerNorm|i_preprocess_stage|Mult1|auto_generated|mac_mult5|dataout[35]
    Info (332115):      7.754      0.000 RR    IC  LayerNorm|i_preprocess_stage|Mult1|auto_generated|mac_out6|dataa[5]
    Info (332115):      7.874      0.120 RR  CELL  LayerNorm|i_preprocess_stage|Mult1|auto_generated|mac_out6|dataout[5]
    Info (332115):      8.889      1.015 RR    IC  LayerNorm|i_preprocess_stage|Mult1|auto_generated|add9_result[1]~2|datab
    Info (332115):      9.413      0.524 RF  CELL  LayerNorm|i_preprocess_stage|Mult1|auto_generated|add9_result[1]~2|cout
    Info (332115):      9.413      0.000 FF    IC  LayerNorm|i_preprocess_stage|Mult1|auto_generated|add9_result[2]~4|cin
    Info (332115):      9.472      0.059 FR  CELL  LayerNorm|i_preprocess_stage|Mult1|auto_generated|add9_result[2]~4|cout
    Info (332115):      9.472      0.000 RR    IC  LayerNorm|i_preprocess_stage|Mult1|auto_generated|add9_result[3]~6|cin
    Info (332115):      9.531      0.059 RF  CELL  LayerNorm|i_preprocess_stage|Mult1|auto_generated|add9_result[3]~6|cout
    Info (332115):      9.531      0.000 FF    IC  LayerNorm|i_preprocess_stage|Mult1|auto_generated|add9_result[4]~8|cin
    Info (332115):      9.590      0.059 FR  CELL  LayerNorm|i_preprocess_stage|Mult1|auto_generated|add9_result[4]~8|cout
    Info (332115):      9.590      0.000 RR    IC  LayerNorm|i_preprocess_stage|Mult1|auto_generated|add9_result[5]~10|cin
    Info (332115):      9.649      0.059 RF  CELL  LayerNorm|i_preprocess_stage|Mult1|auto_generated|add9_result[5]~10|cout
    Info (332115):      9.649      0.000 FF    IC  LayerNorm|i_preprocess_stage|Mult1|auto_generated|add9_result[6]~12|cin
    Info (332115):      9.708      0.059 FR  CELL  LayerNorm|i_preprocess_stage|Mult1|auto_generated|add9_result[6]~12|cout
    Info (332115):      9.708      0.000 RR    IC  LayerNorm|i_preprocess_stage|Mult1|auto_generated|add9_result[7]~14|cin
    Info (332115):      9.767      0.059 RF  CELL  LayerNorm|i_preprocess_stage|Mult1|auto_generated|add9_result[7]~14|cout
    Info (332115):      9.767      0.000 FF    IC  LayerNorm|i_preprocess_stage|Mult1|auto_generated|add9_result[8]~16|cin
    Info (332115):      9.826      0.059 FR  CELL  LayerNorm|i_preprocess_stage|Mult1|auto_generated|add9_result[8]~16|cout
    Info (332115):      9.826      0.000 RR    IC  LayerNorm|i_preprocess_stage|Mult1|auto_generated|add9_result[9]~18|cin
    Info (332115):      9.885      0.059 RF  CELL  LayerNorm|i_preprocess_stage|Mult1|auto_generated|add9_result[9]~18|cout
    Info (332115):      9.885      0.000 FF    IC  LayerNorm|i_preprocess_stage|Mult1|auto_generated|add9_result[10]~20|cin
    Info (332115):      9.944      0.059 FR  CELL  LayerNorm|i_preprocess_stage|Mult1|auto_generated|add9_result[10]~20|cout
    Info (332115):      9.944      0.000 RR    IC  LayerNorm|i_preprocess_stage|Mult1|auto_generated|add9_result[11]~22|cin
    Info (332115):     10.003      0.059 RF  CELL  LayerNorm|i_preprocess_stage|Mult1|auto_generated|add9_result[11]~22|cout
    Info (332115):     10.003      0.000 FF    IC  LayerNorm|i_preprocess_stage|Mult1|auto_generated|add9_result[12]~24|cin
    Info (332115):     10.062      0.059 FR  CELL  LayerNorm|i_preprocess_stage|Mult1|auto_generated|add9_result[12]~24|cout
    Info (332115):     10.062      0.000 RR    IC  LayerNorm|i_preprocess_stage|Mult1|auto_generated|add9_result[13]~26|cin
    Info (332115):     10.121      0.059 RF  CELL  LayerNorm|i_preprocess_stage|Mult1|auto_generated|add9_result[13]~26|cout
    Info (332115):     10.121      0.000 FF    IC  LayerNorm|i_preprocess_stage|Mult1|auto_generated|add9_result[14]~28|cin
    Info (332115):     10.180      0.059 FR  CELL  LayerNorm|i_preprocess_stage|Mult1|auto_generated|add9_result[14]~28|cout
    Info (332115):     10.180      0.000 RR    IC  LayerNorm|i_preprocess_stage|Mult1|auto_generated|add9_result[15]~30|cin
    Info (332115):     10.239      0.059 RF  CELL  LayerNorm|i_preprocess_stage|Mult1|auto_generated|add9_result[15]~30|cout
    Info (332115):     10.239      0.000 FF    IC  LayerNorm|i_preprocess_stage|Mult1|auto_generated|add9_result[16]~32|cin
    Info (332115):     10.298      0.059 FR  CELL  LayerNorm|i_preprocess_stage|Mult1|auto_generated|add9_result[16]~32|cout
    Info (332115):     10.298      0.000 RR    IC  LayerNorm|i_preprocess_stage|Mult1|auto_generated|add9_result[17]~34|cin
    Info (332115):     10.357      0.059 RF  CELL  LayerNorm|i_preprocess_stage|Mult1|auto_generated|add9_result[17]~34|cout
    Info (332115):     10.357      0.000 FF    IC  LayerNorm|i_preprocess_stage|Mult1|auto_generated|add9_result[18]~36|cin
    Info (332115):     10.416      0.059 FR  CELL  LayerNorm|i_preprocess_stage|Mult1|auto_generated|add9_result[18]~36|cout
    Info (332115):     10.416      0.000 RR    IC  LayerNorm|i_preprocess_stage|Mult1|auto_generated|add9_result[19]~38|cin
    Info (332115):     10.475      0.059 RF  CELL  LayerNorm|i_preprocess_stage|Mult1|auto_generated|add9_result[19]~38|cout
    Info (332115):     10.475      0.000 FF    IC  LayerNorm|i_preprocess_stage|Mult1|auto_generated|add9_result[20]~40|cin
    Info (332115):     10.534      0.059 FR  CELL  LayerNorm|i_preprocess_stage|Mult1|auto_generated|add9_result[20]~40|cout
    Info (332115):     10.534      0.000 RR    IC  LayerNorm|i_preprocess_stage|Mult1|auto_generated|add9_result[21]~42|cin
    Info (332115):     10.593      0.059 RF  CELL  LayerNorm|i_preprocess_stage|Mult1|auto_generated|add9_result[21]~42|cout
    Info (332115):     10.593      0.000 FF    IC  LayerNorm|i_preprocess_stage|Mult1|auto_generated|add9_result[22]~44|cin
    Info (332115):     10.652      0.059 FR  CELL  LayerNorm|i_preprocess_stage|Mult1|auto_generated|add9_result[22]~44|cout
    Info (332115):     10.652      0.000 RR    IC  LayerNorm|i_preprocess_stage|Mult1|auto_generated|add9_result[23]~46|cin
    Info (332115):     10.711      0.059 RF  CELL  LayerNorm|i_preprocess_stage|Mult1|auto_generated|add9_result[23]~46|cout
    Info (332115):     10.711      0.000 FF    IC  LayerNorm|i_preprocess_stage|Mult1|auto_generated|add9_result[24]~48|cin
    Info (332115):     10.770      0.059 FR  CELL  LayerNorm|i_preprocess_stage|Mult1|auto_generated|add9_result[24]~48|cout
    Info (332115):     10.770      0.000 RR    IC  LayerNorm|i_preprocess_stage|Mult1|auto_generated|add9_result[25]~50|cin
    Info (332115):     11.407      0.637 RR  CELL  LayerNorm|i_preprocess_stage|Mult1|auto_generated|add9_result[25]~50|combout
    Info (332115):     12.167      0.760 RR    IC  LayerNorm|i_preprocess_stage|Mult1|auto_generated|op_1~50|dataa
    Info (332115):     12.673      0.506 RF  CELL  LayerNorm|i_preprocess_stage|Mult1|auto_generated|op_1~50|cout
    Info (332115):     12.673      0.000 FF    IC  LayerNorm|i_preprocess_stage|Mult1|auto_generated|op_1~52|cin
    Info (332115):     12.732      0.059 FR  CELL  LayerNorm|i_preprocess_stage|Mult1|auto_generated|op_1~52|cout
    Info (332115):     12.732      0.000 RR    IC  LayerNorm|i_preprocess_stage|Mult1|auto_generated|op_1~54|cin
    Info (332115):     12.791      0.059 RF  CELL  LayerNorm|i_preprocess_stage|Mult1|auto_generated|op_1~54|cout
    Info (332115):     12.791      0.000 FF    IC  LayerNorm|i_preprocess_stage|Mult1|auto_generated|op_1~56|cin
    Info (332115):     12.850      0.059 FR  CELL  LayerNorm|i_preprocess_stage|Mult1|auto_generated|op_1~56|cout
    Info (332115):     12.850      0.000 RR    IC  LayerNorm|i_preprocess_stage|Mult1|auto_generated|op_1~58|cin
    Info (332115):     13.487      0.637 RR  CELL  LayerNorm|i_preprocess_stage|Mult1|auto_generated|op_1~58|combout
    Info (332115):     14.202      0.715 RR    IC  LayerNorm|i_preprocess_stage|var_hw_raw[15]~30|datab
    Info (332115):     14.726      0.524 RF  CELL  LayerNorm|i_preprocess_stage|var_hw_raw[15]~30|cout
    Info (332115):     14.726      0.000 FF    IC  LayerNorm|i_preprocess_stage|var_hw_raw[16]~32|cin
    Info (332115):     14.785      0.059 FR  CELL  LayerNorm|i_preprocess_stage|var_hw_raw[16]~32|cout
    Info (332115):     14.785      0.000 RR    IC  LayerNorm|i_preprocess_stage|var_hw_raw[17]~34|cin
    Info (332115):     15.422      0.637 RR  CELL  LayerNorm|i_preprocess_stage|var_hw_raw[17]~34|combout
    Info (332115):     16.214      0.792 RR    IC  LayerNorm|i_preprocess_stage|lut_idx_comb[0]~0|dataa
    Info (332115):     16.633      0.419 RF  CELL  LayerNorm|i_preprocess_stage|lut_idx_comb[0]~0|combout
    Info (332115):     16.867      0.234 FF    IC  LayerNorm|i_preprocess_stage|lut_idx_comb[0]~1|datad
    Info (332115):     16.998      0.131 FF  CELL  LayerNorm|i_preprocess_stage|lut_idx_comb[0]~1|combout
    Info (332115):     17.237      0.239 FF    IC  LayerNorm|i_preprocess_stage|lut_idx_comb[0]~2|datad
    Info (332115):     17.368      0.131 FF  CELL  LayerNorm|i_preprocess_stage|lut_idx_comb[0]~2|combout
    Info (332115):     17.604      0.236 FF    IC  LayerNorm|i_preprocess_stage|lut_idx_comb[0]~3|datad
    Info (332115):     17.735      0.131 FF  CELL  LayerNorm|i_preprocess_stage|lut_idx_comb[0]~3|combout
    Info (332115):     17.970      0.235 FF    IC  LayerNorm|i_preprocess_stage|lut_idx_comb[0]~4|datad
    Info (332115):     18.101      0.131 FF  CELL  LayerNorm|i_preprocess_stage|lut_idx_comb[0]~4|combout
    Info (332115):     18.425      0.324 FF    IC  LayerNorm|i_preprocess_stage|lut_idx_comb[1]~6|datad
    Info (332115):     18.586      0.161 FR  CELL  LayerNorm|i_preprocess_stage|lut_idx_comb[1]~6|combout
    Info (332115):     19.046      0.460 RR    IC  LayerNorm|i_preprocess_stage|Add4~2|datab
    Info (332115):     19.570      0.524 RF  CELL  LayerNorm|i_preprocess_stage|Add4~2|cout
    Info (332115):     19.570      0.000 FF    IC  LayerNorm|i_preprocess_stage|Add4~4|cin
    Info (332115):     19.629      0.059 FR  CELL  LayerNorm|i_preprocess_stage|Add4~4|cout
    Info (332115):     19.629      0.000 RR    IC  LayerNorm|i_preprocess_stage|Add4~6|cin
    Info (332115):     19.688      0.059 RF  CELL  LayerNorm|i_preprocess_stage|Add4~6|cout
    Info (332115):     19.688      0.000 FF    IC  LayerNorm|i_preprocess_stage|Add4~8|cin
    Info (332115):     19.747      0.059 FR  CELL  LayerNorm|i_preprocess_stage|Add4~8|cout
    Info (332115):     19.747      0.000 RR    IC  LayerNorm|i_preprocess_stage|Add4~10|cin
    Info (332115):     19.806      0.059 RF  CELL  LayerNorm|i_preprocess_stage|Add4~10|cout
    Info (332115):     19.806      0.000 FF    IC  LayerNorm|i_preprocess_stage|Add4~12|cin
    Info (332115):     19.865      0.059 FR  CELL  LayerNorm|i_preprocess_stage|Add4~12|cout
    Info (332115):     19.865      0.000 RR    IC  LayerNorm|i_preprocess_stage|Add4~14|cin
    Info (332115):     19.924      0.059 RF  CELL  LayerNorm|i_preprocess_stage|Add4~14|cout
    Info (332115):     19.924      0.000 FF    IC  LayerNorm|i_preprocess_stage|Add4~16|cin
    Info (332115):     19.983      0.059 FR  CELL  LayerNorm|i_preprocess_stage|Add4~16|cout
    Info (332115):     19.983      0.000 RR    IC  LayerNorm|i_preprocess_stage|Add4~18|cin
    Info (332115):     20.042      0.059 RF  CELL  LayerNorm|i_preprocess_stage|Add4~18|cout
    Info (332115):     20.042      0.000 FF    IC  LayerNorm|i_preprocess_stage|Add4~20|cin
    Info (332115):     20.101      0.059 FR  CELL  LayerNorm|i_preprocess_stage|Add4~20|cout
    Info (332115):     20.101      0.000 RR    IC  LayerNorm|i_preprocess_stage|Add4~22|cin
    Info (332115):     20.160      0.059 RF  CELL  LayerNorm|i_preprocess_stage|Add4~22|cout
    Info (332115):     20.160      0.000 FF    IC  LayerNorm|i_preprocess_stage|Add4~24|cin
    Info (332115):     20.219      0.059 FR  CELL  LayerNorm|i_preprocess_stage|Add4~24|cout
    Info (332115):     20.219      0.000 RR    IC  LayerNorm|i_preprocess_stage|Add4~26|cin
    Info (332115):     20.856      0.637 RR  CELL  LayerNorm|i_preprocess_stage|Add4~26|combout
    Info (332115):     21.829      0.973 RR    IC  LayerNorm|Selector2~12|datad
    Info (332115):     21.995      0.166 RR  CELL  LayerNorm|Selector2~12|combout
    Info (332115):     22.198      0.203 RR    IC  mem_start_addr~19|datad
    Info (332115):     22.364      0.166 RR  CELL  mem_start_addr~19|combout
    Info (332115):     22.364      0.000 RR    IC  mem_start_addr[14]~reg0|d
    Info (332115):     22.453      0.089 RR  CELL  mem_start_addr[14]~reg0
    Info (332115): Data Required Path:
    Info (332115): Total (ns)  Incr (ns)     Type  Element
    Info (332115): ==========  ========= ==  ====  ===================================
    Info (332115):      1.000      1.000           latch edge time
    Info (332115):      1.000      0.000           source latency
    Info (332115):      1.000      0.000           clk
    Info (332115):      1.000      0.000 RR    IC  clk~input|i
    Info (332115):      1.708      0.708 RR  CELL  clk~input|o
    Info (332115):      2.566      0.858 RR    IC  clk~inputclkctrl|inclk[0]
    Info (332115):      2.566      0.000 RR  CELL  clk~inputclkctrl|outclk
    Info (332115):      4.482      1.916 RR    IC  mem_start_addr[14]~reg0|clk
    Info (332115):      4.957      0.475 RR  CELL  mem_start_addr[14]~reg0
    Info (332115):      5.020      0.063           clock pessimism removed
    Info (332115):      5.000     -0.020           clock uncertainty
    Info (332115):      5.013      0.013     uTsu  mem_start_addr[14]~reg0
    Info (332115): Data Arrival Time  :    22.453
    Info (332115): Data Required Time :     5.013
    Info (332115): Slack              :   -17.440 (VIOLATED)
    Info (332115): ===================================================================
Info (332115): Path #6: Setup slack is -17.440 (VIOLATED)
    Info (332115): ===================================================================
    Info (332115): From Node    : LayerNorm:LayerNorm|ex_ex2_stage:i_ex_ex2_stage|ex2_reg[22]
    Info (332115): To Node      : mem_start_addr[14]~reg0
    Info (332115): Launch Clock : clk
    Info (332115): Latch Clock  : clk
    Info (332115): Data Arrival Path:
    Info (332115): Total (ns)  Incr (ns)     Type  Element
    Info (332115): ==========  ========= ==  ====  ===================================
    Info (332115):      0.000      0.000           launch edge time
    Info (332115):      0.000      0.000           source latency
    Info (332115):      0.000      0.000           clk
    Info (332115):      0.000      0.000 RR    IC  clk~input|i
    Info (332115):      0.708      0.708 RR  CELL  clk~input|o
    Info (332115):      1.602      0.894 RR    IC  clk~inputclkctrl|inclk[0]
    Info (332115):      1.602      0.000 RR  CELL  clk~inputclkctrl|outclk
    Info (332115):      3.488      1.886 RR    IC  LayerNorm|i_preprocess_stage|Mult1|auto_generated|mac_mult5|clk
    Info (332115):      3.873      0.385 RR  CELL  LayerNorm:LayerNorm|ex_ex2_stage:i_ex_ex2_stage|ex2_reg[22]
    Info (332115):      4.186      0.313     uTco  LayerNorm:LayerNorm|ex_ex2_stage:i_ex_ex2_stage|ex2_reg[22]
    Info (332115):      7.754      3.568 RR  CELL  LayerNorm|i_preprocess_stage|Mult1|auto_generated|mac_mult5|dataout[35]
    Info (332115):      7.754      0.000 RR    IC  LayerNorm|i_preprocess_stage|Mult1|auto_generated|mac_out6|dataa[5]
    Info (332115):      7.874      0.120 RR  CELL  LayerNorm|i_preprocess_stage|Mult1|auto_generated|mac_out6|dataout[5]
    Info (332115):      8.889      1.015 RR    IC  LayerNorm|i_preprocess_stage|Mult1|auto_generated|add9_result[1]~2|datab
    Info (332115):      9.413      0.524 RF  CELL  LayerNorm|i_preprocess_stage|Mult1|auto_generated|add9_result[1]~2|cout
    Info (332115):      9.413      0.000 FF    IC  LayerNorm|i_preprocess_stage|Mult1|auto_generated|add9_result[2]~4|cin
    Info (332115):      9.472      0.059 FR  CELL  LayerNorm|i_preprocess_stage|Mult1|auto_generated|add9_result[2]~4|cout
    Info (332115):      9.472      0.000 RR    IC  LayerNorm|i_preprocess_stage|Mult1|auto_generated|add9_result[3]~6|cin
    Info (332115):      9.531      0.059 RF  CELL  LayerNorm|i_preprocess_stage|Mult1|auto_generated|add9_result[3]~6|cout
    Info (332115):      9.531      0.000 FF    IC  LayerNorm|i_preprocess_stage|Mult1|auto_generated|add9_result[4]~8|cin
    Info (332115):      9.590      0.059 FR  CELL  LayerNorm|i_preprocess_stage|Mult1|auto_generated|add9_result[4]~8|cout
    Info (332115):      9.590      0.000 RR    IC  LayerNorm|i_preprocess_stage|Mult1|auto_generated|add9_result[5]~10|cin
    Info (332115):      9.649      0.059 RF  CELL  LayerNorm|i_preprocess_stage|Mult1|auto_generated|add9_result[5]~10|cout
    Info (332115):      9.649      0.000 FF    IC  LayerNorm|i_preprocess_stage|Mult1|auto_generated|add9_result[6]~12|cin
    Info (332115):      9.708      0.059 FR  CELL  LayerNorm|i_preprocess_stage|Mult1|auto_generated|add9_result[6]~12|cout
    Info (332115):      9.708      0.000 RR    IC  LayerNorm|i_preprocess_stage|Mult1|auto_generated|add9_result[7]~14|cin
    Info (332115):      9.767      0.059 RF  CELL  LayerNorm|i_preprocess_stage|Mult1|auto_generated|add9_result[7]~14|cout
    Info (332115):      9.767      0.000 FF    IC  LayerNorm|i_preprocess_stage|Mult1|auto_generated|add9_result[8]~16|cin
    Info (332115):      9.826      0.059 FR  CELL  LayerNorm|i_preprocess_stage|Mult1|auto_generated|add9_result[8]~16|cout
    Info (332115):      9.826      0.000 RR    IC  LayerNorm|i_preprocess_stage|Mult1|auto_generated|add9_result[9]~18|cin
    Info (332115):      9.885      0.059 RF  CELL  LayerNorm|i_preprocess_stage|Mult1|auto_generated|add9_result[9]~18|cout
    Info (332115):      9.885      0.000 FF    IC  LayerNorm|i_preprocess_stage|Mult1|auto_generated|add9_result[10]~20|cin
    Info (332115):      9.944      0.059 FR  CELL  LayerNorm|i_preprocess_stage|Mult1|auto_generated|add9_result[10]~20|cout
    Info (332115):      9.944      0.000 RR    IC  LayerNorm|i_preprocess_stage|Mult1|auto_generated|add9_result[11]~22|cin
    Info (332115):     10.003      0.059 RF  CELL  LayerNorm|i_preprocess_stage|Mult1|auto_generated|add9_result[11]~22|cout
    Info (332115):     10.003      0.000 FF    IC  LayerNorm|i_preprocess_stage|Mult1|auto_generated|add9_result[12]~24|cin
    Info (332115):     10.062      0.059 FR  CELL  LayerNorm|i_preprocess_stage|Mult1|auto_generated|add9_result[12]~24|cout
    Info (332115):     10.062      0.000 RR    IC  LayerNorm|i_preprocess_stage|Mult1|auto_generated|add9_result[13]~26|cin
    Info (332115):     10.121      0.059 RF  CELL  LayerNorm|i_preprocess_stage|Mult1|auto_generated|add9_result[13]~26|cout
    Info (332115):     10.121      0.000 FF    IC  LayerNorm|i_preprocess_stage|Mult1|auto_generated|add9_result[14]~28|cin
    Info (332115):     10.180      0.059 FR  CELL  LayerNorm|i_preprocess_stage|Mult1|auto_generated|add9_result[14]~28|cout
    Info (332115):     10.180      0.000 RR    IC  LayerNorm|i_preprocess_stage|Mult1|auto_generated|add9_result[15]~30|cin
    Info (332115):     10.239      0.059 RF  CELL  LayerNorm|i_preprocess_stage|Mult1|auto_generated|add9_result[15]~30|cout
    Info (332115):     10.239      0.000 FF    IC  LayerNorm|i_preprocess_stage|Mult1|auto_generated|add9_result[16]~32|cin
    Info (332115):     10.298      0.059 FR  CELL  LayerNorm|i_preprocess_stage|Mult1|auto_generated|add9_result[16]~32|cout
    Info (332115):     10.298      0.000 RR    IC  LayerNorm|i_preprocess_stage|Mult1|auto_generated|add9_result[17]~34|cin
    Info (332115):     10.357      0.059 RF  CELL  LayerNorm|i_preprocess_stage|Mult1|auto_generated|add9_result[17]~34|cout
    Info (332115):     10.357      0.000 FF    IC  LayerNorm|i_preprocess_stage|Mult1|auto_generated|add9_result[18]~36|cin
    Info (332115):     10.416      0.059 FR  CELL  LayerNorm|i_preprocess_stage|Mult1|auto_generated|add9_result[18]~36|cout
    Info (332115):     10.416      0.000 RR    IC  LayerNorm|i_preprocess_stage|Mult1|auto_generated|add9_result[19]~38|cin
    Info (332115):     10.475      0.059 RF  CELL  LayerNorm|i_preprocess_stage|Mult1|auto_generated|add9_result[19]~38|cout
    Info (332115):     10.475      0.000 FF    IC  LayerNorm|i_preprocess_stage|Mult1|auto_generated|add9_result[20]~40|cin
    Info (332115):     10.534      0.059 FR  CELL  LayerNorm|i_preprocess_stage|Mult1|auto_generated|add9_result[20]~40|cout
    Info (332115):     10.534      0.000 RR    IC  LayerNorm|i_preprocess_stage|Mult1|auto_generated|add9_result[21]~42|cin
    Info (332115):     10.593      0.059 RF  CELL  LayerNorm|i_preprocess_stage|Mult1|auto_generated|add9_result[21]~42|cout
    Info (332115):     10.593      0.000 FF    IC  LayerNorm|i_preprocess_stage|Mult1|auto_generated|add9_result[22]~44|cin
    Info (332115):     10.652      0.059 FR  CELL  LayerNorm|i_preprocess_stage|Mult1|auto_generated|add9_result[22]~44|cout
    Info (332115):     10.652      0.000 RR    IC  LayerNorm|i_preprocess_stage|Mult1|auto_generated|add9_result[23]~46|cin
    Info (332115):     10.711      0.059 RF  CELL  LayerNorm|i_preprocess_stage|Mult1|auto_generated|add9_result[23]~46|cout
    Info (332115):     10.711      0.000 FF    IC  LayerNorm|i_preprocess_stage|Mult1|auto_generated|add9_result[24]~48|cin
    Info (332115):     10.770      0.059 FR  CELL  LayerNorm|i_preprocess_stage|Mult1|auto_generated|add9_result[24]~48|cout
    Info (332115):     10.770      0.000 RR    IC  LayerNorm|i_preprocess_stage|Mult1|auto_generated|add9_result[25]~50|cin
    Info (332115):     11.407      0.637 RR  CELL  LayerNorm|i_preprocess_stage|Mult1|auto_generated|add9_result[25]~50|combout
    Info (332115):     12.167      0.760 RR    IC  LayerNorm|i_preprocess_stage|Mult1|auto_generated|op_1~50|dataa
    Info (332115):     12.673      0.506 RF  CELL  LayerNorm|i_preprocess_stage|Mult1|auto_generated|op_1~50|cout
    Info (332115):     12.673      0.000 FF    IC  LayerNorm|i_preprocess_stage|Mult1|auto_generated|op_1~52|cin
    Info (332115):     12.732      0.059 FR  CELL  LayerNorm|i_preprocess_stage|Mult1|auto_generated|op_1~52|cout
    Info (332115):     12.732      0.000 RR    IC  LayerNorm|i_preprocess_stage|Mult1|auto_generated|op_1~54|cin
    Info (332115):     12.791      0.059 RF  CELL  LayerNorm|i_preprocess_stage|Mult1|auto_generated|op_1~54|cout
    Info (332115):     12.791      0.000 FF    IC  LayerNorm|i_preprocess_stage|Mult1|auto_generated|op_1~56|cin
    Info (332115):     12.850      0.059 FR  CELL  LayerNorm|i_preprocess_stage|Mult1|auto_generated|op_1~56|cout
    Info (332115):     12.850      0.000 RR    IC  LayerNorm|i_preprocess_stage|Mult1|auto_generated|op_1~58|cin
    Info (332115):     13.487      0.637 RR  CELL  LayerNorm|i_preprocess_stage|Mult1|auto_generated|op_1~58|combout
    Info (332115):     14.202      0.715 RR    IC  LayerNorm|i_preprocess_stage|var_hw_raw[15]~30|datab
    Info (332115):     14.726      0.524 RF  CELL  LayerNorm|i_preprocess_stage|var_hw_raw[15]~30|cout
    Info (332115):     14.726      0.000 FF    IC  LayerNorm|i_preprocess_stage|var_hw_raw[16]~32|cin
    Info (332115):     14.785      0.059 FR  CELL  LayerNorm|i_preprocess_stage|var_hw_raw[16]~32|cout
    Info (332115):     14.785      0.000 RR    IC  LayerNorm|i_preprocess_stage|var_hw_raw[17]~34|cin
    Info (332115):     15.422      0.637 RR  CELL  LayerNorm|i_preprocess_stage|var_hw_raw[17]~34|combout
    Info (332115):     16.214      0.792 RR    IC  LayerNorm|i_preprocess_stage|lut_idx_comb[0]~0|dataa
    Info (332115):     16.633      0.419 RF  CELL  LayerNorm|i_preprocess_stage|lut_idx_comb[0]~0|combout
    Info (332115):     16.867      0.234 FF    IC  LayerNorm|i_preprocess_stage|lut_idx_comb[0]~1|datad
    Info (332115):     16.998      0.131 FF  CELL  LayerNorm|i_preprocess_stage|lut_idx_comb[0]~1|combout
    Info (332115):     17.237      0.239 FF    IC  LayerNorm|i_preprocess_stage|lut_idx_comb[0]~2|datad
    Info (332115):     17.368      0.131 FF  CELL  LayerNorm|i_preprocess_stage|lut_idx_comb[0]~2|combout
    Info (332115):     17.604      0.236 FF    IC  LayerNorm|i_preprocess_stage|lut_idx_comb[0]~3|datad
    Info (332115):     17.735      0.131 FF  CELL  LayerNorm|i_preprocess_stage|lut_idx_comb[0]~3|combout
    Info (332115):     17.970      0.235 FF    IC  LayerNorm|i_preprocess_stage|lut_idx_comb[0]~4|datad
    Info (332115):     18.101      0.131 FF  CELL  LayerNorm|i_preprocess_stage|lut_idx_comb[0]~4|combout
    Info (332115):     18.425      0.324 FF    IC  LayerNorm|i_preprocess_stage|lut_idx_comb[1]~6|datad
    Info (332115):     18.586      0.161 FR  CELL  LayerNorm|i_preprocess_stage|lut_idx_comb[1]~6|combout
    Info (332115):     19.046      0.460 RR    IC  LayerNorm|i_preprocess_stage|Add4~2|datab
    Info (332115):     19.570      0.524 RF  CELL  LayerNorm|i_preprocess_stage|Add4~2|cout
    Info (332115):     19.570      0.000 FF    IC  LayerNorm|i_preprocess_stage|Add4~4|cin
    Info (332115):     19.629      0.059 FR  CELL  LayerNorm|i_preprocess_stage|Add4~4|cout
    Info (332115):     19.629      0.000 RR    IC  LayerNorm|i_preprocess_stage|Add4~6|cin
    Info (332115):     19.688      0.059 RF  CELL  LayerNorm|i_preprocess_stage|Add4~6|cout
    Info (332115):     19.688      0.000 FF    IC  LayerNorm|i_preprocess_stage|Add4~8|cin
    Info (332115):     19.747      0.059 FR  CELL  LayerNorm|i_preprocess_stage|Add4~8|cout
    Info (332115):     19.747      0.000 RR    IC  LayerNorm|i_preprocess_stage|Add4~10|cin
    Info (332115):     19.806      0.059 RF  CELL  LayerNorm|i_preprocess_stage|Add4~10|cout
    Info (332115):     19.806      0.000 FF    IC  LayerNorm|i_preprocess_stage|Add4~12|cin
    Info (332115):     19.865      0.059 FR  CELL  LayerNorm|i_preprocess_stage|Add4~12|cout
    Info (332115):     19.865      0.000 RR    IC  LayerNorm|i_preprocess_stage|Add4~14|cin
    Info (332115):     19.924      0.059 RF  CELL  LayerNorm|i_preprocess_stage|Add4~14|cout
    Info (332115):     19.924      0.000 FF    IC  LayerNorm|i_preprocess_stage|Add4~16|cin
    Info (332115):     19.983      0.059 FR  CELL  LayerNorm|i_preprocess_stage|Add4~16|cout
    Info (332115):     19.983      0.000 RR    IC  LayerNorm|i_preprocess_stage|Add4~18|cin
    Info (332115):     20.042      0.059 RF  CELL  LayerNorm|i_preprocess_stage|Add4~18|cout
    Info (332115):     20.042      0.000 FF    IC  LayerNorm|i_preprocess_stage|Add4~20|cin
    Info (332115):     20.101      0.059 FR  CELL  LayerNorm|i_preprocess_stage|Add4~20|cout
    Info (332115):     20.101      0.000 RR    IC  LayerNorm|i_preprocess_stage|Add4~22|cin
    Info (332115):     20.160      0.059 RF  CELL  LayerNorm|i_preprocess_stage|Add4~22|cout
    Info (332115):     20.160      0.000 FF    IC  LayerNorm|i_preprocess_stage|Add4~24|cin
    Info (332115):     20.219      0.059 FR  CELL  LayerNorm|i_preprocess_stage|Add4~24|cout
    Info (332115):     20.219      0.000 RR    IC  LayerNorm|i_preprocess_stage|Add4~26|cin
    Info (332115):     20.856      0.637 RR  CELL  LayerNorm|i_preprocess_stage|Add4~26|combout
    Info (332115):     21.829      0.973 RR    IC  LayerNorm|Selector2~12|datad
    Info (332115):     21.995      0.166 RR  CELL  LayerNorm|Selector2~12|combout
    Info (332115):     22.198      0.203 RR    IC  mem_start_addr~19|datad
    Info (332115):     22.364      0.166 RR  CELL  mem_start_addr~19|combout
    Info (332115):     22.364      0.000 RR    IC  mem_start_addr[14]~reg0|d
    Info (332115):     22.453      0.089 RR  CELL  mem_start_addr[14]~reg0
    Info (332115): Data Required Path:
    Info (332115): Total (ns)  Incr (ns)     Type  Element
    Info (332115): ==========  ========= ==  ====  ===================================
    Info (332115):      1.000      1.000           latch edge time
    Info (332115):      1.000      0.000           source latency
    Info (332115):      1.000      0.000           clk
    Info (332115):      1.000      0.000 RR    IC  clk~input|i
    Info (332115):      1.708      0.708 RR  CELL  clk~input|o
    Info (332115):      2.566      0.858 RR    IC  clk~inputclkctrl|inclk[0]
    Info (332115):      2.566      0.000 RR  CELL  clk~inputclkctrl|outclk
    Info (332115):      4.482      1.916 RR    IC  mem_start_addr[14]~reg0|clk
    Info (332115):      4.957      0.475 RR  CELL  mem_start_addr[14]~reg0
    Info (332115):      5.020      0.063           clock pessimism removed
    Info (332115):      5.000     -0.020           clock uncertainty
    Info (332115):      5.013      0.013     uTsu  mem_start_addr[14]~reg0
    Info (332115): Data Arrival Time  :    22.453
    Info (332115): Data Required Time :     5.013
    Info (332115): Slack              :   -17.440 (VIOLATED)
    Info (332115): ===================================================================
Info (332115): Path #7: Setup slack is -17.440 (VIOLATED)
    Info (332115): ===================================================================
    Info (332115): From Node    : LayerNorm:LayerNorm|ex_ex2_stage:i_ex_ex2_stage|ex2_reg[23]
    Info (332115): To Node      : mem_start_addr[14]~reg0
    Info (332115): Launch Clock : clk
    Info (332115): Latch Clock  : clk
    Info (332115): Data Arrival Path:
    Info (332115): Total (ns)  Incr (ns)     Type  Element
    Info (332115): ==========  ========= ==  ====  ===================================
    Info (332115):      0.000      0.000           launch edge time
    Info (332115):      0.000      0.000           source latency
    Info (332115):      0.000      0.000           clk
    Info (332115):      0.000      0.000 RR    IC  clk~input|i
    Info (332115):      0.708      0.708 RR  CELL  clk~input|o
    Info (332115):      1.602      0.894 RR    IC  clk~inputclkctrl|inclk[0]
    Info (332115):      1.602      0.000 RR  CELL  clk~inputclkctrl|outclk
    Info (332115):      3.488      1.886 RR    IC  LayerNorm|i_preprocess_stage|Mult1|auto_generated|mac_mult5|clk
    Info (332115):      3.873      0.385 RR  CELL  LayerNorm:LayerNorm|ex_ex2_stage:i_ex_ex2_stage|ex2_reg[23]
    Info (332115):      4.186      0.313     uTco  LayerNorm:LayerNorm|ex_ex2_stage:i_ex_ex2_stage|ex2_reg[23]
    Info (332115):      7.754      3.568 RR  CELL  LayerNorm|i_preprocess_stage|Mult1|auto_generated|mac_mult5|dataout[35]
    Info (332115):      7.754      0.000 RR    IC  LayerNorm|i_preprocess_stage|Mult1|auto_generated|mac_out6|dataa[5]
    Info (332115):      7.874      0.120 RR  CELL  LayerNorm|i_preprocess_stage|Mult1|auto_generated|mac_out6|dataout[5]
    Info (332115):      8.889      1.015 RR    IC  LayerNorm|i_preprocess_stage|Mult1|auto_generated|add9_result[1]~2|datab
    Info (332115):      9.413      0.524 RF  CELL  LayerNorm|i_preprocess_stage|Mult1|auto_generated|add9_result[1]~2|cout
    Info (332115):      9.413      0.000 FF    IC  LayerNorm|i_preprocess_stage|Mult1|auto_generated|add9_result[2]~4|cin
    Info (332115):      9.472      0.059 FR  CELL  LayerNorm|i_preprocess_stage|Mult1|auto_generated|add9_result[2]~4|cout
    Info (332115):      9.472      0.000 RR    IC  LayerNorm|i_preprocess_stage|Mult1|auto_generated|add9_result[3]~6|cin
    Info (332115):      9.531      0.059 RF  CELL  LayerNorm|i_preprocess_stage|Mult1|auto_generated|add9_result[3]~6|cout
    Info (332115):      9.531      0.000 FF    IC  LayerNorm|i_preprocess_stage|Mult1|auto_generated|add9_result[4]~8|cin
    Info (332115):      9.590      0.059 FR  CELL  LayerNorm|i_preprocess_stage|Mult1|auto_generated|add9_result[4]~8|cout
    Info (332115):      9.590      0.000 RR    IC  LayerNorm|i_preprocess_stage|Mult1|auto_generated|add9_result[5]~10|cin
    Info (332115):      9.649      0.059 RF  CELL  LayerNorm|i_preprocess_stage|Mult1|auto_generated|add9_result[5]~10|cout
    Info (332115):      9.649      0.000 FF    IC  LayerNorm|i_preprocess_stage|Mult1|auto_generated|add9_result[6]~12|cin
    Info (332115):      9.708      0.059 FR  CELL  LayerNorm|i_preprocess_stage|Mult1|auto_generated|add9_result[6]~12|cout
    Info (332115):      9.708      0.000 RR    IC  LayerNorm|i_preprocess_stage|Mult1|auto_generated|add9_result[7]~14|cin
    Info (332115):      9.767      0.059 RF  CELL  LayerNorm|i_preprocess_stage|Mult1|auto_generated|add9_result[7]~14|cout
    Info (332115):      9.767      0.000 FF    IC  LayerNorm|i_preprocess_stage|Mult1|auto_generated|add9_result[8]~16|cin
    Info (332115):      9.826      0.059 FR  CELL  LayerNorm|i_preprocess_stage|Mult1|auto_generated|add9_result[8]~16|cout
    Info (332115):      9.826      0.000 RR    IC  LayerNorm|i_preprocess_stage|Mult1|auto_generated|add9_result[9]~18|cin
    Info (332115):      9.885      0.059 RF  CELL  LayerNorm|i_preprocess_stage|Mult1|auto_generated|add9_result[9]~18|cout
    Info (332115):      9.885      0.000 FF    IC  LayerNorm|i_preprocess_stage|Mult1|auto_generated|add9_result[10]~20|cin
    Info (332115):      9.944      0.059 FR  CELL  LayerNorm|i_preprocess_stage|Mult1|auto_generated|add9_result[10]~20|cout
    Info (332115):      9.944      0.000 RR    IC  LayerNorm|i_preprocess_stage|Mult1|auto_generated|add9_result[11]~22|cin
    Info (332115):     10.003      0.059 RF  CELL  LayerNorm|i_preprocess_stage|Mult1|auto_generated|add9_result[11]~22|cout
    Info (332115):     10.003      0.000 FF    IC  LayerNorm|i_preprocess_stage|Mult1|auto_generated|add9_result[12]~24|cin
    Info (332115):     10.062      0.059 FR  CELL  LayerNorm|i_preprocess_stage|Mult1|auto_generated|add9_result[12]~24|cout
    Info (332115):     10.062      0.000 RR    IC  LayerNorm|i_preprocess_stage|Mult1|auto_generated|add9_result[13]~26|cin
    Info (332115):     10.121      0.059 RF  CELL  LayerNorm|i_preprocess_stage|Mult1|auto_generated|add9_result[13]~26|cout
    Info (332115):     10.121      0.000 FF    IC  LayerNorm|i_preprocess_stage|Mult1|auto_generated|add9_result[14]~28|cin
    Info (332115):     10.180      0.059 FR  CELL  LayerNorm|i_preprocess_stage|Mult1|auto_generated|add9_result[14]~28|cout
    Info (332115):     10.180      0.000 RR    IC  LayerNorm|i_preprocess_stage|Mult1|auto_generated|add9_result[15]~30|cin
    Info (332115):     10.239      0.059 RF  CELL  LayerNorm|i_preprocess_stage|Mult1|auto_generated|add9_result[15]~30|cout
    Info (332115):     10.239      0.000 FF    IC  LayerNorm|i_preprocess_stage|Mult1|auto_generated|add9_result[16]~32|cin
    Info (332115):     10.298      0.059 FR  CELL  LayerNorm|i_preprocess_stage|Mult1|auto_generated|add9_result[16]~32|cout
    Info (332115):     10.298      0.000 RR    IC  LayerNorm|i_preprocess_stage|Mult1|auto_generated|add9_result[17]~34|cin
    Info (332115):     10.357      0.059 RF  CELL  LayerNorm|i_preprocess_stage|Mult1|auto_generated|add9_result[17]~34|cout
    Info (332115):     10.357      0.000 FF    IC  LayerNorm|i_preprocess_stage|Mult1|auto_generated|add9_result[18]~36|cin
    Info (332115):     10.416      0.059 FR  CELL  LayerNorm|i_preprocess_stage|Mult1|auto_generated|add9_result[18]~36|cout
    Info (332115):     10.416      0.000 RR    IC  LayerNorm|i_preprocess_stage|Mult1|auto_generated|add9_result[19]~38|cin
    Info (332115):     10.475      0.059 RF  CELL  LayerNorm|i_preprocess_stage|Mult1|auto_generated|add9_result[19]~38|cout
    Info (332115):     10.475      0.000 FF    IC  LayerNorm|i_preprocess_stage|Mult1|auto_generated|add9_result[20]~40|cin
    Info (332115):     10.534      0.059 FR  CELL  LayerNorm|i_preprocess_stage|Mult1|auto_generated|add9_result[20]~40|cout
    Info (332115):     10.534      0.000 RR    IC  LayerNorm|i_preprocess_stage|Mult1|auto_generated|add9_result[21]~42|cin
    Info (332115):     10.593      0.059 RF  CELL  LayerNorm|i_preprocess_stage|Mult1|auto_generated|add9_result[21]~42|cout
    Info (332115):     10.593      0.000 FF    IC  LayerNorm|i_preprocess_stage|Mult1|auto_generated|add9_result[22]~44|cin
    Info (332115):     10.652      0.059 FR  CELL  LayerNorm|i_preprocess_stage|Mult1|auto_generated|add9_result[22]~44|cout
    Info (332115):     10.652      0.000 RR    IC  LayerNorm|i_preprocess_stage|Mult1|auto_generated|add9_result[23]~46|cin
    Info (332115):     10.711      0.059 RF  CELL  LayerNorm|i_preprocess_stage|Mult1|auto_generated|add9_result[23]~46|cout
    Info (332115):     10.711      0.000 FF    IC  LayerNorm|i_preprocess_stage|Mult1|auto_generated|add9_result[24]~48|cin
    Info (332115):     10.770      0.059 FR  CELL  LayerNorm|i_preprocess_stage|Mult1|auto_generated|add9_result[24]~48|cout
    Info (332115):     10.770      0.000 RR    IC  LayerNorm|i_preprocess_stage|Mult1|auto_generated|add9_result[25]~50|cin
    Info (332115):     11.407      0.637 RR  CELL  LayerNorm|i_preprocess_stage|Mult1|auto_generated|add9_result[25]~50|combout
    Info (332115):     12.167      0.760 RR    IC  LayerNorm|i_preprocess_stage|Mult1|auto_generated|op_1~50|dataa
    Info (332115):     12.673      0.506 RF  CELL  LayerNorm|i_preprocess_stage|Mult1|auto_generated|op_1~50|cout
    Info (332115):     12.673      0.000 FF    IC  LayerNorm|i_preprocess_stage|Mult1|auto_generated|op_1~52|cin
    Info (332115):     12.732      0.059 FR  CELL  LayerNorm|i_preprocess_stage|Mult1|auto_generated|op_1~52|cout
    Info (332115):     12.732      0.000 RR    IC  LayerNorm|i_preprocess_stage|Mult1|auto_generated|op_1~54|cin
    Info (332115):     12.791      0.059 RF  CELL  LayerNorm|i_preprocess_stage|Mult1|auto_generated|op_1~54|cout
    Info (332115):     12.791      0.000 FF    IC  LayerNorm|i_preprocess_stage|Mult1|auto_generated|op_1~56|cin
    Info (332115):     12.850      0.059 FR  CELL  LayerNorm|i_preprocess_stage|Mult1|auto_generated|op_1~56|cout
    Info (332115):     12.850      0.000 RR    IC  LayerNorm|i_preprocess_stage|Mult1|auto_generated|op_1~58|cin
    Info (332115):     13.487      0.637 RR  CELL  LayerNorm|i_preprocess_stage|Mult1|auto_generated|op_1~58|combout
    Info (332115):     14.202      0.715 RR    IC  LayerNorm|i_preprocess_stage|var_hw_raw[15]~30|datab
    Info (332115):     14.726      0.524 RF  CELL  LayerNorm|i_preprocess_stage|var_hw_raw[15]~30|cout
    Info (332115):     14.726      0.000 FF    IC  LayerNorm|i_preprocess_stage|var_hw_raw[16]~32|cin
    Info (332115):     14.785      0.059 FR  CELL  LayerNorm|i_preprocess_stage|var_hw_raw[16]~32|cout
    Info (332115):     14.785      0.000 RR    IC  LayerNorm|i_preprocess_stage|var_hw_raw[17]~34|cin
    Info (332115):     15.422      0.637 RR  CELL  LayerNorm|i_preprocess_stage|var_hw_raw[17]~34|combout
    Info (332115):     16.214      0.792 RR    IC  LayerNorm|i_preprocess_stage|lut_idx_comb[0]~0|dataa
    Info (332115):     16.633      0.419 RF  CELL  LayerNorm|i_preprocess_stage|lut_idx_comb[0]~0|combout
    Info (332115):     16.867      0.234 FF    IC  LayerNorm|i_preprocess_stage|lut_idx_comb[0]~1|datad
    Info (332115):     16.998      0.131 FF  CELL  LayerNorm|i_preprocess_stage|lut_idx_comb[0]~1|combout
    Info (332115):     17.237      0.239 FF    IC  LayerNorm|i_preprocess_stage|lut_idx_comb[0]~2|datad
    Info (332115):     17.368      0.131 FF  CELL  LayerNorm|i_preprocess_stage|lut_idx_comb[0]~2|combout
    Info (332115):     17.604      0.236 FF    IC  LayerNorm|i_preprocess_stage|lut_idx_comb[0]~3|datad
    Info (332115):     17.735      0.131 FF  CELL  LayerNorm|i_preprocess_stage|lut_idx_comb[0]~3|combout
    Info (332115):     17.970      0.235 FF    IC  LayerNorm|i_preprocess_stage|lut_idx_comb[0]~4|datad
    Info (332115):     18.101      0.131 FF  CELL  LayerNorm|i_preprocess_stage|lut_idx_comb[0]~4|combout
    Info (332115):     18.425      0.324 FF    IC  LayerNorm|i_preprocess_stage|lut_idx_comb[1]~6|datad
    Info (332115):     18.586      0.161 FR  CELL  LayerNorm|i_preprocess_stage|lut_idx_comb[1]~6|combout
    Info (332115):     19.046      0.460 RR    IC  LayerNorm|i_preprocess_stage|Add4~2|datab
    Info (332115):     19.570      0.524 RF  CELL  LayerNorm|i_preprocess_stage|Add4~2|cout
    Info (332115):     19.570      0.000 FF    IC  LayerNorm|i_preprocess_stage|Add4~4|cin
    Info (332115):     19.629      0.059 FR  CELL  LayerNorm|i_preprocess_stage|Add4~4|cout
    Info (332115):     19.629      0.000 RR    IC  LayerNorm|i_preprocess_stage|Add4~6|cin
    Info (332115):     19.688      0.059 RF  CELL  LayerNorm|i_preprocess_stage|Add4~6|cout
    Info (332115):     19.688      0.000 FF    IC  LayerNorm|i_preprocess_stage|Add4~8|cin
    Info (332115):     19.747      0.059 FR  CELL  LayerNorm|i_preprocess_stage|Add4~8|cout
    Info (332115):     19.747      0.000 RR    IC  LayerNorm|i_preprocess_stage|Add4~10|cin
    Info (332115):     19.806      0.059 RF  CELL  LayerNorm|i_preprocess_stage|Add4~10|cout
    Info (332115):     19.806      0.000 FF    IC  LayerNorm|i_preprocess_stage|Add4~12|cin
    Info (332115):     19.865      0.059 FR  CELL  LayerNorm|i_preprocess_stage|Add4~12|cout
    Info (332115):     19.865      0.000 RR    IC  LayerNorm|i_preprocess_stage|Add4~14|cin
    Info (332115):     19.924      0.059 RF  CELL  LayerNorm|i_preprocess_stage|Add4~14|cout
    Info (332115):     19.924      0.000 FF    IC  LayerNorm|i_preprocess_stage|Add4~16|cin
    Info (332115):     19.983      0.059 FR  CELL  LayerNorm|i_preprocess_stage|Add4~16|cout
    Info (332115):     19.983      0.000 RR    IC  LayerNorm|i_preprocess_stage|Add4~18|cin
    Info (332115):     20.042      0.059 RF  CELL  LayerNorm|i_preprocess_stage|Add4~18|cout
    Info (332115):     20.042      0.000 FF    IC  LayerNorm|i_preprocess_stage|Add4~20|cin
    Info (332115):     20.101      0.059 FR  CELL  LayerNorm|i_preprocess_stage|Add4~20|cout
    Info (332115):     20.101      0.000 RR    IC  LayerNorm|i_preprocess_stage|Add4~22|cin
    Info (332115):     20.160      0.059 RF  CELL  LayerNorm|i_preprocess_stage|Add4~22|cout
    Info (332115):     20.160      0.000 FF    IC  LayerNorm|i_preprocess_stage|Add4~24|cin
    Info (332115):     20.219      0.059 FR  CELL  LayerNorm|i_preprocess_stage|Add4~24|cout
    Info (332115):     20.219      0.000 RR    IC  LayerNorm|i_preprocess_stage|Add4~26|cin
    Info (332115):     20.856      0.637 RR  CELL  LayerNorm|i_preprocess_stage|Add4~26|combout
    Info (332115):     21.829      0.973 RR    IC  LayerNorm|Selector2~12|datad
    Info (332115):     21.995      0.166 RR  CELL  LayerNorm|Selector2~12|combout
    Info (332115):     22.198      0.203 RR    IC  mem_start_addr~19|datad
    Info (332115):     22.364      0.166 RR  CELL  mem_start_addr~19|combout
    Info (332115):     22.364      0.000 RR    IC  mem_start_addr[14]~reg0|d
    Info (332115):     22.453      0.089 RR  CELL  mem_start_addr[14]~reg0
    Info (332115): Data Required Path:
    Info (332115): Total (ns)  Incr (ns)     Type  Element
    Info (332115): ==========  ========= ==  ====  ===================================
    Info (332115):      1.000      1.000           latch edge time
    Info (332115):      1.000      0.000           source latency
    Info (332115):      1.000      0.000           clk
    Info (332115):      1.000      0.000 RR    IC  clk~input|i
    Info (332115):      1.708      0.708 RR  CELL  clk~input|o
    Info (332115):      2.566      0.858 RR    IC  clk~inputclkctrl|inclk[0]
    Info (332115):      2.566      0.000 RR  CELL  clk~inputclkctrl|outclk
    Info (332115):      4.482      1.916 RR    IC  mem_start_addr[14]~reg0|clk
    Info (332115):      4.957      0.475 RR  CELL  mem_start_addr[14]~reg0
    Info (332115):      5.020      0.063           clock pessimism removed
    Info (332115):      5.000     -0.020           clock uncertainty
    Info (332115):      5.013      0.013     uTsu  mem_start_addr[14]~reg0
    Info (332115): Data Arrival Time  :    22.453
    Info (332115): Data Required Time :     5.013
    Info (332115): Slack              :   -17.440 (VIOLATED)
    Info (332115): ===================================================================
Info (332115): Path #8: Setup slack is -17.440 (VIOLATED)
    Info (332115): ===================================================================
    Info (332115): From Node    : LayerNorm:LayerNorm|ex_ex2_stage:i_ex_ex2_stage|ex2_reg[24]
    Info (332115): To Node      : mem_start_addr[14]~reg0
    Info (332115): Launch Clock : clk
    Info (332115): Latch Clock  : clk
    Info (332115): Data Arrival Path:
    Info (332115): Total (ns)  Incr (ns)     Type  Element
    Info (332115): ==========  ========= ==  ====  ===================================
    Info (332115):      0.000      0.000           launch edge time
    Info (332115):      0.000      0.000           source latency
    Info (332115):      0.000      0.000           clk
    Info (332115):      0.000      0.000 RR    IC  clk~input|i
    Info (332115):      0.708      0.708 RR  CELL  clk~input|o
    Info (332115):      1.602      0.894 RR    IC  clk~inputclkctrl|inclk[0]
    Info (332115):      1.602      0.000 RR  CELL  clk~inputclkctrl|outclk
    Info (332115):      3.488      1.886 RR    IC  LayerNorm|i_preprocess_stage|Mult1|auto_generated|mac_mult5|clk
    Info (332115):      3.873      0.385 RR  CELL  LayerNorm:LayerNorm|ex_ex2_stage:i_ex_ex2_stage|ex2_reg[24]
    Info (332115):      4.186      0.313     uTco  LayerNorm:LayerNorm|ex_ex2_stage:i_ex_ex2_stage|ex2_reg[24]
    Info (332115):      7.754      3.568 RR  CELL  LayerNorm|i_preprocess_stage|Mult1|auto_generated|mac_mult5|dataout[35]
    Info (332115):      7.754      0.000 RR    IC  LayerNorm|i_preprocess_stage|Mult1|auto_generated|mac_out6|dataa[5]
    Info (332115):      7.874      0.120 RR  CELL  LayerNorm|i_preprocess_stage|Mult1|auto_generated|mac_out6|dataout[5]
    Info (332115):      8.889      1.015 RR    IC  LayerNorm|i_preprocess_stage|Mult1|auto_generated|add9_result[1]~2|datab
    Info (332115):      9.413      0.524 RF  CELL  LayerNorm|i_preprocess_stage|Mult1|auto_generated|add9_result[1]~2|cout
    Info (332115):      9.413      0.000 FF    IC  LayerNorm|i_preprocess_stage|Mult1|auto_generated|add9_result[2]~4|cin
    Info (332115):      9.472      0.059 FR  CELL  LayerNorm|i_preprocess_stage|Mult1|auto_generated|add9_result[2]~4|cout
    Info (332115):      9.472      0.000 RR    IC  LayerNorm|i_preprocess_stage|Mult1|auto_generated|add9_result[3]~6|cin
    Info (332115):      9.531      0.059 RF  CELL  LayerNorm|i_preprocess_stage|Mult1|auto_generated|add9_result[3]~6|cout
    Info (332115):      9.531      0.000 FF    IC  LayerNorm|i_preprocess_stage|Mult1|auto_generated|add9_result[4]~8|cin
    Info (332115):      9.590      0.059 FR  CELL  LayerNorm|i_preprocess_stage|Mult1|auto_generated|add9_result[4]~8|cout
    Info (332115):      9.590      0.000 RR    IC  LayerNorm|i_preprocess_stage|Mult1|auto_generated|add9_result[5]~10|cin
    Info (332115):      9.649      0.059 RF  CELL  LayerNorm|i_preprocess_stage|Mult1|auto_generated|add9_result[5]~10|cout
    Info (332115):      9.649      0.000 FF    IC  LayerNorm|i_preprocess_stage|Mult1|auto_generated|add9_result[6]~12|cin
    Info (332115):      9.708      0.059 FR  CELL  LayerNorm|i_preprocess_stage|Mult1|auto_generated|add9_result[6]~12|cout
    Info (332115):      9.708      0.000 RR    IC  LayerNorm|i_preprocess_stage|Mult1|auto_generated|add9_result[7]~14|cin
    Info (332115):      9.767      0.059 RF  CELL  LayerNorm|i_preprocess_stage|Mult1|auto_generated|add9_result[7]~14|cout
    Info (332115):      9.767      0.000 FF    IC  LayerNorm|i_preprocess_stage|Mult1|auto_generated|add9_result[8]~16|cin
    Info (332115):      9.826      0.059 FR  CELL  LayerNorm|i_preprocess_stage|Mult1|auto_generated|add9_result[8]~16|cout
    Info (332115):      9.826      0.000 RR    IC  LayerNorm|i_preprocess_stage|Mult1|auto_generated|add9_result[9]~18|cin
    Info (332115):      9.885      0.059 RF  CELL  LayerNorm|i_preprocess_stage|Mult1|auto_generated|add9_result[9]~18|cout
    Info (332115):      9.885      0.000 FF    IC  LayerNorm|i_preprocess_stage|Mult1|auto_generated|add9_result[10]~20|cin
    Info (332115):      9.944      0.059 FR  CELL  LayerNorm|i_preprocess_stage|Mult1|auto_generated|add9_result[10]~20|cout
    Info (332115):      9.944      0.000 RR    IC  LayerNorm|i_preprocess_stage|Mult1|auto_generated|add9_result[11]~22|cin
    Info (332115):     10.003      0.059 RF  CELL  LayerNorm|i_preprocess_stage|Mult1|auto_generated|add9_result[11]~22|cout
    Info (332115):     10.003      0.000 FF    IC  LayerNorm|i_preprocess_stage|Mult1|auto_generated|add9_result[12]~24|cin
    Info (332115):     10.062      0.059 FR  CELL  LayerNorm|i_preprocess_stage|Mult1|auto_generated|add9_result[12]~24|cout
    Info (332115):     10.062      0.000 RR    IC  LayerNorm|i_preprocess_stage|Mult1|auto_generated|add9_result[13]~26|cin
    Info (332115):     10.121      0.059 RF  CELL  LayerNorm|i_preprocess_stage|Mult1|auto_generated|add9_result[13]~26|cout
    Info (332115):     10.121      0.000 FF    IC  LayerNorm|i_preprocess_stage|Mult1|auto_generated|add9_result[14]~28|cin
    Info (332115):     10.180      0.059 FR  CELL  LayerNorm|i_preprocess_stage|Mult1|auto_generated|add9_result[14]~28|cout
    Info (332115):     10.180      0.000 RR    IC  LayerNorm|i_preprocess_stage|Mult1|auto_generated|add9_result[15]~30|cin
    Info (332115):     10.239      0.059 RF  CELL  LayerNorm|i_preprocess_stage|Mult1|auto_generated|add9_result[15]~30|cout
    Info (332115):     10.239      0.000 FF    IC  LayerNorm|i_preprocess_stage|Mult1|auto_generated|add9_result[16]~32|cin
    Info (332115):     10.298      0.059 FR  CELL  LayerNorm|i_preprocess_stage|Mult1|auto_generated|add9_result[16]~32|cout
    Info (332115):     10.298      0.000 RR    IC  LayerNorm|i_preprocess_stage|Mult1|auto_generated|add9_result[17]~34|cin
    Info (332115):     10.357      0.059 RF  CELL  LayerNorm|i_preprocess_stage|Mult1|auto_generated|add9_result[17]~34|cout
    Info (332115):     10.357      0.000 FF    IC  LayerNorm|i_preprocess_stage|Mult1|auto_generated|add9_result[18]~36|cin
    Info (332115):     10.416      0.059 FR  CELL  LayerNorm|i_preprocess_stage|Mult1|auto_generated|add9_result[18]~36|cout
    Info (332115):     10.416      0.000 RR    IC  LayerNorm|i_preprocess_stage|Mult1|auto_generated|add9_result[19]~38|cin
    Info (332115):     10.475      0.059 RF  CELL  LayerNorm|i_preprocess_stage|Mult1|auto_generated|add9_result[19]~38|cout
    Info (332115):     10.475      0.000 FF    IC  LayerNorm|i_preprocess_stage|Mult1|auto_generated|add9_result[20]~40|cin
    Info (332115):     10.534      0.059 FR  CELL  LayerNorm|i_preprocess_stage|Mult1|auto_generated|add9_result[20]~40|cout
    Info (332115):     10.534      0.000 RR    IC  LayerNorm|i_preprocess_stage|Mult1|auto_generated|add9_result[21]~42|cin
    Info (332115):     10.593      0.059 RF  CELL  LayerNorm|i_preprocess_stage|Mult1|auto_generated|add9_result[21]~42|cout
    Info (332115):     10.593      0.000 FF    IC  LayerNorm|i_preprocess_stage|Mult1|auto_generated|add9_result[22]~44|cin
    Info (332115):     10.652      0.059 FR  CELL  LayerNorm|i_preprocess_stage|Mult1|auto_generated|add9_result[22]~44|cout
    Info (332115):     10.652      0.000 RR    IC  LayerNorm|i_preprocess_stage|Mult1|auto_generated|add9_result[23]~46|cin
    Info (332115):     10.711      0.059 RF  CELL  LayerNorm|i_preprocess_stage|Mult1|auto_generated|add9_result[23]~46|cout
    Info (332115):     10.711      0.000 FF    IC  LayerNorm|i_preprocess_stage|Mult1|auto_generated|add9_result[24]~48|cin
    Info (332115):     10.770      0.059 FR  CELL  LayerNorm|i_preprocess_stage|Mult1|auto_generated|add9_result[24]~48|cout
    Info (332115):     10.770      0.000 RR    IC  LayerNorm|i_preprocess_stage|Mult1|auto_generated|add9_result[25]~50|cin
    Info (332115):     11.407      0.637 RR  CELL  LayerNorm|i_preprocess_stage|Mult1|auto_generated|add9_result[25]~50|combout
    Info (332115):     12.167      0.760 RR    IC  LayerNorm|i_preprocess_stage|Mult1|auto_generated|op_1~50|dataa
    Info (332115):     12.673      0.506 RF  CELL  LayerNorm|i_preprocess_stage|Mult1|auto_generated|op_1~50|cout
    Info (332115):     12.673      0.000 FF    IC  LayerNorm|i_preprocess_stage|Mult1|auto_generated|op_1~52|cin
    Info (332115):     12.732      0.059 FR  CELL  LayerNorm|i_preprocess_stage|Mult1|auto_generated|op_1~52|cout
    Info (332115):     12.732      0.000 RR    IC  LayerNorm|i_preprocess_stage|Mult1|auto_generated|op_1~54|cin
    Info (332115):     12.791      0.059 RF  CELL  LayerNorm|i_preprocess_stage|Mult1|auto_generated|op_1~54|cout
    Info (332115):     12.791      0.000 FF    IC  LayerNorm|i_preprocess_stage|Mult1|auto_generated|op_1~56|cin
    Info (332115):     12.850      0.059 FR  CELL  LayerNorm|i_preprocess_stage|Mult1|auto_generated|op_1~56|cout
    Info (332115):     12.850      0.000 RR    IC  LayerNorm|i_preprocess_stage|Mult1|auto_generated|op_1~58|cin
    Info (332115):     13.487      0.637 RR  CELL  LayerNorm|i_preprocess_stage|Mult1|auto_generated|op_1~58|combout
    Info (332115):     14.202      0.715 RR    IC  LayerNorm|i_preprocess_stage|var_hw_raw[15]~30|datab
    Info (332115):     14.726      0.524 RF  CELL  LayerNorm|i_preprocess_stage|var_hw_raw[15]~30|cout
    Info (332115):     14.726      0.000 FF    IC  LayerNorm|i_preprocess_stage|var_hw_raw[16]~32|cin
    Info (332115):     14.785      0.059 FR  CELL  LayerNorm|i_preprocess_stage|var_hw_raw[16]~32|cout
    Info (332115):     14.785      0.000 RR    IC  LayerNorm|i_preprocess_stage|var_hw_raw[17]~34|cin
    Info (332115):     15.422      0.637 RR  CELL  LayerNorm|i_preprocess_stage|var_hw_raw[17]~34|combout
    Info (332115):     16.214      0.792 RR    IC  LayerNorm|i_preprocess_stage|lut_idx_comb[0]~0|dataa
    Info (332115):     16.633      0.419 RF  CELL  LayerNorm|i_preprocess_stage|lut_idx_comb[0]~0|combout
    Info (332115):     16.867      0.234 FF    IC  LayerNorm|i_preprocess_stage|lut_idx_comb[0]~1|datad
    Info (332115):     16.998      0.131 FF  CELL  LayerNorm|i_preprocess_stage|lut_idx_comb[0]~1|combout
    Info (332115):     17.237      0.239 FF    IC  LayerNorm|i_preprocess_stage|lut_idx_comb[0]~2|datad
    Info (332115):     17.368      0.131 FF  CELL  LayerNorm|i_preprocess_stage|lut_idx_comb[0]~2|combout
    Info (332115):     17.604      0.236 FF    IC  LayerNorm|i_preprocess_stage|lut_idx_comb[0]~3|datad
    Info (332115):     17.735      0.131 FF  CELL  LayerNorm|i_preprocess_stage|lut_idx_comb[0]~3|combout
    Info (332115):     17.970      0.235 FF    IC  LayerNorm|i_preprocess_stage|lut_idx_comb[0]~4|datad
    Info (332115):     18.101      0.131 FF  CELL  LayerNorm|i_preprocess_stage|lut_idx_comb[0]~4|combout
    Info (332115):     18.425      0.324 FF    IC  LayerNorm|i_preprocess_stage|lut_idx_comb[1]~6|datad
    Info (332115):     18.586      0.161 FR  CELL  LayerNorm|i_preprocess_stage|lut_idx_comb[1]~6|combout
    Info (332115):     19.046      0.460 RR    IC  LayerNorm|i_preprocess_stage|Add4~2|datab
    Info (332115):     19.570      0.524 RF  CELL  LayerNorm|i_preprocess_stage|Add4~2|cout
    Info (332115):     19.570      0.000 FF    IC  LayerNorm|i_preprocess_stage|Add4~4|cin
    Info (332115):     19.629      0.059 FR  CELL  LayerNorm|i_preprocess_stage|Add4~4|cout
    Info (332115):     19.629      0.000 RR    IC  LayerNorm|i_preprocess_stage|Add4~6|cin
    Info (332115):     19.688      0.059 RF  CELL  LayerNorm|i_preprocess_stage|Add4~6|cout
    Info (332115):     19.688      0.000 FF    IC  LayerNorm|i_preprocess_stage|Add4~8|cin
    Info (332115):     19.747      0.059 FR  CELL  LayerNorm|i_preprocess_stage|Add4~8|cout
    Info (332115):     19.747      0.000 RR    IC  LayerNorm|i_preprocess_stage|Add4~10|cin
    Info (332115):     19.806      0.059 RF  CELL  LayerNorm|i_preprocess_stage|Add4~10|cout
    Info (332115):     19.806      0.000 FF    IC  LayerNorm|i_preprocess_stage|Add4~12|cin
    Info (332115):     19.865      0.059 FR  CELL  LayerNorm|i_preprocess_stage|Add4~12|cout
    Info (332115):     19.865      0.000 RR    IC  LayerNorm|i_preprocess_stage|Add4~14|cin
    Info (332115):     19.924      0.059 RF  CELL  LayerNorm|i_preprocess_stage|Add4~14|cout
    Info (332115):     19.924      0.000 FF    IC  LayerNorm|i_preprocess_stage|Add4~16|cin
    Info (332115):     19.983      0.059 FR  CELL  LayerNorm|i_preprocess_stage|Add4~16|cout
    Info (332115):     19.983      0.000 RR    IC  LayerNorm|i_preprocess_stage|Add4~18|cin
    Info (332115):     20.042      0.059 RF  CELL  LayerNorm|i_preprocess_stage|Add4~18|cout
    Info (332115):     20.042      0.000 FF    IC  LayerNorm|i_preprocess_stage|Add4~20|cin
    Info (332115):     20.101      0.059 FR  CELL  LayerNorm|i_preprocess_stage|Add4~20|cout
    Info (332115):     20.101      0.000 RR    IC  LayerNorm|i_preprocess_stage|Add4~22|cin
    Info (332115):     20.160      0.059 RF  CELL  LayerNorm|i_preprocess_stage|Add4~22|cout
    Info (332115):     20.160      0.000 FF    IC  LayerNorm|i_preprocess_stage|Add4~24|cin
    Info (332115):     20.219      0.059 FR  CELL  LayerNorm|i_preprocess_stage|Add4~24|cout
    Info (332115):     20.219      0.000 RR    IC  LayerNorm|i_preprocess_stage|Add4~26|cin
    Info (332115):     20.856      0.637 RR  CELL  LayerNorm|i_preprocess_stage|Add4~26|combout
    Info (332115):     21.829      0.973 RR    IC  LayerNorm|Selector2~12|datad
    Info (332115):     21.995      0.166 RR  CELL  LayerNorm|Selector2~12|combout
    Info (332115):     22.198      0.203 RR    IC  mem_start_addr~19|datad
    Info (332115):     22.364      0.166 RR  CELL  mem_start_addr~19|combout
    Info (332115):     22.364      0.000 RR    IC  mem_start_addr[14]~reg0|d
    Info (332115):     22.453      0.089 RR  CELL  mem_start_addr[14]~reg0
    Info (332115): Data Required Path:
    Info (332115): Total (ns)  Incr (ns)     Type  Element
    Info (332115): ==========  ========= ==  ====  ===================================
    Info (332115):      1.000      1.000           latch edge time
    Info (332115):      1.000      0.000           source latency
    Info (332115):      1.000      0.000           clk
    Info (332115):      1.000      0.000 RR    IC  clk~input|i
    Info (332115):      1.708      0.708 RR  CELL  clk~input|o
    Info (332115):      2.566      0.858 RR    IC  clk~inputclkctrl|inclk[0]
    Info (332115):      2.566      0.000 RR  CELL  clk~inputclkctrl|outclk
    Info (332115):      4.482      1.916 RR    IC  mem_start_addr[14]~reg0|clk
    Info (332115):      4.957      0.475 RR  CELL  mem_start_addr[14]~reg0
    Info (332115):      5.020      0.063           clock pessimism removed
    Info (332115):      5.000     -0.020           clock uncertainty
    Info (332115):      5.013      0.013     uTsu  mem_start_addr[14]~reg0
    Info (332115): Data Arrival Time  :    22.453
    Info (332115): Data Required Time :     5.013
    Info (332115): Slack              :   -17.440 (VIOLATED)
    Info (332115): ===================================================================
Info (332115): Path #9: Setup slack is -17.440 (VIOLATED)
    Info (332115): ===================================================================
    Info (332115): From Node    : LayerNorm:LayerNorm|ex_ex2_stage:i_ex_ex2_stage|ex2_reg[25]
    Info (332115): To Node      : mem_start_addr[14]~reg0
    Info (332115): Launch Clock : clk
    Info (332115): Latch Clock  : clk
    Info (332115): Data Arrival Path:
    Info (332115): Total (ns)  Incr (ns)     Type  Element
    Info (332115): ==========  ========= ==  ====  ===================================
    Info (332115):      0.000      0.000           launch edge time
    Info (332115):      0.000      0.000           source latency
    Info (332115):      0.000      0.000           clk
    Info (332115):      0.000      0.000 RR    IC  clk~input|i
    Info (332115):      0.708      0.708 RR  CELL  clk~input|o
    Info (332115):      1.602      0.894 RR    IC  clk~inputclkctrl|inclk[0]
    Info (332115):      1.602      0.000 RR  CELL  clk~inputclkctrl|outclk
    Info (332115):      3.488      1.886 RR    IC  LayerNorm|i_preprocess_stage|Mult1|auto_generated|mac_mult5|clk
    Info (332115):      3.873      0.385 RR  CELL  LayerNorm:LayerNorm|ex_ex2_stage:i_ex_ex2_stage|ex2_reg[25]
    Info (332115):      4.186      0.313     uTco  LayerNorm:LayerNorm|ex_ex2_stage:i_ex_ex2_stage|ex2_reg[25]
    Info (332115):      7.754      3.568 RR  CELL  LayerNorm|i_preprocess_stage|Mult1|auto_generated|mac_mult5|dataout[35]
    Info (332115):      7.754      0.000 RR    IC  LayerNorm|i_preprocess_stage|Mult1|auto_generated|mac_out6|dataa[5]
    Info (332115):      7.874      0.120 RR  CELL  LayerNorm|i_preprocess_stage|Mult1|auto_generated|mac_out6|dataout[5]
    Info (332115):      8.889      1.015 RR    IC  LayerNorm|i_preprocess_stage|Mult1|auto_generated|add9_result[1]~2|datab
    Info (332115):      9.413      0.524 RF  CELL  LayerNorm|i_preprocess_stage|Mult1|auto_generated|add9_result[1]~2|cout
    Info (332115):      9.413      0.000 FF    IC  LayerNorm|i_preprocess_stage|Mult1|auto_generated|add9_result[2]~4|cin
    Info (332115):      9.472      0.059 FR  CELL  LayerNorm|i_preprocess_stage|Mult1|auto_generated|add9_result[2]~4|cout
    Info (332115):      9.472      0.000 RR    IC  LayerNorm|i_preprocess_stage|Mult1|auto_generated|add9_result[3]~6|cin
    Info (332115):      9.531      0.059 RF  CELL  LayerNorm|i_preprocess_stage|Mult1|auto_generated|add9_result[3]~6|cout
    Info (332115):      9.531      0.000 FF    IC  LayerNorm|i_preprocess_stage|Mult1|auto_generated|add9_result[4]~8|cin
    Info (332115):      9.590      0.059 FR  CELL  LayerNorm|i_preprocess_stage|Mult1|auto_generated|add9_result[4]~8|cout
    Info (332115):      9.590      0.000 RR    IC  LayerNorm|i_preprocess_stage|Mult1|auto_generated|add9_result[5]~10|cin
    Info (332115):      9.649      0.059 RF  CELL  LayerNorm|i_preprocess_stage|Mult1|auto_generated|add9_result[5]~10|cout
    Info (332115):      9.649      0.000 FF    IC  LayerNorm|i_preprocess_stage|Mult1|auto_generated|add9_result[6]~12|cin
    Info (332115):      9.708      0.059 FR  CELL  LayerNorm|i_preprocess_stage|Mult1|auto_generated|add9_result[6]~12|cout
    Info (332115):      9.708      0.000 RR    IC  LayerNorm|i_preprocess_stage|Mult1|auto_generated|add9_result[7]~14|cin
    Info (332115):      9.767      0.059 RF  CELL  LayerNorm|i_preprocess_stage|Mult1|auto_generated|add9_result[7]~14|cout
    Info (332115):      9.767      0.000 FF    IC  LayerNorm|i_preprocess_stage|Mult1|auto_generated|add9_result[8]~16|cin
    Info (332115):      9.826      0.059 FR  CELL  LayerNorm|i_preprocess_stage|Mult1|auto_generated|add9_result[8]~16|cout
    Info (332115):      9.826      0.000 RR    IC  LayerNorm|i_preprocess_stage|Mult1|auto_generated|add9_result[9]~18|cin
    Info (332115):      9.885      0.059 RF  CELL  LayerNorm|i_preprocess_stage|Mult1|auto_generated|add9_result[9]~18|cout
    Info (332115):      9.885      0.000 FF    IC  LayerNorm|i_preprocess_stage|Mult1|auto_generated|add9_result[10]~20|cin
    Info (332115):      9.944      0.059 FR  CELL  LayerNorm|i_preprocess_stage|Mult1|auto_generated|add9_result[10]~20|cout
    Info (332115):      9.944      0.000 RR    IC  LayerNorm|i_preprocess_stage|Mult1|auto_generated|add9_result[11]~22|cin
    Info (332115):     10.003      0.059 RF  CELL  LayerNorm|i_preprocess_stage|Mult1|auto_generated|add9_result[11]~22|cout
    Info (332115):     10.003      0.000 FF    IC  LayerNorm|i_preprocess_stage|Mult1|auto_generated|add9_result[12]~24|cin
    Info (332115):     10.062      0.059 FR  CELL  LayerNorm|i_preprocess_stage|Mult1|auto_generated|add9_result[12]~24|cout
    Info (332115):     10.062      0.000 RR    IC  LayerNorm|i_preprocess_stage|Mult1|auto_generated|add9_result[13]~26|cin
    Info (332115):     10.121      0.059 RF  CELL  LayerNorm|i_preprocess_stage|Mult1|auto_generated|add9_result[13]~26|cout
    Info (332115):     10.121      0.000 FF    IC  LayerNorm|i_preprocess_stage|Mult1|auto_generated|add9_result[14]~28|cin
    Info (332115):     10.180      0.059 FR  CELL  LayerNorm|i_preprocess_stage|Mult1|auto_generated|add9_result[14]~28|cout
    Info (332115):     10.180      0.000 RR    IC  LayerNorm|i_preprocess_stage|Mult1|auto_generated|add9_result[15]~30|cin
    Info (332115):     10.239      0.059 RF  CELL  LayerNorm|i_preprocess_stage|Mult1|auto_generated|add9_result[15]~30|cout
    Info (332115):     10.239      0.000 FF    IC  LayerNorm|i_preprocess_stage|Mult1|auto_generated|add9_result[16]~32|cin
    Info (332115):     10.298      0.059 FR  CELL  LayerNorm|i_preprocess_stage|Mult1|auto_generated|add9_result[16]~32|cout
    Info (332115):     10.298      0.000 RR    IC  LayerNorm|i_preprocess_stage|Mult1|auto_generated|add9_result[17]~34|cin
    Info (332115):     10.357      0.059 RF  CELL  LayerNorm|i_preprocess_stage|Mult1|auto_generated|add9_result[17]~34|cout
    Info (332115):     10.357      0.000 FF    IC  LayerNorm|i_preprocess_stage|Mult1|auto_generated|add9_result[18]~36|cin
    Info (332115):     10.416      0.059 FR  CELL  LayerNorm|i_preprocess_stage|Mult1|auto_generated|add9_result[18]~36|cout
    Info (332115):     10.416      0.000 RR    IC  LayerNorm|i_preprocess_stage|Mult1|auto_generated|add9_result[19]~38|cin
    Info (332115):     10.475      0.059 RF  CELL  LayerNorm|i_preprocess_stage|Mult1|auto_generated|add9_result[19]~38|cout
    Info (332115):     10.475      0.000 FF    IC  LayerNorm|i_preprocess_stage|Mult1|auto_generated|add9_result[20]~40|cin
    Info (332115):     10.534      0.059 FR  CELL  LayerNorm|i_preprocess_stage|Mult1|auto_generated|add9_result[20]~40|cout
    Info (332115):     10.534      0.000 RR    IC  LayerNorm|i_preprocess_stage|Mult1|auto_generated|add9_result[21]~42|cin
    Info (332115):     10.593      0.059 RF  CELL  LayerNorm|i_preprocess_stage|Mult1|auto_generated|add9_result[21]~42|cout
    Info (332115):     10.593      0.000 FF    IC  LayerNorm|i_preprocess_stage|Mult1|auto_generated|add9_result[22]~44|cin
    Info (332115):     10.652      0.059 FR  CELL  LayerNorm|i_preprocess_stage|Mult1|auto_generated|add9_result[22]~44|cout
    Info (332115):     10.652      0.000 RR    IC  LayerNorm|i_preprocess_stage|Mult1|auto_generated|add9_result[23]~46|cin
    Info (332115):     10.711      0.059 RF  CELL  LayerNorm|i_preprocess_stage|Mult1|auto_generated|add9_result[23]~46|cout
    Info (332115):     10.711      0.000 FF    IC  LayerNorm|i_preprocess_stage|Mult1|auto_generated|add9_result[24]~48|cin
    Info (332115):     10.770      0.059 FR  CELL  LayerNorm|i_preprocess_stage|Mult1|auto_generated|add9_result[24]~48|cout
    Info (332115):     10.770      0.000 RR    IC  LayerNorm|i_preprocess_stage|Mult1|auto_generated|add9_result[25]~50|cin
    Info (332115):     11.407      0.637 RR  CELL  LayerNorm|i_preprocess_stage|Mult1|auto_generated|add9_result[25]~50|combout
    Info (332115):     12.167      0.760 RR    IC  LayerNorm|i_preprocess_stage|Mult1|auto_generated|op_1~50|dataa
    Info (332115):     12.673      0.506 RF  CELL  LayerNorm|i_preprocess_stage|Mult1|auto_generated|op_1~50|cout
    Info (332115):     12.673      0.000 FF    IC  LayerNorm|i_preprocess_stage|Mult1|auto_generated|op_1~52|cin
    Info (332115):     12.732      0.059 FR  CELL  LayerNorm|i_preprocess_stage|Mult1|auto_generated|op_1~52|cout
    Info (332115):     12.732      0.000 RR    IC  LayerNorm|i_preprocess_stage|Mult1|auto_generated|op_1~54|cin
    Info (332115):     12.791      0.059 RF  CELL  LayerNorm|i_preprocess_stage|Mult1|auto_generated|op_1~54|cout
    Info (332115):     12.791      0.000 FF    IC  LayerNorm|i_preprocess_stage|Mult1|auto_generated|op_1~56|cin
    Info (332115):     12.850      0.059 FR  CELL  LayerNorm|i_preprocess_stage|Mult1|auto_generated|op_1~56|cout
    Info (332115):     12.850      0.000 RR    IC  LayerNorm|i_preprocess_stage|Mult1|auto_generated|op_1~58|cin
    Info (332115):     13.487      0.637 RR  CELL  LayerNorm|i_preprocess_stage|Mult1|auto_generated|op_1~58|combout
    Info (332115):     14.202      0.715 RR    IC  LayerNorm|i_preprocess_stage|var_hw_raw[15]~30|datab
    Info (332115):     14.726      0.524 RF  CELL  LayerNorm|i_preprocess_stage|var_hw_raw[15]~30|cout
    Info (332115):     14.726      0.000 FF    IC  LayerNorm|i_preprocess_stage|var_hw_raw[16]~32|cin
    Info (332115):     14.785      0.059 FR  CELL  LayerNorm|i_preprocess_stage|var_hw_raw[16]~32|cout
    Info (332115):     14.785      0.000 RR    IC  LayerNorm|i_preprocess_stage|var_hw_raw[17]~34|cin
    Info (332115):     15.422      0.637 RR  CELL  LayerNorm|i_preprocess_stage|var_hw_raw[17]~34|combout
    Info (332115):     16.214      0.792 RR    IC  LayerNorm|i_preprocess_stage|lut_idx_comb[0]~0|dataa
    Info (332115):     16.633      0.419 RF  CELL  LayerNorm|i_preprocess_stage|lut_idx_comb[0]~0|combout
    Info (332115):     16.867      0.234 FF    IC  LayerNorm|i_preprocess_stage|lut_idx_comb[0]~1|datad
    Info (332115):     16.998      0.131 FF  CELL  LayerNorm|i_preprocess_stage|lut_idx_comb[0]~1|combout
    Info (332115):     17.237      0.239 FF    IC  LayerNorm|i_preprocess_stage|lut_idx_comb[0]~2|datad
    Info (332115):     17.368      0.131 FF  CELL  LayerNorm|i_preprocess_stage|lut_idx_comb[0]~2|combout
    Info (332115):     17.604      0.236 FF    IC  LayerNorm|i_preprocess_stage|lut_idx_comb[0]~3|datad
    Info (332115):     17.735      0.131 FF  CELL  LayerNorm|i_preprocess_stage|lut_idx_comb[0]~3|combout
    Info (332115):     17.970      0.235 FF    IC  LayerNorm|i_preprocess_stage|lut_idx_comb[0]~4|datad
    Info (332115):     18.101      0.131 FF  CELL  LayerNorm|i_preprocess_stage|lut_idx_comb[0]~4|combout
    Info (332115):     18.425      0.324 FF    IC  LayerNorm|i_preprocess_stage|lut_idx_comb[1]~6|datad
    Info (332115):     18.586      0.161 FR  CELL  LayerNorm|i_preprocess_stage|lut_idx_comb[1]~6|combout
    Info (332115):     19.046      0.460 RR    IC  LayerNorm|i_preprocess_stage|Add4~2|datab
    Info (332115):     19.570      0.524 RF  CELL  LayerNorm|i_preprocess_stage|Add4~2|cout
    Info (332115):     19.570      0.000 FF    IC  LayerNorm|i_preprocess_stage|Add4~4|cin
    Info (332115):     19.629      0.059 FR  CELL  LayerNorm|i_preprocess_stage|Add4~4|cout
    Info (332115):     19.629      0.000 RR    IC  LayerNorm|i_preprocess_stage|Add4~6|cin
    Info (332115):     19.688      0.059 RF  CELL  LayerNorm|i_preprocess_stage|Add4~6|cout
    Info (332115):     19.688      0.000 FF    IC  LayerNorm|i_preprocess_stage|Add4~8|cin
    Info (332115):     19.747      0.059 FR  CELL  LayerNorm|i_preprocess_stage|Add4~8|cout
    Info (332115):     19.747      0.000 RR    IC  LayerNorm|i_preprocess_stage|Add4~10|cin
    Info (332115):     19.806      0.059 RF  CELL  LayerNorm|i_preprocess_stage|Add4~10|cout
    Info (332115):     19.806      0.000 FF    IC  LayerNorm|i_preprocess_stage|Add4~12|cin
    Info (332115):     19.865      0.059 FR  CELL  LayerNorm|i_preprocess_stage|Add4~12|cout
    Info (332115):     19.865      0.000 RR    IC  LayerNorm|i_preprocess_stage|Add4~14|cin
    Info (332115):     19.924      0.059 RF  CELL  LayerNorm|i_preprocess_stage|Add4~14|cout
    Info (332115):     19.924      0.000 FF    IC  LayerNorm|i_preprocess_stage|Add4~16|cin
    Info (332115):     19.983      0.059 FR  CELL  LayerNorm|i_preprocess_stage|Add4~16|cout
    Info (332115):     19.983      0.000 RR    IC  LayerNorm|i_preprocess_stage|Add4~18|cin
    Info (332115):     20.042      0.059 RF  CELL  LayerNorm|i_preprocess_stage|Add4~18|cout
    Info (332115):     20.042      0.000 FF    IC  LayerNorm|i_preprocess_stage|Add4~20|cin
    Info (332115):     20.101      0.059 FR  CELL  LayerNorm|i_preprocess_stage|Add4~20|cout
    Info (332115):     20.101      0.000 RR    IC  LayerNorm|i_preprocess_stage|Add4~22|cin
    Info (332115):     20.160      0.059 RF  CELL  LayerNorm|i_preprocess_stage|Add4~22|cout
    Info (332115):     20.160      0.000 FF    IC  LayerNorm|i_preprocess_stage|Add4~24|cin
    Info (332115):     20.219      0.059 FR  CELL  LayerNorm|i_preprocess_stage|Add4~24|cout
    Info (332115):     20.219      0.000 RR    IC  LayerNorm|i_preprocess_stage|Add4~26|cin
    Info (332115):     20.856      0.637 RR  CELL  LayerNorm|i_preprocess_stage|Add4~26|combout
    Info (332115):     21.829      0.973 RR    IC  LayerNorm|Selector2~12|datad
    Info (332115):     21.995      0.166 RR  CELL  LayerNorm|Selector2~12|combout
    Info (332115):     22.198      0.203 RR    IC  mem_start_addr~19|datad
    Info (332115):     22.364      0.166 RR  CELL  mem_start_addr~19|combout
    Info (332115):     22.364      0.000 RR    IC  mem_start_addr[14]~reg0|d
    Info (332115):     22.453      0.089 RR  CELL  mem_start_addr[14]~reg0
    Info (332115): Data Required Path:
    Info (332115): Total (ns)  Incr (ns)     Type  Element
    Info (332115): ==========  ========= ==  ====  ===================================
    Info (332115):      1.000      1.000           latch edge time
    Info (332115):      1.000      0.000           source latency
    Info (332115):      1.000      0.000           clk
    Info (332115):      1.000      0.000 RR    IC  clk~input|i
    Info (332115):      1.708      0.708 RR  CELL  clk~input|o
    Info (332115):      2.566      0.858 RR    IC  clk~inputclkctrl|inclk[0]
    Info (332115):      2.566      0.000 RR  CELL  clk~inputclkctrl|outclk
    Info (332115):      4.482      1.916 RR    IC  mem_start_addr[14]~reg0|clk
    Info (332115):      4.957      0.475 RR  CELL  mem_start_addr[14]~reg0
    Info (332115):      5.020      0.063           clock pessimism removed
    Info (332115):      5.000     -0.020           clock uncertainty
    Info (332115):      5.013      0.013     uTsu  mem_start_addr[14]~reg0
    Info (332115): Data Arrival Time  :    22.453
    Info (332115): Data Required Time :     5.013
    Info (332115): Slack              :   -17.440 (VIOLATED)
    Info (332115): ===================================================================
Info (332115): Path #10: Setup slack is -17.440 (VIOLATED)
    Info (332115): ===================================================================
    Info (332115): From Node    : LayerNorm:LayerNorm|ex_ex2_stage:i_ex_ex2_stage|ex2_reg[26]
    Info (332115): To Node      : mem_start_addr[14]~reg0
    Info (332115): Launch Clock : clk
    Info (332115): Latch Clock  : clk
    Info (332115): Data Arrival Path:
    Info (332115): Total (ns)  Incr (ns)     Type  Element
    Info (332115): ==========  ========= ==  ====  ===================================
    Info (332115):      0.000      0.000           launch edge time
    Info (332115):      0.000      0.000           source latency
    Info (332115):      0.000      0.000           clk
    Info (332115):      0.000      0.000 RR    IC  clk~input|i
    Info (332115):      0.708      0.708 RR  CELL  clk~input|o
    Info (332115):      1.602      0.894 RR    IC  clk~inputclkctrl|inclk[0]
    Info (332115):      1.602      0.000 RR  CELL  clk~inputclkctrl|outclk
    Info (332115):      3.488      1.886 RR    IC  LayerNorm|i_preprocess_stage|Mult1|auto_generated|mac_mult5|clk
    Info (332115):      3.873      0.385 RR  CELL  LayerNorm:LayerNorm|ex_ex2_stage:i_ex_ex2_stage|ex2_reg[26]
    Info (332115):      4.186      0.313     uTco  LayerNorm:LayerNorm|ex_ex2_stage:i_ex_ex2_stage|ex2_reg[26]
    Info (332115):      7.754      3.568 RR  CELL  LayerNorm|i_preprocess_stage|Mult1|auto_generated|mac_mult5|dataout[35]
    Info (332115):      7.754      0.000 RR    IC  LayerNorm|i_preprocess_stage|Mult1|auto_generated|mac_out6|dataa[5]
    Info (332115):      7.874      0.120 RR  CELL  LayerNorm|i_preprocess_stage|Mult1|auto_generated|mac_out6|dataout[5]
    Info (332115):      8.889      1.015 RR    IC  LayerNorm|i_preprocess_stage|Mult1|auto_generated|add9_result[1]~2|datab
    Info (332115):      9.413      0.524 RF  CELL  LayerNorm|i_preprocess_stage|Mult1|auto_generated|add9_result[1]~2|cout
    Info (332115):      9.413      0.000 FF    IC  LayerNorm|i_preprocess_stage|Mult1|auto_generated|add9_result[2]~4|cin
    Info (332115):      9.472      0.059 FR  CELL  LayerNorm|i_preprocess_stage|Mult1|auto_generated|add9_result[2]~4|cout
    Info (332115):      9.472      0.000 RR    IC  LayerNorm|i_preprocess_stage|Mult1|auto_generated|add9_result[3]~6|cin
    Info (332115):      9.531      0.059 RF  CELL  LayerNorm|i_preprocess_stage|Mult1|auto_generated|add9_result[3]~6|cout
    Info (332115):      9.531      0.000 FF    IC  LayerNorm|i_preprocess_stage|Mult1|auto_generated|add9_result[4]~8|cin
    Info (332115):      9.590      0.059 FR  CELL  LayerNorm|i_preprocess_stage|Mult1|auto_generated|add9_result[4]~8|cout
    Info (332115):      9.590      0.000 RR    IC  LayerNorm|i_preprocess_stage|Mult1|auto_generated|add9_result[5]~10|cin
    Info (332115):      9.649      0.059 RF  CELL  LayerNorm|i_preprocess_stage|Mult1|auto_generated|add9_result[5]~10|cout
    Info (332115):      9.649      0.000 FF    IC  LayerNorm|i_preprocess_stage|Mult1|auto_generated|add9_result[6]~12|cin
    Info (332115):      9.708      0.059 FR  CELL  LayerNorm|i_preprocess_stage|Mult1|auto_generated|add9_result[6]~12|cout
    Info (332115):      9.708      0.000 RR    IC  LayerNorm|i_preprocess_stage|Mult1|auto_generated|add9_result[7]~14|cin
    Info (332115):      9.767      0.059 RF  CELL  LayerNorm|i_preprocess_stage|Mult1|auto_generated|add9_result[7]~14|cout
    Info (332115):      9.767      0.000 FF    IC  LayerNorm|i_preprocess_stage|Mult1|auto_generated|add9_result[8]~16|cin
    Info (332115):      9.826      0.059 FR  CELL  LayerNorm|i_preprocess_stage|Mult1|auto_generated|add9_result[8]~16|cout
    Info (332115):      9.826      0.000 RR    IC  LayerNorm|i_preprocess_stage|Mult1|auto_generated|add9_result[9]~18|cin
    Info (332115):      9.885      0.059 RF  CELL  LayerNorm|i_preprocess_stage|Mult1|auto_generated|add9_result[9]~18|cout
    Info (332115):      9.885      0.000 FF    IC  LayerNorm|i_preprocess_stage|Mult1|auto_generated|add9_result[10]~20|cin
    Info (332115):      9.944      0.059 FR  CELL  LayerNorm|i_preprocess_stage|Mult1|auto_generated|add9_result[10]~20|cout
    Info (332115):      9.944      0.000 RR    IC  LayerNorm|i_preprocess_stage|Mult1|auto_generated|add9_result[11]~22|cin
    Info (332115):     10.003      0.059 RF  CELL  LayerNorm|i_preprocess_stage|Mult1|auto_generated|add9_result[11]~22|cout
    Info (332115):     10.003      0.000 FF    IC  LayerNorm|i_preprocess_stage|Mult1|auto_generated|add9_result[12]~24|cin
    Info (332115):     10.062      0.059 FR  CELL  LayerNorm|i_preprocess_stage|Mult1|auto_generated|add9_result[12]~24|cout
    Info (332115):     10.062      0.000 RR    IC  LayerNorm|i_preprocess_stage|Mult1|auto_generated|add9_result[13]~26|cin
    Info (332115):     10.121      0.059 RF  CELL  LayerNorm|i_preprocess_stage|Mult1|auto_generated|add9_result[13]~26|cout
    Info (332115):     10.121      0.000 FF    IC  LayerNorm|i_preprocess_stage|Mult1|auto_generated|add9_result[14]~28|cin
    Info (332115):     10.180      0.059 FR  CELL  LayerNorm|i_preprocess_stage|Mult1|auto_generated|add9_result[14]~28|cout
    Info (332115):     10.180      0.000 RR    IC  LayerNorm|i_preprocess_stage|Mult1|auto_generated|add9_result[15]~30|cin
    Info (332115):     10.239      0.059 RF  CELL  LayerNorm|i_preprocess_stage|Mult1|auto_generated|add9_result[15]~30|cout
    Info (332115):     10.239      0.000 FF    IC  LayerNorm|i_preprocess_stage|Mult1|auto_generated|add9_result[16]~32|cin
    Info (332115):     10.298      0.059 FR  CELL  LayerNorm|i_preprocess_stage|Mult1|auto_generated|add9_result[16]~32|cout
    Info (332115):     10.298      0.000 RR    IC  LayerNorm|i_preprocess_stage|Mult1|auto_generated|add9_result[17]~34|cin
    Info (332115):     10.357      0.059 RF  CELL  LayerNorm|i_preprocess_stage|Mult1|auto_generated|add9_result[17]~34|cout
    Info (332115):     10.357      0.000 FF    IC  LayerNorm|i_preprocess_stage|Mult1|auto_generated|add9_result[18]~36|cin
    Info (332115):     10.416      0.059 FR  CELL  LayerNorm|i_preprocess_stage|Mult1|auto_generated|add9_result[18]~36|cout
    Info (332115):     10.416      0.000 RR    IC  LayerNorm|i_preprocess_stage|Mult1|auto_generated|add9_result[19]~38|cin
    Info (332115):     10.475      0.059 RF  CELL  LayerNorm|i_preprocess_stage|Mult1|auto_generated|add9_result[19]~38|cout
    Info (332115):     10.475      0.000 FF    IC  LayerNorm|i_preprocess_stage|Mult1|auto_generated|add9_result[20]~40|cin
    Info (332115):     10.534      0.059 FR  CELL  LayerNorm|i_preprocess_stage|Mult1|auto_generated|add9_result[20]~40|cout
    Info (332115):     10.534      0.000 RR    IC  LayerNorm|i_preprocess_stage|Mult1|auto_generated|add9_result[21]~42|cin
    Info (332115):     10.593      0.059 RF  CELL  LayerNorm|i_preprocess_stage|Mult1|auto_generated|add9_result[21]~42|cout
    Info (332115):     10.593      0.000 FF    IC  LayerNorm|i_preprocess_stage|Mult1|auto_generated|add9_result[22]~44|cin
    Info (332115):     10.652      0.059 FR  CELL  LayerNorm|i_preprocess_stage|Mult1|auto_generated|add9_result[22]~44|cout
    Info (332115):     10.652      0.000 RR    IC  LayerNorm|i_preprocess_stage|Mult1|auto_generated|add9_result[23]~46|cin
    Info (332115):     10.711      0.059 RF  CELL  LayerNorm|i_preprocess_stage|Mult1|auto_generated|add9_result[23]~46|cout
    Info (332115):     10.711      0.000 FF    IC  LayerNorm|i_preprocess_stage|Mult1|auto_generated|add9_result[24]~48|cin
    Info (332115):     10.770      0.059 FR  CELL  LayerNorm|i_preprocess_stage|Mult1|auto_generated|add9_result[24]~48|cout
    Info (332115):     10.770      0.000 RR    IC  LayerNorm|i_preprocess_stage|Mult1|auto_generated|add9_result[25]~50|cin
    Info (332115):     11.407      0.637 RR  CELL  LayerNorm|i_preprocess_stage|Mult1|auto_generated|add9_result[25]~50|combout
    Info (332115):     12.167      0.760 RR    IC  LayerNorm|i_preprocess_stage|Mult1|auto_generated|op_1~50|dataa
    Info (332115):     12.673      0.506 RF  CELL  LayerNorm|i_preprocess_stage|Mult1|auto_generated|op_1~50|cout
    Info (332115):     12.673      0.000 FF    IC  LayerNorm|i_preprocess_stage|Mult1|auto_generated|op_1~52|cin
    Info (332115):     12.732      0.059 FR  CELL  LayerNorm|i_preprocess_stage|Mult1|auto_generated|op_1~52|cout
    Info (332115):     12.732      0.000 RR    IC  LayerNorm|i_preprocess_stage|Mult1|auto_generated|op_1~54|cin
    Info (332115):     12.791      0.059 RF  CELL  LayerNorm|i_preprocess_stage|Mult1|auto_generated|op_1~54|cout
    Info (332115):     12.791      0.000 FF    IC  LayerNorm|i_preprocess_stage|Mult1|auto_generated|op_1~56|cin
    Info (332115):     12.850      0.059 FR  CELL  LayerNorm|i_preprocess_stage|Mult1|auto_generated|op_1~56|cout
    Info (332115):     12.850      0.000 RR    IC  LayerNorm|i_preprocess_stage|Mult1|auto_generated|op_1~58|cin
    Info (332115):     13.487      0.637 RR  CELL  LayerNorm|i_preprocess_stage|Mult1|auto_generated|op_1~58|combout
    Info (332115):     14.202      0.715 RR    IC  LayerNorm|i_preprocess_stage|var_hw_raw[15]~30|datab
    Info (332115):     14.726      0.524 RF  CELL  LayerNorm|i_preprocess_stage|var_hw_raw[15]~30|cout
    Info (332115):     14.726      0.000 FF    IC  LayerNorm|i_preprocess_stage|var_hw_raw[16]~32|cin
    Info (332115):     14.785      0.059 FR  CELL  LayerNorm|i_preprocess_stage|var_hw_raw[16]~32|cout
    Info (332115):     14.785      0.000 RR    IC  LayerNorm|i_preprocess_stage|var_hw_raw[17]~34|cin
    Info (332115):     15.422      0.637 RR  CELL  LayerNorm|i_preprocess_stage|var_hw_raw[17]~34|combout
    Info (332115):     16.214      0.792 RR    IC  LayerNorm|i_preprocess_stage|lut_idx_comb[0]~0|dataa
    Info (332115):     16.633      0.419 RF  CELL  LayerNorm|i_preprocess_stage|lut_idx_comb[0]~0|combout
    Info (332115):     16.867      0.234 FF    IC  LayerNorm|i_preprocess_stage|lut_idx_comb[0]~1|datad
    Info (332115):     16.998      0.131 FF  CELL  LayerNorm|i_preprocess_stage|lut_idx_comb[0]~1|combout
    Info (332115):     17.237      0.239 FF    IC  LayerNorm|i_preprocess_stage|lut_idx_comb[0]~2|datad
    Info (332115):     17.368      0.131 FF  CELL  LayerNorm|i_preprocess_stage|lut_idx_comb[0]~2|combout
    Info (332115):     17.604      0.236 FF    IC  LayerNorm|i_preprocess_stage|lut_idx_comb[0]~3|datad
    Info (332115):     17.735      0.131 FF  CELL  LayerNorm|i_preprocess_stage|lut_idx_comb[0]~3|combout
    Info (332115):     17.970      0.235 FF    IC  LayerNorm|i_preprocess_stage|lut_idx_comb[0]~4|datad
    Info (332115):     18.101      0.131 FF  CELL  LayerNorm|i_preprocess_stage|lut_idx_comb[0]~4|combout
    Info (332115):     18.425      0.324 FF    IC  LayerNorm|i_preprocess_stage|lut_idx_comb[1]~6|datad
    Info (332115):     18.586      0.161 FR  CELL  LayerNorm|i_preprocess_stage|lut_idx_comb[1]~6|combout
    Info (332115):     19.046      0.460 RR    IC  LayerNorm|i_preprocess_stage|Add4~2|datab
    Info (332115):     19.570      0.524 RF  CELL  LayerNorm|i_preprocess_stage|Add4~2|cout
    Info (332115):     19.570      0.000 FF    IC  LayerNorm|i_preprocess_stage|Add4~4|cin
    Info (332115):     19.629      0.059 FR  CELL  LayerNorm|i_preprocess_stage|Add4~4|cout
    Info (332115):     19.629      0.000 RR    IC  LayerNorm|i_preprocess_stage|Add4~6|cin
    Info (332115):     19.688      0.059 RF  CELL  LayerNorm|i_preprocess_stage|Add4~6|cout
    Info (332115):     19.688      0.000 FF    IC  LayerNorm|i_preprocess_stage|Add4~8|cin
    Info (332115):     19.747      0.059 FR  CELL  LayerNorm|i_preprocess_stage|Add4~8|cout
    Info (332115):     19.747      0.000 RR    IC  LayerNorm|i_preprocess_stage|Add4~10|cin
    Info (332115):     19.806      0.059 RF  CELL  LayerNorm|i_preprocess_stage|Add4~10|cout
    Info (332115):     19.806      0.000 FF    IC  LayerNorm|i_preprocess_stage|Add4~12|cin
    Info (332115):     19.865      0.059 FR  CELL  LayerNorm|i_preprocess_stage|Add4~12|cout
    Info (332115):     19.865      0.000 RR    IC  LayerNorm|i_preprocess_stage|Add4~14|cin
    Info (332115):     19.924      0.059 RF  CELL  LayerNorm|i_preprocess_stage|Add4~14|cout
    Info (332115):     19.924      0.000 FF    IC  LayerNorm|i_preprocess_stage|Add4~16|cin
    Info (332115):     19.983      0.059 FR  CELL  LayerNorm|i_preprocess_stage|Add4~16|cout
    Info (332115):     19.983      0.000 RR    IC  LayerNorm|i_preprocess_stage|Add4~18|cin
    Info (332115):     20.042      0.059 RF  CELL  LayerNorm|i_preprocess_stage|Add4~18|cout
    Info (332115):     20.042      0.000 FF    IC  LayerNorm|i_preprocess_stage|Add4~20|cin
    Info (332115):     20.101      0.059 FR  CELL  LayerNorm|i_preprocess_stage|Add4~20|cout
    Info (332115):     20.101      0.000 RR    IC  LayerNorm|i_preprocess_stage|Add4~22|cin
    Info (332115):     20.160      0.059 RF  CELL  LayerNorm|i_preprocess_stage|Add4~22|cout
    Info (332115):     20.160      0.000 FF    IC  LayerNorm|i_preprocess_stage|Add4~24|cin
    Info (332115):     20.219      0.059 FR  CELL  LayerNorm|i_preprocess_stage|Add4~24|cout
    Info (332115):     20.219      0.000 RR    IC  LayerNorm|i_preprocess_stage|Add4~26|cin
    Info (332115):     20.856      0.637 RR  CELL  LayerNorm|i_preprocess_stage|Add4~26|combout
    Info (332115):     21.829      0.973 RR    IC  LayerNorm|Selector2~12|datad
    Info (332115):     21.995      0.166 RR  CELL  LayerNorm|Selector2~12|combout
    Info (332115):     22.198      0.203 RR    IC  mem_start_addr~19|datad
    Info (332115):     22.364      0.166 RR  CELL  mem_start_addr~19|combout
    Info (332115):     22.364      0.000 RR    IC  mem_start_addr[14]~reg0|d
    Info (332115):     22.453      0.089 RR  CELL  mem_start_addr[14]~reg0
    Info (332115): Data Required Path:
    Info (332115): Total (ns)  Incr (ns)     Type  Element
    Info (332115): ==========  ========= ==  ====  ===================================
    Info (332115):      1.000      1.000           latch edge time
    Info (332115):      1.000      0.000           source latency
    Info (332115):      1.000      0.000           clk
    Info (332115):      1.000      0.000 RR    IC  clk~input|i
    Info (332115):      1.708      0.708 RR  CELL  clk~input|o
    Info (332115):      2.566      0.858 RR    IC  clk~inputclkctrl|inclk[0]
    Info (332115):      2.566      0.000 RR  CELL  clk~inputclkctrl|outclk
    Info (332115):      4.482      1.916 RR    IC  mem_start_addr[14]~reg0|clk
    Info (332115):      4.957      0.475 RR  CELL  mem_start_addr[14]~reg0
    Info (332115):      5.020      0.063           clock pessimism removed
    Info (332115):      5.000     -0.020           clock uncertainty
    Info (332115):      5.013      0.013     uTsu  mem_start_addr[14]~reg0
    Info (332115): Data Arrival Time  :    22.453
    Info (332115): Data Required Time :     5.013
    Info (332115): Slack              :   -17.440 (VIOLATED)
    Info (332115): ===================================================================
Info (332115): Path #11: Setup slack is -17.440 (VIOLATED)
    Info (332115): ===================================================================
    Info (332115): From Node    : LayerNorm:LayerNorm|ex_ex2_stage:i_ex_ex2_stage|ex2_reg[27]
    Info (332115): To Node      : mem_start_addr[14]~reg0
    Info (332115): Launch Clock : clk
    Info (332115): Latch Clock  : clk
    Info (332115): Data Arrival Path:
    Info (332115): Total (ns)  Incr (ns)     Type  Element
    Info (332115): ==========  ========= ==  ====  ===================================
    Info (332115):      0.000      0.000           launch edge time
    Info (332115):      0.000      0.000           source latency
    Info (332115):      0.000      0.000           clk
    Info (332115):      0.000      0.000 RR    IC  clk~input|i
    Info (332115):      0.708      0.708 RR  CELL  clk~input|o
    Info (332115):      1.602      0.894 RR    IC  clk~inputclkctrl|inclk[0]
    Info (332115):      1.602      0.000 RR  CELL  clk~inputclkctrl|outclk
    Info (332115):      3.488      1.886 RR    IC  LayerNorm|i_preprocess_stage|Mult1|auto_generated|mac_mult5|clk
    Info (332115):      3.873      0.385 RR  CELL  LayerNorm:LayerNorm|ex_ex2_stage:i_ex_ex2_stage|ex2_reg[27]
    Info (332115):      4.186      0.313     uTco  LayerNorm:LayerNorm|ex_ex2_stage:i_ex_ex2_stage|ex2_reg[27]
    Info (332115):      7.754      3.568 RR  CELL  LayerNorm|i_preprocess_stage|Mult1|auto_generated|mac_mult5|dataout[35]
    Info (332115):      7.754      0.000 RR    IC  LayerNorm|i_preprocess_stage|Mult1|auto_generated|mac_out6|dataa[5]
    Info (332115):      7.874      0.120 RR  CELL  LayerNorm|i_preprocess_stage|Mult1|auto_generated|mac_out6|dataout[5]
    Info (332115):      8.889      1.015 RR    IC  LayerNorm|i_preprocess_stage|Mult1|auto_generated|add9_result[1]~2|datab
    Info (332115):      9.413      0.524 RF  CELL  LayerNorm|i_preprocess_stage|Mult1|auto_generated|add9_result[1]~2|cout
    Info (332115):      9.413      0.000 FF    IC  LayerNorm|i_preprocess_stage|Mult1|auto_generated|add9_result[2]~4|cin
    Info (332115):      9.472      0.059 FR  CELL  LayerNorm|i_preprocess_stage|Mult1|auto_generated|add9_result[2]~4|cout
    Info (332115):      9.472      0.000 RR    IC  LayerNorm|i_preprocess_stage|Mult1|auto_generated|add9_result[3]~6|cin
    Info (332115):      9.531      0.059 RF  CELL  LayerNorm|i_preprocess_stage|Mult1|auto_generated|add9_result[3]~6|cout
    Info (332115):      9.531      0.000 FF    IC  LayerNorm|i_preprocess_stage|Mult1|auto_generated|add9_result[4]~8|cin
    Info (332115):      9.590      0.059 FR  CELL  LayerNorm|i_preprocess_stage|Mult1|auto_generated|add9_result[4]~8|cout
    Info (332115):      9.590      0.000 RR    IC  LayerNorm|i_preprocess_stage|Mult1|auto_generated|add9_result[5]~10|cin
    Info (332115):      9.649      0.059 RF  CELL  LayerNorm|i_preprocess_stage|Mult1|auto_generated|add9_result[5]~10|cout
    Info (332115):      9.649      0.000 FF    IC  LayerNorm|i_preprocess_stage|Mult1|auto_generated|add9_result[6]~12|cin
    Info (332115):      9.708      0.059 FR  CELL  LayerNorm|i_preprocess_stage|Mult1|auto_generated|add9_result[6]~12|cout
    Info (332115):      9.708      0.000 RR    IC  LayerNorm|i_preprocess_stage|Mult1|auto_generated|add9_result[7]~14|cin
    Info (332115):      9.767      0.059 RF  CELL  LayerNorm|i_preprocess_stage|Mult1|auto_generated|add9_result[7]~14|cout
    Info (332115):      9.767      0.000 FF    IC  LayerNorm|i_preprocess_stage|Mult1|auto_generated|add9_result[8]~16|cin
    Info (332115):      9.826      0.059 FR  CELL  LayerNorm|i_preprocess_stage|Mult1|auto_generated|add9_result[8]~16|cout
    Info (332115):      9.826      0.000 RR    IC  LayerNorm|i_preprocess_stage|Mult1|auto_generated|add9_result[9]~18|cin
    Info (332115):      9.885      0.059 RF  CELL  LayerNorm|i_preprocess_stage|Mult1|auto_generated|add9_result[9]~18|cout
    Info (332115):      9.885      0.000 FF    IC  LayerNorm|i_preprocess_stage|Mult1|auto_generated|add9_result[10]~20|cin
    Info (332115):      9.944      0.059 FR  CELL  LayerNorm|i_preprocess_stage|Mult1|auto_generated|add9_result[10]~20|cout
    Info (332115):      9.944      0.000 RR    IC  LayerNorm|i_preprocess_stage|Mult1|auto_generated|add9_result[11]~22|cin
    Info (332115):     10.003      0.059 RF  CELL  LayerNorm|i_preprocess_stage|Mult1|auto_generated|add9_result[11]~22|cout
    Info (332115):     10.003      0.000 FF    IC  LayerNorm|i_preprocess_stage|Mult1|auto_generated|add9_result[12]~24|cin
    Info (332115):     10.062      0.059 FR  CELL  LayerNorm|i_preprocess_stage|Mult1|auto_generated|add9_result[12]~24|cout
    Info (332115):     10.062      0.000 RR    IC  LayerNorm|i_preprocess_stage|Mult1|auto_generated|add9_result[13]~26|cin
    Info (332115):     10.121      0.059 RF  CELL  LayerNorm|i_preprocess_stage|Mult1|auto_generated|add9_result[13]~26|cout
    Info (332115):     10.121      0.000 FF    IC  LayerNorm|i_preprocess_stage|Mult1|auto_generated|add9_result[14]~28|cin
    Info (332115):     10.180      0.059 FR  CELL  LayerNorm|i_preprocess_stage|Mult1|auto_generated|add9_result[14]~28|cout
    Info (332115):     10.180      0.000 RR    IC  LayerNorm|i_preprocess_stage|Mult1|auto_generated|add9_result[15]~30|cin
    Info (332115):     10.239      0.059 RF  CELL  LayerNorm|i_preprocess_stage|Mult1|auto_generated|add9_result[15]~30|cout
    Info (332115):     10.239      0.000 FF    IC  LayerNorm|i_preprocess_stage|Mult1|auto_generated|add9_result[16]~32|cin
    Info (332115):     10.298      0.059 FR  CELL  LayerNorm|i_preprocess_stage|Mult1|auto_generated|add9_result[16]~32|cout
    Info (332115):     10.298      0.000 RR    IC  LayerNorm|i_preprocess_stage|Mult1|auto_generated|add9_result[17]~34|cin
    Info (332115):     10.357      0.059 RF  CELL  LayerNorm|i_preprocess_stage|Mult1|auto_generated|add9_result[17]~34|cout
    Info (332115):     10.357      0.000 FF    IC  LayerNorm|i_preprocess_stage|Mult1|auto_generated|add9_result[18]~36|cin
    Info (332115):     10.416      0.059 FR  CELL  LayerNorm|i_preprocess_stage|Mult1|auto_generated|add9_result[18]~36|cout
    Info (332115):     10.416      0.000 RR    IC  LayerNorm|i_preprocess_stage|Mult1|auto_generated|add9_result[19]~38|cin
    Info (332115):     10.475      0.059 RF  CELL  LayerNorm|i_preprocess_stage|Mult1|auto_generated|add9_result[19]~38|cout
    Info (332115):     10.475      0.000 FF    IC  LayerNorm|i_preprocess_stage|Mult1|auto_generated|add9_result[20]~40|cin
    Info (332115):     10.534      0.059 FR  CELL  LayerNorm|i_preprocess_stage|Mult1|auto_generated|add9_result[20]~40|cout
    Info (332115):     10.534      0.000 RR    IC  LayerNorm|i_preprocess_stage|Mult1|auto_generated|add9_result[21]~42|cin
    Info (332115):     10.593      0.059 RF  CELL  LayerNorm|i_preprocess_stage|Mult1|auto_generated|add9_result[21]~42|cout
    Info (332115):     10.593      0.000 FF    IC  LayerNorm|i_preprocess_stage|Mult1|auto_generated|add9_result[22]~44|cin
    Info (332115):     10.652      0.059 FR  CELL  LayerNorm|i_preprocess_stage|Mult1|auto_generated|add9_result[22]~44|cout
    Info (332115):     10.652      0.000 RR    IC  LayerNorm|i_preprocess_stage|Mult1|auto_generated|add9_result[23]~46|cin
    Info (332115):     10.711      0.059 RF  CELL  LayerNorm|i_preprocess_stage|Mult1|auto_generated|add9_result[23]~46|cout
    Info (332115):     10.711      0.000 FF    IC  LayerNorm|i_preprocess_stage|Mult1|auto_generated|add9_result[24]~48|cin
    Info (332115):     10.770      0.059 FR  CELL  LayerNorm|i_preprocess_stage|Mult1|auto_generated|add9_result[24]~48|cout
    Info (332115):     10.770      0.000 RR    IC  LayerNorm|i_preprocess_stage|Mult1|auto_generated|add9_result[25]~50|cin
    Info (332115):     11.407      0.637 RR  CELL  LayerNorm|i_preprocess_stage|Mult1|auto_generated|add9_result[25]~50|combout
    Info (332115):     12.167      0.760 RR    IC  LayerNorm|i_preprocess_stage|Mult1|auto_generated|op_1~50|dataa
    Info (332115):     12.673      0.506 RF  CELL  LayerNorm|i_preprocess_stage|Mult1|auto_generated|op_1~50|cout
    Info (332115):     12.673      0.000 FF    IC  LayerNorm|i_preprocess_stage|Mult1|auto_generated|op_1~52|cin
    Info (332115):     12.732      0.059 FR  CELL  LayerNorm|i_preprocess_stage|Mult1|auto_generated|op_1~52|cout
    Info (332115):     12.732      0.000 RR    IC  LayerNorm|i_preprocess_stage|Mult1|auto_generated|op_1~54|cin
    Info (332115):     12.791      0.059 RF  CELL  LayerNorm|i_preprocess_stage|Mult1|auto_generated|op_1~54|cout
    Info (332115):     12.791      0.000 FF    IC  LayerNorm|i_preprocess_stage|Mult1|auto_generated|op_1~56|cin
    Info (332115):     12.850      0.059 FR  CELL  LayerNorm|i_preprocess_stage|Mult1|auto_generated|op_1~56|cout
    Info (332115):     12.850      0.000 RR    IC  LayerNorm|i_preprocess_stage|Mult1|auto_generated|op_1~58|cin
    Info (332115):     13.487      0.637 RR  CELL  LayerNorm|i_preprocess_stage|Mult1|auto_generated|op_1~58|combout
    Info (332115):     14.202      0.715 RR    IC  LayerNorm|i_preprocess_stage|var_hw_raw[15]~30|datab
    Info (332115):     14.726      0.524 RF  CELL  LayerNorm|i_preprocess_stage|var_hw_raw[15]~30|cout
    Info (332115):     14.726      0.000 FF    IC  LayerNorm|i_preprocess_stage|var_hw_raw[16]~32|cin
    Info (332115):     14.785      0.059 FR  CELL  LayerNorm|i_preprocess_stage|var_hw_raw[16]~32|cout
    Info (332115):     14.785      0.000 RR    IC  LayerNorm|i_preprocess_stage|var_hw_raw[17]~34|cin
    Info (332115):     15.422      0.637 RR  CELL  LayerNorm|i_preprocess_stage|var_hw_raw[17]~34|combout
    Info (332115):     16.214      0.792 RR    IC  LayerNorm|i_preprocess_stage|lut_idx_comb[0]~0|dataa
    Info (332115):     16.633      0.419 RF  CELL  LayerNorm|i_preprocess_stage|lut_idx_comb[0]~0|combout
    Info (332115):     16.867      0.234 FF    IC  LayerNorm|i_preprocess_stage|lut_idx_comb[0]~1|datad
    Info (332115):     16.998      0.131 FF  CELL  LayerNorm|i_preprocess_stage|lut_idx_comb[0]~1|combout
    Info (332115):     17.237      0.239 FF    IC  LayerNorm|i_preprocess_stage|lut_idx_comb[0]~2|datad
    Info (332115):     17.368      0.131 FF  CELL  LayerNorm|i_preprocess_stage|lut_idx_comb[0]~2|combout
    Info (332115):     17.604      0.236 FF    IC  LayerNorm|i_preprocess_stage|lut_idx_comb[0]~3|datad
    Info (332115):     17.735      0.131 FF  CELL  LayerNorm|i_preprocess_stage|lut_idx_comb[0]~3|combout
    Info (332115):     17.970      0.235 FF    IC  LayerNorm|i_preprocess_stage|lut_idx_comb[0]~4|datad
    Info (332115):     18.101      0.131 FF  CELL  LayerNorm|i_preprocess_stage|lut_idx_comb[0]~4|combout
    Info (332115):     18.425      0.324 FF    IC  LayerNorm|i_preprocess_stage|lut_idx_comb[1]~6|datad
    Info (332115):     18.586      0.161 FR  CELL  LayerNorm|i_preprocess_stage|lut_idx_comb[1]~6|combout
    Info (332115):     19.046      0.460 RR    IC  LayerNorm|i_preprocess_stage|Add4~2|datab
    Info (332115):     19.570      0.524 RF  CELL  LayerNorm|i_preprocess_stage|Add4~2|cout
    Info (332115):     19.570      0.000 FF    IC  LayerNorm|i_preprocess_stage|Add4~4|cin
    Info (332115):     19.629      0.059 FR  CELL  LayerNorm|i_preprocess_stage|Add4~4|cout
    Info (332115):     19.629      0.000 RR    IC  LayerNorm|i_preprocess_stage|Add4~6|cin
    Info (332115):     19.688      0.059 RF  CELL  LayerNorm|i_preprocess_stage|Add4~6|cout
    Info (332115):     19.688      0.000 FF    IC  LayerNorm|i_preprocess_stage|Add4~8|cin
    Info (332115):     19.747      0.059 FR  CELL  LayerNorm|i_preprocess_stage|Add4~8|cout
    Info (332115):     19.747      0.000 RR    IC  LayerNorm|i_preprocess_stage|Add4~10|cin
    Info (332115):     19.806      0.059 RF  CELL  LayerNorm|i_preprocess_stage|Add4~10|cout
    Info (332115):     19.806      0.000 FF    IC  LayerNorm|i_preprocess_stage|Add4~12|cin
    Info (332115):     19.865      0.059 FR  CELL  LayerNorm|i_preprocess_stage|Add4~12|cout
    Info (332115):     19.865      0.000 RR    IC  LayerNorm|i_preprocess_stage|Add4~14|cin
    Info (332115):     19.924      0.059 RF  CELL  LayerNorm|i_preprocess_stage|Add4~14|cout
    Info (332115):     19.924      0.000 FF    IC  LayerNorm|i_preprocess_stage|Add4~16|cin
    Info (332115):     19.983      0.059 FR  CELL  LayerNorm|i_preprocess_stage|Add4~16|cout
    Info (332115):     19.983      0.000 RR    IC  LayerNorm|i_preprocess_stage|Add4~18|cin
    Info (332115):     20.042      0.059 RF  CELL  LayerNorm|i_preprocess_stage|Add4~18|cout
    Info (332115):     20.042      0.000 FF    IC  LayerNorm|i_preprocess_stage|Add4~20|cin
    Info (332115):     20.101      0.059 FR  CELL  LayerNorm|i_preprocess_stage|Add4~20|cout
    Info (332115):     20.101      0.000 RR    IC  LayerNorm|i_preprocess_stage|Add4~22|cin
    Info (332115):     20.160      0.059 RF  CELL  LayerNorm|i_preprocess_stage|Add4~22|cout
    Info (332115):     20.160      0.000 FF    IC  LayerNorm|i_preprocess_stage|Add4~24|cin
    Info (332115):     20.219      0.059 FR  CELL  LayerNorm|i_preprocess_stage|Add4~24|cout
    Info (332115):     20.219      0.000 RR    IC  LayerNorm|i_preprocess_stage|Add4~26|cin
    Info (332115):     20.856      0.637 RR  CELL  LayerNorm|i_preprocess_stage|Add4~26|combout
    Info (332115):     21.829      0.973 RR    IC  LayerNorm|Selector2~12|datad
    Info (332115):     21.995      0.166 RR  CELL  LayerNorm|Selector2~12|combout
    Info (332115):     22.198      0.203 RR    IC  mem_start_addr~19|datad
    Info (332115):     22.364      0.166 RR  CELL  mem_start_addr~19|combout
    Info (332115):     22.364      0.000 RR    IC  mem_start_addr[14]~reg0|d
    Info (332115):     22.453      0.089 RR  CELL  mem_start_addr[14]~reg0
    Info (332115): Data Required Path:
    Info (332115): Total (ns)  Incr (ns)     Type  Element
    Info (332115): ==========  ========= ==  ====  ===================================
    Info (332115):      1.000      1.000           latch edge time
    Info (332115):      1.000      0.000           source latency
    Info (332115):      1.000      0.000           clk
    Info (332115):      1.000      0.000 RR    IC  clk~input|i
    Info (332115):      1.708      0.708 RR  CELL  clk~input|o
    Info (332115):      2.566      0.858 RR    IC  clk~inputclkctrl|inclk[0]
    Info (332115):      2.566      0.000 RR  CELL  clk~inputclkctrl|outclk
    Info (332115):      4.482      1.916 RR    IC  mem_start_addr[14]~reg0|clk
    Info (332115):      4.957      0.475 RR  CELL  mem_start_addr[14]~reg0
    Info (332115):      5.020      0.063           clock pessimism removed
    Info (332115):      5.000     -0.020           clock uncertainty
    Info (332115):      5.013      0.013     uTsu  mem_start_addr[14]~reg0
    Info (332115): Data Arrival Time  :    22.453
    Info (332115): Data Required Time :     5.013
    Info (332115): Slack              :   -17.440 (VIOLATED)
    Info (332115): ===================================================================
Info (332115): Path #12: Setup slack is -17.440 (VIOLATED)
    Info (332115): ===================================================================
    Info (332115): From Node    : LayerNorm:LayerNorm|ex_ex2_stage:i_ex_ex2_stage|ex2_reg[28]
    Info (332115): To Node      : mem_start_addr[14]~reg0
    Info (332115): Launch Clock : clk
    Info (332115): Latch Clock  : clk
    Info (332115): Data Arrival Path:
    Info (332115): Total (ns)  Incr (ns)     Type  Element
    Info (332115): ==========  ========= ==  ====  ===================================
    Info (332115):      0.000      0.000           launch edge time
    Info (332115):      0.000      0.000           source latency
    Info (332115):      0.000      0.000           clk
    Info (332115):      0.000      0.000 RR    IC  clk~input|i
    Info (332115):      0.708      0.708 RR  CELL  clk~input|o
    Info (332115):      1.602      0.894 RR    IC  clk~inputclkctrl|inclk[0]
    Info (332115):      1.602      0.000 RR  CELL  clk~inputclkctrl|outclk
    Info (332115):      3.488      1.886 RR    IC  LayerNorm|i_preprocess_stage|Mult1|auto_generated|mac_mult5|clk
    Info (332115):      3.873      0.385 RR  CELL  LayerNorm:LayerNorm|ex_ex2_stage:i_ex_ex2_stage|ex2_reg[28]
    Info (332115):      4.186      0.313     uTco  LayerNorm:LayerNorm|ex_ex2_stage:i_ex_ex2_stage|ex2_reg[28]
    Info (332115):      7.754      3.568 RR  CELL  LayerNorm|i_preprocess_stage|Mult1|auto_generated|mac_mult5|dataout[35]
    Info (332115):      7.754      0.000 RR    IC  LayerNorm|i_preprocess_stage|Mult1|auto_generated|mac_out6|dataa[5]
    Info (332115):      7.874      0.120 RR  CELL  LayerNorm|i_preprocess_stage|Mult1|auto_generated|mac_out6|dataout[5]
    Info (332115):      8.889      1.015 RR    IC  LayerNorm|i_preprocess_stage|Mult1|auto_generated|add9_result[1]~2|datab
    Info (332115):      9.413      0.524 RF  CELL  LayerNorm|i_preprocess_stage|Mult1|auto_generated|add9_result[1]~2|cout
    Info (332115):      9.413      0.000 FF    IC  LayerNorm|i_preprocess_stage|Mult1|auto_generated|add9_result[2]~4|cin
    Info (332115):      9.472      0.059 FR  CELL  LayerNorm|i_preprocess_stage|Mult1|auto_generated|add9_result[2]~4|cout
    Info (332115):      9.472      0.000 RR    IC  LayerNorm|i_preprocess_stage|Mult1|auto_generated|add9_result[3]~6|cin
    Info (332115):      9.531      0.059 RF  CELL  LayerNorm|i_preprocess_stage|Mult1|auto_generated|add9_result[3]~6|cout
    Info (332115):      9.531      0.000 FF    IC  LayerNorm|i_preprocess_stage|Mult1|auto_generated|add9_result[4]~8|cin
    Info (332115):      9.590      0.059 FR  CELL  LayerNorm|i_preprocess_stage|Mult1|auto_generated|add9_result[4]~8|cout
    Info (332115):      9.590      0.000 RR    IC  LayerNorm|i_preprocess_stage|Mult1|auto_generated|add9_result[5]~10|cin
    Info (332115):      9.649      0.059 RF  CELL  LayerNorm|i_preprocess_stage|Mult1|auto_generated|add9_result[5]~10|cout
    Info (332115):      9.649      0.000 FF    IC  LayerNorm|i_preprocess_stage|Mult1|auto_generated|add9_result[6]~12|cin
    Info (332115):      9.708      0.059 FR  CELL  LayerNorm|i_preprocess_stage|Mult1|auto_generated|add9_result[6]~12|cout
    Info (332115):      9.708      0.000 RR    IC  LayerNorm|i_preprocess_stage|Mult1|auto_generated|add9_result[7]~14|cin
    Info (332115):      9.767      0.059 RF  CELL  LayerNorm|i_preprocess_stage|Mult1|auto_generated|add9_result[7]~14|cout
    Info (332115):      9.767      0.000 FF    IC  LayerNorm|i_preprocess_stage|Mult1|auto_generated|add9_result[8]~16|cin
    Info (332115):      9.826      0.059 FR  CELL  LayerNorm|i_preprocess_stage|Mult1|auto_generated|add9_result[8]~16|cout
    Info (332115):      9.826      0.000 RR    IC  LayerNorm|i_preprocess_stage|Mult1|auto_generated|add9_result[9]~18|cin
    Info (332115):      9.885      0.059 RF  CELL  LayerNorm|i_preprocess_stage|Mult1|auto_generated|add9_result[9]~18|cout
    Info (332115):      9.885      0.000 FF    IC  LayerNorm|i_preprocess_stage|Mult1|auto_generated|add9_result[10]~20|cin
    Info (332115):      9.944      0.059 FR  CELL  LayerNorm|i_preprocess_stage|Mult1|auto_generated|add9_result[10]~20|cout
    Info (332115):      9.944      0.000 RR    IC  LayerNorm|i_preprocess_stage|Mult1|auto_generated|add9_result[11]~22|cin
    Info (332115):     10.003      0.059 RF  CELL  LayerNorm|i_preprocess_stage|Mult1|auto_generated|add9_result[11]~22|cout
    Info (332115):     10.003      0.000 FF    IC  LayerNorm|i_preprocess_stage|Mult1|auto_generated|add9_result[12]~24|cin
    Info (332115):     10.062      0.059 FR  CELL  LayerNorm|i_preprocess_stage|Mult1|auto_generated|add9_result[12]~24|cout
    Info (332115):     10.062      0.000 RR    IC  LayerNorm|i_preprocess_stage|Mult1|auto_generated|add9_result[13]~26|cin
    Info (332115):     10.121      0.059 RF  CELL  LayerNorm|i_preprocess_stage|Mult1|auto_generated|add9_result[13]~26|cout
    Info (332115):     10.121      0.000 FF    IC  LayerNorm|i_preprocess_stage|Mult1|auto_generated|add9_result[14]~28|cin
    Info (332115):     10.180      0.059 FR  CELL  LayerNorm|i_preprocess_stage|Mult1|auto_generated|add9_result[14]~28|cout
    Info (332115):     10.180      0.000 RR    IC  LayerNorm|i_preprocess_stage|Mult1|auto_generated|add9_result[15]~30|cin
    Info (332115):     10.239      0.059 RF  CELL  LayerNorm|i_preprocess_stage|Mult1|auto_generated|add9_result[15]~30|cout
    Info (332115):     10.239      0.000 FF    IC  LayerNorm|i_preprocess_stage|Mult1|auto_generated|add9_result[16]~32|cin
    Info (332115):     10.298      0.059 FR  CELL  LayerNorm|i_preprocess_stage|Mult1|auto_generated|add9_result[16]~32|cout
    Info (332115):     10.298      0.000 RR    IC  LayerNorm|i_preprocess_stage|Mult1|auto_generated|add9_result[17]~34|cin
    Info (332115):     10.357      0.059 RF  CELL  LayerNorm|i_preprocess_stage|Mult1|auto_generated|add9_result[17]~34|cout
    Info (332115):     10.357      0.000 FF    IC  LayerNorm|i_preprocess_stage|Mult1|auto_generated|add9_result[18]~36|cin
    Info (332115):     10.416      0.059 FR  CELL  LayerNorm|i_preprocess_stage|Mult1|auto_generated|add9_result[18]~36|cout
    Info (332115):     10.416      0.000 RR    IC  LayerNorm|i_preprocess_stage|Mult1|auto_generated|add9_result[19]~38|cin
    Info (332115):     10.475      0.059 RF  CELL  LayerNorm|i_preprocess_stage|Mult1|auto_generated|add9_result[19]~38|cout
    Info (332115):     10.475      0.000 FF    IC  LayerNorm|i_preprocess_stage|Mult1|auto_generated|add9_result[20]~40|cin
    Info (332115):     10.534      0.059 FR  CELL  LayerNorm|i_preprocess_stage|Mult1|auto_generated|add9_result[20]~40|cout
    Info (332115):     10.534      0.000 RR    IC  LayerNorm|i_preprocess_stage|Mult1|auto_generated|add9_result[21]~42|cin
    Info (332115):     10.593      0.059 RF  CELL  LayerNorm|i_preprocess_stage|Mult1|auto_generated|add9_result[21]~42|cout
    Info (332115):     10.593      0.000 FF    IC  LayerNorm|i_preprocess_stage|Mult1|auto_generated|add9_result[22]~44|cin
    Info (332115):     10.652      0.059 FR  CELL  LayerNorm|i_preprocess_stage|Mult1|auto_generated|add9_result[22]~44|cout
    Info (332115):     10.652      0.000 RR    IC  LayerNorm|i_preprocess_stage|Mult1|auto_generated|add9_result[23]~46|cin
    Info (332115):     10.711      0.059 RF  CELL  LayerNorm|i_preprocess_stage|Mult1|auto_generated|add9_result[23]~46|cout
    Info (332115):     10.711      0.000 FF    IC  LayerNorm|i_preprocess_stage|Mult1|auto_generated|add9_result[24]~48|cin
    Info (332115):     10.770      0.059 FR  CELL  LayerNorm|i_preprocess_stage|Mult1|auto_generated|add9_result[24]~48|cout
    Info (332115):     10.770      0.000 RR    IC  LayerNorm|i_preprocess_stage|Mult1|auto_generated|add9_result[25]~50|cin
    Info (332115):     11.407      0.637 RR  CELL  LayerNorm|i_preprocess_stage|Mult1|auto_generated|add9_result[25]~50|combout
    Info (332115):     12.167      0.760 RR    IC  LayerNorm|i_preprocess_stage|Mult1|auto_generated|op_1~50|dataa
    Info (332115):     12.673      0.506 RF  CELL  LayerNorm|i_preprocess_stage|Mult1|auto_generated|op_1~50|cout
    Info (332115):     12.673      0.000 FF    IC  LayerNorm|i_preprocess_stage|Mult1|auto_generated|op_1~52|cin
    Info (332115):     12.732      0.059 FR  CELL  LayerNorm|i_preprocess_stage|Mult1|auto_generated|op_1~52|cout
    Info (332115):     12.732      0.000 RR    IC  LayerNorm|i_preprocess_stage|Mult1|auto_generated|op_1~54|cin
    Info (332115):     12.791      0.059 RF  CELL  LayerNorm|i_preprocess_stage|Mult1|auto_generated|op_1~54|cout
    Info (332115):     12.791      0.000 FF    IC  LayerNorm|i_preprocess_stage|Mult1|auto_generated|op_1~56|cin
    Info (332115):     12.850      0.059 FR  CELL  LayerNorm|i_preprocess_stage|Mult1|auto_generated|op_1~56|cout
    Info (332115):     12.850      0.000 RR    IC  LayerNorm|i_preprocess_stage|Mult1|auto_generated|op_1~58|cin
    Info (332115):     13.487      0.637 RR  CELL  LayerNorm|i_preprocess_stage|Mult1|auto_generated|op_1~58|combout
    Info (332115):     14.202      0.715 RR    IC  LayerNorm|i_preprocess_stage|var_hw_raw[15]~30|datab
    Info (332115):     14.726      0.524 RF  CELL  LayerNorm|i_preprocess_stage|var_hw_raw[15]~30|cout
    Info (332115):     14.726      0.000 FF    IC  LayerNorm|i_preprocess_stage|var_hw_raw[16]~32|cin
    Info (332115):     14.785      0.059 FR  CELL  LayerNorm|i_preprocess_stage|var_hw_raw[16]~32|cout
    Info (332115):     14.785      0.000 RR    IC  LayerNorm|i_preprocess_stage|var_hw_raw[17]~34|cin
    Info (332115):     15.422      0.637 RR  CELL  LayerNorm|i_preprocess_stage|var_hw_raw[17]~34|combout
    Info (332115):     16.214      0.792 RR    IC  LayerNorm|i_preprocess_stage|lut_idx_comb[0]~0|dataa
    Info (332115):     16.633      0.419 RF  CELL  LayerNorm|i_preprocess_stage|lut_idx_comb[0]~0|combout
    Info (332115):     16.867      0.234 FF    IC  LayerNorm|i_preprocess_stage|lut_idx_comb[0]~1|datad
    Info (332115):     16.998      0.131 FF  CELL  LayerNorm|i_preprocess_stage|lut_idx_comb[0]~1|combout
    Info (332115):     17.237      0.239 FF    IC  LayerNorm|i_preprocess_stage|lut_idx_comb[0]~2|datad
    Info (332115):     17.368      0.131 FF  CELL  LayerNorm|i_preprocess_stage|lut_idx_comb[0]~2|combout
    Info (332115):     17.604      0.236 FF    IC  LayerNorm|i_preprocess_stage|lut_idx_comb[0]~3|datad
    Info (332115):     17.735      0.131 FF  CELL  LayerNorm|i_preprocess_stage|lut_idx_comb[0]~3|combout
    Info (332115):     17.970      0.235 FF    IC  LayerNorm|i_preprocess_stage|lut_idx_comb[0]~4|datad
    Info (332115):     18.101      0.131 FF  CELL  LayerNorm|i_preprocess_stage|lut_idx_comb[0]~4|combout
    Info (332115):     18.425      0.324 FF    IC  LayerNorm|i_preprocess_stage|lut_idx_comb[1]~6|datad
    Info (332115):     18.586      0.161 FR  CELL  LayerNorm|i_preprocess_stage|lut_idx_comb[1]~6|combout
    Info (332115):     19.046      0.460 RR    IC  LayerNorm|i_preprocess_stage|Add4~2|datab
    Info (332115):     19.570      0.524 RF  CELL  LayerNorm|i_preprocess_stage|Add4~2|cout
    Info (332115):     19.570      0.000 FF    IC  LayerNorm|i_preprocess_stage|Add4~4|cin
    Info (332115):     19.629      0.059 FR  CELL  LayerNorm|i_preprocess_stage|Add4~4|cout
    Info (332115):     19.629      0.000 RR    IC  LayerNorm|i_preprocess_stage|Add4~6|cin
    Info (332115):     19.688      0.059 RF  CELL  LayerNorm|i_preprocess_stage|Add4~6|cout
    Info (332115):     19.688      0.000 FF    IC  LayerNorm|i_preprocess_stage|Add4~8|cin
    Info (332115):     19.747      0.059 FR  CELL  LayerNorm|i_preprocess_stage|Add4~8|cout
    Info (332115):     19.747      0.000 RR    IC  LayerNorm|i_preprocess_stage|Add4~10|cin
    Info (332115):     19.806      0.059 RF  CELL  LayerNorm|i_preprocess_stage|Add4~10|cout
    Info (332115):     19.806      0.000 FF    IC  LayerNorm|i_preprocess_stage|Add4~12|cin
    Info (332115):     19.865      0.059 FR  CELL  LayerNorm|i_preprocess_stage|Add4~12|cout
    Info (332115):     19.865      0.000 RR    IC  LayerNorm|i_preprocess_stage|Add4~14|cin
    Info (332115):     19.924      0.059 RF  CELL  LayerNorm|i_preprocess_stage|Add4~14|cout
    Info (332115):     19.924      0.000 FF    IC  LayerNorm|i_preprocess_stage|Add4~16|cin
    Info (332115):     19.983      0.059 FR  CELL  LayerNorm|i_preprocess_stage|Add4~16|cout
    Info (332115):     19.983      0.000 RR    IC  LayerNorm|i_preprocess_stage|Add4~18|cin
    Info (332115):     20.042      0.059 RF  CELL  LayerNorm|i_preprocess_stage|Add4~18|cout
    Info (332115):     20.042      0.000 FF    IC  LayerNorm|i_preprocess_stage|Add4~20|cin
    Info (332115):     20.101      0.059 FR  CELL  LayerNorm|i_preprocess_stage|Add4~20|cout
    Info (332115):     20.101      0.000 RR    IC  LayerNorm|i_preprocess_stage|Add4~22|cin
    Info (332115):     20.160      0.059 RF  CELL  LayerNorm|i_preprocess_stage|Add4~22|cout
    Info (332115):     20.160      0.000 FF    IC  LayerNorm|i_preprocess_stage|Add4~24|cin
    Info (332115):     20.219      0.059 FR  CELL  LayerNorm|i_preprocess_stage|Add4~24|cout
    Info (332115):     20.219      0.000 RR    IC  LayerNorm|i_preprocess_stage|Add4~26|cin
    Info (332115):     20.856      0.637 RR  CELL  LayerNorm|i_preprocess_stage|Add4~26|combout
    Info (332115):     21.829      0.973 RR    IC  LayerNorm|Selector2~12|datad
    Info (332115):     21.995      0.166 RR  CELL  LayerNorm|Selector2~12|combout
    Info (332115):     22.198      0.203 RR    IC  mem_start_addr~19|datad
    Info (332115):     22.364      0.166 RR  CELL  mem_start_addr~19|combout
    Info (332115):     22.364      0.000 RR    IC  mem_start_addr[14]~reg0|d
    Info (332115):     22.453      0.089 RR  CELL  mem_start_addr[14]~reg0
    Info (332115): Data Required Path:
    Info (332115): Total (ns)  Incr (ns)     Type  Element
    Info (332115): ==========  ========= ==  ====  ===================================
    Info (332115):      1.000      1.000           latch edge time
    Info (332115):      1.000      0.000           source latency
    Info (332115):      1.000      0.000           clk
    Info (332115):      1.000      0.000 RR    IC  clk~input|i
    Info (332115):      1.708      0.708 RR  CELL  clk~input|o
    Info (332115):      2.566      0.858 RR    IC  clk~inputclkctrl|inclk[0]
    Info (332115):      2.566      0.000 RR  CELL  clk~inputclkctrl|outclk
    Info (332115):      4.482      1.916 RR    IC  mem_start_addr[14]~reg0|clk
    Info (332115):      4.957      0.475 RR  CELL  mem_start_addr[14]~reg0
    Info (332115):      5.020      0.063           clock pessimism removed
    Info (332115):      5.000     -0.020           clock uncertainty
    Info (332115):      5.013      0.013     uTsu  mem_start_addr[14]~reg0
    Info (332115): Data Arrival Time  :    22.453
    Info (332115): Data Required Time :     5.013
    Info (332115): Slack              :   -17.440 (VIOLATED)
    Info (332115): ===================================================================
Info (332115): Path #13: Setup slack is -17.440 (VIOLATED)
    Info (332115): ===================================================================
    Info (332115): From Node    : LayerNorm:LayerNorm|ex_ex2_stage:i_ex_ex2_stage|ex2_reg[29]
    Info (332115): To Node      : mem_start_addr[14]~reg0
    Info (332115): Launch Clock : clk
    Info (332115): Latch Clock  : clk
    Info (332115): Data Arrival Path:
    Info (332115): Total (ns)  Incr (ns)     Type  Element
    Info (332115): ==========  ========= ==  ====  ===================================
    Info (332115):      0.000      0.000           launch edge time
    Info (332115):      0.000      0.000           source latency
    Info (332115):      0.000      0.000           clk
    Info (332115):      0.000      0.000 RR    IC  clk~input|i
    Info (332115):      0.708      0.708 RR  CELL  clk~input|o
    Info (332115):      1.602      0.894 RR    IC  clk~inputclkctrl|inclk[0]
    Info (332115):      1.602      0.000 RR  CELL  clk~inputclkctrl|outclk
    Info (332115):      3.488      1.886 RR    IC  LayerNorm|i_preprocess_stage|Mult1|auto_generated|mac_mult5|clk
    Info (332115):      3.873      0.385 RR  CELL  LayerNorm:LayerNorm|ex_ex2_stage:i_ex_ex2_stage|ex2_reg[29]
    Info (332115):      4.186      0.313     uTco  LayerNorm:LayerNorm|ex_ex2_stage:i_ex_ex2_stage|ex2_reg[29]
    Info (332115):      7.754      3.568 RR  CELL  LayerNorm|i_preprocess_stage|Mult1|auto_generated|mac_mult5|dataout[35]
    Info (332115):      7.754      0.000 RR    IC  LayerNorm|i_preprocess_stage|Mult1|auto_generated|mac_out6|dataa[5]
    Info (332115):      7.874      0.120 RR  CELL  LayerNorm|i_preprocess_stage|Mult1|auto_generated|mac_out6|dataout[5]
    Info (332115):      8.889      1.015 RR    IC  LayerNorm|i_preprocess_stage|Mult1|auto_generated|add9_result[1]~2|datab
    Info (332115):      9.413      0.524 RF  CELL  LayerNorm|i_preprocess_stage|Mult1|auto_generated|add9_result[1]~2|cout
    Info (332115):      9.413      0.000 FF    IC  LayerNorm|i_preprocess_stage|Mult1|auto_generated|add9_result[2]~4|cin
    Info (332115):      9.472      0.059 FR  CELL  LayerNorm|i_preprocess_stage|Mult1|auto_generated|add9_result[2]~4|cout
    Info (332115):      9.472      0.000 RR    IC  LayerNorm|i_preprocess_stage|Mult1|auto_generated|add9_result[3]~6|cin
    Info (332115):      9.531      0.059 RF  CELL  LayerNorm|i_preprocess_stage|Mult1|auto_generated|add9_result[3]~6|cout
    Info (332115):      9.531      0.000 FF    IC  LayerNorm|i_preprocess_stage|Mult1|auto_generated|add9_result[4]~8|cin
    Info (332115):      9.590      0.059 FR  CELL  LayerNorm|i_preprocess_stage|Mult1|auto_generated|add9_result[4]~8|cout
    Info (332115):      9.590      0.000 RR    IC  LayerNorm|i_preprocess_stage|Mult1|auto_generated|add9_result[5]~10|cin
    Info (332115):      9.649      0.059 RF  CELL  LayerNorm|i_preprocess_stage|Mult1|auto_generated|add9_result[5]~10|cout
    Info (332115):      9.649      0.000 FF    IC  LayerNorm|i_preprocess_stage|Mult1|auto_generated|add9_result[6]~12|cin
    Info (332115):      9.708      0.059 FR  CELL  LayerNorm|i_preprocess_stage|Mult1|auto_generated|add9_result[6]~12|cout
    Info (332115):      9.708      0.000 RR    IC  LayerNorm|i_preprocess_stage|Mult1|auto_generated|add9_result[7]~14|cin
    Info (332115):      9.767      0.059 RF  CELL  LayerNorm|i_preprocess_stage|Mult1|auto_generated|add9_result[7]~14|cout
    Info (332115):      9.767      0.000 FF    IC  LayerNorm|i_preprocess_stage|Mult1|auto_generated|add9_result[8]~16|cin
    Info (332115):      9.826      0.059 FR  CELL  LayerNorm|i_preprocess_stage|Mult1|auto_generated|add9_result[8]~16|cout
    Info (332115):      9.826      0.000 RR    IC  LayerNorm|i_preprocess_stage|Mult1|auto_generated|add9_result[9]~18|cin
    Info (332115):      9.885      0.059 RF  CELL  LayerNorm|i_preprocess_stage|Mult1|auto_generated|add9_result[9]~18|cout
    Info (332115):      9.885      0.000 FF    IC  LayerNorm|i_preprocess_stage|Mult1|auto_generated|add9_result[10]~20|cin
    Info (332115):      9.944      0.059 FR  CELL  LayerNorm|i_preprocess_stage|Mult1|auto_generated|add9_result[10]~20|cout
    Info (332115):      9.944      0.000 RR    IC  LayerNorm|i_preprocess_stage|Mult1|auto_generated|add9_result[11]~22|cin
    Info (332115):     10.003      0.059 RF  CELL  LayerNorm|i_preprocess_stage|Mult1|auto_generated|add9_result[11]~22|cout
    Info (332115):     10.003      0.000 FF    IC  LayerNorm|i_preprocess_stage|Mult1|auto_generated|add9_result[12]~24|cin
    Info (332115):     10.062      0.059 FR  CELL  LayerNorm|i_preprocess_stage|Mult1|auto_generated|add9_result[12]~24|cout
    Info (332115):     10.062      0.000 RR    IC  LayerNorm|i_preprocess_stage|Mult1|auto_generated|add9_result[13]~26|cin
    Info (332115):     10.121      0.059 RF  CELL  LayerNorm|i_preprocess_stage|Mult1|auto_generated|add9_result[13]~26|cout
    Info (332115):     10.121      0.000 FF    IC  LayerNorm|i_preprocess_stage|Mult1|auto_generated|add9_result[14]~28|cin
    Info (332115):     10.180      0.059 FR  CELL  LayerNorm|i_preprocess_stage|Mult1|auto_generated|add9_result[14]~28|cout
    Info (332115):     10.180      0.000 RR    IC  LayerNorm|i_preprocess_stage|Mult1|auto_generated|add9_result[15]~30|cin
    Info (332115):     10.239      0.059 RF  CELL  LayerNorm|i_preprocess_stage|Mult1|auto_generated|add9_result[15]~30|cout
    Info (332115):     10.239      0.000 FF    IC  LayerNorm|i_preprocess_stage|Mult1|auto_generated|add9_result[16]~32|cin
    Info (332115):     10.298      0.059 FR  CELL  LayerNorm|i_preprocess_stage|Mult1|auto_generated|add9_result[16]~32|cout
    Info (332115):     10.298      0.000 RR    IC  LayerNorm|i_preprocess_stage|Mult1|auto_generated|add9_result[17]~34|cin
    Info (332115):     10.357      0.059 RF  CELL  LayerNorm|i_preprocess_stage|Mult1|auto_generated|add9_result[17]~34|cout
    Info (332115):     10.357      0.000 FF    IC  LayerNorm|i_preprocess_stage|Mult1|auto_generated|add9_result[18]~36|cin
    Info (332115):     10.416      0.059 FR  CELL  LayerNorm|i_preprocess_stage|Mult1|auto_generated|add9_result[18]~36|cout
    Info (332115):     10.416      0.000 RR    IC  LayerNorm|i_preprocess_stage|Mult1|auto_generated|add9_result[19]~38|cin
    Info (332115):     10.475      0.059 RF  CELL  LayerNorm|i_preprocess_stage|Mult1|auto_generated|add9_result[19]~38|cout
    Info (332115):     10.475      0.000 FF    IC  LayerNorm|i_preprocess_stage|Mult1|auto_generated|add9_result[20]~40|cin
    Info (332115):     10.534      0.059 FR  CELL  LayerNorm|i_preprocess_stage|Mult1|auto_generated|add9_result[20]~40|cout
    Info (332115):     10.534      0.000 RR    IC  LayerNorm|i_preprocess_stage|Mult1|auto_generated|add9_result[21]~42|cin
    Info (332115):     10.593      0.059 RF  CELL  LayerNorm|i_preprocess_stage|Mult1|auto_generated|add9_result[21]~42|cout
    Info (332115):     10.593      0.000 FF    IC  LayerNorm|i_preprocess_stage|Mult1|auto_generated|add9_result[22]~44|cin
    Info (332115):     10.652      0.059 FR  CELL  LayerNorm|i_preprocess_stage|Mult1|auto_generated|add9_result[22]~44|cout
    Info (332115):     10.652      0.000 RR    IC  LayerNorm|i_preprocess_stage|Mult1|auto_generated|add9_result[23]~46|cin
    Info (332115):     10.711      0.059 RF  CELL  LayerNorm|i_preprocess_stage|Mult1|auto_generated|add9_result[23]~46|cout
    Info (332115):     10.711      0.000 FF    IC  LayerNorm|i_preprocess_stage|Mult1|auto_generated|add9_result[24]~48|cin
    Info (332115):     10.770      0.059 FR  CELL  LayerNorm|i_preprocess_stage|Mult1|auto_generated|add9_result[24]~48|cout
    Info (332115):     10.770      0.000 RR    IC  LayerNorm|i_preprocess_stage|Mult1|auto_generated|add9_result[25]~50|cin
    Info (332115):     11.407      0.637 RR  CELL  LayerNorm|i_preprocess_stage|Mult1|auto_generated|add9_result[25]~50|combout
    Info (332115):     12.167      0.760 RR    IC  LayerNorm|i_preprocess_stage|Mult1|auto_generated|op_1~50|dataa
    Info (332115):     12.673      0.506 RF  CELL  LayerNorm|i_preprocess_stage|Mult1|auto_generated|op_1~50|cout
    Info (332115):     12.673      0.000 FF    IC  LayerNorm|i_preprocess_stage|Mult1|auto_generated|op_1~52|cin
    Info (332115):     12.732      0.059 FR  CELL  LayerNorm|i_preprocess_stage|Mult1|auto_generated|op_1~52|cout
    Info (332115):     12.732      0.000 RR    IC  LayerNorm|i_preprocess_stage|Mult1|auto_generated|op_1~54|cin
    Info (332115):     12.791      0.059 RF  CELL  LayerNorm|i_preprocess_stage|Mult1|auto_generated|op_1~54|cout
    Info (332115):     12.791      0.000 FF    IC  LayerNorm|i_preprocess_stage|Mult1|auto_generated|op_1~56|cin
    Info (332115):     12.850      0.059 FR  CELL  LayerNorm|i_preprocess_stage|Mult1|auto_generated|op_1~56|cout
    Info (332115):     12.850      0.000 RR    IC  LayerNorm|i_preprocess_stage|Mult1|auto_generated|op_1~58|cin
    Info (332115):     13.487      0.637 RR  CELL  LayerNorm|i_preprocess_stage|Mult1|auto_generated|op_1~58|combout
    Info (332115):     14.202      0.715 RR    IC  LayerNorm|i_preprocess_stage|var_hw_raw[15]~30|datab
    Info (332115):     14.726      0.524 RF  CELL  LayerNorm|i_preprocess_stage|var_hw_raw[15]~30|cout
    Info (332115):     14.726      0.000 FF    IC  LayerNorm|i_preprocess_stage|var_hw_raw[16]~32|cin
    Info (332115):     14.785      0.059 FR  CELL  LayerNorm|i_preprocess_stage|var_hw_raw[16]~32|cout
    Info (332115):     14.785      0.000 RR    IC  LayerNorm|i_preprocess_stage|var_hw_raw[17]~34|cin
    Info (332115):     15.422      0.637 RR  CELL  LayerNorm|i_preprocess_stage|var_hw_raw[17]~34|combout
    Info (332115):     16.214      0.792 RR    IC  LayerNorm|i_preprocess_stage|lut_idx_comb[0]~0|dataa
    Info (332115):     16.633      0.419 RF  CELL  LayerNorm|i_preprocess_stage|lut_idx_comb[0]~0|combout
    Info (332115):     16.867      0.234 FF    IC  LayerNorm|i_preprocess_stage|lut_idx_comb[0]~1|datad
    Info (332115):     16.998      0.131 FF  CELL  LayerNorm|i_preprocess_stage|lut_idx_comb[0]~1|combout
    Info (332115):     17.237      0.239 FF    IC  LayerNorm|i_preprocess_stage|lut_idx_comb[0]~2|datad
    Info (332115):     17.368      0.131 FF  CELL  LayerNorm|i_preprocess_stage|lut_idx_comb[0]~2|combout
    Info (332115):     17.604      0.236 FF    IC  LayerNorm|i_preprocess_stage|lut_idx_comb[0]~3|datad
    Info (332115):     17.735      0.131 FF  CELL  LayerNorm|i_preprocess_stage|lut_idx_comb[0]~3|combout
    Info (332115):     17.970      0.235 FF    IC  LayerNorm|i_preprocess_stage|lut_idx_comb[0]~4|datad
    Info (332115):     18.101      0.131 FF  CELL  LayerNorm|i_preprocess_stage|lut_idx_comb[0]~4|combout
    Info (332115):     18.425      0.324 FF    IC  LayerNorm|i_preprocess_stage|lut_idx_comb[1]~6|datad
    Info (332115):     18.586      0.161 FR  CELL  LayerNorm|i_preprocess_stage|lut_idx_comb[1]~6|combout
    Info (332115):     19.046      0.460 RR    IC  LayerNorm|i_preprocess_stage|Add4~2|datab
    Info (332115):     19.570      0.524 RF  CELL  LayerNorm|i_preprocess_stage|Add4~2|cout
    Info (332115):     19.570      0.000 FF    IC  LayerNorm|i_preprocess_stage|Add4~4|cin
    Info (332115):     19.629      0.059 FR  CELL  LayerNorm|i_preprocess_stage|Add4~4|cout
    Info (332115):     19.629      0.000 RR    IC  LayerNorm|i_preprocess_stage|Add4~6|cin
    Info (332115):     19.688      0.059 RF  CELL  LayerNorm|i_preprocess_stage|Add4~6|cout
    Info (332115):     19.688      0.000 FF    IC  LayerNorm|i_preprocess_stage|Add4~8|cin
    Info (332115):     19.747      0.059 FR  CELL  LayerNorm|i_preprocess_stage|Add4~8|cout
    Info (332115):     19.747      0.000 RR    IC  LayerNorm|i_preprocess_stage|Add4~10|cin
    Info (332115):     19.806      0.059 RF  CELL  LayerNorm|i_preprocess_stage|Add4~10|cout
    Info (332115):     19.806      0.000 FF    IC  LayerNorm|i_preprocess_stage|Add4~12|cin
    Info (332115):     19.865      0.059 FR  CELL  LayerNorm|i_preprocess_stage|Add4~12|cout
    Info (332115):     19.865      0.000 RR    IC  LayerNorm|i_preprocess_stage|Add4~14|cin
    Info (332115):     19.924      0.059 RF  CELL  LayerNorm|i_preprocess_stage|Add4~14|cout
    Info (332115):     19.924      0.000 FF    IC  LayerNorm|i_preprocess_stage|Add4~16|cin
    Info (332115):     19.983      0.059 FR  CELL  LayerNorm|i_preprocess_stage|Add4~16|cout
    Info (332115):     19.983      0.000 RR    IC  LayerNorm|i_preprocess_stage|Add4~18|cin
    Info (332115):     20.042      0.059 RF  CELL  LayerNorm|i_preprocess_stage|Add4~18|cout
    Info (332115):     20.042      0.000 FF    IC  LayerNorm|i_preprocess_stage|Add4~20|cin
    Info (332115):     20.101      0.059 FR  CELL  LayerNorm|i_preprocess_stage|Add4~20|cout
    Info (332115):     20.101      0.000 RR    IC  LayerNorm|i_preprocess_stage|Add4~22|cin
    Info (332115):     20.160      0.059 RF  CELL  LayerNorm|i_preprocess_stage|Add4~22|cout
    Info (332115):     20.160      0.000 FF    IC  LayerNorm|i_preprocess_stage|Add4~24|cin
    Info (332115):     20.219      0.059 FR  CELL  LayerNorm|i_preprocess_stage|Add4~24|cout
    Info (332115):     20.219      0.000 RR    IC  LayerNorm|i_preprocess_stage|Add4~26|cin
    Info (332115):     20.856      0.637 RR  CELL  LayerNorm|i_preprocess_stage|Add4~26|combout
    Info (332115):     21.829      0.973 RR    IC  LayerNorm|Selector2~12|datad
    Info (332115):     21.995      0.166 RR  CELL  LayerNorm|Selector2~12|combout
    Info (332115):     22.198      0.203 RR    IC  mem_start_addr~19|datad
    Info (332115):     22.364      0.166 RR  CELL  mem_start_addr~19|combout
    Info (332115):     22.364      0.000 RR    IC  mem_start_addr[14]~reg0|d
    Info (332115):     22.453      0.089 RR  CELL  mem_start_addr[14]~reg0
    Info (332115): Data Required Path:
    Info (332115): Total (ns)  Incr (ns)     Type  Element
    Info (332115): ==========  ========= ==  ====  ===================================
    Info (332115):      1.000      1.000           latch edge time
    Info (332115):      1.000      0.000           source latency
    Info (332115):      1.000      0.000           clk
    Info (332115):      1.000      0.000 RR    IC  clk~input|i
    Info (332115):      1.708      0.708 RR  CELL  clk~input|o
    Info (332115):      2.566      0.858 RR    IC  clk~inputclkctrl|inclk[0]
    Info (332115):      2.566      0.000 RR  CELL  clk~inputclkctrl|outclk
    Info (332115):      4.482      1.916 RR    IC  mem_start_addr[14]~reg0|clk
    Info (332115):      4.957      0.475 RR  CELL  mem_start_addr[14]~reg0
    Info (332115):      5.020      0.063           clock pessimism removed
    Info (332115):      5.000     -0.020           clock uncertainty
    Info (332115):      5.013      0.013     uTsu  mem_start_addr[14]~reg0
    Info (332115): Data Arrival Time  :    22.453
    Info (332115): Data Required Time :     5.013
    Info (332115): Slack              :   -17.440 (VIOLATED)
    Info (332115): ===================================================================
Info (332115): Path #14: Setup slack is -17.440 (VIOLATED)
    Info (332115): ===================================================================
    Info (332115): From Node    : LayerNorm:LayerNorm|ex_ex2_stage:i_ex_ex2_stage|ex2_reg[30]
    Info (332115): To Node      : mem_start_addr[14]~reg0
    Info (332115): Launch Clock : clk
    Info (332115): Latch Clock  : clk
    Info (332115): Data Arrival Path:
    Info (332115): Total (ns)  Incr (ns)     Type  Element
    Info (332115): ==========  ========= ==  ====  ===================================
    Info (332115):      0.000      0.000           launch edge time
    Info (332115):      0.000      0.000           source latency
    Info (332115):      0.000      0.000           clk
    Info (332115):      0.000      0.000 RR    IC  clk~input|i
    Info (332115):      0.708      0.708 RR  CELL  clk~input|o
    Info (332115):      1.602      0.894 RR    IC  clk~inputclkctrl|inclk[0]
    Info (332115):      1.602      0.000 RR  CELL  clk~inputclkctrl|outclk
    Info (332115):      3.488      1.886 RR    IC  LayerNorm|i_preprocess_stage|Mult1|auto_generated|mac_mult5|clk
    Info (332115):      3.873      0.385 RR  CELL  LayerNorm:LayerNorm|ex_ex2_stage:i_ex_ex2_stage|ex2_reg[30]
    Info (332115):      4.186      0.313     uTco  LayerNorm:LayerNorm|ex_ex2_stage:i_ex_ex2_stage|ex2_reg[30]
    Info (332115):      7.754      3.568 RR  CELL  LayerNorm|i_preprocess_stage|Mult1|auto_generated|mac_mult5|dataout[35]
    Info (332115):      7.754      0.000 RR    IC  LayerNorm|i_preprocess_stage|Mult1|auto_generated|mac_out6|dataa[5]
    Info (332115):      7.874      0.120 RR  CELL  LayerNorm|i_preprocess_stage|Mult1|auto_generated|mac_out6|dataout[5]
    Info (332115):      8.889      1.015 RR    IC  LayerNorm|i_preprocess_stage|Mult1|auto_generated|add9_result[1]~2|datab
    Info (332115):      9.413      0.524 RF  CELL  LayerNorm|i_preprocess_stage|Mult1|auto_generated|add9_result[1]~2|cout
    Info (332115):      9.413      0.000 FF    IC  LayerNorm|i_preprocess_stage|Mult1|auto_generated|add9_result[2]~4|cin
    Info (332115):      9.472      0.059 FR  CELL  LayerNorm|i_preprocess_stage|Mult1|auto_generated|add9_result[2]~4|cout
    Info (332115):      9.472      0.000 RR    IC  LayerNorm|i_preprocess_stage|Mult1|auto_generated|add9_result[3]~6|cin
    Info (332115):      9.531      0.059 RF  CELL  LayerNorm|i_preprocess_stage|Mult1|auto_generated|add9_result[3]~6|cout
    Info (332115):      9.531      0.000 FF    IC  LayerNorm|i_preprocess_stage|Mult1|auto_generated|add9_result[4]~8|cin
    Info (332115):      9.590      0.059 FR  CELL  LayerNorm|i_preprocess_stage|Mult1|auto_generated|add9_result[4]~8|cout
    Info (332115):      9.590      0.000 RR    IC  LayerNorm|i_preprocess_stage|Mult1|auto_generated|add9_result[5]~10|cin
    Info (332115):      9.649      0.059 RF  CELL  LayerNorm|i_preprocess_stage|Mult1|auto_generated|add9_result[5]~10|cout
    Info (332115):      9.649      0.000 FF    IC  LayerNorm|i_preprocess_stage|Mult1|auto_generated|add9_result[6]~12|cin
    Info (332115):      9.708      0.059 FR  CELL  LayerNorm|i_preprocess_stage|Mult1|auto_generated|add9_result[6]~12|cout
    Info (332115):      9.708      0.000 RR    IC  LayerNorm|i_preprocess_stage|Mult1|auto_generated|add9_result[7]~14|cin
    Info (332115):      9.767      0.059 RF  CELL  LayerNorm|i_preprocess_stage|Mult1|auto_generated|add9_result[7]~14|cout
    Info (332115):      9.767      0.000 FF    IC  LayerNorm|i_preprocess_stage|Mult1|auto_generated|add9_result[8]~16|cin
    Info (332115):      9.826      0.059 FR  CELL  LayerNorm|i_preprocess_stage|Mult1|auto_generated|add9_result[8]~16|cout
    Info (332115):      9.826      0.000 RR    IC  LayerNorm|i_preprocess_stage|Mult1|auto_generated|add9_result[9]~18|cin
    Info (332115):      9.885      0.059 RF  CELL  LayerNorm|i_preprocess_stage|Mult1|auto_generated|add9_result[9]~18|cout
    Info (332115):      9.885      0.000 FF    IC  LayerNorm|i_preprocess_stage|Mult1|auto_generated|add9_result[10]~20|cin
    Info (332115):      9.944      0.059 FR  CELL  LayerNorm|i_preprocess_stage|Mult1|auto_generated|add9_result[10]~20|cout
    Info (332115):      9.944      0.000 RR    IC  LayerNorm|i_preprocess_stage|Mult1|auto_generated|add9_result[11]~22|cin
    Info (332115):     10.003      0.059 RF  CELL  LayerNorm|i_preprocess_stage|Mult1|auto_generated|add9_result[11]~22|cout
    Info (332115):     10.003      0.000 FF    IC  LayerNorm|i_preprocess_stage|Mult1|auto_generated|add9_result[12]~24|cin
    Info (332115):     10.062      0.059 FR  CELL  LayerNorm|i_preprocess_stage|Mult1|auto_generated|add9_result[12]~24|cout
    Info (332115):     10.062      0.000 RR    IC  LayerNorm|i_preprocess_stage|Mult1|auto_generated|add9_result[13]~26|cin
    Info (332115):     10.121      0.059 RF  CELL  LayerNorm|i_preprocess_stage|Mult1|auto_generated|add9_result[13]~26|cout
    Info (332115):     10.121      0.000 FF    IC  LayerNorm|i_preprocess_stage|Mult1|auto_generated|add9_result[14]~28|cin
    Info (332115):     10.180      0.059 FR  CELL  LayerNorm|i_preprocess_stage|Mult1|auto_generated|add9_result[14]~28|cout
    Info (332115):     10.180      0.000 RR    IC  LayerNorm|i_preprocess_stage|Mult1|auto_generated|add9_result[15]~30|cin
    Info (332115):     10.239      0.059 RF  CELL  LayerNorm|i_preprocess_stage|Mult1|auto_generated|add9_result[15]~30|cout
    Info (332115):     10.239      0.000 FF    IC  LayerNorm|i_preprocess_stage|Mult1|auto_generated|add9_result[16]~32|cin
    Info (332115):     10.298      0.059 FR  CELL  LayerNorm|i_preprocess_stage|Mult1|auto_generated|add9_result[16]~32|cout
    Info (332115):     10.298      0.000 RR    IC  LayerNorm|i_preprocess_stage|Mult1|auto_generated|add9_result[17]~34|cin
    Info (332115):     10.357      0.059 RF  CELL  LayerNorm|i_preprocess_stage|Mult1|auto_generated|add9_result[17]~34|cout
    Info (332115):     10.357      0.000 FF    IC  LayerNorm|i_preprocess_stage|Mult1|auto_generated|add9_result[18]~36|cin
    Info (332115):     10.416      0.059 FR  CELL  LayerNorm|i_preprocess_stage|Mult1|auto_generated|add9_result[18]~36|cout
    Info (332115):     10.416      0.000 RR    IC  LayerNorm|i_preprocess_stage|Mult1|auto_generated|add9_result[19]~38|cin
    Info (332115):     10.475      0.059 RF  CELL  LayerNorm|i_preprocess_stage|Mult1|auto_generated|add9_result[19]~38|cout
    Info (332115):     10.475      0.000 FF    IC  LayerNorm|i_preprocess_stage|Mult1|auto_generated|add9_result[20]~40|cin
    Info (332115):     10.534      0.059 FR  CELL  LayerNorm|i_preprocess_stage|Mult1|auto_generated|add9_result[20]~40|cout
    Info (332115):     10.534      0.000 RR    IC  LayerNorm|i_preprocess_stage|Mult1|auto_generated|add9_result[21]~42|cin
    Info (332115):     10.593      0.059 RF  CELL  LayerNorm|i_preprocess_stage|Mult1|auto_generated|add9_result[21]~42|cout
    Info (332115):     10.593      0.000 FF    IC  LayerNorm|i_preprocess_stage|Mult1|auto_generated|add9_result[22]~44|cin
    Info (332115):     10.652      0.059 FR  CELL  LayerNorm|i_preprocess_stage|Mult1|auto_generated|add9_result[22]~44|cout
    Info (332115):     10.652      0.000 RR    IC  LayerNorm|i_preprocess_stage|Mult1|auto_generated|add9_result[23]~46|cin
    Info (332115):     10.711      0.059 RF  CELL  LayerNorm|i_preprocess_stage|Mult1|auto_generated|add9_result[23]~46|cout
    Info (332115):     10.711      0.000 FF    IC  LayerNorm|i_preprocess_stage|Mult1|auto_generated|add9_result[24]~48|cin
    Info (332115):     10.770      0.059 FR  CELL  LayerNorm|i_preprocess_stage|Mult1|auto_generated|add9_result[24]~48|cout
    Info (332115):     10.770      0.000 RR    IC  LayerNorm|i_preprocess_stage|Mult1|auto_generated|add9_result[25]~50|cin
    Info (332115):     11.407      0.637 RR  CELL  LayerNorm|i_preprocess_stage|Mult1|auto_generated|add9_result[25]~50|combout
    Info (332115):     12.167      0.760 RR    IC  LayerNorm|i_preprocess_stage|Mult1|auto_generated|op_1~50|dataa
    Info (332115):     12.673      0.506 RF  CELL  LayerNorm|i_preprocess_stage|Mult1|auto_generated|op_1~50|cout
    Info (332115):     12.673      0.000 FF    IC  LayerNorm|i_preprocess_stage|Mult1|auto_generated|op_1~52|cin
    Info (332115):     12.732      0.059 FR  CELL  LayerNorm|i_preprocess_stage|Mult1|auto_generated|op_1~52|cout
    Info (332115):     12.732      0.000 RR    IC  LayerNorm|i_preprocess_stage|Mult1|auto_generated|op_1~54|cin
    Info (332115):     12.791      0.059 RF  CELL  LayerNorm|i_preprocess_stage|Mult1|auto_generated|op_1~54|cout
    Info (332115):     12.791      0.000 FF    IC  LayerNorm|i_preprocess_stage|Mult1|auto_generated|op_1~56|cin
    Info (332115):     12.850      0.059 FR  CELL  LayerNorm|i_preprocess_stage|Mult1|auto_generated|op_1~56|cout
    Info (332115):     12.850      0.000 RR    IC  LayerNorm|i_preprocess_stage|Mult1|auto_generated|op_1~58|cin
    Info (332115):     13.487      0.637 RR  CELL  LayerNorm|i_preprocess_stage|Mult1|auto_generated|op_1~58|combout
    Info (332115):     14.202      0.715 RR    IC  LayerNorm|i_preprocess_stage|var_hw_raw[15]~30|datab
    Info (332115):     14.726      0.524 RF  CELL  LayerNorm|i_preprocess_stage|var_hw_raw[15]~30|cout
    Info (332115):     14.726      0.000 FF    IC  LayerNorm|i_preprocess_stage|var_hw_raw[16]~32|cin
    Info (332115):     14.785      0.059 FR  CELL  LayerNorm|i_preprocess_stage|var_hw_raw[16]~32|cout
    Info (332115):     14.785      0.000 RR    IC  LayerNorm|i_preprocess_stage|var_hw_raw[17]~34|cin
    Info (332115):     15.422      0.637 RR  CELL  LayerNorm|i_preprocess_stage|var_hw_raw[17]~34|combout
    Info (332115):     16.214      0.792 RR    IC  LayerNorm|i_preprocess_stage|lut_idx_comb[0]~0|dataa
    Info (332115):     16.633      0.419 RF  CELL  LayerNorm|i_preprocess_stage|lut_idx_comb[0]~0|combout
    Info (332115):     16.867      0.234 FF    IC  LayerNorm|i_preprocess_stage|lut_idx_comb[0]~1|datad
    Info (332115):     16.998      0.131 FF  CELL  LayerNorm|i_preprocess_stage|lut_idx_comb[0]~1|combout
    Info (332115):     17.237      0.239 FF    IC  LayerNorm|i_preprocess_stage|lut_idx_comb[0]~2|datad
    Info (332115):     17.368      0.131 FF  CELL  LayerNorm|i_preprocess_stage|lut_idx_comb[0]~2|combout
    Info (332115):     17.604      0.236 FF    IC  LayerNorm|i_preprocess_stage|lut_idx_comb[0]~3|datad
    Info (332115):     17.735      0.131 FF  CELL  LayerNorm|i_preprocess_stage|lut_idx_comb[0]~3|combout
    Info (332115):     17.970      0.235 FF    IC  LayerNorm|i_preprocess_stage|lut_idx_comb[0]~4|datad
    Info (332115):     18.101      0.131 FF  CELL  LayerNorm|i_preprocess_stage|lut_idx_comb[0]~4|combout
    Info (332115):     18.425      0.324 FF    IC  LayerNorm|i_preprocess_stage|lut_idx_comb[1]~6|datad
    Info (332115):     18.586      0.161 FR  CELL  LayerNorm|i_preprocess_stage|lut_idx_comb[1]~6|combout
    Info (332115):     19.046      0.460 RR    IC  LayerNorm|i_preprocess_stage|Add4~2|datab
    Info (332115):     19.570      0.524 RF  CELL  LayerNorm|i_preprocess_stage|Add4~2|cout
    Info (332115):     19.570      0.000 FF    IC  LayerNorm|i_preprocess_stage|Add4~4|cin
    Info (332115):     19.629      0.059 FR  CELL  LayerNorm|i_preprocess_stage|Add4~4|cout
    Info (332115):     19.629      0.000 RR    IC  LayerNorm|i_preprocess_stage|Add4~6|cin
    Info (332115):     19.688      0.059 RF  CELL  LayerNorm|i_preprocess_stage|Add4~6|cout
    Info (332115):     19.688      0.000 FF    IC  LayerNorm|i_preprocess_stage|Add4~8|cin
    Info (332115):     19.747      0.059 FR  CELL  LayerNorm|i_preprocess_stage|Add4~8|cout
    Info (332115):     19.747      0.000 RR    IC  LayerNorm|i_preprocess_stage|Add4~10|cin
    Info (332115):     19.806      0.059 RF  CELL  LayerNorm|i_preprocess_stage|Add4~10|cout
    Info (332115):     19.806      0.000 FF    IC  LayerNorm|i_preprocess_stage|Add4~12|cin
    Info (332115):     19.865      0.059 FR  CELL  LayerNorm|i_preprocess_stage|Add4~12|cout
    Info (332115):     19.865      0.000 RR    IC  LayerNorm|i_preprocess_stage|Add4~14|cin
    Info (332115):     19.924      0.059 RF  CELL  LayerNorm|i_preprocess_stage|Add4~14|cout
    Info (332115):     19.924      0.000 FF    IC  LayerNorm|i_preprocess_stage|Add4~16|cin
    Info (332115):     19.983      0.059 FR  CELL  LayerNorm|i_preprocess_stage|Add4~16|cout
    Info (332115):     19.983      0.000 RR    IC  LayerNorm|i_preprocess_stage|Add4~18|cin
    Info (332115):     20.042      0.059 RF  CELL  LayerNorm|i_preprocess_stage|Add4~18|cout
    Info (332115):     20.042      0.000 FF    IC  LayerNorm|i_preprocess_stage|Add4~20|cin
    Info (332115):     20.101      0.059 FR  CELL  LayerNorm|i_preprocess_stage|Add4~20|cout
    Info (332115):     20.101      0.000 RR    IC  LayerNorm|i_preprocess_stage|Add4~22|cin
    Info (332115):     20.160      0.059 RF  CELL  LayerNorm|i_preprocess_stage|Add4~22|cout
    Info (332115):     20.160      0.000 FF    IC  LayerNorm|i_preprocess_stage|Add4~24|cin
    Info (332115):     20.219      0.059 FR  CELL  LayerNorm|i_preprocess_stage|Add4~24|cout
    Info (332115):     20.219      0.000 RR    IC  LayerNorm|i_preprocess_stage|Add4~26|cin
    Info (332115):     20.856      0.637 RR  CELL  LayerNorm|i_preprocess_stage|Add4~26|combout
    Info (332115):     21.829      0.973 RR    IC  LayerNorm|Selector2~12|datad
    Info (332115):     21.995      0.166 RR  CELL  LayerNorm|Selector2~12|combout
    Info (332115):     22.198      0.203 RR    IC  mem_start_addr~19|datad
    Info (332115):     22.364      0.166 RR  CELL  mem_start_addr~19|combout
    Info (332115):     22.364      0.000 RR    IC  mem_start_addr[14]~reg0|d
    Info (332115):     22.453      0.089 RR  CELL  mem_start_addr[14]~reg0
    Info (332115): Data Required Path:
    Info (332115): Total (ns)  Incr (ns)     Type  Element
    Info (332115): ==========  ========= ==  ====  ===================================
    Info (332115):      1.000      1.000           latch edge time
    Info (332115):      1.000      0.000           source latency
    Info (332115):      1.000      0.000           clk
    Info (332115):      1.000      0.000 RR    IC  clk~input|i
    Info (332115):      1.708      0.708 RR  CELL  clk~input|o
    Info (332115):      2.566      0.858 RR    IC  clk~inputclkctrl|inclk[0]
    Info (332115):      2.566      0.000 RR  CELL  clk~inputclkctrl|outclk
    Info (332115):      4.482      1.916 RR    IC  mem_start_addr[14]~reg0|clk
    Info (332115):      4.957      0.475 RR  CELL  mem_start_addr[14]~reg0
    Info (332115):      5.020      0.063           clock pessimism removed
    Info (332115):      5.000     -0.020           clock uncertainty
    Info (332115):      5.013      0.013     uTsu  mem_start_addr[14]~reg0
    Info (332115): Data Arrival Time  :    22.453
    Info (332115): Data Required Time :     5.013
    Info (332115): Slack              :   -17.440 (VIOLATED)
    Info (332115): ===================================================================
Info (332115): Path #15: Setup slack is -17.440 (VIOLATED)
    Info (332115): ===================================================================
    Info (332115): From Node    : LayerNorm:LayerNorm|ex_ex2_stage:i_ex_ex2_stage|ex2_reg[31]
    Info (332115): To Node      : mem_start_addr[14]~reg0
    Info (332115): Launch Clock : clk
    Info (332115): Latch Clock  : clk
    Info (332115): Data Arrival Path:
    Info (332115): Total (ns)  Incr (ns)     Type  Element
    Info (332115): ==========  ========= ==  ====  ===================================
    Info (332115):      0.000      0.000           launch edge time
    Info (332115):      0.000      0.000           source latency
    Info (332115):      0.000      0.000           clk
    Info (332115):      0.000      0.000 RR    IC  clk~input|i
    Info (332115):      0.708      0.708 RR  CELL  clk~input|o
    Info (332115):      1.602      0.894 RR    IC  clk~inputclkctrl|inclk[0]
    Info (332115):      1.602      0.000 RR  CELL  clk~inputclkctrl|outclk
    Info (332115):      3.488      1.886 RR    IC  LayerNorm|i_preprocess_stage|Mult1|auto_generated|mac_mult5|clk
    Info (332115):      3.873      0.385 RR  CELL  LayerNorm:LayerNorm|ex_ex2_stage:i_ex_ex2_stage|ex2_reg[31]
    Info (332115):      4.186      0.313     uTco  LayerNorm:LayerNorm|ex_ex2_stage:i_ex_ex2_stage|ex2_reg[31]
    Info (332115):      7.754      3.568 RR  CELL  LayerNorm|i_preprocess_stage|Mult1|auto_generated|mac_mult5|dataout[35]
    Info (332115):      7.754      0.000 RR    IC  LayerNorm|i_preprocess_stage|Mult1|auto_generated|mac_out6|dataa[5]
    Info (332115):      7.874      0.120 RR  CELL  LayerNorm|i_preprocess_stage|Mult1|auto_generated|mac_out6|dataout[5]
    Info (332115):      8.889      1.015 RR    IC  LayerNorm|i_preprocess_stage|Mult1|auto_generated|add9_result[1]~2|datab
    Info (332115):      9.413      0.524 RF  CELL  LayerNorm|i_preprocess_stage|Mult1|auto_generated|add9_result[1]~2|cout
    Info (332115):      9.413      0.000 FF    IC  LayerNorm|i_preprocess_stage|Mult1|auto_generated|add9_result[2]~4|cin
    Info (332115):      9.472      0.059 FR  CELL  LayerNorm|i_preprocess_stage|Mult1|auto_generated|add9_result[2]~4|cout
    Info (332115):      9.472      0.000 RR    IC  LayerNorm|i_preprocess_stage|Mult1|auto_generated|add9_result[3]~6|cin
    Info (332115):      9.531      0.059 RF  CELL  LayerNorm|i_preprocess_stage|Mult1|auto_generated|add9_result[3]~6|cout
    Info (332115):      9.531      0.000 FF    IC  LayerNorm|i_preprocess_stage|Mult1|auto_generated|add9_result[4]~8|cin
    Info (332115):      9.590      0.059 FR  CELL  LayerNorm|i_preprocess_stage|Mult1|auto_generated|add9_result[4]~8|cout
    Info (332115):      9.590      0.000 RR    IC  LayerNorm|i_preprocess_stage|Mult1|auto_generated|add9_result[5]~10|cin
    Info (332115):      9.649      0.059 RF  CELL  LayerNorm|i_preprocess_stage|Mult1|auto_generated|add9_result[5]~10|cout
    Info (332115):      9.649      0.000 FF    IC  LayerNorm|i_preprocess_stage|Mult1|auto_generated|add9_result[6]~12|cin
    Info (332115):      9.708      0.059 FR  CELL  LayerNorm|i_preprocess_stage|Mult1|auto_generated|add9_result[6]~12|cout
    Info (332115):      9.708      0.000 RR    IC  LayerNorm|i_preprocess_stage|Mult1|auto_generated|add9_result[7]~14|cin
    Info (332115):      9.767      0.059 RF  CELL  LayerNorm|i_preprocess_stage|Mult1|auto_generated|add9_result[7]~14|cout
    Info (332115):      9.767      0.000 FF    IC  LayerNorm|i_preprocess_stage|Mult1|auto_generated|add9_result[8]~16|cin
    Info (332115):      9.826      0.059 FR  CELL  LayerNorm|i_preprocess_stage|Mult1|auto_generated|add9_result[8]~16|cout
    Info (332115):      9.826      0.000 RR    IC  LayerNorm|i_preprocess_stage|Mult1|auto_generated|add9_result[9]~18|cin
    Info (332115):      9.885      0.059 RF  CELL  LayerNorm|i_preprocess_stage|Mult1|auto_generated|add9_result[9]~18|cout
    Info (332115):      9.885      0.000 FF    IC  LayerNorm|i_preprocess_stage|Mult1|auto_generated|add9_result[10]~20|cin
    Info (332115):      9.944      0.059 FR  CELL  LayerNorm|i_preprocess_stage|Mult1|auto_generated|add9_result[10]~20|cout
    Info (332115):      9.944      0.000 RR    IC  LayerNorm|i_preprocess_stage|Mult1|auto_generated|add9_result[11]~22|cin
    Info (332115):     10.003      0.059 RF  CELL  LayerNorm|i_preprocess_stage|Mult1|auto_generated|add9_result[11]~22|cout
    Info (332115):     10.003      0.000 FF    IC  LayerNorm|i_preprocess_stage|Mult1|auto_generated|add9_result[12]~24|cin
    Info (332115):     10.062      0.059 FR  CELL  LayerNorm|i_preprocess_stage|Mult1|auto_generated|add9_result[12]~24|cout
    Info (332115):     10.062      0.000 RR    IC  LayerNorm|i_preprocess_stage|Mult1|auto_generated|add9_result[13]~26|cin
    Info (332115):     10.121      0.059 RF  CELL  LayerNorm|i_preprocess_stage|Mult1|auto_generated|add9_result[13]~26|cout
    Info (332115):     10.121      0.000 FF    IC  LayerNorm|i_preprocess_stage|Mult1|auto_generated|add9_result[14]~28|cin
    Info (332115):     10.180      0.059 FR  CELL  LayerNorm|i_preprocess_stage|Mult1|auto_generated|add9_result[14]~28|cout
    Info (332115):     10.180      0.000 RR    IC  LayerNorm|i_preprocess_stage|Mult1|auto_generated|add9_result[15]~30|cin
    Info (332115):     10.239      0.059 RF  CELL  LayerNorm|i_preprocess_stage|Mult1|auto_generated|add9_result[15]~30|cout
    Info (332115):     10.239      0.000 FF    IC  LayerNorm|i_preprocess_stage|Mult1|auto_generated|add9_result[16]~32|cin
    Info (332115):     10.298      0.059 FR  CELL  LayerNorm|i_preprocess_stage|Mult1|auto_generated|add9_result[16]~32|cout
    Info (332115):     10.298      0.000 RR    IC  LayerNorm|i_preprocess_stage|Mult1|auto_generated|add9_result[17]~34|cin
    Info (332115):     10.357      0.059 RF  CELL  LayerNorm|i_preprocess_stage|Mult1|auto_generated|add9_result[17]~34|cout
    Info (332115):     10.357      0.000 FF    IC  LayerNorm|i_preprocess_stage|Mult1|auto_generated|add9_result[18]~36|cin
    Info (332115):     10.416      0.059 FR  CELL  LayerNorm|i_preprocess_stage|Mult1|auto_generated|add9_result[18]~36|cout
    Info (332115):     10.416      0.000 RR    IC  LayerNorm|i_preprocess_stage|Mult1|auto_generated|add9_result[19]~38|cin
    Info (332115):     10.475      0.059 RF  CELL  LayerNorm|i_preprocess_stage|Mult1|auto_generated|add9_result[19]~38|cout
    Info (332115):     10.475      0.000 FF    IC  LayerNorm|i_preprocess_stage|Mult1|auto_generated|add9_result[20]~40|cin
    Info (332115):     10.534      0.059 FR  CELL  LayerNorm|i_preprocess_stage|Mult1|auto_generated|add9_result[20]~40|cout
    Info (332115):     10.534      0.000 RR    IC  LayerNorm|i_preprocess_stage|Mult1|auto_generated|add9_result[21]~42|cin
    Info (332115):     10.593      0.059 RF  CELL  LayerNorm|i_preprocess_stage|Mult1|auto_generated|add9_result[21]~42|cout
    Info (332115):     10.593      0.000 FF    IC  LayerNorm|i_preprocess_stage|Mult1|auto_generated|add9_result[22]~44|cin
    Info (332115):     10.652      0.059 FR  CELL  LayerNorm|i_preprocess_stage|Mult1|auto_generated|add9_result[22]~44|cout
    Info (332115):     10.652      0.000 RR    IC  LayerNorm|i_preprocess_stage|Mult1|auto_generated|add9_result[23]~46|cin
    Info (332115):     10.711      0.059 RF  CELL  LayerNorm|i_preprocess_stage|Mult1|auto_generated|add9_result[23]~46|cout
    Info (332115):     10.711      0.000 FF    IC  LayerNorm|i_preprocess_stage|Mult1|auto_generated|add9_result[24]~48|cin
    Info (332115):     10.770      0.059 FR  CELL  LayerNorm|i_preprocess_stage|Mult1|auto_generated|add9_result[24]~48|cout
    Info (332115):     10.770      0.000 RR    IC  LayerNorm|i_preprocess_stage|Mult1|auto_generated|add9_result[25]~50|cin
    Info (332115):     11.407      0.637 RR  CELL  LayerNorm|i_preprocess_stage|Mult1|auto_generated|add9_result[25]~50|combout
    Info (332115):     12.167      0.760 RR    IC  LayerNorm|i_preprocess_stage|Mult1|auto_generated|op_1~50|dataa
    Info (332115):     12.673      0.506 RF  CELL  LayerNorm|i_preprocess_stage|Mult1|auto_generated|op_1~50|cout
    Info (332115):     12.673      0.000 FF    IC  LayerNorm|i_preprocess_stage|Mult1|auto_generated|op_1~52|cin
    Info (332115):     12.732      0.059 FR  CELL  LayerNorm|i_preprocess_stage|Mult1|auto_generated|op_1~52|cout
    Info (332115):     12.732      0.000 RR    IC  LayerNorm|i_preprocess_stage|Mult1|auto_generated|op_1~54|cin
    Info (332115):     12.791      0.059 RF  CELL  LayerNorm|i_preprocess_stage|Mult1|auto_generated|op_1~54|cout
    Info (332115):     12.791      0.000 FF    IC  LayerNorm|i_preprocess_stage|Mult1|auto_generated|op_1~56|cin
    Info (332115):     12.850      0.059 FR  CELL  LayerNorm|i_preprocess_stage|Mult1|auto_generated|op_1~56|cout
    Info (332115):     12.850      0.000 RR    IC  LayerNorm|i_preprocess_stage|Mult1|auto_generated|op_1~58|cin
    Info (332115):     13.487      0.637 RR  CELL  LayerNorm|i_preprocess_stage|Mult1|auto_generated|op_1~58|combout
    Info (332115):     14.202      0.715 RR    IC  LayerNorm|i_preprocess_stage|var_hw_raw[15]~30|datab
    Info (332115):     14.726      0.524 RF  CELL  LayerNorm|i_preprocess_stage|var_hw_raw[15]~30|cout
    Info (332115):     14.726      0.000 FF    IC  LayerNorm|i_preprocess_stage|var_hw_raw[16]~32|cin
    Info (332115):     14.785      0.059 FR  CELL  LayerNorm|i_preprocess_stage|var_hw_raw[16]~32|cout
    Info (332115):     14.785      0.000 RR    IC  LayerNorm|i_preprocess_stage|var_hw_raw[17]~34|cin
    Info (332115):     15.422      0.637 RR  CELL  LayerNorm|i_preprocess_stage|var_hw_raw[17]~34|combout
    Info (332115):     16.214      0.792 RR    IC  LayerNorm|i_preprocess_stage|lut_idx_comb[0]~0|dataa
    Info (332115):     16.633      0.419 RF  CELL  LayerNorm|i_preprocess_stage|lut_idx_comb[0]~0|combout
    Info (332115):     16.867      0.234 FF    IC  LayerNorm|i_preprocess_stage|lut_idx_comb[0]~1|datad
    Info (332115):     16.998      0.131 FF  CELL  LayerNorm|i_preprocess_stage|lut_idx_comb[0]~1|combout
    Info (332115):     17.237      0.239 FF    IC  LayerNorm|i_preprocess_stage|lut_idx_comb[0]~2|datad
    Info (332115):     17.368      0.131 FF  CELL  LayerNorm|i_preprocess_stage|lut_idx_comb[0]~2|combout
    Info (332115):     17.604      0.236 FF    IC  LayerNorm|i_preprocess_stage|lut_idx_comb[0]~3|datad
    Info (332115):     17.735      0.131 FF  CELL  LayerNorm|i_preprocess_stage|lut_idx_comb[0]~3|combout
    Info (332115):     17.970      0.235 FF    IC  LayerNorm|i_preprocess_stage|lut_idx_comb[0]~4|datad
    Info (332115):     18.101      0.131 FF  CELL  LayerNorm|i_preprocess_stage|lut_idx_comb[0]~4|combout
    Info (332115):     18.425      0.324 FF    IC  LayerNorm|i_preprocess_stage|lut_idx_comb[1]~6|datad
    Info (332115):     18.586      0.161 FR  CELL  LayerNorm|i_preprocess_stage|lut_idx_comb[1]~6|combout
    Info (332115):     19.046      0.460 RR    IC  LayerNorm|i_preprocess_stage|Add4~2|datab
    Info (332115):     19.570      0.524 RF  CELL  LayerNorm|i_preprocess_stage|Add4~2|cout
    Info (332115):     19.570      0.000 FF    IC  LayerNorm|i_preprocess_stage|Add4~4|cin
    Info (332115):     19.629      0.059 FR  CELL  LayerNorm|i_preprocess_stage|Add4~4|cout
    Info (332115):     19.629      0.000 RR    IC  LayerNorm|i_preprocess_stage|Add4~6|cin
    Info (332115):     19.688      0.059 RF  CELL  LayerNorm|i_preprocess_stage|Add4~6|cout
    Info (332115):     19.688      0.000 FF    IC  LayerNorm|i_preprocess_stage|Add4~8|cin
    Info (332115):     19.747      0.059 FR  CELL  LayerNorm|i_preprocess_stage|Add4~8|cout
    Info (332115):     19.747      0.000 RR    IC  LayerNorm|i_preprocess_stage|Add4~10|cin
    Info (332115):     19.806      0.059 RF  CELL  LayerNorm|i_preprocess_stage|Add4~10|cout
    Info (332115):     19.806      0.000 FF    IC  LayerNorm|i_preprocess_stage|Add4~12|cin
    Info (332115):     19.865      0.059 FR  CELL  LayerNorm|i_preprocess_stage|Add4~12|cout
    Info (332115):     19.865      0.000 RR    IC  LayerNorm|i_preprocess_stage|Add4~14|cin
    Info (332115):     19.924      0.059 RF  CELL  LayerNorm|i_preprocess_stage|Add4~14|cout
    Info (332115):     19.924      0.000 FF    IC  LayerNorm|i_preprocess_stage|Add4~16|cin
    Info (332115):     19.983      0.059 FR  CELL  LayerNorm|i_preprocess_stage|Add4~16|cout
    Info (332115):     19.983      0.000 RR    IC  LayerNorm|i_preprocess_stage|Add4~18|cin
    Info (332115):     20.042      0.059 RF  CELL  LayerNorm|i_preprocess_stage|Add4~18|cout
    Info (332115):     20.042      0.000 FF    IC  LayerNorm|i_preprocess_stage|Add4~20|cin
    Info (332115):     20.101      0.059 FR  CELL  LayerNorm|i_preprocess_stage|Add4~20|cout
    Info (332115):     20.101      0.000 RR    IC  LayerNorm|i_preprocess_stage|Add4~22|cin
    Info (332115):     20.160      0.059 RF  CELL  LayerNorm|i_preprocess_stage|Add4~22|cout
    Info (332115):     20.160      0.000 FF    IC  LayerNorm|i_preprocess_stage|Add4~24|cin
    Info (332115):     20.219      0.059 FR  CELL  LayerNorm|i_preprocess_stage|Add4~24|cout
    Info (332115):     20.219      0.000 RR    IC  LayerNorm|i_preprocess_stage|Add4~26|cin
    Info (332115):     20.856      0.637 RR  CELL  LayerNorm|i_preprocess_stage|Add4~26|combout
    Info (332115):     21.829      0.973 RR    IC  LayerNorm|Selector2~12|datad
    Info (332115):     21.995      0.166 RR  CELL  LayerNorm|Selector2~12|combout
    Info (332115):     22.198      0.203 RR    IC  mem_start_addr~19|datad
    Info (332115):     22.364      0.166 RR  CELL  mem_start_addr~19|combout
    Info (332115):     22.364      0.000 RR    IC  mem_start_addr[14]~reg0|d
    Info (332115):     22.453      0.089 RR  CELL  mem_start_addr[14]~reg0
    Info (332115): Data Required Path:
    Info (332115): Total (ns)  Incr (ns)     Type  Element
    Info (332115): ==========  ========= ==  ====  ===================================
    Info (332115):      1.000      1.000           latch edge time
    Info (332115):      1.000      0.000           source latency
    Info (332115):      1.000      0.000           clk
    Info (332115):      1.000      0.000 RR    IC  clk~input|i
    Info (332115):      1.708      0.708 RR  CELL  clk~input|o
    Info (332115):      2.566      0.858 RR    IC  clk~inputclkctrl|inclk[0]
    Info (332115):      2.566      0.000 RR  CELL  clk~inputclkctrl|outclk
    Info (332115):      4.482      1.916 RR    IC  mem_start_addr[14]~reg0|clk
    Info (332115):      4.957      0.475 RR  CELL  mem_start_addr[14]~reg0
    Info (332115):      5.020      0.063           clock pessimism removed
    Info (332115):      5.000     -0.020           clock uncertainty
    Info (332115):      5.013      0.013     uTsu  mem_start_addr[14]~reg0
    Info (332115): Data Arrival Time  :    22.453
    Info (332115): Data Required Time :     5.013
    Info (332115): Slack              :   -17.440 (VIOLATED)
    Info (332115): ===================================================================
Info (332115): Path #16: Setup slack is -17.424 (VIOLATED)
    Info (332115): ===================================================================
    Info (332115): From Node    : LayerNorm:LayerNorm|ex_ex2_stage:i_ex_ex2_stage|ex2_reg[18]
    Info (332115): To Node      : mem_start_addr[14]~reg0
    Info (332115): Launch Clock : clk
    Info (332115): Latch Clock  : clk
    Info (332115): Data Arrival Path:
    Info (332115): Total (ns)  Incr (ns)     Type  Element
    Info (332115): ==========  ========= ==  ====  ===================================
    Info (332115):      0.000      0.000           launch edge time
    Info (332115):      0.000      0.000           source latency
    Info (332115):      0.000      0.000           clk
    Info (332115):      0.000      0.000 RR    IC  clk~input|i
    Info (332115):      0.708      0.708 RR  CELL  clk~input|o
    Info (332115):      1.602      0.894 RR    IC  clk~inputclkctrl|inclk[0]
    Info (332115):      1.602      0.000 RR  CELL  clk~inputclkctrl|outclk
    Info (332115):      3.488      1.886 RR    IC  LayerNorm|i_preprocess_stage|Mult1|auto_generated|mac_mult5|clk
    Info (332115):      3.873      0.385 RR  CELL  LayerNorm:LayerNorm|ex_ex2_stage:i_ex_ex2_stage|ex2_reg[18]
    Info (332115):      4.186      0.313     uTco  LayerNorm:LayerNorm|ex_ex2_stage:i_ex_ex2_stage|ex2_reg[18]
    Info (332115):      7.754      3.568 RR  CELL  LayerNorm|i_preprocess_stage|Mult1|auto_generated|mac_mult5|dataout[35]
    Info (332115):      7.754      0.000 RR    IC  LayerNorm|i_preprocess_stage|Mult1|auto_generated|mac_out6|dataa[5]
    Info (332115):      7.874      0.120 RR  CELL  LayerNorm|i_preprocess_stage|Mult1|auto_generated|mac_out6|dataout[5]
    Info (332115):      8.889      1.015 RR    IC  LayerNorm|i_preprocess_stage|Mult1|auto_generated|add9_result[1]~2|datab
    Info (332115):      9.413      0.524 RF  CELL  LayerNorm|i_preprocess_stage|Mult1|auto_generated|add9_result[1]~2|cout
    Info (332115):      9.413      0.000 FF    IC  LayerNorm|i_preprocess_stage|Mult1|auto_generated|add9_result[2]~4|cin
    Info (332115):      9.472      0.059 FR  CELL  LayerNorm|i_preprocess_stage|Mult1|auto_generated|add9_result[2]~4|cout
    Info (332115):      9.472      0.000 RR    IC  LayerNorm|i_preprocess_stage|Mult1|auto_generated|add9_result[3]~6|cin
    Info (332115):      9.531      0.059 RF  CELL  LayerNorm|i_preprocess_stage|Mult1|auto_generated|add9_result[3]~6|cout
    Info (332115):      9.531      0.000 FF    IC  LayerNorm|i_preprocess_stage|Mult1|auto_generated|add9_result[4]~8|cin
    Info (332115):      9.590      0.059 FR  CELL  LayerNorm|i_preprocess_stage|Mult1|auto_generated|add9_result[4]~8|cout
    Info (332115):      9.590      0.000 RR    IC  LayerNorm|i_preprocess_stage|Mult1|auto_generated|add9_result[5]~10|cin
    Info (332115):     10.227      0.637 RR  CELL  LayerNorm|i_preprocess_stage|Mult1|auto_generated|add9_result[5]~10|combout
    Info (332115):     10.971      0.744 RR    IC  LayerNorm|i_preprocess_stage|Mult1|auto_generated|op_1~11|dataa
    Info (332115):     11.477      0.506 RF  CELL  LayerNorm|i_preprocess_stage|Mult1|auto_generated|op_1~11|cout
    Info (332115):     11.477      0.000 FF    IC  LayerNorm|i_preprocess_stage|Mult1|auto_generated|op_1~13|cin
    Info (332115):     11.536      0.059 FR  CELL  LayerNorm|i_preprocess_stage|Mult1|auto_generated|op_1~13|cout
    Info (332115):     11.536      0.000 RR    IC  LayerNorm|i_preprocess_stage|Mult1|auto_generated|op_1~15|cin
    Info (332115):     11.595      0.059 RF  CELL  LayerNorm|i_preprocess_stage|Mult1|auto_generated|op_1~15|cout
    Info (332115):     11.595      0.000 FF    IC  LayerNorm|i_preprocess_stage|Mult1|auto_generated|op_1~17|cin
    Info (332115):     11.654      0.059 FR  CELL  LayerNorm|i_preprocess_stage|Mult1|auto_generated|op_1~17|cout
    Info (332115):     11.654      0.000 RR    IC  LayerNorm|i_preprocess_stage|Mult1|auto_generated|op_1~19|cin
    Info (332115):     11.713      0.059 RF  CELL  LayerNorm|i_preprocess_stage|Mult1|auto_generated|op_1~19|cout
    Info (332115):     11.713      0.000 FF    IC  LayerNorm|i_preprocess_stage|Mult1|auto_generated|op_1~21|cin
    Info (332115):     11.772      0.059 FR  CELL  LayerNorm|i_preprocess_stage|Mult1|auto_generated|op_1~21|cout
    Info (332115):     11.772      0.000 RR    IC  LayerNorm|i_preprocess_stage|Mult1|auto_generated|op_1~23|cin
    Info (332115):     11.831      0.059 RF  CELL  LayerNorm|i_preprocess_stage|Mult1|auto_generated|op_1~23|cout
    Info (332115):     11.831      0.000 FF    IC  LayerNorm|i_preprocess_stage|Mult1|auto_generated|op_1~25|cin
    Info (332115):     11.890      0.059 FR  CELL  LayerNorm|i_preprocess_stage|Mult1|auto_generated|op_1~25|cout
    Info (332115):     11.890      0.000 RR    IC  LayerNorm|i_preprocess_stage|Mult1|auto_generated|op_1~27|cin
    Info (332115):     11.949      0.059 RF  CELL  LayerNorm|i_preprocess_stage|Mult1|auto_generated|op_1~27|cout
    Info (332115):     11.949      0.000 FF    IC  LayerNorm|i_preprocess_stage|Mult1|auto_generated|op_1~28|cin
    Info (332115):     12.008      0.059 FR  CELL  LayerNorm|i_preprocess_stage|Mult1|auto_generated|op_1~28|cout
    Info (332115):     12.008      0.000 RR    IC  LayerNorm|i_preprocess_stage|Mult1|auto_generated|op_1~30|cin
    Info (332115):     12.067      0.059 RF  CELL  LayerNorm|i_preprocess_stage|Mult1|auto_generated|op_1~30|cout
    Info (332115):     12.067      0.000 FF    IC  LayerNorm|i_preprocess_stage|Mult1|auto_generated|op_1~32|cin
    Info (332115):     12.126      0.059 FR  CELL  LayerNorm|i_preprocess_stage|Mult1|auto_generated|op_1~32|cout
    Info (332115):     12.126      0.000 RR    IC  LayerNorm|i_preprocess_stage|Mult1|auto_generated|op_1~34|cin
    Info (332115):     12.185      0.059 RF  CELL  LayerNorm|i_preprocess_stage|Mult1|auto_generated|op_1~34|cout
    Info (332115):     12.185      0.000 FF    IC  LayerNorm|i_preprocess_stage|Mult1|auto_generated|op_1~36|cin
    Info (332115):     12.244      0.059 FR  CELL  LayerNorm|i_preprocess_stage|Mult1|auto_generated|op_1~36|cout
    Info (332115):     12.244      0.000 RR    IC  LayerNorm|i_preprocess_stage|Mult1|auto_generated|op_1~38|cin
    Info (332115):     12.303      0.059 RF  CELL  LayerNorm|i_preprocess_stage|Mult1|auto_generated|op_1~38|cout
    Info (332115):     12.303      0.000 FF    IC  LayerNorm|i_preprocess_stage|Mult1|auto_generated|op_1~40|cin
    Info (332115):     12.362      0.059 FR  CELL  LayerNorm|i_preprocess_stage|Mult1|auto_generated|op_1~40|cout
    Info (332115):     12.362      0.000 RR    IC  LayerNorm|i_preprocess_stage|Mult1|auto_generated|op_1~42|cin
    Info (332115):     12.421      0.059 RF  CELL  LayerNorm|i_preprocess_stage|Mult1|auto_generated|op_1~42|cout
    Info (332115):     12.421      0.000 FF    IC  LayerNorm|i_preprocess_stage|Mult1|auto_generated|op_1~44|cin
    Info (332115):     12.480      0.059 FR  CELL  LayerNorm|i_preprocess_stage|Mult1|auto_generated|op_1~44|cout
    Info (332115):     12.480      0.000 RR    IC  LayerNorm|i_preprocess_stage|Mult1|auto_generated|op_1~46|cin
    Info (332115):     12.539      0.059 RF  CELL  LayerNorm|i_preprocess_stage|Mult1|auto_generated|op_1~46|cout
    Info (332115):     12.539      0.000 FF    IC  LayerNorm|i_preprocess_stage|Mult1|auto_generated|op_1~48|cin
    Info (332115):     12.598      0.059 FR  CELL  LayerNorm|i_preprocess_stage|Mult1|auto_generated|op_1~48|cout
    Info (332115):     12.598      0.000 RR    IC  LayerNorm|i_preprocess_stage|Mult1|auto_generated|op_1~50|cin
    Info (332115):     12.657      0.059 RF  CELL  LayerNorm|i_preprocess_stage|Mult1|auto_generated|op_1~50|cout
    Info (332115):     12.657      0.000 FF    IC  LayerNorm|i_preprocess_stage|Mult1|auto_generated|op_1~52|cin
    Info (332115):     12.716      0.059 FR  CELL  LayerNorm|i_preprocess_stage|Mult1|auto_generated|op_1~52|cout
    Info (332115):     12.716      0.000 RR    IC  LayerNorm|i_preprocess_stage|Mult1|auto_generated|op_1~54|cin
    Info (332115):     12.775      0.059 RF  CELL  LayerNorm|i_preprocess_stage|Mult1|auto_generated|op_1~54|cout
    Info (332115):     12.775      0.000 FF    IC  LayerNorm|i_preprocess_stage|Mult1|auto_generated|op_1~56|cin
    Info (332115):     12.834      0.059 FR  CELL  LayerNorm|i_preprocess_stage|Mult1|auto_generated|op_1~56|cout
    Info (332115):     12.834      0.000 RR    IC  LayerNorm|i_preprocess_stage|Mult1|auto_generated|op_1~58|cin
    Info (332115):     13.471      0.637 RR  CELL  LayerNorm|i_preprocess_stage|Mult1|auto_generated|op_1~58|combout
    Info (332115):     14.186      0.715 RR    IC  LayerNorm|i_preprocess_stage|var_hw_raw[15]~30|datab
    Info (332115):     14.710      0.524 RF  CELL  LayerNorm|i_preprocess_stage|var_hw_raw[15]~30|cout
    Info (332115):     14.710      0.000 FF    IC  LayerNorm|i_preprocess_stage|var_hw_raw[16]~32|cin
    Info (332115):     14.769      0.059 FR  CELL  LayerNorm|i_preprocess_stage|var_hw_raw[16]~32|cout
    Info (332115):     14.769      0.000 RR    IC  LayerNorm|i_preprocess_stage|var_hw_raw[17]~34|cin
    Info (332115):     15.406      0.637 RR  CELL  LayerNorm|i_preprocess_stage|var_hw_raw[17]~34|combout
    Info (332115):     16.198      0.792 RR    IC  LayerNorm|i_preprocess_stage|lut_idx_comb[0]~0|dataa
    Info (332115):     16.617      0.419 RF  CELL  LayerNorm|i_preprocess_stage|lut_idx_comb[0]~0|combout
    Info (332115):     16.851      0.234 FF    IC  LayerNorm|i_preprocess_stage|lut_idx_comb[0]~1|datad
    Info (332115):     16.982      0.131 FF  CELL  LayerNorm|i_preprocess_stage|lut_idx_comb[0]~1|combout
    Info (332115):     17.221      0.239 FF    IC  LayerNorm|i_preprocess_stage|lut_idx_comb[0]~2|datad
    Info (332115):     17.352      0.131 FF  CELL  LayerNorm|i_preprocess_stage|lut_idx_comb[0]~2|combout
    Info (332115):     17.588      0.236 FF    IC  LayerNorm|i_preprocess_stage|lut_idx_comb[0]~3|datad
    Info (332115):     17.719      0.131 FF  CELL  LayerNorm|i_preprocess_stage|lut_idx_comb[0]~3|combout
    Info (332115):     17.954      0.235 FF    IC  LayerNorm|i_preprocess_stage|lut_idx_comb[0]~4|datad
    Info (332115):     18.085      0.131 FF  CELL  LayerNorm|i_preprocess_stage|lut_idx_comb[0]~4|combout
    Info (332115):     18.409      0.324 FF    IC  LayerNorm|i_preprocess_stage|lut_idx_comb[1]~6|datad
    Info (332115):     18.570      0.161 FR  CELL  LayerNorm|i_preprocess_stage|lut_idx_comb[1]~6|combout
    Info (332115):     19.030      0.460 RR    IC  LayerNorm|i_preprocess_stage|Add4~2|datab
    Info (332115):     19.554      0.524 RF  CELL  LayerNorm|i_preprocess_stage|Add4~2|cout
    Info (332115):     19.554      0.000 FF    IC  LayerNorm|i_preprocess_stage|Add4~4|cin
    Info (332115):     19.613      0.059 FR  CELL  LayerNorm|i_preprocess_stage|Add4~4|cout
    Info (332115):     19.613      0.000 RR    IC  LayerNorm|i_preprocess_stage|Add4~6|cin
    Info (332115):     19.672      0.059 RF  CELL  LayerNorm|i_preprocess_stage|Add4~6|cout
    Info (332115):     19.672      0.000 FF    IC  LayerNorm|i_preprocess_stage|Add4~8|cin
    Info (332115):     19.731      0.059 FR  CELL  LayerNorm|i_preprocess_stage|Add4~8|cout
    Info (332115):     19.731      0.000 RR    IC  LayerNorm|i_preprocess_stage|Add4~10|cin
    Info (332115):     19.790      0.059 RF  CELL  LayerNorm|i_preprocess_stage|Add4~10|cout
    Info (332115):     19.790      0.000 FF    IC  LayerNorm|i_preprocess_stage|Add4~12|cin
    Info (332115):     19.849      0.059 FR  CELL  LayerNorm|i_preprocess_stage|Add4~12|cout
    Info (332115):     19.849      0.000 RR    IC  LayerNorm|i_preprocess_stage|Add4~14|cin
    Info (332115):     19.908      0.059 RF  CELL  LayerNorm|i_preprocess_stage|Add4~14|cout
    Info (332115):     19.908      0.000 FF    IC  LayerNorm|i_preprocess_stage|Add4~16|cin
    Info (332115):     19.967      0.059 FR  CELL  LayerNorm|i_preprocess_stage|Add4~16|cout
    Info (332115):     19.967      0.000 RR    IC  LayerNorm|i_preprocess_stage|Add4~18|cin
    Info (332115):     20.026      0.059 RF  CELL  LayerNorm|i_preprocess_stage|Add4~18|cout
    Info (332115):     20.026      0.000 FF    IC  LayerNorm|i_preprocess_stage|Add4~20|cin
    Info (332115):     20.085      0.059 FR  CELL  LayerNorm|i_preprocess_stage|Add4~20|cout
    Info (332115):     20.085      0.000 RR    IC  LayerNorm|i_preprocess_stage|Add4~22|cin
    Info (332115):     20.144      0.059 RF  CELL  LayerNorm|i_preprocess_stage|Add4~22|cout
    Info (332115):     20.144      0.000 FF    IC  LayerNorm|i_preprocess_stage|Add4~24|cin
    Info (332115):     20.203      0.059 FR  CELL  LayerNorm|i_preprocess_stage|Add4~24|cout
    Info (332115):     20.203      0.000 RR    IC  LayerNorm|i_preprocess_stage|Add4~26|cin
    Info (332115):     20.840      0.637 RR  CELL  LayerNorm|i_preprocess_stage|Add4~26|combout
    Info (332115):     21.813      0.973 RR    IC  LayerNorm|Selector2~12|datad
    Info (332115):     21.979      0.166 RR  CELL  LayerNorm|Selector2~12|combout
    Info (332115):     22.182      0.203 RR    IC  mem_start_addr~19|datad
    Info (332115):     22.348      0.166 RR  CELL  mem_start_addr~19|combout
    Info (332115):     22.348      0.000 RR    IC  mem_start_addr[14]~reg0|d
    Info (332115):     22.437      0.089 RR  CELL  mem_start_addr[14]~reg0
    Info (332115): Data Required Path:
    Info (332115): Total (ns)  Incr (ns)     Type  Element
    Info (332115): ==========  ========= ==  ====  ===================================
    Info (332115):      1.000      1.000           latch edge time
    Info (332115):      1.000      0.000           source latency
    Info (332115):      1.000      0.000           clk
    Info (332115):      1.000      0.000 RR    IC  clk~input|i
    Info (332115):      1.708      0.708 RR  CELL  clk~input|o
    Info (332115):      2.566      0.858 RR    IC  clk~inputclkctrl|inclk[0]
    Info (332115):      2.566      0.000 RR  CELL  clk~inputclkctrl|outclk
    Info (332115):      4.482      1.916 RR    IC  mem_start_addr[14]~reg0|clk
    Info (332115):      4.957      0.475 RR  CELL  mem_start_addr[14]~reg0
    Info (332115):      5.020      0.063           clock pessimism removed
    Info (332115):      5.000     -0.020           clock uncertainty
    Info (332115):      5.013      0.013     uTsu  mem_start_addr[14]~reg0
    Info (332115): Data Arrival Time  :    22.437
    Info (332115): Data Required Time :     5.013
    Info (332115): Slack              :   -17.424 (VIOLATED)
    Info (332115): ===================================================================
Info (332115): Path #17: Setup slack is -17.424 (VIOLATED)
    Info (332115): ===================================================================
    Info (332115): From Node    : LayerNorm:LayerNorm|ex_ex2_stage:i_ex_ex2_stage|ex2_reg[19]
    Info (332115): To Node      : mem_start_addr[14]~reg0
    Info (332115): Launch Clock : clk
    Info (332115): Latch Clock  : clk
    Info (332115): Data Arrival Path:
    Info (332115): Total (ns)  Incr (ns)     Type  Element
    Info (332115): ==========  ========= ==  ====  ===================================
    Info (332115):      0.000      0.000           launch edge time
    Info (332115):      0.000      0.000           source latency
    Info (332115):      0.000      0.000           clk
    Info (332115):      0.000      0.000 RR    IC  clk~input|i
    Info (332115):      0.708      0.708 RR  CELL  clk~input|o
    Info (332115):      1.602      0.894 RR    IC  clk~inputclkctrl|inclk[0]
    Info (332115):      1.602      0.000 RR  CELL  clk~inputclkctrl|outclk
    Info (332115):      3.488      1.886 RR    IC  LayerNorm|i_preprocess_stage|Mult1|auto_generated|mac_mult5|clk
    Info (332115):      3.873      0.385 RR  CELL  LayerNorm:LayerNorm|ex_ex2_stage:i_ex_ex2_stage|ex2_reg[19]
    Info (332115):      4.186      0.313     uTco  LayerNorm:LayerNorm|ex_ex2_stage:i_ex_ex2_stage|ex2_reg[19]
    Info (332115):      7.754      3.568 RR  CELL  LayerNorm|i_preprocess_stage|Mult1|auto_generated|mac_mult5|dataout[35]
    Info (332115):      7.754      0.000 RR    IC  LayerNorm|i_preprocess_stage|Mult1|auto_generated|mac_out6|dataa[5]
    Info (332115):      7.874      0.120 RR  CELL  LayerNorm|i_preprocess_stage|Mult1|auto_generated|mac_out6|dataout[5]
    Info (332115):      8.889      1.015 RR    IC  LayerNorm|i_preprocess_stage|Mult1|auto_generated|add9_result[1]~2|datab
    Info (332115):      9.413      0.524 RF  CELL  LayerNorm|i_preprocess_stage|Mult1|auto_generated|add9_result[1]~2|cout
    Info (332115):      9.413      0.000 FF    IC  LayerNorm|i_preprocess_stage|Mult1|auto_generated|add9_result[2]~4|cin
    Info (332115):      9.472      0.059 FR  CELL  LayerNorm|i_preprocess_stage|Mult1|auto_generated|add9_result[2]~4|cout
    Info (332115):      9.472      0.000 RR    IC  LayerNorm|i_preprocess_stage|Mult1|auto_generated|add9_result[3]~6|cin
    Info (332115):      9.531      0.059 RF  CELL  LayerNorm|i_preprocess_stage|Mult1|auto_generated|add9_result[3]~6|cout
    Info (332115):      9.531      0.000 FF    IC  LayerNorm|i_preprocess_stage|Mult1|auto_generated|add9_result[4]~8|cin
    Info (332115):      9.590      0.059 FR  CELL  LayerNorm|i_preprocess_stage|Mult1|auto_generated|add9_result[4]~8|cout
    Info (332115):      9.590      0.000 RR    IC  LayerNorm|i_preprocess_stage|Mult1|auto_generated|add9_result[5]~10|cin
    Info (332115):     10.227      0.637 RR  CELL  LayerNorm|i_preprocess_stage|Mult1|auto_generated|add9_result[5]~10|combout
    Info (332115):     10.971      0.744 RR    IC  LayerNorm|i_preprocess_stage|Mult1|auto_generated|op_1~11|dataa
    Info (332115):     11.477      0.506 RF  CELL  LayerNorm|i_preprocess_stage|Mult1|auto_generated|op_1~11|cout
    Info (332115):     11.477      0.000 FF    IC  LayerNorm|i_preprocess_stage|Mult1|auto_generated|op_1~13|cin
    Info (332115):     11.536      0.059 FR  CELL  LayerNorm|i_preprocess_stage|Mult1|auto_generated|op_1~13|cout
    Info (332115):     11.536      0.000 RR    IC  LayerNorm|i_preprocess_stage|Mult1|auto_generated|op_1~15|cin
    Info (332115):     11.595      0.059 RF  CELL  LayerNorm|i_preprocess_stage|Mult1|auto_generated|op_1~15|cout
    Info (332115):     11.595      0.000 FF    IC  LayerNorm|i_preprocess_stage|Mult1|auto_generated|op_1~17|cin
    Info (332115):     11.654      0.059 FR  CELL  LayerNorm|i_preprocess_stage|Mult1|auto_generated|op_1~17|cout
    Info (332115):     11.654      0.000 RR    IC  LayerNorm|i_preprocess_stage|Mult1|auto_generated|op_1~19|cin
    Info (332115):     11.713      0.059 RF  CELL  LayerNorm|i_preprocess_stage|Mult1|auto_generated|op_1~19|cout
    Info (332115):     11.713      0.000 FF    IC  LayerNorm|i_preprocess_stage|Mult1|auto_generated|op_1~21|cin
    Info (332115):     11.772      0.059 FR  CELL  LayerNorm|i_preprocess_stage|Mult1|auto_generated|op_1~21|cout
    Info (332115):     11.772      0.000 RR    IC  LayerNorm|i_preprocess_stage|Mult1|auto_generated|op_1~23|cin
    Info (332115):     11.831      0.059 RF  CELL  LayerNorm|i_preprocess_stage|Mult1|auto_generated|op_1~23|cout
    Info (332115):     11.831      0.000 FF    IC  LayerNorm|i_preprocess_stage|Mult1|auto_generated|op_1~25|cin
    Info (332115):     11.890      0.059 FR  CELL  LayerNorm|i_preprocess_stage|Mult1|auto_generated|op_1~25|cout
    Info (332115):     11.890      0.000 RR    IC  LayerNorm|i_preprocess_stage|Mult1|auto_generated|op_1~27|cin
    Info (332115):     11.949      0.059 RF  CELL  LayerNorm|i_preprocess_stage|Mult1|auto_generated|op_1~27|cout
    Info (332115):     11.949      0.000 FF    IC  LayerNorm|i_preprocess_stage|Mult1|auto_generated|op_1~28|cin
    Info (332115):     12.008      0.059 FR  CELL  LayerNorm|i_preprocess_stage|Mult1|auto_generated|op_1~28|cout
    Info (332115):     12.008      0.000 RR    IC  LayerNorm|i_preprocess_stage|Mult1|auto_generated|op_1~30|cin
    Info (332115):     12.067      0.059 RF  CELL  LayerNorm|i_preprocess_stage|Mult1|auto_generated|op_1~30|cout
    Info (332115):     12.067      0.000 FF    IC  LayerNorm|i_preprocess_stage|Mult1|auto_generated|op_1~32|cin
    Info (332115):     12.126      0.059 FR  CELL  LayerNorm|i_preprocess_stage|Mult1|auto_generated|op_1~32|cout
    Info (332115):     12.126      0.000 RR    IC  LayerNorm|i_preprocess_stage|Mult1|auto_generated|op_1~34|cin
    Info (332115):     12.185      0.059 RF  CELL  LayerNorm|i_preprocess_stage|Mult1|auto_generated|op_1~34|cout
    Info (332115):     12.185      0.000 FF    IC  LayerNorm|i_preprocess_stage|Mult1|auto_generated|op_1~36|cin
    Info (332115):     12.244      0.059 FR  CELL  LayerNorm|i_preprocess_stage|Mult1|auto_generated|op_1~36|cout
    Info (332115):     12.244      0.000 RR    IC  LayerNorm|i_preprocess_stage|Mult1|auto_generated|op_1~38|cin
    Info (332115):     12.303      0.059 RF  CELL  LayerNorm|i_preprocess_stage|Mult1|auto_generated|op_1~38|cout
    Info (332115):     12.303      0.000 FF    IC  LayerNorm|i_preprocess_stage|Mult1|auto_generated|op_1~40|cin
    Info (332115):     12.362      0.059 FR  CELL  LayerNorm|i_preprocess_stage|Mult1|auto_generated|op_1~40|cout
    Info (332115):     12.362      0.000 RR    IC  LayerNorm|i_preprocess_stage|Mult1|auto_generated|op_1~42|cin
    Info (332115):     12.421      0.059 RF  CELL  LayerNorm|i_preprocess_stage|Mult1|auto_generated|op_1~42|cout
    Info (332115):     12.421      0.000 FF    IC  LayerNorm|i_preprocess_stage|Mult1|auto_generated|op_1~44|cin
    Info (332115):     12.480      0.059 FR  CELL  LayerNorm|i_preprocess_stage|Mult1|auto_generated|op_1~44|cout
    Info (332115):     12.480      0.000 RR    IC  LayerNorm|i_preprocess_stage|Mult1|auto_generated|op_1~46|cin
    Info (332115):     12.539      0.059 RF  CELL  LayerNorm|i_preprocess_stage|Mult1|auto_generated|op_1~46|cout
    Info (332115):     12.539      0.000 FF    IC  LayerNorm|i_preprocess_stage|Mult1|auto_generated|op_1~48|cin
    Info (332115):     12.598      0.059 FR  CELL  LayerNorm|i_preprocess_stage|Mult1|auto_generated|op_1~48|cout
    Info (332115):     12.598      0.000 RR    IC  LayerNorm|i_preprocess_stage|Mult1|auto_generated|op_1~50|cin
    Info (332115):     12.657      0.059 RF  CELL  LayerNorm|i_preprocess_stage|Mult1|auto_generated|op_1~50|cout
    Info (332115):     12.657      0.000 FF    IC  LayerNorm|i_preprocess_stage|Mult1|auto_generated|op_1~52|cin
    Info (332115):     12.716      0.059 FR  CELL  LayerNorm|i_preprocess_stage|Mult1|auto_generated|op_1~52|cout
    Info (332115):     12.716      0.000 RR    IC  LayerNorm|i_preprocess_stage|Mult1|auto_generated|op_1~54|cin
    Info (332115):     12.775      0.059 RF  CELL  LayerNorm|i_preprocess_stage|Mult1|auto_generated|op_1~54|cout
    Info (332115):     12.775      0.000 FF    IC  LayerNorm|i_preprocess_stage|Mult1|auto_generated|op_1~56|cin
    Info (332115):     12.834      0.059 FR  CELL  LayerNorm|i_preprocess_stage|Mult1|auto_generated|op_1~56|cout
    Info (332115):     12.834      0.000 RR    IC  LayerNorm|i_preprocess_stage|Mult1|auto_generated|op_1~58|cin
    Info (332115):     13.471      0.637 RR  CELL  LayerNorm|i_preprocess_stage|Mult1|auto_generated|op_1~58|combout
    Info (332115):     14.186      0.715 RR    IC  LayerNorm|i_preprocess_stage|var_hw_raw[15]~30|datab
    Info (332115):     14.710      0.524 RF  CELL  LayerNorm|i_preprocess_stage|var_hw_raw[15]~30|cout
    Info (332115):     14.710      0.000 FF    IC  LayerNorm|i_preprocess_stage|var_hw_raw[16]~32|cin
    Info (332115):     14.769      0.059 FR  CELL  LayerNorm|i_preprocess_stage|var_hw_raw[16]~32|cout
    Info (332115):     14.769      0.000 RR    IC  LayerNorm|i_preprocess_stage|var_hw_raw[17]~34|cin
    Info (332115):     15.406      0.637 RR  CELL  LayerNorm|i_preprocess_stage|var_hw_raw[17]~34|combout
    Info (332115):     16.198      0.792 RR    IC  LayerNorm|i_preprocess_stage|lut_idx_comb[0]~0|dataa
    Info (332115):     16.617      0.419 RF  CELL  LayerNorm|i_preprocess_stage|lut_idx_comb[0]~0|combout
    Info (332115):     16.851      0.234 FF    IC  LayerNorm|i_preprocess_stage|lut_idx_comb[0]~1|datad
    Info (332115):     16.982      0.131 FF  CELL  LayerNorm|i_preprocess_stage|lut_idx_comb[0]~1|combout
    Info (332115):     17.221      0.239 FF    IC  LayerNorm|i_preprocess_stage|lut_idx_comb[0]~2|datad
    Info (332115):     17.352      0.131 FF  CELL  LayerNorm|i_preprocess_stage|lut_idx_comb[0]~2|combout
    Info (332115):     17.588      0.236 FF    IC  LayerNorm|i_preprocess_stage|lut_idx_comb[0]~3|datad
    Info (332115):     17.719      0.131 FF  CELL  LayerNorm|i_preprocess_stage|lut_idx_comb[0]~3|combout
    Info (332115):     17.954      0.235 FF    IC  LayerNorm|i_preprocess_stage|lut_idx_comb[0]~4|datad
    Info (332115):     18.085      0.131 FF  CELL  LayerNorm|i_preprocess_stage|lut_idx_comb[0]~4|combout
    Info (332115):     18.409      0.324 FF    IC  LayerNorm|i_preprocess_stage|lut_idx_comb[1]~6|datad
    Info (332115):     18.570      0.161 FR  CELL  LayerNorm|i_preprocess_stage|lut_idx_comb[1]~6|combout
    Info (332115):     19.030      0.460 RR    IC  LayerNorm|i_preprocess_stage|Add4~2|datab
    Info (332115):     19.554      0.524 RF  CELL  LayerNorm|i_preprocess_stage|Add4~2|cout
    Info (332115):     19.554      0.000 FF    IC  LayerNorm|i_preprocess_stage|Add4~4|cin
    Info (332115):     19.613      0.059 FR  CELL  LayerNorm|i_preprocess_stage|Add4~4|cout
    Info (332115):     19.613      0.000 RR    IC  LayerNorm|i_preprocess_stage|Add4~6|cin
    Info (332115):     19.672      0.059 RF  CELL  LayerNorm|i_preprocess_stage|Add4~6|cout
    Info (332115):     19.672      0.000 FF    IC  LayerNorm|i_preprocess_stage|Add4~8|cin
    Info (332115):     19.731      0.059 FR  CELL  LayerNorm|i_preprocess_stage|Add4~8|cout
    Info (332115):     19.731      0.000 RR    IC  LayerNorm|i_preprocess_stage|Add4~10|cin
    Info (332115):     19.790      0.059 RF  CELL  LayerNorm|i_preprocess_stage|Add4~10|cout
    Info (332115):     19.790      0.000 FF    IC  LayerNorm|i_preprocess_stage|Add4~12|cin
    Info (332115):     19.849      0.059 FR  CELL  LayerNorm|i_preprocess_stage|Add4~12|cout
    Info (332115):     19.849      0.000 RR    IC  LayerNorm|i_preprocess_stage|Add4~14|cin
    Info (332115):     19.908      0.059 RF  CELL  LayerNorm|i_preprocess_stage|Add4~14|cout
    Info (332115):     19.908      0.000 FF    IC  LayerNorm|i_preprocess_stage|Add4~16|cin
    Info (332115):     19.967      0.059 FR  CELL  LayerNorm|i_preprocess_stage|Add4~16|cout
    Info (332115):     19.967      0.000 RR    IC  LayerNorm|i_preprocess_stage|Add4~18|cin
    Info (332115):     20.026      0.059 RF  CELL  LayerNorm|i_preprocess_stage|Add4~18|cout
    Info (332115):     20.026      0.000 FF    IC  LayerNorm|i_preprocess_stage|Add4~20|cin
    Info (332115):     20.085      0.059 FR  CELL  LayerNorm|i_preprocess_stage|Add4~20|cout
    Info (332115):     20.085      0.000 RR    IC  LayerNorm|i_preprocess_stage|Add4~22|cin
    Info (332115):     20.144      0.059 RF  CELL  LayerNorm|i_preprocess_stage|Add4~22|cout
    Info (332115):     20.144      0.000 FF    IC  LayerNorm|i_preprocess_stage|Add4~24|cin
    Info (332115):     20.203      0.059 FR  CELL  LayerNorm|i_preprocess_stage|Add4~24|cout
    Info (332115):     20.203      0.000 RR    IC  LayerNorm|i_preprocess_stage|Add4~26|cin
    Info (332115):     20.840      0.637 RR  CELL  LayerNorm|i_preprocess_stage|Add4~26|combout
    Info (332115):     21.813      0.973 RR    IC  LayerNorm|Selector2~12|datad
    Info (332115):     21.979      0.166 RR  CELL  LayerNorm|Selector2~12|combout
    Info (332115):     22.182      0.203 RR    IC  mem_start_addr~19|datad
    Info (332115):     22.348      0.166 RR  CELL  mem_start_addr~19|combout
    Info (332115):     22.348      0.000 RR    IC  mem_start_addr[14]~reg0|d
    Info (332115):     22.437      0.089 RR  CELL  mem_start_addr[14]~reg0
    Info (332115): Data Required Path:
    Info (332115): Total (ns)  Incr (ns)     Type  Element
    Info (332115): ==========  ========= ==  ====  ===================================
    Info (332115):      1.000      1.000           latch edge time
    Info (332115):      1.000      0.000           source latency
    Info (332115):      1.000      0.000           clk
    Info (332115):      1.000      0.000 RR    IC  clk~input|i
    Info (332115):      1.708      0.708 RR  CELL  clk~input|o
    Info (332115):      2.566      0.858 RR    IC  clk~inputclkctrl|inclk[0]
    Info (332115):      2.566      0.000 RR  CELL  clk~inputclkctrl|outclk
    Info (332115):      4.482      1.916 RR    IC  mem_start_addr[14]~reg0|clk
    Info (332115):      4.957      0.475 RR  CELL  mem_start_addr[14]~reg0
    Info (332115):      5.020      0.063           clock pessimism removed
    Info (332115):      5.000     -0.020           clock uncertainty
    Info (332115):      5.013      0.013     uTsu  mem_start_addr[14]~reg0
    Info (332115): Data Arrival Time  :    22.437
    Info (332115): Data Required Time :     5.013
    Info (332115): Slack              :   -17.424 (VIOLATED)
    Info (332115): ===================================================================
Info (332115): Path #18: Setup slack is -17.424 (VIOLATED)
    Info (332115): ===================================================================
    Info (332115): From Node    : LayerNorm:LayerNorm|ex_ex2_stage:i_ex_ex2_stage|ex2_reg[20]
    Info (332115): To Node      : mem_start_addr[14]~reg0
    Info (332115): Launch Clock : clk
    Info (332115): Latch Clock  : clk
    Info (332115): Data Arrival Path:
    Info (332115): Total (ns)  Incr (ns)     Type  Element
    Info (332115): ==========  ========= ==  ====  ===================================
    Info (332115):      0.000      0.000           launch edge time
    Info (332115):      0.000      0.000           source latency
    Info (332115):      0.000      0.000           clk
    Info (332115):      0.000      0.000 RR    IC  clk~input|i
    Info (332115):      0.708      0.708 RR  CELL  clk~input|o
    Info (332115):      1.602      0.894 RR    IC  clk~inputclkctrl|inclk[0]
    Info (332115):      1.602      0.000 RR  CELL  clk~inputclkctrl|outclk
    Info (332115):      3.488      1.886 RR    IC  LayerNorm|i_preprocess_stage|Mult1|auto_generated|mac_mult5|clk
    Info (332115):      3.873      0.385 RR  CELL  LayerNorm:LayerNorm|ex_ex2_stage:i_ex_ex2_stage|ex2_reg[20]
    Info (332115):      4.186      0.313     uTco  LayerNorm:LayerNorm|ex_ex2_stage:i_ex_ex2_stage|ex2_reg[20]
    Info (332115):      7.754      3.568 RR  CELL  LayerNorm|i_preprocess_stage|Mult1|auto_generated|mac_mult5|dataout[35]
    Info (332115):      7.754      0.000 RR    IC  LayerNorm|i_preprocess_stage|Mult1|auto_generated|mac_out6|dataa[5]
    Info (332115):      7.874      0.120 RR  CELL  LayerNorm|i_preprocess_stage|Mult1|auto_generated|mac_out6|dataout[5]
    Info (332115):      8.889      1.015 RR    IC  LayerNorm|i_preprocess_stage|Mult1|auto_generated|add9_result[1]~2|datab
    Info (332115):      9.413      0.524 RF  CELL  LayerNorm|i_preprocess_stage|Mult1|auto_generated|add9_result[1]~2|cout
    Info (332115):      9.413      0.000 FF    IC  LayerNorm|i_preprocess_stage|Mult1|auto_generated|add9_result[2]~4|cin
    Info (332115):      9.472      0.059 FR  CELL  LayerNorm|i_preprocess_stage|Mult1|auto_generated|add9_result[2]~4|cout
    Info (332115):      9.472      0.000 RR    IC  LayerNorm|i_preprocess_stage|Mult1|auto_generated|add9_result[3]~6|cin
    Info (332115):      9.531      0.059 RF  CELL  LayerNorm|i_preprocess_stage|Mult1|auto_generated|add9_result[3]~6|cout
    Info (332115):      9.531      0.000 FF    IC  LayerNorm|i_preprocess_stage|Mult1|auto_generated|add9_result[4]~8|cin
    Info (332115):      9.590      0.059 FR  CELL  LayerNorm|i_preprocess_stage|Mult1|auto_generated|add9_result[4]~8|cout
    Info (332115):      9.590      0.000 RR    IC  LayerNorm|i_preprocess_stage|Mult1|auto_generated|add9_result[5]~10|cin
    Info (332115):     10.227      0.637 RR  CELL  LayerNorm|i_preprocess_stage|Mult1|auto_generated|add9_result[5]~10|combout
    Info (332115):     10.971      0.744 RR    IC  LayerNorm|i_preprocess_stage|Mult1|auto_generated|op_1~11|dataa
    Info (332115):     11.477      0.506 RF  CELL  LayerNorm|i_preprocess_stage|Mult1|auto_generated|op_1~11|cout
    Info (332115):     11.477      0.000 FF    IC  LayerNorm|i_preprocess_stage|Mult1|auto_generated|op_1~13|cin
    Info (332115):     11.536      0.059 FR  CELL  LayerNorm|i_preprocess_stage|Mult1|auto_generated|op_1~13|cout
    Info (332115):     11.536      0.000 RR    IC  LayerNorm|i_preprocess_stage|Mult1|auto_generated|op_1~15|cin
    Info (332115):     11.595      0.059 RF  CELL  LayerNorm|i_preprocess_stage|Mult1|auto_generated|op_1~15|cout
    Info (332115):     11.595      0.000 FF    IC  LayerNorm|i_preprocess_stage|Mult1|auto_generated|op_1~17|cin
    Info (332115):     11.654      0.059 FR  CELL  LayerNorm|i_preprocess_stage|Mult1|auto_generated|op_1~17|cout
    Info (332115):     11.654      0.000 RR    IC  LayerNorm|i_preprocess_stage|Mult1|auto_generated|op_1~19|cin
    Info (332115):     11.713      0.059 RF  CELL  LayerNorm|i_preprocess_stage|Mult1|auto_generated|op_1~19|cout
    Info (332115):     11.713      0.000 FF    IC  LayerNorm|i_preprocess_stage|Mult1|auto_generated|op_1~21|cin
    Info (332115):     11.772      0.059 FR  CELL  LayerNorm|i_preprocess_stage|Mult1|auto_generated|op_1~21|cout
    Info (332115):     11.772      0.000 RR    IC  LayerNorm|i_preprocess_stage|Mult1|auto_generated|op_1~23|cin
    Info (332115):     11.831      0.059 RF  CELL  LayerNorm|i_preprocess_stage|Mult1|auto_generated|op_1~23|cout
    Info (332115):     11.831      0.000 FF    IC  LayerNorm|i_preprocess_stage|Mult1|auto_generated|op_1~25|cin
    Info (332115):     11.890      0.059 FR  CELL  LayerNorm|i_preprocess_stage|Mult1|auto_generated|op_1~25|cout
    Info (332115):     11.890      0.000 RR    IC  LayerNorm|i_preprocess_stage|Mult1|auto_generated|op_1~27|cin
    Info (332115):     11.949      0.059 RF  CELL  LayerNorm|i_preprocess_stage|Mult1|auto_generated|op_1~27|cout
    Info (332115):     11.949      0.000 FF    IC  LayerNorm|i_preprocess_stage|Mult1|auto_generated|op_1~28|cin
    Info (332115):     12.008      0.059 FR  CELL  LayerNorm|i_preprocess_stage|Mult1|auto_generated|op_1~28|cout
    Info (332115):     12.008      0.000 RR    IC  LayerNorm|i_preprocess_stage|Mult1|auto_generated|op_1~30|cin
    Info (332115):     12.067      0.059 RF  CELL  LayerNorm|i_preprocess_stage|Mult1|auto_generated|op_1~30|cout
    Info (332115):     12.067      0.000 FF    IC  LayerNorm|i_preprocess_stage|Mult1|auto_generated|op_1~32|cin
    Info (332115):     12.126      0.059 FR  CELL  LayerNorm|i_preprocess_stage|Mult1|auto_generated|op_1~32|cout
    Info (332115):     12.126      0.000 RR    IC  LayerNorm|i_preprocess_stage|Mult1|auto_generated|op_1~34|cin
    Info (332115):     12.185      0.059 RF  CELL  LayerNorm|i_preprocess_stage|Mult1|auto_generated|op_1~34|cout
    Info (332115):     12.185      0.000 FF    IC  LayerNorm|i_preprocess_stage|Mult1|auto_generated|op_1~36|cin
    Info (332115):     12.244      0.059 FR  CELL  LayerNorm|i_preprocess_stage|Mult1|auto_generated|op_1~36|cout
    Info (332115):     12.244      0.000 RR    IC  LayerNorm|i_preprocess_stage|Mult1|auto_generated|op_1~38|cin
    Info (332115):     12.303      0.059 RF  CELL  LayerNorm|i_preprocess_stage|Mult1|auto_generated|op_1~38|cout
    Info (332115):     12.303      0.000 FF    IC  LayerNorm|i_preprocess_stage|Mult1|auto_generated|op_1~40|cin
    Info (332115):     12.362      0.059 FR  CELL  LayerNorm|i_preprocess_stage|Mult1|auto_generated|op_1~40|cout
    Info (332115):     12.362      0.000 RR    IC  LayerNorm|i_preprocess_stage|Mult1|auto_generated|op_1~42|cin
    Info (332115):     12.421      0.059 RF  CELL  LayerNorm|i_preprocess_stage|Mult1|auto_generated|op_1~42|cout
    Info (332115):     12.421      0.000 FF    IC  LayerNorm|i_preprocess_stage|Mult1|auto_generated|op_1~44|cin
    Info (332115):     12.480      0.059 FR  CELL  LayerNorm|i_preprocess_stage|Mult1|auto_generated|op_1~44|cout
    Info (332115):     12.480      0.000 RR    IC  LayerNorm|i_preprocess_stage|Mult1|auto_generated|op_1~46|cin
    Info (332115):     12.539      0.059 RF  CELL  LayerNorm|i_preprocess_stage|Mult1|auto_generated|op_1~46|cout
    Info (332115):     12.539      0.000 FF    IC  LayerNorm|i_preprocess_stage|Mult1|auto_generated|op_1~48|cin
    Info (332115):     12.598      0.059 FR  CELL  LayerNorm|i_preprocess_stage|Mult1|auto_generated|op_1~48|cout
    Info (332115):     12.598      0.000 RR    IC  LayerNorm|i_preprocess_stage|Mult1|auto_generated|op_1~50|cin
    Info (332115):     12.657      0.059 RF  CELL  LayerNorm|i_preprocess_stage|Mult1|auto_generated|op_1~50|cout
    Info (332115):     12.657      0.000 FF    IC  LayerNorm|i_preprocess_stage|Mult1|auto_generated|op_1~52|cin
    Info (332115):     12.716      0.059 FR  CELL  LayerNorm|i_preprocess_stage|Mult1|auto_generated|op_1~52|cout
    Info (332115):     12.716      0.000 RR    IC  LayerNorm|i_preprocess_stage|Mult1|auto_generated|op_1~54|cin
    Info (332115):     12.775      0.059 RF  CELL  LayerNorm|i_preprocess_stage|Mult1|auto_generated|op_1~54|cout
    Info (332115):     12.775      0.000 FF    IC  LayerNorm|i_preprocess_stage|Mult1|auto_generated|op_1~56|cin
    Info (332115):     12.834      0.059 FR  CELL  LayerNorm|i_preprocess_stage|Mult1|auto_generated|op_1~56|cout
    Info (332115):     12.834      0.000 RR    IC  LayerNorm|i_preprocess_stage|Mult1|auto_generated|op_1~58|cin
    Info (332115):     13.471      0.637 RR  CELL  LayerNorm|i_preprocess_stage|Mult1|auto_generated|op_1~58|combout
    Info (332115):     14.186      0.715 RR    IC  LayerNorm|i_preprocess_stage|var_hw_raw[15]~30|datab
    Info (332115):     14.710      0.524 RF  CELL  LayerNorm|i_preprocess_stage|var_hw_raw[15]~30|cout
    Info (332115):     14.710      0.000 FF    IC  LayerNorm|i_preprocess_stage|var_hw_raw[16]~32|cin
    Info (332115):     14.769      0.059 FR  CELL  LayerNorm|i_preprocess_stage|var_hw_raw[16]~32|cout
    Info (332115):     14.769      0.000 RR    IC  LayerNorm|i_preprocess_stage|var_hw_raw[17]~34|cin
    Info (332115):     15.406      0.637 RR  CELL  LayerNorm|i_preprocess_stage|var_hw_raw[17]~34|combout
    Info (332115):     16.198      0.792 RR    IC  LayerNorm|i_preprocess_stage|lut_idx_comb[0]~0|dataa
    Info (332115):     16.617      0.419 RF  CELL  LayerNorm|i_preprocess_stage|lut_idx_comb[0]~0|combout
    Info (332115):     16.851      0.234 FF    IC  LayerNorm|i_preprocess_stage|lut_idx_comb[0]~1|datad
    Info (332115):     16.982      0.131 FF  CELL  LayerNorm|i_preprocess_stage|lut_idx_comb[0]~1|combout
    Info (332115):     17.221      0.239 FF    IC  LayerNorm|i_preprocess_stage|lut_idx_comb[0]~2|datad
    Info (332115):     17.352      0.131 FF  CELL  LayerNorm|i_preprocess_stage|lut_idx_comb[0]~2|combout
    Info (332115):     17.588      0.236 FF    IC  LayerNorm|i_preprocess_stage|lut_idx_comb[0]~3|datad
    Info (332115):     17.719      0.131 FF  CELL  LayerNorm|i_preprocess_stage|lut_idx_comb[0]~3|combout
    Info (332115):     17.954      0.235 FF    IC  LayerNorm|i_preprocess_stage|lut_idx_comb[0]~4|datad
    Info (332115):     18.085      0.131 FF  CELL  LayerNorm|i_preprocess_stage|lut_idx_comb[0]~4|combout
    Info (332115):     18.409      0.324 FF    IC  LayerNorm|i_preprocess_stage|lut_idx_comb[1]~6|datad
    Info (332115):     18.570      0.161 FR  CELL  LayerNorm|i_preprocess_stage|lut_idx_comb[1]~6|combout
    Info (332115):     19.030      0.460 RR    IC  LayerNorm|i_preprocess_stage|Add4~2|datab
    Info (332115):     19.554      0.524 RF  CELL  LayerNorm|i_preprocess_stage|Add4~2|cout
    Info (332115):     19.554      0.000 FF    IC  LayerNorm|i_preprocess_stage|Add4~4|cin
    Info (332115):     19.613      0.059 FR  CELL  LayerNorm|i_preprocess_stage|Add4~4|cout
    Info (332115):     19.613      0.000 RR    IC  LayerNorm|i_preprocess_stage|Add4~6|cin
    Info (332115):     19.672      0.059 RF  CELL  LayerNorm|i_preprocess_stage|Add4~6|cout
    Info (332115):     19.672      0.000 FF    IC  LayerNorm|i_preprocess_stage|Add4~8|cin
    Info (332115):     19.731      0.059 FR  CELL  LayerNorm|i_preprocess_stage|Add4~8|cout
    Info (332115):     19.731      0.000 RR    IC  LayerNorm|i_preprocess_stage|Add4~10|cin
    Info (332115):     19.790      0.059 RF  CELL  LayerNorm|i_preprocess_stage|Add4~10|cout
    Info (332115):     19.790      0.000 FF    IC  LayerNorm|i_preprocess_stage|Add4~12|cin
    Info (332115):     19.849      0.059 FR  CELL  LayerNorm|i_preprocess_stage|Add4~12|cout
    Info (332115):     19.849      0.000 RR    IC  LayerNorm|i_preprocess_stage|Add4~14|cin
    Info (332115):     19.908      0.059 RF  CELL  LayerNorm|i_preprocess_stage|Add4~14|cout
    Info (332115):     19.908      0.000 FF    IC  LayerNorm|i_preprocess_stage|Add4~16|cin
    Info (332115):     19.967      0.059 FR  CELL  LayerNorm|i_preprocess_stage|Add4~16|cout
    Info (332115):     19.967      0.000 RR    IC  LayerNorm|i_preprocess_stage|Add4~18|cin
    Info (332115):     20.026      0.059 RF  CELL  LayerNorm|i_preprocess_stage|Add4~18|cout
    Info (332115):     20.026      0.000 FF    IC  LayerNorm|i_preprocess_stage|Add4~20|cin
    Info (332115):     20.085      0.059 FR  CELL  LayerNorm|i_preprocess_stage|Add4~20|cout
    Info (332115):     20.085      0.000 RR    IC  LayerNorm|i_preprocess_stage|Add4~22|cin
    Info (332115):     20.144      0.059 RF  CELL  LayerNorm|i_preprocess_stage|Add4~22|cout
    Info (332115):     20.144      0.000 FF    IC  LayerNorm|i_preprocess_stage|Add4~24|cin
    Info (332115):     20.203      0.059 FR  CELL  LayerNorm|i_preprocess_stage|Add4~24|cout
    Info (332115):     20.203      0.000 RR    IC  LayerNorm|i_preprocess_stage|Add4~26|cin
    Info (332115):     20.840      0.637 RR  CELL  LayerNorm|i_preprocess_stage|Add4~26|combout
    Info (332115):     21.813      0.973 RR    IC  LayerNorm|Selector2~12|datad
    Info (332115):     21.979      0.166 RR  CELL  LayerNorm|Selector2~12|combout
    Info (332115):     22.182      0.203 RR    IC  mem_start_addr~19|datad
    Info (332115):     22.348      0.166 RR  CELL  mem_start_addr~19|combout
    Info (332115):     22.348      0.000 RR    IC  mem_start_addr[14]~reg0|d
    Info (332115):     22.437      0.089 RR  CELL  mem_start_addr[14]~reg0
    Info (332115): Data Required Path:
    Info (332115): Total (ns)  Incr (ns)     Type  Element
    Info (332115): ==========  ========= ==  ====  ===================================
    Info (332115):      1.000      1.000           latch edge time
    Info (332115):      1.000      0.000           source latency
    Info (332115):      1.000      0.000           clk
    Info (332115):      1.000      0.000 RR    IC  clk~input|i
    Info (332115):      1.708      0.708 RR  CELL  clk~input|o
    Info (332115):      2.566      0.858 RR    IC  clk~inputclkctrl|inclk[0]
    Info (332115):      2.566      0.000 RR  CELL  clk~inputclkctrl|outclk
    Info (332115):      4.482      1.916 RR    IC  mem_start_addr[14]~reg0|clk
    Info (332115):      4.957      0.475 RR  CELL  mem_start_addr[14]~reg0
    Info (332115):      5.020      0.063           clock pessimism removed
    Info (332115):      5.000     -0.020           clock uncertainty
    Info (332115):      5.013      0.013     uTsu  mem_start_addr[14]~reg0
    Info (332115): Data Arrival Time  :    22.437
    Info (332115): Data Required Time :     5.013
    Info (332115): Slack              :   -17.424 (VIOLATED)
    Info (332115): ===================================================================
Info (332115): Path #19: Setup slack is -17.424 (VIOLATED)
    Info (332115): ===================================================================
    Info (332115): From Node    : LayerNorm:LayerNorm|ex_ex2_stage:i_ex_ex2_stage|ex2_reg[21]
    Info (332115): To Node      : mem_start_addr[14]~reg0
    Info (332115): Launch Clock : clk
    Info (332115): Latch Clock  : clk
    Info (332115): Data Arrival Path:
    Info (332115): Total (ns)  Incr (ns)     Type  Element
    Info (332115): ==========  ========= ==  ====  ===================================
    Info (332115):      0.000      0.000           launch edge time
    Info (332115):      0.000      0.000           source latency
    Info (332115):      0.000      0.000           clk
    Info (332115):      0.000      0.000 RR    IC  clk~input|i
    Info (332115):      0.708      0.708 RR  CELL  clk~input|o
    Info (332115):      1.602      0.894 RR    IC  clk~inputclkctrl|inclk[0]
    Info (332115):      1.602      0.000 RR  CELL  clk~inputclkctrl|outclk
    Info (332115):      3.488      1.886 RR    IC  LayerNorm|i_preprocess_stage|Mult1|auto_generated|mac_mult5|clk
    Info (332115):      3.873      0.385 RR  CELL  LayerNorm:LayerNorm|ex_ex2_stage:i_ex_ex2_stage|ex2_reg[21]
    Info (332115):      4.186      0.313     uTco  LayerNorm:LayerNorm|ex_ex2_stage:i_ex_ex2_stage|ex2_reg[21]
    Info (332115):      7.754      3.568 RR  CELL  LayerNorm|i_preprocess_stage|Mult1|auto_generated|mac_mult5|dataout[35]
    Info (332115):      7.754      0.000 RR    IC  LayerNorm|i_preprocess_stage|Mult1|auto_generated|mac_out6|dataa[5]
    Info (332115):      7.874      0.120 RR  CELL  LayerNorm|i_preprocess_stage|Mult1|auto_generated|mac_out6|dataout[5]
    Info (332115):      8.889      1.015 RR    IC  LayerNorm|i_preprocess_stage|Mult1|auto_generated|add9_result[1]~2|datab
    Info (332115):      9.413      0.524 RF  CELL  LayerNorm|i_preprocess_stage|Mult1|auto_generated|add9_result[1]~2|cout
    Info (332115):      9.413      0.000 FF    IC  LayerNorm|i_preprocess_stage|Mult1|auto_generated|add9_result[2]~4|cin
    Info (332115):      9.472      0.059 FR  CELL  LayerNorm|i_preprocess_stage|Mult1|auto_generated|add9_result[2]~4|cout
    Info (332115):      9.472      0.000 RR    IC  LayerNorm|i_preprocess_stage|Mult1|auto_generated|add9_result[3]~6|cin
    Info (332115):      9.531      0.059 RF  CELL  LayerNorm|i_preprocess_stage|Mult1|auto_generated|add9_result[3]~6|cout
    Info (332115):      9.531      0.000 FF    IC  LayerNorm|i_preprocess_stage|Mult1|auto_generated|add9_result[4]~8|cin
    Info (332115):      9.590      0.059 FR  CELL  LayerNorm|i_preprocess_stage|Mult1|auto_generated|add9_result[4]~8|cout
    Info (332115):      9.590      0.000 RR    IC  LayerNorm|i_preprocess_stage|Mult1|auto_generated|add9_result[5]~10|cin
    Info (332115):     10.227      0.637 RR  CELL  LayerNorm|i_preprocess_stage|Mult1|auto_generated|add9_result[5]~10|combout
    Info (332115):     10.971      0.744 RR    IC  LayerNorm|i_preprocess_stage|Mult1|auto_generated|op_1~11|dataa
    Info (332115):     11.477      0.506 RF  CELL  LayerNorm|i_preprocess_stage|Mult1|auto_generated|op_1~11|cout
    Info (332115):     11.477      0.000 FF    IC  LayerNorm|i_preprocess_stage|Mult1|auto_generated|op_1~13|cin
    Info (332115):     11.536      0.059 FR  CELL  LayerNorm|i_preprocess_stage|Mult1|auto_generated|op_1~13|cout
    Info (332115):     11.536      0.000 RR    IC  LayerNorm|i_preprocess_stage|Mult1|auto_generated|op_1~15|cin
    Info (332115):     11.595      0.059 RF  CELL  LayerNorm|i_preprocess_stage|Mult1|auto_generated|op_1~15|cout
    Info (332115):     11.595      0.000 FF    IC  LayerNorm|i_preprocess_stage|Mult1|auto_generated|op_1~17|cin
    Info (332115):     11.654      0.059 FR  CELL  LayerNorm|i_preprocess_stage|Mult1|auto_generated|op_1~17|cout
    Info (332115):     11.654      0.000 RR    IC  LayerNorm|i_preprocess_stage|Mult1|auto_generated|op_1~19|cin
    Info (332115):     11.713      0.059 RF  CELL  LayerNorm|i_preprocess_stage|Mult1|auto_generated|op_1~19|cout
    Info (332115):     11.713      0.000 FF    IC  LayerNorm|i_preprocess_stage|Mult1|auto_generated|op_1~21|cin
    Info (332115):     11.772      0.059 FR  CELL  LayerNorm|i_preprocess_stage|Mult1|auto_generated|op_1~21|cout
    Info (332115):     11.772      0.000 RR    IC  LayerNorm|i_preprocess_stage|Mult1|auto_generated|op_1~23|cin
    Info (332115):     11.831      0.059 RF  CELL  LayerNorm|i_preprocess_stage|Mult1|auto_generated|op_1~23|cout
    Info (332115):     11.831      0.000 FF    IC  LayerNorm|i_preprocess_stage|Mult1|auto_generated|op_1~25|cin
    Info (332115):     11.890      0.059 FR  CELL  LayerNorm|i_preprocess_stage|Mult1|auto_generated|op_1~25|cout
    Info (332115):     11.890      0.000 RR    IC  LayerNorm|i_preprocess_stage|Mult1|auto_generated|op_1~27|cin
    Info (332115):     11.949      0.059 RF  CELL  LayerNorm|i_preprocess_stage|Mult1|auto_generated|op_1~27|cout
    Info (332115):     11.949      0.000 FF    IC  LayerNorm|i_preprocess_stage|Mult1|auto_generated|op_1~28|cin
    Info (332115):     12.008      0.059 FR  CELL  LayerNorm|i_preprocess_stage|Mult1|auto_generated|op_1~28|cout
    Info (332115):     12.008      0.000 RR    IC  LayerNorm|i_preprocess_stage|Mult1|auto_generated|op_1~30|cin
    Info (332115):     12.067      0.059 RF  CELL  LayerNorm|i_preprocess_stage|Mult1|auto_generated|op_1~30|cout
    Info (332115):     12.067      0.000 FF    IC  LayerNorm|i_preprocess_stage|Mult1|auto_generated|op_1~32|cin
    Info (332115):     12.126      0.059 FR  CELL  LayerNorm|i_preprocess_stage|Mult1|auto_generated|op_1~32|cout
    Info (332115):     12.126      0.000 RR    IC  LayerNorm|i_preprocess_stage|Mult1|auto_generated|op_1~34|cin
    Info (332115):     12.185      0.059 RF  CELL  LayerNorm|i_preprocess_stage|Mult1|auto_generated|op_1~34|cout
    Info (332115):     12.185      0.000 FF    IC  LayerNorm|i_preprocess_stage|Mult1|auto_generated|op_1~36|cin
    Info (332115):     12.244      0.059 FR  CELL  LayerNorm|i_preprocess_stage|Mult1|auto_generated|op_1~36|cout
    Info (332115):     12.244      0.000 RR    IC  LayerNorm|i_preprocess_stage|Mult1|auto_generated|op_1~38|cin
    Info (332115):     12.303      0.059 RF  CELL  LayerNorm|i_preprocess_stage|Mult1|auto_generated|op_1~38|cout
    Info (332115):     12.303      0.000 FF    IC  LayerNorm|i_preprocess_stage|Mult1|auto_generated|op_1~40|cin
    Info (332115):     12.362      0.059 FR  CELL  LayerNorm|i_preprocess_stage|Mult1|auto_generated|op_1~40|cout
    Info (332115):     12.362      0.000 RR    IC  LayerNorm|i_preprocess_stage|Mult1|auto_generated|op_1~42|cin
    Info (332115):     12.421      0.059 RF  CELL  LayerNorm|i_preprocess_stage|Mult1|auto_generated|op_1~42|cout
    Info (332115):     12.421      0.000 FF    IC  LayerNorm|i_preprocess_stage|Mult1|auto_generated|op_1~44|cin
    Info (332115):     12.480      0.059 FR  CELL  LayerNorm|i_preprocess_stage|Mult1|auto_generated|op_1~44|cout
    Info (332115):     12.480      0.000 RR    IC  LayerNorm|i_preprocess_stage|Mult1|auto_generated|op_1~46|cin
    Info (332115):     12.539      0.059 RF  CELL  LayerNorm|i_preprocess_stage|Mult1|auto_generated|op_1~46|cout
    Info (332115):     12.539      0.000 FF    IC  LayerNorm|i_preprocess_stage|Mult1|auto_generated|op_1~48|cin
    Info (332115):     12.598      0.059 FR  CELL  LayerNorm|i_preprocess_stage|Mult1|auto_generated|op_1~48|cout
    Info (332115):     12.598      0.000 RR    IC  LayerNorm|i_preprocess_stage|Mult1|auto_generated|op_1~50|cin
    Info (332115):     12.657      0.059 RF  CELL  LayerNorm|i_preprocess_stage|Mult1|auto_generated|op_1~50|cout
    Info (332115):     12.657      0.000 FF    IC  LayerNorm|i_preprocess_stage|Mult1|auto_generated|op_1~52|cin
    Info (332115):     12.716      0.059 FR  CELL  LayerNorm|i_preprocess_stage|Mult1|auto_generated|op_1~52|cout
    Info (332115):     12.716      0.000 RR    IC  LayerNorm|i_preprocess_stage|Mult1|auto_generated|op_1~54|cin
    Info (332115):     12.775      0.059 RF  CELL  LayerNorm|i_preprocess_stage|Mult1|auto_generated|op_1~54|cout
    Info (332115):     12.775      0.000 FF    IC  LayerNorm|i_preprocess_stage|Mult1|auto_generated|op_1~56|cin
    Info (332115):     12.834      0.059 FR  CELL  LayerNorm|i_preprocess_stage|Mult1|auto_generated|op_1~56|cout
    Info (332115):     12.834      0.000 RR    IC  LayerNorm|i_preprocess_stage|Mult1|auto_generated|op_1~58|cin
    Info (332115):     13.471      0.637 RR  CELL  LayerNorm|i_preprocess_stage|Mult1|auto_generated|op_1~58|combout
    Info (332115):     14.186      0.715 RR    IC  LayerNorm|i_preprocess_stage|var_hw_raw[15]~30|datab
    Info (332115):     14.710      0.524 RF  CELL  LayerNorm|i_preprocess_stage|var_hw_raw[15]~30|cout
    Info (332115):     14.710      0.000 FF    IC  LayerNorm|i_preprocess_stage|var_hw_raw[16]~32|cin
    Info (332115):     14.769      0.059 FR  CELL  LayerNorm|i_preprocess_stage|var_hw_raw[16]~32|cout
    Info (332115):     14.769      0.000 RR    IC  LayerNorm|i_preprocess_stage|var_hw_raw[17]~34|cin
    Info (332115):     15.406      0.637 RR  CELL  LayerNorm|i_preprocess_stage|var_hw_raw[17]~34|combout
    Info (332115):     16.198      0.792 RR    IC  LayerNorm|i_preprocess_stage|lut_idx_comb[0]~0|dataa
    Info (332115):     16.617      0.419 RF  CELL  LayerNorm|i_preprocess_stage|lut_idx_comb[0]~0|combout
    Info (332115):     16.851      0.234 FF    IC  LayerNorm|i_preprocess_stage|lut_idx_comb[0]~1|datad
    Info (332115):     16.982      0.131 FF  CELL  LayerNorm|i_preprocess_stage|lut_idx_comb[0]~1|combout
    Info (332115):     17.221      0.239 FF    IC  LayerNorm|i_preprocess_stage|lut_idx_comb[0]~2|datad
    Info (332115):     17.352      0.131 FF  CELL  LayerNorm|i_preprocess_stage|lut_idx_comb[0]~2|combout
    Info (332115):     17.588      0.236 FF    IC  LayerNorm|i_preprocess_stage|lut_idx_comb[0]~3|datad
    Info (332115):     17.719      0.131 FF  CELL  LayerNorm|i_preprocess_stage|lut_idx_comb[0]~3|combout
    Info (332115):     17.954      0.235 FF    IC  LayerNorm|i_preprocess_stage|lut_idx_comb[0]~4|datad
    Info (332115):     18.085      0.131 FF  CELL  LayerNorm|i_preprocess_stage|lut_idx_comb[0]~4|combout
    Info (332115):     18.409      0.324 FF    IC  LayerNorm|i_preprocess_stage|lut_idx_comb[1]~6|datad
    Info (332115):     18.570      0.161 FR  CELL  LayerNorm|i_preprocess_stage|lut_idx_comb[1]~6|combout
    Info (332115):     19.030      0.460 RR    IC  LayerNorm|i_preprocess_stage|Add4~2|datab
    Info (332115):     19.554      0.524 RF  CELL  LayerNorm|i_preprocess_stage|Add4~2|cout
    Info (332115):     19.554      0.000 FF    IC  LayerNorm|i_preprocess_stage|Add4~4|cin
    Info (332115):     19.613      0.059 FR  CELL  LayerNorm|i_preprocess_stage|Add4~4|cout
    Info (332115):     19.613      0.000 RR    IC  LayerNorm|i_preprocess_stage|Add4~6|cin
    Info (332115):     19.672      0.059 RF  CELL  LayerNorm|i_preprocess_stage|Add4~6|cout
    Info (332115):     19.672      0.000 FF    IC  LayerNorm|i_preprocess_stage|Add4~8|cin
    Info (332115):     19.731      0.059 FR  CELL  LayerNorm|i_preprocess_stage|Add4~8|cout
    Info (332115):     19.731      0.000 RR    IC  LayerNorm|i_preprocess_stage|Add4~10|cin
    Info (332115):     19.790      0.059 RF  CELL  LayerNorm|i_preprocess_stage|Add4~10|cout
    Info (332115):     19.790      0.000 FF    IC  LayerNorm|i_preprocess_stage|Add4~12|cin
    Info (332115):     19.849      0.059 FR  CELL  LayerNorm|i_preprocess_stage|Add4~12|cout
    Info (332115):     19.849      0.000 RR    IC  LayerNorm|i_preprocess_stage|Add4~14|cin
    Info (332115):     19.908      0.059 RF  CELL  LayerNorm|i_preprocess_stage|Add4~14|cout
    Info (332115):     19.908      0.000 FF    IC  LayerNorm|i_preprocess_stage|Add4~16|cin
    Info (332115):     19.967      0.059 FR  CELL  LayerNorm|i_preprocess_stage|Add4~16|cout
    Info (332115):     19.967      0.000 RR    IC  LayerNorm|i_preprocess_stage|Add4~18|cin
    Info (332115):     20.026      0.059 RF  CELL  LayerNorm|i_preprocess_stage|Add4~18|cout
    Info (332115):     20.026      0.000 FF    IC  LayerNorm|i_preprocess_stage|Add4~20|cin
    Info (332115):     20.085      0.059 FR  CELL  LayerNorm|i_preprocess_stage|Add4~20|cout
    Info (332115):     20.085      0.000 RR    IC  LayerNorm|i_preprocess_stage|Add4~22|cin
    Info (332115):     20.144      0.059 RF  CELL  LayerNorm|i_preprocess_stage|Add4~22|cout
    Info (332115):     20.144      0.000 FF    IC  LayerNorm|i_preprocess_stage|Add4~24|cin
    Info (332115):     20.203      0.059 FR  CELL  LayerNorm|i_preprocess_stage|Add4~24|cout
    Info (332115):     20.203      0.000 RR    IC  LayerNorm|i_preprocess_stage|Add4~26|cin
    Info (332115):     20.840      0.637 RR  CELL  LayerNorm|i_preprocess_stage|Add4~26|combout
    Info (332115):     21.813      0.973 RR    IC  LayerNorm|Selector2~12|datad
    Info (332115):     21.979      0.166 RR  CELL  LayerNorm|Selector2~12|combout
    Info (332115):     22.182      0.203 RR    IC  mem_start_addr~19|datad
    Info (332115):     22.348      0.166 RR  CELL  mem_start_addr~19|combout
    Info (332115):     22.348      0.000 RR    IC  mem_start_addr[14]~reg0|d
    Info (332115):     22.437      0.089 RR  CELL  mem_start_addr[14]~reg0
    Info (332115): Data Required Path:
    Info (332115): Total (ns)  Incr (ns)     Type  Element
    Info (332115): ==========  ========= ==  ====  ===================================
    Info (332115):      1.000      1.000           latch edge time
    Info (332115):      1.000      0.000           source latency
    Info (332115):      1.000      0.000           clk
    Info (332115):      1.000      0.000 RR    IC  clk~input|i
    Info (332115):      1.708      0.708 RR  CELL  clk~input|o
    Info (332115):      2.566      0.858 RR    IC  clk~inputclkctrl|inclk[0]
    Info (332115):      2.566      0.000 RR  CELL  clk~inputclkctrl|outclk
    Info (332115):      4.482      1.916 RR    IC  mem_start_addr[14]~reg0|clk
    Info (332115):      4.957      0.475 RR  CELL  mem_start_addr[14]~reg0
    Info (332115):      5.020      0.063           clock pessimism removed
    Info (332115):      5.000     -0.020           clock uncertainty
    Info (332115):      5.013      0.013     uTsu  mem_start_addr[14]~reg0
    Info (332115): Data Arrival Time  :    22.437
    Info (332115): Data Required Time :     5.013
    Info (332115): Slack              :   -17.424 (VIOLATED)
    Info (332115): ===================================================================
Info (332115): Path #20: Setup slack is -17.424 (VIOLATED)
    Info (332115): ===================================================================
    Info (332115): From Node    : LayerNorm:LayerNorm|ex_ex2_stage:i_ex_ex2_stage|ex2_reg[22]
    Info (332115): To Node      : mem_start_addr[14]~reg0
    Info (332115): Launch Clock : clk
    Info (332115): Latch Clock  : clk
    Info (332115): Data Arrival Path:
    Info (332115): Total (ns)  Incr (ns)     Type  Element
    Info (332115): ==========  ========= ==  ====  ===================================
    Info (332115):      0.000      0.000           launch edge time
    Info (332115):      0.000      0.000           source latency
    Info (332115):      0.000      0.000           clk
    Info (332115):      0.000      0.000 RR    IC  clk~input|i
    Info (332115):      0.708      0.708 RR  CELL  clk~input|o
    Info (332115):      1.602      0.894 RR    IC  clk~inputclkctrl|inclk[0]
    Info (332115):      1.602      0.000 RR  CELL  clk~inputclkctrl|outclk
    Info (332115):      3.488      1.886 RR    IC  LayerNorm|i_preprocess_stage|Mult1|auto_generated|mac_mult5|clk
    Info (332115):      3.873      0.385 RR  CELL  LayerNorm:LayerNorm|ex_ex2_stage:i_ex_ex2_stage|ex2_reg[22]
    Info (332115):      4.186      0.313     uTco  LayerNorm:LayerNorm|ex_ex2_stage:i_ex_ex2_stage|ex2_reg[22]
    Info (332115):      7.754      3.568 RR  CELL  LayerNorm|i_preprocess_stage|Mult1|auto_generated|mac_mult5|dataout[35]
    Info (332115):      7.754      0.000 RR    IC  LayerNorm|i_preprocess_stage|Mult1|auto_generated|mac_out6|dataa[5]
    Info (332115):      7.874      0.120 RR  CELL  LayerNorm|i_preprocess_stage|Mult1|auto_generated|mac_out6|dataout[5]
    Info (332115):      8.889      1.015 RR    IC  LayerNorm|i_preprocess_stage|Mult1|auto_generated|add9_result[1]~2|datab
    Info (332115):      9.413      0.524 RF  CELL  LayerNorm|i_preprocess_stage|Mult1|auto_generated|add9_result[1]~2|cout
    Info (332115):      9.413      0.000 FF    IC  LayerNorm|i_preprocess_stage|Mult1|auto_generated|add9_result[2]~4|cin
    Info (332115):      9.472      0.059 FR  CELL  LayerNorm|i_preprocess_stage|Mult1|auto_generated|add9_result[2]~4|cout
    Info (332115):      9.472      0.000 RR    IC  LayerNorm|i_preprocess_stage|Mult1|auto_generated|add9_result[3]~6|cin
    Info (332115):      9.531      0.059 RF  CELL  LayerNorm|i_preprocess_stage|Mult1|auto_generated|add9_result[3]~6|cout
    Info (332115):      9.531      0.000 FF    IC  LayerNorm|i_preprocess_stage|Mult1|auto_generated|add9_result[4]~8|cin
    Info (332115):      9.590      0.059 FR  CELL  LayerNorm|i_preprocess_stage|Mult1|auto_generated|add9_result[4]~8|cout
    Info (332115):      9.590      0.000 RR    IC  LayerNorm|i_preprocess_stage|Mult1|auto_generated|add9_result[5]~10|cin
    Info (332115):     10.227      0.637 RR  CELL  LayerNorm|i_preprocess_stage|Mult1|auto_generated|add9_result[5]~10|combout
    Info (332115):     10.971      0.744 RR    IC  LayerNorm|i_preprocess_stage|Mult1|auto_generated|op_1~11|dataa
    Info (332115):     11.477      0.506 RF  CELL  LayerNorm|i_preprocess_stage|Mult1|auto_generated|op_1~11|cout
    Info (332115):     11.477      0.000 FF    IC  LayerNorm|i_preprocess_stage|Mult1|auto_generated|op_1~13|cin
    Info (332115):     11.536      0.059 FR  CELL  LayerNorm|i_preprocess_stage|Mult1|auto_generated|op_1~13|cout
    Info (332115):     11.536      0.000 RR    IC  LayerNorm|i_preprocess_stage|Mult1|auto_generated|op_1~15|cin
    Info (332115):     11.595      0.059 RF  CELL  LayerNorm|i_preprocess_stage|Mult1|auto_generated|op_1~15|cout
    Info (332115):     11.595      0.000 FF    IC  LayerNorm|i_preprocess_stage|Mult1|auto_generated|op_1~17|cin
    Info (332115):     11.654      0.059 FR  CELL  LayerNorm|i_preprocess_stage|Mult1|auto_generated|op_1~17|cout
    Info (332115):     11.654      0.000 RR    IC  LayerNorm|i_preprocess_stage|Mult1|auto_generated|op_1~19|cin
    Info (332115):     11.713      0.059 RF  CELL  LayerNorm|i_preprocess_stage|Mult1|auto_generated|op_1~19|cout
    Info (332115):     11.713      0.000 FF    IC  LayerNorm|i_preprocess_stage|Mult1|auto_generated|op_1~21|cin
    Info (332115):     11.772      0.059 FR  CELL  LayerNorm|i_preprocess_stage|Mult1|auto_generated|op_1~21|cout
    Info (332115):     11.772      0.000 RR    IC  LayerNorm|i_preprocess_stage|Mult1|auto_generated|op_1~23|cin
    Info (332115):     11.831      0.059 RF  CELL  LayerNorm|i_preprocess_stage|Mult1|auto_generated|op_1~23|cout
    Info (332115):     11.831      0.000 FF    IC  LayerNorm|i_preprocess_stage|Mult1|auto_generated|op_1~25|cin
    Info (332115):     11.890      0.059 FR  CELL  LayerNorm|i_preprocess_stage|Mult1|auto_generated|op_1~25|cout
    Info (332115):     11.890      0.000 RR    IC  LayerNorm|i_preprocess_stage|Mult1|auto_generated|op_1~27|cin
    Info (332115):     11.949      0.059 RF  CELL  LayerNorm|i_preprocess_stage|Mult1|auto_generated|op_1~27|cout
    Info (332115):     11.949      0.000 FF    IC  LayerNorm|i_preprocess_stage|Mult1|auto_generated|op_1~28|cin
    Info (332115):     12.008      0.059 FR  CELL  LayerNorm|i_preprocess_stage|Mult1|auto_generated|op_1~28|cout
    Info (332115):     12.008      0.000 RR    IC  LayerNorm|i_preprocess_stage|Mult1|auto_generated|op_1~30|cin
    Info (332115):     12.067      0.059 RF  CELL  LayerNorm|i_preprocess_stage|Mult1|auto_generated|op_1~30|cout
    Info (332115):     12.067      0.000 FF    IC  LayerNorm|i_preprocess_stage|Mult1|auto_generated|op_1~32|cin
    Info (332115):     12.126      0.059 FR  CELL  LayerNorm|i_preprocess_stage|Mult1|auto_generated|op_1~32|cout
    Info (332115):     12.126      0.000 RR    IC  LayerNorm|i_preprocess_stage|Mult1|auto_generated|op_1~34|cin
    Info (332115):     12.185      0.059 RF  CELL  LayerNorm|i_preprocess_stage|Mult1|auto_generated|op_1~34|cout
    Info (332115):     12.185      0.000 FF    IC  LayerNorm|i_preprocess_stage|Mult1|auto_generated|op_1~36|cin
    Info (332115):     12.244      0.059 FR  CELL  LayerNorm|i_preprocess_stage|Mult1|auto_generated|op_1~36|cout
    Info (332115):     12.244      0.000 RR    IC  LayerNorm|i_preprocess_stage|Mult1|auto_generated|op_1~38|cin
    Info (332115):     12.303      0.059 RF  CELL  LayerNorm|i_preprocess_stage|Mult1|auto_generated|op_1~38|cout
    Info (332115):     12.303      0.000 FF    IC  LayerNorm|i_preprocess_stage|Mult1|auto_generated|op_1~40|cin
    Info (332115):     12.362      0.059 FR  CELL  LayerNorm|i_preprocess_stage|Mult1|auto_generated|op_1~40|cout
    Info (332115):     12.362      0.000 RR    IC  LayerNorm|i_preprocess_stage|Mult1|auto_generated|op_1~42|cin
    Info (332115):     12.421      0.059 RF  CELL  LayerNorm|i_preprocess_stage|Mult1|auto_generated|op_1~42|cout
    Info (332115):     12.421      0.000 FF    IC  LayerNorm|i_preprocess_stage|Mult1|auto_generated|op_1~44|cin
    Info (332115):     12.480      0.059 FR  CELL  LayerNorm|i_preprocess_stage|Mult1|auto_generated|op_1~44|cout
    Info (332115):     12.480      0.000 RR    IC  LayerNorm|i_preprocess_stage|Mult1|auto_generated|op_1~46|cin
    Info (332115):     12.539      0.059 RF  CELL  LayerNorm|i_preprocess_stage|Mult1|auto_generated|op_1~46|cout
    Info (332115):     12.539      0.000 FF    IC  LayerNorm|i_preprocess_stage|Mult1|auto_generated|op_1~48|cin
    Info (332115):     12.598      0.059 FR  CELL  LayerNorm|i_preprocess_stage|Mult1|auto_generated|op_1~48|cout
    Info (332115):     12.598      0.000 RR    IC  LayerNorm|i_preprocess_stage|Mult1|auto_generated|op_1~50|cin
    Info (332115):     12.657      0.059 RF  CELL  LayerNorm|i_preprocess_stage|Mult1|auto_generated|op_1~50|cout
    Info (332115):     12.657      0.000 FF    IC  LayerNorm|i_preprocess_stage|Mult1|auto_generated|op_1~52|cin
    Info (332115):     12.716      0.059 FR  CELL  LayerNorm|i_preprocess_stage|Mult1|auto_generated|op_1~52|cout
    Info (332115):     12.716      0.000 RR    IC  LayerNorm|i_preprocess_stage|Mult1|auto_generated|op_1~54|cin
    Info (332115):     12.775      0.059 RF  CELL  LayerNorm|i_preprocess_stage|Mult1|auto_generated|op_1~54|cout
    Info (332115):     12.775      0.000 FF    IC  LayerNorm|i_preprocess_stage|Mult1|auto_generated|op_1~56|cin
    Info (332115):     12.834      0.059 FR  CELL  LayerNorm|i_preprocess_stage|Mult1|auto_generated|op_1~56|cout
    Info (332115):     12.834      0.000 RR    IC  LayerNorm|i_preprocess_stage|Mult1|auto_generated|op_1~58|cin
    Info (332115):     13.471      0.637 RR  CELL  LayerNorm|i_preprocess_stage|Mult1|auto_generated|op_1~58|combout
    Info (332115):     14.186      0.715 RR    IC  LayerNorm|i_preprocess_stage|var_hw_raw[15]~30|datab
    Info (332115):     14.710      0.524 RF  CELL  LayerNorm|i_preprocess_stage|var_hw_raw[15]~30|cout
    Info (332115):     14.710      0.000 FF    IC  LayerNorm|i_preprocess_stage|var_hw_raw[16]~32|cin
    Info (332115):     14.769      0.059 FR  CELL  LayerNorm|i_preprocess_stage|var_hw_raw[16]~32|cout
    Info (332115):     14.769      0.000 RR    IC  LayerNorm|i_preprocess_stage|var_hw_raw[17]~34|cin
    Info (332115):     15.406      0.637 RR  CELL  LayerNorm|i_preprocess_stage|var_hw_raw[17]~34|combout
    Info (332115):     16.198      0.792 RR    IC  LayerNorm|i_preprocess_stage|lut_idx_comb[0]~0|dataa
    Info (332115):     16.617      0.419 RF  CELL  LayerNorm|i_preprocess_stage|lut_idx_comb[0]~0|combout
    Info (332115):     16.851      0.234 FF    IC  LayerNorm|i_preprocess_stage|lut_idx_comb[0]~1|datad
    Info (332115):     16.982      0.131 FF  CELL  LayerNorm|i_preprocess_stage|lut_idx_comb[0]~1|combout
    Info (332115):     17.221      0.239 FF    IC  LayerNorm|i_preprocess_stage|lut_idx_comb[0]~2|datad
    Info (332115):     17.352      0.131 FF  CELL  LayerNorm|i_preprocess_stage|lut_idx_comb[0]~2|combout
    Info (332115):     17.588      0.236 FF    IC  LayerNorm|i_preprocess_stage|lut_idx_comb[0]~3|datad
    Info (332115):     17.719      0.131 FF  CELL  LayerNorm|i_preprocess_stage|lut_idx_comb[0]~3|combout
    Info (332115):     17.954      0.235 FF    IC  LayerNorm|i_preprocess_stage|lut_idx_comb[0]~4|datad
    Info (332115):     18.085      0.131 FF  CELL  LayerNorm|i_preprocess_stage|lut_idx_comb[0]~4|combout
    Info (332115):     18.409      0.324 FF    IC  LayerNorm|i_preprocess_stage|lut_idx_comb[1]~6|datad
    Info (332115):     18.570      0.161 FR  CELL  LayerNorm|i_preprocess_stage|lut_idx_comb[1]~6|combout
    Info (332115):     19.030      0.460 RR    IC  LayerNorm|i_preprocess_stage|Add4~2|datab
    Info (332115):     19.554      0.524 RF  CELL  LayerNorm|i_preprocess_stage|Add4~2|cout
    Info (332115):     19.554      0.000 FF    IC  LayerNorm|i_preprocess_stage|Add4~4|cin
    Info (332115):     19.613      0.059 FR  CELL  LayerNorm|i_preprocess_stage|Add4~4|cout
    Info (332115):     19.613      0.000 RR    IC  LayerNorm|i_preprocess_stage|Add4~6|cin
    Info (332115):     19.672      0.059 RF  CELL  LayerNorm|i_preprocess_stage|Add4~6|cout
    Info (332115):     19.672      0.000 FF    IC  LayerNorm|i_preprocess_stage|Add4~8|cin
    Info (332115):     19.731      0.059 FR  CELL  LayerNorm|i_preprocess_stage|Add4~8|cout
    Info (332115):     19.731      0.000 RR    IC  LayerNorm|i_preprocess_stage|Add4~10|cin
    Info (332115):     19.790      0.059 RF  CELL  LayerNorm|i_preprocess_stage|Add4~10|cout
    Info (332115):     19.790      0.000 FF    IC  LayerNorm|i_preprocess_stage|Add4~12|cin
    Info (332115):     19.849      0.059 FR  CELL  LayerNorm|i_preprocess_stage|Add4~12|cout
    Info (332115):     19.849      0.000 RR    IC  LayerNorm|i_preprocess_stage|Add4~14|cin
    Info (332115):     19.908      0.059 RF  CELL  LayerNorm|i_preprocess_stage|Add4~14|cout
    Info (332115):     19.908      0.000 FF    IC  LayerNorm|i_preprocess_stage|Add4~16|cin
    Info (332115):     19.967      0.059 FR  CELL  LayerNorm|i_preprocess_stage|Add4~16|cout
    Info (332115):     19.967      0.000 RR    IC  LayerNorm|i_preprocess_stage|Add4~18|cin
    Info (332115):     20.026      0.059 RF  CELL  LayerNorm|i_preprocess_stage|Add4~18|cout
    Info (332115):     20.026      0.000 FF    IC  LayerNorm|i_preprocess_stage|Add4~20|cin
    Info (332115):     20.085      0.059 FR  CELL  LayerNorm|i_preprocess_stage|Add4~20|cout
    Info (332115):     20.085      0.000 RR    IC  LayerNorm|i_preprocess_stage|Add4~22|cin
    Info (332115):     20.144      0.059 RF  CELL  LayerNorm|i_preprocess_stage|Add4~22|cout
    Info (332115):     20.144      0.000 FF    IC  LayerNorm|i_preprocess_stage|Add4~24|cin
    Info (332115):     20.203      0.059 FR  CELL  LayerNorm|i_preprocess_stage|Add4~24|cout
    Info (332115):     20.203      0.000 RR    IC  LayerNorm|i_preprocess_stage|Add4~26|cin
    Info (332115):     20.840      0.637 RR  CELL  LayerNorm|i_preprocess_stage|Add4~26|combout
    Info (332115):     21.813      0.973 RR    IC  LayerNorm|Selector2~12|datad
    Info (332115):     21.979      0.166 RR  CELL  LayerNorm|Selector2~12|combout
    Info (332115):     22.182      0.203 RR    IC  mem_start_addr~19|datad
    Info (332115):     22.348      0.166 RR  CELL  mem_start_addr~19|combout
    Info (332115):     22.348      0.000 RR    IC  mem_start_addr[14]~reg0|d
    Info (332115):     22.437      0.089 RR  CELL  mem_start_addr[14]~reg0
    Info (332115): Data Required Path:
    Info (332115): Total (ns)  Incr (ns)     Type  Element
    Info (332115): ==========  ========= ==  ====  ===================================
    Info (332115):      1.000      1.000           latch edge time
    Info (332115):      1.000      0.000           source latency
    Info (332115):      1.000      0.000           clk
    Info (332115):      1.000      0.000 RR    IC  clk~input|i
    Info (332115):      1.708      0.708 RR  CELL  clk~input|o
    Info (332115):      2.566      0.858 RR    IC  clk~inputclkctrl|inclk[0]
    Info (332115):      2.566      0.000 RR  CELL  clk~inputclkctrl|outclk
    Info (332115):      4.482      1.916 RR    IC  mem_start_addr[14]~reg0|clk
    Info (332115):      4.957      0.475 RR  CELL  mem_start_addr[14]~reg0
    Info (332115):      5.020      0.063           clock pessimism removed
    Info (332115):      5.000     -0.020           clock uncertainty
    Info (332115):      5.013      0.013     uTsu  mem_start_addr[14]~reg0
    Info (332115): Data Arrival Time  :    22.437
    Info (332115): Data Required Time :     5.013
    Info (332115): Slack              :   -17.424 (VIOLATED)
    Info (332115): ===================================================================
Info (23030): Evaluation of Tcl script /data/project/tsmc65/shared/qsyn/util/report_worst.tcl was successful
Info: Quartus Prime Timing Analyzer was successful. 0 errors, 1 warning
    Info: Peak virtual memory: 726 megabytes
    Info: Processing ended: Thu Jul  9 18:08:14 2026
    Info: Elapsed time: 00:00:01
    Info: Total CPU time (on all processors): 00:00:01
