S0120000786D656D6370795F7265662E73313943
S20500000013E7
S20500000100F9
S20500000200F8
S20500000300F7
S20500000413E3
S20500000500F5
S20500000600F4
S20500000700F3
S20500000813DF
S20500000900F1
S20500000A00F0
S20500000B00EF
S20500000C13DB
S20500000D00ED
S20500000E00EC
S20500000F00EB
S20500001013D7
S20500001100E9
S20500001200E8
S20500001300E7
S20500001413D3
S20500001500E5
S20500001600E4
S20500001700E3
S20500001813CF
S20500001900E1
S20500001A00E0
S20500001B00DF
S20500001C13CB
S20500001D00DD
S20500001E00DC
S20500001F00DB
S20500002013C7
S20500002100D9
S20500002200D8
S20500002300D7
S20500002413C3
S20500002500D5
S20500002600D4
S20500002700D3
S20500002813BF
S20500002900D1
S20500002A00D0
S20500002B00CF
S20500002C13BB
S20500002D00CD
S20500002E00CC
S20500002F00CB
S20500003013B7
S20500003100C9
S20500003200C8
S20500003300C7
S20500003413B3
S20500003500C5
S20500003600C4
S20500003700C3
S20500003813AF
S20500003900C1
S20500003A00C0
S20500003B00BF
S20500003C13AB
S20500003D00BD
S20500003E00BC
S20500003F00BB
S20500004013A7
S20500004100B9
S20500004200B8
S20500004300B7
S20500004413A3
S20500004500B5
S20500004600B4
S20500004700B3
S205000048139F
S20500004900B1
S20500004A00B0
S20500004B00AF
S20500004C139B
S20500004D00AD
S20500004E00AC
S20500004F00AB
S2050000501397
S20500005100A9
S20500005200A8
S20500005300A7
S2050000541393
S20500005500A5
S20500005600A4
S20500005700A3
S205000058138F
S20500005900A1
S20500005A00A0
S20500005B009F
S20500005C138B
S20500005D009D
S20500005E009C
S20500005F009B
S2050000601387
S2050000610099
S2050000620098
S2050000630097
S2050000641383
S2050000650095
S2050000660094
S2050000670093
S205000068137F
S2050000690091
S20500006A0090
S20500006B008F
S20500006C137B
S20500006D008D
S20500006E008C
S20500006F008B
S2050000701377
S2050000710089
S2050000720088
S2050000730087
S2050000741373
S2050000750085
S2050000760084
S2050000770083
S205000078136F
S2050000790081
S20500007A0080
S20500007B007F
S20500007C136B
S20500007D007D
S20500007E007C
S20500007F007B
S2050000806F0B
S2050000810079
S2050000824038
S2050000830077
S20500008493E3
S2050000850075
S2050000860074
S2050000870073
S205000088135F
S20500008981F0
S20500008A0070
S20500008B006F
S20500008C93DB
S20500008D81EC
S20500008E006C
S20500008F006B
S2050000901357
S20500009182E7
S2050000920068
S2050000930067
S20500009493D3
S20500009582E3
S2050000960064
S2050000970063
S205000098134F
S20500009983DE
S20500009A0060
S20500009B005F
S20500009C93CB
S20500009D83DA
S20500009E005C
S20500009F005B
S2050000A01347
S2050000A184D5
S2050000A20058
S2050000A30057
S2050000A493C3
S2050000A584D1
S2050000A60054
S2050000A70053
S2050000A8133F
S2050000A985CC
S2050000AA0050
S2050000AB004F
S2050000AC93BB
S2050000AD85C8
S2050000AE004C
S2050000AF004B
S2050000B01337
S2050000B186C3
S2050000B20048
S2050000B30047
S2050000B493B3
S2050000B586BF
S2050000B60044
S2050000B70043
S2050000B8132F
S2050000B987BA
S2050000BA0040
S2050000BB003F
S2050000BC93AB
S2050000BD87B6
S2050000BE003C
S2050000BF003B
S2050000C01327
S2050000C188B1
S2050000C20038
S2050000C30037
S2050000C493A3
S2050000C588AD
S2050000C60034
S2050000C70033
S2050000C8131F
S2050000C989A8
S2050000CA0030
S2050000CB002F
S2050000CC939B
S2050000CD89A4
S2050000CE002C
S2050000CF002B
S2050000D01317
S2050000D18A9F
S2050000D20028
S2050000D30027
S2050000D49393
S2050000D58A9B
S2050000D60024
S2050000D70023
S2050000D8130F
S2050000D98B96
S2050000DA0020
S2050000DB001F
S2050000DC938B
S2050000DD8B92
S2050000DE001C
S2050000DF001B
S2050000E01307
S2050000E18C8D
S2050000E20018
S2050000E30017
S2050000E49383
S2050000E58C89
S2050000E60014
S2050000E70013
S2050000E813FF
S2050000E98D84
S2050000EA0010
S2050000EB000F
S2050000EC937B
S2050000ED8D80
S2050000EE000C
S2050000EF000B
S2050000F013F7
S2050000F18E7B
S2050000F20008
S2050000F30007
S2050000F49373
S2050000F58E77
S2050000F60004
S2050000F70003
S2050000F813EF
S2050000F98F72
S2050000FA0000
S2050000FB00FF
S2050000FC936B
S2050000FD8F6E
S2050000FE00FC
S2050000FF00FB
S20500010017E2
S2050001016197
S20500010210E7
S20500010300F6
S20500010413E2
S20500010501F3
S20500010601F2
S205000107DF13
S20500010817DA
S2050001090DE3
S20500010A10DF
S20500010B00EE
S20500010C13DA
S20500010D0DDF
S20500010E4D9E
S20500010F6F7B
S2050001109752
S2050001110DDB
S20500011210D7
S20500011300E6
S2050001149352
S2050001158D57
S2050001164D96
S2050001176F73
S205000118637E
S2050001195888
S20500011ABD22
S20500011B01DD
S20500011C23BA
S20500011D20BC
S20500011E0DCE
S20500011F00DA
S20500012013C6
S2050001210DCB
S2050001224D8A
S20500012300D6
S205000124E3F2
S205000125DCF8
S205000126AD26
S205000127FFD3
S205000128EFE2
S20500012920B0
S20500012A10BF
S20500012B09C5
S20500012C13BA
S20500012D05C7
S20500012E00CB
S20500012F00CA
S2050001309336
S20500013105C3
S20500013200C7
S20500013300C6
S205000134EFD6
S20500013520A4
S205000136D0F3
S2050001376E54
S205000138EFD2
S20500013900C0
S20500013A00BF
S20500013B00BE
S20500013C6756
S20500013D803C
S20500013E00BB
S20500013F00BA
S2050001409326
S205000141D7E1
S2050001424572
S2050001434175
S20500014413A2
S20500014501B3
S20500014601B2
S205000147FFB3
S205000148931E
S205000149F7B9
S20500014AF7B8
S20500014B7F2F
S20500014C238A
S20500014D2488
S20500014E812A
S20500014F00AA
S2050001502386
S2050001512286
S2050001529116
S20500015300A6
S2050001542382
S2050001552084
S2050001562182
S20500015701A1
S205000158237E
S205000159267A
S20500015A118E
S20500015B009E
S20500015C138A
S20500015D8715
S20500015E1784
S20500015FC0DA
S2050001609306
S2050001610692
S2050001623067
S2050001630195
S2050001641382
S2050001658410
S205000166058E
S2050001670092
S20500016893FE
S205000169048C
S20500016A058A
S20500016B008E
S20500016C137A
S20500016D0983
S20500016E0685
S20500016F008A
S2050001706326
S205000171CCBC
S205000172E6A1
S2050001730482
S2050001746322
S2050001754A3A
S205000176077C
S2050001771072
S205000178B7CA
S2050001790779
S20500017A106F
S20500017B007E
S20500017C93EA
S20500017D87F5
S20500017EF784
S20500017FFF7B
S205000180B3C6
S205000181D7A1
S205000182E790
S2050001834036
S2050001843342
S205000185F77D
S205000186B7BC
S2050001870072
S205000188333E
S2050001896709
S20500018AA7C8
S20500018B006E
S20500018C630A
S20500018D1A52
S20500018E0764
S20500018F0664
S20500019093D6
S2050001910761
S2050001920463
S2050001930066
S205000194B7AE
S205000195065E
S2050001960063
S20500019780E2
S205000198233E
S2050001992040
S20500019A99C6
S20500019B005E
S20500019C332A
S20500019DF468
S20500019E86D5
S20500019F005A
S2050001A02336
S2050001A12236
S2050001A2F95E
S2050001A30056
S2050001A493C2
S2050001A50450
S2050001A60053
S2050001A70052
S2050001A883CE
S2050001A92030
S2050001AAC18E
S2050001AB004E
S2050001AC93BA
S2050001AD0547
S2050001AE0447
S2050001AF004A
S2050001B00346
S2050001B12424
S2050001B281C6
S2050001B30046
S2050001B40342
S2050001B5291B
S2050001B60142
S2050001B70042
S2050001B8132E
S2050001B985BB
S2050001BA043B
S2050001BB003E
S2050001BC83BA
S2050001BD2418
S2050001BE41FA
S2050001BF003A
S2050001C01326
S2050001C10137
S2050001C20136
S2050001C30135
S2050001C467CE
S2050001C580B4
S2050001C60033
S2050001C70032
S2050001C8939E
S2050001C9062A
S2050001CA30FF
S2050001CB032B
S2050001CC63CA
S2050001CDC26A
S2050001CEE645
S2050001CF0822
S2050001D01316
S2050001D10721
S2050001D2F037
S2050001D3FF27
S2050001D49392
S2050001D5879D
S2050001D6D74C
S2050001D7BE64
S2050001D8B36E
S2050001D957C9
S2050001DAF728
S2050001DB001E
S2050001DC33EA
S2050001DDF725
S2050001DEA774
S2050001DF001A
S2050001E0E336
S2050001E10810
S2050001E20710
S2050001E3FA1C
S2050001E49382
S2050001E5C74D
S2050001E6F71C
S2050001E7FF13
S2050001E8B35E
S2050001E9F719
S2050001EAA768
S2050001EB000E
S2050001EC13FA
S2050001ED8884
S2050001EE0704
S2050001EF000A
S2050001F013F6
S2050001F18682
S2050001F20700
S2050001F30006
S2050001F49372
S2050001F5887C
S2050001F605FE
S2050001F70002
S2050001F8936E
S2050001F9867A
S2050001FA05FA
S2050001FB00FE
S2050001FC6F8E
S2050001FD00FC
S2050001FE00FB
S2050001FF02F8
S2050002009365
S205000201C730
S205000202F7FF
S205000203FFF6
S20500020413E1
S20500020507EC
S20500020600F2
S20500020700F1
S205000208B33D
S205000209F7F8
S20500020AB737
S20500020B00ED
S20500020C13D9
S20500020D08E3
S20500020E07E3
S20500020F00E9
S20500021013D5
S20500021106E1
S20500021207DF
S20500021300E5
S2050002149351
S205000215885B
S20500021607DB
S20500021700E1
S205000218934D
S2050002198659
S20500021A07D7
S20500021B00DD
S20500021C23B9
S20500021D20BB
S20500021E09D1
S20500021F01D8
S20500022023B5
S20500022122B5
S20500022219BD
S20500022301D4
S205000224EFE5
S20500022510C3
S2050002269042
S2050002274A87
S20500022813BD
S205000229844B
S20500022A05C9
S20500022B00CD
S20500022C8349
S20500022D20AB
S20500022EC109
S20500022F00C9
S2050002309335
S20500023105C2
S20500023204C2
S20500023300C5
S20500023403C1
S205000235249F
S2050002368141
S20500023700C1
S205000238932D
S20500023904BB
S20500023A05B9
S20500023B00BD
S20500023C03B9
S20500023D2992
S20500023E01B9
S20500023F00B9
S20500024013A5
S2050002418532
S20500024204B2
S20500024300B5
S2050002448331
S205000245248F
S2050002464171
S20500024700B1
S205000248139D
S20500024901AE
S20500024A01AD
S20500024B01AC
S20500024C6745
S20500024D802B
S20500024E00AA
S20500024F00A9
S2050002502385
S2050002512087
S205000252A9FD
S20500025300A5
S2050002542381
S2050002552281
S205000256B9E9
S20500025700A1
S205000258EFB1
S205000259009F
S20500025A009E
S20500025B0796
S20500025C6339
S20500025D1E7D
S20500025E0595
S20500025F0495
S2050002601385
S2050002618611
S2050002620492
S2050002630095
S2050002641381
S205000265850E
S205000266048E
S2050002670091
S20500026893FD
S2050002690689
S20500026A048A
S20500026B008D
S20500026C93F9
S20500026D0586
S20500026E0486
S20500026F0089
S205000270EF99
S2050002710087
S2050002728006
S2050002730C79
S20500027493F1
S205000275047F
S205000276057D
S2050002770081
S205000278136D
S20500027984FB
S20500027A0579
S20500027B007D
S20500027C2359
S20500027D205B
S20500027EA9D1
S20500027F0079
S2050002802355
S2050002812255
S205000282B9BD
S2050002830075
S2050002846F05
S205000285F083
S2050002865F13
S205000287F27F
S205000288B7B9
S2050002890768
S20500028A006E
S20500028B80ED
S20500028C83E9
S20500028D204B
S20500028EC1A9
S20500028F0069
S205000290B3B5
S205000291F770
S205000292B7AF
S2050002930065
S20500029493D1
S205000295055E
S205000296045E
S2050002970061
S205000298035D
S205000299243B
S20500029A81DD
S20500029B005D
S20500029C2339
S20500029D203B
S20500029E0654
S20500029F0059
S2050002A02335
S2050002A12235
S2050002A2F660
S2050002A30055
S2050002A40351
S2050002A5292A
S2050002A60151
S2050002A70051
S2050002A8133D
S2050002A985CA
S2050002AA044A
S2050002AB004D
S2050002AC83C9
S2050002AD2427
S2050002AE4109
S2050002AF0049
S2050002B01335
S2050002B10146
S2050002B20145
S2050002B30144
S2050002B467DD
S2050002B580C3
S2050002B60042
S2050002B70041
S2050002B8B789
S2050002B90738
S2050002BA003E
S2050002BB80BD
S2050002BC3309
S2050002BDF447
S2050002BE87B3
S2050002BF0039
S2050002C093A5
S2050002C10433
S2050002C20036
S2050002C30035
S2050002C46FC5
S2050002C5F043
S2050002C65FD3
S2050002C7EE43
S2050002C833FD
S2050002C967C8
S2050002CAB579
S2050002CB002D
S2050002CC9399
S2050002CD0724
S2050002CE0525
S2050002CF0029
S2050002D063C5
S2050002D10C1B
S2050002D2071F
S2050002D30421
S2050002D437ED
S2050002D5071C
S2050002D60022
S2050002D780A1
S2050002D863BD
S2050002D9829D
S2050002DAE539
S2050002DB0419
S2050002DC9389
S2050002DD0615
S2050002DEF723
S2050002DFFF1A
S2050002E0B365
S2050002E1F621
S2050002E2B660
S2050002E30015
S2050002E437DD
S2050002E5080B
S2050002E6F022
S2050002E7FF12
S2050002E833DD
S2050002E98887
S2050002EA0608
S2050002EB010C
S2050002ECB755
S2050002ED0803
S2050002EEE02A
S2050002EF7F8A
S2050002F013F5
S2050002F10502
S2050002F240C6
S2050002F30005
S2050002F463A1
S2050002F562A1
S2050002F618EA
S2050002F703FE
S2050002F837C9
S2050002F908F7
S2050002FA10EE
S2050002FB00FD
S2050002FC13E9
S2050002FD05F6
S2050002FE30CA
S2050002FF00F9
S2050003006394
S205000301EC0A
S20500030205F0
S20500030301F3
S20500030433C0
S20500030507EB
S205000306B73A
S20500030700F0
S205000308638C
S2050003096886
S20500030A07E6
S20500030B01EB
S20500030C37B4
S20500030D07E3
S20500030EF0F9
S20500030F7F69
S20500031013D4
S20500031105E1
S20500031200E5
S20500031300E4
S2050003146380
S2050003158E54
S205000316E6FB
S20500031700E0
S2050003186778
S205000319805E
S20500031A00DD
S20500031B00DC
S20500031C33A8
S20500031D35A5
S20500031EA039
S20500031F00D8
S20500032013C4
S20500032105D1
S20500032225B0
S20500032300D4
S205000324676C
S2050003258052
S20500032600D1
S20500032700D0
S20500032813BC
S20500032905C9
S20500032A20AD
S20500032B00CC
S20500032C6764
S20500032D804A
S20500032E00C9
S20500032F00C8
S20500033013B4
S205000331B511
S20500033217AE
S20500033300C4
S205000334675C
S2050003358042
S20500033600C1
S20500033700C0
S205000338B708
S20500033907B7
S20500033A10AD
S20500033B00BC
S20500033C13A8
S20500033D01B9
S20500033E01B8
S20500033FFEBA
S2050003409324
S2050003418E28
S205000342F7BE
S205000343FFB5
S2050003443380
S205000345F8BA
S205000346BEF3
S20500034700B0
S205000348B3FC
S205000349F7B7
S20500034ADECF
S20500034B00AC
S20500034C1398
S20500034DD3D7
S20500034E4663
S20500034F01A7
S2050003502384
S205000351287E
S2050003522184
S20500035301A3
S2050003541390
S205000355D9C9
S205000356455C
S205000357019F
S205000358930C
S2050003599707
S20500035A3766
S20500035B009C
S20500035C2378
S20500035D2C6E
S20500035E8118
S20500035F0098
S2050003601384
S205000361187E
S205000362385D
S2050003630094
S2050003641380
S205000365D4BE
S205000366F59C
S205000367018F
S205000368137C
S2050003695737
S20500036AD5B8
S20500036B018B
S20500036C93F8
S20500036D5832
S20500036ED6B3
S20500036F0187
S2050003701374
S205000371790D
S205000372F98C
S2050003737F05
S2050003741370
S205000375730F
S205000376F38E
S2050003777F01
S205000378235C
S2050003792E50
S20500037A116C
S20500037B007C
S20500037C2358
S20500037D2A50
S20500037E91E8
S20500037F0078
S2050003802354
S2050003812650
S2050003823144
S2050003830173
S20500038493E0
S205000385D69C
S205000386F67B
S205000387016F
S205000388B3BC
S205000389E886
S20500038AF875
S20500038B006C
S20500038C3338
S20500038D6703
S20500038E0762
S20500038F0167
S20500039093D4
S2050003911551
S2050003923530
S2050003930064
S2050003941350
S2050003951F43
S205000396362B
S2050003970060
S205000398B3AC
S2050003990757
S20500039A69F4
S20500039B401C
S20500039C63F8
S20500039D0456
S20500039ED485
S20500039F1E3A
S2050003A063F4
S2050003A15204
S2050003A2F065
S2050003A3163E
S2050003A463F0
S2050003A5064C
S2050003A6034E
S2050003A72828
S2050003A893BC
S2050003A90648
S2050003AAF05D
S2050003AB7FCD
S2050003AC63E8
S2050003AD0644
S2050003AED970
S2050003AF4206
S2050003B093B4
S2050003B10640
S2050003B280C5
S2050003B30341
S2050003B41330
S2050003B5063C
S2050003B61031
S2050003B70040
S2050003B863DC
S2050003B9CE70
S2050003BAF647
S2050003BB023A
S2050003BCB784
S2050003BD0634
S2050003BE80B9
S2050003BF0038
S2050003C0B384
S2050003C1E84E
S2050003C2D85D
S2050003C30034
S2050003C493A0
S2050003C5062C
S2050003C6F041
S2050003C7012F
S2050003C863CC
S2050003C9CE60
S2050003CAF637
S2050003CB52DA
S2050003CC9398
S2050003CD0624
S2050003CE0029
S2050003CF0226
S2050003D0B374
S2050003D186A0
S2050003D2F62F
S2050003D340E4
S2050003D433F0
S2050003D5968C
S2050003D6D849
S2050003D70020
S2050003D833EC
S2050003D955C9
S2050003DAFF1E
S2050003DB001C
S2050003DCB368
S2050003DD1604
S2050003DEDF3A
S2050003DF0018
S2050003E033E4
S2050003E166B0
S2050003E2A66F
S2050003E30014
S2050003E4B360
S2050003E536DC
S2050003E6D041
S2050003E70010
S2050003E8B35C
S2050003E9D836
S2050003EAF815
S2050003EB000C
S2050003EC33D8
S2050003ED66A4
S2050003EED633
S2050003EF0008
S2050003F033D4
S2050003F107FF
S2050003F217EE
S2050003F341C3
S2050003F433D0
S2050003F5867C
S2050003F6C53C
S2050003F740C0
S2050003F8B34C
S2050003F9B549
S2050003FAC538
S2050003FB00FC
S2050003FC9368
S2050003FD04F6
S2050003FE06F3
S2050003FF00F8
S205000400B343
S20500040109EC
S205000402B73D
S20500040340B3
S205000404935F
S205000405975A
S2050004068967
S20500040700EF
S205000408638B
S205000409DA13
S20500040A07E5
S20500040B32B9
S20500040CB733
S20500040D07E2
S20500040E8068
S20500040F00E7
S2050004109353
S205000411875E
S205000412F7ED
S205000413FFE4
S205000414B32F
S205000415F9E8
S205000416F9E7
S20500041700DF
S205000418637B
S2050004198855
S20500041A09D3
S20500041B2CAF
S20500041C13C7
S20500041D8554
S20500041E09CF
S20500041F00D7
S205000420EFE7
S20500042120B5
S20500042200D4
S2050004235182
S205000424933F
S20500042507CA
S205000426854B
S205000427FFD0
S205000428933B
S20500042906C7
S20500042A00CC
S20500042B02C9
S20500042C3397
S20500042D8742
S20500042EF6D2
S20500042F4087
S2050004303393
S205000431D7EE
S205000432E4E0
S20500043300C3
S205000434B30F
S2050004359928
S205000436F9C7
S20500043700BF
S205000438338B
S2050004396756
S20500043A3785
S20500043B01BA
S20500043CB307
S20500043D9425
S20500043EF4C4
S20500043F00B7
S2050004406353
S205000441C8ED
S205000442278D
S2050004434B68
S205000444B3FF
S205000445872A
S2050004462789
S205000447416E
S205000448931B
S2050004498726
S20500044A1795
S20500044B00AB
S20500044CB3F7
S20500044D8623
S20500044EF6B2
S20500044F4067
S2050004503373
S205000451960F
S205000452D4D0
S20500045300A3
S205000454B3EF
S205000455D9C8
S205000456F4AC
S205000457009F
S205000458336B
S2050004593667
S20500045AC0DC
S20500045B009B
S20500045C3367
S20500045D6633
S20500045E3662
S20500045F0196
S205000460B3E3
S205000461167F
S205000462D7BD
S2050004630093
S205000464B3DF
S205000465E4AD
S205000466C6CA
S205000467008F
S205000468B3DB
S2050004695934
S20500046AF795
S20500046B008B
S20500046C1377
S20500046D0980
S20500046E0088
S20500046F0087
S20500047093F3
S205000471F78E
S2050004727410
S2050004730083
S205000474631F
S2050004758001
S2050004760779
S205000477027D
S20500047893EB
S205000479F786
S20500047AF488
S20500047B007B
S20500047C1367
S20500047D0772
S20500047E4038
S20500047F0077
S2050004806313
S2050004818AEB
S205000482E78D
S2050004830073
S20500048493DF
S20500048587EA
S205000486442C
S205000487006F
S205000488333B
S205000489B6B7
S20500048A97D5
S20500048B006B
S20500048CB3B7
S20500048D89E0
S20500048EC99F
S20500048F0067
S20500049093D3
S20500049184E1
S205000492075D
S2050004930063
S20500049493CF
S20500049597CA
S20500049689D7
S205000497005F
S20500049863FB
S205000499DA83
S20500049A0755
S20500049B6EED
S20500049C93C7
S20500049D0752
S20500049E193F
S20500049F0057
S2050004A01343
S2050004A1074E
S2050004A2F064
S2050004A37FD4
S2050004A4133F
S2050004A50E43
S2050004A6044C
S2050004A7004F
S2050004A863EB
S2050004A986C7
S2050004AAE765
S2050004AB2A21
S2050004AC3713
S2050004AD0742
S2050004AE80C8
S2050004AFFF48
S2050004B01333
S2050004B1073E
S2050004B2F74D
S2050004B3FF44
S2050004B4330F
S2050004B5F74A
S2050004B6E957
S2050004B7003F
S2050004B893AB
S2050004B9F746
S2050004BAF745
S2050004BB7FBC
S2050004BC1327
S2050004BD1821
S2050004BED761
S2050004BF0136
S2050004C01323
S2050004C1D65F
S2050004C23400
S2050004C30033
S2050004C4131F
S2050004C5171A
S2050004C69799
S2050004C7002F
S2050004C833FB
S2050004C968C5
S2050004CAC864
S2050004CB002B
S2050004CC1317
S2050004CD57D2
S2050004CEC761
S2050004CF0027
S2050004D083A3
S2050004D12005
S2050004D2C163
S2050004D30122
S2050004D4031F
S2050004D524FD
S2050004D6819F
S2050004D7011E
S2050004D8938B
S2050004D99786
S2050004DA47D5
S2050004DB011A
S2050004DCB367
S2050004DDE732
S2050004DEE731
S2050004DF0017
S2050004E01303
S2050004E117FE
S2050004E2FE16
S2050004E30112
S2050004E4B35F
S2050004E5E72A
S2050004E6E729
S2050004E7000F
S2050004E8838B
S2050004E924E9
S2050004EA41CB
S2050004EB010A
S2050004EC0307
S2050004ED29E0
S2050004EE0107
S2050004EF0106
S2050004F08383
S2050004F129DC
S2050004F2C143
S2050004F30003
S2050004F413EF
S2050004F505FC
S2050004F608F8
S2050004F700FF
S2050004F8936B
S2050004F98578
S2050004FA07F5
S2050004FB00FB
S2050004FC13E7
S2050004FD01F8
S2050004FE01F7
S2050004FF02F5
S205000500678E
S2050005018074
S20500050200F3
S20500050300F2
S205000504638E
S2050005058C64
S20500050607E8
S20500050714DA
S205000508B33A
S20500050907E5
S20500050A23C8
S20500050B41A9
S20500050C6386
S20500050D12D6
S20500050E09DE
S20500050F3CAA
S20500051033B2
S205000511657F
S205000512B72C
S20500051300E2
S205000514637E
S20500051504DC
S20500051605DA
S2050005174C92
S20500051813CA
S2050005198557
S20500051AF7E4
S20500051BFFDB
S20500051C6376
S20500051D02D6
S20500051E05D2
S20500051F6076
S20500052013C2
S20500052108CC
S205000522F0E3
S2050005237F53
S205000524636E
S205000525864A
S20500052607C8
S2050005275777
S205000528933A
S20500052907C5
S20500052A804B
S20500052B03C7
S20500052C13B6
S20500052D06C2
S20500052E10B7
S20500052F00C6
S2050005306362
S205000531CCF8
S205000532A71C
S20500053302C0
S205000534932E
S20500053507B9
S20500053605BA
S20500053700BE
S20500053813AA
S20500053906B6
S20500053AF0CB
S20500053B01B9
S20500053C6356
S20500053D4C6C
S20500053EF6C1
S20500053F5660
S20500054013A2
S20500054105AF
S20500054200B3
S20500054302B0
S205000544337E
S20500054505AB
S205000546F5BA
S205000547406E
S205000548337A
S2050005491696
S20500054AA704
S20500054B00AA
S20500054C3376
S20500054DD8D0
S20500054EF5B2
S20500054F00A6
S2050005503372
S205000551950F
S205000552A5FE
S20500055300A2
S205000554336E
S205000555663A
S2050005560699
S205000557019D
S205000558336A
S2050005593567
S20500055AA0FB
S20500055B009A
S20500055C3366
S20500055D5741
S20500055EF7A0
S20500055F0096
S2050005603362
S205000561662E
S205000562A6ED
S2050005630092
S205000564B3DE
S2050005658808
S205000566E8A7
S205000567404E
S205000568335A
S2050005690686
S20500056ACFBC
S20500056B404A
S20500056C3356
S20500056D3751
S20500056ECFB8
S20500056F0086
S20500057093F2
S2050005710480
S205000572067D
S2050005730082
S205000574B3CE
S20500057589F7
S205000576E897
S205000577403E
S205000578136A
S2050005790973
S20500057A0378
S20500057B007A
S20500057C1366
S20500057D84F4
S20500057E0671
S20500057F0076
S2050005806F06
S205000581F084
S2050005825F14
S205000583E88A
S205000584630E
S2050005855020
S205000586F07F
S2050005871E50
S205000588630A
S205000589105C
S20500058A0368
S20500058B1456
S20500058CB3B6
S20500058DE682
S20500058EE87F
S20500058F0165
S2050005906302
S2050005918CD8
S205000592065D
S205000593263C
S20500059493CE
S20500059586DA
S205000596F768
S205000597FF5F
S20500059863FA
S20500059980DC
S20500059A0655
S20500059B4812
S20500059C1346
S20500059D0652
S20500059EF067
S20500059F7FD7
S2050005A063F2
S2050005A18CC8
S2050005A2C78C
S2050005A32230
S2050005A493BE
S2050005A50749
S2050005A680CF
S2050005A7034B
S2050005A893BA
S2050005A90943
S2050005AA103B
S2050005AB004A
S2050005AC63E6
S2050005ADCC7C
S2050005AED770
S2050005AF0244
S2050005B093B2
S2050005B187BD
S2050005B2063D
S2050005B30042
S2050005B493AE
S2050005B5063A
S2050005B6F04F
S2050005B7013D
S2050005B863DA
S2050005B9C07C
S2050005BAF645
S2050005BB4AF0
S2050005BC93A6
S2050005BD0632
S2050005BE0037
S2050005BF0234
S2050005C0B382
S2050005C186AE
S2050005C2F63D
S2050005C340F2
S2050005C4B37E
S2050005C59997
S2050005C6D857
S2050005C7002E
S2050005C833FA
S2050005C956D6
S2050005CAFF2C
S2050005CB002A
S2050005CCB376
S2050005CD1612
S2050005CEDF48
S2050005CF0026
S2050005D0B372
S2050005D1E93B
S2050005D2C95A
S2050005D30022
S2050005D4B36E
S2050005D536EA
S2050005D6D04F
S2050005D7001E
S2050005D8B36A
S2050005D9D844
S2050005DAF823
S2050005DB001A
S2050005DCB366
S2050005DDE92F
S2050005DED93E
S2050005DF0016
S2050005E033E2
S2050005E1070D
S2050005E217FC
S2050005E30111
S2050005E4B35E
S2050005E5858B
S2050005E6B956
S2050005E7000E
S2050005E8B35A
S2050005E9B953
S2050005EA35D6
S2050005EB0109
S2050005EC9376
S2050005ED8484
S2050005EE0502
S2050005EF0006
S2050005F0B352
S2050005F1897B
S2050005F2E91A
S2050005F30002
S2050005F4936E
S2050005F59769
S2050005F68976
S2050005F700FE
S2050005F8639A
S2050005F9D22A
S2050005FA07F4
S2050005FB14E6
S2050005FC13E6
S2050005FD09EF
S2050005FE19DE
S2050005FF00F6
S2050006009361
S20500060107EC
S205000602F002
S2050006037F72
S205000604638D
S2050006050CE3
S205000606F9F5
S20500060736B7
S205000608B735
S20500060907E4
S20500060A806A
S20500060BFFEA
S20500060C9355
S20500060D8760
S20500060EF7EF
S20500060FFFE6
S20500061013D1
S205000611F6ED
S20500061214CE
S20500061300E1
S205000614B32D
S205000615F7E8
S205000616F9E5
S20500061700DD
S20500061813C9
S205000619D704
S20500061A14C6
S20500061B00D9
S20500061C33A5
S20500061D6770
S20500061EC70F
S20500061F00D5
S20500062013C1
S205000621963D
S205000622F7DB
S20500062301D0
S205000624B31D
S205000625646B
S205000626E6E8
S20500062700CD
S2050006289339
S205000629D9F2
S20500062A17B3
S20500062B00C9
S20500062C6F59
S20500062DF0D7
S20500062E5F67
S20500062FE4E1
S205000630B311
S205000631E6DD
S205000632E8DA
S20500063301C0
S205000634635D
S2050006358A35
S20500063606B8
S2050006371CA1
S2050006389329
S2050006398635
S20500063AF7C3
S20500063BFFBA
S20500063C6355
S20500063D8037
S20500063E06B0
S20500063F4075
S20500064013A1
S20500064106AD
S205000642F0C2
S2050006437F32
S205000644634D
S2050006458A25
S205000646C7E7
S2050006471895
S2050006489319
S20500064907A4
S20500064A802A
S20500064B03A6
S20500064C1395
S20500064D06A1
S20500064E1096
S20500064F00A5
S205000650E3C1
S205000651C2E1
S205000652D7CB
S205000653DAC7
S205000654930D
S2050006558718
S2050006560698
S205000657009D
S2050006586F2D
S205000659F0AB
S20500065ADFBB
S20500065BD6C3
S20500065C1385
S20500065D088F
S20500065E197D
S20500065F0095
S2050006601381
S205000661781B
S205000662E8AA
S2050006637F12
S205000664632D
S2050006651C73
S2050006660886
S205000667226B
S2050006683359
S2050006696328
S20500066AB7D3
S20500066B0089
S20500066C3355
S20500066DE89F
S20500066EE89E
S20500066F0184
S2050006706321
S2050006711073
S2050006720979
S2050006733849
S205000674631D
S2050006750E71
S205000676037B
S2050006774637
S2050006786319
S2050006790675
S20500067A0872
S20500067B4039
S20500067CB3C5
S20500067D89EE
S20500067EE591
S20500067F4134
S2050006803341
S205000681B5BE
S205000682353D
S2050006830170
S205000684333D
S2050006850669
S2050006861757
S205000687412C
S2050006883339
S2050006890665
S20500068AA6C4
S20500068B4029
S20500068C1355
S20500068D1552
S20500068E86E0
S20500068F0065
S2050006906301
S2050006915E05
S205000692055D
S2050006935011
S205000694B3AD
S205000695055A
S205000696BF9F
S205000697401D
S2050006983329
S20500069987D4
S20500069AE872
S20500069B4019
S20500069C3325
S20500069D3F18
S20500069EBF97
S20500069F0055
S2050006A03321
S2050006A1074C
S2050006A2E76B
S2050006A34110
S2050006A4133D
S2050006A51639
S2050006A687C7
S2050006A7004D
S2050006A893B9
S2050006A984C7
S2050006AA0545
S2050006AB0049
S2050006AC63E5
S2050006AD5EE9
S2050006AE0640
S2050006AF52F3
S2050006B0B78D
S2050006B1073C
S2050006B280C2
S2050006B3FF42
S2050006B493AD
S2050006B587B8
S2050006B6F747
S2050006B7FF3E
S2050006B83309
S2050006B977C4
S2050006BAF743
S2050006BB0039
S2050006BC1325
S2050006BD8EA9
S2050006BE0630
S2050006BF0035
S2050006C093A1
S2050006C1072C
S2050006C21022
S2050006C30031
S2050006C46FC1
S2050006C5F03F
S2050006C69F8F
S2050006C7DF4E
S2050006C89399
S2050006C90625
S2050006CAF03A
S2050006CB7FAA
S2050006CC63C5
S2050006CD0621
S2050006CED94D
S2050006CF1015
S2050006D09391
S2050006D1061D
S2050006D280A2
S2050006D3031E
S2050006D4938D
S2050006D50916
S2050006D6100E
S2050006D7001D
S2050006D8E339
S2050006D9C655
S2050006DAF624
S2050006DBF029
S2050006DCB761
S2050006DD0611
S2050006DE8096
S2050006DF0015
S2050006E0B361
S2050006E1E82B
S2050006E2D83A
S2050006E30011
S2050006E46FA1
S2050006E5F01F
S2050006E61FEF
S2050006E7ED20
S2050006E813F9
S2050006E98586
S2050006EA0406
S2050006EB0009
S2050006ECEF19
S2050006ED20E7
S2050006EE40C6
S2050006EF24E1
S2050006F09371
S2050006F107FC
S2050006F2857D
S2050006F30100
S2050006F4936D
S2050006F506F9
S2050006F6F00E
S2050006F701FC
S2050006F8E319
S2050006F9D823
S2050006FAF604
S2050006FBD227
S2050006FC13E5
S2050006FD07F0
S2050006FE8571
S2050006FFFFF6
S20500070033C0
S205000701975B
S205000702E40D
S20500070300F0
S205000704638C
S205000705C628
S20500070627C6
S20500070723C9
S20500070833B8
S2050007098961
S20500070A27C2
S20500070B41A7
S20500070C9354
S20500070D07DF
S20500070E19CC
S20500070F00E4
S2050007106380
S205000711D60C
S205000712F6EB
S2050007134898
S20500071413CC
S20500071509D5
S20500071619C4
S205000717FEDE
S2050007189348
S20500071906D4
S20500071A00D9
S20500071B02D6
S20500071CB324
S20500071D5482
S20500071E27AE
S20500071F01D3
S2050007206370
S2050007218C46
S205000722D7FA
S20500072300D0
S205000724933C
S20500072506C8
S20500072600CD
S20500072704C8
S205000728B318
S2050007298743
S20500072AF6D3
S20500072B4088
S20500072C3394
S20500072D17AF
S20500072EF7CE
S20500072F00C4
S2050007303390
S205000731378B
S205000732E0E1
S20500073300C0
S205000734B30C
S205000735E4DA
S205000736E4D9
S20500073700BC
S20500073813A8
S20500073909B1
S20500073A00B9
S20500073B00B8
S20500073C9324
S20500073DF7BF
S20500073E7441
S20500073F00B4
S205000740E3D0
S2050007419C16
S20500074207AA
S205000743D2DE
S205000744931C
S20500074507A7
S20500074609A4
S20500074700AC
S2050007481398
S205000749D6D4
S20500074A3475
S20500074B00A8
S20500074C1394
S20500074D871F
S20500074E099C
S20500074F00A4
S2050007506F34
S20500075100A2
S20500075200A1
S2050007530C94
S205000754930C
S2050007550797
S205000756F0AD
S2050007577F1D
S2050007581388
S2050007590793
S20500075A0099
S20500075B0098
S20500075C1384
S20500075D088E
S20500075E0095
S20500075F0094
S2050007606F24
S205000761F0A2
S2050007621F72
S205000763D7B9
S205000764632C
S2050007658A04
S2050007660786
S2050007670C80
S205000768B3D8
S2050007690783
S20500076A2366
S20500076B4147
S20500076C6324
S20500076D0284
S20500076E097C
S20500076F1E66
S20500077093F0
S205000771067C
S205000772F091
S2050007737F01
S205000774631C
S2050007750876
S205000776D3AA
S205000777324A
S20500077893E8
S2050007790674
S20500077A80F9
S20500077B0375
S20500077C93E4
S20500077D096D
S20500077E1065
S20500077F0074
S2050007806310
S205000781CEA4
S205000782F67B
S205000783026E
S205000784B7B8
S2050007850668
S20500078680ED
S205000787006C
S2050007883338
S2050007896703
S20500078AD792
S20500078B0068
S20500078C93D4
S20500078D0660
S20500078EF075
S20500078F0163
S2050007906300
S205000791C89A
S205000792F66B
S2050007933C24
S20500079493CC
S2050007950658
S205000796005D
S205000797025A
S205000798B3A8
S20500079986D4
S20500079AF663
S20500079B4018
S20500079CB3A4
S20500079D193D
S20500079ED77E
S20500079F0054
S2050007A03320
S2050007A1D67C
S2050007A2F55C
S2050007A30050
S2050007A4B39C
S2050007A596B8
S2050007A6D578
S2050007A7004C
S2050007A8B398
S2050007A9E961
S2050007AAC980
S2050007AB0048
S2050007ACB394
S2050007AD3610
S2050007AED075
S2050007AF0044
S2050007B03310
S2050007B157EB
S2050007B2F74A
S2050007B30040
S2050007B4B38C
S2050007B5E955
S2050007B6D964
S2050007B7003C
S2050007B8B388
S2050007B988B2
S2050007BAE851
S2050007BB0038
S2050007BC3304
S2050007BD87AF
S2050007BEE94C
S2050007BF0133
S2050007C0B380
S2050007C139F9
S2050007C237FA
S2050007C3012F
S2050007C4939C
S2050007C5042A
S2050007C60726
S2050007C7002C
S2050007C8B378
S2050007C989A1
S2050007CA1910
S2050007CB0127
S2050007CC1314
S2050007CD091D
S2050007CE0322
S2050007CF0024
S2050007D06FB4
S2050007D1F032
S2050007D25FC2
S2050007D3E23E
S2050007D463BC
S2050007D5100E
S2050007D60815
S2050007D7021A
S2050007D81308
S2050007D91604
S2050007DA35E4
S2050007DB0018
S2050007DC1304
S2050007DD56C0
S2050007DE36DF
S2050007DF0014
S2050007E01300
S2050007E118FA
S2050007E2D73A
S2050007E3010F
S2050007E433DC
S2050007E568A6
S2050007E6C845
S2050007E7000C
S2050007E813F8
S2050007E957B3
S2050007EA37D2
S2050007EB0008
S2050007EC33D4
S2050007ED679F
S2050007EE07FE
S2050007EF0103
S2050007F063A0
S2050007F106FC
S2050007F207FA
S2050007F318E8
S2050007F413EC
S2050007F50EF0
S2050007F600FD
S2050007F700FC
S2050007F89368
S2050007F907F3
S2050007FAF009
S2050007FB7F79
S2050007FC37C0
S2050007FD07EF
S2050007FE08ED
S2050007FF00F4
S20500080013DF
S20500080108E9
S20500080200F0
S20500080300EF
S2050008046F7F
S205000805F0FD
S205000806DF0D
S205000807CC1F
S20500080813D7
S20500080916D3
S20500080A35B3
S20500080B00E7
S20500080C13D3
S20500080D568F
S20500080E36AE
S20500080F00E3
S20500081013CF
S20500081118C9
S205000812D709
S20500081301DE
S205000814934B
S20500081506D7
S205000816F0EC
S2050008177F5C
S20500081833A7
S2050008196871
S20500081AC810
S20500081B00D7
S20500081C13C3
S20500081D577E
S20500081E379D
S20500081F00D3
S205000820E3EF
S205000821864B
S205000822D7F9
S205000823FCD3
S20500082413BB
S20500082517B6
S205000826C705
S20500082700CB
S20500082813B7
S2050008295772
S20500082AC701
S20500082B00C7
S20500082C9333
S20500082DF7CE
S20500082EF7CD
S20500082F7F44
S20500083013AF
S2050008310EB3
S20500083204BC
S20500083300BF
S2050008346F4F
S205000835F0CD
S205000836DFDD
S205000837C9F2
S2050008389327
S20500083906B3
S20500083A199F
S20500083B00B7
S20500083C13A3
S20500083DF8BD
S20500083EE6CE
S20500083F7F34
S205000840634F
S2050008411899
S20500084208A8
S205000843149B
S205000844B3FB
S2050008456647
S205000846B7F5
S20500084700AB
S2050008486347
S2050008491C8D
S20500084A099F
S20500084B287F
S20500084C6343
S20500084D8223
S20500084E069E
S20500084F3073
S205000850B3EF
S205000851E6BB
S205000852E8B8
S205000853019E
S205000854633B
S2050008558815
S2050008560696
S2050008572279
S205000858B3E7
S2050008598712
S20500085AE5B3
S20500085B0196
S20500085CB3E3
S20500085DB5E0
S20500085EB7DD
S20500085F0093
S205000860335F
S205000861078A
S2050008621779
S205000863018E
S205000864335B
S2050008650786
S205000866B7D5
S205000867008B
S2050008681377
S205000869D8B1
S20500086A3751
S20500086B0087
S20500086C93F3
S20500086D176E
S20500086E87FD
S20500086F0083
S205000870136F
S2050008710E73
S205000872047C
S205000873007F
S205000874631B
S205000875DE9F
S2050008760775
S2050008773447
S205000878B7C3
S2050008790772
S20500087A80F8
S20500087BFF78
S20500087C93E3
S20500087D87EE
S20500087EF77D
S20500087FFF74
S205000880333F
S20500088177FA
S205000882F779
S205000883006F
S20500088493DB
S2050008851756
S205000886D795
S205000887016A
S2050008881357
S2050008895712
S20500088A3731
S20500088B0067
S20500088C3333
S20500088DE87D
S20500088E075D
S20500088F0162
S205000890332F
S20500089177EA
S205000892D789
S205000893015E
S20500089493CB
S2050008950756
S205000896104C
S205000897005B
S2050008986FEB
S205000899F069
S20500089A9FB9
S20500089BC394
S20500089C3323
S20500089D88CD
S20500089EE56F
S20500089F4112
S2050008A0B39F
S2050008A1B79A
S2050008A2054B
S2050008A3014E
S2050008A4B39B
S2050008A50944
S2050008A61735
S2050008A7410A
S2050008A8B397
S2050008A989C0
S2050008AAF94F
S2050008AB4007
S2050008AC93B3
S2050008AD97AE
S2050008AE89BB
S2050008AF0043
S2050008B093AF
S2050008B1043D
S2050008B20838
S2050008B3003F
S2050008B463DB
S2050008B5C677
S2050008B60735
S2050008B7102B
S2050008B83307
S2050008B968D1
S2050008BA3800
S2050008BB0136
S2050008BCE353
S2050008BD1E17
S2050008BE082C
S2050008BFB47F
S2050008C0131F
S2050008C10E23
S2050008C20030
S2050008C3002F
S2050008C4939B
S2050008C50726
S2050008C6002C
S2050008C7002B
S2050008C81317
S2050008C90722
S2050008CA0028
S2050008CB0027
S2050008CC6FB7
S2050008CDF035
S2050008CE5FC5
S2050008CFC063
S2050008D0130F
S2050008D1051C
S2050008D2F030
S2050008D37FA0
S2050008D463BB
S2050008D50E0F
S2050008D6A379
S2050008D71A01
S2050008D81307
S2050008D90514
S2050008DA8098
S2050008DB0314
S2050008DC1303
S2050008DD060F
S2050008DE1004
S2050008DF0013
S2050008E0E32F
S2050008E144CD
S2050008E2F51B
S2050008E3C847
S2050008E437D7
S2050008E50607
S2050008E6808C
S2050008E7000B
S2050008E833D7
S2050008E967A2
S2050008EAC741
S2050008EB0007
S2050008EC6F97
S2050008EDF015
S2050008EEDF25
S2050008EFC43F
S2050008F0B74B
S2050008F109F8
S2050008F28080
S2050008F3FF00
S2050008F4936B
S2050008F58974
S2050008F6F903
S2050008F7FFFC
S2050008F833C7
S2050008F909F0
S2050008FAF9FF
S2050008FB40B7
S2050008FCB343
S2050008FD797C
S2050008FE37BD
S2050008FF01F2
S2050009006F82
S205000901F000
S2050009021FD0
S205000903B737
S205000904935A
S2050009058666
S20500090607E4
S205000907FEEC
S20500090813D6
S20500090906E2
S20500090A00E7
S20500090B02E4
S20500090CB332
S20500090DD60E
S20500090ED80B
S20500090F00E2
S205000910637E
S2050009118A56
S205000912C718
S20500091300DE
S20500091413CA
S20500091506D6
S20500091600DB
S20500091704D6
S205000918B326
S20500091907D1
S20500091AF6E1
S20500091B4096
S20500091CB322
S20500091D973D
S20500091EF8DB
S20500091F00D2
S205000920339E
S2050009216F61
S205000922FFD0
S20500092300CE
S205000924339A
S2050009253696
S205000926E0EB
S20500092701C9
S2050009283396
S2050009296662
S20500092AD6F1
S20500092B00C6
S20500092C6F56
S20500092DF0D4
S20500092E9F24
S20500092FAC16
S205000930B70A
S20500093106BA
S205000932803F
S205000933FFBF
S205000934932A
S2050009358636
S205000936F6C5
S205000937FFBB
S205000938B306
S20500093907B1
S20500093AF9BE
S20500093B4076
S20500093C3382
S20500093D773D
S20500093ED7DC
S20500093F00B2
S205000940139E
S2050009411898
S205000942D7D8
S20500094301AD
S205000944337A
S2050009456844
S2050009463873
S20500094701A9
S2050009481396
S2050009495751
S20500094A3770
S20500094B00A6
S20500094C6F36
S20500094DF0B4
S20500094E9F04
S20500094FEDB5
S205000950B3EE
S205000951663A
S205000952B7E8
S205000953009E
S205000954633A
S2050009558616
S2050009560695
S2050009571E7C
S2050009589306
S2050009598612
S20500095AF7A0
S20500095BFF97
S20500095C6332
S20500095D8E06
S20500095E068D
S20500095F0A88
S205000960137E
S205000961058B
S205000962F09F
S2050009637F0F
S205000964632A
S205000965800C
S205000966A7E4
S2050009671476
S20500096893F6
S2050009690781
S20500096A8007
S20500096B0383
S20500096C93F2
S20500096D097B
S20500096E1073
S20500096F0082
S205000970E39E
S205000971C6BA
S205000972D7A8
S205000973E49A
S20500097493EA
S20500097587F5
S2050009760675
S205000977007A
S2050009786F0A
S205000979F088
S20500097A5F18
S20500097BE195
S20500097C1362
S20500097D0E66
S20500097E046F
S20500097F0072
S20500098093DE
S2050009810769
S205000982F07F
S2050009837FEF
S205000984135A
S2050009850765
S205000986006B
S205000987006A
S2050009881356
S2050009890860
S20500098A0067
S20500098B0066
S20500098C6FF6
S20500098DF074
S20500098E5F04
S20500098FB4AE
S20500099093CE
S2050009910759
S205000992F06F
S2050009937FDF
S205000994E37A
S20500099584D8
S205000996F665
S205000997FE5C
S2050009983326
S2050009998FC9
S20500099AE572
S20500099B0155
S20500099CB3A2
S20500099D351F
S20500099EBF94
S20500099F0052
S2050009A0B39E
S2050009A10749
S2050009A21738
S2050009A3014D
S2050009A4B39A
S2050009A587C5
S2050009A6B794
S2050009A7004A
S2050009A81336
S2050009A996B2
S2050009AAF750
S2050009AB0145
S2050009AC1332
S2050009AD5FE5
S2050009AE1F24
S2050009AF0042
S2050009B0B38E
S2050009B164DC
S2050009B2E659
S2050009B3013D
S2050009B493AA
S2050009B5D963
S2050009B61724
S2050009B7003A
S2050009B81326
S2050009B989AF
S2050009BA0631
S2050009BB0036
S2050009BC6FC6
S2050009BDF044
S2050009BE5FD4
S2050009BFAB87
S2050009C033FE
S2050009C1062A
S2050009C2BF70
S2050009C340EE
S2050009C4B37A
S2050009C587A5
S2050009C6E843
S2050009C740EA
S2050009C833F6
S2050009C937F1
S2050009CACF58
S2050009CB0026
S2050009CC9392
S2050009CD0420
S2050009CE061D
S2050009CF0022
S2050009D0B36E
S2050009D18997
S2050009D2E738
S2050009D340DE
S2050009D4130A
S2050009D58498
S2050009D60615
S2050009D7001A
S2050009D86FAA
S2050009D9F028
S2050009DA1FF8
S2050009DBA472
S2050009DC1302
S2050009DD16FE
S2050009DE36DD
S2050009DF0012
S2050009E013FE
S2050009E156BA
S2050009E236D9
S2050009E3000E
S2050009E413FA
S2050009E58488
S2050009E60605
S2050009E7000A
S2050009E813F6
S2050009E98781
S2050009EA08FF
S2050009EB0006
S2050009EC6F96
S2050009EDF014
S2050009EE5FA4
S2050009EFE220
S2050009F0E31E
S2050009F112EE
S2050009F203FC
S2050009F3DE20
S2050009F4639A
S2050009F506F6
S2050009F608F3
S2050009F71CDE
S2050009F813E6
S2050009F9D721
S2050009FA38BF
S2050009FB00F6
S2050009FC13E2
S2050009FD16DE
S2050009FE36BD
S2050009FF00F2
S205000A00935D
S205000A019857
S205000A02D816
S205000A0301EC
S205000A0433B9
S205000A056784
S205000A0617D3
S205000A0701E8
S205000A0813D5
S205000A095691
S205000A0A36B0
S205000A0B00E5
S205000A0C33B1
S205000A0D677C
S205000A0EC71B
S205000A0F00E1
S205000A1013CD
S205000A11845B
S205000A1206D8
S205000A1300DD
S205000A146F6D
S205000A15F0EB
S205000A16DFFB
S205000A17DDFC
S205000A1833A5
S205000A198F48
S205000A1AE5F1
S205000A1B01D4
S205000A1CB321
S205000A1D08CB
S205000A1E17BB
S205000A1F01D0
S205000A20B31D
S205000A21359A
S205000A22BF0F
S205000A2300CD
S205000A24B319
S205000A258942
S205000A26B812
S205000A2700C9
S205000A289335
S205000A299730
S205000A2A893D
S205000A2B00C5
S205000A2C9331
S205000A2D04BF
S205000A2E0FB3
S205000A2F00C1
S205000A30635D
S205000A31D4EB
S205000A3207B7
S205000A330EAF
S205000A3413A9
S205000A3509B2
S205000A36209A
S205000A3700B9
S205000A386F49
S205000A39F0C7
S205000A3A1F97
S205000A3BBDF8
S205000A3C3381
S205000A3D8F24
S205000A3EE5CD
S205000A3F4170
S205000A40B3FD
S205000A4108A7
S205000A421797
S205000A43416C
S205000A44B3F9
S205000A45B5F6
S205000A46E5C5
S205000A4701A8
S205000A489315
S205000A4904A3
S205000A4A0F97
S205000A4B00A5
S205000A4CB3F1
S205000A4D891A
S205000A4EB8EA
S205000A4F4061
S205000A50138D
S205000A510996
S205000A52108E
S205000A53009D
S205000A546F2D
S205000A55F0AB
S205000A561F7B
S205000A579BFE
S205000A589305
S205000A598611
S205000A5A078F
S205000A5BFE97
S205000A5C1381
S205000A5D068D
S205000A5E0092
S205000A5F028F
S205000A60B3DD
S205000A61D6B9
S205000A62D8B6
S205000A63008D
S205000A646329
S205000A658A01
S205000A66C7C3
S205000A670089
S205000A681375
S205000A690681
S205000A6A0086
S205000A6B0481
S205000A6CB3D1
S205000A6D077C
S205000A6EF68C
S205000A6F4041
S205000A70B3CD
S205000A7197E8
S205000A72F886
S205000A73007D
S205000A743349
S205000A756F0C
S205000A76FF7B
S205000A770079
S205000A78B3C5
S205000A79393E
S205000A7AE096
S205000A7B0174
S205000A7CB3C1
S205000A7DE98A
S205000A7ED999
S205000A7F0071
S205000A806F01
S205000A81F07F
S205000A825F0F
S205000A83B6B7
S205000A841359
S205000A851655
S205000A863535
S205000A870069
S205000A8893D5
S205000A89590E
S205000A8A3630
S205000A8B0065
S205000A8C6FF5
S205000A8DF073
S205000A8E5F03
S205000A8FEB76
S205000A90134D
S205000A911649
S205000A923628
S205000A93005D
S205000A941349
S205000A955605
S205000A963624
S205000A970059
S205000A981345
S205000A9984D3
S205000A9A0650
S205000A9B0055
S205000A9C1341
S205000A9D87CC
S205000A9E084A
S205000A9F0051
S205000AA06FE1
S205000AA1F05F
S205000AA21F2F
S205000AA3D479
S205000AA41339
S205000AA51635
S205000AA63614
S205000AA70049
S205000AA81335
S205000AA956F1
S205000AAA3610
S205000AAB0045
S205000AAC1331
S205000AAD87BC
S205000AAE083A
S205000AAF0041
S205000AB06FD1
S205000AB1F04F
S205000AB21F1F
S205000AB3D36A
S205000AB41329
S205000AB585B6
S205000AB60733
S205000AB7FE3B
S205000AB81325
S205000AB90631
S205000ABA0036
S205000ABB0233
S205000ABC3301
S205000ABD55DE
S205000ABEA78B
S205000ABF0031
S205000AC063CD
S205000AC18AA5
S205000AC2C767
S205000AC3002D
S205000AC41319
S205000AC50625
S205000AC6002A
S205000AC70425
S205000AC8B375
S205000AC90720
S205000ACAF630
S205000ACB40E5
S205000ACCB371
S205000ACD170C
S205000ACEF72B
S205000ACF0021
S205000AD0B36D
S205000AD1E53A
S205000AD2F529
S205000AD3001D
S205000AD433E9
S205000AD536E5
S205000AD6B06A
S205000AD70019
S205000AD833E5
S205000AD966B1
S205000ADAA670
S205000ADB0015
S205000ADC6FA5
S205000ADDF023
S205000ADEDF33
S205000ADFA869
S205000AE0E32D
S205000AE1828D
S205000AE20608
S205000AE3FC11
S205000AE433D9
S205000AE5EF1C
S205000AE6E822
S205000AE70108
S205000AE8E325
S205000AE916F1
S205000AEA0FF7
S205000AEBD035
S205000AEC6F95
S205000AEDF013
S205000AEEDF23
S205000AEFCE33
S205000AF0E31D
S205000AF108F7
S205000AF208F6
S205000AF3DC21
S205000AF413E9
S205000AF518E3
S205000AF636C4
S205000AF700F9
S205000AF89365
S205000AF99760
S205000AFAD81E
S205000AFB01F4
S205000AFC13E1
S205000AFD589B
S205000AFE38BA
S205000AFF00F1
S205000B0013DC
S205000B01D717
S205000B0238B5
S205000B0300EC
S205000B0433B8
S205000B056882
S205000B06F8F1
S205000B0700E8
S205000B0833B4
S205000B09776F
S205000B0AD70E
S205000B0B01E3
S205000B0C13D0
S205000B0D8E54
S205000B0E06DB
S205000B0F00E0
S205000B10934C
S205000B1107D7
S205000B1200DD
S205000B1300DC
S205000B146F6C
S205000B15F0EA
S205000B16DFFA
S205000B179B3D
S205000B189344
S205000B1907CF
S205000B1A10C5
S205000B1B00D4
S205000B1C6F64
S205000B1DF0E2
S205000B1EDFF2
S205000B1FC20E
S205000B20B31C
S205000B2105C9
S205000B22BF0E
S205000B23408C
S205000B24B318
S205000B258842
S205000B26E8E1
S205000B274088
S205000B283394
S205000B29378F
S205000B2ABF06
S205000B2B00C4
S205000B2C9330
S205000B2D843E
S205000B2E05BC
S205000B2F00C0
S205000B30B30C
S205000B318935
S205000B32E8D5
S205000B33407C
S205000B3413A8
S205000B358436
S205000B3606B3
S205000B3700B8
S205000B3813A4
S205000B3909AD
S205000B3A10A5
S205000B3B00B4
S205000B3C6F44
S205000B3DF0C2
S205000B3E9F12
S205000B3F8C24
S205000B40139C
S205000B411698
S205000B423677
S205000B4300AC
S205000B441398
S205000B455654
S205000B463673
S205000B4700A8
S205000B481394
S205000B49871F
S205000B4A089D
S205000B4B00A4
S205000B4C6F34
S205000B4DF0B2
S205000B4E5F42
S205000B4FCCD4
S205000B50138C
S205000B511688
S205000B523667
S205000B53009C
S205000B549308
S205000B555941
S205000B563663
S205000B570098
S205000B581384
S205000B59870F
S205000B5A088D
S205000B5B0094
S205000B5C6F24
S205000B5DF0A2
S205000B5E5F32
S205000B5FDEB2
S205000B6093FC
S205000B618608
S205000B620786
S205000B63FE8E
S205000B641378
S205000B650684
S205000B660089
S205000B670286
S205000B68B3D4
S205000B695630
S205000B6AD7AE
S205000B6B0084
S205000B6C6320
S205000B6D8AF8
S205000B6EC7BA
S205000B6F0080
S205000B70136C
S205000B710678
S205000B72007D
S205000B730478
S205000B74B3C8
S205000B750773
S205000B76F683
S205000B774038
S205000B78B3C4
S205000B79175F
S205000B7AF77E
S205000B7B0074
S205000B7CB3C0
S205000B7DE58D
S205000B7EF57C
S205000B7F0070
S205000B80B3BC
S205000B813935
S205000B82B0BD
S205000B83006C
S205000B84B3B8
S205000B85E981
S205000B86D990
S205000B870068
S205000B886FF8
S205000B89F076
S205000B8A5F06
S205000B8BC3A1
S205000B8C1350
S205000B8DD68C
S205000B8E342D
S205000B8F0060
S205000B9093CC
S205000B910757
S205000B920954
S205000B93005C
S205000B941348
S205000B9587D3
S205000B960950
S205000B970058
S205000B986FE8
S205000B99F066
S205000B9A9FB6
S205000B9BC78D
S205000B9C93C0
S205000B9D064C
S205000B9E0051
S205000B9F024E
S205000BA0B39C
S205000BA186C8
S205000BA2F657
S205000BA3400C
S205000BA41338
S205000BA50644
S205000BA60049
S205000BA70048
S205000BA86FD8
S205000BA9F056
S205000BAA5FE6
S205000BAB8BB9
S205000BAC3310
S205000BADE85A
S205000BAEC978
S205000BAF0040
S205000BB0E35C
S205000BB10836
S205000BB20835
S205000BB3D06C
S205000BB493A8
S205000BB5D961
S205000BB63900
S205000BB70038
S205000BB81324
S205000BB9072F
S205000BBA062F
S205000BBB0034
S205000BBC6FC4
S205000BBDF042
S205000BBE5FD2
S205000BBFD858
S205000BC0131C
S205000BC10E20
S205000BC2002D
S205000BC3002C
S205000BC49398
S205000BC50723
S205000BC6F039
S205000BC77FA9
S205000BC837F0
S205000BC9071F
S205000BCA081D
S205000BCB0024
S205000BCC6FB4
S205000BCDF032
S205000BCE5FC2
S205000BCF9090
S205000BD0938C
S205000BD11707
S205000BD2D746
S205000BD3011B
S205000BD41308
S205000BD557C3
S205000BD637E2
S205000BD70018
S205000BD833E4
S205000BD9E82E
S205000BDA070E
S205000BDB0113
S205000BDC33E0
S205000BDD779B
S205000BDED73A
S205000BDF010F
S205000BE0937C
S205000BE10707
S205000BE2000D
S205000BE3000C
S205000BE46F9C
S205000BE5F01A
S205000BE6DF2A
S205000BE78E7A
S205000BE813F4
S205000BE918EE
S205000BEAD72E
S205000BEB0103
S205000BEC9370
S205000BEDD52D
S205000BEE35CC
S205000BEF0000
S205000BF033CC
S205000BF16896
S205000BF2B845
S205000BF300FC
S205000BF413E8
S205000BF557A3
S205000BF637C2
S205000BF700F8
S205000BF813E4
S205000BF98472
S205000BFA06EF
S205000BFB00F4
S205000BFC6F84
S205000BFDF002
S205000BFE9F52
S205000BFFC22E
S205000C0013DB
S205000C0101EC
S205000C0201EB
S205000C03FBF0
S205000C049357
S205000C05D712
S205000C0645A3
S205000C0701E6
S205000C0823C3
S205000C0924C1
S205000C0A8163
S205000C0B04DF
S205000C0C23BF
S205000C0D22BF
S205000C0E914F
S205000C0F04DB
S205000C1023BB
S205000C1120BD
S205000C1221BB
S205000C1305D6
S205000C1423B7
S205000C152CAD
S205000C164197
S205000C1703D4
S205000C1823B3
S205000C192AAB
S205000C1A5183
S205000C1B03D0
S205000C1C933F
S205000C1D943D
S205000C1EC50B
S205000C1F00CF
S205000C2023AB
S205000C2126A7
S205000C2211BB
S205000C2304C7
S205000C2423A7
S205000C252E9B
S205000C263197
S205000C2703C4
S205000C2823A3
S205000C29289D
S205000C2A6163
S205000C2B03C0
S205000C2C239F
S205000C2D269B
S205000C2E714F
S205000C2F03BC
S205000C30239B
S205000C312499
S205000C32813B
S205000C3303B8
S205000C349327
S205000C35F7C2
S205000C36F7C1
S205000C377F38
S205000C3813A3
S205000C3904B1
S205000C3A05AF
S205000C3B00B3
S205000C3C139F
S205000C3D0AA7
S205000C3E06AA
S205000C3F00AF
S205000C40139B
S205000C418924
S205000C4206A6
S205000C4300AB
S205000C449317
S205000C45D4D5
S205000C46C4E4
S205000C4700A7
S205000C489313
S205000C49DACB
S205000C4AF5AF
S205000C4B01A2
S205000C4C633F
S205000C4D8A17
S205000C4E0799
S205000C4F1887
S205000C50138B
S205000C510796
S205000C52F0AC
S205000C537F1C
S205000C546337
S205000C558811
S205000C56E7B1
S205000C57088F
S205000C581383
S205000C595B3A
S205000C5AD5BF
S205000C5B0192
S205000C5C93FF
S205000C5D94FD
S205000C5E345C
S205000C5F008F
S205000C60B3DB
S205000C616429
S205000C629BF1
S205000C63008B
S205000C643753
S205000C650782
S205000C668008
S205000C670087
S205000C683353
S205000C69EB9A
S205000C6AE4A0
S205000C6B0083
S205000C6C93EF
S205000C6D1B66
S205000C6E354B
S205000C6F007F
S205000C7093EB
S205000C7189F4
S205000C721765
S205000C73C0BB
S205000C7493E7
S205000C750475
S205000C760078
S205000C770077
S205000C781363
S205000C790C69
S205000C7A0074
S205000C7B0073
S205000C7C93DF
S205000C7D571A
S205000C7E4927
S205000C7F016E
S205000C80135B
S205000C811459
S205000C82C9A3
S205000C83006B
S205000C8493D7
S205000C85F772
S205000C86F771
S205000C877FE8
S205000C881353
S205000C895411
S205000C8AC4A0
S205000C8B0063
S205000C8C134F
S205000C8D5908
S205000C8EF967
S205000C8F015E
S205000C9063FB
S205000C9182DB
S205000C920755
S205000C930853
S205000C941347
S205000C950752
S205000C96F068
S205000C977FD8
S205000C9863F3
S205000C998ACB
S205000C9AE76D
S205000C9B183B
S205000C9C133F
S205000C9D143D
S205000C9E341C
S205000C9F004F
S205000CA0133B
S205000CA157F6
S205000CA2DA72
S205000CA3014A
S205000CA43317
S205000CA567E2
S205000CA687C1
S205000CA70047
S205000CA893B3
S205000CA987BE
S205000CAA172D
S205000CABC083
S205000CAC370B
S205000CAD043D
S205000CAE80C0
S205000CAF003F
S205000CB0B38B
S205000CB189B4
S205000CB2F943
S205000CB340FB
S205000CB43307
S205000CB564D5
S205000CB687B1
S205000CB70037
S205000CB81323
S205000CB9181D
S205000CBA3AFA
S205000CBB0033
S205000CBC939F
S205000CBD072A
S205000CBE0030
S205000CBF002F
S205000CC0131B
S205000CC10726
S205000CC2F03C
S205000CC3002B
S205000CC433F7
S205000CC5CA5F
S205000CC62AFE
S205000CC70126
S205000CC863C3
S205000CC964C1
S205000CCA978D
S205000CCB24FF
S205000CCC37EB
S205000CCD071A
S205000CCE1010
S205000CCF001F
S205000CD0130B
S205000CD10716
S205000CD20715
S205000CD3001B
S205000CD49387
S205000CD59485
S205000CD624F4
S205000CD70017
S205000CD8B363
S205000CD98491
S205000CDAE430
S205000CDB0013
S205000CDC030F
S205000CDDA76A
S205000CDE040C
S205000CDF000F
S205000CE067A7
S205000CE1000D
S205000CE20705
S205000CE3000B
S205000CE433D7
S205000CE5EB1E
S205000CE6A464
S205000CE70007
S205000CE863A3
S205000CE91EE7
S205000CEA0BF9
S205000CEB1CE7
S205000CEC936F
S205000CED57AA
S205000CEE49B7
S205000CEF01FE
S205000CF013EB
S205000CF114E9
S205000CF2C933
S205000CF300FB
S205000CF49367
S205000CF5F702
S205000CF6F701
S205000CF77F78
S205000CF89363
S205000CF90BEA
S205000CFA00F4
S205000CFB00F3
S205000CFC935F
S205000CFD04ED
S205000CFE8070
S205000CFF00EF
S205000D00935A
S205000D0109E3
S205000D02F0FB
S205000D037F6B
S205000D0413D6
S205000D050CDC
S205000D0620C7
S205000D0700E6
S205000D0813D2
S205000D095490
S205000D0AC41F
S205000D0B00E2
S205000D0C13CE
S205000D0D5987
S205000D0EF9E6
S205000D0F01DD
S205000D10E3FA
S205000D11924A
S205000D1207D4
S205000D13F8E2
S205000D1433A6
S205000D156870
S205000D164493
S205000D1701D5
S205000D186372
S205000D1902D2
S205000D1A08CB
S205000D1B1CB6
S205000D1C636E
S205000D1D06CA
S205000D1E04CB
S205000D1F5C72
S205000D2013BA
S205000D2105C7
S205000D2204C7
S205000D2300CA
S205000D24EFDA
S205000D2510B8
S205000D26D0F7
S205000D274086
S205000D289332
S205000D2907BD
S205000D2A05BE
S205000D2B00C2
S205000D2C932E
S205000D2D06BA
S205000D2E556A
S205000D2FFFBF
S205000D3013AA
S205000D3107B5
S205000D32D0EB
S205000D3301B9
S205000D3413A6
S205000D358830
S205000D368730
S205000D37FFB7
S205000D383382
S205000D3907AD
S205000D3AD7DC
S205000D3B4072
S205000D3C337E
S205000D3D149C
S205000D3E04AB
S205000D3F01AD
S205000D40337A
S205000D415755
S205000D42EAC1
S205000D4300AA
S205000D443376
S205000D456444
S205000D468720
S205000D4700A6
S205000D483372
S205000D49188C
S205000D4A0A99
S205000D4B01A1
S205000D4CB3EE
S205000D4D8719
S205000D4E3768
S205000D4F019D
S205000D50930A
S205000D518913
S205000D523764
S205000D533F5B
S205000D549306
S205000D550791
S205000D560097
S205000D570096
S205000D586F26
S205000D59F0A4
S205000D5A9FF4
S205000D5BF69C
S205000D5C335E
S205000D5D0789
S205000D5EF798
S205000D5F404E
S205000D6093FA
S205000D610686
S205000D62800B
S205000D630387
S205000D646326
S205000D65D0B8
S205000D66E6A1
S205000D676026
S205000D6893F2
S205000D69077D
S205000D6A0083
S205000D6B0082
S205000D6C93EE
S205000D6D067A
S205000D6E007F
S205000D6F007E
S205000D70136A
S205000D710775
S205000D72007B
S205000D73007A
S205000D7483F6
S205000D752058
S205000D76C1B6
S205000D770472
S205000D780372
S205000D792450
S205000D7A81F2
S205000D7B046E
S205000D7C93DE
S205000D7D97D9
S205000D7E4728
S205000D7F016D
S205000D80B3BA
S205000D81E785
S205000D82D794
S205000D83006A
S205000D8493D6
S205000D851652
S205000D86FA6D
S205000D870165
S205000D88B3B2
S205000D89E77D
S205000D8AD78C
S205000D8B0062
S205000D8C83DE
S205000D8D243C
S205000D8E411E
S205000D8F045A
S205000D90035A
S205000D912933
S205000D92015A
S205000D930456
S205000D9483D6
S205000D95292F
S205000D96C196
S205000D970353
S205000D980352
S205000D992A2A
S205000D9A81D2
S205000D9B034F
S205000D9C83CE
S205000D9D2A26
S205000D9E410E
S205000D9F034B
S205000DA0034A
S205000DA12B21
S205000DA2014A
S205000DA30347
S205000DA483C6
S205000DA52B1D
S205000DA6C186
S205000DA70244
S205000DA80342
S205000DA92C18
S205000DAA81C2
S205000DAB0240
S205000DAC132E
S205000DAD053B
S205000DAE0738
S205000DAF003E
S205000DB093AA
S205000DB185B7
S205000DB20734
S205000DB3003A
S205000DB41326
S205000DB50137
S205000DB60136
S205000DB70531
S205000DB867CE
S205000DB980B4
S205000DBA0033
S205000DBB0032
S205000DBC939E
S205000DBD0729
S205000DBEF03F
S205000DBF7FAF
S205000DC0939A
S205000DC10626
S205000DC2002B
S205000DC3002A
S205000DC41316
S205000DC50721
S205000DC60027
S205000DC70026
S205000DC86FB6
S205000DC9F034
S205000DCADF44
S205000DCBFA28
S205000DCC130E
S205000DCD0A16
S205000DCE001F
S205000DCF001E
S205000DD0938A
S205000DD10715
S205000DD2F02B
S205000DD37F9B
S205000DD4B762
S205000DD50612
S205000DD6080F
S205000DD70016
S205000DD81302
S205000DD9070D
S205000DDA0013
S205000DDB0012
S205000DDC6FA2
S205000DDDF020
S205000DDE9F70
S205000DDFF915
S205000DE033DA
S205000DE1EB21
S205000DE2A467
S205000DE3000A
S205000DE463A6
S205000DE50CFC
S205000DE60BFC
S205000DE710F6
S205000DE863A2
S205000DE98480
S205000DEA04FF
S205000DEB52B0
S205000DEC13EE
S205000DED857B
S205000DEE04FB
S205000DEF00FE
S205000DF0EF0E
S205000DF110EC
S205000DF210EB
S205000DF334C6
S205000DF413E6
S205000DF507F1
S205000DF605F2
S205000DF700F6
S205000DF89362
S205000DF907ED
S205000DFA559E
S205000DFBFFF3
S205000DFC13DE
S205000DFD0BE5
S205000DFED01F
S205000DFF01ED
S205000E009359
S205000E010BE0
S205000E028763
S205000E03FFEA
S205000E0433B5
S205000E050BDC
S205000E06FBEB
S205000E0740A5
S205000E08B331
S205000E09944F
S205000E0A746E
S205000E0B01E0
S205000E0C33AD
S205000E0D5B84
S205000E0E647A
S205000E0F01DC
S205000E1033A9
S205000E116B70
S205000E129B3F
S205000E1300D9
S205000E14B325
S205000E151BBC
S205000E167462
S205000E1701D4
S205000E189341
S205000E1907CC
S205000E1AD002
S205000E1BC011
S205000E1CB31D
S205000E1D8946
S205000E1EE7E7
S205000E1F408D
S205000E209339
S205000E2104C7
S205000E2200CA
S205000E2300C9
S205000E2413B5
S205000E250CBB
S205000E2600C6
S205000E2700C5
S205000E286F55
S205000E29F0D3
S205000E2A5F63
S205000E2BE5DC
S205000E2C338D
S205000E2D6857
S205000E2E447A
S205000E2F01BC
S205000E309329
S205000E318932
S205000E3219A1
S205000E338039
S205000E346355
S205000E351C9B
S205000E3608AE
S205000E370AAB
S205000E389321
S205000E39E4CF
S205000E3A248E
S205000E3B00B1
S205000E3C139D
S205000E3D04AB
S205000E3E00AE
S205000E3F00AD
S205000E409319
S205000E4107A4
S205000E42208A
S205000E4300A9
S205000E446F39
S205000E45F0B7
S205000E46DFC7
S205000E47E7BE
S205000E481391
S205000E49891A
S205000E4A0A98
S205000E4B00A1
S205000E4C138D
S205000E4D049B
S205000E4E0B93
S205000E4F009D
S205000E501389
S205000E518813
S205000E520B8F
S205000E530099
S205000E549305
S205000E550790
S205000E562076
S205000E570095
S205000E586331
S205000E59088B
S205000E5AFC96
S205000E5B6031
S205000E5C93FD
S205000E5D0788
S205000E5E305E
S205000E5F008D
S205000E60E3A9
S205000E610685
S205000E62FC8E
S205000E63F693
S205000E6493F5
S205000E650780
S205000E661076
S205000E670085
S205000E681371
S205000E690A79
S205000E6A0979
S205000E6B0081
S205000E6CE39D
S205000E6D0E71
S205000E6EFC82
S205000E6FEE8F
S205000E7093E9
S205000E7187F4
S205000E72F981
S205000E733F3A
S205000E746315
S205000E755225
S205000E76F086
S205000E773C39
S205000E781361
S205000E7977FC
S205000E7A78FA
S205000E7B0071
S205000E7C630D
S205000E7D1659
S205000E7E0767
S205000E7F5C11
S205000E801359
S205000E811754
S205000E8274F6
S205000E830069
S205000E846305
S205000E855A0D
S205000E86075F
S205000E870065
S205000E88B7AD
S205000E89075C
S205000E8A0062
S205000E8BFF62
S205000E8C93CD
S205000E8D87D8
S205000E8EF767
S205000E8FFF5E
S205000E903329
S205000E9174E7
S205000E92F466
S205000E930059
S205000E9493C5
S205000E9587D0
S205000E96094D
S205000E974015
S205000E981341
S205000E99074C
S205000E9AE072
S205000E9B7FD2
S205000E9CE36D
S205000E9D400F
S205000E9EF757
S205000E9FF25B
S205000EA01339
S205000EA158F3
S205000EA23812
S205000EA30049
S205000EA41335
S205000EA51730
S205000EA6D472
S205000EA70144
S205000EA893B1
S205000EA9162D
S205000EAA94AE
S205000EAB0041
S205000EAC330D
S205000EAD67D8
S205000EAE0737
S205000EAF013C
S205000EB093A9
S205000EB1D665
S205000EB2C674
S205000EB30039
S205000EB493A5
S205000EB5F740
S205000EB6F73F
S205000EB77FB6
S205000EB86FC5
S205000EB9F043
S205000EBADF53
S205000EBBEB46
S205000EBC131D
S205000EBD8CA3
S205000EBE0727
S205000EBF002D
S205000EC06FBD
S205000EC1F03B
S205000EC25FCB
S205000EC3F930
S205000EC41315
S205000EC58B9C
S205000EC60422
S205000EC70025
S205000EC89391
S205000EC90B18
S205000ECA051D
S205000ECB0021
S205000ECC938D
S205000ECD041B
S205000ECEC05E
S205000ECF001D
S205000ED09389
S205000ED10912
S205000ED2F02A
S205000ED37F9A
S205000ED41305
S205000ED50C0B
S205000ED630E6
S205000ED70015
S205000ED86FA5
S205000ED9F023
S205000EDA5FB3
S205000EDBDA37
S205000EDC937D
S205000EDDE42B
S205000EDE14FA
S205000EDF000D
S205000EE013F9
S205000EE10407
S205000EE2000A
S205000EE30009
S205000EE49375
S205000EE50700
S205000EE610F6
S205000EE70005
S205000EE86F95
S205000EE9F013
S205000EEA9F63
S205000EEBDD24
S205000EEC936D
S205000EEDE41B
S205000EEE34CA
S205000EEF00FD
S205000EF013E9
S205000EF108F3
S205000EF20AF0
S205000EF300F9
S205000EF49365
S205000EF507F0
S205000EF630C6
S205000EF700F5
S205000EF86F85
S205000EF9F003
S205000EFA9F53
S205000EFBDC15
S205000EFC935D
S205000EFD0BE4
S205000EFE00EE
S205000EFF00ED
S205000F009358
S205000F0104E6
S205000F0240A9
S205000F0300E8
S205000F049354
S205000F0509DD
S205000F0600E5
S205000F0700E4
S205000F0813D0
S205000F090CD6
S205000F0A10D1
S205000F0B00E0
S205000F0C6F70
S205000F0DF0EE
S205000F0E1FBE
S205000F0FD705
S205000F1023B8
S205000F1122B8
S205000F129148
S205000F1303D5
S205000F1423B4
S205000F1520B6
S205000F16A134
S205000F1703D1
S205000F1823B0
S205000F192EA4
S205000F1AB120
S205000F1B01CF
S205000F1C636C
S205000F1D6A64
S205000F1E6469
S205000F1F3B91
S205000F206368
S205000F2106C4
S205000F228B3E
S205000F233A8E
S205000F249334
S205000F25893D
S205000F26F9CC
S205000F27FFC5
S205000F2813B0
S205000F298C36
S205000F2A0BB6
S205000F2B00C0
S205000F2C932C
S205000F2D04BA
S205000F2E0BB2
S205000F2F00BC
S205000F3013A8
S205000F310DAD
S205000F3200B9
S205000F3300B8
S205000F349324
S205000F355C5A
S205000F36882D
S205000F3701B3
S205000F3813A0
S205000F39149E
S205000F3A842D
S205000F3B00B0
S205000F3C139C
S205000F3D5955
S205000F3E04A9
S205000F3F01AB
S205000F40B3F8
S205000F41ECBE
S205000F428C1D
S205000F4300A8
S205000F449314
S205000F4505A1
S205000F46099C
S205000F4700A4
S205000F481390
S205000F49851D
S205000F4A049D
S205000F4B00A0
S205000F4C138C
S205000F4D9B03
S205000F4E0C91
S205000F4F019B
S205000F509308
S205000F511A80
S205000F528811
S205000F530098
S205000F541384
S205000F555B3B
S205000F560B8A
S205000F570193
S205000F58EFA4
S205000F591082
S205000F5AD0C1
S205000F5B127E
S205000F5C93FC
S205000F5D0589
S205000F5E0588
S205000F5F008C
S205000F601378
S205000F610486
S205000F620584
S205000F630088
S205000F641374
S205000F650581
S205000F660B7A
S205000F670084
S205000F68EF94
S205000F691072
S205000F6A1071
S205000F6B0F71
S205000F6C93EC
S205000F6D0777
S205000F6E0578
S205000F6F007C
S205000F7093E8
S205000F710575
S205000F720970
S205000F730078
S205000F741364
S205000F7585F1
S205000F760471
S205000F770074
S205000F7893E0
S205000F7984EE
S205000F7A076A
S205000F7B0070
S205000F7CEF80
S205000F7D105E
S205000F7E105D
S205000F7F1557
S205000F801358
S205000F811555
S205000F820564
S205000F830167
S205000F8493D4
S205000F85570F
S205000F860C59
S205000F870163
S205000F88B3B0
S205000F89E77B
S205000F8AA7BA
S205000F8B0060
S205000F8C63FC
S205000F8DFA64
S205000F8E97C6
S205000F8F005C
S205000F90B3A8
S205000F9187D3
S205000F92FC5D
S205000F930058
S205000F941344
S205000F95074F
S205000F96F461
S205000F97FF55
S205000F9863F0
S205000F99FE54
S205000F9A97BA
S205000F9B3B15
S205000F9C133C
S205000F9D044A
S205000F9E0746
S205000F9F004C
S205000FA0B398
S205000FA184C6
S205000FA297B2
S205000FA34008
S205000FA493B4
S205000FA50541
S205000FA6093C
S205000FA70044
S205000FA81330
S205000FA985BD
S205000FAA043D
S205000FAB0040
S205000FACEF50
S205000FAD102E
S205000FAE90AD
S205000FAF0D2F
S205000FB093A8
S205000FB10535
S205000FB20534
S205000FB30038
S205000FB493A4
S205000FB50B2B
S205000FB60530
S205000FB70034
S205000FB81320
S205000FB9052D
S205000FBA0B26
S205000FBB0030
S205000FBCEF40
S205000FBD101E
S205000FBED05D
S205000FBF0923
S205000FC09398
S205000FC10723
S205000FC20524
S205000FC30028
S205000FC49394
S205000FC50521
S205000FC6091C
S205000FC70024
S205000FC81310
S205000FC9859D
S205000FCA041D
S205000FCB0020
S205000FCC938C
S205000FCD849A
S205000FCE0716
S205000FCF001C
S205000FD0EF2C
S205000FD1100A
S205000FD2D049
S205000FD30F09
S205000FD49384
S205000FD517FF
S205000FD60C09
S205000FD70113
S205000FD81300
S205000FD915FD
S205000FDA050C
S205000FDB010F
S205000FDC937C
S205000FDDD737
S205000FDE0706
S205000FDF010B
S205000FE0B358
S205000FE1E723
S205000FE2A762
S205000FE30008
S205000FE463A4
S205000FE5FA0C
S205000FE6976E
S205000FE70004
S205000FE8B350
S205000FE9877B
S205000FEAFC05
S205000FEB0000
S205000FEC13EC
S205000FED8777
S205000FEEFB02
S205000FEFFFFD
S205000FF06398
S205000FF1FA00
S205000FF29762
S205000FF335C3
S205000FF49364
S205000FF50BEB
S205000FF607EE
S205000FF700F4
S205000FF837BC
S205000FF903EF
S205000FFA01F0
S205000FFB00F0
S205000FFC13DC
S205000FFD14DA
S205000FFE04E9
S205000FFF01EB
S20500100033B7
S2050010016485
S2050010027474
S20500100301E6
S2050010049353
S2050010050DD8
S205001006F3F1
S205001007FFE4
S205001008B32F
S2050010097869
S20500100AB42C
S20500100B01DE
S20500100CB32B
S20500100DFDE0
S20500100EBA22
S20500100F01DA
S205001010B327
S2050010118B4E
S2050010129741
S2050010134097
S20500101413C3
S205001015DCF9
S2050010160ACA
S20500101701D2
S205001018933F
S205001019577A
S20500101A04CC
S20500101B01CE
S20500101C13BB
S20500101D8548
S20500101E08C4
S20500101F00CB
S2050010209337
S2050010218544
S2050010220DBB
S20500102300C7
S205001024EFD7
S20500102510B5
S2050010265074
S20500102703C0
S20500102813AF
S20500102908B9
S20500102A05BB
S20500102B00BF
S20500102C932B
S20500102D05B8
S20500102E0CB0
S20500102F00BB
S20500103013A7
S2050010318534
S20500103208B0
S20500103300B7
S205001034EFC7
S20500103510A5
S2050010365064
S20500103702B1
S205001038931F
S20500103908A9
S20500103A05AB
S20500103B00AF
S20500103C931B
S20500103D8528
S20500103E0D9F
S20500103F00AB
S2050010401397
S2050010418524
S20500104207A1
S20500104300A7
S205001044EFB7
S2050010451095
S2050010465054
S20500104701A2
S205001048138F
S2050010490E93
S20500104A059B
S20500104B009F
S20500104C930B
S20500104D0598
S20500104E0C90
S20500104F009B
S2050010501387
S2050010518514
S2050010520791
S2050010530097
S205001054EFA7
S2050010551085
S2050010565044
S2050010570093
S20500105893FF
S205001059573A
S20500105A0888
S20500105B018E
S20500105CB3DB
S20500105D8805
S20500105EC8C4
S20500105F018A
S205001060B3D7
S2050010618702
S2050010621771
S2050010630186
S2050010646323
S205001065F491
S205001066C7BD
S2050010670182
S205001068334F
S205001069057C
S20500106A651B
S20500106B007F
S20500106C3747
S20500106D0677
S20500106E017B
S20500106F007B
S2050010701367
S2050010710673
S205001072F682
S205001073FF78
S205001074B3C3
S205001075F481
S205001076C7AD
S2050010770073
S20500107893DF
S205001079D69B
S20500107A0769
S20500107B016E
S20500107C93DB
S20500107D94D9
S20500107E0468
S20500107F016A
S2050010803337
S20500108178F1
S205001082C8A0
S2050010830067
S205001084B3B3
S20500108587DE
S205001086A6BE
S2050010870063
S205001088B3AF
S20500108984DD
S20500108A045C
S20500108B015E
S20500108C63FB
S20500108DEA73
S20500108EFB61
S20500108F203B
S20500109063F7
S20500109186D3
S205001092FB5D
S2050010932037
S205001094B3A3
S2050010950451
S2050010969DB7
S2050010974013
S205001098B39F
S2050010998BC6
S20500109AFB55
S20500109B400F
S20500109C331B
S20500109D3D10
S20500109E9DAF
S20500109F004B
S2050010A0B397
S2050010A18BBE
S2050010A2AB9D
S2050010A34106
S2050010A463E3
S2050010A58ABB
S2050010A67CC8
S2050010A7370C
S2050010A893AF
S2050010A9053C
S2050010AA0937
S2050010AB003F
S2050010AC132B
S2050010AD85B8
S2050010AE0B31
S2050010AF003B
S2050010B0EF4B
S2050010B11029
S2050010B240F8
S2050010B37DBA
S2050010B493A3
S2050010B50530
S2050010B6052F
S2050010B70033
S2050010B8230F
S2050010B9260B
S2050010BAA18F
S2050010BB002F
S2050010BC131B
S2050010BD0D20
S2050010BE0527
S2050010BF002B
S2050010C01317
S2050010C10524
S2050010C20B1D
S2050010C30027
S2050010C4EF37
S2050010C51015
S2050010C640E4
S2050010C779AA
S2050010C8938F
S2050010C9071A
S2050010CA051B
S2050010CB001F
S2050010CC938B
S2050010CD0518
S2050010CE0913
S2050010CF001B
S2050010D01307
S2050010D18594
S2050010D20B0D
S2050010D30017
S2050010D49383
S2050010D58B8A
S2050010D6070D
S2050010D70013
S2050010D8EF23
S2050010D91001
S2050010DA40D0
S2050010DB7F90
S2050010DC13FB
S2050010DD15F8
S2050010DE0507
S2050010DF010A
S2050010E09377
S2050010E1D732
S2050010E20404
S2050010E30106
S2050010E4B353
S2050010E5E71E
S2050010E6A75D
S2050010E70003
S2050010E8639F
S2050010E9F011
S2050010EA7789
S2050010EB03FC
S2050010ECB34B
S2050010ED8776
S2050010EEFC00
S2050010EF00FB
S2050010F09367
S2050010F106F3
S2050010F2FDFB
S2050010F3FFF8
S2050010F46393
S2050010F5E213
S2050010F6975D
S2050010F737BC
S2050010F8638F
S2050010F9F001
S2050010FA7779
S2050010FB37B8
S2050010FC13DB
S2050010FD07E6
S2050010FEEDFF
S2050010FFFFEC
S20500110023C6
S20500110126C2
S205001102E106
S20500110300E6
S205001104B332
S205001105875D
S205001106974C
S20500110701E1
S205001108B32E
S2050011098B55
S20500110A7768
S20500110B419D
S20500110C934A
S20500110D05D7
S20500110E09D2
S20500110F00DA
S20500111013C6
S2050011118553
S2050011120BCC
S20500111300D6
S205001114EFE6
S20500111510C4
S20500111600D3
S205001117775B
S205001118933E
S20500111905CB
S20500111A05CA
S20500111B00CE
S20500111C13BA
S20500111D0DBF
S20500111E05C6
S20500111F00CA
S20500112013B6
S20500112105C3
S2050011220BBC
S20500112300C6
S205001124EFD6
S20500112510B4
S2050011264083
S205001127734F
S205001128932E
S20500112907B9
S20500112A05BA
S20500112B00BE
S20500112C932A
S20500112D05B7
S20500112E09B2
S20500112F00BA
S20500113013A6
S2050011318533
S2050011320BAC
S20500113300B6
S20500113413A2
S205001135892B
S20500113607AC
S20500113700B2
S205001138931E
S205001139941C
S20500113A04AB
S20500113B01AD
S20500113CEFBE
S20500113D109C
S20500113E00AB
S20500113F7931
S2050011401396
S2050011411593
S20500114205A2
S20500114301A5
S2050011449312
S205001145D4D0
S205001146049F
S20500114701A1
S205001148B3EE
S205001149E4BC
S20500114AA4FB
S20500114B009E
S20500114C633A
S20500114DFE9E
S20500114E2477
S20500114F0199
S205001150B3E6
S2050011518414
S2050011529CFB
S2050011530096
S2050011549302
S205001155078D
S205001156FD96
S205001157FF93
S205001158632E
S205001159E4AC
S20500115A94FB
S20500115B315D
S20500115C632A
S20500115DF29A
S20500115E2467
S20500115F3159
S2050011601376
S2050011610D7B
S205001162ED9A
S205001163FF87
S205001164B3D2
S2050011658400
S20500116694EF
S2050011670181
S20500116883FE
S2050011692759
S20500116AC1BE
S20500116B007E
S20500116CB3CA
S20500116D84F8
S20500116E2457
S20500116F4139
S20500117093E6
S20500117185F3
S2050011720D6A
S2050011730076
S2050011741362
S20500117598DC
S205001176076C
S2050011770171
S205001178333E
S2050011796808
S20500117AA8C7
S20500117B016D
S20500117C135A
S20500117D1359
S20500117E0863
S20500117F0169
S2050011801356
S2050011815315
S2050011820364
S2050011830165
S20500118493D2
S205001185570D
S205001186085B
S2050011870161
S205001188134E
S205001189055B
S20500118A035C
S20500118B005E
S20500118CEF6E
S20500118D104C
S20500118EC09B
S20500118F6CEE
S20500119093C6
S2050011910850
S2050011920552
S2050011930056
S20500119493C2
S205001195054F
S2050011960C47
S2050011970052
S205001198133E
S205001199054B
S20500119A034C
S20500119B004E
S20500119CEF5E
S20500119D103C
S20500119EC08B
S20500119F6BDF
S2050011A01336
S2050011A10345
S2050011A20542
S2050011A30046
S2050011A493B2
S2050011A585BF
S2050011A60D36
S2050011A70042
S2050011A8132E
S2050011A985BB
S2050011AA0738
S2050011AB003E
S2050011ACEF4E
S2050011AD102C
S2050011AEC07B
S2050011AF6AD0
S2050011B01326
S2050011B10E2A
S2050011B20532
S2050011B30036
S2050011B493A2
S2050011B5052F
S2050011B60C27
S2050011B70032
S2050011B8131E
S2050011B985AB
S2050011BA0728
S2050011BB002E
S2050011BCEF3E
S2050011BD101C
S2050011BEC06B
S2050011BF69C1
S2050011C09396
S2050011C1D751
S2050011C2081F
S2050011C30125
S2050011C433F2
S2050011C50321
S2050011C6C360
S2050011C70121
S2050011C8B36E
S2050011C98799
S2050011CA67B8
S2050011CB001E
S2050011CC63BA
S2050011CDF626
S2050011CEC754
S2050011CF0119
S2050011D037E2
S2050011D10711
S2050011D20116
S2050011D30016
S2050011D433E2
S2050011D5050F
S2050011D6E52E
S2050011D70012
S2050011D8B75A
S2050011D9060A
S2050011DA010E
S2050011DB000E
S2050011DC937A
S2050011DD8686
S2050011DEF615
S2050011DFFF0B
S2050011E013F6
S2050011E1D731
S2050011E20700
S2050011E30105
S2050011E4B352
S2050011E5F70D
S2050011E6D72C
S2050011E70002
S2050011E8936E
S2050011E99769
S2050011EA07F8
S2050011EB01FD
S2050011ECB34A
S2050011EDF804
S2050011EED823
S2050011EF00FA
S2050011F033C6
S2050011F107F1
S2050011F2A750
S2050011F300F6
S2050011F4B342
S2050011F5876D
S2050011F617DC
S2050011F701F1
S2050011F8638E
S2050011F9E010
S2050011FAE40B
S2050011FB02EC
S2050011FC638A
S2050011FD8C60
S2050011FEE407
S2050011FF00EA
S2050012008365
S2050012012CBB
S20500120241A5
S20500120302E3
S20500120403E1
S2050012052DB6
S20500120601E1
S20500120702DF
S205001208835D
S2050012092DB2
S20500120AC11D
S20500120B01DC
S20500120C13C9
S20500120D6873
S20500120E18C2
S20500120F00D9
S2050012106F69
S205001211F0E7
S2050012121FB7
S205001213C60F
S2050012146371
S2050012158A49
S20500121607CB
S2050012171CB5
S205001218B31D
S205001219844B
S20500121A9C32
S20500121B00CD
S20500121C13B9
S20500121D06C5
S20500121EF8D2
S20500121FFFCA
S2050012209335
S2050012218641
S20500122204C2
S20500122300C5
S2050012246361
S205001225ECD7
S205001226942E
S2050012271BA6
S205001228635D
S205001229EAD5
S20500122AE4DA
S20500122B2499
S20500122C6359
S20500122D8833
S20500122EE4D6
S20500122F2693
S20500123013A5
S20500123108AF
S20500123206B0
S20500123300B5
S2050012346F45
S205001235F0C3
S205001236DFD3
S205001237FCB5
S205001238139D
S20500123907A8
S20500123A109E
S20500123B00AD
S20500123CE3C9
S20500123D901B
S20500123E07A3
S20500123FB2F7
S2050012409315
S2050012418720
S205001242E9BD
S2050012434164
S205001244B3F1
S205001245168D
S205001246F8AA
S20500124700A1
S205001248B3ED
S2050012493669
S20500124AD0CE
S20500124B009D
S20500124CB3E9
S20500124D1784
S20500124EF4A6
S20500124F0099
S205001250B3E5
S205001251E7B0
S205001252F6A0
S2050012530095
S2050012543361
S205001255583B
S205001256E8AA
S2050012570091
S205001258335D
S2050012596827
S20500125AF896
S20500125B008D
S20500125C93F9
S20500125D7714
S20500125E7812
S20500125F0089
S2050012603355
S2050012615433
S205001262E4A2
S2050012630085
S2050012646321
S2050012658003
S205001266077B
S205001267027F
S20500126893ED
S2050012697708
S20500126AF886
S20500126B007D
S20500126C1369
S20500126D0774
S20500126E403A
S20500126F0079
S2050012706315
S2050012718AED
S205001272E78F
S2050012730075
S20500127493E1
S205001275076C
S205001276482A
S2050012770071
S205001278333D
S205001279B8B7
S20500127A0767
S20500127B016C
S20500127C3339
S20500127D0467
S20500127E0466
S20500127F0168
S2050012801355
S20500128188DF
S205001282075F
S2050012830065
S2050012841351
S205001285164D
S20500128684DE
S2050012870061
S20500128893CD
S2050012890758
S20500128A104E
S20500128B005D
S20500128C93C9
S20500128D0655
S20500128E005A
S20500128F0059
S2050012901345
S2050012910750
S2050012920056
S2050012930055
S205001294E371
S2050012954013
S205001296064C
S205001297AEA3
S2050012986FE1
S205001299004F
S20500129A80CE
S20500129B123B
S20500129CE369
S20500129D7CCF
S20500129E9DAD
S20500129FDE6B
S2050012A0B395
S2050012A10641
S2050012A25DE9
S2050012A30144
S2050012A43311
S2050012A5B68D
S2050012A6A69C
S2050012A70140
S2050012A8B38D
S2050012A9053A
S2050012AA96A8
S2050012AB013C
S2050012ACB389
S2050012AD8BB0
S2050012AEBB7F
S2050012AF0039
S2050012B01325
S2050012B18DAA
S2050012B20630
S2050012B30035
S2050012B493A1
S2050012B5052E
S2050012B6F43E
S2050012B7FF32
S2050012B863CD
S2050012B9FE31
S2050012BA7CB2
S2050012BB0726
S2050012BC63C9
S2050012BDE04B
S2050012BEFB2F
S2050012BF1415
S2050012C063C5
S2050012C18C9B
S2050012C277AF
S2050012C31312
S2050012C41311
S2050012C5849F
S2050012C6051D
S2050012C70021
S2050012C86FB1
S2050012C9F02F
S2050012CADF3F
S2050012CBDC41
S2050012CCE339
S2050012CDEC2F
S2050012CE0B0F
S2050012CFC554
S2050012D01305
S2050012D11CFB
S2050012D2FB1B
S2050012D30114
S2050012D41301
S2050012D5D73C
S2050012D61BF7
S2050012D70011
S2050012D8937D
S2050012D954BB
S2050012DA1BF3
S2050012DB000D
S2050012DC33D9
S2050012DD6C9F
S2050012DEEC1E
S2050012DF0009
S2050012E013F5
S2050012E19D6A
S2050012E2FB0B
S2050012E30104
S2050012E46F95
S2050012E5F013
S2050012E61FE3
S2050012E7C53C
S2050012E813ED
S2050012E905FA
S2050012EA0AF4
S2050012EB00FD
S2050012ECEF0D
S2050012ED10EB
S2050012EE40BA
S2050012EF6495
S2050012F09365
S2050012F106F1
S2050012F255A1
S2050012F301F4
S2050012F413E1
S2050012F507EC
S2050012F6C032
S2050012F701F0
S2050012F8935D
S2050012F907E8
S2050012FA05E9
S2050012FB02EB
S2050012FCE309
S2050012FD5A91
S2050012FED713
S2050012FFA247
S20500130013D4
S20500130105E1
S2050013028560
S205001303FFE5
S20500130413D0
S20500130508DA
S20500130600E1
S20500130700E0
S20500130833AC
S20500130914CA
S20500130AAA33
S20500130B00DC
S20500130C6F6C
S20500130DF0EA
S20500130E1FBA
S20500130FA434
S205001310EFE8
S20500131110C6
S20500131200D5
S2050013136272
S2050013149340
S20500131507CB
S205001316557C
S20500131701CF
S205001318933C
S20500131906C8
S20500131AC00D
S20500131B01CB
S20500131C13B8
S20500131D07C3
S20500131E05C4
S20500131F02C6
S205001320E3E4
S205001321DEE8
S205001322F6CF
S205001323AC18
S2050013249330
S20500132504BE
S205001326853C
S205001327FFC1
S205001328338C
S2050013291BA3
S20500132A9429
S20500132B00BC
S20500132C9328
S20500132D0BAF
S20500132E00B9
S20500132F00B8
S2050013306F48
S205001331F0C6
S2050013329F16
S205001333AE06
S205001334E3D0
S205001335981A
S2050013367C35
S205001337F9B7
S205001338E3CC
S20500133902AC
S20500133A06A7
S20500133BF8B4
S20500133C1398
S20500133D8426
S20500133E05A4
S20500133F00A8
S2050013406F38
S205001341F0B6
S2050013425F46
S205001343D5CF
S205001344E3C0
S205001345F8AA
S205001346970A
S205001347CAD6
S205001348930C
S2050013498B13
S20500134AEBB2
S20500134BFF9D
S20500134CB3E8
S20500134D8713
S20500134E9702
S20500134F0197
S2050013506F28
S205001351F0A6
S2050013529FF6
S205001353CACA
S205001354E3B0
S205001355F49E
S20500135697FA
S205001357C4CC
S205001358137C
S205001359048A
S20500135AE4A9
S20500135BFF8D
S20500135CB3D8
S20500135D8703
S20500135E97F2
S20500135F0187
S2050013606F18
S205001361F096
S2050013621F66
S205001363C4C0
S20500136493F0
S205001365067C
S205001366F091
S205001367017F
S205001368E39C
S205001369DCA2
S20500136AE697
S20500136BEC90
S20500136C93E8
S20500136D0674
S20500136E1069
S20500136FFE7A
S205001370B3C4
S20500137186F0
S205001372F67F
S2050013734034
S20500137493E0
S205001375076B
S2050013760071
S205001377026E
S205001378B3BC
S2050013795618
S20500137AD499
S20500137B006C
S20500137C6308
S20500137D0862
S20500137EF772
S20500137F0068
S20500138093D4
S20500138187DF
S205001382E97C
S2050013834321
S205001384B3B0
S205001385174B
S205001386F46D
S2050013870060
S205001388332C
S20500138968F6
S20500138AF865
S20500138B005C
S20500138C3328
S20500138D3822
S20500138E0059
S20500138F0157
S2050013903324
S20500139168EE
S205001392D87D
S2050013930054
S2050013941340
S20500139577DB
S20500139678D9
S2050013970050
S20500139893BC
S2050013990648
S20500139A004D
S20500139B004C
S20500139C63E8
S20500139D0842
S20500139E0742
S20500139F0246
S2050013A093B4
S2050013A177CF
S2050013A2F84D
S2050013A30044
S2050013A41330
S2050013A5073B
S2050013A64001
S2050013A70040
S2050013A8132C
S2050013A9043A
S2050013AA003D
S2050013AB003C
S2050013AC63D8
S2050013AD8AB0
S2050013AEE752
S2050013AF0038
S2050013B093A4
S2050013B1072F
S2050013B248ED
S2050013B30034
S2050013B43300
S2050013B5B87A
S2050013B6072A
S2050013B7012F
S2050013B833FC
S2050013B934FA
S2050013BA002D
S2050013BB012B
S2050013BC1318
S2050013BD88A2
S2050013BE0722
S2050013BF0028
S2050013C09394
S2050013C11610
S2050013C29491
S2050013C30024
S2050013C41310
S2050013C5170B
S2050013C6D44D
S2050013C7011F
S2050013C8938C
S2050013C9D648
S2050013CAC657
S2050013CB001C
S2050013CC1308
S2050013CD58C2
S2050013CE38E1
S2050013CF0018
S2050013D033E4
S2050013D167AF
S2050013D2E82D
S2050013D30014
S2050013D49380
S2050013D5070B
S2050013D60011
S2050013D70010
S2050013D86FA0
S2050013D9F01E
S2050013DADF2E
S2050013DB9973
S2050013DC13F8
S2050013DD0802
S2050013DE0603
S2050013DF0008
S2050013E0E324
S2050013E19076
S2050013E2E61F
S2050013E3E222
S2050013E4E320
S2050013E59E64
S2050013E657AA
S2050013E7E11F
S2050013E8837C
S2050013E92CD2
S2050013EA41BC
S2050013EB02FA
S2050013EC03F8
S2050013ED2DCD
S2050013EE01F8
S2050013EF02F6
S2050013F08374
S2050013F12DC9
S2050013F2C134
S2050013F301F3
S2050013F46F84
S2050013F5F002
S2050013F6DF12
S2050013F7A749
S2050013F8E30C
S2050013F9F6F8
S2050013FA9657
S2050013FBEC00
S2050013FCB338
S2050013FD8664
S2050013FEDA0F
S2050013FF00E8
S20500140033B3
S205001401B62F
S205001402568E
S20500140301E2
S20500140433AF
S20500140506DB
S205001406964A
S20500140701DE
S20500140813CB
S20500140904D9
S20500140AE4F8
S20500140BFFDC
S20500140C13C7
S20500140D8D4C
S20500140E06D2
S20500140F00D7
S205001410B323
S2050014118B4A
S205001412CB09
S20500141300D3
S2050014146F63
S205001415F0E1
S2050014161FB1
S205001417C807
S20500141813BB
S20500141907C6
S20500141A20AC
S20500141BC00B
S20500141C8347
S20500141D2C9D
S20500141E4187
S20500141F02C5
S20500142003C3
S2050014212D98
S20500142201C3
S20500142302C1
S205001424833F
S2050014252D94
S205001426C1FF
S20500142701BE
S205001428932B
S2050014298736
S20500142AF9C3
S20500142B3F7C
S20500142C13A7
S20500142D08B1
S20500142EF0C8
S20500142FFFB8
S205001430E3D3
S205001431C4F1
S205001432E9CB
S205001433E0D3
S205001434139F
S20500143507AA
S2050014364868
S20500143700AF
S205001438337B
S2050014393875
S20500143A07A5
S20500143B01AA
S20500143C3377
S20500143D04A5
S20500143E04A4
S20500143F01A6
S2050014401393
S205001441089D
S205001442079D
S20500144300A3
S2050014446F33
S205001445F0B1
S205001446DFC1
S205001447A3FC
S205001448138B
S2050014497726
S20500144AF8A4
S20500144B009B
S20500144C9307
S20500144D0693
S20500144E4058
S20500144F0097
S205001450E3B3
S205001451088D
S205001452D7BD
S205001453A2F1
S2050014546F23
S205001455F0A1
S2050014561F71
S205001457FE91
S205001458236B
S2050014592667
S20500145AD1BB
S20500145B008B
S20500145C6F1B
S20500145DF099
S20500145EDFA9
S20500145FCABD
S2050014601373
S2050014618DF8
S205001462077D
S2050014630083
S2050014646F13
S205001465F091
S2050014665F21
S205001467D0AF
S205001468136B
S2050014690A73
S20500146A0973
S20500146B007B
S20500146C93E7
S20500146D0772
S20500146EF088
S20500146F7FF8
S20500147093E3
S205001471066F
S2050014720074
S2050014730073
S205001474135F
S205001475076A
S2050014760070
S205001477006F
S2050014786FFF
S205001479F07D
S20500147ADF8D
S20500147B8FDC
S20500147C1357
S20500147D96D3
S20500147E1A4E
S20500147F0067
S205001480B3B3
S205001481362F
S205001482560E
S2050014830162
S205001484B3AF
S20500148586DB
S20500148696CA
S205001487015E
S205001488B3AB
S20500148986D7
S20500148AD488
S20500148B005B
S20500148C1347
S20500148D0851
S20500148EE870
S20500148FFF58
S20500149093C3
S2050014910A4B
S205001492064E
S2050014930053
S205001494E36F
S20500149588C9
S205001496E66A
S205001497F45B
S2050014986FDF
S205001499F05D
S20500149A9FAD
S20500149BD675
S20500149CE367
S20500149DE069
S20500149EFA4E
S20500149FFE49
S2050014A01333
S2050014A1083D
S2050014A2063E
S2050014A30043
S2050014A46FD3
S2050014A5F051
S2050014A61F21
S2050014A7F44B
S2050014A8132B
S2050014A9D766
S2050014AA45F7
S2050014AB013A
S2050014ACB783
S2050014AD0732
S2050014AE1028
S2050014AF0037
S2050014B093A3
S2050014B187AE
S2050014B2F73D
S2050014B3FF34
S2050014B4131F
S2050014B5D859
S2050014B646EA
S2050014B7012E
S2050014B8131B
S2050014B977B6
S2050014BAF735
S2050014BB7FAC
S2050014BC1317
S2050014BD0326
S2050014BEF038
S2050014BF7FA8
S2050014C033F3
S2050014C1FE27
S2050014C2B76D
S2050014C30023
S2050014C4938F
S2050014C50819
S2050014C6051B
S2050014C7001F
S2050014C8B36B
S2050014C9F726
S2050014CAD745
S2050014CB001B
S2050014CC9387
S2050014CDD544
S2050014CEF523
S2050014CF0116
S2050014D01303
S2050014D1789D
S2050014D2F81C
S2050014D37F94
S2050014D4937F
S2050014D5D63B
S2050014D6F61A
S2050014D7010E
S2050014D813FB
S2050014D90508
S2050014DA10FC
S2050014DB000B
S2050014DC63A7
S2050014DD0CFD
S2050014DE67A1
S2050014DF0007
S2050014E063A3
S2050014E108FD
S2050014E2689C
S2050014E30003
S2050014E4639F
S2050014E514ED
S2050014E607F9
S2050014E701FE
S2050014E8639B
S2050014E906F7
S2050014EAFEFE
S2050014EB02F9
S2050014EC6793
S2050014ED8079
S2050014EE00F8
S2050014EF00F7
S2050014F0678F
S2050014F18075
S2050014F200F4
S2050014F300F3
S2050014F4E30F
S2050014F51CD5
S2050014F6E808
S2050014F7FEF1
S2050014F8B33B
S2050014F96786
S2050014FAFEEE
S2050014FB00EB
S2050014FCB337
S2050014FDE702
S2050014FEC721
S2050014FF00E7
S205001500B332
S205001501E7FD
S20500150217CC
S20500150301E1
S205001504E3FE
S205001505944C
S20500150607D8
S205001507FEE0
S205001508B32A
S2050015098557
S20500150AD506
S20500150B409A
S20500150C33A6
S20500150D35A3
S20500150EB027
S20500150F00D6
S205001510676E
S2050015118054
S20500151200D3
S20500151300D2
S205001514E3EE
S2050015159C34
S205001516C807
S205001517FCD2
S205001518636A
S2050015198A42
S20500151AD5F6
S20500151B00CA
S20500151CE3E6
S20500151D18B0
S20500151E07C0
S20500151FFCCA
S2050015203392
S2050015216E56
S2050015221EA5
S20500152301C1
S205001524338E
S205001525358B
S205001526C0FF
S20500152701BD
S2050015286756
S205001529803C
S20500152A00BB
S20500152B00BA
S20500152C13A6
S20500152D05B3
S20500152E00B7
S20500152F00B6
S205001530674E
S2050015318034
S20500153200B3
S20500153300B2
S205001534931E
S205001535D8D8
S205001536456A
S20500153701AD
S205001538B7F6
S20500153907A5
S20500153A109B
S20500153B00AA
S20500153C9316
S20500153D8721
S20500153EF7B0
S20500153FFFA7
S2050015401392
S205001541D7CD
S205001542465D
S20500154301A1
S205001544930E
S205001545F8A8
S205001546F8A7
S2050015477F1F
S205001548138A
S2050015490E8E
S20500154AF0AB
S20500154B7F1B
S20500154C3366
S20500154DF3A5
S20500154EB7E0
S20500154F0096
S2050015501382
S205001551088C
S205001552058E
S2050015530092
S20500155493FE
S2050015550E82
S205001556058A
S205001557008E
S205001558B3DA
S205001559F795
S20500155AD7B4
S20500155B008A
S20500155C93F6
S20500155DD5B3
S20500155EF592
S20500155F0185
S2050015601372
S2050015610F75
S205001562067D
S2050015630082
S205001564136E
S205001565750B
S205001566F788
S2050015677FFF
S20500156893EA
S205001569D6A6
S20500156AF685
S20500156B0179
S20500156C6316
S20500156D88F0
S20500156EC8AF
S20500156F0571
S2050015706312
S2050015710470
S205001572C5AE
S205001573036F
S205001574630E
S2050015759AD6
S2050015760867
S2050015770668
S205001578333A
S2050015796804
S20500157A0368
S20500157B0169
S20500157C6306
S20500157D1058
S20500157E0562
S20500157F0660
S2050015803332
S205001581E67E
S205001582C79C
S2050015830062
S20500158463FE
S2050015850C54
S2050015860659
S2050015870856
S20500158863FA
S205001589124A
S20500158A0853
S20500158B0A50
S20500158C1346
S20500158D0553
S20500158E1047
S20500158F0056
S20500159063F2
S20500159182D2
S205001592064D
S205001593084A
S20500159467EA
S20500159580D0
S205001596004F
S205001597004E
S205001598331A
S205001599E666
S20500159AC784
S20500159B004A
S20500159C63E6
S20500159D1434
S20500159E0641
S20500159F083E
S2050015A063E2
S2050015A196AE
S2050015A2083B
S2050015A30042
S2050015A4330E
S2050015A563DD
S2050015A6033C
S2050015A7013D
S2050015A8E35A
S2050015A9023A
S2050015AA0338
S2050015ABFE3C
S2050015AC63D6
S2050015AD80B8
S2050015AED562
S2050015AF0630
S2050015B063D2
S2050015B192A2
S2050015B2052E
S2050015B3062C
S2050015B4131E
S2050015B5052B
S2050015B6101F
S2050015B7002E
S2050015B867C6
S2050015B980AC
S2050015BA002B
S2050015BB002A
S2050015BC33F6
S2050015BD63C5
S2050015BE0324
S2050015BF0125
S2050015C063C2
S2050015C11212
S2050015C20320
S2050015C3061C
S2050015C4E33E
S2050015C5160A
S2050015C6150A
S2050015C7FF1F
S2050015C8B36A
S2050015C9E735
S2050015CAC754
S2050015CB001A
S2050015CC63B6
S2050015CD9C7C
S2050015CE0710
S2050015CF0412
S2050015D0E332
S2050015D19084
S2050015D2D53E
S2050015D3FE14
S2050015D413FE
S2050015D5050B
S2050015D6000F
S2050015D7000E
S2050015D867A6
S2050015D9808C
S2050015DA000B
S2050015DB000A
S2050015DCE326
S2050015DD0800
S2050015DE08FF
S2050015DFFA0C
S2050015E0E322
S2050015E1986C
S2050015E2D52E
S2050015E3FC06
S2050015E46F92
S2050015E50000
S2050015E6807F
S2050015E702FC
S2050015E8E31A
S2050015E904F8
S2050015EA05F6
S2050015EBFCFE
S2050015ECE316
S2050015ED9266
S2050015EED522
S2050015EFFCFA
S2050015F0E312
S2050015F140B4
S2050015F215DE
S2050015F3FDF5
S2050015F4638E
S2050015F5CC24
S2050015F6A847
S2050015F700EE
S2050015F8E30A
S2050015F9EC00
S2050015FA6784
S2050015FBFAF0
S2050015FC6386
S2050015FD18D0
S2050015FEF3F4
S2050015FF00E6
S205001600E301
S205001601687B
S205001602DF03
S205001603FBE6
S20500160413CD
S20500160505DA
S20500160600DE
S20500160700DD
S205001608E3F9
S205001609F6E5
S20500160AEEEC
S20500160BF9E0
S20500160C13C5
S20500160D05D2
S20500160E10C6
S20500160F00D5
S205001610E3F1
S2050016119241
S20500161205CD
S205001613F8D9
S20500161413BD
S20500161505CA
S205001616F0DE
S205001617FFCE
S2050016186765
S205001619804B
S20500161A00CA
S20500161B00C9
S20500161CE3E5
S20500161D1AAD
S20500161E08BE
S20500161FF8CD
S205001620675D
S2050016218043
S20500162200C2
S20500162300C1
S20500162413AD
S20500162505BA
S205001626E0DE
S205001627FFBE
S2050016286755
S205001629803B
S20500162A00BA
S20500162B00B9
S20500162CE3D5
S20500162D8631
S20500162ED5E1
S20500162FFCB9
S2050016306F45
S205001631F0C3
S2050016321F93
S205001633F8B9
S205001634931D
S205001635D8D7
S2050016364569
S20500163701AC
S205001638B7F5
S20500163907A4
S20500163A109A
S20500163B00A9
S20500163C9315
S20500163D8720
S20500163EF7AF
S20500163FFFA6
S2050016401391
S205001641D7CC
S205001642465C
S20500164301A0
S205001644930D
S205001645F8A7
S205001646F8A6
S2050016477F1E
S2050016481389
S2050016490398
S20500164AF0AA
S20500164B7F1A
S20500164C3365
S20500164DFE99
S20500164EB7DF
S20500164F0095
S2050016501381
S205001651088B
S205001652058D
S2050016530091
S20500165493FD
S2050016550E81
S2050016560589
S205001657008D
S205001658B3D9
S205001659F794
S20500165AD7B3
S20500165B0089
S20500165C93F5
S20500165DD5B2
S20500165EF591
S20500165F0184
S2050016601371
S2050016610F74
S205001662067C
S2050016630081
S205001664136D
S205001665750A
S205001666F787
S2050016677FFE
S20500166893E9
S205001669D6A5
S20500166AF684
S20500166B0178
S20500166C6315
S20500166D8AED
S20500166E680E
S20500166F0471
S2050016706311
S205001671046F
S205001672650D
S205001673026F
S205001674630D
S20500167598D7
S2050016760866
S2050016770667
S2050016783339
S2050016796803
S20500167A0E5C
S20500167B0168
S20500167C6305
S20500167D1E49
S20500167E0561
S20500167F085D
S2050016803331
S205001681E67D
S205001682C79B
S2050016830061
S20500168463FD
S205001685045B
S2050016860658
S2050016870A53
S20500168863F9
S2050016891645
S20500168A0852
S20500168B0A4F
S20500168C1345
S20500168D0552
S20500168E1046
S20500168F0055
S20500169063F1
S20500169180D3
S205001692064C
S2050016930849
S20500169467E9
S20500169580CF
S205001696004E
S205001697004D
S2050016983319
S205001699E665
S20500169AC783
S20500169B0049
S20500169C1335
S20500169D0542
S20500169E2026
S20500169F0045
S2050016A0E361
S2050016A11A29
S2050016A2063C
S2050016A3FE43
S2050016A463DD
S2050016A596A9
S2050016A60836
S2050016A7003D
S2050016A83309
S2050016A96ECD
S2050016AA0E2C
S2050016AB0138
S2050016ACE355
S2050016AD0037
S2050016AE0E28
S2050016AFFE37
S2050016B063D1
S2050016B18CA7
S2050016B2D55D
S2050016B3042D
S2050016B463CD
S2050016B59E91
S2050016B60529
S2050016B70429
S2050016B81319
S2050016B90526
S2050016BA101A
S2050016BB0029
S2050016BC67C1
S2050016BD80A7
S2050016BE0026
S2050016BF0025
S2050016C033F1
S2050016C16EB5
S2050016C20E14
S2050016C30120
S2050016C463BD
S2050016C5100F
S2050016C60E10
S2050016C70617
S2050016C8E339
S2050016C91605
S2050016CA1505
S2050016CBFF1A
S2050016CCB365
S2050016CDE730
S2050016CEC74F
S2050016CF0015
S2050016D01301
S2050016D1050E
S2050016D220F2
S2050016D30011
S2050016D4E32D
S2050016D5907F
S2050016D60707
S2050016D7FC11
S2050016D8E329
S2050016D99E6D
S2050016DAD535
S2050016DBFC0D
S2050016DC13F5
S2050016DD0502
S2050016DE0006
S2050016DF0005
S2050016E0679D
S2050016E18083
S2050016E20002
S2050016E30001
S2050016E4E31D
S2050016E508F7
S2050016E605F9
S2050016E7FC01
S2050016E8E319
S2050016E99665
S2050016EAD525
S2050016EBFCFD
S2050016ECE315
S2050016ED44B3
S2050016EE15E1
S2050016EFFDF8
S2050016F06391
S2050016F1CC27
S2050016F2A84A
S2050016F300F1
S2050016F4E30D
S2050016F5E00F
S2050016F6C727
S2050016F7FDF0
S2050016F86389
S2050016F918D3
S2050016FAFEEC
S2050016FB00E9
S2050016FCE305
S2050016FD6C7B
S2050016FEDF07
S2050016FFFBEA
S20500170013D0
S20500170105DD
S20500170200E1
S20500170300E0
S205001704E3FC
S205001705F8E6
S205001706EEEF
S205001707F9E3
S20500170813C8
S20500170905D5
S20500170A10C9
S20500170B00D8
S20500170CE3F4
S20500170D9442
S20500170E05D0
S20500170FF8DC
S20500171013C0
S20500171105CD
S205001712F0E1
S205001713FFD1
S2050017146768
S205001715804E
S20500171600CD
S20500171700CC
S205001718E3E8
S2050017190AC0
S20500171A08C1
S20500171BF6D2
S20500171CE3E4
S20500171D9C2A
S20500171ED5F0
S20500171FF8CC
S2050017206F54
S205001721F0D2
S2050017229F22
S205001723FEC2
S20500172413AC
S20500172505B9
S205001726209D
S20500172700BC
S2050017286754
S205001729803A
S20500172A00B9
S20500172B00B8
S20500172CE3D4
S20500172D14A2
S20500172E08AD
S20500172FF8BC
S205001730674C
S2050017318032
S20500173200B1
S20500173300B0
S205001734E3CC
S205001735802E
S205001736D5D8
S205001737FCB0
S2050017386F3C
S205001739F0BA
S20500173ADFCA
S20500173BF7B1
S20500173C1394
S20500173D01A5
S20500173E01A4
S20500173FFDA7
S2050017409310
S205001741D7CB
S205001742455C
S205001743019F
S205001744237C
S205001745247A
S205001746811C
S205001747029A
S2050017482378
S2050017492278
S20500174A9108
S20500174B0296
S20500174C2374
S20500174D2076
S20500174E2174
S20500174F0391
S2050017502370
S2050017512E64
S2050017523160
S205001753018F
S205001754236C
S2050017552A64
S205001756513C
S205001757018B
S20500175893F8
S20500175994F6
S20500175AC5C4
S20500175B0088
S20500175C2364
S20500175D2660
S20500175E1174
S20500175F0282
S2050017602360
S2050017612C56
S2050017624140
S205001763017F
S205001764235C
S2050017652856
S205001766611C
S205001767017B
S2050017682358
S2050017692654
S20500176A7108
S20500176B0177
S20500176C2354
S20500176D2452
S20500176E81F4
S20500176F0173
S20500177093E0
S205001771F77B
S205001772F77A
S2050017737FF1
S205001774135C
S205001775046A
S2050017760568
S205001777006C
S20500177893D8
S2050017790A60
S20500177A0663
S20500177B0068
S20500177C93D4
S20500177D89DD
S20500177E065F
S20500177F0064
S20500178093D0
S205001781D48E
S205001782C49D
S2050017830060
S205001784134C
S205001785D985
S205001786F568
S205001787015B
S20500178863F8
S20500178980DA
S20500178A0752
S20500178B4E0A
S20500178C1344
S20500178D074F
S20500178EF065
S20500178F7FD5
S20500179063F0
S20500179186CC
S205001792E76A
S2050017930A46
S20500179493BC
S20500179596B8
S2050017963419
S205001797004C
S2050017981338
S20500179957F3
S20500179AD574
S20500179B0147
S20500179C3314
S20500179D67DF
S20500179ED76E
S20500179F0044
S2050017A0B78C
S2050017A1063C
S2050017A280C1
S2050017A30040
S2050017A4B38C
S2050017A564DA
S2050017A6D766
S2050017A7003C
S2050017A81328
S2050017A91A20
S2050017AA3504
S2050017AB0038
S2050017AC1324
S2050017AD8CAA
S2050017AE171E
S2050017AFC074
S2050017B01320
S2050017B10B27
S2050017B20031
S2050017B30030
S2050017B4939C
S2050017B50B23
S2050017B6002D
S2050017B7002C
S2050017B89398
S2050017B9D753
S2050017BA49E0
S2050017BB0127
S2050017BC1314
S2050017BD978F
S2050017BEC95C
S2050017BF0024
S2050017C09390
S2050017C1F72B
S2050017C2F72A
S2050017C37FA1
S2050017C4130C
S2050017C58E90
S2050017C60A13
S2050017C7001C
S2050017C81308
S2050017C954C6
S2050017CAC752
S2050017CB0018
S2050017CC9384
S2050017CDD93D
S2050017CEF91C
S2050017CF0113
S2050017D063B0
S2050017D18092
S2050017D2070A
S2050017D30A06
S2050017D413FC
S2050017D50707
S2050017D6F01D
S2050017D77F8D
S2050017D863A8
S2050017D98E7C
S2050017DAE722
S2050017DB14F4
S2050017DC13F4
S2050017DD17EF
S2050017DE34D1
S2050017DF0004
S2050017E09370
S2050017E1D62C
S2050017E2DA27
S2050017E301FF
S2050017E4B34C
S2050017E5E618
S2050017E6E617
S2050017E700FC
S2050017E89368
S2050017E98773
S2050017EA17E2
S2050017EBC038
S2050017EC37C0
S2050017ED07EF
S2050017EE8075
S2050017EF00F4
S2050017F033C0
S2050017F1E40E
S2050017F2E60B
S2050017F300F0
S2050017F413DC
S2050017F59E50
S2050017F63AB3
S2050017F700EC
S2050017F833B8
S2050017F98367
S2050017FA8762
S2050017FB01E7
S2050017FC9354
S2050017FD06E0
S2050017FE00E5
S2050017FF00E4
S205001800934F
S20500180107DA
S205001802A040
S20500180300DF
S205001804934B
S20500180508D5
S20500180613C9
S20500180700DB
S2050018086377
S205001809CC0D
S20500180A6771
S20500180B0BCC
S20500180CB323
S20500180D4590
S20500180E399B
S20500180F01D2
S205001810933F
S20500181107CA
S20500181220B0
S20500181300CF
S20500181413BB
S2050018158845
S20500181605C7
S20500181700CB
S2050018186367
S205001819C603
S20500181A6761
S20500181B15B2
S20500181C13B3
S20500181D0BBA
S20500181EFBC9
S20500181FFFC4
S20500182013AF
S20500182107BA
S20500182210B0
S20500182300BF
S205001824635B
S205001825605D
S2050018266755
S20500182717A4
S2050018286357
S2050018298633
S20500182AF6C2
S20500182B486F
S20500182C9323
S20500182D04B1
S20500182E04B0
S20500182F00B3
S205001830139F
S2050018310AA7
S2050018320EA2
S20500183300AF
S205001834931B
S2050018358B22
S20500183606A6
S20500183700AB
S2050018386F3B
S20500183900A9
S20500183AC0E8
S20500183B099E
S20500183C3373
S20500183DEABB
S20500183EA400
S20500183F00A3
S205001840633F
S205001841148D
S2050018420A96
S2050018434857
S205001844930B
S205001845D7C6
S2050018464953
S205001847019A
S2050018481387
S2050018499702
S20500184AC9CF
S20500184B0097
S20500184C9303
S20500184DF79E
S20500184EF79D
S20500184F7F14
S20500185093FF
S205001851048D
S2050018520090
S205001853008F
S205001854137B
S2050018550B82
S205001856800C
S205001857008B
S2050018581377
S2050018590C7D
S20500185AF098
S20500185B7F08
S20500185C93F3
S20500185D0B7A
S20500185E2064
S20500185F0083
S205001860136F
S2050018618EF3
S2050018620A76
S205001863007F
S205001864136B
S2050018655429
S205001866C7B5
S205001867007B
S20500186893E7
S205001869D9A0
S20500186AF97F
S20500186B0176
S20500186CE393
S20500186D94E1
S20500186E076D
S20500186FF67D
S205001870B3BF
S205001871670A
S205001872541C
S205001873016E
S205001874630B
S2050018758EDF
S2050018760765
S2050018774625
S2050018786307
S2050018790C5D
S20500187A0464
S20500187B5413
S20500187C1353
S20500187D0560
S20500187E0460
S20500187F0063
S205001880EF73
S2050018811051
S2050018820060
S2050018830B54
S205001884134B
S205001885035A
S2050018860557
S205001887005B
S2050018881347
S2050018890752
S20500188A5503
S20500188BFF58
S20500188C93C3
S20500188D074E
S20500188ED084
S20500188F0152
S205001890133F
S2050018910E43
S20500189283CD
S205001893FF50
S205001894B39B
S20500189587C6
S205001896E765
S205001897400B
S205001898B397
S205001899D772
S20500189AFA4E
S20500189B0047
S20500189C3313
S20500189D172E
S20500189EC480
S20500189F0142
S2050018A0330F
S2050018A1E45D
S2050018A2E759
S2050018A3003F
S2050018A4330B
S2050018A59E9F
S2050018A6CA72
S2050018A7013A
S2050018A83307
S2050018A90336
S2050018AA6CCC
S2050018AB40F7
S2050018AC1323
S2050018AD0332
S2050018AED361
S2050018AFC073
S2050018B0939F
S2050018B1072A
S2050018B2A090
S2050018B3002F
S2050018B4939B
S2050018B50627
S2050018B6002C
S2050018B7002B
S2050018B89397
S2050018B90821
S2050018BA1315
S2050018BB0027
S2050018BCE343
S2050018BDD84D
S2050018BE67BD
S2050018BFF52E
S2050018C0938F
S2050018C1051C
S2050018C20917
S2050018C3001F
S2050018C4938B
S2050018C50716
S2050018C620FC
S2050018C7001B
S2050018C863B7
S2050018C98693
S2050018CAFB1D
S2050018CB3ED9
S2050018CC9383
S2050018CD070E
S2050018CE30E4
S2050018CF0013
S2050018D063AF
S2050018D18889
S2050018D2FB15
S2050018D354BB
S2050018D4937B
S2050018D50706
S2050018D610FC
S2050018D7000B
S2050018D813F7
S2050018D98881
S2050018DA0503
S2050018DB0007
S2050018DC63A3
S2050018DD966F
S2050018DEFB09
S2050018DF52B1
S2050018E0936F
S2050018E107FA
S2050018E20000
S2050018E300FF
S2050018E4936B
S2050018E506F7
S2050018E600FC
S2050018E700FB
S2050018E813E7
S2050018E907F2
S2050018EA00F8
S2050018EB00F7
S2050018EC8373
S2050018ED20D5
S2050018EEC133
S2050018EF02F1
S2050018F003EF
S2050018F124CD
S2050018F2816F
S2050018F302ED
S2050018F4935B
S2050018F59756
S2050018F647A5
S2050018F701EA
S2050018F8B337
S2050018F9E702
S2050018FAD711
S2050018FB00E7
S2050018FC13D3
S2050018FD18CD
S2050018FEF8EC
S2050018FF01E2
S205001900B32E
S205001901E7F9
S20500190207D8
S20500190301DD
S205001904835A
S20500190524B8
S205001906419A
S20500190702D8
S20500190803D6
S20500190929AF
S20500190A01D6
S20500190B02D4
S20500190C8352
S20500190D29AB
S20500190EC112
S20500190F01D1
S20500191003CE
S2050019112AA6
S205001912814E
S20500191301CD
S205001914834A
S2050019152AA2
S205001916418A
S20500191701C9
S20500191803C6
S2050019192B9D
S20500191A01C6
S20500191B01C5
S20500191C8342
S20500191D2B99
S20500191EC102
S20500191F00C2
S20500192003BE
S2050019212C94
S205001922813E
S20500192300BE
S20500192413AA
S20500192505B7
S20500192607B4
S20500192700BA
S2050019289326
S2050019298533
S20500192A07B0
S20500192B00B6
S20500192C13A2
S20500192D01B3
S20500192E01B2
S20500192F03AF
S205001930674A
S2050019318030
S20500193200AF
S20500193300AE
S205001934337A
S2050019356745
S2050019365457
S20500193701A9
S2050019381396
S20500193903A5
S20500193AFCAB
S20500193B7F27
S20500193C6342
S20500193D069E
S20500193E079C
S20500193F3C66
S205001940376A
S2050019411789
S205001942009F
S205001943009E
S205001944336A
S2050019454854
S2050019463962
S2050019470199
S2050019481386
S2050019490791
S20500194A0790
S20500194B8016
S20500194C1382
S20500194D6B29
S20500194E3B58
S20500194F0092
S20500195093FE
S205001951068A
S205001952A0EF
S205001953008E
S20500195493FA
S2050019550587
S2050019560883
S205001957008A
S205001958B3D6
S2050019590880
S20500195AEC9B
S20500195B0086
S20500195C6322
S20500195DCCB8
S20500195E661D
S20500195F433F
S20500196093EE
S205001961067A
S205001962304F
S205001963007E
S205001964136A
S2050019650676
S205001966106B
S205001967007A
S2050019683346
S2050019691662
S20500196A6611
S20500196B0175
S20500196C1362
S20500196D77FD
S20500196E066D
S20500196F531F
S205001970E38E
S2050019711A56
S2050019720768
S205001973F47A
S20500197493DA
S20500197577F5
S2050019760665
S2050019772446
S2050019786306
S20500197990D8
S20500197A0760
S20500197B481E
S20500197C1352
S20500197D76EE
S20500197E86DD
S20500197F085A
S20500198063FE
S2050019811E42
S2050019820659
S2050019833826
S205001984B7A6
S2050019850F4D
S205001986015A
S205001987005A
S20500198893C6
S20500198982D6
S20500198AFF58
S20500198BFF57
S20500198C3322
S20500198D7FD5
S20500198E5AF9
S20500198F0052
S205001990B39E
S20500199172DE
S2050019925EF1
S205001993004E
S205001994133A
S2050019955AF2
S2050019960A41
S2050019970149
S2050019981336
S2050019995EEA
S20500199A0E39
S20500199B0145
S20500199C1332
S20500199D053F
S20500199E0F34
S20500199F0042
S2050019A093AE
S2050019A185BB
S2050019A2023D
S2050019A3003E
S2050019A4EF4E
S2050019A5003C
S2050019A650EB
S2050019A76BCF
S2050019A81326
S2050019A90731
S2050019AA0532
S2050019AB0036
S2050019AC93A2
S2050019AD052F
S2050019AE0E25
S2050019AF0032
S2050019B0131E
S2050019B1052B
S2050019B20F20
S2050019B3002E
S2050019B4EF3E
S2050019B5002C
S2050019B650DB
S2050019B76AC0
S2050019B89396
S2050019B90721
S2050019BA0522
S2050019BB0026
S2050019BC9392
S2050019BD859F
S2050019BE0221
S2050019BF0022
S2050019C0130E
S2050019C1051B
S2050019C20A15
S2050019C3001E
S2050019C4EF2E
S2050019C5001C
S2050019C650CB
S2050019C769B1
S2050019C89386
S2050019C90E0A
S2050019CA0512
S2050019CB0016
S2050019CC9382
S2050019CD050F
S2050019CE0E05
S2050019CF0012
S2050019D013FE
S2050019D1050B
S2050019D20A05
S2050019D3000E
S2050019D4EF1E
S2050019D5000C
S2050019D650BB
S2050019D768A2
S2050019D8B356
S2050019D98682
S2050019DAD730
S2050019DB0105
S2050019DC9372
S2050019DD53B1
S2050019DE07FC
S2050019DF0101
S2050019E0B34E
S2050019E1837D
S2050019E2D32C
S2050019E300FE
S2050019E4936A
S2050019E507F5
S2050019E605F6
S2050019E700FA
S2050019E86396
S2050019E9F404
S2050019EAD324
S2050019EB01F5
S2050019ECB342
S2050019ED07ED
S2050019EEF5FE
S2050019EF01F1
S2050019F0B73A
S2050019F109E7
S2050019F201EE
S2050019F300EE
S2050019F413DA
S2050019F58963
S2050019F6F9F2
S2050019F7FFEB
S2050019F8B336
S2050019F9FEEA
S2050019FA23C4
S2050019FB01E5
S2050019FC33B2
S2050019FD776D
S2050019FE27BC
S2050019FF01E1
S205001A00934D
S205001A019E41
S205001A020ED0
S205001A0301DC
S205001A0433A9
S205001A057962
S205001A0624B6
S205001A0701D8
S205001A089345
S205001A09D304
S205001A0A03D3
S205001A0B01D4
S205001A0CB321
S205001A0D8E45
S205001A0EEEE4
S205001A0F00D1
S205001A1013BD
S205001A11547B
S205001A1204CA
S205001A1301CC
S205001A1413B9
S205001A1505C6
S205001A160FBB
S205001A1700C9
S205001A189335
S205001A1905C2
S205001A1A09BD
S205001A1B00C5
S205001A1CEFD5
S205001A1D00C3
S205001A1ED0F2
S205001A1F635E
S205001A20932D
S205001A210FB0
S205001A2205B9
S205001A2300BD
S205001A249329
S205001A2505B6
S205001A2604B6
S205001A2700B9
S205001A2813A5
S205001A2905B2
S205001A2A0FA7
S205001A2B00B5
S205001A2CEFC5
S205001A2D00B3
S205001A2ED0E2
S205001A2F624F
S205001A30139D
S205001A3107A8
S205001A3205A9
S205001A3300AD
S205001A349319
S205001A3505A6
S205001A3609A1
S205001A3700A9
S205001A381395
S205001A3905A2
S205001A3A0A9C
S205001A3B00A5
S205001A3CEFB5
S205001A3D00A3
S205001A3ED0D2
S205001A3F6140
S205001A40138D
S205001A410F90
S205001A420599
S205001A43009D
S205001A449309
S205001A450596
S205001A460496
S205001A470099
S205001A481385
S205001A490592
S205001A4A0A8C
S205001A4B0095
S205001A4CEFA5
S205001A4D0093
S205001A4ED0C2
S205001A4F6031
S205001A5093FD
S205001A51D6B9
S205001A520F7F
S205001A53018C
S205001A543359
S205001A550784
S205001A56E7A3
S205001A570188
S205001A58B3D5
S205001A598601
S205001A5AE6A0
S205001A5B0085
S205001A5C6321
S205001A5DF48F
S205001A5EE69C
S205001A5F0180
S205001A60334D
S205001A61057A
S205001A623549
S205001A63017C
S205001A643745
S205001A650A71
S205001A660179
S205001A670079
S205001A681365
S205001A690F68
S205001A6AFA7C
S205001A6BFF76
S205001A6C3341
S205001A6DF77C
S205001A6EE68C
S205001A6F0170
S205001A70B3BD
S205001A71FF70
S205001A72EF7F
S205001A73016C
S205001A741359
S205001A751754
S205001A760763
S205001A770168
S205001A783335
S205001A790760
S205001A7AF76F
S205001A7B0164
S205001A7C3331
S205001A7DFF64
S205001A7EE47E
S205001A7F0160
S205001A8093CD
S205001A81D689
S205001A820658
S205001A83015C
S205001A84B3A9
S205001A858FCC
S205001A86A6B4
S205001A870059
S205001A88B3A5
S205001A8983D4
S205001A8AE373
S205001A8B0055
S205001A8C93C1
S205001A8DD47F
S205001A8E044E
S205001A8F0150
S205001A90133D
S205001A91054A
S205001A920F3F
S205001A93004D
S205001A9493B9
S205001A9585C6
S205001A960248
S205001A970049
S205001A98EF59
S205001A990047
S205001A9A1036
S205001A9B5CE9
S205001A9C93B1
S205001A9D0A39
S205001A9E053D
S205001A9F0041
S205001AA093AD
S205001AA1053A
S205001AA20E30
S205001AA3003D
S205001AA41329
S205001AA50536
S205001AA60F2B
S205001AA70039
S205001AA8EF49
S205001AA90037
S205001AAA1026
S205001AAB5BDA
S205001AAC93A1
S205001AAD092A
S205001AAE052D
S205001AAF0031
S205001AB0939D
S205001AB185AA
S205001AB2022C
S205001AB3002D
S205001AB41319
S205001AB585A6
S205001AB60426
S205001AB70029
S205001AB8EF39
S205001AB90027
S205001ABA1016
S205001ABB5ACB
S205001ABC9391
S205001ABD0221
S205001ABE051D
S205001ABF0021
S205001AC0938D
S205001AC1051A
S205001AC20E10
S205001AC3001D
S205001AC41309
S205001AC58596
S205001AC60416
S205001AC70019
S205001AC8EF29
S205001AC90017
S205001ACA1006
S205001ACB59BC
S205001ACC1301
S205001ACDD63D
S205001ACE0A08
S205001ACF0110
S205001AD0B35D
S205001AD18986
S205001AD259B5
S205001AD3000D
S205001AD433D9
S205001AD50605
S205001AD636D4
S205001AD70108
S205001AD863A5
S205001AD97493
S205001ADA56B0
S205001ADB0005
S205001ADC33D1
S205001ADD05FE
S205001ADE45BD
S205001ADF0100
S205001AE037C9
S205001AE10AF5
S205001AE201FD
S205001AE300FD
S205001AE49369
S205001AE506F5
S205001AE6FA00
S205001AE7FFFA
S205001AE8B345
S205001AE97285
S205001AEAD620
S205001AEB00F5
S205001AECB341
S205001AEDFAF9
S205001AEEDA18
S205001AEF00F1
S205001AF013DD
S205001AF15699
S205001AF206E8
S205001AF301EC
S205001AF49359
S205001AF59259
S205001AF602E8
S205001AF701E8
S205001AF833B5
S205001AF90ED9
S205001AFAA640
S205001AFB00E5
S205001AFCB331
S205001AFD8261
S205001AFE5290
S205001AFF01E0
S205001B0013CC
S205001B0105D9
S205001B020FCE
S205001B0300DC
S205001B049348
S205001B0505D5
S205001B0609D0
S205001B0700D8
S205001B08EFE8
S205001B0900D6
S205001B0A10C5
S205001B0B557F
S205001B0C9340
S205001B0D09C9
S205001B0E05CC
S205001B0F00D0
S205001B10933C
S205001B1105C9
S205001B1204C9
S205001B1300CC
S205001B1413B8
S205001B1505C5
S205001B160FBA
S205001B1700C8
S205001B18EFD8
S205001B1900C6
S205001B1A10B5
S205001B1B5470
S205001B1C13B0
S205001B1D0FB3
S205001B1E05BC
S205001B1F00C0
S205001B20932C
S205001B2105B9
S205001B2209B4
S205001B2300BC
S205001B2413A8
S205001B258535
S205001B2604B5
S205001B2700B8
S205001B28EFC8
S205001B2900B6
S205001B2A10A5
S205001B2B5361
S205001B2C13A0
S205001B2D09A9
S205001B2E05AC
S205001B2F00B0
S205001B30931C
S205001B3105A9
S205001B3204A9
S205001B3300AC
S205001B341398
S205001B358525
S205001B3604A5
S205001B3700A8
S205001B38EFB8
S205001B3900A6
S205001B3A1095
S205001B3B5252
S205001B3CB3F0
S205001B3D069C
S205001B3E2F72
S205001B3F019F
S205001B40930C
S205001B41D5C9
S205001B420994
S205001B43019B
S205001B443368
S205001B458416
S205001B46D5C4
S205001B470098
S205001B481384
S205001B490F87
S205001B4A0590
S205001B4B0094
S205001B4C6330
S205001B4D741E
S205001B4E246D
S205001B4F018F
S205001B50335C
S205001B510F7F
S205001B524548
S205001B53018B
S205001B543754
S205001B550684
S205001B560188
S205001B570088
S205001B581374
S205001B590680
S205001B5AF68F
S205001B5BFF85
S205001B5CB3D0
S205001B5D760C
S205001B5EC4BD
S205001B5F0080
S205001B60B3CC
S205001B61F985
S205001B62C9B4
S205001B63007C
S205001B6493E8
S205001B6596E4
S205001B660673
S205001B670177
S205001B68B3C4
S205001B6987EF
S205001B6A77FE
S205001B6B0074
S205001B6CB3C0
S205001B6D86EC
S205001B6E363B
S205001B6F016F
S205001B70B3BC
S205001B7185E9
S205001B72F677
S205001B73016B
S205001B743338
S205001B75B7B3
S205001B76E782
S205001B770068
S205001B783334
S205001B7987DF
S205001B7AE580
S205001B7B0064
S205001B7CB3B0
S205001B7D82E0
S205001B7E570A
S205001B7F0060
S205001B80332C
S205001B810658
S205001B82C796
S205001B83015B
S205001B84B3A8
S205001B85B7A3
S205001B86F267
S205001B870058
S205001B88B3A4
S205001B89074F
S205001B8AF65F
S205001B8B0054
S205001B8CB3A0
S205001B8DB69C
S205001B8ED57C
S205001B8F0050
S205001B90B39C
S205001B913519
S205001B92B796
S205001B93004C
S205001B94B398
S205001B95E664
S205001B96B693
S205001B970048
S205001B983314
S205001B99370F
S205001B9AE65F
S205001B9B0044
S205001B9C93B0
S205001B9D55ED
S205001B9E043D
S205001B9F013F
S205001BA0330C
S205001BA1B688
S205001BA2C776
S205001BA3003C
S205001BA4B388
S205001BA586B4
S205001BA6B683
S205001BA70038
S205001BA81324
S205001BA99A9C
S205001BAA92A3
S205001BAB0034
S205001BAC3300
S205001BAD67CB
S205001BAEC76A
S205001BAF0030
S205001BB033FC
S205001BB10727
S205001BB2D756
S205001BB3002C
S205001BB433F8
S205001BB56AC0
S205001BB6DA4F
S205001BB70127
S205001BB833F4
S205001BB9071F
S205001BBAE73E
S205001BBB0123
S205001BBC33F0
S205001BBD3AE8
S205001BBE40E1
S205001BBF011F
S205001BC0938C
S205001BC1D24C
S205001BC272AB
S205001BC3011B
S205001BC41308
S205001BC51703
S205001BC69782
S205001BC70018
S205001BC89384
S205001BC9D640
S205001BCA779E
S205001BCB0113
S205001BCC33E0
S205001BCD6AA8
S205001BCE5AB7
S205001BCF0010
S205001BD0937C
S205001BD19777
S205001BD29776
S205001BD3000C
S205001BD433D8
S205001BD56AA0
S205001BD6FA0F
S205001BD70008
S205001BD89374
S205001BD917EF
S205001BDA778E
S205001BDB0004
S205001BDCB350
S205001BDD649E
S205001BDED72A
S205001BDF0000
S205001BE0639C
S205001BE1D02E
S205001BE207F6
S205001BE302FA
S205001BE49368
S205001BE557A3
S205001BE61ADF
S205001BE700F8
S205001BE813E4
S205001BE97A7C
S205001BEA1ADB
S205001BEB00F4
S205001BEC13E0
S205001BED975B
S205001BEEF4FD
S205001BEF01EF
S205001BF0B33C
S205001BF1E707
S205001BF247A6
S205001BF301EB
S205001BF433B8
S205001BF5EA00
S205001BF6E702
S205001BF700E8
S205001BF89354
S205001BF9D412
S205001BFA14D1
S205001BFB00E4
S205001BFC13D0
S205001BFD835F
S205001BFE08D9
S205001BFF00E0
S205001C00934B
S205001C0107D6
S205001C02F3E9
S205001C033F9C
S205001C046377
S205001C055683
S205001C06F0E8
S205001C0712C5
S205001C0813C3
S205001C09775E
S205001C0A7A5A
S205001C0B00D3
S205001C0C636F
S205001C0D00D1
S205001C0E07C9
S205001C0F02CD
S205001C1013BB
S205001C117756
S205001C12FAD2
S205001C1300CB
S205001C149337
S205001C1506C3
S205001C164088
S205001C1700C7
S205001C186363
S205001C190ABB
S205001C1AD7ED
S205001C1B00C3
S205001C1C13AF
S205001C1D07BA
S205001C1E4A76
S205001C1F00BF
S205001C20338B
S205001C213A83
S205001C224775
S205001C2301BA
S205001C24B307
S205001C258435
S205001C264474
S205001C2701B6
S205001C2813A3
S205001C290AAB
S205001C2A07AD
S205001C2B00B3
S205001C2C139F
S205001C2D971A
S205001C2E743C
S205001C2F00AF
S205001C30634B
S205001C315A53
S205001C3207A5
S205001C3300AB
S205001C34B7F3
S205001C3507A2
S205001C3600A8
S205001C37FFA8
S205001C389313
S205001C39871E
S205001C3AF7AD
S205001C3BFFA4
S205001C3CB3EF
S205001C3DF4AD
S205001C3EF4AC
S205001C3F009F
S205001C40930B
S205001C410796
S205001C420399
S205001C43405B
S205001C441387
S205001C450792
S205001C46E0B8
S205001C477F18
S205001C486333
S205001C494451
S205001C4AF79D
S205001C4B1C77
S205001C4C137F
S205001C4D5A37
S205001C4E3A56
S205001C4F008F
S205001C50137B
S205001C5197F6
S205001C52D4B8
S205001C53018A
S205001C5493F7
S205001C5596F3
S205001C5694F4
S205001C570087
S205001C583353
S205001C59671E
S205001C5A473D
S205001C5B0182
S205001C5C93EF
S205001C5DD6AB
S205001C5EC6BA
S205001C5F007F
S205001C6093EB
S205001C61F786
S205001C62F785
S205001C637FFC
S205001C646F0B
S205001C65F089
S205001C669FD9
S205001C67C8AF
S205001C683343
S205001C69EA8B
S205001C6AA4D0
S205001C6B0073
S205001C6C630F
S205001C6D0869
S205001C6E0A66
S205001C6F0669
S205001C70630B
S205001C718EDF
S205001C720468
S205001C731259
S205001C741357
S205001C7585E4
S205001C760464
S205001C770067
S205001C78EF77
S205001C790065
S205001C7A90D4
S205001C7B4B18
S205001C7C134F
S205001C7D075A
S205001C7E055B
S205001C7F005F
S205001C8093CB
S205001C810657
S205001C825507
S205001C83FF5C
S205001C8493C7
S205001C850752
S205001C86D088
S205001C870156
S205001C881343
S205001C890A4B
S205001C8A87CD
S205001C8BFF54
S205001C8CB39F
S205001C8D87CA
S205001C8ED779
S205001C8F400F
S205001C90B39B
S205001C9157F6
S205001C92F458
S205001C93004B
S205001C94B397
S205001C9596B3
S205001C964404
S205001C970146
S205001C98B393
S205001C99E461
S205001C9AD76D
S205001C9B0043
S205001C9C330F
S205001C9D1A27
S205001C9E44FC
S205001C9F013E
S205001CA093AB
S205001CA10736
S205001CA2D06C
S205001CA3C07B
S205001CA43307
S205001CA58CAD
S205001CA6E751
S205001CA740F7
S205001CA81323
S205001CA90B2A
S205001CAA0034
S205001CAB0033
S205001CAC939F
S205001CAD0B26
S205001CAE0030
S205001CAF002F
S205001CB06FBF
S205001CB1F03D
S205001CB29F8D
S205001CB3B07B
S205001CB41317
S205001CB588A1
S205001CB60523
S205001CB70027
S205001CB89393
S205001CB9071E
S205001CBAF034
S205001CBB7FA4
S205001CBC938F
S205001CBD061B
S205001CBE0020
S205001CBF001F
S205001CC0130B
S205001CC10716
S205001CC2001C
S205001CC3001B
S205001CC46FAB
S205001CC5F029
S205001CC69F79
S205001CC7C255
S205001CC81303
S205001CC90A0B
S205001CCA050F
S205001CCB0013
S205001CCC13FF
S205001CCD0B06
S205001CCEC050
S205001CCF000F
S205001CD013FB
S205001CD10C01
S205001CD2F01C
S205001CD37F8C
S205001CD49377
S205001CD50BFE
S205001CD630D8
S205001CD70007
S205001CD86F97
S205001CD9F015
S205001CDA1FE5
S205001CDBAE55
S205001CDC936F
S205001CDD04FD
S205001CDE0000
S205001CDF00FF
S205001CE013EB
S205001CE10BF2
S205001CE240BC
S205001CE300FB
S205001CE413E7
S205001CE50CED
S205001CE600F8
S205001CE700F7
S205001CE89363
S205001CE90BEA
S205001CEA10E4
S205001CEB00F3
S205001CEC6F83
S205001CEDF001
S205001CEEDF11
S205001CEFAC43
S205001CF013DB
S205001CF16B82
S205001CF21BD1
S205001CF300EB
S205001CF413D7
S205001CF503E6
S205001CF60CDC
S205001CF700E7
S205001CF813D3
S205001CF904E1
S205001CFA00E4
S205001CFB00E3
S205001CFC13CF
S205001CFD0ED3
S205001CFE00E0
S205001CFF00DF
S205001D00934A
S205001D0106D6
S205001D0210CB
S205001D0300DA
S205001D046F6A
S205001D05F0E8
S205001D06DFF8
S205001D07AF27
S205001D0813C2
S205001D096B69
S205001D0A2BA8
S205001D0B00D2
S205001D0C13BE
S205001D0D04CC
S205001D0E00CF
S205001D0F00CE
S205001D1013BA
S205001D110EBE
S205001D1200CB
S205001D1300CA
S205001D149336
S205001D1506C2
S205001D1620A7
S205001D1700C6
S205001D186F56
S205001D19F0D4
S205001D1A9F24
S205001D1BAE14
S205001D1C932E
S205001D1D04BC
S205001D1E04BB
S205001D1F00BE
S205001D2013AA
S205001D210AB2
S205001D220EAD
S205001D2300BA
S205001D249326
S205001D258B2D
S205001D2606B1
S205001D2700B6
S205001D289322
S205001D29852F
S205001D2A09AA
S205001D2B00B2
S205001D2C6F42
S205001D2DF0C0
S205001D2E9F10
S205001D2FB9F5
S205001D30139A
S205001D3107A5
S205001D32109B
S205001D3300AA
S205001D346346
S205001D359018
S205001D3607A0
S205001D371096
S205001D381392
S205001D3903A1
S205001D3AE3C0
S205001D3B4161
S205001D3C336E
S205001D3D168A
S205001D3E6A35
S205001D3F009E
S205001D40336A
S205001D413666
S205001D42C0DB
S205001D43009A
S205001D443366
S205001D459305
S205001D466433
S205001D470096
S205001D483362
S205001D495A3A
S205001D4AEAA9
S205001D4B0092
S205001D4C335E
S205001D4D662A
S205001D4E6629
S205001D4F008E
S205001D50335A
S205001D516626
S205001D524645
S205001D530189
S205001D5493F6
S205001D557711
S205001D567611
S205001D570086
S205001D58B3D2
S205001D59D5AF
S205001D5AE49F
S205001D5B0082
S205001D5C631E
S205001D5D8000
S205001D5E0778
S205001D5F027C
S205001D6093EA
S205001D617705
S205001D62F685
S205001D63007A
S205001D641366
S205001D650771
S205001D664037
S205001D670076
S205001D686312
S205001D698AEA
S205001D6AE78C
S205001D6B0072
S205001D6C93DE
S205001D6D0769
S205001D6E4629
S205001D6F006E
S205001D70333A
S205001D71B6B6
S205001D72C7A4
S205001D73006A
S205001D74B3B6
S205001D7585E3
S205001D76C5A2
S205001D770066
S205001D781352
S205001D7986DE
S205001D7A075C
S205001D7B0062
S205001D7C134E
S205001D7D95CB
S205001D7E85DA
S205001D7F005E
S205001D8093CA
S205001D810755
S205001D82104B
S205001D83005A
S205001D8493C6
S205001D850652
S205001D860057
S205001D870056
S205001D881342
S205001D89074D
S205001D8A0053
S205001D8B0052
S205001D8CE36E
S205001D8D4010
S205001D8E054A
S205001D8FB698
S205001D906FDE
S205001D91004C
S205001D92C08B
S205001D93103A
S205001D941336
S205001D950741
S205001D96F057
S205001D970046
S205001D9863E2
S205001D991034
S205001D9AEB58
S205001D9B1230
S205001D9C132E
S205001D9D0838
S205001D9E003F
S205001D9F003E
S205001DA0B786
S205001DA10636
S205001DA20833
S205001DA3003A
S205001DA41326
S205001DA50731
S205001DA60037
S205001DA70036
S205001DA86FC6
S205001DA9F044
S205001DAA5FD4
S205001DABB47E
S205001DACEF42
S205001DAD0030
S205001DAE50DF
S205001DAF38F6
S205001DB0939A
S205001DB10626
S205001DB255D6
S205001DB30129
S205001DB49396
S205001DB50721
S205001DB6C067
S205001DB70125
S205001DB81312
S205001DB9071D
S205001DBA051E
S205001DBB0220
S205001DBCE33E
S205001DBDD44C
S205001DBED748
S205001DBFEC32
S205001DC0130A
S205001DC10517
S205001DC28596
S205001DC3FF1B
S205001DC41306
S205001DC50A0E
S205001DC60017
S205001DC70016
S205001DC8B362
S205001DC91400
S205001DCAA46F
S205001DCB0012
S205001DCC6FA2
S205001DCDF020
S205001DCE5FB0
S205001DCFED21
S205001DD013FA
S205001DD18587
S205001DD20A01
S205001DD3000A
S205001DD4EF1A
S205001DD50008
S205001DD6D037
S205001DD735D1
S205001DD813F2
S205001DD907FD
S205001DDA55AE
S205001DDB0101
S205001DDC936E
S205001DDD07F9
S205001DDEC03F
S205001DDF01FD
S205001DE013EA
S205001DE103F9
S205001DE205F6
S205001DE302F8
S205001DE4E316
S205001DE5D424
S205001DE6E710
S205001DE7AA4C
S205001DE813E2
S205001DE905EF
S205001DEA856E
S205001DEBFFF3
S205001DEC13DE
S205001DED0EE2
S205001DEE00EF
S205001DEF00EE
S205001DF033BA
S205001DF19458
S205001DF2AA41
S205001DF300EA
S205001DF46F7A
S205001DF5F0F8
S205001DF65F88
S205001DF7AB3B
S205001DF813D2
S205001DF908DC
S205001DFA00E3
S205001DFB00E2
S205001DFC934E
S205001DFD07D9
S205001DFEF0EF
S205001DFF7F5F
S205001E00B725
S205001E0106D5
S205001E0208D2
S205001E0300D9
S205001E046F69
S205001E05F0E7
S205001E069F37
S205001E07AE27
S205001E0813C1
S205001E098350
S205001E0A08CA
S205001E0B00D1
S205001E0C6F61
S205001E0DF0DF
S205001E0E5F6F
S205001E0FDFEE
S205001E109339
S205001E1107C4
S205001E12F0DA
S205001E137F4A
S205001E149335
S205001E1506C1
S205001E1600C6
S205001E1700C5
S205001E1813B1
S205001E1907BC
S205001E1A00C2
S205001E1B00C1
S205001E1C6F51
S205001E1DF0CF
S205001E1E1F9F
S205001E1FAD10
S205001E2013A9
S205001E2108B3
S205001E2200BA
S205001E2300B9
S205001E249325
S205001E2507B0
S205001E26F0C6
S205001E277F36
S205001E28B7FD
S205001E2906AD
S205001E2A08AA
S205001E2B00B1
S205001E2C139D
S205001E2D07A8
S205001E2E00AE
S205001E2F00AD
S205001E306F3D
S205001E31F0BB
S205001E32DFCB
S205001E33ABFE
S205001E343375
S205001E3507A0
S205001E36F7AF
S205001E374065
S205001E389311
S205001E39069D
S205001E3A8022
S205001E3B039E
S205001E3CE3BD
S205001E3DC2DD
S205001E3EE6B8
S205001E3FAAF3
S205001E409309
S205001E410695
S205001E42F0AA
S205001E430198
S205001E44E3B5
S205001E45DABD
S205001E46E6B0
S205001E47EEA7
S205001E489301
S205001E49068D
S205001E4A1082
S205001E4BFE93
S205001E4CB3DD
S205001E4D8708
S205001E4EF698
S205001E4F404D
S205001E5093F9
S205001E510685
S205001E52008A
S205001E530287
S205001E54B3D5
S205001E55D7B0
S205001E56F492
S205001E570085
S205001E586321
S205001E59087B
S205001E5AD7AB
S205001E5B0081
S205001E5C136D
S205001E5D037C
S205001E5EE39B
S205001E5F433A
S205001E603349
S205001E6193E8
S205001E626416
S205001E630079
S205001E643345
S205001E656A0D
S205001E666A0C
S205001E670075
S205001E683341
S205001E69363D
S205001E6A4032
S205001E6B0170
S205001E6C333D
S205001E6D6609
S205001E6EF678
S205001E6F006D
S205001E701359
S205001E7177F4
S205001E7276F4
S205001E730069
S205001E7493D5
S205001E750661
S205001E760066
S205001E770065
S205001E786301
S205001E79085B
S205001E7A075B
S205001E7B025F
S205001E7C93CD
S205001E7D77E8
S205001E7EF668
S205001E7F005D
S205001E801349
S205001E810754
S205001E82401A
S205001E830059
S205001E8493C5
S205001E850552
S205001E860056
S205001E870055
S205001E8863F1
S205001E898AC9
S205001E8AE76B
S205001E8B0051
S205001E8C93BD
S205001E8D0748
S205001E8E4608
S205001E8F004D
S205001E903319
S205001E91B695
S205001E92C783
S205001E930049
S205001E94B395
S205001E953512
S205001E96C086
S205001E970045
S205001E981331
S205001E9986BD
S205001E9A073B
S205001E9B0041
S205001E9C93AD
S205001E9D96A9
S205001E9E95A9
S205001E9F003D
S205001EA01329
S205001EA197A4
S205001EA2D565
S205001EA30138
S205001EA493A5
S205001EA5D661
S205001EA6C670
S205001EA70035
S205001EA81321
S205001EA956DD
S205001EAA36FC
S205001EAB0031
S205001EAC33FD
S205001EAD67C8
S205001EAEE648
S205001EAF002D
S205001EB09399
S205001EB10724
S205001EB2002A
S205001EB30029
S205001EB46FB9
S205001EB5F037
S205001EB69F87
S205001EB7A382
S205001EB89391
S205001EB9041F
S205001EBA041E
S205001EBB0021
S205001EBC130D
S205001EBD8A95
S205001EBE0A14
S205001EBF001D
S205001EC09389
S205001EC10B10
S205001EC230EA
S205001EC30019
S205001EC49385
S205001EC58592
S205001EC6090D
S205001EC70015
S205001EC86FA5
S205001EC9F023
S205001ECADF33
S205001ECB9F72
S205001ECCB759
S205001ECD0708
S205001ECE10FE
S205001ECF000D
S205001ED09379
S205001ED18784
S205001ED2F713
S205001ED3FF0A
S205001ED413F5
S205001ED50106
S205001ED60105
S205001ED7FE07
S205001ED8B351
S205001ED9F80B
S205001EDAB74B
S205001EDB0001
S205001EDC33CD
S205001EDDF807
S205001EDED727
S205001EDF00FD
S205001EE09369
S205001EE1D724
S205001EE246B4
S205001EE301F8
S205001EE49365
S205001EE5985F
S205001EE638BE
S205001EE700F5
S205001EE823D1
S205001EE92CC7
S205001EEA8171
S205001EEB00F1
S205001EEC23CD
S205001EED26C9
S205001EEE31BD
S205001EEF01EC
S205001EF013D9
S205001EF1D417
S205001EF2F5F5
S205001EF301E8
S205001EF49355
S205001EF5D90E
S205001EF645A1
S205001EF701E4
S205001EF813D1
S205001EF9578C
S205001EFAD50D
S205001EFB01E0
S205001EFC13CD
S205001EFD18C7
S205001EFE38A6
S205001EFF00DD
S205001F009348
S205001F015585
S205001F02D603
S205001F0301D7
S205001F0423B4
S205001F052EA8
S205001F0611C4
S205001F0700D4
S205001F0823B0
S205001F092AA8
S205001F0A9140
S205001F0B00D0
S205001F0C23AC
S205001F0D28A6
S205001F0E21AC
S205001F0F01CB
S205001F1013B8
S205001F11FFCB
S205001F12F7D2
S205001F137F49
S205001F1413B4
S205001F1503C3
S205001F16F0D5
S205001F177F45
S205001F183390
S205001F19675B
S205001F1A17AA
S205001F1B01BF
S205001F1C932C
S205001F1DF9C5
S205001F1EF9C4
S205001F1F7F3D
S205001F2013A8
S205001F210EAC
S205001F2204B5
S205001F2300B8
S205001F249324
S205001F25189E
S205001F263580
S205001F2700B4
S205001F289320
S205001F29D6DC
S205001F2AF6BB
S205001F2B01AF
S205001F2CB3FC
S205001F2DE5C9
S205001F2E05A8
S205001F2F01AB
S205001F309318
S205001F311E8C
S205001F323673
S205001F3300A8
S205001F346344
S205001F350C9A
S205001F366F36
S205001F372084
S205001F389310
S205001F39C6DC
S205001F3A168B
S205001F3B00A0
S205001F3CB3EC
S205001F3D8717
S205001F3EE9B4
S205001F3F415B
S205001F406338
S205001F410298
S205001F42D4C5
S205001F431682
S205001F44E3B4
S205001F455A3C
S205001F46F0A5
S205001F470094
S205001F486330
S205001F490A88
S205001F4A0F82
S205001F4B246C
S205001F4C632C
S205001F4D840A
S205001F4E6924
S205001F4F3C50
S205001F5093F8
S205001F510684
S205001F528009
S205001F530385
S205001F541374
S205001F550581
S205001F561075
S205001F570084
S205001F586320
S205001F59CEB4
S205001F5AF68B
S205001F5B027E
S205001F5CB7C8
S205001F5D0678
S205001F5E80FD
S205001F5F007C
S205001F60B3C8
S205001F61E595
S205001F62D5A4
S205001F630078
S205001F6493E4
S205001F650670
S205001F66F085
S205001F670173
S205001F686310
S205001F69C4AE
S205001F6AF67B
S205001F6B4E22
S205001F6C93DC
S205001F6D0668
S205001F6E006D
S205001F6F026A
S205001F70B3B8
S205001F7186E4
S205001F72F673
S205001F734028
S205001F743334
S205001F7595D1
S205001F76D590
S205001F770064
S205001F783330
S205001F79D68C
S205001F7AFE63
S205001F7B0060
S205001F7CB3AC
S205001F7D96C8
S205001F7EDE7F
S205001F7F005C
S205001F803328
S205001F8165F5
S205001F82C594
S205001F830058
S205001F84B3A4
S205001F853620
S205001F86D085
S205001F870054
S205001F88B3A0
S205001F89D77B
S205001F8AF55C
S205001F8B0050
S205001F8C331C
S205001F8D65E9
S205001F8ED578
S205001F8F004C
S205001F903318
S205001F910743
S205001F92F752
S205001F934008
S205001F943314
S205001F9585C1
S205001F96A89D
S205001F974004
S205001F983310
S205001F99B68C
S205001F9AA899
S205001F9B0040
S205001F9C93AC
S205001F9D043A
S205001F9E0538
S205001F9F003C
S205001FA03308
S205001FA10931
S205001FA2C772
S205001FA340F8
S205001FA493A4
S205001FA5171F
S205001FA689AC
S205001FA70034
S205001FA863D0
S205001FA9D85A
S205001FAA072A
S205001FAB34FC
S205001FACB778
S205001FAD0727
S205001FAE80AD
S205001FAF002C
S205001FB09398
S205001FB187A3
S205001FB2F732
S205001FB3FF29
S205001FB433F4
S205001FB579AD
S205001FB6F92C
S205001FB70024
S205001FB863C0
S205001FB9061C
S205001FBA0918
S205001FBB2EF2
S205001FBC130C
S205001FBD0519
S205001FBE0914
S205001FBF001C
S205001FC0EF2C
S205001FC1001A
S205001FC21009
S205001FC31701
S205001FC49384
S205001FC5070F
S205001FC68590
S205001FC7FF15
S205001FC89380
S205001FC9060C
S205001FCA0011
S205001FCB020E
S205001FCC33DC
S205001FCD8787
S205001FCEF617
S205001FCF40CC
S205001FD033D8
S205001FD1D733
S205001FD2E425
S205001FD30008
S205001FD433D4
S205001FD519ED
S205001FD6F90C
S205001FD70004
S205001FD833D0
S205001FD9679B
S205001FDA27DA
S205001FDB01FF
S205001FDCB34C
S205001FDD946A
S205001FDEF409
S205001FDF00FC
S205001FE06398
S205001FE1C436
S205001FE237C2
S205001FE33FB9
S205001FE4B344
S205001FE5876F
S205001FE637BE
S205001FE741B3
S205001FE89360
S205001FE9876B
S205001FEA17DA
S205001FEB00F0
S205001FECB33C
S205001FED8668
S205001FEEF6F7
S205001FEF40AC
S205001FF033B8
S205001FF19654
S205001FF2D415
S205001FF300E8
S205001FF433B4
S205001FF5D90D
S205001FF6F4F1
S205001FF700E4
S205001FF833B0
S205001FF936AC
S205001FFAC021
S205001FFB00E0
S205001FFC33AC
S205001FFD6678
S205001FFEC914
S205001FFF00DC
S205002000B327
S20500200116C3
S205002002D701
S20500200300D7
S205002004B323
S205002005E4F1
S205002006C60E
S20500200700D3
S205002008339F
S2050020095978
S20500200AF7D9
S20500200B00CF
S20500200C933B
S20500200D09C4
S20500200E00CC
S20500200F00CB
S2050020109337
S205002011F7D2
S2050020127454
S20500201300C7
S2050020146363
S2050020158045
S20500201607BD
S20500201702C1
S205002018932F
S205002019F7CA
S20500201AF4CC
S20500201B00BF
S20500201C13AB
S20500201D07B6
S20500201E407C
S20500201F00BB
S2050020206357
S2050020218A2F
S205002022E7D1
S20500202300B7
S2050020249323
S205002025872E
S2050020264470
S20500202700B3
S205002028337F
S205002029B5FC
S20500202A9719
S20500202B00AF
S20500202C337B
S20500202D09A4
S20500202EA903
S20500202F00AB
S2050020309317
S2050020318425
S20500203207A1
S20500203300A7
S2050020349313
S205002035178E
S205002036891B
S20500203700A3
S205002038633F
S205002039D0D1
S20500203A0799
S20500203B6C33
S20500203C930B
S20500203D8716
S20500203E1983
S20500203F009B
S2050020401387
S2050020410792
S205002042F0A8
S2050020437F18
S2050020446333
S205002045860F
S205002046E7AD
S205002047246F
S205002048375B
S205002049078A
S20500204A8010
S20500204BFF90
S20500204C137B
S20500204D0786
S20500204EF795
S20500204FFF8C
S2050020503357
S2050020517712
S205002052E99F
S2050020530087
S20500205493F3
S205002055F78E
S205002056F78D
S2050020577F04
S205002058136F
S2050020591869
S20500205AD7A9
S20500205B017E
S20500205C136B
S20500205DD5A8
S20500205E3448
S20500205F007B
S2050020601367
S2050020611762
S20500206297E1
S2050020630077
S2050020643343
S205002065680D
S205002066A8CC
S2050020670073
S205002068135F
S205002069571A
S20500206AC7A9
S20500206B006F
S20500206C135B
S20500206D7EEF
S20500206E1458
S20500206F006B
S20500207083E7
S2050020712049
S205002072C1A7
S2050020730166
S2050020740363
S2050020752441
S20500207681E3
S2050020770162
S20500207893CF
S20500207997CA
S20500207A4719
S20500207B015E
S20500207CB3AB
S20500207DE776
S20500207EE775
S20500207F005B
S2050020801347
S2050020811742
S205002082FE5A
S2050020830156
S205002084B3A3
S205002085E76E
S205002086E76D
S2050020870053
S20500208883CF
S205002089242D
S20500208A410F
S20500208B014E
S20500208C034B
S20500208D2924
S20500208E014B
S20500208F014A
S20500209083C7
S2050020912920
S205002092C187
S2050020930047
S2050020941333
S2050020950540
S205002096083C
S2050020970043
S20500209893AF
S20500209985BC
S20500209A0739
S20500209B003F
S20500209C132B
S20500209D013C
S20500209E013B
S20500209F0239
S2050020A067D3
S2050020A180B9
S2050020A20038
S2050020A30037
S2050020A463D3
S2050020A552E3
S2050020A6F044
S2050020A770C3
S2050020A863CF
S2050020A9161B
S2050020AA0F21
S2050020AB1C13
S2050020ACB37B
S2050020ADE647
S2050020AED557
S2050020AF012A
S2050020B063C7
S2050020B18E9B
S2050020B20622
S2050020B32601
S2050020B49393
S2050020B5869F
S2050020B6F72D
S2050020B7FF24
S2050020B863BF
S2050020B98899
S2050020BA061A
S2050020BB46D9
S2050020BC63BB
S2050020BD8C91
S2050020BE67B5
S2050020BF24F7
S2050020C09387
S2050020C10712
S2050020C28098
S2050020C30314
S2050020C41303
S2050020C5090C
S2050020C61004
S2050020C70013
S2050020C863AF
S2050020C9CC45
S2050020CAD739
S2050020CB020D
S2050020CC937B
S2050020CD8786
S2050020CE0606
S2050020CF000B
S2050020D09377
S2050020D10603
S2050020D2F018
S2050020D30106
S2050020D463A3
S2050020D5CA3B
S2050020D6F60E
S2050020D748BB
S2050020D8936F
S2050020D906FB
S2050020DA0000
S2050020DB02FD
S2050020DCB34B
S2050020DD8677
S2050020DEF606
S2050020DF40BB
S2050020E033C7
S2050020E19960
S2050020E2D523
S2050020E300F7
S2050020E433C3
S2050020E5D61F
S2050020E6FEF6
S2050020E700F3
S2050020E8B33F
S2050020E9965B
S2050020EADE12
S2050020EB00EF
S2050020EC33BB
S2050020ED6984
S2050020EEC923
S2050020EF00EB
S2050020F0B337
S2050020F136B3
S2050020F2D018
S2050020F300E7
S2050020F4B333
S2050020F5D70E
S2050020F6F5EF
S2050020F700E3
S2050020F833AF
S2050020F96978
S2050020FAD907
S2050020FB00DF
S2050020FC33AB
S2050020FD07D6
S2050020FEF7E5
S2050020FF00DB
S20500210033A6
S20500210106D2
S20500210219BE
S20500210301D5
S20500210433A2
S205002105399B
S20500210626AD
S20500210701D1
S205002108933E
S20500210904CC
S20500210A06C9
S20500210B00CE
S20500210C339A
S20500210D09C3
S20500210EE9E2
S20500210F00CA
S2050021109336
S20500211117B1
S205002112893E
S20500211300C6
S2050021146362
S205002115D2F2
S20500211607BC
S2050021171EA4
S205002118932E
S2050021198937
S20500211A19A6
S20500211B00BE
S20500211C932A
S20500211D07B5
S20500211EF0CB
S20500211F7F3B
S2050021206356
S2050021218830
S205002122F9BE
S20500212316A0
S205002124B7FE
S20500212507AD
S2050021268033
S205002127FFB3
S205002128931E
S2050021298729
S20500212AF7B8
S20500212BFFAF
S20500212C139A
S20500212DF5B7
S20500212E1497
S20500212F00AA
S205002130B3F6
S2050021317731
S205002132F9AE
S20500213300A6
S2050021341392
S205002135D7CD
S205002136148F
S20500213700A2
S205002138336E
S2050021396739
S20500213AA7F8
S20500213B009E
S20500213C138A
S20500213D9507
S20500213EF7A4
S20500213F0199
S205002140B3E6
S2050021416434
S205002142E5B2
S2050021430096
S2050021441382
S205002145D9BB
S205002146177C
S2050021470092
S2050021486F22
S205002149F0A0
S20500214A9FF0
S20500214BECA2
S20500214C335A
S20500214DE8A4
S20500214ED5B6
S20500214F0189
S2050021501376
S2050021518305
S205002152196E
S2050021538006
S2050021546322
S205002155087C
S205002156087B
S205002157067C
S205002158631E
S2050021590A76
S20500215AD4AB
S20500215B0678
S20500215C631A
S20500215D0478
S20500215E0378
S20500215F0E6C
S2050021606316
S2050021618EEA
S205002162096E
S2050021632650
S2050021641362
S205002165155F
S205002166363D
S2050021670072
S205002168135E
S205002169551B
S20500216A353A
S20500216B006E
S20500216C135A
S20500216D84E8
S20500216E0665
S20500216F006A
S2050021701356
S20500217187E1
S2050021720562
S2050021730066
S2050021741352
S205002175184C
S205002176D78C
S2050021770161
S205002178332E
S20500217968F8
S20500217AA8B7
S20500217B005E
S20500217C134A
S20500217D5705
S20500217E3724
S20500217F005A
S2050021803326
S20500218167F1
S2050021820750
S2050021830155
S20500218463F2
S205002185064E
S205002186074C
S2050021871042
S205002188133E
S2050021890E42
S20500218A004F
S20500218B004E
S20500218C93BA
S20500218D0745
S20500218EF05B
S20500218F7FCB
S2050021903712
S2050021910741
S205002192083F
S2050021930046
S2050021941332
S205002195083C
S2050021960043
S2050021970042
S2050021986FD2
S205002199F050
S20500219A9FA0
S20500219BED51
S20500219CB38A
S20500219DE656
S20500219ED566
S20500219F0139
S2050021A063D6
S2050021A186B2
S2050021A20631
S2050021A3181E
S2050021A493A2
S2050021A586AE
S2050021A6F73C
S2050021A7FF33
S2050021A863CE
S2050021A982AE
S2050021AA0629
S2050021AB3AF4
S2050021AC63CA
S2050021AD84A8
S2050021AE67C4
S2050021AF1614
S2050021B09396
S2050021B10721
S2050021B280A7
S2050021B30323
S2050021B41312
S2050021B5051F
S2050021B61013
S2050021B70022
S2050021B8E33E
S2050021B9CE52
S2050021BAD748
S2050021BBDC42
S2050021BC938A
S2050021BD8795
S2050021BE0615
S2050021BF001A
S2050021C06FAA
S2050021C1F028
S2050021C25FB8
S2050021C3DA3C
S2050021C49382
S2050021C5C64E
S2050021C616FD
S2050021C70012
S2050021C8E32E
S2050021C91AF6
S2050021CAD43B
S2050021CBF816
S2050021CC63AA
S2050021CD0804
S2050021CE0308
S2050021CF18F2
S2050021D063A6
S2050021D19078
S2050021D209FE
S2050021D32CDA
S2050021D49372
S2050021D507FD
S2050021D6F013
S2050021D77F83
S2050021D8B34E
S2050021D9669A
S2050021DA17E8
S2050021DB01FD
S2050021DC639A
S2050021DD8874
S2050021DE06F5
S2050021DF48B2
S2050021E09366
S2050021E18672
S2050021E2F700
S2050021E3FFF7
S2050021E46392
S2050021E58272
S2050021E606ED
S2050021E734BE
S2050021E813DE
S2050021E905EB
S2050021EAF0FF
S2050021EB7F6F
S2050021EC638A
S2050021ED826A
S2050021EEA744
S2050021EF2AC0
S2050021F09356
S2050021F107E1
S2050021F28067
S2050021F303E3
S2050021F413D2
S2050021F509DB
S2050021F610D3
S2050021F700E2
S2050021F8637E
S2050021F9CA16
S2050021FAD708
S2050021FB02DC
S2050021FC934A
S2050021FD07D5
S2050021FEF0EB
S2050021FF01D9
S2050022006375
S205002201C611
S205002202D7FF
S2050022034C89
S2050022049341
S20500220507CC
S20500220600D2
S20500220702CF
S205002208B31D
S2050022098748
S20500220AD7F7
S20500220B408D
S20500220C3399
S20500220D19B2
S20500220EF7D3
S20500220F00C9
S2050022103395
S205002211D6F1
S205002212D8EE
S20500221300C5
S205002214B311
S205002215972C
S205002216F8CA
S20500221700C1
S205002218338D
S2050022196956
S20500221AC9F5
S20500221B00BD
S20500221CB309
S20500221D3784
S20500221EF0CA
S20500221F00B9
S205002220B305
S2050022215661
S205002222D7DF
S20500222300B5
S2050022243381
S205002225694A
S205002226F9B9
S20500222700B1
S205002228B3FD
S205002229852A
S20500222AD5D9
S20500222B00AD
S20500222C3379
S20500222D07A4
S20500222ED9D1
S20500222F01A8
S2050022303375
S205002231396E
S205002232277F
S20500223301A4
S2050022349311
S205002235049F
S205002236079B
S20500223700A1
S205002238336D
S2050022390996
S20500223AB9E5
S20500223B009D
S20500223C9309
S20500223D0992
S20500223E0F8B
S20500223F0099
S2050022406F29
S205002241F0A7
S2050022421F77
S205002243EDA8
S2050022449301
S205002245870C
S2050022461979
S2050022470091
S20500224893FD
S205002249F798
S20500224AE7A7
S20500224B7F0E
S20500224C6329
S20500224D94F7
S20500224E0783
S20500224F1475
S2050022503355
S205002251E89F
S205002252D5B1
S2050022530184
S205002254B3D1
S205002255671C
S205002256176B
S2050022570180
S205002258631D
S20500225994EB
S20500225A0975
S20500225B2A53
S20500225C6319
S20500225D8EED
S20500225E0773
S20500225F3841
S2050022606315
S2050022611067
S205002262086E
S2050022633C39
S2050022641361
S205002265155E
S205002266353D
S2050022670071
S205002268135D
S2050022695916
S20500226A3539
S20500226B006D
S20500226C93D9
S20500226D0764
S20500226E006A
S20500226F0069
S2050022706FF9
S2050022710067
S2050022724026
S2050022731154
S2050022746301
S20500227580E3
S20500227669F9
S2050022770A57
S20500227893CD
S2050022790659
S20500227A80DE
S20500227B035A
S20500227C1349
S20500227D0952
S20500227E104A
S20500227F0059
S205002280E375
S205002281C097
S205002282F660
S205002283E86D
S205002284B79D
S205002285064D
S20500228680D2
S2050022870051
S205002288B39D
S205002289E56A
S20500228AD579
S20500228B004D
S20500228C6FDD
S20500228DF05B
S20500228E5FEB
S20500228FE465
S2050022901335
S2050022917EC9
S2050022921432
S2050022930045
S20500229493B1
S205002295073C
S205002296F052
S2050022977FC2
S205002298132D
S2050022990738
S20500229A003E
S20500229B003D
S20500229C1329
S20500229D0833
S20500229E003A
S20500229F0039
S2050022A06FC9
S2050022A1F047
S2050022A21F17
S2050022A3DD58
S2050022A41321
S2050022A585AE
S2050022A6042E
S2050022A70031
S2050022A8EF41
S2050022A9002F
S2050022AA80AE
S2050022AB68C5
S2050022AC9399
S2050022AD0724
S2050022AE85A5
S2050022AF0128
S2050022B09395
S2050022B10621
S2050022B2F036
S2050022B30124
S2050022B4E341
S2050022B5DA49
S2050022B6F62C
S2050022B7D051
S2050022B8130D
S2050022B90718
S2050022BA8599
S2050022BBFF1E
S2050022BC33E9
S2050022BD9784
S2050022BEE436
S2050022BF0019
S2050022C063B5
S2050022C1CE49
S2050022C237DF
S2050022C31BFA
S2050022C4B361
S2050022C5898A
S2050022C637DB
S2050022C741D0
S2050022C8937D
S2050022C98788
S2050022CA19F5
S2050022CB000D
S2050022CC63A9
S2050022CDDE2D
S2050022CEF614
S2050022CF42C7
S2050022D09375
S2050022D1897E
S2050022D219ED
S2050022D3FE07
S2050022D49371
S2050022D506FD
S2050022D60002
S2050022D702FF
S2050022D8B34D
S2050022D954AB
S2050022DA37C7
S2050022DB01FC
S2050022DC6399
S2050022DD8C6F
S2050022DED723
S2050022DF00F9
S2050022E09365
S2050022E106F1
S2050022E200F6
S2050022E304F1
S2050022E4B341
S2050022E5876C
S2050022E6F6FC
S2050022E740B1
S2050022E833BD
S2050022E917D8
S2050022EAF7F7
S2050022EB00ED
S2050022EC33B9
S2050022ED37B4
S2050022EEE00A
S2050022EF00E9
S2050022F0B335
S2050022F1E403
S2050022F2E402
S2050022F300E5
S2050022F49351
S2050022F509DA
S2050022F600E2
S2050022F700E1
S2050022F8934D
S2050022F9F7E8
S2050022FA746A
S2050022FB00DD
S2050022FCE3F9
S2050022FD9E3D
S2050022FE07D3
S2050022FFD009
S2050023009344
S205002301874F
S20500230209CC
S20500230300D4
S20500230413C0
S205002305D5FD
S205002306349D
S20500230700D0
S20500230813BC
S20500230907C7
S20500230A09C4
S20500230B00CC
S20500230C6F5C
S20500230D00CA
S20500230E8049
S20500230F02C6
S205002310E3E4
S2050023111CAA
S20500231208BD
S205002313E6DE
S20500231413B0
S20500231515AD
S205002316358C
S20500231700C0
S20500231813AC
S20500231918A6
S20500231AD7E6
S20500231B01BB
S20500231C13A8
S20500231D5565
S20500231E3584
S20500231F00B8
S2050023203384
S205002321684E
S205002322A80D
S20500232300B4
S20500232413A0
S205002325575B
S205002326377A
S20500232700B0
S2050023286F40
S205002329F0BE
S20500232A9F0E
S20500232BE5C7
S20500232C1398
S20500232D1595
S20500232E3574
S20500232F00A8
S2050023301394
S2050023315551
S2050023323570
S20500233300A4
S2050023341390
S205002335188A
S205002336D7CA
S205002337019F
S205002338930C
S2050023390698
S20500233AF0AD
S20500233B7F1D
S20500233C3368
S20500233D6832
S20500233EA8F1
S20500233F0098
S2050023401384
S205002341573F
S205002342375E
S2050023430094
S205002344E3B0
S2050023458E04
S205002346D7BA
S205002347E2AE
S205002348137C
S2050023491777
S20500234AC7C6
S20500234B008C
S20500234C1378
S20500234D5733
S20500234EC7C2
S20500234F0088
S20500235093F4
S205002351F78F
S205002352F78E
S2050023537F05
S2050023541370
S2050023557E04
S205002356146D
S2050023570080
S2050023586F10
S205002359F08E
S20500235A9FDE
S20500235BD1AB
S20500235C93E8
S20500235D86F4
S20500235E1960
S20500235F0078
S20500236093E4
S205002361F77F
S205002362E68F
S2050023637FF5
S2050023646310
S2050023659ED4
S205002366076A
S205002367125E
S205002368B3BC
S2050023696707
S20500236A1756
S20500236B016B
S20500236C6308
S20500236D9AD0
S20500236E0960
S20500236F2444
S2050023706304
S20500237186E0
S205002372075E
S2050023733034
S205002374B3B0
S205002375E77B
S205002376D58C
S205002377015F
S20500237863FC
S2050023799AC4
S20500237A0756
S20500237B302C
S20500237C1348
S20500237D1545
S20500237E3524
S20500237F0058
S2050023801344
S20500238159FD
S2050023823520
S2050023830054
S2050023841340
S205002385183A
S205002386D77A
S205002387014F
S205002388331C
S20500238968E6
S20500238A2825
S20500238B014B
S20500238C1338
S20500238D57F3
S20500238E3712
S20500238F0048
S2050023906FD8
S205002391F056
S2050023929FA6
S205002393FB49
S2050023943310
S20500239588BA
S205002396D869
S20500239741FF
S205002398B38C
S205002399B787
S20500239A0835
S20500239B013B
S20500239C3308
S20500239D0931
S20500239EB782
S20500239F40F8
S2050023A03304
S2050023A1092D
S2050023A2F93C
S2050023A340F4
S2050023A493A0
S2050023A5171B
S2050023A689A8
S2050023A70030
S2050023A8939C
S2050023A9042A
S2050023AA0825
S2050023AB002C
S2050023AC63C8
S2050023ADC268
S2050023AE0722
S2050023AF1216
S2050023B033F4
S2050023B168BE
S2050023B228FD
S2050023B30123
S2050023B4E340
S2050023B51210
S2050023B60819
S2050023B7C060
S2050023B8130C
S2050023B90E10
S2050023BA001D
S2050023BB001C
S2050023BC9388
S2050023BD0713
S2050023BE0019
S2050023BF0018
S2050023C01304
S2050023C1070F
S2050023C20015
S2050023C30014
S2050023C46FA4
S2050023C5F022
S2050023C6DF32
S2050023C7CA46
S2050023C837D8
S2050023C90905
S2050023CA808D
S2050023CBFF0D
S2050023CC13F8
S2050023CD0901
S2050023CEF910
S2050023CFFF09
S2050023D0B354
S2050023D1897D
S2050023D2F90C
S2050023D340C4
S2050023D433D0
S2050023D57989
S2050023D627DA
S2050023D701FF
S2050023D86F90
S2050023D9F00E
S2050023DA9F5E
S2050023DBC339
S2050023DC9368
S2050023DD07F3
S2050023DEF009
S2050023DF7F79
S2050023E033C4
S2050023E16591
S2050023E217DE
S2050023E301F3
S2050023E46390
S2050023E504EE
S2050023E605EC
S2050023E710E0
S2050023E813DC
S2050023E98866
S2050023EAF7F6
S2050023EBFFED
S2050023EC6388
S2050023ED02E8
S2050023EE08E1
S2050023EF1ECA
S2050023F013D4
S2050023F105E1
S2050023F2F0F5
S2050023F37F65
S2050023F4E300
S2050023F5885A
S2050023F6A73A
S2050023F7D60A
S2050023F8934C
S2050023F907D7
S2050023FA805D
S2050023FB03D9
S2050023FC13C8
S2050023FD8456
S2050023FE06D3
S2050023FF00D8
S20500240013C3
S20500240105D0
S20500240210C4
S20500240300D3
S205002404636F
S205002405CA07
S20500240607C9
S20500240703CC
S205002408933B
S20500240907C6
S20500240AF0DC
S20500240B01CA
S20500240C6367
S20500240DC405
S20500240E07C1
S20500240F19AE
S2050024109333
S20500241107BE
S20500241200C4
S20500241302C1
S205002414B30F
S205002415873A
S20500241607B9
S205002417417E
S205002418338B
S20500241915A8
S20500241AF7C5
S20500241B00BB
S20500241CB307
S20500241DD6E3
S20500241E08B0
S20500241F01B6
S205002420B303
S205002421971E
S205002422F8BC
S20500242300B3
S205002424337F
S205002425654C
S205002426D5DB
S20500242700AF
S205002428B3FB
S2050024293776
S20500242AF0BC
S20500242B00AB
S20500242C3377
S20500242D5851
S20500242E07A1
S20500242F01A6
S2050024303373
S2050024316540
S205002432F5AF
S20500243300A3
S205002434B3EF
S205002435851C
S205002436059B
S205002437415E
S205002438336B
S2050024398518
S20500243AAEEE
S20500243B405B
S20500243C3367
S20500243DB7E2
S20500243EAEEA
S20500243F0097
S2050024409303
S2050024410491
S205002442058F
S2050024430093
S205002444335F
S2050024458908
S205002446E5AB
S205002447404F
S20500244893FB
S2050024490984
S20500244A0F7D
S20500244B008B
S20500244C6F1B
S20500244DF099
S20500244E9FE9
S20500244FB5D2
S20500245093F3
S20500245186FF
S205002452077D
S205002453FE85
S205002454136F
S205002455067B
S2050024560080
S205002457027D
S205002458B3CB
S205002459D6A7
S20500245AD5A7
S20500245B007B
S20500245C6317
S20500245D8AEF
S20500245EC7B1
S20500245F0077
S2050024601363
S205002461066F
S2050024620074
S205002463046F
S205002464B3BF
S205002465076A
S205002466F67A
S205002467402F
S205002468B3BB
S20500246997D6
S20500246AF577
S20500246B006B
S20500246CB3B7
S20500246DEE7B
S20500246EFE6A
S20500246F0067
S2050024703333
S2050024713530
S205002472D094
S2050024730162
S205002474332F
S20500247565FC
S205002476D58B
S205002477005F
S2050024786FEF
S205002479F06D
S20500247ADF7D
S20500247BB1AA
S20500247CB7A3
S20500247D0653
S20500247E80D8
S20500247FFF58
S20500248093C3
S20500248186CF
S205002482F65E
S205002483FF54
S205002484B39F
S20500248587CA
S205002486F957
S205002487400F
S205002488331B
S20500248977D6
S20500248AD775
S20500248B004B
S20500248C6FDB
S20500248DF059
S20500248E9FA9
S20500248FEF58
S2050024901333
S2050024911530
S205002492360E
S2050024930043
S205002494132F
S20500249555EC
S205002496350B
S205002497003F
S205002498132B
S20500249987B6
S20500249A0537
S20500249B003B
S20500249C6FCB
S20500249DF049
S20500249E9F99
S20500249FCD6A
S2050024A093A3
S2050024A1072E
S2050024A2F044
S2050024A37FB4
S2050024A4E34F
S2050024A586AB
S2050024A6F63A
S2050024A7DE51
S2050024A8B37B
S2050024A98E9F
S2050024AAD854
S2050024AB012A
S2050024AC33F7
S2050024ADB673
S2050024AE1E0A
S2050024AF0126
S2050024B0B373
S2050024B1071E
S2050024B2B76D
S2050024B30023
S2050024B4B36F
S2050024B5879A
S2050024B6C759
S2050024B7001F
S2050024B8130B
S2050024B99588
S2050024BAF725
S2050024BB011A
S2050024BC9387
S2050024BDDE3B
S2050024BE1EFA
S2050024BF0017
S2050024C0B363
S2050024C164B1
S2050024C2D53F
S2050024C30112
S2050024C413FF
S2050024C5D938
S2050024C617F9
S2050024C7000F
S2050024C8937B
S2050024C98984
S2050024CA0606
S2050024CB000B
S2050024CC6F9B
S2050024CDF019
S2050024CE5FA9
S2050024CFB453
S2050024D033D3
S2050024D1867F
S2050024D21EE6
S2050024D341C2
S2050024D4B34F
S2050024D5877A
S2050024D6E51B
S2050024D740BF
S2050024D833CB
S2050024D9B746
S2050024DACE2E
S2050024DB00FB
S2050024DC9367
S2050024DD04F5
S2050024DE06F2
S2050024DF00F7
S2050024E033C3
S2050024E1896C
S2050024E2E70D
S2050024E340B3
S2050024E413DF
S2050024E5846D
S2050024E606EA
S2050024E700EF
S2050024E86F7F
S2050024E9F0FD
S2050024EA1FCD
S2050024EBAD3E
S2050024EC13D7
S2050024ED16D3
S2050024EE36B2
S2050024EF00E7
S2050024F013D3
S2050024F15590
S2050024F236AE
S2050024F300E3
S2050024F413CF
S2050024F5845D
S2050024F606DA
S2050024F700DF
S2050024F813CB
S2050024F98756
S2050024FA05D7
S2050024FB00DB
S2050024FC6F6B
S2050024FDF0E9
S2050024FE9F39
S2050024FFE3F4
S205002500E3F2
S205002501983C
S20500250207CC
S205002503E0F2
S205002504636E
S20500250506CA
S20500250608C7
S20500250722AC
S20500250813BA
S205002509D7F5
S20500250A3596
S20500250B00CA
S20500250C13B6
S20500250D16B2
S20500250E3691
S20500250F00C6
S2050025109332
S205002511952F
S205002512D5EE
S20500251301C1
S205002514338E
S2050025156759
S205002516B708
S20500251700BE
S20500251813AA
S2050025195666
S20500251A3685
S20500251B00BA
S20500251C3386
S20500251D6751
S20500251EC7F0
S20500251F00B6
S20500252013A2
S2050025218430
S20500252206AD
S20500252300B2
S2050025246F42
S205002525F0C0
S2050025261F90
S205002527C6E8
S205002528B3FA
S2050025298E1E
S20500252AD8D3
S20500252B01A9
S20500252CB3F6
S20500252D05A3
S20500252EB7F0
S20500252F00A6
S2050025303372
S205002531B6EE
S2050025321E85
S20500253301A1
S205002534336E
S2050025358917
S205002536C5DA
S205002537009E
S205002538930A
S2050025391785
S20500253A8912
S20500253B009A
S20500253C9306
S20500253D8414
S20500253E0E89
S20500253F0096
S2050025406332
S205002541D8BC
S205002542078C
S2050025430A88
S20500254493FE
S2050025450987
S205002546206F
S205002547008E
S2050025486F1E
S205002549F09C
S20500254ADFAC
S20500254BBDCD
S20500254CB3D6
S20500254D8EFA
S20500254ED8AF
S20500254F4145
S205002550B3D2
S205002551057F
S205002552B7CC
S2050025534042
S205002554334E
S205002555B6CA
S205002556D8A7
S205002557017D
S20500255893EA
S20500255984F8
S20500255A0E6D
S20500255B007A
S20500255C3346
S20500255D89EF
S20500255EC5B2
S20500255F4036
S20500256093E2
S205002561096B
S2050025621063
S2050025630072
S2050025646F02
S205002565F080
S2050025661F50
S205002567A4CA
S20500256893DA
S20500256986E6
S20500256A0764
S20500256BFE6C
S20500256C1356
S20500256D0662
S20500256E0067
S20500256F0264
S205002570B3B2
S205002571D68E
S205002572D58E
S2050025730062
S20500257463FE
S2050025758AD6
S205002576C798
S205002577005E
S205002578134A
S2050025790656
S20500257A005B
S20500257B0456
S20500257CB3A6
S20500257D0751
S20500257EF661
S20500257F4016
S205002580B3A2
S20500258197BD
S205002582F55E
S2050025830052
S205002584B39E
S205002585EE62
S205002586FE51
S205002587004E
S205002588331A
S2050025893913
S20500258AD07B
S20500258B0149
S20500258C3316
S20500258D69DF
S20500258ED96E
S20500258F0046
S2050025906FD6
S205002591F054
S2050025921F24
S205002593B78B
S20500259493AE
S2050025950739
S2050025960837
S205002597FE40
S20500259893AA
S2050025990636
S20500259A003B
S20500259B0238
S20500259CB386
S20500259D57E1
S20500259EF740
S20500259F0036
S2050025A063D2
S2050025A10A2A
S2050025A2D85B
S2050025A30032
S2050025A4939E
S2050025A5062A
S2050025A6002F
S2050025A7042A
S2050025A8B37A
S2050025A986A6
S2050025AA0625
S2050025AB41E9
S2050025AC33F6
S2050025AD1711
S2050025AED750
S2050025AF0026
S2050025B0B372
S2050025B1E83C
S2050025B2E83B
S2050025B30022
S2050025B433EE
S2050025B535EB
S2050025B6100F
S2050025B7011D
S2050025B833EA
S2050025B965B7
S2050025BAF526
S2050025BB001A
S2050025BC6FAA
S2050025BDF028
S2050025BEDF38
S2050025BFE72F
S2050025C0E332
S2050025C1888C
S2050025C2070C
S2050025C3EC26
S2050025C4B35E
S2050025C5EE22
S2050025C6D53A
S2050025C7010D
S2050025C8E32A
S2050025C9907C
S2050025CA0EFD
S2050025CBBC4E
S2050025CC6F9A
S2050025CDF018
S2050025CE9F68
S2050025CFD432
S2050025D033D2
S2050025D1867E
S2050025D21EE5
S2050025D341C1
S2050025D4B34E
S2050025D5857B
S2050025D6E51A
S2050025D740BE
S2050025D833CA
S2050025D9B745
S2050025DACE2D
S2050025DB00FA
S2050025DC9366
S2050025DD04F4
S2050025DE06F1
S2050025DF00F6
S2050025E033C2
S2050025E1896B
S2050025E2E50E
S2050025E340B2
S2050025E413DE
S2050025E5846C
S2050025E606E9
S2050025E700EE
S2050025E8935A
S2050025E909E3
S2050025EA10DB
S2050025EB00EA
S2050025EC6F7A
S2050025EDF0F8
S2050025EE9F48
S2050025EF9B4B
S2050025F09352
S2050025F107DD
S2050025F210D3
S2050025F300E2
S2050025F46F72
S2050025F5F0F0
S2050025F61FC0
S2050025F7D10D
S2050025F8E3FA
S2050025F900DC
S2050025FA08D3
S2050025FBDCFE
S2050025FC13C6
S2050025FD16C2
S2050025FE36A1
S2050025FF00D6
S2050026009341
S205002601577C
S205002602369C
S20500260300D1
S20500260413BD
S2050026059837
S205002606D5F9
S20500260701CC
S20500260813B9
S2050026099734
S20500260A9535
S20500260B00C9
S20500260C3395
S20500260D685F
S20500260EF8CE
S20500260F00C5
S20500261013B1
S205002611576C
S205002612C7FB
S20500261300C1
S20500261413AD
S2050026158E31
S20500261606B8
S20500261700BD
S2050026189329
S20500261907B4
S20500261A00BA
S20500261B00B9
S20500261C6F49
S20500261DF0C7
S20500261E5F57
S20500261FA510
S2050026203381
S205002621892A
S205002622D8DA
S2050026234170
S205002624B3FD
S205002625B7F8
S2050026262886
S20500262701AC
S2050026283379
S20500262906A5
S20500262AB7F3
S20500262B4069
S20500262C3375
S20500262D06A1
S20500262EF6B0
S20500262F4065
S2050026309311
S205002631178C
S205002632861C
S20500263300A1
S205002634633D
S205002635D2CD
S2050026360797
S2050026370E8F
S2050026383369
S2050026398615
S20500263A1E7C
S20500263B4158
S20500263C3365
S20500263D8710
S20500263EE5B1
S20500263F4055
S205002640B3E1
S205002641BED5
S205002642CEC4
S2050026430091
S205002644335D
S2050026450788
S205002646D7B7
S205002647414C
S20500264893F9
S2050026491774
S20500264A8703
S20500264B0089
S20500264C93F5
S20500264D0483
S20500264E0680
S20500264F0085
S2050026506321
S205002651DEA5
S205002652077B
S205002653126F
S205002654B7C9
S2050026550778
S20500265680FE
S205002657FF7E
S20500265893E9
S20500265987F4
S20500265AF783
S20500265BFF7A
S20500265C3345
S20500265D7700
S20500265EF77F
S20500265F0075
S2050026601361
S20500266184EF
S205002662066C
S2050026630071
S20500266493DD
S2050026650768
S205002666105E
S205002667006D
S2050026686FFD
S205002669F07B
S20500266A1F4B
S20500266B9FCA
S20500266C1355
S20500266D1651
S20500266E3630
S20500266F0065
S2050026701351
S205002671550E
S205002672362C
S2050026730061
S205002674134D
S20500267587D8
S2050026760559
S205002677005D
S2050026786FED
S205002679F06B
S20500267ADF7B
S20500267BCB8E
S20500267C1345
S20500267D1641
S20500267E3620
S20500267F0055
S2050026801341
S20500268159FA
S205002682361C
S2050026830051
S205002684133D
S20500268587C8
S2050026860549
S205002687004D
S2050026886FDD
S205002689F05B
S20500268ADF6B
S20500268BCF7A
S20500268CB395
S20500268D86C1
S20500268ED86E
S20500268F0144
S205002690B391
S205002691073C
S205002692B78B
S2050026930041
S205002694330D
S205002695B689
S2050026961628
S205002697013C
S205002698B389
S20500269987B4
S20500269AC773
S20500269B0039
S20500269C1325
S20500269D97A0
S20500269E87AF
S20500269F0035
S2050026A01321
S2050026A1D85B
S2050026A236FC
S2050026A30031
S2050026A463CD
S2050026A55ED1
S2050026A60727
S2050026A70825
S2050026A837F5
S2050026A90724
S2050026AA80AA
S2050026ABFF2A
S2050026AC1315
S2050026AD0720
S2050026AEF72F
S2050026AFFF26
S2050026B0B371
S2050026B1F72C
S2050026B2E73B
S2050026B30021
S2050026B4130D
S2050026B59788
S2050026B6D747
S2050026B7011C
S2050026B89389
S2050026B99784
S2050026BA9783
S2050026BB0019
S2050026BC33E5
S2050026BD68AF
S2050026BE070F
S2050026BF0114
S2050026C01301
S2050026C1D73C
S2050026C2C74B
S2050026C30011
S2050026C4937D
S2050026C50708
S2050026C610FE
S2050026C7000D
S2050026C86F9D
S2050026C9F01B
S2050026CA9F6B
S2050026CB9A6F
S2050026CC9375
S2050026CD8780
S2050026CE0600
S2050026CFFE07
S2050026D013F1
S2050026D106FD
S2050026D20002
S2050026D302FF
S2050026D4B34D
S2050026D557A8
S2050026D6F707
S2050026D700FD
S2050026D86399
S2050026D98A71
S2050026DAC634
S2050026DB00F9
S2050026DC13E5
S2050026DD06F1
S2050026DE00F6
S2050026DF04F1
S2050026E0B341
S2050026E106ED
S2050026E2D61C
S2050026E340B1
S2050026E433BD
S2050026E517D8
S2050026E6D717
S2050026E700ED
S2050026E8B339
S2050026E9E803
S2050026EAE802
S2050026EB00E9
S2050026EC33B5
S2050026ED39AE
S2050026EE10D6
S2050026EF01E4
S2050026F033B1
S2050026F1697A
S2050026F2F9E9
S2050026F300E1
S2050026F46F71
S2050026F5F0EF
S2050026F69F3F
S2050026F7B32A
S2050026F813C9
S2050026F9D506
S2050026FA34A6
S2050026FB00D9
S2050026FC9345
S2050026FD8750
S2050026FE09CD
S2050026FF00D5
S20500270013C0
S20500270107CB
S20500270209C8
S20500270300D0
S2050027046F60
S205002705F0DE
S2050027061FAE
S205002707C309
S2050027089338
S20500270906C4
S20500270A00C9
S20500270B02C6
S20500270CB314
S20500270D8640
S20500270EF6CF
S20500270F4084
S20500271013B0
S20500271106BC
S20500271200C1
S20500271300C0
S2050027146F50
S205002715F0CE
S2050027169F1E
S2050027178E2E
S2050027183388
S2050027196852
S20500271AC9F0
S20500271B00B8
S20500271CE3D4
S20500271D0EA8
S20500271E08AD
S20500271FC8EC
S20500272013A0
S2050027215959
S2050027223978
S20500272300B0
S205002724931C
S20500272507A7
S20500272600AD
S20500272700AC
S2050027281398
S20500272907A3
S20500272A06A3
S20500272B00A8
S20500272C6F38
S20500272DF0B6
S20500272E9F06
S20500272FC5DF
S2050027301390
S2050027310E94
S20500273200A1
S20500273300A0
S205002734930C
S2050027350797
S205002736F0AD
S2050027377F1D
S2050027383764
S2050027390793
S20500273A0891
S20500273B0098
S20500273C6F28
S20500273DF0A6
S20500273E5F36
S20500273F9301
S2050027401380
S20500274197FB
S205002742D7BA
S205002743018F
S20500274493FC
S20500274597F7
S20500274697F6
S205002747008C
S2050027483358
S2050027496822
S20500274A0782
S20500274B0187
S20500274C1374
S20500274DD7AF
S20500274EC7BE
S20500274F0084
S20500275093F0
S205002751077B
S2050027520081
S2050027530080
S2050027546F10
S205002755F08E
S205002756DF9E
S20500275791EB
S205002758E398
S20500275986F4
S20500275A0772
S20500275BAECA
S20500275C3344
S20500275D086E
S20500275E3F36
S20500275F4133
S20500276093E0
S205002761076B
S2050027620869
S2050027630070
S205002764E38C
S2050027658EE0
S2050027660964
S205002767C6A6
S20500276893D8
S2050027690763
S20500276A80E9
S20500276B0365
S20500276C6304
S20500276DCA9C
S20500276E075E
S20500276F0163
S205002770B7AC
S205002771075B
S20500277280E1
S2050027730060
S205002774332C
S20500277567F7
S205002776F766
S205002777005C
S2050027781348
S20500277984D6
S20500277A0653
S20500277B0058
S20500277C6FE8
S20500277DF066
S20500277EDF76
S20500277FC88C
S2050027801340
S20500278184CE
S205002782064B
S2050027830050
S205002784133C
S2050027850549
S205002786103D
S205002787004C
S2050027886FDC
S205002789F05A
S20500278A1F2A
S20500278BCB7D
S20500278C1334
S20500278D182E
S20500278ED76E
S20500278F0143
S2050027901330
S20500279156EC
S205002792360B
S2050027930040
S205002794330C
S20500279568D6
S205002796C875
S205002797003C
S2050027981328
S20500279957E3
S20500279A3702
S20500279B0038
S20500279C93A4
S20500279D072F
S20500279E0035
S20500279F0034
S2050027A01320
S2050027A184AE
S2050027A2062B
S2050027A30030
S2050027A46FC0
S2050027A5F03E
S2050027A65FCE
S2050027A7BA72
S2050027A8E348
S2050027A98AA0
S2050027AA0722
S2050027ABBA6E
S2050027ACB374
S2050027AD0620
S2050027AE3FE6
S2050027AF41E3
S2050027B063C0
S2050027B1968C
S2050027B20918
S2050027B30020
S2050027B4938C
S2050027B58797
S2050027B60617
S2050027B7001C
S2050027B86FAC
S2050027B9F02A
S2050027BA1FFA
S2050027BBA276
S2050027BC9384
S2050027BD070F
S2050027BE8095
S2050027BF0311
S2050027C01300
S2050027C10909
S2050027C21001
S2050027C30010
S2050027C4E32C
S2050027C5C44A
S2050027C6D736
S2050027C7A666
S2050027C8B754
S2050027C90703
S2050027CA8089
S2050027CB0008
S2050027CC33D4
S2050027CD679F
S2050027CEF70E
S2050027CF0004
S2050027D06F94
S2050027D1F012
S2050027D2DF22
S2050027D3A25E
S2050027D4936C
S2050027D5D727
S2050027D645B8
S2050027D701FB
S2050027D8B744
S2050027D906F4
S2050027DA10E9
S2050027DB00F8
S2050027DC13E4
S2050027DD876F
S2050027DEF6FF
S2050027DFFFF5
S2050027E09360
S2050027E1F7FB
S2050027E2F7FA
S2050027E37F71
S2050027E413DC
S2050027E506E8
S2050027E6E00D
S2050027E73FAD
S2050027E833B8
S2050027E97773
S2050027EAB732
S2050027EB00E8
S2050027EC9354
S2050027EDD511
S2050027EEF5F0
S2050027EF01E3
S2050027F06380
S2050027F15E84
S2050027F2F6EB
S2050027F300E0
S2050027F413CC
S2050027F506D8
S2050027F6D00D
S2050027F7419B
S2050027F86378
S2050027F95E7C
S2050027FAF6E3
S2050027FB00D8
S2050027FC37A0
S2050027FD05D1
S2050027FE00D5
S2050027FF8054
S20500280013BF
S20500280105CC
S205002802F5DB
S205002803FFD0
S205002804339B
S2050028058548
S205002806A527
S20500280700CB
S2050028086763
S2050028098049
S20500280A00C8
S20500280B00C7
S20500280C13B3
S20500280D05C0
S20500280E00C4
S20500280F00C3
S205002810675B
S2050028118041
S20500281200C0
S20500281300BF
S20500281413AB
S20500281506B7
S205002816308C
S2050028174378
S2050028183387
S20500281906B3
S20500281AF6C2
S20500281B4077
S20500281C13A3
S20500281D08AD
S20500281EF0C4
S20500281F01B2
S205002820337F
S205002821674A
S205002822D7D9
S20500282300AF
S205002824634B
S205002825505D
S205002826C8E4
S20500282702A9
S2050028289317
S20500282906A3
S20500282A3078
S20500282B4166
S20500282CB3F3
S20500282D871E
S20500282EF6AE
S20500282F4063
S205002830336F
S205002831574A
S205002832F7A9
S205002833009F
S205002834336B
S2050028350598
S205002836E0BC
S205002837405B
S205002838E3B7
S2050028399CFD
S20500283A0593
S20500283BFC9B
S20500283C1383
S20500283D0590
S20500283E078D
S20500283F0093
S205002840672B
S2050028418011
S2050028420090
S205002843008F
S20500284493FB
S2050028458706
S205002846D7B5
S205002847BECD
S2050028483357
S2050028491772
S20500284AF791
S20500284B0087
S20500284C3353
S20500284D5530
S20500284EC5BF
S20500284F0083
S205002850334F
S205002851671A
S205002852A7D9
S205002853007F
S2050028546F0F
S205002855F08D
S2050028561F5D
S205002857FE7D
S2050028581367
S2050028590673
S20500285A0573
S20500285B0077
S20500285C1363
S20500285D0570
S20500285E0074
S20500285F0073
S20500286093DF
S205002861F67B
S205002862155B
S205002863006F
S205002864630B
S20500286584E9
S2050028660666
S205002867006B
S2050028683337
S2050028690564
S20500286AC5A3
S20500286B0067
S20500286C93D3
S20500286DD590
S20500286E154F
S20500286F0063
S205002870134F
S205002871164B
S205002872164A
S205002873005F
S205002874E37B
S20500287596C7
S2050028760557
S205002877FE5D
S20500287867F3
S20500287980D9
S20500287A0058
S20500287B0057
S20500287C63F3
S20500287D4015
S20500287E054F
S20500287F064D
S20500288063EF
S205002881C68B
S205002882054B
S2050028830649
S205002884133B
S20500288586C7
S2050028860547
S205002887004B
S20500288893B7
S2050028890544
S20500288A0543
S20500288B0047
S20500288C1333
S20500288D0540
S20500288EF054
S20500288FFF44
S20500289063DF
S2050028910C35
S205002892063A
S205002893023D
S20500289493AB
S2050028950637
S205002896102C
S205002897003B
S20500289863D7
S2050028997ABF
S20500289AB682
S20500289B0037
S20500289C63D3
S20500289D58DD
S20500289EC074
S20500289F0033
S2050028A0131F
S2050028A1161B
S2050028A2161A
S2050028A3002F
S2050028A4939B
S2050028A59697
S2050028A61616
S2050028A7002B
S2050028A8E347
S2050028A96ABF
S2050028AAB672
S2050028ABFE29
S2050028AC1313
S2050028AD0520
S2050028AE0024
S2050028AF0023
S2050028B063BF
S2050028B1E63B
S2050028B2C55B
S2050028B3001F
S2050028B4B36B
S2050028B58598
S2050028B6C557
S2050028B740DB
S2050028B833E7
S2050028B965B4
S2050028BAD543
S2050028BB0017
S2050028BC9383
S2050028BDD63F
S2050028BE16FE
S2050028BF0013
S2050028C013FF
S2050028C156BB
S2050028C216FA
S2050028C3000F
S2050028C4E32B
S2050028C59677
S2050028C60606
S2050028C7FE0D
S2050028C867A3
S2050028C98089
S2050028CA0008
S2050028CB0007
S2050028CC9373
S2050028CD8283
S2050028CE0004
S2050028CF0003
S2050028D0EF13
S2050028D1F011
S2050028D25FA1
S2050028D3FB04
S2050028D413EB
S2050028D58578
S2050028D605F7
S2050028D700FB
S2050028D86793
S2050028D98079
S2050028DA02F6
S2050028DB00F7
S2050028DC33C3
S2050028DD05F0
S2050028DEA054
S2050028DF40B3
S2050028E0638F
S2050028E148A9
S2050028E2B040
S2050028E300EF
S2050028E4B33B
S2050028E505E8
S2050028E6B03C
S2050028E740AB
S2050028E86F7B
S2050028E9F0F9
S2050028EADF09
S2050028EBF9EE
S2050028ECB333
S2050028ED05E0
S2050028EEB034
S2050028EF40A3
S2050028F0934F
S2050028F1825F
S2050028F200E0
S2050028F300DF
S2050028F4EFEF
S2050028F5F0ED
S2050028F61FBD
S2050028F7F9E2
S2050028F833A7
S2050028F905D4
S2050028FAA038
S2050028FB4097
S2050028FC676F
S2050028FD8055
S2050028FE02D2
S2050028FF00D3
S205002900933E
S205002901824E
S20500290200CF
S20500290300CE
S205002904636A
S205002905CA02
S20500290605C6
S20500290700CA
S2050029086366
S2050029094C7C
S20500290A05C2
S20500290B00C6
S20500290CEFD6
S20500290DF0D4
S20500290E9F24
S20500290FF7CB
S20500291013AE
S205002911853B
S20500291205BA
S20500291300BE
S2050029146756
S205002915803C
S20500291602B9
S20500291700BA
S205002918B306
S20500291905B3
S20500291AB007
S20500291B4076
S20500291CE3D2
S20500291D585C
S20500291E05AE
S20500291FFEB4
S205002920337E
S20500292105AB
S205002922A00F
S205002923406E
S205002924EFBE
S205002925F0BC
S2050029261F8C
S205002927F6B4
S2050029283376
S20500292905A3
S20500292AB0F7
S20500292B4066
S20500292C673E
S20500292D8024
S20500292E02A1
S20500292F00A2
S205002930B7EA
S2050029310799
S205002932019E
S205002933009E
S205002934633A
S2050029357A22
S205002936F5A6
S2050029370298
S2050029381386
S2050029393761
S20500293A0592
S20500293B1086
S20500293C1382
S20500293D375D
S20500293E177C
S20500293F0092
S205002940137E
S2050029411779
S2050029423758
S205002943008E
S205002944B7D6
S2050029450785
S205002946107B
S205002947008A
S2050029483356
S2050029495533
S20500294AE5A2
S20500294B0086
S20500294C93F2
S20500294D87FD
S20500294E077C
S20500294F047E
S205002950B3CE
S20500295187F9
S205002952A7D8
S205002953007E
S205002954037A
S205002955C5B7
S2050029560774
S205002957007A
S20500295893E6
S2050029590672
S20500295A0077
S20500295B0274
S20500295CB3C2
S20500295D86EE
S20500295EE68D
S20500295F4032
S205002960333E
S20500296185EB
S205002962A6C9
S205002963402E
S2050029646706
S20500296580EC
S205002966006B
S205002967006A
S205002968B7B2
S2050029690761
S20500296A0067
S20500296B0165
S20500296C6302
S20500296D74F0
S20500296EF56E
S20500296F0260
S205002970134E
S2050029710759
S205002972005F
S205002973015D
S205002974B7A6
S2050029750755
S205002976104B
S205002977005A
S2050029783326
S2050029795503
S20500297AE572
S20500297B0056
S20500297C93C2
S20500297D87CD
S20500297E074C
S20500297F044E
S205002980B39E
S20500298187C9
S205002982A7A8
S205002983004E
S205002984034A
S205002985C587
S2050029860744
S205002987004A
S20500298893B6
S2050029890642
S20500298A0047
S20500298B0145
S20500298C3312
S20500298D85BF
S20500298EA69D
S20500298F4002
S20500299067DA
S20500299180C0
S205002992003F
S205002993003E
S205002994132A
S2050029950735
S20500299680BB
S2050029970139
S205002998B782
S2050029990731
S20500299A1027
S20500299B0036
S20500299C3302
S20500299D55DF
S20500299EE54E
S20500299F0032
S2050029A0939E
S2050029A187A9
S2050029A20728
S2050029A3042A
S2050029A4B37A
S2050029A587A5
S2050029A6A784
S2050029A7002A
S2050029A80326
S2050029A9C563
S2050029AA0720
S2050029AB0026
S2050029AC9392
S2050029AD061E
S2050029AE80A3
S2050029AF0022
S2050029B033EE
S2050029B1859B
S2050029B2A679
S2050029B340DE
S2050029B467B6
S2050029B5809C
S2050029B6001B
S2050029B7001A
S2050029B81306
S2050029B90117
S2050029BA0116
S2050029BBFF17
S2050029BC23F2
S2050029BD24F0
S2050029BE8192
S2050029BF0012
S2050029C023EE
S2050029C120F0
S2050029C221EE
S2050029C3010D
S2050029C49776
S2050029C5D735
S2050029C60FFC
S2050029C7000A
S2050029C89376
S2050029C98781
S2050029CAC740
S2050029CB63A3
S2050029CC17EE
S2050029CDD430
S2050029CE0FF4
S2050029CF0002
S2050029D013EE
S2050029D104FC
S2050029D244BB
S2050029D3639B
S2050029D423DA
S2050029D526D6
S2050029D611EA
S2050029D700FA
S2050029D823D6
S2050029D922D6
S2050029DA9166
S2050029DB00F6
S2050029DC33C2
S2050029DD896B
S2050029DE876C
S2050029DF40B2
S2050029E0638E
S2050029E18070
S2050029E28768
S2050029E302EC
S2050029E413DA
S2050029E55993
S2050029E629C2
S2050029E740AA
S2050029E89356
S2050029E904E4
S2050029EA00E7
S2050029EB00E6
S2050029EC8362
S2050029ED27BD
S2050029EE04DF
S2050029EF00E2
S2050029F0934E
S2050029F1845C
S2050029F214CB
S2050029F300DE
S2050029F413CA
S2050029F504D8
S2050029F64497
S2050029F700DA
S2050029F8E7F2
S2050029F98058
S2050029FA07D0
S2050029FB00D6
S2050029FCE3F2
S2050029FDE8EC
S2050029FE24AF
S2050029FFFFD3
S205002A009739
S205002A01D7F8
S205002A020FBF
S205002A0300CD
S205002A049339
S205002A058744
S205002A0607C3
S205002A076069
S205002A0817B1
S205002A09D4F3
S205002A0A0FB7
S205002A0B00C5
S205002A0C13B1
S205002A0D04BF
S205002A0E843E
S205002A0F5F62
S205002A10338D
S205002A118936
S205002A128737
S205002A13407D
S205002A1413A9
S205002A155962
S205002A162991
S205002A174079
S205002A186355
S205002A198E29
S205002A1A872F
S205002A1B00B5
S205002A1C9321
S205002A1D04AF
S205002A1E00B2
S205002A1F00B1
S205002A20832D
S205002A212788
S205002A2204AA
S205002A2300AD
S205002A249319
S205002A258427
S205002A261496
S205002A2700A9
S205002A281395
S205002A2904A3
S205002A2A4462
S205002A2B00A5
S205002A2CE7BD
S205002A2D8023
S205002A2E079B
S205002A2F00A1
S205002A30E3BD
S205002A31E8B7
S205002A32247A
S205002A33FF9E
S205002A348319
S205002A35207B
S205002A36C1D9
S205002A370099
S205002A380395
S205002A392473
S205002A3A8115
S205002A3B0095
S205002A3C8311
S205002A3D246F
S205002A3E4151
S205002A3F0091
S205002A40038D
S205002A412966
S205002A42018D
S205002A43008D
S205002A441379
S205002A45018A
S205002A460189
S205002A470188
S205002A486721
S205002A498007
S205002A4A0086
S205002A4B0085
S205002A4C6321
S205002A4DF68D
S205002A4EA5DD
S205002A4F027F
S205002A50334D
S205002A5187F8
S205002A52C5B9
S205002A53007D
S205002A546319
S205002A557209
S205002A56E595
S205002A570277
S205002A58B3C5
S205002A590770
S205002A5AC5B1
S205002A5B0075
S205002A5C6311
S205002A5D066D
S205002A5E066C
S205002A5F046D
S205002A6083ED
S205002A614629
S205002A62F777
S205002A63FF6E
S205002A6493D9
S205002A6587E4
S205002A66F773
S205002A67FF6A
S205002A681355
S205002A690760
S205002A6AF76F
S205002A6BFF66
S205002A6C2341
S205002A6D80E3
S205002A6ED78B
S205002A6F0061
S205002A70E37D
S205002A711847
S205002A72F569
S205002A73FE5F
S205002A7467F5
S205002A7580DB
S205002A76005A
S205002A770059
S205002A7893C5
S205002A790750
S205002A7AF066
S205002A7B0055
S205002A7C63F1
S205002A7DE86B
S205002A7EC78B
S205002A7F024F
S205002A8093BD
S205002A810748
S205002A820549
S205002A83004D
S205002A8493B9
S205002A850645
S205002A86F654
S205002A87FF4A
S205002A8863E5
S205002A890245
S205002A8A0640
S205002A8B0C39
S205002A8C93B1
S205002A8D86BD
S205002A8E162C
S205002A8F0041
S205002A90B38D
S205002A9186B9
S205002A92D767
S205002A93003D
S205002A940339
S205002A95C774
S205002A960535
S205002A970039
S205002A9893A5
S205002A9987B0
S205002A9A171F
S205002A9B0035
S205002A9C93A1
S205002A9D85AE
S205002A9E151D
S205002A9F0031
S205002AA0A38D
S205002AA18FA0
S205002AA2E747
S205002AA3FE2F
S205002AA4E349
S205002AA59893
S205002AA6D753
S205002AA7FE2B
S205002AA867C1
S205002AA980A7
S205002AAA0026
S205002AAB0025
S205002AACB371
S205002AAD67BC
S205002AAEB56D
S205002AAF0021
S205002AB0938D
S205002AB1F728
S205002AB237E7
S205002AB3001D
S205002AB463B9
S205002AB59685
S205002AB60713
S205002AB70811
S205002AB89385
S205002AB9080F
S205002ABA0610
S205002ABBFF16
S205002ABC9381
S205002ABDF81B
S205002ABE080A
S205002ABFFF12
S205002AC0937D
S205002AC18887
S205002AC20806
S205002AC3010C
S205002AC4B359
S205002AC50605
S205002AC615F5
S205002AC70108
S205002AC813F5
S205002AC98780
S205002ACA0501
S205002ACB0005
S205002ACC9371
S205002ACD07FC
S205002ACE05FD
S205002ACF0001
S205002AD003FD
S205002AD128D7
S205002AD207F7
S205002AD300FD
S205002AD413E9
S205002AD507F4
S205002AD607F3
S205002AD701F8
S205002AD89365
S205002AD98770
S205002ADA07EF
S205002ADB01F4
S205002ADC23D1
S205002ADDA84B
S205002ADE07EB
S205002ADFFFF2
S205002AE003ED
S205002AE128C7
S205002AE247A7
S205002AE3FFEE
S205002AE423C9
S205002AE5AA41
S205002AE607E3
S205002AE7FFEA
S205002AE803E5
S205002AE928BF
S205002AEA875F
S205002AEBFFE6
S205002AEC23C1
S205002AEDAC37
S205002AEE07DB
S205002AEFFFE2
S205002AF003DD
S205002AF128B7
S205002AF2C717
S205002AF3FFDE
S205002AF423B9
S205002AF5AE2D
S205002AF607D3
S205002AF7FFDA
S205002AF8E3F5
S205002AF99C3B
S205002AFAD7FF
S205002AFBFCD9
S205002AFC13C1
S205002AFD785B
S205002AFEC60C
S205002AFF00D1
S205002B00B31C
S205002B018549
S205002B0215B8
S205002B0301CB
S205002B0413B8
S205002B057753
S205002B06F6D3
S205002B0700C8
S205002B086364
S205002B0904C2
S205002B0A08BD
S205002B0B04C0
S205002B0C13B0
S205002B0D08BA
S205002B0EC7FA
S205002B0FFFC1
S205002B1013AC
S205002B117846
S205002B12C8F5
S205002B13FFBD
S205002B1413A8
S205002B1508B2
S205002B164871
S205002B1700B8
S205002B18B304
S205002B19872F
S205002B1A06AF
S205002B1B01B3
S205002B1C13A0
S205002B1D872B
S205002B1E05AC
S205002B1F00B0
S205002B20832C
S205002B212886
S205002B2207A6
S205002B2300AC
S205002B249318
S205002B258624
S205002B264663
S205002B2700A8
S205002B281394
S205002B29079F
S205002B2A475E
S205002B2B00A4
S205002B2C2380
S205002B2DAEF4
S205002B2E168B
S205002B2FFFA1
S205002B30E3BC
S205002B319806
S205002B32F6A7
S205002B33FE9E
S205002B341388
S205002B357624
S205002B363663
S205002B370098
S205002B38B3E4
S205002B398511
S205002B3A0590
S205002B3B0193
S205002B3C6F24
S205002B3DF0A2
S205002B3E9FF2
S205002B3FF49C
S205002B4093FC
S205002B410688
S205002B42F697
S205002B43FF8D
S205002B4493F8
S205002B450783
S205002B460584
S205002B470088
S205002B486F18
S205002B49F096
S205002B4A5F26
S205002B4BF490
S205002B4C671C
S205002B4D8002
S205002B4E0081
S205002B4F0080
S205002B50136C
S205002B510678
S205002B520776
S205002B53007C
S205002B546F0C
S205002B55F08A
S205002B561F5A
S205002B57F385
S205002B581364
S205002B590373
S205002B5AF085
S205002B5B0074
S205002B5C1360
S205002B5D076B
S205002B5E056C
S205002B5F0070
S205002B60630C
S205002B617EF0
S205002B62C3AA
S205002B63026A
S205002B6493D8
S205002B6577F3
S205002B66F772
S205002B670068
S205002B686304
S205002B6990D6
S205002B6A075E
S205002B6B0A5A
S205002B6C6300
S205002B6D92D0
S205002B6E055C
S205002B6F0858
S205002B7093CC
S205002B7176E8
S205002B720657
S205002B73FF5D
S205002B741348
S205002B7576E4
S205002B76F663
S205002B770058
S205002B78B3A4
S205002B7986D0
S205002B7AE66F
S205002B7B0054
S205002B7C2330
S205002B7D2032
S205002B7EB79A
S205002B7F0050
S205002B80232C
S205002B81222C
S205002B82B796
S205002B83004C
S205002B842328
S205002B852426
S205002B86B792
S205002B870048
S205002B882324
S205002B892620
S205002B8AB78E
S205002B8B0044
S205002B8C1330
S205002B8D073B
S205002B8E073A
S205002B8F013F
S205002B90E35C
S205002B9166D8
S205002B92D766
S205002B93FE3E
S205002B9463D8
S205002B951426
S205002B960633
S205002B970038
S205002B9867D0
S205002B9980B6
S205002B9A0035
S205002B9B0034
S205002B9CB380
S205002B9D062C
S205002B9EC36E
S205002B9F40F0
S205002BA0939C
S205002BA19698
S205002BA22607
S205002BA3002C
S205002BA49794
S205002BA50228
S205002BA60029
S205002BA70028
S205002BA8B374
S205002BA986A0
S205002BAA56CF
S205002BAB0024
S205002BAC67BC
S205002BAD80A2
S205002BAEC65B
S205002BAF0020
S205002BB023FC
S205002BB10717
S205002BB2B766
S205002BB3001C
S205002BB4A378
S205002BB50614
S205002BB6B762
S205002BB70018
S205002BB823F4
S205002BB90610
S205002BBAB75E
S205002BBB0014
S205002BBCA370
S205002BBD050D
S205002BBEB75A
S205002BBF0010
S205002BC023EC
S205002BC10509
S205002BC2B756
S205002BC3000C
S205002BC4A368
S205002BC50406
S205002BC6B752
S205002BC70008
S205002BC823E4
S205002BC90402
S205002BCAB74E
S205002BCB0004
S205002BCCA360
S205002BCD03FF
S205002BCEB74A
S205002BCF0000
S205002BD023DC
S205002BD103FB
S205002BD2B746
S205002BD300FC
S205002BD4A358
S205002BD502F8
S205002BD6B742
S205002BD700F8
S205002BD823D4
S205002BD902F4
S205002BDAB73E
S205002BDB00F4
S205002BDCA350
S205002BDD01F1
S205002BDEB73A
S205002BDF00F0
S205002BE023CC
S205002BE101ED
S205002BE2B736
S205002BE300EC
S205002BE4A348
S205002BE500EA
S205002BE6B732
S205002BE700E8
S205002BE823C4
S205002BE900E6
S205002BEAB72E
S205002BEB00E4
S205002BEC677C
S205002BED8062
S205002BEE00E1
S205002BEF00E0
S205002BF0934C
S205002BF1F5E9
S205002BF2F5E8
S205002BF30FCD
S205002BF49348
S205002BF59644
S205002BF68554
S205002BF700D8
S205002BF8B324
S205002BF9E5F1
S205002BFAD500
S205002BFB00D4
S205002BFC9340
S205002BFD963C
S205002BFE05CC
S205002BFF01CF
S205002C00B31B
S205002C01E5E8
S205002C02D5F7
S205002C0300CB
S205002C046F5B
S205002C05F0D9
S205002C06DFE9
S205002C07F6D1
S205002C089333
S205002C09962F
S205002C0A279D
S205002C0B00C3
S205002C0C972B
S205002C0D02BF
S205002C0E00C0
S205002C0F00BF
S205002C10B30B
S205002C118637
S205002C125666
S205002C1300BB
S205002C149327
S205002C158237
S205002C1600B8
S205002C1700B7
S205002C18E7CF
S205002C198035
S205002C1A06AE
S205002C1BFAB9
S205002C1C931F
S205002C1D8031
S205002C1E02AE
S205002C1F00AF
S205002C20931B
S205002C218726
S205002C2207A5
S205002C23FFAC
S205002C243377
S205002C2507A2
S205002C26F7B1
S205002C274067
S205002C283373
S205002C29069F
S205002C2AF6AE
S205002C2B00A3
S205002C2CE3BF
S205002C2D7829
S205002C2EC3DD
S205002C2FF6A9
S205002C306F2F
S205002C31F0AD
S205002C32DFBD
S205002C33F3A8
S205002C34B3E7
S205002C35C7D2
S205002C36A5F3
S205002C370097
S205002C389303
S205002C39F79E
S205002C3A375D
S205002C3B0093
S205002C3CB3DF
S205002C3D0889
S205002C3EC5CB
S205002C3F008F
S205002C40632B
S205002C4194F9
S205002C420785
S205002C430685
S205002C4493F7
S205002C450782
S205002C463058
S205002C470087
S205002C486323
S205002C49F095
S205002C4AC7BD
S205002C4B067D
S205002C4C93EF
S205002C4D770A
S205002C4E354B
S205002C4F007F
S205002C50136B
S205002C510776
S205002C520577
S205002C53007B
S205002C546317
S205002C559ADF
S205002C560771
S205002C570671
S205002C581363
S205002C59F67F
S205002C5AC8AC
S205002C5BFF74
S205002C5CB3BF
S205002C5D066B
S205002C5EE68A
S205002C5F402F
S205002C6093DB
S205002C610766
S205002C62006C
S205002C630269
S205002C646307
S205002C65CE9B
S205002C66D791
S205002C67085F
S205002C6893D3
S205002C6986DF
S205002C6A055F
S205002C6B0063
S205002C6C93CF
S205002C6D075A
S205002C6E0759
S205002C6F005F
S205002C7063FB
S205002C7178E5
S205002C72C795
S205002C730259
S205002C740357
S205002C75A8B1
S205002C760652
S205002C770057
S205002C7893C3
S205002C7987CE
S205002C7A470D
S205002C7B0053
S205002C7C93BF
S205002C7D86CB
S205002C7E460A
S205002C7F004F
S205002C80232B
S205002C81AE9F
S205002C820745
S205002C83FF4C
S205002C84E367
S205002C85E861
S205002C86C781
S205002C87FE49
S205002C8893B3
S205002C89073E
S205002C8AF64E
S205002C8BFF44
S205002C8CB38F
S205002C8D87BA
S205002C8EE759
S205002C8F40FF
S205002C9093AB
S205002C91F746
S205002C92C775
S205002C93FF3C
S205002C9493A7
S205002C9587B2
S205002C9647F1
S205002C970037
S205002C983303
S205002C99072E
S205002C9AF73D
S205002C9B0033
S205002C9CB37F
S205002C9D85AC
S205002C9EF53B
S205002C9F002F
S205002CA063CB
S205002CA168C5
S205002CA21715
S205002CA3012A
S205002CA467C3
S205002CA580A9
S205002CA60028
S205002CA70027
S205002CA81313
S205002CA9071E
S205002CAA051F
S205002CAB0023
S205002CAC63BF
S205002CAD78A9
S205002CAE150B
S205002CAF051A
S205002CB0839B
S205002CB1C756
S205002CB20517
S205002CB3001B
S205002CB41307
S205002CB50712
S205002CB61701
S205002CB70017
S205002CB89383
S205002CB98590
S205002CBA15FF
S205002CBB0013
S205002CBCA36F
S205002CBD0F02
S205002CBEF719
S205002CBFFE11
S205002CC0E32B
S205002CC19875
S205002CC2E824
S205002CC3FE0D
S205002CC467A3
S205002CC58089
S205002CC60008
S205002CC70007
S205002CC88383
S205002CC9C63F
S205002CCA05FF
S205002CCB0003
S205002CCC13EF
S205002CCD07FA
S205002CCE17E9
S205002CCF00FF
S205002CD0936B
S205002CD17786
S205002CD237C5
S205002CD300FB
S205002CD4A357
S205002CD50FEA
S205002CD6D721
S205002CD7FEF9
S205002CD89363
S205002CD98570
S205002CDA15DF
S205002CDB00F3
S205002CDCE30F
S205002CDD8E63
S205002CDE07E9
S205002CDFF6F9
S205002CE0836B
S205002CE1C627
S205002CE205E7
S205002CE300EB
S205002CE413D7
S205002CE507E2
S205002CE617D1
S205002CE700E7
S205002CE89353
S205002CE9776E
S205002CEA37AD
S205002CEB00E3
S205002CECA33F
S205002CED0FD2
S205002CEED709
S205002CEFFEE1
S205002CF0934B
S205002CF18558
S205002CF215C7
S205002CF300DB
S205002CF4E3F7
S205002CF59A3F
S205002CF607D1
S205002CF7FCDB
S205002CF86F67
S205002CF9F0E5
S205002CFA1FB5
S205002CFBF6DD
S205002CFC676B
S205002CFD8051
S205002CFE00D0
S205002CFF00CF
S205002D0013BA
S205002D0101CB
S205002D0201CA
S205002D03FFCB
S205002D0423A6
S205002D0526A2
S205002D068146
S205002D0700C6
S205002D0813B2
S205002D0904C0
S205002D0A00C3
S205002D0B02C0
S205002D0C833E
S205002D0DA31D
S205002D0E05BA
S205002D0F00BE
S205002D10833A
S205002D11A21A
S205002D124576
S205002D1300BA
S205002D148336
S205002D15AF09
S205002D168532
S205002D1700B6
S205002D1803B2
S205002D19AF05
S205002D1AC5EE
S205002D1B00B2
S205002D1C832E
S205002D1DAE02
S205002D1E05AA
S205002D1F01AD
S205002D2003AA
S205002D21AEFE
S205002D224566
S205002D2301A9
S205002D2403A6
S205002D25A305
S205002D268522
S205002D2701A5
S205002D2803A2
S205002D29A8FC
S205002D2AC5DE
S205002D2B01A1
S205002D2C831E
S205002D2DA6FA
S205002D2E059A
S205002D2F029C
S205002D30138A
S205002D310795
S205002D324754
S205002D330298
S205002D34B3E6
S205002D350791
S205002D36E6B1
S205002D374056
S205002D382372
S205002D392E66
S205002D3A771C
S205002D3BFC96
S205002D3C236E
S205002D3D2070
S205002D3E5738
S205002D3FFE90
S205002D40236A
S205002D41226A
S205002D42F794
S205002D43FF8B
S205002D442366
S205002D452464
S205002D46E7A0
S205002D47FF87
S205002D482362
S205002D49265E
S205002D4AD7AC
S205002D4BFF83
S205002D4C235E
S205002D4D2858
S205002D4EC7B8
S205002D4FFF7F
S205002D50235A
S205002D512A52
S205002D526714
S205002D53FE7C
S205002D542356
S205002D552C4C
S205002D560770
S205002D57FF77
S205002D582352
S205002D592E46
S205002D5AD79C
S205002D5BFE74
S205002D5C93DE
S205002D5D85EB
S205002D5E452A
S205002D5F026C
S205002D60E38A
S205002D614626
S205002D62F477
S205002D63FA70
S205002D6493D6
S205002D6586E2
S205002D660562
S205002D670066
S205002D6893D2
S205002D69075D
S205002D6A075C
S205002D6B0062
S205002D6C63FE
S205002D6D78E8
S205002D6EC798
S205002D6F025C
S205002D70035A
S205002D71A8B4
S205002D720655
S205002D73005A
S205002D7493C6
S205002D7587D1
S205002D764710
S205002D770056
S205002D7893C2
S205002D7986CE
S205002D7A460D
S205002D7B0052
S205002D7C232E
S205002D7DAEA2
S205002D7E0748
S205002D7FFF4F
S205002D80E36A
S205002D81E864
S205002D82C784
S205002D83FE4C
S205002D8493B6
S205002D850741
S205002D86F651
S205002D87FF47
S205002D88B392
S205002D8987BD
S205002D8AE75C
S205002D8B4002
S205002D8C93AE
S205002D8DF749
S205002D8EC778
S205002D8FFF3F
S205002D9093AA
S205002D9187B5
S205002D9247F4
S205002D93003A
S205002D943306
S205002D950731
S205002D96F740
S205002D970036
S205002D98B382
S205002D9985AF
S205002D9AF53E
S205002D9B0032
S205002D9C63CE
S205002D9D68C8
S205002D9E1718
S205002D9F012D
S205002DA0032A
S205002DA12408
S205002DA2C16A
S205002DA3002A
S205002DA41316
S205002DA50127
S205002DA60126
S205002DA70125
S205002DA867BE
S205002DA980A4
S205002DAA0023
S205002DAB0022
S205002DAC839E
S205002DADC759
S205002DAE051A
S205002DAF001E
S205002DB0130A
S205002DB10715
S205002DB21704
S205002DB3001A
S205002DB49386
S205002DB58593
S205002DB61502
S205002DB70016
S205002DB8A372
S205002DB90F05
S205002DBAF71C
S205002DBBFE14
S205002DBCE32E
S205002DBD828E
S205002DBEE827
S205002DBFFE10
S205002DC0838A
S205002DC1C745
S205002DC20506
S205002DC3000A
S205002DC413F6
S205002DC50701
S205002DC617F0
S205002DC70006
S205002DC89372
S205002DC9857F
S205002DCA15EE
S205002DCB0002
S205002DCCA35E
S205002DCD0FF1
S205002DCEF708
S205002DCFFE00
S205002DD0E31A
S205002DD19E5E
S205002DD2E813
S205002DD3FCFE
S205002DD46F8A
S205002DD5F008
S205002DD6DF18
S205002DD7FCFA
S205002DD800F5
S205002DD900F4
S205002DDA00F3
S205002DDB00F2
S205002DDC00F1
S205002DDD00F0
S205002DDE00EF
S205002DDF00EE
S205002DE000ED
S205002DE100EC
S205002DE200EB
S205002DE300EA
S205002DE400E9
S205002DE500E8
S205002DE600E7
S205002DE700E6
S205002DE813D2
S205002DE901E3
S205002DEA01E2
S205002DEBFFE3
S205002DEC03DE
S205002DEDA63A
S205002DEE855A
S205002DEF00DE
S205002DF023BA
S205002DF124B8
S205002DF2815A
S205002DF300DA
S205002DF413C6
S205002DF58454
S205002DF605D2
S205002DF700D6
S205002DF88352
S205002DF9A52F
S205002DFA458E
S205002DFB00D2
S205002DFC23AE
S205002DFD22AE
S205002DFE913E
S205002DFF00CE
S205002E009339
S205002E0104C7
S205002E0205C5
S205002E0300C9
S205002E043791
S205002E0505C2
S205002E0610B6
S205002E0700C5
S205002E0813B1
S205002E0905BE
S205002E0A05BD
S205002E0B14AD
S205002E0C239D
S205002E0D2699
S205002E0E11AD
S205002E0F00BD
S205002E10EFCD
S205002E1110AB
S205002E12902A
S205002E132D8C
S205002E148335
S205002E152691
S205002E164472
S205002E1700B5
S205002E188331
S205002E19258E
S205002E1A842E
S205002E1B00B1
S205002E1C139D
S205002E1D06A9
S205002E1E00AE
S205002E1F02AB
S205002E201399
S205002E218526
S205002E2204A6
S205002E2300A9
S205002E24EFB9
S205002E2500A7
S205002E2600A6
S205002E27594C
S205002E28EFB5
S205002E2900A3
S205002E2A8022
S205002E2B5A47
S205002E2CE3BD
S205002E2D0E91
S205002E2E0599
S205002E2FFE9F
S205002E300399
S205002E312477
S205002E328119
S205002E330099
S205002E348315
S205002E352077
S205002E36C1D5
S205002E370095
S205002E388311
S205002E39246F
S205002E3A4151
S205002E3B0091
S205002E3C93FD
S205002E3D058A
S205002E3E0589
S205002E3F008D
S205002E403755
S205002E410586
S205002E42107A
S205002E430089
S205002E441375
S205002E450582
S205002E464541
S205002E47186D
S205002E481371
S205002E490182
S205002E4A0181
S205002E4B0180
S205002E4C6F11
S205002E4D106F
S205002E4ED0AE
S205002E4F2954
S205002E501369
S205002E51017A
S205002E520179
S205002E53FF7A
S205002E542355
S205002E552255
S205002E5691E5
S205002E570075
S205002E5893E1
S205002E59046F
S205002E5A056D
S205002E5B0071
S205002E5C3739
S205002E5D056A
S205002E5E105E
S205002E5F006D
S205002E601359
S205002E610566
S205002E6285E5
S205002E631950
S205002E642345
S205002E652443
S205002E6681E5
S205002E670065
S205002E682341
S205002E69263D
S205002E6A1151
S205002E6B0061
S205002E6C134D
S205002E6D84DB
S205002E6E0559
S205002E6F005D
S205002E70EF6D
S205002E71104B
S205002E7290CA
S205002E732732
S205002E741345
S205002E750651
S205002E760452
S205002E770055
S205002E7893C1
S205002E79054E
S205002E7AC092
S205002E7B0051
S205002E7C133D
S205002E7D85CA
S205002E7E044A
S205002E7F004D
S205002E80EF5D
S205002E81004B
S205002E82400A
S205002E834306
S205002E84EF59
S205002E850047
S205002E8680C6
S205002E874401
S205002E88E361
S205002E890E35
S205002E8A053D
S205002E8BFE43
S205002E8C93AD
S205002E8D053A
S205002E8E0539
S205002E8F003D
S205002E903705
S205002E910536
S205002E92102A
S205002E930039
S205002E941325
S205002E950532
S205002E9685B1
S205002E971B1A
S205002E98EF45
S205002E991023
S205002E9A1022
S205002E9B250C
S205002E9C83AD
S205002E9D250A
S205002E9E042A
S205002E9F002D
S205002EA037F5
S205002EA10526
S205002EA2101A
S205002EA30029
S205002EA41315
S205002EA50522
S205002EA6C561
S205002EA71C09
S205002EA8EF35
S205002EA91013
S205002EAA1012
S205002EAB24FD
S205002EAC839D
S205002EAD25FA
S205002EAE44DA
S205002EAF001D
S205002EB037E5
S205002EB10516
S205002EB2100A
S205002EB30019
S205002EB41305
S205002EB50512
S205002EB645D1
S205002EB71EF7
S205002EB8EF25
S205002EB91003
S205002EBA1002
S205002EBB23EE
S205002EBC030D
S205002EBD26E9
S205002EBE848A
S205002EBF000D
S205002EC00309
S205002EC124E7
S205002EC28189
S205002EC30009
S205002EC48385
S205002EC520E7
S205002EC6C145
S205002EC70005
S205002EC88381
S205002EC924DF
S205002ECA41C1
S205002ECB0001
S205002ECC37C9
S205002ECD05FA
S205002ECE10EE
S205002ECF00FD
S205002ED013E9
S205002ED105F6
S205002ED2C535
S205002ED31FDA
S205002ED49365
S205002ED505F2
S205002ED606F0
S205002ED700F5
S205002ED813E1
S205002ED901F2
S205002EDA01F1
S205002EDB01F0
S205002EDC6F81
S205002EDD10DF
S205002EDED01E
S205002EDF20CD
S205002EE013D9
S205002EE101EA
S205002EE201E9
S205002EE3FFEA
S205002EE403E5
S205002EE5A641
S205002EE68561
S205002EE700E5
S205002EE823C1
S205002EE924BF
S205002EEA8161
S205002EEB00E1
S205002EEC13CD
S205002EED845B
S205002EEE05D9
S205002EEF00DD
S205002EF08359
S205002EF1A536
S205002EF205D5
S205002EF300D9
S205002EF423B5
S205002EF522B5
S205002EF69145
S205002EF700D5
S205002EF89341
S205002EF904CF
S205002EFA05CD
S205002EFB00D1
S205002EFC3799
S205002EFD05CA
S205002EFE10BE
S205002EFF00CD
S205002F0013B8
S205002F0105C5
S205002F024584
S205002F0322A6
S205002F0423A4
S205002F0526A0
S205002F0611B4
S205002F0700C4
S205002F08EFD4
S205002F0910B2
S205002F0A10B1
S205002F0B1EA2
S205002F0C03BC
S205002F0D2698
S205002F0E04B9
S205002F0F00BC
S205002F108338
S205002F112595
S205002F128435
S205002F1300B8
S205002F1413A4
S205002F158531
S205002F1604B1
S205002F1700B4
S205002F18EFC4
S205002F1900B2
S205002F1AC0F1
S205002F1B3977
S205002F1CEFC0
S205002F1D00AE
S205002F1E00AD
S205002F1F3B71
S205002F20E3C8
S205002F210E9C
S205002F2205A4
S205002F23FEAA
S205002F2403A4
S205002F252482
S205002F268124
S205002F2700A4
S205002F288320
S205002F292082
S205002F2AC1E0
S205002F2B00A0
S205002F2C831C
S205002F2D247A
S205002F2E415C
S205002F2F009C
S205002F309308
S205002F310595
S205002F320594
S205002F330098
S205002F343760
S205002F350591
S205002F361085
S205002F370094
S205002F381380
S205002F39058D
S205002F3A850C
S205002F3B1B75
S205002F3C137C
S205002F3D018D
S205002F3E018C
S205002F3F018B
S205002F406F1C
S205002F41107A
S205002F4290F9
S205002F431A6E
S205002F441374
S205002F450185
S205002F460184
S205002F47FF85
S205002F482360
S205002F492260
S205002F4A91F0
S205002F4B0080
S205002F4C83FC
S205002F4D2658
S205002F4E4538
S205002F4F007C
S205002F5093E8
S205002F5184F6
S205002F520574
S205002F530078
S205002F540374
S205002F552650
S205002F560570
S205002F570074
S205002F5883F0
S205002F59254D
S205002F5A85EC
S205002F5B0070
S205002F5C234C
S205002F5D244A
S205002F5E81EC
S205002F5F006C
S205002F601358
S205002F610466
S205002F620564
S205002F630068
S205002F643730
S205002F650561
S205002F661055
S205002F670064
S205002F681350
S205002F69055D
S205002F6A85DC
S205002F6B263A
S205002F6C233C
S205002F6D2638
S205002F6E114C
S205002F6F005C
S205002F70EF6C
S205002F71104A
S205002F7290C9
S205002F731741
S205002F7463F4
S205002F7598BE
S205002F760451
S205002F770450
S205002F780350
S205002F79272B
S205002F7A84CD
S205002F7B0050
S205002F7C93BC
S205002F7D0747
S205002F7E004D
S205002F7F004C
S205002F8063E8
S205002F8154F6
S205002F82E069
S205002F830246
S205002F8483C4
S205002F852620
S205002F860441
S205002F870044
S205002F880340
S205002F89271B
S205002F8A44FD
S205002F8B0040
S205002F8CB38C
S205002F8D86B8
S205002F8EF647
S205002F8F003C
S205002F9083B8
S205002F91C674
S205002F920633
S205002F930038
S205002F943304
S205002F95072F
S205002F96F73E
S205002F970034
S205002F9893A0
S205002F9987AB
S205002F9A171A
S205002F9B0030
S205002F9C230C
S205002F9D002E
S205002F9ED756
S205002F9F002C
S205002FA00328
S205002FA12703
S205002FA284A5
S205002FA30028
S205002FA4E344
S205002FA5C066
S205002FA6E73E
S205002FA7FE26
S205002FA80320
S205002FA924FE
S205002FAA81A0
S205002FAB0020
S205002FAC839C
S205002FAD20FE
S205002FAEC15C
S205002FAF001C
S205002FB08398
S205002FB124F6
S205002FB241D8
S205002FB30018
S205002FB437E0
S205002FB50511
S205002FB61005
S205002FB70014
S205002FB81300
S205002FB9050D
S205002FBA858C
S205002FBB2AE6
S205002FBC13FC
S205002FBD010D
S205002FBE010C
S205002FBF010B
S205002FC06F9C
S205002FC110FA
S205002FC29079
S205002FC312F6
S205002FC40304
S205002FC527DF
S205002FC60401
S205002FC70004
S205002FC88380
S205002FC927DB
S205002FCA44BD
S205002FCB0000
S205002FCCB748
S205002FCD05F9
S205002FCE02FB
S205002FCF40BC
S205002FD023D8
S205002FD1A05A
S205002FD2E514
S205002FD3FCFC
S205002FD437C0
S205002FD506F0
S205002FD602F3
S205002FD740B4
S205002FD823D0
S205002FD922D0
S205002FDAF6FB
S205002FDBFCF4
S205002FDC03EC
S205002FDD25C9
S205002FDE8469
S205002FDF00EC
S205002FE0B734
S205002FE106E4
S205002FE202E7
S205002FE340A8
S205002FE4B730
S205002FE507DF
S205002FE602E3
S205002FE740A4
S205002FE823C0
S205002FE9A43E
S205002FEAA63B
S205002FEBFCE4
S205002FEC37A8
S205002FED07D7
S205002FEE02DB
S205002FEF409C
S205002FF09348
S205002FF106D4
S205002FF210C9
S205002FF300D8
S205002FF423B4
S205002FF5A630
S205002FF6D7FE
S205002FF7FCD8
S205002FF813C0
S205002FF907CB
S205002FFA07CA
S205002FFBFDD3
S205002FFC834C
S205002FFD27A7
S205002FFE07C6
S205002FFF00CC
S205003000E3E7
S2050030018E3B
S20500300207C1
S205003003FEC9
S20500300403C3
S20500300524A1
S2050030068143
S20500300700C3
S205003008833F
S20500300920A1
S20500300AC1FF
S20500300B00BF
S20500300C833B
S20500300D2499
S20500300E417B
S20500300F00BB
S2050030103783
S20500301105B4
S20500301210A8
S20500301300B7
S20500301413A3
S20500301505B0
S205003016852F
S2050030172D86
S205003018139F
S20500301901B0
S20500301A01AF
S20500301B01AE
S20500301C6F3F
S20500301D109D
S20500301ED0DC
S20500301F0C9F
S2050030203773
S20500302105A4
S2050030221098
S20500302300A7
S2050030241393
S20500302501A4
S20500302601A3
S205003027FEA5
S205003028138F
S205003029059C
S20500302A455B
S20500302B306F
S20500302C237B
S20500302D2E6F
S20500302E118B
S20500302F009B
S2050030302377
S2050030312C6D
S2050030328117
S2050030330097
S2050030342373
S2050030352A6B
S2050030369103
S2050030370093
S205003038236F
S2050030392869
S20500303A216F
S20500303B018E
S20500303CEF9F
S20500303D107D
S20500303ED0BC
S20500303F0A81
S2050030403753
S2050030410584
S2050030421078
S2050030430087
S2050030441373
S2050030450580
S205003046057F
S2050030473251
S205003048EF93
S2050030491071
S20500304A1070
S20500304B0A75
S20500304C3747
S20500304D0578
S20500304E106C
S20500304F007B
S2050030501367
S2050030510574
S2050030520573
S2050030533740
S205003054EF87
S2050030551065
S2050030565024
S205003057096A
S205003058373B
S205003059056C
S20500305A1060
S20500305B006F
S20500305C135B
S20500305D0568
S20500305EC5A7
S20500305F3932
S205003060EF7B
S2050030610069
S2050030620068
S2050030631D4A
S2050030641353
S205003065095C
S205003066055F
S2050030670063
S205003068372B
S205003069055C
S20500306A1050
S20500306B005F
S20500306C134B
S20500306D0558
S20500306E0557
S20500306F3B20
S205003070EF6B
S2050030710059
S2050030720058
S2050030731C3B
S20500307493C3
S2050030750451
S205003076054F
S2050030770053
S205003078371B
S205003079054C
S20500307A1040
S20500307B004F
S20500307C133B
S20500307D0548
S20500307E85C7
S20500307F3C0F
S205003080EF5B
S2050030810049
S205003082C088
S2050030831D2A
S2050030841333
S2050030850441
S205003086053F
S2050030870043
S205003088370B
S205003089053C
S20500308A1030
S20500308B003F
S20500308C132B
S20500308D0538
S20500308E0537
S20500308F3EFD
S205003090EF4B
S2050030911029
S20500309290A8
S2050030930532
S20500309493A3
S2050030950530
S20500309641F3
S2050030970033
S205003098131F
S20500309985AC
S20500309A042C
S20500309B002F
S20500309CEF3F
S20500309DF03D
S20500309E5FCD
S20500309FDB50
S2050030A09397
S2050030A10524
S2050030A241E7
S2050030A30027
S2050030A41313
S2050030A50520
S2050030A6091B
S2050030A70023
S2050030A8EF33
S2050030A9F031
S2050030AA9F81
S2050030ABE33C
S2050030AC130B
S2050030AD0518
S2050030AE41DB
S2050030AF001B
S2050030B09387
S2050030B10514
S2050030B20018
S2050030B30017
S2050030B4EF27
S2050030B5F025
S2050030B61FF5
S2050030B7E92A
S2050030B8937F
S2050030B9050C
S2050030BA41CF
S2050030BB000F
S2050030BC13FB
S2050030BD0508
S2050030BE0408
S2050030BF000B
S2050030C0EF1B
S2050030C1F019
S2050030C29F69
S2050030C3D235
S2050030C413F3
S2050030C50500
S2050030C609FB
S2050030C70003
S2050030C8EF13
S2050030C90001
S2050030CA0000
S2050030CB1CE3
S2050030CC13EB
S2050030CD8578
S2050030CE04F8
S2050030CF00FB
S2050030D0EF0B
S2050030D100F9
S2050030D28078
S2050030D31BDC
S2050030D413E3
S2050030D505F0
S2050030D604F0
S2050030D700F3
S2050030D8EF03
S2050030D900F1
S2050030DA00F0
S2050030DB1BD4
S2050030DC37B7
S2050030DD05E8
S2050030DE10DC
S2050030DF00EB
S2050030E013D7
S2050030E105E4
S2050030E28563
S2050030E33FA8
S2050030E4EFF7
S2050030E510D5
S2050030E65094
S2050030E700E3
S2050030E837AB
S2050030E905DC
S2050030EA10D0
S2050030EB00DF
S2050030EC13CB
S2050030ED05D8
S2050030EE8557
S2050030EF4398
S2050030F0EFEB
S2050030F100D9
S2050030F28058
S2050030F33C9B
S2050030F4EFE7
S2050030F500D5
S2050030F64094
S2050030F73D96
S2050030F8834F
S2050030F920B1
S2050030FAC10F
S2050030FB01CE
S2050030FC03CB
S2050030FD24A9
S2050030FE814B
S2050030FF01CA
S2050031008346
S20500310124A4
S2050031024186
S20500310301C5
S20500310403C2
S205003105299B
S20500310601C2
S20500310701C1
S20500310813AE
S20500310905BB
S20500310A00BF
S20500310B00BE
S20500310C13AA
S20500310D01BB
S20500310E01BA
S20500310F02B8
S2050031106752
S2050031118038
S20500311200B7
S20500311300B6
S205003114B7FE
S20500311507AD
S20500311610A3
S20500311700B2
S205003118377A
S2050031191F91
S20500311A109F
S20500311B00AE
S20500311C832A
S20500311DAEFE
S20500311E8724
S20500311F7F2B
S20500312003A6
S2050031212385
S2050031220F98
S2050031238026
S2050031249312
S205003125089C
S20500312600A3
S2050031271092
S205003128930E
S205003129D8C8
S20500312A1887
S20500312B009E
S20500312C3766
S20500312D6E2E
S20500312E108B
S20500312F009A
S2050031309306
S2050031310791
S2050031321087
S2050031330096
S2050031349302
S2050031358F05
S205003136880B
S205003137FF93
S205003138236E
S205003139A0F0
S20500313AFE91
S20500313B008E
S20500313C93FA
S20500313D0587
S20500313E1378
S20500313F008A
S20500314093F6
S2050031418800
S205003142780F
S205003143FF87
S2050031441372
S205003145067E
S2050031460E75
S205003147F092
S205003148037E
S2050031494838
S20500314A4639
S20500314B007E
S20500314C83FA
S20500314D4636
S20500314E5625
S20500314F007A
S2050031500376
S2050031514731
S2050031526611
S2050031530076
S20500315483F2
S205003155472D
S20500315676FD
S2050031570072
S20500315893DE
S20500315996DA
S20500315A86E9
S20500315B006E
S20500315CB3BA
S20500315DE686
S20500315E0665
S20500315F0169
S2050031601356
S2050031611751
S2050031620760
S2050031630165
S2050031643332
S20500316567FD
S205003166D78C
S2050031670062
S20500316893CE
S20500316997C9
S20500316A87D8
S20500316B015D
S20500316CB3AA
S20500316DE775
S20500316EE774
S20500316F005A
S205003170E376
S2050031718CCC
S205003172B7A0
S205003173FC5A
S20500317463F2
S2050031751440
S2050031761340
S2050031770151
S205003178E36E
S20500317988C8
S20500317A0748
S20500317BFC52
S20500317CB796
S20500317D67E5
S20500317E103B
S20500317F004A
S20500318093B6
S20500318187C1
S20500318287C0
S205003183F056
S2050031843312
S2050031850341
S205003186F350
S2050031870042
S205003188231E
S2050031892020
S20500318ABF80
S20500318B80BE
S20500318C231A
S20500318D003C
S20500318EA398
S20500318F003A
S20500319063D6
S20500319196A2
S205003192F542
S2050031930135
S2050031942312
S2050031952014
S2050031960F24
S20500319780B2
S205003198939E
S205003199052B
S20500319A002F
S20500319B002E
S20500319C939A
S20500319DF735
S20500319EF536
S20500319F0F1B
S2050031A01316
S2050031A1D751
S2050031A285A2
S2050031A30026
S2050031A483A2
S2050031A546DE
S2050031A60E15
S2050031A7F032
S2050031A8130E
S2050031A977A9
S2050031AAF728
S2050031AB0F0F
S2050031AC23FA
S2050031AD001C
S2050031AEFE1D
S2050031AFF02A
S2050031B09386
S2050031B1D741
S2050031B20512
S2050031B30115
S2050031B48392
S2050031B546CE
S2050031B61EF5
S2050031B7F022
S2050031B8937E
S2050031B9F719
S2050031BAF718
S2050031BB0FFF
S2050031BCA36A
S2050031BD000C
S2050031BEEE1D
S2050031BFF01A
S2050031C00306
S2050031C147C1
S2050031C22ED9
S2050031C3F016
S2050031C49372
S2050031C5D52F
S2050031C6857E
S2050031C70101
S2050031C823DE
S2050031C901FF
S2050031CAFE01
S2050031CBF00E
S2050031CC837A
S2050031CD47B5
S2050031CE3EBD
S2050031CFF00A
S2050031D0A356
S2050031D101F7
S2050031D2BE39
S2050031D3F006
S2050031D423D2
S2050031D5A054
S2050031D60EE5
S2050031D700F2
S2050031D8678A
S2050031D98070
S2050031DA00EF
S2050031DB00EE
S2050031DC37B6
S2050031DD06E6
S2050031DE10DB
S2050031DF00EA
S2050031E09356
S2050031E107E1
S2050031E200E7
S2050031E310D6
S2050031E437AE
S2050031E5677D
S2050031E610D3
S2050031E700E2
S2050031E8835E
S2050031E926BA
S2050031EAC619
S2050031EB7F5F
S2050031EC934A
S2050031EDD705
S2050031EE17C4
S2050031EF00DA
S2050031F013C6
S2050031F107D1
S2050031F207D0
S2050031F3F0E6
S2050031F49342
S2050031F5854F
S2050031F6874C
S2050031F7FFD3
S2050031F8B31E
S2050031F98749
S2050031FAE7E8
S2050031FB00CE
S2050031FC03CA
S2050031FDA725
S2050031FE4784
S2050031FF00CA
S205003200E3E5
S2050032010EB9
S205003202D7EF
S205003203FEC7
S20500320413B1
S205003205873C
S205003206863C
S20500320700C1
S205003208338D
S2050032098738
S20500320AE7D7
S20500320B00BD
S20500320C03B9
S20500320D4576
S20500320E07B3
S20500320F00B9
S2050032109325
S2050032118631
S20500321216A0
S20500321300B5
S2050032142391
S2050032152E85
S205003216D6DC
S2050032177E33
S205003218139D
S205003219753A
S20500321AF5B9
S20500321B0F9E
S20500321C6349
S20500321D9615
S20500321EB6F4
S20500321F00A9
S2050032202385
S2050032212E79
S20500322206A0
S2050032237E27
S2050032249311
S205003225069D
S20500322600A2
S20500322700A1
S205003228237D
S205003229A0FF
S20500322AD7C7
S20500322B009D
S20500322C6735
S20500322D801B
S20500322E009A
S20500322F0099
S2050032309305
S2050032310592
S2050032320591
S2050032330095
S205003234375D
S205003235058E
S2050032361082
S2050032370091
S205003238137D
S205003239018E
S20500323A018D
S20500323BFF8E
S20500323C1379
S20500323D0685
S20500323E206A
S20500323F0782
S2050032401375
S2050032410582
S205003242C5C1
S205003243483D
S2050032442361
S205003245265D
S2050032461171
S2050032470081
S205003248EF91
S205003249106F
S20500324A007E
S20500324B6A13
S20500324CEF8D
S20500324DF08B
S20500324E1F5B
S20500324FF980
S20500325083F5
S2050032512057
S205003252C1B5
S2050032530075
S2050032541361
S2050032550172
S2050032560171
S2050032570170
S2050032586709
S20500325980EF
S20500325A006E
S20500325B006D
S20500325C93D9
S20500325D0566
S20500325E0565
S20500325F0069
S2050032603731
S2050032610562
S2050032621056
S2050032630065
S2050032641351
S2050032650162
S2050032660161
S205003267FF62
S205003268134D
S2050032690659
S20500326A70EE
S20500326B0756
S20500326C1349
S20500326D0556
S20500326EC595
S20500326F4811
S2050032702335
S2050032712631
S2050032721145
S2050032730055
S205003274EF65
S2050032751043
S2050032764012
S20500327767EA
S205003278EF61
S205003279F05F
S20500327A5FEF
S20500327BF657
S20500327C83C9
S20500327D202B
S20500327EC189
S20500327F0049
S2050032801335
S2050032810146
S2050032820145
S2050032830144
S20500328467DD
S20500328580C3
S2050032860042
S2050032870041
S20500328893AD
S205003289053A
S20500328A0539
S20500328B003D
S20500328C3705
S20500328D0536
S20500328E102A
S20500328F0039
S2050032901325
S2050032910136
S2050032920135
S205003293FF36
S2050032941321
S205003295052E
S205003296C56D
S2050032974AE7
S205003298230D
S2050032992609
S20500329A111D
S20500329B002D
S20500329CEF3D
S20500329D101B
S20500329EC06A
S20500329F64C5
S2050032A0EF39
S2050032A1F037
S2050032A2DF47
S2050032A3F332
S2050032A483A1
S2050032A52003
S2050032A6C161
S2050032A70021
S2050032A8130D
S2050032A9051A
S2050032AA100E
S2050032AB001D
S2050032AC1309
S2050032AD011A
S2050032AE0119
S2050032AF0118
S2050032B067B1
S2050032B18097
S2050032B20016
S2050032B30015
S2050032B49381
S2050032B5060D
S2050032B6060C
S2050032B70011
S2050032B813FD
S2050032B98689
S2050032BA0509
S2050032BB000D
S2050032BC9379
S2050032BD0506
S2050032BE0505
S2050032BF0009
S2050032C037D1
S2050032C10502
S2050032C210F6
S2050032C30005
S2050032C413F1
S2050032C505FE
S2050032C645BD
S2050032C74CB5
S2050032C86F91
S2050032C910EF
S2050032CA00FE
S2050032CB629B
S2050032CC37C5
S2050032CD05F6
S2050032CE10EA
S2050032CF00F9
S2050032D013E5
S2050032D101F6
S2050032D201F5
S2050032D3FEF7
S2050032D413E1
S2050032D505EE
S2050032D6C52D
S2050032D74EA3
S2050032D823CD
S2050032D92CC3
S2050032DA816D
S2050032DB00ED
S2050032DC23C9
S2050032DD2AC1
S2050032DE9159
S2050032DF00E9
S2050032E023C5
S2050032E128BF
S2050032E221C5
S2050032E301E4
S2050032E423C1
S2050032E52EB5
S2050032E611D1
S2050032E700E1
S2050032E8934D
S2050032E904DB
S2050032EA419D
S2050032EB00DD
S2050032ECEFED
S2050032ED10CB
S2050032EEC01A
S2050032EF5F7A
S2050032F013C5
S2050032F104D3
S2050032F200D6
S2050032F300D5
S2050032F413C1
S2050032F509CA
S2050032F6F0E2
S2050032F70FC2
S2050032F86F61
S2050032F900CF
S2050032FA804E
S2050032FB00CD
S2050032FC13B9
S2050032FD04C7
S2050032FE14B6
S2050032FF00C9
S205003300EFD8
S205003301F0D6
S205003302DFE6
S205003303EDD7
S20500330423A0
S2050033058042
S205003306A41D
S20500330700C0
S205003308932C
S205003309843A
S20500330A14A9
S20500330B00BC
S20500330CE3D8
S20500330D18A2
S20500330E2594
S20500330FFFB9
S2050033106354
S20500331110A6
S20500331204B1
S20500331302B2
S2050033148330
S2050033152092
S205003316C1F0
S20500331701AF
S205003318139C
S20500331905A9
S20500331A04A9
S20500331B00AC
S20500331C03A8
S20500331D2486
S20500331E8128
S20500331F01A7
S2050033208324
S2050033212482
S2050033224164
S20500332301A3
S20500332403A0
S2050033252979
S20500332601A0
S205003327019F
S205003328138C
S205003329019D
S20500332A019C
S20500332B029A
S20500332C6734
S20500332D801A
S20500332E0099
S20500332F0098
S2050033309304
S205003331078F
S2050033320491
S2050033330193
S2050033343360
S205003335840E
S205003336276A
S2050033370090
S205003338236C
S2050033390A84
S20500333A0489
S20500333BFE8E
S20500333C0388
S20500333D4743
S20500333E4148
S20500333F0088
S2050033406324
S2050033410680
S205003342077E
S205003343067E
S2050033441370
S205003345067C
S2050033465130
S2050033470080
S205003348136C
S205003349047A
S20500334A007D
S20500334B007C
S20500334C1368
S20500334D0575
S20500334E90E9
S20500334F0078
S2050033501364
S205003351086E
S2050033525025
S2050033530074
S2050033546F04
S2050033550072
S205003356C0B1
S205003357016F
S20500335893DC
S20500335977F7
S20500335AF776
S20500335B0F5D
S20500335C0368
S20500335D4723
S20500335E0663
S20500335F0068
S2050033601354
S2050033611452
S2050033624421
S2050033630064
S2050033641350
S205003365065C
S205003366164B
S2050033670060
S205003368332C
S20500336984DA
S20500336A87D6
S20500336B005C
S20500336CE378
S20500336D0456
S20500336E0752
S20500336FFA5E
S20500337093C4
S205003371074F
S205003372074E
S205003373FD57
S20500337493C0
S205003375064C
S205003376F75A
S205003377FB55
S20500337893BC
S205003379F757
S20500337AF756
S20500337B0F3D
S20500337C93B8
S20500337DF654
S20500337EF653
S20500337F0F39
S205003380E364
S2050033817EC8
S205003382F550
S205003383FC48
S20500338493B0
S205003385053D
S205003386F74A
S205003387F947
S20500338893AC
S2050033890737
S20500338A97A6
S20500338BFC40
S20500338C93A8
S20500338DF545
S20500338EF544
S20500338F0F29
S2050033901324
S205003391072F
S205003392979E
S205003393FA3A
S20500339493A0
S205003395F73B
S205003396F73A
S2050033970F21
S205003398E34C
S20500339972BC
S20500339AD855
S20500339BFC30
S20500339CE348
S20500339D7EAC
S20500339EB871
S20500339FFA2E
S2050033A037F0
S2050033A10521
S2050033A21015
S2050033A30024
S2050033A41310
S2050033A5051D
S2050033A6051C
S2050033A746DA
S2050033A8EF30
S2050033A9100E
S2050033AA001D
S2050033AB54C8
S2050033AC1308
S2050033AD0416
S2050033AE0019
S2050033AF0018
S2050033B06FA8
S2050033B1F026
S2050033B25FB6
S2050033B3F61E
S2050033B41300
S2050033B5878B
S2050033B6060B
S2050033B70010
S2050033B8937C
S2050033B90608
S2050033BA0607
S2050033BB000C
S2050033BC13F8
S2050033BD8684
S2050033BE0504
S2050033BF0008
S2050033C09374
S2050033C10501
S2050033C20500
S2050033C30004
S2050033C437CC
S2050033C505FD
S2050033C610F1
S2050033C70000
S2050033C813EC
S2050033C905F9
S2050033CAC538
S2050033CB50AC
S2050033CC6F8C
S2050033CD10EA
S2050033CEC039
S2050033CF51A7
S2050033D037C0
S2050033D105F1
S2050033D210E5
S2050033D300F4
S2050033D413E0
S2050033D501F1
S2050033D601F0
S2050033D7FEF2
S2050033D813DC
S2050033D905E9
S2050033DA8568
S2050033DB5399
S2050033DC23C8
S2050033DD2CBE
S2050033DE8168
S2050033DF00E8
S2050033E023C4
S2050033E12ABC
S2050033E29154
S2050033E300E4
S2050033E423C0
S2050033E528BA
S2050033E621C0
S2050033E701DF
S2050033E823BC
S2050033E92EB0
S2050033EA11CC
S2050033EB00DC
S2050033EC9348
S2050033ED04D6
S2050033EE4198
S2050033EF00D8
S2050033F0EFE8
S2050033F110C6
S2050033F28055
S2050033F34F85
S2050033F413C0
S2050033F504CE
S2050033F600D1
S2050033F700D0
S2050033F813BC
S2050033F909C5
S2050033FAF0DD
S2050033FB0FBD
S2050033FC6F5C
S2050033FD00CA
S2050033FE8049
S2050033FF00C8
S20500340013B3
S20500340104C1
S20500340214B0
S20500340300C3
S205003404EFD3
S205003405F0D1
S2050034069F21
S205003407DDE2
S205003408239B
S205003409803D
S20500340AA418
S20500340B00BB
S20500340C9327
S20500340D8435
S20500340E14A4
S20500340F00B7
S205003410E3D3
S205003411189D
S205003412258F
S205003413FFB4
S205003414634F
S20500341510A1
S20500341604AC
S20500341702AD
S205003418832B
S205003419208D
S20500341AC1EB
S20500341B01AA
S20500341C1397
S20500341D05A4
S20500341E04A4
S20500341F00A7
S20500342003A3
S2050034212481
S2050034228123
S20500342301A2
S205003424831F
S205003425247D
S205003426415F
S205003427019E
S205003428039B
S2050034292974
S20500342A019B
S20500342B019A
S20500342C1387
S20500342D0198
S20500342E0197
S20500342F0295
S205003430672F
S2050034318015
S2050034320094
S2050034330093
S20500343493FF
S205003435078A
S205003436048C
S205003437018E
S205003438335B
S2050034398409
S20500343A2765
S20500343B008B
S20500343C2367
S20500343D0A7F
S20500343E0484
S20500343FFE89
S2050034400383
S205003441473E
S2050034424143
S2050034430083
S205003444631F
S205003445067B
S2050034460779
S2050034470679
S205003448136B
S2050034490677
S20500344A512B
S20500344B007B
S20500344C1367
S20500344D0475
S20500344E0078
S20500344F0077
S2050034501363
S2050034510570
S20500345290E4
S2050034530073
S205003454135F
S2050034550869
S2050034565020
S205003457006F
S2050034586FFF
S205003459006D
S20500345AC0AC
S20500345B016A
S20500345C93D7
S20500345D77F2
S20500345EF771
S20500345F0F58
S2050034600363
S205003461471E
S205003462065E
S2050034630063
S205003464134F
S205003465144D
S205003466441C
S205003467005F
S205003468134B
S2050034690657
S20500346A1646
S20500346B005B
S20500346C3327
S20500346D84D5
S20500346E87D1
S20500346F0057
S205003470E373
S2050034710451
S205003472074D
S205003473FA59
S20500347493BF
S205003475074A
S2050034760749
S205003477FD52
S20500347893BB
S2050034790647
S20500347AF755
S20500347BFB50
S20500347C93B7
S20500347DF752
S20500347EF751
S20500347F0F38
S20500348093B3
S205003481F64F
S205003482F64E
S2050034830F34
S205003484E35F
S2050034857EC3
S205003486F54B
S205003487FC43
S20500348893AB
S2050034890538
S20500348AF745
S20500348BF942
S20500348C93A7
S20500348D0732
S20500348E97A1
S20500348FFC3B
S20500349093A3
S205003491F540
S205003492F53F
S2050034930F24
S205003494131F
S205003495072A
S2050034969799
S205003497FA35
S205003498939B
S205003499F736
S20500349AF735
S20500349B0F1C
S20500349CE347
S20500349D72B7
S20500349ED850
S20500349FFC2B
S2050034A0E343
S2050034A17EA7
S2050034A2B86C
S2050034A3FA29
S2050034A437EB
S2050034A5051C
S2050034A61010
S2050034A7001F
S2050034A8130B
S2050034A90518
S2050034AA0517
S2050034AB46D5
S2050034ACEF2B
S2050034AD1009
S2050034AEC058
S2050034AF43D4
S2050034B01303
S2050034B10411
S2050034B20014
S2050034B30013
S2050034B46FA3
S2050034B5F021
S2050034B65FB1
S2050034B7F619
S2050034B8937B
S2050034B90508
S2050034BA0507
S2050034BB000B
S2050034BC37D3
S2050034BD0504
S2050034BE10F8
S2050034BF0007
S2050034C013F3
S2050034C10500
S2050034C2857F
S2050034C355AE
S2050034C46F93
S2050034C510F1
S2050034C640C0
S2050034C742BD
S2050034C837C7
S2050034C905F8
S2050034CA10EC
S2050034CB00FB
S2050034CC13E7
S2050034CD01F8
S2050034CE01F7
S2050034CFFFF8
S2050034D013E3
S2050034D105F0
S2050034D205EF
S2050034D3579C
S2050034D423CF
S2050034D526CB
S2050034D611DF
S2050034D700EF
S2050034D8EFFF
S2050034D910DD
S2050034DA00EC
S2050034DB41AA
S2050034DC8367
S2050034DD20C9
S2050034DEC127
S2050034DF00E7
S2050034E013D3
S2050034E101E4
S2050034E201E3
S2050034E301E2
S2050034E46F73
S2050034E5F0F1
S2050034E69F41
S2050034E7CF10
S2050034E813CB
S2050034E901DC
S2050034EA01DB
S2050034EBF6E5
S2050034EC23B7
S2050034ED2CAD
S2050034EE8157
S2050034EF08CF
S2050034F023B3
S2050034F12AAB
S2050034F29143
S2050034F308CB
S2050034F423AF
S2050034F528A9
S2050034F621AF
S2050034F709C6
S2050034F823AB
S2050034F926A7
S2050034FA319B
S2050034FB09C2
S2050034FC23A7
S2050034FD20A9
S2050034FE6167
S2050034FF09BE
S20500350023A2
S2050035012E96
S20500350211B2
S20500350308BA
S205003504239E
S205003505249C
S205003506417E
S20500350709B5
S205003508239A
S205003509229A
S20500350A516A
S20500350B09B1
S20500350C2396
S20500350D2E8A
S20500350E7146
S20500350F07AF
S2050035102392
S2050035112C88
S2050035128132
S20500351307AB
S205003514238E
S2050035152888
S205003516A10E
S20500351707A7
S205003518238A
S2050035192686
S20500351AB1FA
S20500351B07A3
S20500351C1396
S20500351DF8B0
S20500351E07A0
S20500351F04A2
S2050035201392
S20500352104A0
S205003522059E
S20500352300A2
S205003524930E
S2050035258917
S205003526059A
S205003527009E
S205003528930A
S2050035290498
S20500352A0695
S20500352B009A
S20500352C1386
S20500352D890F
S20500352E0691
S20500352F0096
S2050035301382
S2050035310B89
S205003532078C
S2050035330092
S205003534632E
S2050035351080
S2050035360887
S2050035371C72
S205003538B7D6
S2050035390A82
S20500353A107B
S20500353B008A
S20500353C93F6
S20500353D8AFE
S20500353E4A3D
S20500353F582E
S2050035401372
S205003541FC88
S205003542077C
S2050035430181
S205003544631E
S205003545047C
S2050035460C73
S2050035471866
S205003548136A
S2050035490775
S20500354A007B
S20500354B0179
S20500354C2356
S20500354D2256
S20500354EE196
S20500354F0076
S2050035501362
S205003551076D
S2050035520073
S2050035530270
S20500355493DE
S205003555F779
S205003556E788
S205003557FF6F
S205003558234A
S2050035592646
S20500355AE18A
S20500355B006A
S20500355C1356
S20500355DF771
S20500355E2740
S20500355F0066
S20500356093D2
S205003561FB69
S205003562075C
S2050035630260
S20500356463FE
S2050035650E52
S2050035660758
S2050035671846
S20500356863FA
S205003569CA92
S20500356A0952
S20500356B203A
S20500356C1346
S20500356DF761
S20500356E4710
S20500356F0056
S20500357063F2
S2050035711242
S205003572074C
S2050035731E34
S20500357493BE
S205003575F759
S20500357687C8
S205003577004E
S205003578232A
S2050035792428
S20500357A014A
S20500357B004A
S20500357C63E6
S20500357D88C0
S20500357E0740
S20500357F0046
S20500358093B2
S205003581073D
S2050035820043
S2050035830240
S205003584132E
S2050035850937
S205003586F946
S205003587FF3F
S205003588231A
S2050035892418
S20500358AF14A
S20500358B003A
S20500358C63D6
S20500358D8EAA
S20500358E0B2C
S20500358F0036
S20500359093A2
S205003591072D
S2050035920033
S2050035930131
S20500359463CE
S20500359582AE
S205003596F43B
S205003597200E
S205003598939A
S20500359987A5
S20500359A84A7
S20500359BFF2B
S20500359C9396
S20500359DB771
S20500359E1710
S20500359F0026
S2050035A09392
S2050035A10B19
S2050035A20023
S2050035A30220
S2050035A433EE
S2050035A50917
S2050035A6F926
S2050035A740DE
S2050035A863BA
S2050035A9908C
S2050035AA0912
S2050035AB1604
S2050035AC9386
S2050035AD0711
S2050035AE0017
S2050035AF0313
S2050035B023F2
S2050035B10E06
S2050035B2F122
S2050035B30012
S2050035B413FE
S2050035B50D03
S2050035B610FF
S2050035B7000E
S2050035B8937A
S2050035B90DFF
S2050035BAC14A
S2050035BB0109
S2050035BC13F6
S2050035BD0AFE
S2050035BE0DFA
S2050035BF0006
S2050035C063A2
S2050035C154B0
S2050035C26D96
S2050035C30101
S2050035C413EE
S2050035C50AF6
S2050035C60BF4
S2050035C700FE
S2050035C8837A
S2050035C927D5
S2050035CA41BA
S2050035CB00FA
S2050035CC33C6
S2050035CD09EF
S2050035CE49AE
S2050035CF41B5
S2050035D06392
S2050035D19064
S2050035D207EC
S2050035D302F0
S2050035D4638E
S2050035D55A96
S2050035D620CF
S2050035D71FCF
S2050035D813DA
S2050035D906E6
S2050035DA09E2
S2050035DB00EA
S2050035DC13D6
S2050035DD05E3
S2050035DE04E3
S2050035DF00E6
S2050035E09352
S2050035E105DF
S2050035E200E3
S2050035E302E0
S2050035E433AE
S2050035E504DC
S2050035E624BB
S2050035E701DD
S2050035E8EFEE
S2050035E9F0EC
S2050035EA0FCC
S2050035EBD703
S2050035EC13C6
S2050035ED09CF
S2050035EEF0E7
S2050035EFFFD7
S2050035F08352
S2050035F127AD
S2050035F28152
S2050035F300D2
S2050035F4636E
S2050035F5864A
S2050035F607C8
S2050035F700CE
S2050035F823AA
S2050035F900CC
S2050035FAF4D7
S2050035FB00CA
S2050035FC13B6
S2050035FD04C4
S2050035FE14B3
S2050035FF00C6
S2050036006361
S2050036018A39
S2050036020BB7
S20500360300C1
S20500360413AD
S20500360507B8
S205003606803E
S20500360700BD
S2050036086359
S2050036098E2D
S20500360AE4D6
S20500360B18A1
S20500360C13A5
S20500360D07B0
S20500360E00B6
S20500360F01B4
S2050036106351
S2050036118A29
S205003612E4CE
S205003613149D
S205003614634D
S205003615109F
S2050036160CA2
S20500361702AB
S2050036186349
S2050036195457
S20500361A208A
S20500361B1B8E
S20500361C8325
S20500361D2582
S20500361EC1E5
S20500361F00A5
S2050036201391
S205003621069D
S2050036220999
S20500362300A1
S205003624138D
S205003625059A
S205003626049A
S205003627009D
S205003628EFAD
S205003629F0AB
S20500362A0F8B
S20500362BD3C6
S20500362C3365
S20500362D0493
S20500362E2472
S20500362F0194
S2050036301381
S205003631098A
S205003632F0A2
S205003633FF92
S205003634632D
S2050036355E31
S2050036364D41
S205003637018C
S2050036383359
S2050036390A81
S20500363AAAE0
S20500363B4148
S20500363C1375
S20500363D0582
S20500363E0482
S20500363F0085
S2050036401371
S205003641067D
S2050036420A78
S2050036430081
S20500364493ED
S205003645057A
S205003646007E
S205003647037A
S205003648EF8D
S205003649F08B
S20500364A0F6B
S20500364BD1A8
S20500364C3345
S20500364D0473
S20500364E4432
S20500364F0174
S205003650B3C1
S20500365187EC
S2050036523D35
S2050036530170
S205003654135D
S2050036550768
S205003656046A
S205003657006D
S2050036580369
S205003659C6A5
S20500365A0763
S20500365B0069
S20500365C93D5
S20500365D86E1
S20500365E075F
S20500365F0065
S2050036601351
S205003661075C
S205003662174B
S2050036630061
S205003664A3BD
S2050036650F50
S205003666C797
S205003667FE5F
S20500366893C9
S20500366987D4
S20500366AF763
S20500366BFF5A
S20500366CE375
S20500366D96C1
S20500366EDD79
S20500366FFE57
S20500367093C1
S20500367189CA
S2050036721939
S2050036730051
S205003674331D
S205003675044B
S205003676341A
S205003677014C
S20500367863E9
S2050036795CEF
S20500367A202A
S20500367B0148
S20500367C1335
S20500367D0542
S20500367E0442
S20500367F0045
S2050036801331
S205003681063D
S2050036820939
S2050036830041
S20500368493AD
S205003685053A
S205003686003E
S205003687023B
S205003688EF4D
S205003689F04B
S20500368A0F2B
S20500368BCD6C
S20500368C3305
S20500368D0433
S20500368E2412
S20500368F0134
S20500369083B1
S2050036912013
S205003692C171
S2050036930928
S205003694131D
S205003695052A
S205003696042A
S205003697002D
S2050036980329
S2050036992407
S20500369A81A9
S20500369B0920
S20500369C83A5
S20500369D2403
S20500369E41E5
S20500369F091C
S2050036A00321
S2050036A129FA
S2050036A20121
S2050036A30918
S2050036A4839D
S2050036A529F6
S2050036A6C15D
S2050036A70815
S2050036A80319
S2050036A92AF1
S2050036AA8199
S2050036AB0811
S2050036AC8395
S2050036AD2AED
S2050036AE41D5
S2050036AF080D
S2050036B00311
S2050036B12BE8
S2050036B20111
S2050036B30809
S2050036B4838D
S2050036B52BE4
S2050036B6C14D
S2050036B70706
S2050036B80309
S2050036B92CDF
S2050036BA8189
S2050036BB0702
S2050036BC0305
S2050036BD2DDA
S2050036BE0105
S2050036BF07FE
S2050036C08381
S2050036C12DD6
S2050036C2C141
S2050036C306FB
S2050036C413ED
S2050036C501FE
S2050036C601FD
S2050036C70AF3
S2050036C86795
S2050036C9807B
S2050036CA00FA
S2050036CB00F9
S2050036CC9365
S2050036CDF601
S2050036CE17DF
S2050036CF01F4
S2050036D013E1
S2050036D1F7FC
S2050036D217DB
S2050036D300F1
S2050036D423CD
S2050036D522CD
S2050036D6D11D
S2050036D700ED
S2050036D86389
S2050036D90CDF
S2050036DA07E3
S2050036DB0EDB
S2050036DC13D5
S2050036DD07E0
S2050036DE00E6
S2050036DF03E2
S2050036E023C1
S2050036E126BD
S2050036E2E101
S2050036E300E1
S2050036E413CD
S2050036E5F7E8
S2050036E627B7
S2050036E700DD
S2050036E89349
S2050036E9FBE0
S2050036EA07D3
S2050036EB02D7
S2050036EC6375
S2050036ED0ACD
S2050036EE07CF
S2050036EF00D5
S2050036F06F65
S2050036F1F0E3
S2050036F29F33
S2050036F3E7EA
S2050036F4B719
S2050036F50AC5
S2050036F610BE
S2050036F700CD
S2050036F89339
S2050036F98A41
S2050036FACA00
S2050036FB5A6F
S2050036FC6F59
S2050036FDF0D7
S2050036FE5F67
S2050036FFE4E1
S20500370023A0
S205003701249E
S20500370201C0
S20500370300C0
S2050037046F50
S205003705F0CE
S2050037069F1E
S205003707E8D4
S2050037082398
S2050037092A90
S20500370A9128
S20500370B07B1
S20500370C13A4
S20500370D8531
S20500370E09AC
S20500370F00B4
S20500371013A0
S2050037110DA5
S20500371200B1
S20500371300B0
S205003714931C
S2050037150DA1
S205003716C1EC
S20500371701AB
S2050037189318
S2050037198525
S20500371A04A5
S20500371B00A8
S20500371C1394
S20500371D0A9C
S20500371E05A0
S20500371F00A4
S205003720EFB4
S205003721F0B2
S205003722CFD2
S2050037239A06
S205003724336C
S2050037258519
S205003726AAF3
S205003727009C
S2050037288318
S2050037294654
S20500372A0594
S20500372B0098
S20500372C9304
S20500372D098D
S20500372E0D88
S20500372F0094
S2050037301380
S2050037310D85
S2050037321D74
S2050037330090
S205003734B3DC
S2050037358C02
S205003736ADE0
S205003737018B
S20500373893F8
S2050037398505
S20500373A0485
S20500373B0088
S20500373C1374
S20500373D0581
S20500373E0A7B
S20500373F0084
S205003740A3E0
S2050037418FF3
S205003742DCA5
S205003743FE82
S205003744EF90
S205003745F08E
S2050037460F6E
S20500374794E8
S205003748E398
S2050037497802
S20500374A9ADF
S20500374BFC7C
S20500374C83F4
S20500374D2C4A
S20500374E4134
S20500374F076D
S2050037506F04
S205003751F082
S205003752DF92
S205003753E68A
S20500375493DC
S2050037550767
S205003756B0BD
S205003757026A
S2050037581358
S2050037590961
S20500375AF970
S20500375BFF69
S20500375C2344
S20500375D2442
S20500375EF174
S20500375F0064
S2050037606FF4
S205003761F072
S205003762DF82
S205003763E27E
S205003764134C
S2050037650757
S205003766005D
S2050037670359
S2050037682338
S205003769005A
S20500376AE475
S20500376B0058
S20500376C1344
S20500376D074F
S20500376E80D5
S20500376F074D
S205003770A3B0
S2050037710052
S205003772E46D
S2050037730050
S205003774133C
S205003775044A
S2050037762429
S205003777004C
S2050037786FDC
S205003779F05A
S20500377ADF6A
S20500377BE95F
S20500377CB394
S20500377D093D
S20500377E3015
S20500377F4103
S2050037801330
S2050037810939
S205003782F948
S205003783FF41
S20500378463DC
S20500378598A6
S2050037860B32
S205003787023A
S20500378893A8
S2050037890733
S20500378AD069
S20500378B0236
S20500378C2314
S20500378D2A0C
S20500378E91A4
S20500378F072D
S2050037902310
S205003791240E
S205003792F140
S2050037930030
S2050037946FC0
S205003795F03E
S2050037969F8E
S205003797F735
S2050037981318
S2050037990921
S20500379AE940
S20500379BFF29
S20500379C9394
S20500379D0B1B
S20500379E0025
S20500379F0222
S2050037A06FB4
S2050037A1F032
S2050037A29F82
S2050037A3E040
S2050037A4130C
S2050037A50717
S2050037A6001D
S2050037A70319
S2050037A823F8
S2050037A9001A
S2050037AAE435
S2050037AB0018
S2050037AC1304
S2050037AD0412
S2050037AE1401
S2050037AF0014
S2050037B06FA4
S2050037B1F022
S2050037B25FB2
S2050037B3E62A
S2050037B4937C
S2050037B50707
S2050037B6D03D
S2050037B7020A
S2050037B823E8
S2050037B924E6
S2050037BAF118
S2050037BB0008
S2050037BC6F98
S2050037BDF016
S2050037BE5FA6
S2050037BFDD27
S2050037C013F0
S2050037C109F9
S2050037C2F908
S2050037C3FF01
S2050037C46F90
S2050037C5F00E
S2050037C61FDE
S2050037C7E715
S2050037C813E8
S2050037C909F1
S2050037CAF900
S2050037CBFFF9
S2050037CC6F88
S2050037CDF006
S2050037CE5F96
S2050037CFE212
S2050037D013E0
S2050037D107EB
S2050037D200F1
S2050037D302EE
S2050037D423CC
S2050037D522CC
S2050037D601EC
S2050037D700EC
S2050037D823C8
S2050037D926C4
S2050037DAE108
S2050037DB00E8
S2050037DC6F78
S2050037DDF0F6
S2050037DE1FC6
S2050037DFD80C
S2050037E013D0
S2050037E101E1
S2050037E201E0
S2050037E3EFF1
S2050037E423BC
S2050037E526B8
S2050037E611CC
S2050037E710CC
S2050037E823B8
S2050037E922B8
S2050037EA9148
S2050037EB10C8
S2050037EC8354
S2050037EDC70F
S2050037EE05D0
S2050037EF00D4
S2050037F023B0
S2050037F124AE
S2050037F2A130
S2050037F300D0
S2050037F4E3EC
S2050037F58E40
S2050037F607C6
S2050037F73E8E
S2050037F8B714
S2050037F908C2
S2050037FA10B9
S2050037FB00C8
S2050037FC23A4
S2050037FD24A2
S2050037FE8144
S2050037FF10B4
S205003800239F
S20500380120A1
S205003802219F
S20500380311AE
S205003804239B
S2050038052E8F
S205003806318B
S2050038070FAC
S2050038082397
S2050038092C8D
S20500380A4177
S20500380B0FA8
S20500380C2393
S20500380D2A8B
S20500380E5163
S20500380F0FA4
S205003810238F
S2050038112889
S205003812614F
S2050038130FA0
S205003814238B
S2050038152687
S205003816713B
S2050038170F9C
S2050038182387
S2050038192485
S20500381A8127
S20500381B0F98
S20500381C2383
S20500381D2283
S20500381E9113
S20500381F0F94
S205003820237F
S2050038212081
S205003822A1FF
S2050038230F90
S205003824237B
S2050038252E6F
S205003826B1EB
S2050038270D8E
S2050038281387
S2050038298415
S20500382A0593
S20500382B0097
S20500382C9303
S20500382D0B8A
S20500382E068E
S20500382F0093
S20500383093FF
S205003831048D
S205003832058B
S205003833008F
S20500383493FB
S2050038350984
S205003836503C
S2050038370289
S2050038381377
S2050038390B7E
S20500383A0088
S20500383B0186
S20500383C1373
S20500383D89FC
S20500383EC8BC
S20500383F5D26
S20500384093EF
S2050038410A77
S20500384290F0
S205003843007F
S205003844136B
S2050038450A73
S205003846E09C
S2050038470279
S2050038486317
S20500384980F9
S20500384A3741
S20500384B0770
S20500384C2353
S20500384D80F5
S20500384EF480
S20500384F0073
S20500385083EF
S205003851472A
S205003852145C
S205003853006F
S20500385493DB
S20500385584E9
S2050038561458
S205003857006B
S2050038581357
S2050038590465
S20500385A1454
S20500385B0067
S20500385CE383
S20500385D96CF
S20500385E075D
S20500385FFE65
S205003860035F
S205003861243D
S20500386281DF
S205003863104F
S205003864035B
S2050038652934
S205003866015B
S205003867104B
S20500386883D7
S2050038692930
S20500386AC197
S20500386B0F48
S20500386C0353
S20500386D2A2B
S20500386E81D3
S20500386F0F44
S20500387083CF
S2050038712A27
S205003872410F
S2050038730F40
S205003874034B
S2050038752B22
S205003876014B
S2050038770F3C
S20500387883C7
S2050038792B1E
S20500387AC187
S20500387B0E39
S20500387C0343
S20500387D2C19
S20500387E81C3
S20500387F0E35
S20500388083BF
S2050038812C15
S20500388241FF
S2050038830E31
S205003884033B
S2050038852D10
S205003886013B
S2050038870E2D
S20500388883B7
S2050038892D0C
S20500388AC177
S20500388B0D2A
S20500388C2313
S20500388D80B5
S20500388E0430
S20500388F0033
S20500389083AF
S205003891270A
S20500389281AF
S205003893002F
S20500389483AB
S205003895200D
S205003896C16B
S205003897101B
S20500389833F7
S20500389985A4
S20500389AF434
S20500389B40E7
S20500389C83A3
S20500389D2401
S20500389E41E3
S20500389F1013
S2050038A0130F
S2050038A10120
S2050038A2011F
S2050038A3110E
S2050038A467B7
S2050038A5809D
S2050038A6001C
S2050038A7001B
S2050038A89387
S2050038A90712
S2050038AA0018
S2050038AB0017
S2050038AC0313
S2050038AD48CD
S2050038AE1400
S2050038AF0013
S2050038B0937F
S2050038B10C05
S2050038B214FC
S2050038B3000F
S2050038B413FB
S2050038B50706
S2050038B60804
S2050038B7FE0D
S2050038B813F7
S2050038B97792
S2050038BAF711
S2050038BB0FF8
S2050038BC63A3
S2050038BD6A9B
S2050038BEEB19
S2050038BF0003
S2050038C013EF
S2050038C117EA
S2050038C227D9
S2050038C300FF
S2050038C433CB
S2050038C507F6
S2050038C627D5
S2050038C701FA
S2050038C803F7
S2050038C927D2
S2050038CA07F1
S2050038CB00F7
S2050038CC678F
S2050038CD00F5
S2050038CE07ED
S2050038CF00F3
S2050038D013DF
S2050038D107EA
S2050038D208E8
S2050038D3FDF2
S2050038D413DB
S2050038D57776
S2050038D6F7F5
S2050038D70FDC
S2050038D86387
S2050038D9FEEB
S2050038DAEAFE
S2050038DB10D7
S2050038DC13D3
S2050038DD07DE
S2050038DEA044
S2050038DF02E1
S2050038E013CF
S2050038E10DD4
S2050038E2F0F0
S2050038E3FFE0
S2050038E4637B
S2050038E502DB
S2050038E6E8F4
S2050038E714C7
S2050038E89347
S2050038E90DCC
S2050038EAF0E8
S2050038EBFFD8
S2050038EC6373
S2050038ED0EC7
S2050038EE488C
S2050038EF0DC6
S2050038F013BF
S2050038F1775A
S2050038F2F8D8
S2050038F30DC2
S2050038F4933B
S2050038F506C7
S2050038F6C00C
S2050038F704C7
S2050038F86367
S2050038F90EBB
S2050038FAD7F1
S2050038FB08BF
S2050038FC13B3
S2050038FD07BE
S2050038FEF8CC
S2050038FFFBC8
S20500390013AE
S2050039017749
S205003902F7C8
S2050039030FAF
S205003904932A
S20500390506B6
S205003906704B
S20500390703B7
S2050039086356
S205003909ECCC
S20500390AE6D1
S20500390B04B2
S20500390CB7FE
S20500390D06AE
S20500390E10A3
S20500390F00B2
S205003910139E
S2050039111799
S2050039122788
S20500391300AE
S205003914931A
S2050039158626
S20500391606A5
S2050039176248
S2050039183376
S20500391907A1
S20500391AD7D0
S20500391B00A6
S20500391C03A2
S20500391D277D
S20500391E079C
S20500391F00A2
S205003920673A
S20500392100A0
S2050039220798
S205003923009E
S205003924930A
S205003925E7B5
S2050039261784
S205003927009A
S2050039281386
S2050039298414
S20500392A0C8B
S20500392B0096
S20500392C6F26
S20500392DF0A4
S20500392E1F74
S20500392FF89A
S20500393093FE
S205003931E7A9
S2050039320788
S205003933018D
S205003934137A
S2050039358408
S2050039360C7F
S205003937008A
S2050039386F1A
S205003939F098
S20500393A5F28
S20500393BF78F
S20500393C93F2
S20500393DE79D
S20500393E473C
S20500393F0082
S205003940136E
S20500394184FC
S2050039420C73
S205003943007E
S2050039446F0E
S205003945F08C
S2050039469FDC
S205003947F684
S20500394893E6
S205003949E791
S20500394A0770
S20500394B0274
S20500394C1362
S20500394D84F0
S20500394E0C67
S20500394F0072
S2050039506F02
S205003951F080
S205003952DF90
S205003953F579
S20500395493DA
S205003955E785
S20500395687E4
S205003957006A
S2050039581356
S20500395984E4
S20500395A0C5B
S20500395B0066
S20500395C6FF6
S20500395DF074
S20500395E1F44
S20500395FF56D
S205003960134E
S2050039618CD4
S2050039620C53
S205003963005E
S20500396493CA
S2050039650755
S205003966500B
S2050039670258
S20500396863F6
S2050039690A4E
S20500396AF85F
S20500396B0056
S20500396C2332
S20500396D80D4
S20500396EF45F
S20500396F0052
S205003970034E
S2050039714808
S2050039720C43
S205003973004E
S20500397493BA
S20500397584C8
S2050039761437
S205003977004A
S205003978E366
S2050039790444
S20500397A083F
S20500397BEE58
S20500397C2322
S20500397D80C4
S20500397E043F
S20500397F0141
S20500398083BE
S20500398147F9
S2050039821C23
S205003983003E
S205003984132A
S2050039850438
S2050039861C1F
S205003987003A
S20500398893A6
S20500398984B4
S20500398A1423
S20500398B0036
S20500398CE352
S20500398D9E96
S20500398E072C
S20500398FEA48
S2050039906FC2
S205003991F040
S2050039921F10
S205003993ED41
S205003994939A
S2050039950527
S2050039960823
S205003997002A
S2050039980326
S205003999C860
S20500399A1C0B
S20500399B0026
S20500399C9392
S20500399D061E
S20500399E70B3
S20500399F031F
S2050039A0130E
S2050039A18C94
S2050039A21C03
S2050039A3001E
S2050039A4130A
S2050039A50715
S2050039A6F823
S2050039A7FB1F
S2050039A81306
S2050039A977A1
S2050039AAF720
S2050039AB0F07
S2050039ACE332
S2050039ADEC28
S2050039AEE62D
S2050039AFFA18
S2050039B0B75A
S2050039B1060A
S2050039B210FF
S2050039B3000E
S2050039B413FA
S2050039B517F5
S2050039B627E4
S2050039B7000A
S2050039B89376
S2050039B98682
S2050039BA0601
S2050039BB7096
S2050039BC33D2
S2050039BD07FD
S2050039BED72C
S2050039BF0002
S2050039C003FE
S2050039C127D9
S2050039C207F8
S2050039C300FE
S2050039C46796
S2050039C500FC
S2050039C607F4
S2050039C700FA
S2050039C803F6
S2050039C9C830
S2050039CA1CDB
S2050039CB00F6
S2050039CC13E2
S2050039CD06EE
S2050039CE9063
S2050039CF00F2
S2050039D0935E
S2050039D1866A
S2050039D21CD3
S2050039D300EE
S2050039D413DA
S2050039D507E5
S2050039D608E3
S2050039D7FDED
S2050039D813D6
S2050039D97771
S2050039DAF7F0
S2050039DB0FD7
S2050039DC6382
S2050039DD7074
S2050039DEE6FD
S2050039DF0AD8
S2050039E013CE
S2050039E107D9
S2050039E2A03F
S2050039E302DC
S2050039E4637A
S2050039E50CD0
S2050039E6E8F3
S2050039E70CCE
S2050039E89346
S2050039E98C4C
S2050039EA06D1
S2050039EB00D6
S2050039EC9342
S2050039ED0DC7
S2050039EE00D3
S2050039EF00D2
S2050039F06F62
S2050039F1F0E0
S2050039F21FB0
S2050039F3F0DE
S2050039F413BA
S2050039F50DBF
S2050039F600CB
S2050039F700CA
S2050039F89336
S2050039F906C2
S2050039FA9037
S2050039FB00C6
S2050039FC13B2
S2050039FD17AD
S2050039FE2D96
S2050039FF00C2
S205003A00338D
S205003A0107B8
S205003A02A717
S205003A0301BC
S205003A049329
S205003A058C2F
S205003A061C9E
S205003A0700B9
S205003A0813A5
S205003A0917A0
S205003A0A179F
S205003A0B00B5
S205003A0C3381
S205003A0D07AC
S205003A0E07AB
S205003A0F01B0
S205003A1003AD
S205003A11C8E7
S205003A120CA2
S205003A1300AD
S205003A141399
S205003A150D9E
S205003A1607A3
S205003A17FDAC
S205003A181395
S205003A1907A0
S205003A1A089E
S205003A1BFDA8
S205003A1C1391
S205003A1D772C
S205003A1EF7AB
S205003A1F0F92
S205003A20E3BD
S205003A21FEA1
S205003A22E6B8
S205003A23FCA1
S205003A246F2D
S205003A25F0AB
S205003A265F3B
S205003A27ECAD
S205003A280395
S205003A29ADEA
S205003A2A0B8B
S205003A2B0095
S205003A2C0391
S205003A2D484B
S205003A2E246E
S205003A2F0091
S205003A3093FD
S205003A310C83
S205003A32246A
S205003A33008D
S205003A3493F9
S205003A358B00
S205003A364B3F
S205003A370089
S205003A38E3A5
S205003A39582F
S205003A3A0D79
S205003A3BEA9B
S205003A3C3351
S205003A3D0D76
S205003A3EA0E2
S205003A3F4140
S205003A4093ED
S205003A41E798
S205003A420777
S205003A43017C
S205003A446F0D
S205003A45F08B
S205003A465F1B
S205003A47EA8F
S205003A481365
S205003A498CEB
S205003A4A0C6A
S205003A4B0075
S205003A4C1361
S205003A4D066D
S205003A4EA0D2
S205003A4F0071
S205003A5083ED
S205003A51A5CA
S205003A520B63
S205003A53006D
S205003A5493D9
S205003A558BE0
S205003A564B1F
S205003A570069
S205003A581355
S205003A5985E2
S205003A5A0462
S205003A5B0065
S205003A5C1351
S205003A5D87DC
S205003A5E0D55
S205003A5F0061
S205003A6093CD
S205003A610659
S205003A620D51
S205003A63005D
S205003A64EF6D
S205003A65F06B
S205003A665FFB
S205003A67A8B1
S205003A6883D5
S205003A694710
S205003A6A1C3A
S205003A6B0055
S205003A6C93C1
S205003A6D044F
S205003A6E054D
S205003A6F0051
S205003A70133D
S205003A71044B
S205003A721C32
S205003A73004D
S205003A74E369
S205003A759AB1
S205003A760743
S205003A77DC6D
S205003A786FD9
S205003A79F057
S205003A7A9FA7
S205003A7BDE67
S205003A7C93B1
S205003A7D0E35
S205003A7E0042
S205003A7F0041
S205003A80132D
S205003A8197A8
S205003A822E10
S205003A83003D
S205003A843309
S205003A850734
S205003A86D763
S205003A870138
S205003A8893A5
S205003A8986B1
S205003A8A1620
S205003A8B0035
S205003A8C1321
S205003A8D171C
S205003A8E171B
S205003A8F0031
S205003A9033FD
S205003A910728
S205003A920727
S205003A93012C
S205003A940329
S205003A95C863
S205003A960624
S205003A970029
S205003A989395
S205003A990E19
S205003A9A071F
S205003A9BFD28
S205003A9C1311
S205003A9D071C
S205003A9E081A
S205003A9FFD24
S205003AA0130D
S205003AA177A8
S205003AA2F727
S205003AA30F0E
S205003AA4E339
S205003AA57E9D
S205003AA6E634
S205003AA7FC1D
S205003AA81305
S205003AA9C750
S205003AAAFE18
S205003AABFF16
S205003AAC1301
S205003AAD57BC
S205003AAEF71B
S205003AAF41D0
S205003AB0B35D
S205003AB1FD12
S205003AB2EE20
S205003AB3000D
S205003AB49379
S205003AB58C7F
S205003AB60604
S205003AB70009
S205003AB86F99
S205003AB9F017
S205003ABA9F67
S205003ABBE322
S205003ABC8381
S205003ABDAD56
S205003ABE0BF7
S205003ABF0001
S205003AC003FD
S205003AC1C837
S205003AC22CD2
S205003AC300FD
S205003AC49369
S205003AC58B70
S205003AC64BAF
S205003AC700F9
S205003AC813E5
S205003AC9C730
S205003ACAFDF9
S205003ACBFFF6
S205003ACC13E1
S205003ACD579C
S205003ACEF7FB
S205003ACF41B0
S205003AD0B33D
S205003AD1FDF2
S205003AD2ED01
S205003AD300ED
S205003AD49359
S205003AD58C5F
S205003AD62CBE
S205003AD700E9
S205003AD86F79
S205003AD9F0F7
S205003ADA9F47
S205003ADBE104
S205003ADC13D1
S205003ADD07DC
S205003ADEC022
S205003ADF06DB
S205003AE0934D
S205003AE1E7F8
S205003AE227B7
S205003AE300DD
S205003AE4E3F9
S205003AE58457
S205003AE6E5F5
S205003AE7F6E3
S205003AE813C5
S205003AE98750
S205003AEA4B8B
S205003AEB00D5
S205003AEC8351
S205003AEDA52E
S205003AEE0BC7
S205003AEF00D1
S205003AF013BD
S205003AF106C9
S205003AF2A02E
S205003AF300CD
S205003AF49339
S205003AF50BC0
S205003AF607C3
S205003AF700C9
S205003AF86F59
S205003AF9F0D7
S205003AFA1FA7
S205003AFBF6CF
S205003AFC13B1
S205003AFD8C37
S205003AFE0CB6
S205003AFF00C1
S205003B0013AC
S205003B0106B8
S205003B02803D
S205003B0300BC
S205003B046F4C
S205003B05F0CA
S205003B06DFDA
S205003B07F4C4
S205003B0813A4
S205003B098C2A
S205003B0A0CA9
S205003B0B00B4
S205003B0C13A0
S205003B0D06AC
S205003B0E00B1
S205003B0F01AF
S205003B106F40
S205003B11F0BE
S205003B121F8E
S205003B13F4B8
S205003B141398
S205003B158C1E
S205003B160C9D
S205003B1700A8
S205003B1803A4
S205003B19A402
S205003B1A0B9A
S205003B1B00A4
S205003B1C9310
S205003B1D8B17
S205003B1E4B56
S205003B1F00A0
S205003B20E3BC
S205003B21049A
S205003B220499
S205003B232E6E
S205003B240398
S205003B254753
S205003B260495
S205003B270098
S205003B28E3B4
S205003B290492
S205003B2A078E
S205003B2B385C
S205003B2CE3B0
S205003B2D8210
S205003B2E0D84
S205003B2F3858
S205003B30137C
S205003B310787
S205003B320489
S205003B33008C
S205003B346F1C
S205003B35008A
S205003B36C0C9
S205003B370088
S205003B38B3D4
S205003B390680
S205003B3AB7CE
S205003B3B4143
S205003B3C6320
S205003B3D88FA
S205003B3E86FB
S205003B3F0080
S205003B4083FC
S205003B414638
S205003B421766
S205003B43007C
S205003B441368
S205003B450773
S205003B461762
S205003B470078
S205003B48E394
S205003B4998DE
S205003B4A066F
S205003B4BFE76
S205003B4C93E0
S205003B4DF77B
S205003B4E076A
S205003B4F016F
S205003B50B3BC
S205003B510C62
S205003B5287E6
S205003B53402C
S205003B546308
S205003B558AE0
S205003B560762
S205003B570A5E
S205003B586304
S205003B595214
S205003B5A90D5
S205003B5B095B
S205003B5C93D0
S205003B5D87DB
S205003B5EFC65
S205003B5FFF61
S205003B60134C
S205003B610757
S205003B6260FD
S205003B63005C
S205003B64E378
S205003B6574E6
S205003B66F762
S205003B670A4E
S205003B68B3A4
S205003B69E76F
S205003B6A84D1
S205003B6B0054
S205003B6C93C0
S205003B6DF75B
S205003B6E371A
S205003B6F0050
S205003B70E36C
S205003B719EB0
S205003B720746
S205003B730844
S205003B7493B8
S205003B750743
S205003B761435
S205003B770048
S205003B783314
S205003B7987BF
S205003B7AF451
S205003B7B4004
S205003B7C1330
S205003B7D370B
S205003B7E370A
S205003B7F0040
S205003B80E35C
S205003B811826
S205003B820736
S205003B830834
S205003B8493A8
S205003B85F545
S205003B86CC6D
S205003B87FF39
S205003B8893A4
S205003B8987AF
S205003B8A0431
S205003B8B0034
S205003B8C3300
S205003B8D062C
S205003B8EB47D
S205003B8F0030
S205003B90032C
S205003B912707
S205003B920429
S205003B93002C
S205003B941318
S205003B950426
S205003B9644E5
S205003B970028
S205003B989394
S205003B99879F
S205003B9A47DE
S205003B9B0024
S205003B9C2300
S205003B9DAE74
S205003B9EE73A
S205003B9FFE22
S205003BA0E33C
S205003BA11806
S205003BA28697
S205003BA3FE1E
S205003BA433E8
S205003BA58793
S205003BA6B465
S205003BA70018
S205003BA8B364
S205003BA98690
S205003BAA9481
S205003BAB0113
S205003BAC63B0
S205003BAD868C
S205003BAE957C
S205003BAF030D
S205003BB0030C
S205003BB145C9
S205003BB20607
S205003BB3000C
S205003BB49378
S205003BB58783
S205003BB615F4
S205003BB70008
S205003BB823E4
S205003BB90006
S205003BBAA75E
S205003BBB0004
S205003BBC63A0
S205003BBDDE24
S205003BBE976A
S205003BBF01FF
S205003BC0837C
S205003BC147B7
S205003BC216E7
S205003BC300FC
S205003BC49368
S205003BC58575
S205003BC625D4
S205003BC700F8
S205003BC8A354
S205003BC900F6
S205003BCAF7FE
S205003BCB00F4
S205003BCC6390
S205003BCDD61C
S205003BCE955C
S205003BCF01EF
S205003BD0836C
S205003BD147A7
S205003BD226C7
S205003BD300EC
S205003BD423C8
S205003BD501E9
S205003BD6F7F2
S205003BD700E8
S205003BD89354
S205003BD98462
S205003BDA06DF
S205003BDB00E4
S205003BDC13D0
S205003BDD04DE
S205003BDE1CC5
S205003BDF00E0
S205003BE0E3FC
S205003BE1DA04
S205003BE2AC31
S205003BE33D9F
S205003BE4B328
S205003BE50CCE
S205003BE69D3C
S205003BE74197
S205003BE813C4
S205003BE98551
S205003BEA04D1
S205003BEB00D4
S205003BEC13C0
S205003BED864C
S205003BEE0CC5
S205003BEF00D0
S205003BF0933C
S205003BF105C9
S205003BF200CD
S205003BF302CA
S205003BF4EFDC
S205003BF5E0EA
S205003BF65F6A
S205003BF7F6D2
S205003BF88344
S205003BF9477F
S205003BFA1CA9
S205003BFB00C4
S205003BFCB310
S205003BFD843E
S205003BFE942D
S205003BFF01BF
S205003C00E3DB
S205003C019429
S205003C0207B5
S205003C03C4F7
S205003C046F4B
S205003C05F0C9
S205003C06DFD9
S205003C07C5F2
S205003C08E3D3
S205003C09D4E1
S205003C0AAC08
S205003C0B3380
S205003C0CB3FF
S205003C0D0DA4
S205003C0E9D13
S205003C0F416E
S205003C10139B
S205003C118528
S205003C1204A8
S205003C1300AB
S205003C141397
S205003C158623
S205003C160D9B
S205003C1700A7
S205003C189313
S205003C1905A0
S205003C1A00A4
S205003C1B02A1
S205003C1CEFB3
S205003C1DE0C1
S205003C1EDFC1
S205003C1FF3AC
S205003C20138B
S205003C218D10
S205003C22FCA0
S205003C23FF9C
S205003C24B3E7
S205003C258415
S205003C26B4E4
S205003C270196
S205003C286F27
S205003C29F0A5
S205003C2A1F75
S205003C2BF3A0
S205003C2C137F
S205003C2D8C05
S205003C2E0C84
S205003C2F008F
S205003C3093FB
S205003C318B02
S205003C327B11
S205003C33008B
S205003C3493F7
S205003C35FB8E
S205003C368BFD
S205003C37FF88
S205003C3893F3
S205003C39F68F
S205003C3A077D
S205003C3B0182
S205003C3C037F
S205003C3DA8D9
S205003C3E0B75
S205003C3F007F
S205003C40037B
S205003C41A4D9
S205003C424B31
S205003C43007B
S205003C4493E7
S205003C458BEE
S205003C468BED
S205003C470077
S205003C486313
S205003C4984F1
S205003C4A066E
S205003C4B7EF5
S205003C4C93DF
S205003C4DF77A
S205003C4EE789
S205003C4FFF70
S205003C5093DB
S205003C51EC81
S205003C522745
S205003C53006B
S205003C5493D7
S205003C550762
S205003C560068
S205003C570166
S205003C582343
S205003C59263F
S205003C5AF173
S205003C5B0063
S205003C5C93CF
S205003C5D075A
S205003C5E0060
S205003C5F025D
S205003C60233B
S205003C612A33
S205003C62F16B
S205003C63005B
S205003C641347
S205003C650554
S205003C660850
S205003C670057
S205003C6893C3
S205003C690550
S205003C6A0450
S205003C6B0053
S205003C6C133F
S205003C6D064B
S205003C6E0050
S205003C6F004F
S205003C7093BB
S205003C710647
S205003C72004C
S205003C73004B
S205003C742327
S205003C752821
S205003C760147
S205003C770146
S205003C78EF57
S205003C79D075
S205003C7ADF65
S205003C7B9BA8
S205003C7C033F
S205003C7D2819
S205003C7E013F
S205003C7F013E
S205003C80E35B
S205003C814AF3
S205003C820537
S205003C83300B
S205003C8493A7
S205003C85F742
S205003C864CEC
S205003C870037
S205003C88E353
S205003C8990A5
S205003C8A072D
S205003C8B2013
S205003C8C939F
S205003C8DF73A
S205003C8E8CA4
S205003C8F002F
S205003C90230B
S205003C912805
S205003C92012B
S205003C93002B
S205003C9463C7
S205003C9588A1
S205003C960721
S205003C970027
S205003C989393
S205003C99071E
S205003C9A0024
S205003C9B0221
S205003C9C130F
S205003C9D0D14
S205003C9EFD23
S205003C9FFF20
S205003CA023FB
S205003CA128F5
S205003CA2F12B
S205003CA3001B
S205003CA49387
S205003CA50712
S205003CA6F028
S205003CA7FF18
S205003CA863B3
S205003CA99481
S205003CAAFD17
S205003CAB0013
S205003CAC937F
S205003CAD0D04
S205003CAE60B0
S205003CAF000F
S205003CB013FB
S205003CB10508
S205003CB20804
S205003CB3000B
S205003CB49377
S205003CB50702
S205003CB60107
S205003CB708FF
S205003CB813F3
S205003CB907FE
S205003CBAC143
S205003CBB0201
S205003CBC936F
S205003CBD05FC
S205003CBE04FC
S205003CBF00FF
S205003CC0936B
S205003CC106F7
S205003CC2817B
S205003CC302F9
S205003CC413E7
S205003CC58673
S205003CC60DEB
S205003CC700F7
S205003CC8EF07
S205003CC910E5
S205003CCA40B4
S205003CCB1DD6
S205003CCC03EF
S205003CCD27CA
S205003CCEC12F
S205003CCF02ED
S205003CD013DB
S205003CD108E5
S205003CD205E7
S205003CD300EB
S205003CD49357
S205003CD507E2
S205003CD601E7
S205003CD703E4
S205003CD86383
S205003CD908DD
S205003CDA07DD
S205003CDB00E3
S205003CDC934F
S205003CDD07DA
S205003CDED010
S205003CDF02DD
S205003CE023BB
S205003CE108D5
S205003CE2F1EB
S205003CE302D9
S205003CE49347
S205003CE507D2
S205003CE611C7
S205003CE703D4
S205003CE803D3
S205003CE9478E
S205003CEA08CC
S205003CEB00D3
S205003CECE3EF
S205003CED04CD
S205003CEE07C9
S205003CEF349B
S205003CF0834B
S205003CF125A8
S205003CF2814B
S205003CF302C9
S205003CF49337
S205003CF506C3
S205003CF618B0
S205003CF700C7
S205003CF813B3
S205003CF905C0
S205003CFAE0E4
S205003CFB02C1
S205003CFCE3DF
S205003CFD526F
S205003CFEB010
S205003CFF3887
S205003D00338A
S205003D018636
S205003D0206B5
S205003D034179
S205003D0413A6
S205003D0506B2
S205003D06F6C1
S205003D07FFB7
S205003D089322
S205003D09862E
S205003D0A169D
S205003D0B00B2
S205003D0CE3CE
S205003D0D842C
S205003D0EC5EA
S205003D0F2C82
S205003D10238A
S205003D11802C
S205003D12E7C4
S205003D1300AA
S205003D1403A6
S205003D15C7E1
S205003D16F6B1
S205003D17FFA7
S205003D189312
S205003D19871D
S205003D1A178C
S205003D1B00A2
S205003D1CE3BE
S205003D1D128E
S205003D1E0798
S205003D1FFEA0
S205003D20237A
S205003D21801C
S205003D220794
S205003D23009A
S205003D249306
S205003D25F7A1
S205003D260C8B
S205003D270294
S205003D28E3B2
S205003D298C08
S205003D2A078C
S205003D2B246E
S205003D2C830E
S205003D2D4749
S205003D2E018E
S205003D2F038B
S205003D30E3AA
S205003D31800C
S205003D320D7E
S205003D331A70
S205003D34E3A6
S205003D358CFC
S205003D360780
S205003D372C5A
S205003D381372
S205003D39067E
S205003D3A0182
S205003D3B037F
S205003D3C93EE
S205003D3D0779
S205003D3E0679
S205003D3F007E
S205003D4093EA
S205003D410676
S205003D42017A
S205003D431367
S205003D446F0A
S205003D450078
S205003D4680F7
S205003D470076
S205003D48E392
S205003D4980F4
S205003D4AD79C
S205003D4B244E
S205003D4C036E
S205003D4DC7A9
S205003D4E1758
S205003D4F006E
S205003D5093DA
S205003D5187E5
S205003D521754
S205003D53006A
S205003D54E386
S205003D551A4E
S205003D560760
S205003D57FE68
S205003D583332
S205003D5984E0
S205003D5AC79C
S205003D5B4022
S205003D5C332E
S205003D5D0D53
S205003D5E8DD2
S205003D5F401E
S205003D6083DA
S205003D612735
S205003D62C19A
S205003D63005A
S205003D6463F6
S205003D6590C8
S205003D660750
S205003D670254
S205003D68E372
S205003D6956FE
S205003D6AA0B3
S205003D6B2B27
S205003D6C133E
S205003D6D064A
S205003D6E0D42
S205003D6F004E
S205003D70133A
S205003D7185C7
S205003D720447
S205003D73004A
S205003D7493B6
S205003D750543
S205003D760047
S205003D770244
S205003D78B392
S205003D7984C0
S205003D7AA49F
S205003D7B0141
S205003D7CEF52
S205003D7DE060
S205003D7EDF60
S205003D7FDD61
S205003D80132A
S205003D810D2F
S205003D82F04B
S205003D83FF3B
S205003D8483B6
S205003D852711
S205003D860136
S205003D870135
S205003D8863D2
S205003D8986AE
S205003D8A072C
S205003D8B0032
S205003D8C230E
S205003D8D80B0
S205003D8EF43B
S205003D8F002E
S205003D90939A
S205003D9184A8
S205003D921417
S205003D93002A
S205003D949396
S205003D95FC2C
S205003D960C1B
S205003D970125
S205003D9863C2
S205003D999094
S205003D9A0C17
S205003D9B0220
S205003D9CE33E
S205003D9D58C8
S205003D9EA07F
S205003D9F2DF1
S205003DA0839A
S205003DA125F7
S205003DA241DA
S205003DA30119
S205003DA41306
S205003DA50612
S205003DA60D0A
S205003DA70016
S205003DA81302
S205003DA9858F
S205003DAA040F
S205003DAB0012
S205003DACEF22
S205003DADE030
S205003DAEDF30
S205003DAFDA34
S205003DB0B35A
S205003DB18488
S205003DB2A467
S205003DB30109
S205003DB413F6
S205003DB50DFB
S205003DB6F017
S205003DB7FF07
S205003DB863A2
S205003DB95CA8
S205003DBA8083
S205003DBB0002
S205003DBC13EE
S205003DBD857B
S205003DBE04FB
S205003DBF00FE
S205003DC013EA
S205003DC106F6
S205003DC204F7
S205003DC300FA
S205003DC49366
S205003DC505F3
S205003DC601F6
S205003DC703F3
S205003DC8EF06
S205003DC9E014
S205003DCADF14
S205003DCBE60C
S205003DCCB33E
S205003DCD846C
S205003DCE846B
S205003DCF00EE
S205003DD0638A
S205003DD15C90
S205003DD2A04B
S205003DD301E9
S205003DD413D6
S205003DD58563
S205003DD604E3
S205003DD700E6
S205003DD813D2
S205003DD906DE
S205003DDA0DD6
S205003DDB00E2
S205003DDC934E
S205003DDD05DB
S205003DDE00DF
S205003DDF02DC
S205003DE0EFEE
S205003DE1E0FC
S205003DE29F3C
S205003DE3D703
S205003DE4B326
S205003DE58454
S205003DE6A433
S205003DE701D5
S205003DE88352
S205003DE9478D
S205003DEA1CB7
S205003DEB00D2
S205003DEC13BE
S205003DED04CC
S205003DEE1CB3
S205003DEF00CE
S205003DF0E3EA
S205003DF19C30
S205003DF207C4
S205003DF3A426
S205003DF46F5A
S205003DF5F0D8
S205003DF6DFE8
S205003DF7A620
S205003DF813B2
S205003DF98C38
S205003DFA0CB7
S205003DFB00C2
S205003DFC932E
S205003DFDF7C9
S205003DFE07B8
S205003DFF01BD
S205003E009329
S205003E018C2F
S205003E024B6F
S205003E0300B9
S205003E0413A5
S205003E0504B3
S205003E061C9A
S205003E0700B5
S205003E08E3D1
S205003E09862D
S205003E0A07AB
S205003E0B00B1
S205003E0C03AD
S205003E0DA708
S205003E0E0BA3
S205003E0F00AD
S205003E109319
S205003E1107A4
S205003E12109A
S205003E1300A9
S205003E141395
S205003E158522
S205003E161492
S205003E1700A5
S205003E182381
S205003E198023
S205003E1AE4BE
S205003E1B00A1
S205003E1CE3BD
S205003E1DD8C7
S205003E1EA7F7
S205003E1F1D80
S205003E201389
S205003E210695
S205003E22FD9D
S205003E23FF9A
S205003E249305
S205003E250592
S205003E260096
S205003E270293
S205003E28EFA5
S205003E29E0B3
S205003E2A1F73
S205003E2BD3BE
S205003E2C830D
S205003E2D4748
S205003E2E1C72
S205003E2F008D
S205003E30B3D9
S205003E318407
S205003E32A4E6
S205003E330188
S205003E3493F5
S205003E358BFC
S205003E360C7A
S205003E370085
S205003E38E3A1
S205003E3998EB
S205003E3A077B
S205003E3BA0E1
S205003E3C6F11
S205003E3DF08F
S205003E3E5F1F
S205003E3FA2DB
S205003E401369
S205003E418CEF
S205003E420C6E
S205003E430079
S205003E441365
S205003E450770
S205003E46F086
S205003E47FF76
S205003E486311
S205003E49165D
S205003E4AED85
S205003E4B0071
S205003E4C93DD
S205003E4DE788
S205003E4E1757
S205003E4F006D
S205003E501359
S205003E510D5E
S205003E5280EA
S205003E530069
S205003E5483E5
S205003E55A5C2
S205003E560B5B
S205003E570065
S205003E581351
S205003E5985DE
S205003E5A045E
S205003E5B0061
S205003E5C134D
S205003E5D87D8
S205003E5E0D51
S205003E5F005D
S205003E6093C9
S205003E610655
S205003E620D4D
S205003E630059
S205003E641345
S205003E650651
S205003E660056
S205003E670154
S205003E68EF65
S205003E69F063
S205003E6A0F43
S205003E6BE869
S205003E6C83CD
S205003E6D4708
S205003E6E1C32
S205003E6F004D
S205003E7093B9
S205003E718BC0
S205003E724BFF
S205003E730049
S205003E7493B5
S205003E750443
S205003E760541
S205003E770045
S205003E781331
S205003E79043F
S205003E7A1C26
S205003E7B0041
S205003E7CE35D
S205003E7D96A9
S205003E7E0737
S205003E7F9CA1
S205003E806FCD
S205003E81F04B
S205003E821F1B
S205003E839E9B
S205003E8493A5
S205003E85E750
S205003E86072F
S205003E870431
S205003E881321
S205003E89062D
S205003E8A0032
S205003E8B0130
S205003E8C6FC1
S205003E8DF03F
S205003E8E5FCF
S205003E8FBC71
S205003E901319
S205003E910724
S205003E92C06A
S205003E930623
S205003E9463C5
S205003E95889F
S205003E96E541
S205003E975EC7
S205003E9883A1
S205003E99A67D
S205003E9A0B17
S205003E9B0021
S205003E9C130D
S205003E9D8798
S205003E9E4BD3
S205003E9F001D
S205003EA023F9
S205003EA126F5
S205003EA2E139
S205003EA30019
S205003EA48395
S205003EA5CD4A
S205003EA60610
S205003EA70015
S205003EA863B1
S205003EA98A89
S205003EAA0D05
S205003EAB52BF
S205003EAC13FD
S205003EAD0708
S205003EAE30DE
S205003EAF0607
S205003EB063A9
S205003EB154B7
S205003EB2B753
S205003EB36B9E
S205003EB49375
S205003EB50502
S205003EB640C6
S205003EB706FF
S205003EB813F1
S205003EB9857E
S205003EBA0DF5
S205003EBB0001
S205003EBC23DD
S205003EBD2AD5
S205003EBED12D
S205003EBF00FD
S205003EC023D9
S205003EC128D3
S205003EC2F109
S205003EC300F9
S205003EC4EF09
S205003EC5E017
S205003EC6DF17
S205003EC7A352
S205003EC813E1
S205003EC904EF
S205003ECA05ED
S205003ECB00F1
S205003ECC935D
S205003ECD05EA
S205003ECE40AE
S205003ECF06E7
S205003ED013D9
S205003ED18566
S205003ED20DDD
S205003ED300E9
S205003ED4EFF9
S205003ED5E007
S205003ED69F47
S205003ED79A4B
S205003ED837AD
S205003ED907DC
S205003EDA10D2
S205003EDB00E1
S205003EDC934D
S205003EDD0BD4
S205003EDE4797
S205003EDF5885
S205003EE033A9
S205003EE18754
S205003EE2AB2F
S205003EE300D9
S205003EE49345
S205003EE505D2
S205003EE6A036
S205003EE700D5
S205003EE813C1
S205003EE905CE
S205003EEA04CE
S205003EEB00D1
S205003EEC834D
S205003EED4C83
S205003EEE07C7
S205003EEF00CD
S205003EF0EFDD
S205003EF1E0EB
S205003EF2DFEB
S205003EF39831
S205003EF43395
S205003EF58740
S205003EF6AB1B
S205003EF700C5
S205003EF803C1
S205003EF9477C
S205003EFA07BB
S205003EFB00C1
S205003EFC932D
S205003EFD05BA
S205003EFEA01E
S205003EFF00BD
S205003F0013A8
S205003F0105B5
S205003F0204B5
S205003F0300B8
S205003F0413A4
S205003F05179F
S205003F06872E
S205003F0700B4
S205003F08B300
S205003F09ECC6
S205003F0AECC5
S205003F0B00B0
S205003F0C238C
S205003F0D109E
S205003F0E911C
S205003F0F09A3
S205003F10EFBC
S205003F11E0CA
S205003F121F8A
S205003F139F09
S205003F148324
S205003F15277F
S205003F1601A4
S205003F1701A3
S205003F188320
S205003F19267C
S205003F1A4160
S205003F1B019F
S205003F1C930C
S205003F1D0D91
S205003F1E0598
S205003F1F009C
S205003F201388
S205003F210793
S205003F224059
S205003F230098
S205003F249304
S205003F250C8A
S205003F263065
S205003F270094
S205003F281380
S205003F29068C
S205003F2A2071
S205003F2B0090
S205003F2CB3DC
S205003F2D8D01
S205003F2EBBD2
S205003F2F018B
S205003F308308
S205003F31C5C5
S205003F320D7C
S205003F330088
S205003F341374
S205003F350680
S205003F36067F
S205003F370B79
S205003F381370
S205003F39057D
S205003F3A0180
S205003F3B027E
S205003F3C334C
S205003F3D0678
S205003F3EA6D7
S205003F3F007C
S205003F402358
S205003F410872
S205003F42B6C3
S205003F43FA7E
S205003F441364
S205003F4586F0
S205003F460C69
S205003F470B69
S205003F4893E0
S205003F49056D
S205003F4A0170
S205003F4B026E
S205003F4CB3BC
S205003F4D0D61
S205003F4EB6B7
S205003F4F006C
S205003F501358
S205003F510664
S205003F52E089
S205003F530266
S205003F542344
S205003F5588DE
S205003F56CD98
S205003F57FA6A
S205003F580360
S205003F59C49E
S205003F5A164B
S205003F5B0060
S205003F5C63FC
S205003F5D0A54
S205003F5E0459
S205003F5F3E1E
S205003F601348
S205003F610654
S205003F623029
S205003F630652
S205003F6463F4
S205003F655AFC
S205003F6686CF
S205003F6758FC
S205003F682330
S205003F692A28
S205003F6AF160
S205003F6B0050
S205003F6C93BC
S205003F6D0747
S205003F6E0746
S205003F6F0B41
S205003F701338
S205003F710743
S205003F720148
S205003F730246
S205003F743314
S205003F7588BE
S205003F76E75E
S205003F770044
S205003F7893B0
S205003F79053D
S205003F7A4001
S205003F7B063A
S205003F7C132C
S205003F7D0539
S205003F7E0439
S205003F7F003C
S205003F802318
S205003F812C0E
S205003F82D168
S205003F830038
S205003F842314
S205003F85280E
S205003F860134
S205003F870133
S205003F88EF44
S205003F89E052
S205003F8A5FD2
S205003F8B8FA1
S205003F8C37F8
S205003F8D0727
S205003F8E101D
S205003F8F002C
S205003F909398
S205003F910B1F
S205003F9247E2
S205003F9358D0
S205003F9433F4
S205003F9586A0
S205003F96AB7A
S205003F970024
S205003F980320
S205003F9928FA
S205003F9A0120
S205003F9B011F
S205003F9C031C
S205003F9D46D8
S205003F9E0617
S205003F9F001C
S205003FA09388
S205003FA10515
S205003FA240D9
S205003FA30612
S205003FA41304
S205003FA50511
S205003FA60411
S205003FA70014
S205003FA823F0
S205003FA9080A
S205003FAAC849
S205003FABFA16
S205003FACEF20
S205003FADE02E
S205003FAE5FAE
S205003FAF9577
S205003FB013F8
S205003FB18783
S205003FB23CCD
S205003FB30008
S205003FB49374
S205003FB50501
S205003FB6A065
S205003FB70004
S205003FB813F0
S205003FB904FE
S205003FBA05FC
S205003FBB0000
S205003FBC23DC
S205003FBD28D6
S205003FBEE11C
S205003FBF00FC
S205003FC0EF0C
S205003FC1E01A
S205003FC2DF1A
S205003FC38B6D
S205003FC433C4
S205003FC58670
S205003FC6AB4A
S205003FC700F4
S205003FC803F0
S205003FC946AC
S205003FCA06EB
S205003FCB00F0
S205003FCC13DC
S205003FCD05E9
S205003FCE04E9
S205003FCF00EC
S205003FD09358
S205003FD105E5
S205003FD2A049
S205003FD300E8
S205003FD423C4
S205003FD5895D
S205003FD6CD18
S205003FD7FAEA
S205003FD8EFF4
S205003FD9E002
S205003FDA9F42
S205003FDB924E
S205003FDC03DC
S205003FDD27B7
S205003FDE01DC
S205003FDF01DB
S205003FE08358
S205003FE127B3
S205003FE24198
S205003FE301D7
S205003FE48354
S205003FE526B0
S205003FE68154
S205003FE701D3
S205003FE813C0
S205003FE904CE
S205003FEA05CC
S205003FEB00D0
S205003FEC339C
S205003FED844A
S205003FEE8B42
S205003FEF00CC
S205003FF08348
S205003FF14585
S205003FF204C5
S205003FF300C8
S205003FF413B4
S205003FF506C0
S205003FF607BE
S205003FF70BB9
S205003FF813B0
S205003FF905BD
S205003FFA01C0
S205003FFB02BE
S205003FFC338C
S205003FFD06B8
S205003FFEA617
S205003FFF00BC
S2050040009327
S2050040010CAD
S20500400217A1
S20500400300B7
S2050040042393
S20500400508AD
S205004006B6FE
S205004007FAB9
S205004008139F
S205004009872A
S20500400A0CA4
S20500400B0BA4
S20500400C139B
S20500400D06A7
S20500400E01AB
S20500400F02A9
S2050040103377
S20500401108A1
S205004012C7E1
S20500401300A7
S2050040141393
S205004015079E
S205004016E0C4
S20500401702A1
S205004018237F
S2050040190899
S20500401AE8B8
S20500401BFAA5
S20500401C039B
S20500401DC4D9
S20500401E2676
S20500401F009B
S2050040209307
S2050040218D0C
S2050040221C7C
S2050040230097
S2050040246333
S2050040250293
S2050040260490
S205004027365D
S205004028137F
S205004029068B
S20500402A3060
S20500402B0689
S20500402C632B
S20500402D5637
S20500402E8606
S20500402F4645
S2050040301377
S2050040310782
S2050040320187
S2050040330285
S2050040342363
S205004035285D
S205004036F193
S2050040370083
S20500403893EF
S205004039057C
S20500403A4040
S20500403B0679
S20500403C93EB
S20500403D87F6
S20500403E0D6F
S20500403F0B70
S2050040401367
S2050040410574
S2050040420474
S2050040430077
S205004044B3C3
S2050040458DE8
S205004046E78D
S2050040470073
S205004048234F
S2050040492A47
S20500404AD19F
S20500404B006F
S20500404C234B
S20500404D2C41
S20500404E016B
S20500404F016A
S205004050EF7B
S205004051E089
S205004052DF89
S20500405382E5
S205004054372F
S205004055075E
S2050040561054
S2050040570063
S20500405893CF
S2050040590B56
S20500405A4719
S20500405B5807
S20500405C332B
S20500405D86D7
S20500405EABB1
S20500405F005B
S2050040600357
S2050040614712
S2050040620652
S2050040630057
S20500406493C3
S2050040650550
S2050040664014
S205004067064D
S205004068133F
S205004069054C
S20500406A044C
S20500406B004F
S20500406C232B
S20500406D88C5
S20500406EED5F
S20500406FFA51
S205004070EF5B
S205004071E069
S2050040721F29
S20500407389BE
S20500407493B3
S2050040750540
S205004076A0A4
S2050040770043
S205004078132F
S205004079043D
S20500407A053B
S20500407B003F
S20500407CEF4F
S20500407DE05D
S20500407E1F1D
S20500407F80BB
S2050040803307
S20500408187B2
S205004082AB8D
S2050040830037
S2050040840333
S20500408547EE
S205004086072D
S2050040870033
S205004088032F
S2050040892809
S20500408A81AF
S20500408B012E
S20500408C131B
S20500408D0528
S20500408E0428
S20500408F002B
S2050040909397
S2050040910524
S205004092A088
S2050040930027
S2050040942303
S205004095091C
S205004096E83C
S205004097FA29
S205004098EF33
S205004099E041
S20500409A9F81
S20500409B8699
S20500409C839B
S20500409D27F6
S20500409E011B
S20500409F011A
S2050040A08397
S2050040A126F3
S2050040A241D7
S2050040A30116
S2050040A49383
S2050040A58D88
S2050040A63CD8
S2050040A70013
S2050040A813FF
S2050040A9040D
S2050040AA050B
S2050040AB000F
S2050040AC33DB
S2050040AD8489
S2050040AE8B81
S2050040AF000B
S2050040B08387
S2050040B145C4
S2050040B20404
S2050040B30007
S2050040B413F3
S2050040B5877E
S2050040B60DF7
S2050040B70BF8
S2050040B813EF
S2050040B906FB
S2050040BA01FF
S2050040BB02FD
S2050040BC33CB
S2050040BD06F7
S2050040BEC735
S2050040BF00FB
S2050040C09367
S2050040C18C6D
S2050040C21DDB
S2050040C300F7
S2050040C423D3
S2050040C508ED
S2050040C6B63E
S2050040C7FAF9
S2050040C813DF
S2050040C9876A
S2050040CA0CE4
S2050040CB0BE4
S2050040CC13DB
S2050040CD06E7
S2050040CE01EB
S2050040CF02E9
S2050040D033B7
S2050040D106E3
S2050040D2C721
S2050040D300E7
S2050040D413D3
S2050040D507DE
S2050040D6E004
S2050040D702E1
S2050040D823BF
S2050040D908D9
S2050040DAE6FA
S2050040DBFAE5
S2050040DC835B
S2050040DDCD10
S2050040DE36A6
S2050040DF00DB
S2050040E013C7
S2050040E18752
S2050040E21CBC
S2050040E300D7
S2050040E46373
S2050040E58E47
S2050040E60DC7
S2050040E72CA7
S2050040E8933F
S2050040E906CB
S2050040EA30A0
S2050040EB06C9
S2050040EC636B
S2050040EDD2FB
S2050040EEB616
S2050040EF4D7E
S2050040F023A7
S2050040F12A9F
S2050040F2F1D7
S2050040F300C7
S2050040F49333
S2050040F505C0
S2050040F64084
S2050040F706BD
S2050040F8932F
S2050040F907BA
S2050040FA07B9
S2050040FB0BB4
S2050040FC13AB
S2050040FD8538
S2050040FE0DAF
S2050040FF00BB
S20500410013A6
S20500410107B1
S20500410201B6
S20500410302B4
S2050041043382
S2050041058430
S205004106E7CC
S20500410700B2
S205004108238E
S2050041092C84
S20500410AC1EE
S20500410B00AE
S20500410CEFBE
S20500410DE0CC
S20500410E0F9C
S20500410FF7B3
S2050041103772
S20500411107A1
S2050041121097
S20500411300A6
S2050041149312
S2050041150B99
S205004116475C
S205004117584A
S205004118336E
S2050041198719
S20500411AABF4
S20500411B009E
S20500411C039A
S20500411D4755
S20500411E0794
S20500411F009A
S2050041209306
S2050041210593
S2050041224057
S2050041230690
S2050041241382
S205004125850F
S2050041260D86
S2050041270092
S205004128236E
S2050041290888
S20500412AE4AB
S20500412BFA94
S20500412CEF9E
S20500412DE0AC
S20500412E4F3C
S20500412FFD8D
S2050041301376
S2050041318701
S2050041323C4B
S2050041330086
S20500413493F2
S205004135057F
S205004136A0E3
S2050041370082
S205004138235E
S2050041392858
S20500413AE19E
S20500413B007E
S20500413C136A
S20500413D0478
S20500413E0576
S20500413F007A
S205004140EF8A
S205004141E098
S205004142CFA8
S205004143F383
S205004144B3C2
S20500414586EE
S205004146ABC8
S2050041470072
S20500414883EE
S205004149C6AA
S20500414A0669
S20500414B006E
S20500414C036A
S20500414D2646
S20500414E81EA
S20500414F0169
S20500415093D6
S2050041510563
S205004152A0C7
S2050041530066
S2050041541352
S205004155055F
S205004156045F
S2050041570062
S205004158233E
S2050041590957
S20500415AD689
S20500415BFA64
S20500415CEF6E
S20500415DE07C
S20500415E4F0C
S20500415FFA60
S2050041600356
S2050041612731
S2050041620156
S2050041630155
S20500416483D2
S205004165272D
S2050041664112
S2050041670151
S20500416893BE
S2050041690D43
S20500416A054A
S20500416B004E
S20500416CB39A
S20500416D8DBF
S20500416EBB90
S20500416F0149
S2050041700346
S205004171C682
S2050041720D3A
S2050041730046
S20500417493B2
S205004175063E
S205004176073C
S2050041770B37
S20500417893AE
S205004179053B
S20500417A013E
S20500417B023C
S20500417CB38A
S20500417D86B6
S20500417EB685
S20500417F003A
S2050041801326
S2050041810434
S2050041821720
S2050041830036
S2050041842312
S20500418588AC
S205004186C66D
S205004187FA38
S205004188939E
S205004189F739
S20500418A0728
S20500418B012D
S20500418C63CA
S20500418D929A
S20500418E0724
S20500418F0228
S20500419063C6
S2050041915ACE
S205004192A483
S20500419367BF
S20500419433F2
S2050041950D17
S2050041968D96
S20500419740E2
S205004198130E
S205004199061A
S20500419A0D12
S20500419B001E
S20500419C130A
S20500419D8597
S20500419E0417
S20500419F001A
S2050041A09386
S2050041A10513
S2050041A20017
S2050041A30214
S2050041A4B362
S2050041A58490
S2050041A6A46F
S2050041A70111
S2050041A8EF22
S2050041A9E030
S2050041AA1FF0
S2050041AB9B73
S2050041AC13FA
S2050041AD0DFF
S2050041AEF417
S2050041AFFF0B
S2050041B013F6
S2050041B10602
S2050041B20403
S2050041B30006
S2050041B49372
S2050041B505FF
S2050041B60102
S2050041B708FA
S2050041B813EE
S2050041B9857B
S2050041BA04FB
S2050041BB00FE
S2050041BCEF0E
S2050041BDE01C
S2050041BE9F5C
S2050041BFA753
S2050041C033C6
S2050041C18573
S2050041C28473
S2050041C300F6
S2050041C46392
S2050041C554A0
S2050041C6A44F
S2050041C75F93
S2050041C833BE
S2050041C906EA
S2050041CA8D62
S2050041CB40AE
S2050041CC935A
S2050041CD05E7
S2050041CE00EB
S2050041CF02E8
S2050041D0EFFA
S2050041D1E008
S2050041D29F48
S2050041D3984E
S2050041D4B332
S2050041D58460
S2050041D6A43F
S2050041D701E1
S2050041D8835E
S2050041D94799
S2050041DA1CC3
S2050041DB00DE
S2050041DC835A
S2050041DD2BB1
S2050041DEC11A
S2050041DF00DA
S2050041E013C6
S2050041E104D4
S2050041E21CBB
S2050041E300D6
S2050041E46372
S2050041E59242
S2050041E607CC
S2050041E7E6EC
S2050041E86F62
S2050041E9F0E0
S2050041EA8F40
S2050041EBE7E7
S2050041EC13BA
S2050041ED07C5
S2050041EEC00B
S2050041EF06C4
S2050041F09336
S2050041F1E7E1
S2050041F207C0
S2050041F304C2
S2050041F4E3E2
S2050041F59232
S2050041F6E5DE
S2050041F7CAF8
S2050041F8378A
S2050041F907B9
S2050041FA10AF
S2050041FB00BE
S2050041FC03BA
S2050041FDA616
S2050041FE0BB0
S2050041FF00BA
S20500420013A5
S20500420107B0
S205004202C7EF
S2050042035A5B
S2050042049321
S2050042058B28
S2050042064B67
S20500420700B1
S205004208832D
S2050042094669
S20500420A06A8
S20500420B00AD
S20500420C9319
S20500420D05A6
S20500420EA00A
S20500420F03A6
S2050042102385
S20500421101A6
S205004212B1F5
S205004213089D
S2050042141391
S205004215F5AE
S205004216F6AC
S20500421700A1
S205004218336D
S205004219059A
S20500421AA7F7
S20500421B009D
S20500421C9309
S20500421DD6C5
S20500421E4654
S20500421F0099
S2050042200395
S2050042214552
S2050042220591
S2050042230095
S205004224B3E1
S205004225068D
S205004226D7BB
S2050042270091
S205004228830D
S205004229C6C9
S20500422A0688
S20500422B008D
S20500422C1379
S20500422D1576
S20500422E8505
S20500422F0089
S20500423093F5
S205004231F790
S205004232077F
S2050042330184
S205004234B3D1
S205004235E69D
S205004236A6DC
S2050042370081
S205004238235D
S205004239106F
S20500423AD1AD
S20500423B0875
S20500423C83F9
S20500423D4635
S20500423E1664
S20500423F0079
S205004240A3D5
S2050042410275
S205004242B1C5
S205004243086D
S2050042441361
S205004245D59E
S205004246462C
S2050042470071
S20500424893DD
S205004249F679
S20500424AF678
S20500424B006D
S20500424C3339
S20500424D0566
S20500424EA7C3
S20500424F0069
S205004250B3B5
S2050042510661
S205004252D78F
S2050042530065
S2050042540361
S205004255451E
S205004256055D
S2050042570061
S20500425883DD
S205004259C699
S20500425A0658
S20500425B005D
S20500425CA3B9
S20500425D015A
S20500425EA1B9
S20500425F0851
S2050042602335
S2050042610255
S205004262D185
S205004263084D
S20500426483D1
S205004265460D
S205004266262C
S2050042670051
S205004268232D
S205004269044B
S20500426AB19D
S20500426B0845
S20500426C1339
S20500426DD576
S20500426E4604
S20500426F0049
S20500427093B5
S205004271F651
S205004272F650
S2050042730045
S2050042743311
S205004275053E
S205004276A79B
S2050042770041
S205004278B38D
S2050042790639
S20500427AD767
S20500427B003D
S20500427C0339
S20500427D45F6
S20500427E0535
S20500427F0039
S20500428083B5
S205004281C671
S2050042820630
S2050042830035
S2050042842311
S2050042850330
S205004286A191
S2050042870829
S205004288A38D
S205004289032C
S20500428AD15D
S20500428B0825
S20500428C83A9
S20500428D46E5
S20500428E36F4
S20500428F0029
S205004290A385
S2050042910522
S205004292B175
S205004293081D
S2050042941311
S205004295D54E
S20500429646DC
S2050042970021
S205004298938D
S205004299F629
S20500429AF628
S20500429B001D
S20500429C33E9
S20500429D0516
S20500429EA773
S20500429F0019
S2050042A0B365
S2050042A10611
S2050042A2D73F
S2050042A30015
S2050042A48391
S2050042A5C64D
S2050042A6060C
S2050042A70011
S2050042A8030D
S2050042A945CA
S2050042AA0509
S2050042AB000D
S2050042AC23E9
S2050042AD0506
S2050042AED139
S2050042AF0801
S2050042B0A365
S2050042B10403
S2050042B2A165
S2050042B308FD
S2050042B48381
S2050042B546BD
S2050042B646BC
S2050042B70001
S2050042B823DD
S2050042B907F8
S2050042BAB14D
S2050042BB08F5
S2050042BC9369
S2050042BDD526
S2050042BE46B4
S2050042BF00F9
S2050042C09365
S2050042C1F601
S2050042C2F600
S2050042C300F5
S2050042C4B341
S2050042C505EE
S2050042C6B73B
S2050042C700F1
S2050042C8B33D
S2050042C906E9
S2050042CAD717
S2050042CB00ED
S2050042CC8369
S2050042CDC625
S2050042CE06E4
S2050042CF00E9
S2050042D08365
S2050042D1C522
S2050042D205E1
S2050042D300E5
S2050042D4A341
S2050042D506DD
S2050042D6D111
S2050042D708D9
S2050042D823BD
S2050042D906D9
S2050042DAB12D
S2050042DB08D5
S2050042DC8359
S2050042DD4695
S2050042DE5684
S2050042DF00D9
S2050042E013C5
S2050042E1D601
S2050042E24690
S2050042E300D5
S2050042E433A1
S2050042E506CD
S2050042E6C70B
S2050042E700D1
S2050042E803CD
S2050042E94689
S2050042EA06C8
S2050042EB00CD
S2050042EC9339
S2050042EDF6D5
S2050042EEF6D4
S2050042EF00C9
S2050042F03395
S2050042F107C0
S2050042F2D7EF
S2050042F300C5
S2050042F4A321
S2050042F507BC
S2050042F6C101
S2050042F708B9
S2050042F803BD
S2050042F94778
S2050042FA07B7
S2050042FB00BD
S2050042FC2399
S2050042FD08B3
S2050042FEE1D9
S2050042FF08B1
S2050043006354
S2050043019A1C
S20500430207AE
S20500430314A0
S2050043049320
S20500430507AB
S20500430610A1
S20500430701AF
S205004308634C
S205004309D4DA
S20500430AA706
S20500430B1597
S20500430C1398
S20500430D04A6
S20500430EFDAC
S20500430FFEAA
S2050043101394
S20500431106A0
S20500431204A1
S20500431300A4
S2050043149310
S205004315059D
S20500431600A1
S205004317029E
S205004318138C
S2050043198519
S20500431A0499
S20500431B009C
S20500431CEFAC
S20500431DE0BA
S20500431EDFBA
S20500431F8315
S2050043203364
S2050043218511
S2050043228411
S2050043230094
S2050043241380
S205004325068C
S2050043261081
S205004327018F
S20500432893FC
S2050043290589
S20500432A018C
S20500432B0884
S20500432CEF9C
S20500432DE0AA
S20500432E9FEA
S20500432F90F8
S205004330B3D4
S2050043318402
S205004332A4E1
S2050043330183
S2050043348300
S205004335C7BB
S2050043362C55
S2050043370080
S205004338136C
S20500433984FA
S20500433A2C51
S20500433B007C
S20500433C6318
S20500433D96E4
S20500433E0772
S20500433FD0A8
S2050043406F08
S205004341F086
S2050043420F66
S205004343D2A2
S20500434493E0
S205004345E78B
S205004346076A
S205004347046C
S205004348135C
S2050043498CE2
S20500434A0C61
S20500434B006C
S20500434C6FFC
S20500434DF07A
S20500434EDF8A
S20500434FB4B4
S2050043501354
S2050043510660
S2050043520164
S2050043530262
S2050043541350
S205004355075B
S205004356075A
S2050043570B55
S205004358332C
S2050043590757
S20500435AC796
S20500435B005C
S20500435C93C8
S20500435D8CCE
S20500435E2C2D
S20500435F0058
S2050043601344
S2050043610650
S2050043620055
S2050043630351
S2050043642330
S205004365084A
S205004366C78A
S205004367FA56
S205004368133C
S20500436987C7
S20500436A0C41
S20500436B0B41
S20500436C1338
S20500436D0644
S20500436E0148
S20500436F0246
S2050043703314
S205004371083E
S205004372C77E
S2050043730044
S2050043741330
S205004375073B
S205004376E061
S205004377023E
S205004378231C
S2050043790836
S20500437AE855
S20500437BFA42
S20500437C0338
S20500437DC476
S20500437E2613
S20500437F0038
S20500438093A4
S2050043818DA9
S2050043821C19
S2050043830034
S205004384E350
S2050043851220
S205004386042D
S205004387CA66
S205004388131C
S20500438987A7
S20500438A0D20
S20500438B0B21
S20500438C1318
S20500438D0624
S20500438E0128
S20500438F0226
S20500439033F4
S205004391071F
S205004392C75E
S2050043930024
S2050043949390
S2050043958C96
S2050043962CF5
S2050043970020
S205004398130C
S2050043990618
S20500439A001D
S20500439B0319
S20500439C23F8
S20500439D0812
S20500439EC752
S20500439FFA1E
S2050043A01304
S2050043A1878F
S2050043A20C09
S2050043A30B09
S2050043A41300
S2050043A5060C
S2050043A60110
S2050043A7020E
S2050043A833DC
S2050043A90608
S2050043AAC746
S2050043AB000C
S2050043AC13F8
S2050043AD0703
S2050043AEE029
S2050043AF0206
S2050043B023E4
S2050043B108FE
S2050043B2E61F
S2050043B3FA0A
S2050043B48380
S2050043B5CD35
S2050043B636CB
S2050043B70000
S2050043B813EC
S2050043B98777
S2050043BA1CE1
S2050043BB00FC
S2050043BCE318
S2050043BD9664
S2050043BE0DEC
S2050043BFD226
S2050043C09364
S2050043C106F0
S2050043C201F4
S2050043C302F2
S2050043C413E0
S2050043C507EB
S2050043C607EA
S2050043C70BE5
S2050043C833BC
S2050043C907E7
S2050043CAD716
S2050043CB00EC
S2050043CC9358
S2050043CD06E4
S2050043CE00E9
S2050043CF03E5
S2050043D013D4
S2050043D18462
S2050043D22CB9
S2050043D300E4
S2050043D423C0
S2050043D508DA
S2050043D6D70A
S2050043D7FAE6
S2050043D86F70
S2050043D9F0EE
S2050043DA1FBE
S2050043DBDB01
S2050043DC13C8
S2050043DD07D3
S2050043DE00D9
S2050043DF03D5
S2050043E023B4
S2050043E100D6
S2050043E2E1F4
S2050043E308CC
S2050043E49340
S2050043E50CC6
S2050043E610C1
S2050043E700D0
S2050043E813BC
S2050043E907C7
S2050043EA20AD
S2050043EB00CC
S2050043EC6F5C
S2050043EDF0DA
S2050043EE9F2A
S2050043EFB513
S2050043F09334
S2050043F104C2
S2050043F205C0
S2050043F300C4
S2050043F423A0
S2050043F58042
S2050043F604BD
S2050043F700C0
S2050043F8833C
S2050043F9209E
S2050043FAC1FC
S2050043FB10AC
S2050043FC8338
S2050043FD2496
S2050043FE4178
S2050043FF10A8
S20500440013A3
S20500440105B0
S20500440200B4
S20500440300B3
S205004404139F
S20500440501B0
S20500440601AF
S205004407119E
S2050044086747
S205004409802D
S20500440A00AC
S20500440B00AB
S20500440C9317
S20500440D07A2
S20500440E1494
S20500440F00A7
S205004410B3F3
S205004411861F
S2050044129410
S20500441301A2
S2050044146F33
S20500441500A1
S2050044168020
S205004417009F
S205004418930B
S2050044198716
S20500441A1785
S20500441B009B
S20500441C0397
S20500441DC7D2
S20500441EF7A1
S20500441FFF98
S2050044209303
S2050044218411
S2050044221480
S2050044230093
S205004424A3EF
S2050044258F02
S205004426E4AC
S205004427FE91
S205004428E3AB
S20500442998F5
S20500442AD4B8
S20500442BFE8D
S20500442C6F1B
S20500442DF099
S20500442ECFB9
S20500442FFA8D
S20500443093F3
S205004431F68F
S205004432176D
S2050044330083
S20500443493EF
S205004435EC95
S2050044362759
S205004437007F
S20500443893EB
S205004439F786
S20500443A1765
S20500443B017A
S20500443C2357
S20500443D2653
S20500443EF187
S20500443F0077
S2050044406313
S20500444182F3
S205004442066E
S205004443383B
S20500444493DF
S205004445076A
S2050044460070
S205004447036C
S205004448234B
S2050044492A43
S20500444AF17B
S20500444B006B
S20500444C6FFB
S20500444DF079
S20500444E9FC9
S20500444F81E6
S2050044501353
S2050044510D58
S205004452FD67
S205004453FF64
S205004454134F
S205004455065B
S2050044561050
S205004457015E
S20500445893CB
S2050044590558
S20500445A015B
S20500445B0853
S20500445C1347
S20500445D85D4
S20500445E0454
S20500445F0057
S205004460EF67
S205004461E075
S2050044624F05
S205004463FD56
S205004464133F
S205004465044D
S2050044661040
S205004467014E
S205004468133B
S20500446985C8
S20500446A1438
S20500446B014A
S20500446C63E7
S20500446D56F3
S20500446EA4A4
S20500446F4700
S2050044701333
S205004471063F
S205004472FD47
S205004473FE45
S20500447493AF
S205004475053C
S2050044760040
S205004477023D
S205004478EF4F
S205004479E05D
S20500447A0F2D
S20500447BEE4D
S20500447CB387
S20500447D84B5
S20500447EA494
S20500447F0136
S2050044806FC7
S205004481F045
S2050044825FD5
S205004483EB48
S20500448437FB
S205004485072A
S2050044861020
S205004487002F
S205004488032B
S205004489A687
S20500448A0B21
S20500448B002B
S20500448C1317
S20500448D0722
S20500448E47E1
S20500448F58CF
S2050044909393
S2050044918B9A
S2050044924BD9
S2050044930023
S2050044946FB3
S205004495F031
S2050044965FC1
S205004497D748
S205004498130B
S2050044990716
S20500449A908C
S20500449B001B
S20500449C63B7
S20500449D50C9
S20500449E8791
S20500449F1EF9
S2050044A01303
S2050044A1070E
S2050044A20113
S2050044A30211
S2050044A423EF
S2050044A528E9
S2050044A6F11F
S2050044A7000F
S2050044A8937B
S2050044A90508
S2050044AAA06C
S2050044AB000B
S2050044AC9377
S2050044AD8782
S2050044AE0DFB
S2050044AF0BFC
S2050044B013F3
S2050044B10500
S2050044B20400
S2050044B30003
S2050044B4B34F
S2050044B58D74
S2050044B6E719
S2050044B700FF
S2050044B823DB
S2050044B92AD3
S2050044BAD12B
S2050044BB00FB
S2050044BCEF0B
S2050044BDE019
S2050044BE0FE9
S2050044BFBC3B
S2050044C037BF
S2050044C107EE
S2050044C210E4
S2050044C300F3
S2050044C4935F
S2050044C50BE6
S2050044C647A9
S2050044C75897
S2050044C833BB
S2050044C98667
S2050044CAAB41
S2050044CB00EB
S2050044CC03E7
S2050044CD47A2
S2050044CE06E2
S2050044CF00E7
S2050044D013D3
S2050044D105E0
S2050044D204E0
S2050044D300E3
S2050044D4934F
S2050044D505DC
S2050044D6A040
S2050044D700DF
S2050044D823BB
S2050044D98855
S2050044DAEDEF
S2050044DBFAE1
S2050044DCEFEB
S2050044DDE0F9
S2050044DE4F89
S2050044DFC215
S2050044E09343
S2050044E18C49
S2050044E22CA8
S2050044E300D3
S2050044E4834F
S2050044E527AA
S2050044E601CF
S2050044E701CE
S2050044E8834B
S2050044E926A7
S2050044EA418B
S2050044EB01CA
S2050044EC13B7
S2050044ED04C5
S2050044EE05C3
S2050044EF00C7
S2050044F09333
S2050044F18D38
S2050044F20CB8
S2050044F300C3
S2050044F46F53
S2050044F5F0D1
S2050044F69F21
S2050044F7BB04
S2050044F813AB
S2050044F906B7
S2050044FA902C
S2050044FB00BB
S2050044FC6357
S2050044FD5A5F
S2050044FE8632
S2050044FF16A1
S2050045002392
S205004501288C
S205004502F1C2
S20500450300B2
S205004504931E
S20500450505AB
S205004506A00F
S20500450700AE
S205004508931A
S20500450907A5
S20500450A07A4
S20500450B0B9F
S20500450C1396
S20500450D05A3
S20500450E04A3
S20500450F00A6
S2050045101392
S205004511079D
S20500451201A2
S20500451302A0
S205004514B3EE
S2050045158D13
S205004516E7B8
S205004517009E
S205004518237A
S2050045192A72
S20500451AD1CA
S20500451B009A
S20500451CEFAA
S20500451DE0B8
S20500451E0F88
S20500451FB6E0
S205004520375E
S205004521078D
S2050045221083
S2050045230092
S20500452493FE
S2050045250B85
S2050045264748
S2050045275836
S205004528335A
S2050045298606
S20500452AABE0
S20500452B008A
S20500452C0386
S20500452D4741
S20500452E0681
S20500452F0086
S2050045301372
S205004531057F
S205004532047F
S2050045330082
S20500453493EE
S205004535057B
S205004536A0DF
S205004537007E
S205004538235A
S20500453988F4
S20500453AED8E
S20500453BFA80
S20500453CEF8A
S20500453DE098
S20500453E4F28
S20500453FBCBA
S20500454093E2
S2050045418CE8
S2050045422C47
S2050045430072
S20500454483EE
S2050045452749
S205004546016E
S205004547016D
S20500454883EA
S2050045492646
S20500454A412A
S20500454B0169
S20500454C1356
S20500454D0464
S20500454E0562
S20500454F0066
S2050045501352
S20500455187DD
S2050045520C57
S2050045530062
S2050045546FF2
S205004555F070
S2050045569FC0
S205004557A9B5
S205004558134A
S2050045590755
S20500455A90CB
S20500455B005A
S20500455C63F6
S20500455D5EFA
S20500455EB7A0
S20500455F0F47
S20500456093C2
S205004561054F
S205004562A0B3
S2050045630052
S205004564133E
S20500456585CB
S2050045660D42
S205004567004E
S205004568232A
S2050045692A22
S20500456AD17A
S20500456B004A
S20500456C2326
S20500456D2820
S20500456EF156
S20500456F0046
S205004570EF56
S205004571E064
S205004572CF74
S205004573B092
S205004574370A
S2050045750739
S205004576102F
S205004577003E
S20500457893AA
S2050045790B31
S20500457A47F4
S20500457B58E2
S20500457C3306
S20500457D87B1
S20500457EAB8C
S20500457F0036
S2050045800332
S20500458147ED
S205004582072C
S2050045830032
S205004584131E
S20500458585AB
S2050045860D22
S205004587002E
S205004588939A
S2050045890527
S20500458AA08B
S20500458B002A
S20500458C2306
S20500458D0028
S20500458EE146
S20500458F081E
S205004590EF36
S205004591E044
S2050045920F14
S205004593B76B
S205004594839E
S20500459527F9
S205004596011E
S205004597011D
S205004598839A
S20500459926F6
S20500459A41DA
S20500459B0119
S20500459C9386
S20500459D0D0B
S20500459E0512
S20500459F0016
S2050045A01302
S2050045A1070D
S2050045A230E3
S2050045A30012
S2050045A4937E
S2050045A50C04
S2050045A620EF
S2050045A7000E
S2050045A813FA
S2050045A90606
S2050045AA10FB
S2050045AB000A
S2050045AC6F9A
S2050045ADF018
S2050045AE1FE8
S2050045AF986E
S2050045B09372
S2050045B106FE
S2050045B29073
S2050045B30002
S2050045B4639E
S2050045B5DC24
S2050045B6B649
S2050045B709F5
S2050045B823DA
S2050045B928D4
S2050045BAF10A
S2050045BB00FA
S2050045BC9366
S2050045BD05F3
S2050045BEA057
S2050045BF00F6
S2050045C09362
S2050045C107ED
S2050045C207EC
S2050045C30BE7
S2050045C413DE
S2050045C5856B
S2050045C60DE2
S2050045C700EE
S2050045C813DA
S2050045C907E5
S2050045CA01EA
S2050045CB02E8
S2050045CC13D6
S2050045CD8464
S2050045CE2CBB
S2050045CF00E6
S2050045D0B332
S2050045D18C58
S2050045D2E7FC
S2050045D300E2
S2050045D4EFF2
S2050045D5E000
S2050045D68F50
S2050045D7AA34
S2050045D837A6
S2050045D907D5
S2050045DA10CB
S2050045DB00DA
S2050045DC9346
S2050045DD0BCD
S2050045DE4790
S2050045DF587E
S2050045E0B322
S2050045E1864E
S2050045E2AB28
S2050045E300D2
S2050045E403CE
S2050045E5C709
S2050045E606C9
S2050045E700CE
S2050045E813BA
S2050045E98547
S2050045EA0DBE
S2050045EB00CA
S2050045EC9336
S2050045ED05C3
S2050045EEA027
S2050045EF00C6
S2050045F023A2
S2050045F1883C
S2050045F2ECD7
S2050045F3FAC8
S2050045F4EFD2
S2050045F5E0E0
S2050045F6CFF0
S2050045F7B00E
S2050045F8833A
S2050045F92795
S2050045FA01BA
S2050045FB01B9
S2050045FC9326
S2050045FD0DAB
S2050045FE05B2
S2050045FF00B6
S20500460013A1
S20500460107AC
S20500460204AE
S20500460300B1
S2050046046F41
S205004605F0BF
S2050046069F0F
S205004607B6F7
S2050046083775
S20500460904A7
S20500460A109A
S20500460B00A9
S20500460C1395
S20500460D04A3
S20500460E4462
S20500460F5D48
S2050046106F35
S205004611F0B3
S205004612CFD3
S205004613D1D0
S205004614930D
S2050046150798
S205004616108E
S205004617009D
S2050046186339
S205004619DEBD
S20500461AA7F3
S20500461B0F8A
S20500461C1385
S20500461D0D8A
S20500461EFD99
S20500461FFF96
S2050046201381
S205004621068D
S2050046220D85
S2050046230091
S205004624137D
S205004625850A
S205004626048A
S205004627008D
S20500462893F9
S2050046290586
S20500462A008A
S20500462B0287
S20500462CB3D5
S20500462D8403
S20500462EA4E2
S20500462F0184
S205004630EF95
S205004631E0A3
S2050046328FF3
S205004633D2AF
S205004634136D
S2050046350D72
S205004636007E
S205004637007D
S2050046386F0D
S205004639F08B
S20500463A4F2B
S20500463BFD7C
S20500463C93E5
S20500463DE790
S20500463E274F
S20500463F0075
S2050046401361
S20500464187EC
S2050046424B27
S2050046430071
S205004644135D
S2050046458CE3
S2050046460C62
S205004647006D
S2050046486FFD
S205004649F07B
S20500464A4F1B
S20500464BCA9F
S20500464CB7B1
S20500464D0661
S20500464E1056
S20500464F0065
S20500465093D1
S2050046518BD8
S205004652461C
S2050046535809
S2050046546FF1
S205004655F06F
S2050046569FBF
S205004657B1AC
S205004658B7A5
S2050046590556
S20500465A104A
S20500465B0059
S20500465C1345
S20500465D0750
S20500465E2036
S20500465F0055
S20500466093C1
S2050046610C47
S2050046621042
S2050046630051
S205004664133D
S2050046650649
S205004666004E
S205004667004D
S20500466893B9
S2050046698BC0
S20500466A4505
S20500466B58F1
S20500466C6FD9
S20500466DF057
S20500466E1F27
S20500466F8CB9
S205004670370D
S205004671063D
S2050046721032
S2050046730041
S20500467493AD
S2050046750B34
S20500467646F8
S20500467758E5
S2050046786FCD
S205004679F04B
S20500467A5FDB
S20500467B97A2
S20500467C3701
S20500467D0730
S20500467E1026
S20500467F0035
S20500468093A1
S2050046810B28
S20500468247EB
S20500468358D9
S2050046846FC1
S205004685F03F
S2050046869F8F
S205004687A28B
S2050046889399
S2050046890724
S20500468AB07A
S20500468B0227
S20500468C1315
S20500468D0D1A
S20500468EFD29
S20500468FFF26
S2050046902301
S20500469128FB
S205004692F131
S2050046930021
S2050046946FB1
S205004695F02F
S2050046960F0F
S205004697E13C
S2050046981309
S2050046998C8F
S20500469A0C0E
S20500469B0019
S20500469C6FA9
S20500469DF027
S20500469ECF47
S20500469FFF16
S2050046A09381
S2050046A1E72C
S2050046A2070B
S2050046A3040D
S2050046A413FD
S2050046A58C83
S2050046A60C02
S2050046A7000D
S2050046A813F9
S2050046A90605
S2050046AA000A
S2050046AB0108
S2050046AC6F99
S2050046ADF017
S2050046AE4FB7
S2050046AFBA4B
S2050046B09371
S2050046B1FC07
S2050046B207FB
S2050046B30100
S2050046B4639D
S2050046B58A75
S2050046B60CF2
S2050046B7D429
S2050046B89369
S2050046B90CEF
S2050046BA00FA
S2050046BB00F9
S2050046BC6F89
S2050046BDF007
S2050046BE0FE7
S2050046BFD223
S2050046C0A351
S2050046C18073
S2050046C207EB
S2050046C300F1
S2050046C4935D
S2050046C5F7F8
S2050046C60CE2
S2050046C702EB
S2050046C86389
S2050046C98C5F
S2050046CA07E3
S2050046CB0ADF
S2050046CC8365
S2050046CD47A0
S2050046CE01E5
S2050046CF03E2
S2050046D06381
S2050046D1885B
S2050046D207DB
S2050046D320C1
S2050046D413CD
S2050046D506D9
S2050046D601DD
S2050046D703DA
S2050046D813C9
S2050046D908D3
S2050046DA06D4
S2050046DB00D9
S2050046DC13C5
S2050046DD07D0
S2050046DEE0F6
S2050046DF02D3
S2050046E09341
S2050046E105CE
S2050046E25082
S2050046E306CB
S2050046E4933D
S2050046E506C9
S2050046E6507E
S2050046E704C9
S2050046E86369
S2050046E98A41
S2050046EAE7E3
S2050046EBE4E5
S2050046EC6365
S2050046ED8641
S2050046EEB70F
S2050046EF04C1
S2050046F06361
S2050046F1843F
S2050046F2D7EB
S2050046F304BD
S2050046F4833D
S2050046F54778
S2050046F618A6
S2050046F700BD
S2050046F813A9
S2050046F908B3
S2050046FA18A2
S2050046FB00B9
S2050046FCE3D5
S2050046FD9621
S2050046FE07AF
S2050046FFFEB7
S2050047009320
S20500470107AB
S205004702E0D1
S20500470302AE
S205004704238C
S20500470500AE
S205004706F8B5
S20500470700AC
S2050047088328
S2050047094763
S20500470A01A8
S20500470B03A5
S20500470CA304
S20500470D00A6
S20500470E089D
S20500470F00A4
S2050047106F34
S205004711F0B2
S2050047124F52
S205004713E2BE
S205004714831C
S205004715A7F7
S2050047160B92
S205004717009C
S2050047189308
S2050047198416
S20500471A1485
S20500471B0098
S20500471C9304
S20500471D8B0B
S20500471E0C89
S20500471F0094
S205004720A3F0
S2050047218F03
S205004722F49D
S205004723FE92
S205004724830C
S2050047254747
S2050047261C71
S205004727008C
S2050047286328
S20500472990FA
S20500472A0782
S20500472B92F6
S20500472C6F18
S20500472DF096
S20500472E4F36
S20500472F93F1
S2050047301370
S2050047310D75
S205004732FD84
S205004733FF81
S2050047346F10
S205004735F08E
S2050047364F2E
S205004737C2BA
S2050047380378
S2050047394733
S20500473A0871
S20500473B0078
S20500473C93E4
S20500473D0670
S20500473E086D
S20500473F1064
S20500474093E0
S205004741076B
S2050047420869
S2050047430070
S205004744630C
S2050047451658
S2050047460766
S205004747006C
S2050047486FFC
S205004749006A
S20500474A0069
S20500474B0365
S20500474C6304
S20500474D88DE
S20500474ED78E
S20500474F0064
S2050047500360
S205004751C79B
S205004752174A
S2050047530060
S20500475493CC
S20500475587D7
S2050047561746
S205004757005C
S205004758E378
S2050047591A40
S20500475A0752
S20500475BFE5A
S20500475C3324
S20500475D86D0
S20500475E074E
S20500475F4113
S20500476063F0
S2050047615CF6
S205004762C091
S2050047630050
S20500476493BC
S2050047650549
S2050047661835
S205004767004C
S2050047681338
S2050047690545
S20500476A2821
S20500476B0048
S20500476C2324
S20500476D2C1A
S20500476E0144
S20500476F0143
S205004770EF54
S205004771E062
S205004772CF72
S205004773AD93
S205004774033C
S2050047752816
S20500477681BC
S205004777013B
S20500477893A8
S2050047790733
S20500477AE059
S20500477B0236
S20500477C2314
S20500477D0036
S20500477EF83D
S20500477F0034
S20500478083B0
S20500478147EB
S2050047820130
S205004783032D
S2050047846FC0
S205004785F03E
S2050047860F1E
S205004787DB51
S2050047881318
S2050047890D1D
S20500478A0D1C
S20500478BF038
S20500478C1314
S20500478D0422
S20500478E0025
S20500478F1014
S2050047906FB4
S205004791F032
S2050047920F12
S205004793DD43
S205004794B768
S2050047950717
S205004796001D
S205004797809C
S20500479833E8
S205004799C456
S20500479A8792
S20500479B0018
S20500479C9384
S20500479D070F
S20500479ED045
S20500479F0212
S2050047A01300
S2050047A10D05
S2050047A2FD14
S2050047A3FF11
S2050047A423EC
S2050047A528E6
S2050047A6F11C
S2050047A7000C
S2050047A86F9C
S2050047A9F01A
S2050047AACF3A
S2050047ABCF39
S2050047AC9374
S2050047AD0402
S2050047AE0500
S2050047AF0004
S2050047B06F94
S2050047B1F012
S2050047B29F62
S2050047B3A25E
S2050047B4837C
S2050047B547B7
S2050047B61CE1
S2050047B700FC
S2050047B86398
S2050047B98476
S2050047BA07F2
S2050047BB00F8
S2050047BC6F88
S2050047BDF006
S2050047BECF26
S2050047BF886C
S2050047C06F84
S2050047C1F002
S2050047C20FE2
S2050047C38A66
S2050047C4935C
S2050047C507E7
S2050047C600ED
S2050047C702EA
S2050047C823C8
S2050047C926C4
S2050047CA01E8
S2050047CB00E8
S2050047CC23C4
S2050047CD2ABC
S2050047CEF1F4
S2050047CF00E4
S2050047D06F74
S2050047D1F0F2
S2050047D24F92
S2050047D3C917
S2050047D4A33C
S2050047D5805E
S2050047D6E7F6
S2050047D700DC
S2050047D803D8
S2050047D9C713
S2050047DAF6E3
S2050047DBFFD9
S2050047DC23B4
S2050047DD8056
S2050047DEA72E
S2050047DF00D4
S2050047E09340
S2050047E1874B
S2050047E227AA
S2050047E300D0
S2050047E4636C
S2050047E51EB0
S2050047E607C6
S2050047E7D0FC
S2050047E86F5C
S2050047E9F0DA
S2050047EA8F3A
S2050047EBD3F5
S2050047EC8344
S2050047ED477F
S2050047EE1CA9
S2050047EF00C4
S2050047F09330
S2050047F18B37
S2050047F20CB5
S2050047F300C0
S2050047F4932C
S2050047F504BA
S2050047F605B8
S2050047F700BC
S2050047F86358
S2050047F98436
S2050047FA07B2
S2050047FB00B8
S2050047FC6F48
S2050047FDF0C6
S2050047FECFE6
S2050047FF8430
S2050048006F43
S205004801F0C1
S2050048020FA1
S2050048038629
S205004804139B
S2050048050DA0
S205004806FDAF
S205004807FFAC
S2050048086F3B
S205004809F0B9
S20500480A9F09
S20500480B9A0D
S20500480C1393
S20500480D04A1
S20500480E00A4
S20500480F00A3
S2050048106F33
S205004811F0B1
S2050048120F91
S205004813D5CA
S205004814831B
S2050048152776
S205004816019B
S205004817019A
S2050048186337
S2050048198E0B
S20500481A0791
S20500481B0493
S20500481C2373
S20500481D8015
S20500481EF4A0
S20500481F0093
S20500482093FF
S205004821FC95
S2050048220C84
S205004823018E
S20500482493FB
S2050048258409
S2050048261478
S205004827008B
S2050048286327
S20500482992F7
S20500482A0C7C
S20500482B0483
S20500482C1373
S20500482D0D78
S20500482EED97
S20500482FFF84
S2050048306F13
S205004831F091
S2050048328FF1
S205004833D8A7
S205004834136B
S2050048350776
S205004836007C
S2050048370378
S2050048382357
S20500483980F9
S20500483AE791
S20500483B0077
S20500483CE393
S20500483D82F3
S20500483E0D67
S20500483FE88B
S205004840135F
S20500484187EA
S2050048422749
S205004843006F
S20500484493DB
S2050048450667
S205004846E08C
S2050048470269
S205004848A3C7
S20500484980E9
S20500484AD791
S20500484B0067
S20500484C1353
S20500484D0560
S20500484E075D
S20500484F0063
S205004850134F
S20500485186DB
S2050048520D53
S205004853005F
S20500485493CB
S2050048550558
S205004856005C
S2050048570358
S205004858EF6B
S205004859E079
S20500485A0F49
S20500485BB0A7
S20500485C3323
S20500485D074E
S20500485EB59F
S20500485F0152
S205004860232F
S2050048610051
S2050048620749
S205004863004F
S20500486483CB
S2050048654706
S205004866014B
S2050048670348
S2050048686FDB
S205004869F059
S20500486ACF79
S20500486BCC7B
S20500486C1333
S20500486D0D38
S20500486EFD47
S20500486FFF44
S2050048706FD3
S205004871F051
S2050048728FB1
S205004873D46B
S205004874132B
S2050048750D30
S205004876ED4F
S205004877FF3C
S20500487863D7
S20500487942F7
S20500487A80B8
S20500487BD463
S20500487C6FC7
S20500487DF045
S20500487ECF65
S20500487FD65D
S205004880939F
S205004881062B
S2050048820030
S205004883032C
S205004884230B
S20500488580AD
S205004886D755
S205004887002B
S2050048889397
S2050048890623
S20500488AE048
S20500488B0225
S20500488CA383
S20500488D80A5
S20500488ED74D
S20500488F0023
S20500489033EF
S205004891041D
S205004892B070
S20500489340DF
S205004894938B
S2050048958796
S20500489627F5
S205004897001B
S20500489863B7
S2050048998495
S20500489A0513
S20500489B0215
S20500489C1303
S20500489D8590
S20500489E070D
S20500489F0013
S2050048A013FF
S2050048A1060B
S2050048A2040C
S2050048A3000F
S2050048A4937B
S2050048A50508
S2050048A6000C
S2050048A70308
S2050048A823E7
S2050048A92EDB
S2050048AAE127
S2050048AB0007
S2050048AC23E3
S2050048AD2CD9
S2050048AE0103
S2050048AF0102
S2050048B0EF13
S2050048B1E021
S2050048B28F71
S2050048B3AA55
S2050048B403FB
S2050048B527D6
S2050048B6C13B
S2050048B701FA
S2050048B803F7
S2050048B928D1
S2050048BA8177
S2050048BB01F6
S2050048BCB343
S2050048BD07EE
S2050048BE856F
S2050048BF00F3
S2050048C013DF
S2050048C108E9
S2050048C218D8
S2050048C300EF
S2050048C423CB
S2050048C5806D
S2050048C6E705
S2050048C700EB
S2050048C803E7
S2050048C947A2
S2050048CA08E0
S2050048CB00E7
S2050048CC9353
S2050048CD875E
S2050048CE17CD
S2050048CF00E3
S2050048D0E3FF
S2050048D118C9
S2050048D207D9
S2050048D3FEE1
S2050048D46F6F
S2050048D5F0ED
S2050048D6CF0D
S2050048D7C417
S2050048D89347
S2050048D904D5
S2050048DA05D3
S2050048DB00D7
S2050048DC6F67
S2050048DDF0E5
S2050048DE9F35
S2050048DFA52E
S2050048E013BF
S2050048E108C9
S2050048E201CF
S2050048E303CC
S2050048E46F5F
S2050048E5F0DD
S2050048E6DFED
S2050048E7E1EA
S2050048E813B7
S2050048E901C8
S2050048EA01C7
S2050048EBBC0B
S2050048EC13B3
S2050048ED03C2
S2050048EE4183
S2050048EF4281
S2050048F0239F
S2050048F12A97
S2050048F2912F
S2050048F3407F
S2050048F4932B
S2050048F504B9
S2050048F601BB
S2050048F701BA
S2050048F82397
S2050048F92297
S2050048FAB107
S2050048FB4275
S2050048FC2393
S2050048FD2491
S2050048FEC1F3
S2050048FF4271
S205004900931E
S20500490105AB
S20500490205AA
S20500490300AE
S205004904139A
S20500490506A6
S20500490603A8
S20500490700AA
S2050049081396
S2050049098523
S20500490A04A3
S20500490B00A6
S20500490C2382
S20500490D2E76
S20500490E1192
S20500490F4062
S205004910237E
S205004911267A
S205004912D1CE
S205004913425C
S205004914237A
S2050049152874
S205004916E1BA
S2050049174258
S2050049182376
S2050049192A6E
S20500491AF1A6
S20500491B4254
S20500491C2372
S20500491D2C68
S20500491E0192
S20500491F434F
S205004920236E
S2050049212E62
S205004922117E
S205004923434B
S205004924236A
S2050049252666
S205004926612A
S205004927008A
S205004928EF9A
S205004929E0A8
S20500492A9FE8
S20500492BEB9B
S20500492C0382
S20500492D453F
S20500492E0182
S20500492F0181
S205004930631E
S2050049310E72
S205004932057A
S205004933027C
S205004934235A
S2050049352C50
S20500493681FA
S205004937403A
S2050049381366
S20500493984F4
S20500493A0473
S20500493B0076
S20500493CEF86
S20500493DE094
S20500493E8FE4
S20500493FFD75
S205004940036E
S205004941452B
S205004942145B
S205004943006E
S20500494493DA
S2050049450765
S2050049460467
S205004947006A
S2050049481356
S2050049490464
S20500494A1453
S20500494B0066
S20500494CE382
S20500494D184C
S20500494E055E
S20500494FFE64
S205004950035E
S205004951243C
S20500495281DE
S205004953411D
S20500495483DA
S205004955203C
S205004956C19A
S2050049574119
S2050049583326
S20500495985D3
S20500495A97C0
S20500495B4016
S20500495C1342
S20500495D054F
S20500495E153E
S20500495F0052
S20500496083CE
S205004961242C
S205004962410E
S205004963410D
S205004964133A
S205004965014B
S205004966014A
S2050049674406
S20500496867E2
S20500496980C8
S20500496A0047
S20500496B0046
S20500496C83C2
S20500496D2024
S20500496EC182
S20500496F4101
S20500497083BE
S205004971241C
S20500497241FE
S20500497341FD
S205004974132A
S2050049750537
S205004976003B
S205004977003A
S2050049781326
S2050049790137
S20500497A0136
S20500497B44F2
S20500497C67CE
S20500497D80B4
S20500497E0033
S20500497F0032
S205004980131E
S205004981012F
S205004982012E
S205004983F935
S205004984230A
S2050049852408
S20500498681AA
S2050049870624
S2050049882306
S2050049892206
S20500498A9196
S20500498B0620
S20500498C2302
S20500498D2004
S20500498E2102
S20500498F071B
S20500499023FE
S2050049912EF2
S20500499231EE
S2050049930519
S20500499423FA
S2050049952CF0
S20500499641DA
S2050049970515
S20500499823F6
S20500499926F2
S20500499A1106
S20500499B0610
S20500499C23F2
S20500499D2AEA
S20500499E51C2
S20500499F050D
S2050049A023EE
S2050049A128E8
S2050049A261AE
S2050049A30509
S2050049A423EA
S2050049A526E6
S2050049A6719A
S2050049A70505
S2050049A823E6
S2050049A922E6
S2050049AA9176
S2050049AB0501
S2050049AC23E2
S2050049AD2ED6
S2050049AEB152
S2050049AF03FF
S2050049B0936E
S2050049B108F8
S2050049B2E01F
S2050049B304FA
S2050049B423DA
S2050049B52ECE
S2050049B601FA
S2050049B701F9
S2050049B89366
S2050049B909EF
S2050049BA05F2
S2050049BB00F6
S2050049BC13E2
S2050049BD8470
S2050049BE05EE
S2050049BF00F2
S2050049C013DE
S2050049C18A66
S2050049C206E9
S2050049C300EE
S2050049C4935A
S2050049C504E8
S2050049C607E4
S2050049C700EA
S2050049C813D6
S2050049C9895F
S2050049CA07E0
S2050049CB00E6
S2050049CC6382
S2050049CDDC08
S2050049CEC81B
S2050049CF1AC8
S2050049D0934E
S2050049D107D9
S2050049D2E0FF
S2050049D304DA
S2050049D423BA
S2050049D52CB0
S2050049D6F1EA
S2050049D700DA
S2050049D813C6
S2050049D98553
S2050049DA09CE
S2050049DB00D6
S2050049DC9342
S2050049DD05CF
S2050049DE04CF
S2050049DF00D2
S2050049E013BE
S2050049E106CA
S2050049E200CF
S2050049E300CE
S2050049E4933A
S2050049E506C6
S2050049E600CB
S2050049E700CA
S2050049E8EFDA
S2050049E9C008
S2050049EADFE8
S2050049EBC402
S2050049EC13B2
S2050049ED07BD
S2050049EE00C3
S2050049EF00C2
S2050049F0635E
S2050049F15868
S2050049F205BA
S2050049F300BE
S2050049F4B706
S2050049F507B5
S2050049F600BB
S2050049F7803A
S2050049F83386
S2050049F9C4F4
S2050049FA8730
S2050049FB00B6
S2050049FC13A2
S2050049FD07AD
S2050049FE10A3
S2050049FF00B2
S205004A00931D
S205004A0105AA
S205004A0204AA
S205004A0300AD
S205004A042389
S205004A05A00B
S205004A06E4C6
S205004A0700A9
S205004A081395
S205004A0906A1
S205004A0A01A5
S205004A0B02A3
S205004A0C1391
S205004A0D851E
S205004A0E0999
S205004A0F00A1
S205004A10EFB1
S205004A11B0EF
S205004A120F8F
S205004A13F3AA
S205004A140399
S205004A152B70
S205004A160199
S205004A170297
S205004A188315
S205004A192B6C
S205004A1A4155
S205004A1B0293
S205004A1C9301
S205004A1D840F
S205004A1E058D
S205004A1F0091
S205004A20137D
S205004A21048B
S205004A220589
S205004A23008D
S205004A241379
S205004A250685
S205004A26008A
S205004A270089
S205004A2893F5
S205004A290681
S205004A2A0086
S205004A2B0085
S205004A2C1371
S205004A2D057E
S205004A2E0B77
S205004A2F0081
S205004A3093ED
S205004A3185FA
S205004A320B73
S205004A33007D
S205004A34EF8D
S205004A35C0BB
S205004A365F1B
S205004A37A7D2
S205004A386315
S205004A390C6B
S205004A3A0571
S205004A3B2C49
S205004A3CB7BD
S205004A3D0C67
S205004A3E1062
S205004A3F0071
S205004A4083ED
S205004A41A7C8
S205004A420C62
S205004A437EEF
S205004A440369
S205004A45A8C3
S205004A464C1E
S205004A477EEB
S205004A48B7B1
S205004A490661
S205004A4A1056
S205004A4B0065
S205004A4C2341
S205004A4D2043
S205004A4EF171
S205004A4F0061
S205004A5083DD
S205004A51A7B8
S205004A5286D8
S205004A537EDF
S205004A542339
S205004A552239
S205004A560159
S205004A570158
S205004A580355
S205004A59A8AF
S205004A5AC690
S205004A5B7ED7
S205004A5C2331
S205004A5D242F
S205004A5EF161
S205004A5F0051
S205004A6093BD
S205004A610748
S205004A620945
S205004A630548
S205004A642329
S205004A652427
S205004A6681C9
S205004A670544
S205004A682325
S205004A692027
S205004A6AA1A5
S205004A6B0540
S205004A6C2321
S205004A6D261D
S205004A6E0141
S205004A6F0140
S205004A70231D
S205004A712A15
S205004A72F14D
S205004A73003D
S205004A7493A9
S205004A758DAE
S205004A760733
S205004A770039
S205004A7893A5
S205004A790C2B
S205004A7A0036
S205004A7B0530
S205004A7C0331
S205004A7D260D
S205004A7E0131
S205004A7F0031
S205004A8083AD
S205004A812609
S205004A8241ED
S205004A83002D
S205004A841319
S205004A850526
S205004A860B1F
S205004A870029
S205004A889395
S205004A8985A2
S205004A8A0B1B
S205004A8B0025
S205004A8CEF35
S205004A8DC063
S205004A8E4FD3
S205004A8F978A
S205004A90130D
S205004A910619
S205004A92011D
S205004A93021B
S205004A94EF2D
S205004A95B06B
S205004A96CF4B
S205004A97EA2F
S205004A980315
S205004A9926F1
S205004A9A8195
S205004A9B0015
S205004A9C8391
S205004A9D26ED
S205004A9EC151
S205004A9F0011
S205004AA023ED
S205004AA124EB
S205004AA2A16D
S205004AA3020B
S205004AA423E9
S205004AA526E5
S205004AA6B159
S205004AA70207
S205004AA8EF19
S205004AA9B057
S205004AAA1FE7
S205004AAB897C
S205004AAC0301
S205004AAD26DD
S205004AAE0101
S205004AAF0001
S205004AB0837D
S205004AB126D9
S205004AB241BD
S205004AB300FD
S205004AB413E9
S205004AB58C6F
S205004AB60DED
S205004AB700F9
S205004AB89365
S205004AB98D6A
S205004ABAFDF9
S205004ABBFFF6
S205004ABCEF05
S205004ABDC033
S205004ABE1FD3
S205004ABFC829
S205004AC0EF01
S205004AC1D01F
S205004AC25F8F
S205004AC3D11C
S205004AC403E9
S205004AC52BC0
S205004AC601E9
S205004AC702E7
S205004AC88365
S205004AC92BBC
S205004ACA41A5
S205004ACB02E3
S205004ACC13D1
S205004ACD05DE
S205004ACE05DD
S205004ACF03DE
S205004AD0B32D
S205004AD18956
S205004AD2BC22
S205004AD3419C
S205004AD423B9
S205004AD5805B
S205004AD6AD2D
S205004AD700D9
S205004AD813C5
S205004AD906D1
S205004ADA00D6
S205004ADB00D5
S205004ADC9341
S205004ADD06CD
S205004ADE00D2
S205004ADF00D1
S205004AE013BD
S205004AE105CA
S205004AE20BC3
S205004AE300CD
S205004AE49339
S205004AE58546
S205004AE60BBF
S205004AE700C9
S205004AE813B5
S205004AE98D3A
S205004AEA0DB9
S205004AEB00C5
S205004AEC9331
S205004AED0AB9
S205004AEE09B9
S205004AEF00C1
S205004AF0B30D
S205004AF18936
S205004AF22995
S205004AF301BC
S205004AF4EFCD
S205004AF5C0FB
S205004AF65F5B
S205004AF79B1E
S205004AF8E3D5
S205004AF912A5
S205004AFA05B1
S205004AFBF8BD
S205004AFC8331
S205004AFD278C
S205004AFE4171
S205004AFF01B0
S205004B00634C
S205004B01FEB0
S205004B02FDB0
S205004B033676
S205004B04B3F8
S205004B0507A3
S205004B06B9F0
S205004B074167
S205004B089314
S205004B098620
S205004B0AF7AE
S205004B0B04A0
S205004B0C1390
S205004B0D079B
S205004B0E6041
S205004B0F00A0
S205004B10633C
S205004B11742A
S205004B12D7C6
S205004B130894
S205004B143368
S205004B156733
S205004B16B9E0
S205004B170197
S205004B181384
S205004B19771F
S205004B1A375E
S205004B1B0094
S205004B1C6330
S205004B1D1E74
S205004B1E078A
S205004B1F068A
S205004B20335C
S205004B210C82
S205004B228904
S205004B23414B
S205004B241378
S205004B253C4E
S205004B263C4D
S205004B270088
S205004B286324
S205004B29186E
S205004B2A0C79
S205004B2B067E
S205004B2C93F0
S205004B2D87FB
S205004B2E077A
S205004B2F057B
S205004B30136C
S205004B31F688
S205004B32C7B6
S205004B33FF7D
S205004B34B3C8
S205004B350674
S205004B36B6C3
S205004B370177
S205004B380374
S205004B39274F
S205004B3A0D68
S205004B3B0074
S205004B3C1360
S205004B3D0D65
S205004B3E4D24
S205004B3F0070
S205004B4093DC
S205004B418AE4
S205004B424A23
S205004B43006C
S205004B442348
S205004B45AEBC
S205004B46EA7F
S205004B47FE6A
S205004B48E384
S205004B4998CE
S205004B4AA6BF
S205004B4BFF65
S205004B4C3330
S205004B4D075B
S205004B4EC998
S205004B4F0060
S205004B5063FC
S205004B51045A
S205004B52F667
S205004B530656
S205004B5483D8
S205004B55C595
S205004B560653
S205004B570058
S205004B580354
S205004B592531
S205004B5A4114
S205004B5B0153
S205004B5C1340
S205004B5D86CC
S205004B5E163B
S205004B5F0050
S205004B60232C
S205004B61004E
S205004B62B796
S205004B63004C
S205004B6463E8
S205004B657AD0
S205004B66A6A3
S205004B670444
S205004B6883C4
S205004B69C581
S205004B6A162F
S205004B6B0044
S205004B6C1330
S205004B6D86BC
S205004B6E261B
S205004B6F0040
S205004B70A39C
S205004B71003E
S205004B72B786
S205004B73003C
S205004B7463D8
S205004B7572C8
S205004B76A693
S205004B770434
S205004B7883B4
S205004B79C670
S205004B7A260F
S205004B7B0034
S205004B7C2310
S205004B7D0131
S205004B7ED75A
S205004B7F0030
S205004B806FC0
S205004B81002E
S205004B8280AD
S205004B830329
S205004B849398
S205004B8546E4
S205004B86F633
S205004B87FF29
S205004B889394
S205004B89D650
S205004B8AF62F
S205004B8B41E3
S205004B8CB370
S205004B8D77AB
S205004B8ED64B
S205004B8F0020
S205004B9023FC
S205004B912CF2
S205004B92F12C
S205004B93001C
S205004B946FAC
S205004B95F02A
S205004B965FBA
S205004B97E434
S205004B981304
S205004B99070F
S205004B9A090C
S205004B9B0014
S205004B9C8390
S205004B9DC64C
S205004B9E0D04
S205004B9F0010
S205004BA0937C
S205004BA18D81
S205004BA21DF0
S205004BA3000C
S205004BA413F8
S205004BA50703
S205004BA617F2
S205004BA70008
S205004BA8A364
S205004BA90FF7
S205004BAAD72E
S205004BABFE06
S205004BAC8380
S205004BAD26DC
S205004BAE41C0
S205004BAF01FF
S205004BB0E31C
S205004BB19668
S205004BB2B647
S205004BB3FFFD
S205004BB49368
S205004BB58773
S205004BB607F2
S205004BB705F3
S205004BB803F4
S205004BB92CCA
S205004BBA8174
S205004BBB04F0
S205004BBC03F0
S205004BBD2DC5
S205004BBE01F0
S205004BBF04EC
S205004BC0B33C
S205004BC10AE4
S205004BC2F9F4
S205004BC300EC
S205004BC48368
S205004BC527C3
S205004BC68168
S205004BC701E7
S205004BC8B334
S205004BC90DD9
S205004BCAF9EC
S205004BCB00E4
S205004BCC8360
S205004BCD27BB
S205004BCEC120
S205004BCF01DF
S205004BD0637C
S205004BD1944A
S205004BD207D6
S205004BD300DC
S205004BD4B328
S205004BD58D4D
S205004BD63D9C
S205004BD701D7
S205004BD823B4
S205004BD920B6
S205004BDA3A9B
S205004BDB01D3
S205004BDC6370
S205004BDDE6EC
S205004BDE2DA4
S205004BDF1FB1
S205004BE0933C
S205004BE109C5
S205004BE209C4
S205004BE305C7
S205004BE46368
S205004BE5EEDC
S205004BE65D6C
S205004BE705C3
S205004BE8B710
S205004BE90CBA
S205004BEA10B5
S205004BEB00C4
S205004BEC6360
S205004BEDFAC8
S205004BEE3A87
S205004BEF05BB
S205004BF003BC
S205004BF1AB13
S205004BF20CB1
S205004BF37E3E
S205004BF48338
S205004BF5AB0F
S205004BF64C6D
S205004BF77E3A
S205004BF86F48
S205004BF900B6
S205004BFA8035
S205004BFB00B4
S205004BFC6350
S205004BFD8A28
S205004BFE5958
S205004BFF1D93
S205004C00931B
S205004C018627
S205004C020BA1
S205004C0300AB
S205004C041397
S205004C0505A4
S205004C0604A4
S205004C0700A7
S205004C089313
S205004C098520
S205004C0A04A0
S205004C0B00A3
S205004C0C138F
S205004C0D069B
S205004C0E0B95
S205004C0F009F
S205004C10EFAF
S205004C11C0DD
S205004C12DFBD
S205004C13B2E9
S205004C141387
S205004C150693
S205004C168117
S205004C170295
S205004C18EFA7
S205004C19B0E5
S205004C1A8F05
S205004C1BD2C1
S205004C1C137F
S205004C1D048D
S205004C1E058B
S205004C1F008F
S205004C2093FB
S205004C218409
S205004C220587
S205004C23008B
S205004C240387
S205004C252564
S205004C268107
S205004C270285
S205004C288303
S205004C292560
S205004C2AC1C3
S205004C2B0281
S205004C2C93EF
S205004C2D8AF7
S205004C2E1A66
S205004C2F007F
S205004C30EF8F
S205004C31D0AD
S205004C325F1D
S205004C33BAC1
S205004C341367
S205004C350574
S205004C360573
S205004C370374
S205004C38A3D3
S205004C398FE6
S205004C3AAACA
S205004C3BFE75
S205004C3CE38F
S205004C3DF081
S205004C3E5D13
S205004C3FFD72
S205004C40630B
S205004C41F875
S205004C423D2F
S205004C431952
S205004C4483E7
S205004C45C7A2
S205004C460D5B
S205004C470067
S205004C481353
S205004C49075E
S205004C4A90D4
S205004C4B0360
S205004C4C93CF
S205004C4D87DA
S205004C4E5709
S205004C4F005F
S205004C5093CB
S205004C51F766
S205004C52F765
S205004C530F4C
S205004C542337
S205004C5580D9
S205004C56FD5B
S205004C570057
S205004C5863F3
S205004C597ED7
S205004C5AF75D
S205004C5B064D
S205004C5C83CF
S205004C5D272A
S205004C5EC18F
S205004C5F014E
S205004C6063EB
S205004C6192BB
S205004C620745
S205004C631833
S205004C6493B7
S205004C6587C2
S205004C660D3B
S205004C670047
S205004C681333
S205004C69063F
S205004C6A0044
S205004C6B0340
S205004C6C93AF
S205004C6D053C
S205004C6E90B0
S205004C6F033C
S205004C70231B
S205004C7180BD
S205004C72C775
S205004C73003B
S205004C7463D7
S205004C7564D5
S205004C76F93F
S205004C771C1B
S205004C781323
S205004C79072E
S205004C7A1024
S205004C7B0330
S205004C7C230F
S205004C7D80B1
S205004C7EE749
S205004C7F002F
S205004C80032B
S205004C812706
S205004C820A22
S205004C83002B
S205004C841317
S205004C850722
S205004C861711
S205004C870027
S205004C882303
S205004C892005
S205004C8AEA3A
S205004C8B0023
S205004C8C63BF
S205004C8D74AD
S205004C8EB967
S205004C8F011E
S205004C9023FB
S205004C91809D
S205004C92CD4F
S205004C93001B
S205004C948397
S205004C95C653
S205004C960711
S205004C970017
S205004C981303
S205004C99070E
S205004C9A9084
S205004C9B0310
S205004C9C937F
S205004C9D8D84
S205004C9E1DF3
S205004C9F000F
S205004CA063AB
S205004CA17A93
S205004CA2D735
S205004CA30209
S205004CA413F7
S205004CA50603
S205004CA610F8
S205004CA70304
S205004CA89373
S205004CA90500
S205004CAA0004
S205004CAB0300
S205004CAC936F
S205004CAD06FB
S205004CAE9070
S205004CAF03FC
S205004CB023DB
S205004CB1807D
S205004CB2C735
S205004CB300FB
S205004CB403F7
S205004CB527D2
S205004CB60AEE
S205004CB700F7
S205004CB813E3
S205004CB907EE
S205004CBA17DD
S205004CBB00F3
S205004CBC23CF
S205004CBD20D1
S205004CBEEA06
S205004CBF00EF
S205004CC0638B
S205004CC17479
S205004CC2B933
S205004CC301EA
S205004CC423C7
S205004CC58069
S205004CC6BD2B
S205004CC700E7
S205004CC803E3
S205004CC9C71E
S205004CCA07DD
S205004CCB00E3
S205004CCC934F
S205004CCD8D54
S205004CCE1DC3
S205004CCF00DF
S205004CD0E3FB
S205004CD1E0FD
S205004CD2E6F6
S205004CD3FEDD
S205004CD423B7
S205004CD58059
S205004CD60DCB
S205004CD700D7
S205004CD88353
S205004CD920B5
S205004CDAC113
S205004CDB06CD
S205004CDC03CF
S205004CDD24AD
S205004CDE814F
S205004CDF06C9
S205004CE0834B
S205004CE124A9
S205004CE2418B
S205004CE306C5
S205004CE48347
S205004CE529A0
S205004CE6C107
S205004CE705C2
S205004CE803C3
S205004CE92A9B
S205004CEA8143
S205004CEB05BE
S205004CEC833F
S205004CED2A97
S205004CEE417F
S205004CEF05BA
S205004CF003BB
S205004CF12B92
S205004CF201BB
S205004CF305B6
S205004CF48337
S205004CF52B8E
S205004CF6C1F7
S205004CF704B3
S205004CF88333
S205004CF92C89
S205004CFA4173
S205004CFB04AF
S205004CFC832F
S205004CFD2D84
S205004CFEC1EF
S205004CFF03AC
S205004D00139A
S205004D0105A7
S205004D0209A2
S205004D0300AA
S205004D0403A6
S205004D05297F
S205004D0601A6
S205004D0706A0
S205004D081392
S205004D0901A3
S205004D0A01A2
S205004D0B079B
S205004D0C673A
S205004D0D8020
S205004D0E009F
S205004D0F009E
S205004D10138A
S205004D110597
S205004D120497
S205004D13009A
S205004D149306
S205004D158513
S205004D160493
S205004D170096
S205004D181382
S205004D19068E
S205004D1A0093
S205004D1B0092
S205004D1C93FE
S205004D1D068A
S205004D1E008F
S205004D1F008E
S205004D20EF9E
S205004D21C0CC
S205004D225F2C
S205004D238109
S205004D246326
S205004D255A2E
S205004D26A0E7
S205004D270A7C
S205004D28B7CE
S205004D290C78
S205004D2A1073
S205004D2B0082
S205004D2C037E
S205004D2DA6DA
S205004D2E0C73
S205004D2F7E00
S205004D3083FA
S205004D31A6D6
S205004D324C2F
S205004D337EFC
S205004D341366
S205004D350573
S205004D360473
S205004D370076
S205004D3893E2
S205004D3985EF
S205004D3A046F
S205004D3B0072
S205004D3C234E
S205004D3D2050
S205004D3EA1CE
S205004D3F0569
S205004D40EF7E
S205004D41C0AC
S205004D42DF8C
S205004D439FCB
S205004D44B7B2
S205004D450761
S205004D461057
S205004D470066
S205004D480362
S205004D49ABB9
S205004D4A075C
S205004D4B7FE3
S205004D4C83DE
S205004D4DABB5
S205004D4E4718
S205004D4F7FDF
S205004D50134A
S205004D510D4F
S205004D520556
S205004D53005A
S205004D541346
S205004D550652
S205004D560B4C
S205004D570056
S205004D5893C2
S205004D5986CE
S205004D5A0B48
S205004D5B0052
S205004D5C93BE
S205004D5D8AC6
S205004D5E054A
S205004D5F004E
S205004D60EF5E
S205004D61C08C
S205004D625FEC
S205004D638DBD
S205004D6493B6
S205004D65093F
S205004D660047
S205004D670046
S205004D6863E2
S205004D6950F4
S205004D6A053E
S205004D6B1230
S205004D6C231E
S205004D6D241C
S205004D6E81BE
S205004D6F0539
S205004D70033A
S205004D71AC90
S205004D720C2F
S205004D737EBC
S205004D7483B6
S205004D75AC8C
S205004D764CEB
S205004D777EB8
S205004D781322
S205004D79052F
S205004D7A0D26
S205004D7B0032
S205004D7C939E
S205004D7D85AB
S205004D7E0A25
S205004D7F002E
S205004D80131A
S205004D810626
S205004D820C1F
S205004D83002A
S205004D849396
S205004D8586A2
S205004D860C1B
S205004D870026
S205004D88EF36
S205004D89C064
S205004D8A5FC4
S205004D8B9B87
S205004D8C130E
S205004D8D061A
S205004D8E0B14
S205004D8F001E
S205004D90938A
S205004D918696
S205004D920B10
S205004D93001A
S205004D941306
S205004D950414
S205004D960D0A
S205004D970016
S205004D989382
S205004D998490
S205004D9A0A09
S205004D9B0012
S205004D9C937E
S205004D9D8987
S205004D9EF916
S205004D9FFF0F
S205004DA013FA
S205004DA10DFF
S205004DA20506
S205004DA3000A
S205004DA49376
S205004DA58A7E
S205004DA60502
S205004DA70006
S205004DA8EF16
S205004DA9C044
S205004DAADF24
S205004DAB887A
S205004DACE31E
S205004DAD46BA
S205004DAE05FA
S205004DAFFC02
S205004DB023DA
S205004DB124D8
S205004DB2A15A
S205004DB303F7
S205004DB423D6
S205004DB526D2
S205004DB651A6
S205004DB703F3
S205004DB803F2
S205004DB92CC8
S205004DBA8172
S205004DBB04EE
S205004DBC03EE
S205004DBD2DC3
S205004DBE01EE
S205004DBF04EA
S205004DC0935A
S205004DC10AE2
S205004DC209E2
S205004DC300EA
S205004DC46F7A
S205004DC5F0F8
S205004DC61FC8
S205004DC7E006
S205004DC823C2
S205004DC900E4
S205004DCA09DA
S205004DCB00E2
S205004DCC6F72
S205004DCDF0F0
S205004DCEDF00
S205004DCFF0EE
S205004DD0A33A
S205004DD107D5
S205004DD209D2
S205004DD304D6
S205004DD46F6A
S205004DD5F0E8
S205004DD65F78
S205004DD7F0E6
S205004DD89342
S205004DD90ACA
S205004DDA09CA
S205004DDB00D2
S205004DDC933E
S205004DDD09C7
S205004DDE00CF
S205004DDF00CE
S205004DE06F5E
S205004DE1F0DC
S205004DE25F6C
S205004DE3DEEC
S205004DE49336
S205004DE58741
S205004DE60DBA
S205004DE700C6
S205004DE89332
S205004DE905BF
S205004DEA00C3
S205004DEB03BF
S205004DEC13AE
S205004DED06BA
S205004DEE902F
S205004DEF03BB
S205004DF0239A
S205004DF1803C
S205004DF2B704
S205004DF300BA
S205004DF46356
S205004DF56454
S205004DF6F9BE
S205004DF706B0
S205004DF813A2
S205004DF907AD
S205004DFA10A3
S205004DFB03AF
S205004DFC238E
S205004DFD8030
S205004DFEE7C8
S205004DFF00AE
S205004E0003A9
S205004E012784
S205004E020AA0
S205004E0300A9
S205004E049315
S205004E0505A2
S205004E069016
S205004E0703A2
S205004E081391
S205004E09069D
S205004E0A1092
S205004E0B039E
S205004E0C138D
S205004E0D0798
S205004E0E1787
S205004E0F009D
S205004E102379
S205004E11207B
S205004E12EAB0
S205004E130099
S205004E140395
S205004E15C7D0
S205004E16078F
S205004E170095
S205004E189301
S205004E19068D
S205004E1A9002
S205004E1B038E
S205004E1CE3AD
S205004E1DFC93
S205004E1EE5A9
S205004E1FEAA3
S205004E202369
S205004E21800B
S205004E22C7C3
S205004E230089
S205004E240385
S205004E252760
S205004E260A7C
S205004E270085
S205004E281371
S205004E29077C
S205004E2A176B
S205004E2B0081
S205004E2C235D
S205004E2D205F
S205004E2EEA94
S205004E2F007D
S205004E300379
S205004E31C7B4
S205004E320773
S205004E330079
S205004E34E395
S205004E35E691
S205004E36E690
S205004E37FE77
S205004E386F05
S205004E39F083
S205004E3ADF93
S205004E3BE988
S205004E3C036D
S205004E3DC7A8
S205004E3EF777
S205004E3FFF6E
S205004E4093D9
S205004E4186E5
S205004E42F773
S205004E43FF6A
S205004E441355
S205004E450760
S205004E46174F
S205004E470065
S205004E481351
S205004E4977EC
S205004E4AF76B
S205004E4B0F52
S205004E4CA3BD
S205004E4D8FD0
S205004E4EE777
S205004E4FFE5F
S205004E50E379
S205004E51F269
S205004E52E575
S205004E53E871
S205004E5493C5
S205004E5587D0
S205004E560650
S205004E570055
S205004E586FE5
S205004E59F063
S205004E5A9FB3
S205004E5BE170
S205004E5C034D
S205004E5DC788
S205004E5EF757
S205004E5FFF4E
S205004E6093B9
S205004E6186C5
S205004E62F753
S205004E63FF4A
S205004E641335
S205004E650740
S205004E66172F
S205004E670045
S205004E681331
S205004E6977CC
S205004E6AF74B
S205004E6B0F32
S205004E6CA39D
S205004E6D8FB0
S205004E6EE757
S205004E6FFE3F
S205004E70E359
S205004E7172C9
S205004E72E654
S205004E73E653
S205004E7493A5
S205004E7587B0
S205004E760630
S205004E770035
S205004E786FC5
S205004E79F043
S205004E7A9F93
S205004E7BF73A
S205004E7C032D
S205004E7D2C03
S205004E7E81AD
S205004E7F0429
S205004E800329
S205004E812DFE
S205004E820129
S205004E830425
S205004E846FB9
S205004E85F037
S205004E861F07
S205004E87D451
S205004E882301
S205004E8924FF
S205004E8AA181
S205004E8B031E
S205004E8C23FD
S205004E8D26F9
S205004E8E51CD
S205004E8F031A
S205004E900319
S205004E912DEE
S205004E920119
S205004E930415
S205004E949385
S205004E950A0D
S205004E96090D
S205004E970015
S205004E986FA5
S205004E99F023
S205004E9ADF33
S205004E9BD23F
S205004E9C13FD
S205004E9D0807
S205004E9E000E
S205004E9F000D
S205004EA06F9D
S205004EA1F01B
S205004EA21FEB
S205004EA3AE5B
S20510000010DA
S2051000010FDA
S20510000200E8
S20510000300E7
S205100004BC2A
S2051000050DD8
S20510000600E4
S20510000700E3
S205100008687A
S2051000090DD4
S20510000A00E0
S20510000B00DF
S20510000CBC22
S20510000D0ECF
S20510000E00DC
S20510000F00DB
S2051000106872
S2051000110DCC
S20510001200D8
S20510001300D7
S205100014CC0A
S2051000150DC8
S20510001600D4
S20510001700D3
S205100018686A
S2051000190DC4
S20510001A00D0
S20510001B00CF
S20510001CBC12
S20510001D0EBF
S20510001E00CC
S20510001F00CB
S205100020BC0E
S2051000210DBC
S20510002200C8
S20510002300C7
S205100024BC0A
S2051000250DB8
S20510002600C4
S20510002700C3
S205100028CCF6
S2051000290DB4
S20510002A00C0
S20510002B00BF
S20510002CBC02
S20510002D0EAF
S20510002E00BC
S20510002F00BB
S2051000304872
S2051000310EAB
S20510003200B8
S20510003300B7
S205100034486E
S2051000350EA7
S20510003600B4
S20510003700B3
S205100038486A
S2051000390EA3
S20510003A00B0
S20510003B00AF
S20510003CCCE2
S20510003D0DA0
S20510003E00AC
S20510003F00AB
S20510004000AA
S20510004101A8
S20510004202A6
S20510004302A5
S20510004403A3
S20510004503A2
S20510004603A1
S20510004703A0
S205100048049E
S205100049049D
S20510004A049C
S20510004B049B
S20510004C049A
S20510004D0499
S20510004E0498
S20510004F0497
S2051000500595
S2051000510594
S2051000520593
S2051000530592
S2051000540591
S2051000550590
S205100056058F
S205100057058E
S205100058058D
S205100059058C
S20510005A058B
S20510005B058A
S20510005C0589
S20510005D0588
S20510005E0587
S20510005F0586
S2051000600684
S2051000610683
S2051000620682
S2051000630681
S2051000640680
S205100065067F
S205100066067E
S205100067067D
S205100068067C
S205100069067B
S20510006A067A
S20510006B0679
S20510006C0678
S20510006D0677
S20510006E0676
S20510006F0675
S2051000700674
S2051000710673
S2051000720672
S2051000730671
S2051000740670
S205100075066F
S205100076066E
S205100077066D
S205100078066C
S205100079066B
S20510007A066A
S20510007B0669
S20510007C0668
S20510007D0667
S20510007E0666
S20510007F0665
S2051000800763
S2051000810762
S2051000820761
S2051000830760
S205100084075F
S205100085075E
S205100086075D
S205100087075C
S205100088075B
S205100089075A
S20510008A0759
S20510008B0758
S20510008C0757
S20510008D0756
S20510008E0755
S20510008F0754
S2051000900753
S2051000910752
S2051000920751
S2051000930750
S205100094074F
S205100095074E
S205100096074D
S205100097074C
S205100098074B
S205100099074A
S20510009A0749
S20510009B0748
S20510009C0747
S20510009D0746
S20510009E0745
S20510009F0744
S2051000A00743
S2051000A10742
S2051000A20741
S2051000A30740
S2051000A4073F
S2051000A5073E
S2051000A6073D
S2051000A7073C
S2051000A8073B
S2051000A9073A
S2051000AA0739
S2051000AB0738
S2051000AC0737
S2051000AD0736
S2051000AE0735
S2051000AF0734
S2051000B00733
S2051000B10732
S2051000B20731
S2051000B30730
S2051000B4072F
S2051000B5072E
S2051000B6072D
S2051000B7072C
S2051000B8072B
S2051000B9072A
S2051000BA0729
S2051000BB0728
S2051000BC0727
S2051000BD0726
S2051000BE0725
S2051000BF0724
S2051000C00822
S2051000C10821
S2051000C20820
S2051000C3081F
S2051000C4081E
S2051000C5081D
S2051000C6081C
S2051000C7081B
S2051000C8081A
S2051000C90819
S2051000CA0818
S2051000CB0817
S2051000CC0816
S2051000CD0815
S2051000CE0814
S2051000CF0813
S2051000D00812
S2051000D10811
S2051000D20810
S2051000D3080F
S2051000D4080E
S2051000D5080D
S2051000D6080C
S2051000D7080B
S2051000D8080A
S2051000D90809
S2051000DA0808
S2051000DB0807
S2051000DC0806
S2051000DD0805
S2051000DE0804
S2051000DF0803
S2051000E00802
S2051000E10801
S2051000E20800
S2051000E308FF
S2051000E408FE
S2051000E508FD
S2051000E608FC
S2051000E708FB
S2051000E808FA
S2051000E908F9
S2051000EA08F8
S2051000EB08F7
S2051000EC08F6
S2051000ED08F5
S2051000EE08F4
S2051000EF08F3
S2051000F008F2
S2051000F108F1
S2051000F208F0
S2051000F308EF
S2051000F408EE
S2051000F508ED
S2051000F608EC
S2051000F708EB
S2051000F808EA
S2051000F908E9
S2051000FA08E8
S2051000FB08E7
S2051000FC08E6
S2051000FD08E5
S2051000FE08E4
S2051000FF08E3
S20510010008E1
S20510010108E0
S20510010208DF
S20510010308DE
S20510010408DD
S20510010508DC
S20510010608DB
S20510010708DA
S20510010808D9
S20510010908D8
S20510010A08D7
S20510010B08D6
S20510010C08D5
S20510010D08D4
S20510010E08D3
S20510010F08D2
S20510011008D1
S20510011108D0
S20510011208CF
S20510011308CE
S20510011408CD
S20510011508CC
S20510011608CB
S20510011708CA
S20510011808C9
S20510011908C8
S20510011A08C7
S20510011B08C6
S20510011C08C5
S20510011D08C4
S20510011E08C3
S20510011F08C2
S20510012008C1
S20510012108C0
S20510012208BF
S20510012308BE
S20510012408BD
S20510012508BC
S20510012608BB
S20510012708BA
S20510012808B9
S20510012908B8
S20510012A08B7
S20510012B08B6
S20510012C08B5
S20510012D08B4
S20510012E08B3
S20510012F08B2
S20510013008B1
S20510013108B0
S20510013208AF
S20510013308AE
S20510013408AD
S20510013508AC
S20510013608AB
S20510013708AA
S20510013808A9
S20510013908A8
S20510013A08A7
S20510013B08A6
S20510013C08A5
S20510013D08A4
S20510013E08A3
S20510013F08A2
S2051001404465
S2051001417533
S2051001426D3A
S2051001437036
S205100144693C
S2051001456E36
S205100146673C
S2051001472082
S2051001487829
S2051001496D33
S20510014A653A
S20510014B6D31
S20510014C207D
S20510014D6438
S20510014E613A
S20510014F7426
S2051001506138
S2051001512078
S2051001526136
S2051001537422
S2051001542075
S2051001556133
S205100156642F
S205100157642E
S205100158721F
S205100159652B
S20510015A731C
S20510015B731B
S20510015C3A53
S20510015D206C
S20510015E305B
S20510015F7812
S2051001602564
S2051001613058
S205100162384F
S205100163780E
S2051001642065
S2051001652C58
S2051001662063
S2051001676220
S2051001687908
S205100169740C
S20510016A651A
S20510016B205E
S20510016C6C11
S20510016D6517
S20510016E6E0D
S20510016F6713
S2051001707405
S2051001716810
S2051001722057
S2051001732551
S2051001746411
S2051001752054
S205100176284B
S205100177640E
S205100178650C
S205100179630D
S20510017A6906
S20510017B6D01
S20510017C610C
S20510017D6C00
S20510017E2942
S20510017F0A60
S2051001800069
S2051001810068
S2051001820067
S2051001830066
S2051001844421
S20510018575EF
S2051001866DF6
S20510018770F2
S20510018865FC
S20510018964FC
S20510018A203F
S20510018B2539
S20510018C64F9
S20510018D203C
S20510018E62F9
S20510018F79E1
S20510019074E5
S20510019165F3
S20510019273E4
S2051001930A4C
S2051001940055
S2051001950054
S2051001960053
S2051001970052
S2051001980A47
S2051001994C04
S20510019A6FE0
S20510019B61ED
S20510019C64E9
S20510019D69E3
S20510019E6EDD
S20510019F67E3
S2051001A02029
S2051001A14305
S2051001A26FD8
S2051001A36ED8
S2051001A466DF
S2051001A569DB
S2051001A667DC
S2051001A775CD
S2051001A872CF
S2051001A961DF
S2051001AA74CB
S2051001AB69D5
S2051001AC6FCE
S2051001AD6ECE
S2051001AE201B
S2051001AF66D4
S2051001B069D0
S2051001B16CCC
S2051001B265D2
S2051001B30A2C
S2051001B40A2B
S2051001B50034
S2051001B60033
S2051001B70032
S2051001B84CE5
S2051001B96FC1
S2051001BA61CE
S2051001BB64CA
S2051001BC65C8
S2051001BD64C8
S2051001BE200B
S2051001BF2505
S2051001C064C5
S2051001C12008
S2051001C262C5
S2051001C379AD
S2051001C474B1
S2051001C565BF
S2051001C673B0
S2051001C70A18
S2051001C80021
S2051001C90020
S2051001CA001F
S2051001CB001E
S2051001CC78A5
S2051001CD6DAF
S2051001CE65B6
S2051001CF6DAD
S2051001D05FBA
S2051001D173A5
S2051001D272A5
S2051001D363B3
S2051001D45FB6
S2051001D561B3
S2051001D664AF
S2051001D764AE
S2051001D8729F
S2051001D93AD6
S2051001DA20EF
S2051001DB30DE
S2051001DC7895
S2051001DD25E7
S2051001DE30DB
S2051001DF38D2
S2051001E07891
S2051001E10AFE
S2051001E20007
S2051001E30006
S2051001E4788D
S2051001E56D97
S2051001E6659E
S2051001E76D95
S2051001E85FA2
S2051001E9649C
S2051001EA738C
S2051001EB748A
S2051001EC5F9E
S2051001ED619B
S2051001EE6497
S2051001EF6496
S2051001F07287
S2051001F13ABE
S2051001F220D7
S2051001F330C6
S2051001F4787D
S2051001F525CF
S2051001F630C3
S2051001F738BA
S2051001F87879
S2051001F90AE6
S2051001FA00EF
S2051001FB00EE
S2051001FC7875
S2051001FD6D7F
S2051001FE6388
S2051001FF5F8B
S2051002006E7A
S2051002017572
S2051002026D79
S2051002035F86
S2051002046282
S205100205796A
S205100206746E
S205100207657C
S205100208736D
S2051002093AA5
S20510020A20BE
S20510020B30AD
S20510020C7864
S20510020D25B6
S20510020E30AA
S20510020F38A1
S2051002107860
S20510021120B7
S20510021228AE
S20510021325B0
S2051002146470
S20510021520B3
S205100216646E
S205100217656C
S205100218636D
S2051002196966
S20510021A6D61
S20510021B616C
S20510021C6C60
S20510021D29A2
S20510021E0AC0
S20510021F0ABF
S20510022000C8
S20510022100C7
S20510022200C6
S20510022300C5
S2051002244C78
S2051002256F54
S2051002266161
S205100227645D
S2051002286957
S2051002296E51
S20510022A6757
S20510022B209D
S20510022C6953
S20510022D6E4D
S20510022E704A
S20510022F7544
S2051002307444
S2051002312097
S2051002327442
S2051002336550
S2051002347341
S205100235743F
S2051002362092
S205100237644D
S205100238614F
S205100239743B
S20510023A614D
S20510023B3A73
S20510023C208C
S20510023D7437
S20510023E6F3B
S20510023F2089
S2051002407830
S2051002416D3A
S2051002426541
S2051002436D38
S2051002442084
S2051002456142
S205100246643E
S205100247643D
S205100248722E
S205100249653A
S20510024A732B
S20510024B732A
S20510024C207C
S20510024D2576
S20510024E3862
S20510024F7821
S2051002502078
S2051002512C6B
S2051002522076
S2051002536233
S205100254791B
S205100255741F
S205100256652D
S2051002572071
S2051002586C24
S205100259652A
S20510025A6E20
S20510025B6726
S20510025C7418
S20510025D6823
S20510025E206A
S20510025F3A4F
S2051002602068
S2051002612562
S2051002626422
S2051002630A7B
S2051002640084
S2051002650083
S2051002660082
S2051002670081
S205100268532D
S205100269740B
S20510026A611D
S20510026B720B
S20510026C7408
S20510026D6912
S20510026E6E0C
S20510026F6712
S2051002702058
S20510027178FF
S2051002726D09
S2051002736510
S2051002746D07
S2051002752053
S205100276630F
S2051002776F02
S2051002787000
S20510027979F6
S20510027A204E
S20510027B6FFE
S20510027C6606
S20510027D204B
S20510027E2545
S20510027F6405
S2051002802048
S2051002816205
S20510028279ED
S20510028374F1
S20510028465FF
S20510028573F0
S2051002862042
S20510028766FB
S20510028872EE
S2051002896FF0
S20510028A6DF1
S20510028B203D
S20510028C61FB
S20510028D64F7
S20510028E64F6
S20510028F72E7
S2051002902038
S2051002913027
S20510029278DE
S2051002932530
S2051002943024
S205100295381B
S20510029678DA
S2051002972031
S20510029874DC
S2051002996FE0
S20510029A202E
S20510029B61EC
S20510029C64E8
S20510029D64E7
S20510029E72D8
S20510029F2029
S2051002A03018
S2051002A178CF
S2051002A22521
S2051002A33015
S2051002A4380C
S2051002A578CB
S2051002A60A38
S2051002A70041
S2051002A80A36
S2051002A92A15
S2051002AA2A14
S2051002AB2A13
S2051002AC201C
S2051002AD53E8
S2051002AE6FCB
S2051002AF66D3
S2051002B074C4
S2051002B177C0
S2051002B261D5
S2051002B372C3
S2051002B465CF
S2051002B52D06
S2051002B66FC3
S2051002B76EC3
S2051002B86CC4
S2051002B979B6
S2051002BA200E
S2051002BB70BD
S2051002BC61CB
S2051002BD74B7
S2051002BE68C2
S2051002BF2009
S2051002C065C3
S2051002C178AF
S2051002C265C1
S2051002C363C2
S2051002C475AF
S2051002C574AF
S2051002C665BD
S2051002C764BD
S2051002C82000
S2051002C928F7
S2051002CA58C6
S2051002CB4FCE
S2051002CC46D6
S2051002CD46D5
S2051002CE29F1
S2051002CF20F9
S2051002D02AEE
S2051002D12AED
S2051002D22AEC
S2051002D30A0B
S2051002D40A0A
S2051002D50013
S2051002D60012
S2051002D70011
S2051002D80A06
S2051002D92AE5
S2051002DA2AE4
S2051002DB2AE3
S2051002DC20EC
S2051002DD41CA
S2051002DE63A7
S2051002DF63A6
S2051002E065A3
S2051002E16C9B
S2051002E265A1
S2051002E37293
S2051002E461A3
S2051002E5748F
S2051002E66F93
S2051002E7728F
S2051002E820E0
S2051002E9708F
S2051002EA619D
S2051002EB7489
S2051002EC6894
S2051002ED20DB
S2051002EE6595
S2051002EF7881
S2051002F06593
S2051002F16394
S2051002F27581
S2051002F37481
S2051002F4658F
S2051002F5648F
S2051002F620D2
S2051002F728C9
S2051002F85898
S2051002F94FA0
S2051002FA4EA0
S2051002FB29C4
S2051002FC20CC
S2051002FD2AC1
S2051002FE2AC0
S2051002FF2ABF
S2051003000ADD
S2051003010ADC
S20510030200E5
S20510030300E4
S2051003040AD9
S205100305489A
S205100306459C
S2051003074C94
S2051003084C93
S2051003094F8F
S20510030A20BD
S20510030B4D8F
S20510030C4596
S20510030D4D8D
S20510030E20B9
S20510030F4395
S2051003104F88
S2051003115086
S205100312597C
S20510031320B4
S2051003145281
S205100315458D
S205100316468B
S205100317458B
S205100318527D
S2051003194589
S20510031A4E7F
S20510031B4389
S20510031C4586
S20510031D0AC0
S20510031E00C9
S20510031F00C8
S2051003200ABD
S2051003214E78
S2051003226560
S205100323774D
S20510032420A3
S205100325744E
S205100326655C
S205100327734D
S205100328744B
S205100329209E
S20510032A6E4F
S20510032B6F4D
S20510032C7447
S20510032D209A
S20510032E6752
S20510032F6553
S2051003306E49
S2051003316551
S2051003327243
S2051003336153
S205100334743F
S205100335654D
S205100336644D
S2051003372C84
S205100338208F
S2051003397935
S20510033A6F3E
S20510033B7537
S20510033C208B
S20510033D6D3D
S20510033E6148
S20510033F792F
S2051003402087
S205100341673F
S2051003426540
S2051003436E36
S205100344653E
S2051003457230
S2051003466140
S205100347742C
S205100348653A
S205100349207E
S20510034A6E2F
S20510034B6537
S20510034C7724
S20510034D207A
S20510034E7425
S20510034F6533
S2051003507324
S2051003517422
S2051003522075
S205100353662E
S2051003547221
S2051003556F23
S2051003566D24
S2051003572070
S205100358721D
S2051003597519
S20510035A6E1F
S20510035B7319
S20510035C701B
S20510035D6129
S20510035E6326
S20510035F6523
S2051003602067
S2051003617016
S2051003627213
S2051003636F15
S2051003646D16
S2051003657012
S205100366740D
S2051003672060
S205100368621D
S2051003697905
S20510036A3A43
S20510036B0A72
S20510036C007B
S20510036D007A
S20510036E0079
S20510036F0078
S2051003707007
S20510037179FD
S2051003727401
S205100373680C
S2051003746F04
S2051003756E04
S205100376333E
S2051003772050
S205100378610E
S20510037970FE
S20510037A70FD
S20510037B5F0D
S20510037C73F8
S20510037D72F8
S20510037E6306
S20510037F5F09
S2051003806403
S20510038169FD
S20510038272F3
S2051003832F35
S20510038467FC
S20510038565FD
S2051003866EF3
S2051003875F01
S20510038878E7
S2051003896DF1
S20510038A65F8
S20510038B6DEF
S20510038C63F8
S20510038D70EA
S20510038E79E0
S20510038F5FF9
S20510039074E3
S20510039165F1
S20510039273E2
S20510039374E0
S2051003942E25
S20510039570E2
S20510039679D8
S2051003973A16
S2051003980A45
S205100399004E
S20510039A004D
S20510039B004C
S20510039C78D3
S20510039D6DDD
S20510039E65E4
S20510039F6DDB
S2051003A063E4
S2051003A170D6
S2051003A279CC
S2051003A35FE5
S2051003A474CF
S2051003A565DD
S2051003A673CE
S2051003A774CC
S2051003A85FE0
S2051003A969D5
S2051003AA6ECF
S2051003AB2E0E
S2051003AC74C7
S2051003AD78C2
S2051003AE74C5
S2051003AF0038
S2051003B078BF
S2051003B16DC9
S2051003B265D0
S2051003B36DC7
S2051003B463D0
S2051003B570C2
S2051003B679B8
S2051003B75FD1
S2051003B874BB
S2051003B965C9
S2051003BA73BA
S2051003BB74B8
S2051003BC5FCC
S2051003BD63C7
S2051003BE6FBA
S2051003BF6EBA
S2051003C066C1
S2051003C169BD
S2051003C267BE
S2051003C32EF6
S2051003C474AF
S2051003C578AA
S2051003C674AD
S2051003C70020
S2051003C878A7
S2051003C96DB1
S2051003CA65B8
S2051003CB6DAF
S2051003CC63B8
S2051003CD70AA
S2051003CE79A0
S2051003CF5FB9
S2051003D074A3
S2051003D165B1
S2051003D273A2
S2051003D374A0
S2051003D45FB4
S2051003D56FA3
S2051003D6759C
S2051003D7749C
S2051003D82EE1
S2051003D9749A
S2051003DA7895
S2051003DB7498
S2051003DC000B
S2051003DD000A
S2051003DE0009
S2051003DF0008
S2051003E00AFD
S2051003E141C5
S2051003E263A2
S2051003E363A1
S2051003E4659E
S2051003E56C96
S2051003E6659C
S2051003E7728E
S2051003E8619E
S2051003E9748A
S2051003EA6F8E
S2051003EB728A
S2051003EC20DB
S2051003ED44B6
S2051003EE6990
S2051003EF7385
S2051003F06196
S2051003F16294
S2051003F26C89
S2051003F3658F
S2051003F4648F
S2051003F50AE8
S2051003F600F1
S2051003F700F0
S2051003F80AE5
S2051003F943AB
S2051003FA6885
S2051003FB6587
S2051003FC6388
S2051003FD6B7F
S2051003FE20C9
S2051003FF7672
S2051004006185
S2051004016C79
S205100402756F
S205100403657E
S205100404736F
S20510040520C1
S205100406617F
S205100407746B
S20510040820BE
S2051004097865
S20510040A6D6F
S20510040B6576
S20510040C6D6D
S20510040D6376
S20510040E7068
S20510040F795E
S2051004105F77
S2051004117461
S205100412656F
S2051004137360
S205100414745E
S2051004155F72
S2051004166F61
S205100417755A
S205100418745A
S2051004192E9F
S20510041A7458
S20510041B7853
S20510041C7456
S20510041D20A9
S20510041E7652
S20510041F7354
S2051004202E98
S20510042120A5
S205100422784C
S2051004236D56
S205100424655D
S2051004256D54
S205100426635D
S205100427704F
S2051004287945
S2051004295F5E
S20510042A7448
S20510042B6556
S20510042C7347
S20510042D7445
S20510042E5F59
S20510042F694E
S2051004306E48
S2051004312E87
S2051004327440
S205100433783B
S205100434743E
S2051004350AA7
S20510043600B0
S20510043700AF
S205100438703E
S2051004397934
S20510043A7438
S20510043B6843
S20510043C6F3B
S20510043D6E3B
S20510043E3375
S20510043F2087
S2051004406145
S2051004417035
S2051004427034
S2051004435F44
S205100444732F
S205100445722F
S205100446633D
S2051004475F40
S205100448643A
S2051004496934
S20510044A722A
S20510044B2F6C
S20510044C6337
S20510044D6831
S20510044E6533
S20510044F6334
S2051004506B2B
S2051004515F36
S205100452781C
S2051004536D26
S205100454652D
S2051004556D24
S205100456632D
S205100457701F
S2051004587915
S2051004592E5F
S20510045A701C
S20510045B7912
S20510045C008A
S20510045D0089
S20510045E0088
S20510045F0087
S2051004600A7C
S2051004614540
S2051004625232
S2051004635231
S2051004644F33
S205100465522F
S2051004662060
S205100467720D
S2051004686519
S205100469611C
S20510046A6418
S20510046B6912
S20510046C6E0C
S20510046D6712
S20510046E2058
S20510046F690E
S2051004706E08
S2051004717401
S2051004726F05
S2051004732053
S205100474680A
S205100475650C
S20510047678F8
S205100477204F
S205100478610D
S205100479204D
S20510047A6EFE
S20510047B6FFC
S20510047C6EFC
S20510047D2049
S20510047E6800
S20510047F6502
S20510048078EE
S2051004812045
S2051004826301
S20510048368FB
S2051004846101
S20510048572EF
S2051004862E32
S2051004870A55
S205100488005E
S205100489005D
S20510048A005C
S20510048B005B
S20510048C2436
S20510048D70E9
S20510048E79DF
S20510048F73E4
S20510049068EE
S20510049165F0
S2051004926CE8
S2051004936CE7
S2051004942032
S2051004956FE2
S20510049670E0
S20510049765EA
S2051004986EE0
S2051004994607
S20510049A69E3
S20510049B6CDF
S20510049C65E5
S20510049D2821
S20510049E2226
S20510049F2522
S2051004A073D3
S2051004A12223
S2051004A22C18
S2051004A3271C
S2051004A4251D
S2051004A563DE
S2051004A62719
S2051004A72916
S2051004A80A34
S2051004A9003D
S2051004AA003C
S2051004AB003B
S2051004AC2416
S2051004AD70C9
S2051004AE79BF
S2051004AF73C4
S2051004B068CE
S2051004B165D0
S2051004B26CC8
S2051004B36CC7
S2051004B42012
S2051004B563CE
S2051004B66CC4
S2051004B76FC0
S2051004B873BB
S2051004B965C8
S2051004BA46E6
S2051004BB69C2
S2051004BC6CBE
S2051004BD65C4
S2051004BE2800
S2051004BF2502
S2051004C064C2
S2051004C129FC
S2051004C20A1A
S2051004C30023
S2051004C424FE
S2051004C570B1
S2051004C679A7
S2051004C773AC
S2051004C868B6
S2051004C965B8
S2051004CA6CB0
S2051004CB6CAF
S2051004CC20FA
S2051004CD73A6
S2051004CE6FA9
S2051004CF63B4
S2051004D053C3
S2051004D174A1
S2051004D261B3
S2051004D372A1
S2051004D4749E
S2051004D546CB
S2051004D667A9
S2051004D765AA
S2051004D8749A
S2051004D948C5
S2051004DA65A7
S2051004DB7893
S2051004DC46C4
S2051004DD28E1
S2051004DE25E3
S2051004DF64A3
S2051004E02CDA
S2051004E125E0
S2051004E264A0
S2051004E32CD7
S2051004E430D2
S2051004E57889
S2051004E625DB
S2051004E77887
S2051004E829D5
S2051004E90AF3
S2051004EA00FC
S2051004EB00FB
S2051004EC24D6
S2051004ED7089
S2051004EE797F
S2051004EF7384
S2051004F0688E
S2051004F16590
S2051004F26C88
S2051004F36C87
S2051004F420D2
S2051004F5737E
S2051004F66F81
S2051004F7638C
S2051004F843AB
S2051004F96885
S2051004FA6587
S2051004FB6388
S2051004FC6B7F
S2051004FD46A3
S2051004FE6781
S2051004FF6582
S2051005007471
S205100501489C
S205100502657E
S205100503786A
S205100504469B
S20510050528B8
S20510050629B6
S2051005070AD4
S20510050800DD
S20510050900DC
S20510050A00DB
S20510050B00DA
S20510050C24B5
S20510050D7068
S20510050E795E
S20510050F7363
S205100510686D
S205100511656F
S2051005126C67
S2051005136C66
S20510051420B1
S205100515735D
S2051005166F60
S205100517636B
S205100518537A
S2051005197458
S20510051A616A
S20510051B7258
S20510051C7455
S20510051D4682
S20510051E7057
S20510051F7551
S2051005207451
S205100521487C
S205100522655E
S205100523784A
S205100524467B
S2051005252898
S205100526259A
S205100527645A
S2051005282C91
S2051005292597
S20510052A6457
S20510052B2C8E
S20510052C2594
S20510052D6454
S20510052E2C8B
S20510052F3086
S205100530783D
S205100531258F
S205100532783B
S2051005332989
S2051005340AA7
S20510053500B0
S20510053600AF
S20510053700AE
S2051005382489
S205100539703C
S20510053A7932
S20510053B7337
S20510053C6841
S20510053D6543
S20510053E6C3B
S20510053F6C3A
S2051005402085
S2051005417331
S2051005426F34
S205100543633F
S205100544435E
S2051005456838
S205100546653A
S205100547633B
S2051005486B32
S2051005494656
S20510054A702B
S20510054B7525
S20510054C7425
S20510054D4850
S20510054E6532
S20510054F781E
S205100550464F
S205100551286C
S205100552296A
S2051005530A88
S2051005540091
S2051005550090
S205100556008F
S205100557008E
S2051005582469
S205100559701C
S20510055A7912
S20510055B7317
S20510055C6821
S20510055D6523
S20510055E6C1B
S20510055F6C1A
S2051005602065
S2051005617311
S205100562790A
S205100563730F
S205100564433E
S205100565611F
S2051005666C13
S2051005676C12
S2051005682855
S205100569225A
S20510056A2556
S20510056B7307
S20510056C2257
S20510056D294F
S20510056E0A6D
S20510056F0076
S2051005702451
S2051005717004
S20510057279FA
S20510057373FF
S2051005746809
S205100575650B
S2051005766C03
S2051005776C02
S205100578204D
S20510057971FB
S20510057A75F6
S20510057B6901
S20510057C74F5
S20510057D4127
S20510057E70F7
S20510057F70F6
S205100580283D
S205100581293B
S2051005820A59
S2051005830062
S2051005843031
S205100585312F
S205100586322D
S205100587332B
S2051005883429
S2051005893527
S20510058A3625
S20510058B3723
S20510058C3821
S20510058D391F
S20510058E61F6
S20510058F62F4
S20510059063F2
S20510059164F0
S20510059265EE
S20510059366EC
S20510059467EA
S20510059568E8
S20510059669E6
S2051005976AE4
S2051005986BE2
S2051005996CE0
S20510059A6DDE
S20510059B6EDC
S20510059C6FDA
S20510059D70D8
S20510059E71D6
S20510059F72D4
S2051005A073D2
S2051005A174D0
S2051005A275CE
S2051005A376CC
S2051005A477CA
S2051005A578C8
S2051005A679C6
S2051005A77AC4
S2051005A8003D
S2051005A9003C
S2051005AA003B
S2051005AB003A
S2051005AC3009
S2051005AD3107
S2051005AE3205
S2051005AF3303
S2051005B03401
S2051005B135FF
S2051005B236FD
S2051005B337FB
S2051005B438F9
S2051005B539F7
S2051005B641EE
S2051005B742EC
S2051005B843EA
S2051005B944E8
S2051005BA45E6
S2051005BB46E4
S2051005BC47E2
S2051005BD48E0
S2051005BE49DE
S2051005BF4ADC
S2051005C04BDA
S2051005C14CD8
S2051005C24DD6
S2051005C34ED4
S2051005C44FD2
S2051005C550D0
S2051005C651CE
S2051005C752CC
S2051005C853CA
S2051005C954C8
S2051005CA55C6
S2051005CB56C4
S2051005CC57C2
S2051005CD58C0
S2051005CE59BE
S2051005CF5ABC
S2051005D00015
S2051005D10014
S2051005D20013
S2051005D30012
S2051005D43CD5
S2051005D54EC2
S2051005D655BA
S2051005D74CC2
S2051005D84CC1
S2051005D93ECE
S2051005DA000B
S2051005DB000A
S2051005DC54B5
S2051005DD39CF
S2051005DE0007
S2051005DF0006
S2051005E0D035
S2051005E138CC
S2051005E20003
S2051005E30002
S2051005E4D031
S2051005E538C8
S2051005E600FF
S2051005E700FE
S2051005E848B5
S2051005E939C3
S2051005EA00FB
S2051005EB00FA
S2051005ECD029
S2051005ED38C0
S2051005EE00F7
S2051005EF00F6
S2051005F0D025
S2051005F138BC
S2051005F200F3
S2051005F300F2
S2051005F4D021
S2051005F538B8
S2051005F600EF
S2051005F700EE
S2051005F8D01D
S2051005F938B4
S2051005FA00EB
S2051005FB00EA
S2051005FCD019
S2051005FD38B0
S2051005FE00E7
S2051005FF00E6
S205100600D014
S20510060138AB
S20510060200E2
S20510060300E1
S205100604D010
S20510060538A7
S20510060600DE
S20510060700DD
S2051006083CA0
S20510060939A2
S20510060A00DA
S20510060B00D9
S20510060CD008
S20510060D389F
S20510060E00D6
S20510060F00D5
S20510061030A4
S205100611399A
S20510061200D2
S20510061300D1
S205100614D000
S2051006153897
S20510061600CE
S20510061700CD
S205100618D0FC
S2051006193893
S20510061A00CA
S20510061B00C9
S20510061C24A4
S20510061D398E
S20510061E00C6
S20510061F00C5
S2051006204480
S2051006214380
S20510062200C2
S20510062300C1
S2051006246060
S2051006253986
S20510062600BE
S20510062700BD
S205100628605C
S2051006293982
S20510062A00BA
S20510062B00B9
S20510062C6058
S20510062D397E
S20510062E00B6
S20510062F00B5
S2051006306054
S205100631397A
S20510063200B2
S20510063300B1
S2051006346050
S2051006353976
S20510063600AE
S20510063700AD
S205100638604C
S2051006393972
S20510063A00AA
S20510063B00A9
S20510063C6048
S20510063D396E
S20510063E00A6
S20510063F00A5
S2051006406044
S205100641396A
S20510064200A2
S20510064300A1
S2051006446040
S2051006453966
S205100646009E
S205100647009D
S205100648603C
S2051006493962
S20510064A009A
S20510064B0099
S20510064C6038
S20510064D395E
S20510064E0096
S20510064F0095
S2051006506034
S205100651395A
S2051006520092
S2051006530091
S2051006546030
S2051006553956
S205100656008E
S205100657008D
S205100658602C
S2051006593952
S20510065A008A
S20510065B0089
S20510065C6028
S20510065D394E
S20510065E0086
S20510065F0085
S2051006606024
S205100661394A
S2051006620082
S2051006630081
S2051006646020
S2051006653946
S205100666007E
S205100667007D
S205100668601C
S2051006693942
S20510066A007A
S20510066B0079
S20510066C6018
S20510066D393E
S20510066E0076
S20510066F0075
S2051006706014
S205100671393A
S2051006720072
S2051006730071
S2051006746010
S2051006753936
S205100676006E
S205100677006D
S205100678600C
S2051006793932
S20510067A006A
S20510067B0069
S20510067CA0C8
S20510067D4621
S20510067E0066
S20510067F0065
S2051006806004
S205100681392A
S2051006820062
S2051006830061
S2051006846000
S2051006853926
S205100686005E
S205100687005D
S20510068860FC
S2051006893922
S20510068A005A
S20510068B0059
S20510068C60F8
S20510068D391E
S20510068E0056
S20510068F0055
S20510069060F4
S205100691391A
S2051006920052
S2051006930051
S20510069460F0
S2051006953916
S205100696004E
S205100697004D
S20510069860EC
S2051006993912
S20510069A004A
S20510069B0049
S20510069C60E8
S20510069D390E
S20510069E0046
S20510069F0045
S2051006A098AC
S2051006A146FD
S2051006A20042
S2051006A30041
S2051006A460E0
S2051006A53906
S2051006A6003E
S2051006A7003D
S2051006A8F844
S2051006A93DFE
S2051006AA003A
S2051006AB0039
S2051006AC3CFC
S2051006AD46F1
S2051006AE0036
S2051006AF0035
S2051006B060D4
S2051006B139FA
S2051006B20032
S2051006B30031
S2051006B42C04
S2051006B53CF3
S2051006B6002E
S2051006B7002D
S2051006B860CC
S2051006B939F2
S2051006BA002A
S2051006BB0029
S2051006BC60C8
S2051006BD39EE
S2051006BE0026
S2051006BF0025
S2051006C03CE8
S2051006C146DD
S2051006C20022
S2051006C30021
S2051006C460C0
S2051006C539E6
S2051006C6001E
S2051006C7001D
S2051006C860BC
S2051006C939E2
S2051006CA001A
S2051006CB0019
S2051006CC60B8
S2051006CD39DE
S2051006CE0016
S2051006CF0015
S2051006D060B4
S2051006D139DA
S2051006D20012
S2051006D30011
S2051006D460B0
S2051006D539D6
S2051006D6000E
S2051006D7000D
S2051006D8FC10
S2051006D93AD1
S2051006DA000A
S2051006DB0009
S2051006DC40C8
S2051006DD3EC9
S2051006DE0006
S2051006DF0005
S2051006E060A4
S2051006E139CA
S2051006E20002
S2051006E30001
S2051006E460A0
S2051006E539C6
S2051006E600FE
S2051006E700FD
S2051006E814E8
S2051006E93BC0
S2051006EA00FA
S2051006EB00F9
S2051006EC6098
S2051006ED39BE
S2051006EE00F6
S2051006EF00F5
S2051006F048AC
S2051006F13AB9
S2051006F200F2
S2051006F300F1
S2051006F46090
S2051006F539B6
S2051006F600EE
S2051006F700ED
S2051006F8608C
S2051006F939B2
S2051006FA00EA
S2051006FB00E9
S2051006FC08E0
S2051006FD3BAC
S2051006FE00E6
S2051006FF00E5
S205100700ECF7
S20510070141A1
S20510070200E1
S20510070300E0
S205100704647B
S20510070539A5
S20510070600DD
S20510070700DC
S2051007086477
S20510070939A1
S20510070A00D9
S20510070B00D8
S20510070C6473
S20510070D399D
S20510070E00D5
S20510070F00D4
S205100710646F
S2051007113999
S20510071200D1
S20510071300D0
S205100714646B
S2051007153995
S20510071600CD
S20510071700CC
S2051007186467
S2051007193991
S20510071A00C9
S20510071B00C8
S20510071C6463
S20510071D398D
S20510071E00C5
S20510071F00C4
S205100720645F
S2051007213989
S20510072200C1
S20510072300C0
S205100724645B
S2051007253985
S20510072600BD
S20510072700BC
S2051007286457
S2051007293981
S20510072A00B9
S20510072B00B8
S20510072C6453
S20510072D397D
S20510072E00B5
S20510072F00B4
S205100730644F
S2051007313979
S20510073200B1
S20510073300B0
S205100734644B
S2051007353975
S20510073600AD
S20510073700AC
S2051007386447
S2051007393971
S20510073A00A9
S20510073B00A8
S20510073C6443
S20510073D396D
S20510073E00A5
S20510073F00A4
S205100740643F
S2051007413969
S20510074200A1
S20510074300A0
S205100744643B
S2051007453965
S205100746009D
S205100747009C
S2051007486437
S2051007493961
S20510074A0099
S20510074B0098
S20510074C6433
S20510074D395D
S20510074E0095
S20510074F0094
S205100750642F
S2051007513959
S2051007520091
S2051007530090
S205100754642B
S2051007553955
S205100756008D
S205100757008C
S2051007586427
S2051007593951
S20510075A0089
S20510075B0088
S20510075C8403
S20510075D3E48
S20510075E0085
S20510075F0084
S205100760641F
S2051007613949
S2051007620081
S2051007630080
S205100764641B
S2051007653945
S205100766007D
S205100767007C
S2051007686417
S2051007693941
S20510076A0079
S20510076B0078
S20510076C6413
S20510076D393D
S20510076E0075
S20510076F0074
S205100770640F
S2051007713939
S2051007720071
S2051007730070
S205100774640B
S2051007753935
S205100776006D
S205100777006C
S2051007786407
S2051007793931
S20510077A0069
S20510077B0068
S20510077C6403
S20510077D392D
S20510077E0065
S20510077F0064
S20510078090D3
S2051007813E24
S2051007820061
S2051007830060
S20510078464FB
S2051007853925
S205100786005D
S205100787005C
S205100788FC5F
S2051007893D1D
S20510078A0059
S20510078B0058
S20510078CDC7B
S20510078D3A1C
S20510078E0055
S20510078F0054
S20510079064EF
S2051007913919
S2051007920051
S2051007930050
S205100794301F
S2051007953C12
S205100796004D
S205100797004C
S20510079864E7
S2051007993911
S20510079A0049
S20510079B0048
S20510079C64E3
S20510079D390D
S20510079E0045
S20510079F0044
S2051007A0DC67
S2051007A13A08
S2051007A20041
S2051007A30040
S2051007A464DB
S2051007A53905
S2051007A6003D
S2051007A7003C
S2051007A864D7
S2051007A93901
S2051007AA0039
S2051007AB0038
S2051007AC64D3
S2051007AD39FD
S2051007AE0035
S2051007AF0034
S2051007B064CF
S2051007B139F9
S2051007B20031
S2051007B30030
S2051007B464CB
S2051007B539F5
S2051007B6002D
S2051007B7002C
S2051007B8002B
S2051007B93BEF
S2051007BA0029
S2051007BB0028
S2051007BC44E3
S2051007BD3EE8
S2051007BE0025
S2051007BF0024
S2051007C064BF
S2051007C139E9
S2051007C20021
S2051007C30020
S2051007C464BB
S2051007C539E5
S2051007C6001D
S2051007C7001C
S2051007C81803
S2051007C93BDF
S2051007CA0019
S2051007CB0018
S2051007CC64B3
S2051007CD39DD
S2051007CE0015
S2051007CF0014
S2051007D04CC7
S2051007D13AD8
S2051007D20011
S2051007D30010
S2051007D464AB
S2051007D539D5
S2051007D6000D
S2051007D7000C
S2051007D864A7
S2051007D939D1
S2051007DA0009
S2051007DB0008
S2051007DC0CFB
S2051007DD3BCB
S2051007DE0005
S2051007DF0004
S2051007E00003
S2051007E10002
S2051007E20001
S2051007E30000
S2051007E400FF
S2051007E500FE
S2051007E624D9
S2051007E740BC
S2051007E8B843
S2051007E91EDC
S2051007EA8574
S2051007EBEB0D
S2051007EC51A6
S2051007EDB83E
S2051007EE9E57
S2051007EF3FB5
S2051007F000F3
S2051007F100F2
S2051007F200F1
S2051007F300F0
S2051007F400EF
S2051007F500EE
S2051007F6F0FD
S2051007F73FAD
S2051007F814D7
S2051007F900EA
S2051007FA00E9
S2051007FB8068
S80400008477
