S00B0000736C72782E73313920
S20500000013E7
S20500000100F9
S20500000200F8
S20500000300F7
S20500000413E3
S20500000500F5
S20500000600F4
S20500000700F3
S20500000813DF
S20500000900F1
S20500000A00F0
S20500000B00EF
S20500000C13DB
S20500000D00ED
S20500000E00EC
S20500000F00EB
S20500001013D7
S20500001100E9
S20500001200E8
S20500001300E7
S20500001413D3
S20500001500E5
S20500001600E4
S20500001700E3
S20500001813CF
S20500001900E1
S20500001A00E0
S20500001B00DF
S20500001C13CB
S20500001D00DD
S20500001E00DC
S20500001F00DB
S20500002013C7
S20500002100D9
S20500002200D8
S20500002300D7
S20500002413C3
S20500002500D5
S20500002600D4
S20500002700D3
S20500002813BF
S20500002900D1
S20500002A00D0
S20500002B00CF
S20500002C13BB
S20500002D00CD
S20500002E00CC
S20500002F00CB
S20500003013B7
S20500003100C9
S20500003200C8
S20500003300C7
S20500003413B3
S20500003500C5
S20500003600C4
S20500003700C3
S20500003813AF
S20500003900C1
S20500003A00C0
S20500003B00BF
S20500003C13AB
S20500003D00BD
S20500003E00BC
S20500003F00BB
S20500004013A7
S20500004100B9
S20500004200B8
S20500004300B7
S20500004413A3
S20500004500B5
S20500004600B4
S20500004700B3
S205000048139F
S20500004900B1
S20500004A00B0
S20500004B00AF
S20500004C139B
S20500004D00AD
S20500004E00AC
S20500004F00AB
S2050000501397
S20500005100A9
S20500005200A8
S20500005300A7
S2050000541393
S20500005500A5
S20500005600A4
S20500005700A3
S205000058138F
S20500005900A1
S20500005A00A0
S20500005B009F
S20500005C138B
S20500005D009D
S20500005E009C
S20500005F009B
S2050000601387
S2050000610099
S2050000620098
S2050000630097
S2050000641383
S2050000650095
S2050000660094
S2050000670093
S205000068137F
S2050000690091
S20500006A0090
S20500006B008F
S20500006C137B
S20500006D008D
S20500006E008C
S20500006F008B
S2050000701377
S2050000710089
S2050000720088
S2050000730087
S2050000741373
S2050000750085
S2050000760084
S2050000770083
S205000078136F
S2050000790081
S20500007A0080
S20500007B007F
S20500007C136B
S20500007D007D
S20500007E007C
S20500007F007B
S2050000806F0B
S2050000810079
S2050000824038
S2050000830077
S20500008493E3
S2050000850075
S2050000860074
S2050000870073
S205000088135F
S20500008981F0
S20500008A0070
S20500008B006F
S20500008C93DB
S20500008D81EC
S20500008E006C
S20500008F006B
S2050000901357
S20500009182E7
S2050000920068
S2050000930067
S20500009493D3
S20500009582E3
S2050000960064
S2050000970063
S205000098134F
S20500009983DE
S20500009A0060
S20500009B005F
S20500009C93CB
S20500009D83DA
S20500009E005C
S20500009F005B
S2050000A01347
S2050000A184D5
S2050000A20058
S2050000A30057
S2050000A493C3
S2050000A584D1
S2050000A60054
S2050000A70053
S2050000A8133F
S2050000A985CC
S2050000AA0050
S2050000AB004F
S2050000AC93BB
S2050000AD85C8
S2050000AE004C
S2050000AF004B
S2050000B01337
S2050000B186C3
S2050000B20048
S2050000B30047
S2050000B493B3
S2050000B586BF
S2050000B60044
S2050000B70043
S2050000B8132F
S2050000B987BA
S2050000BA0040
S2050000BB003F
S2050000BC93AB
S2050000BD87B6
S2050000BE003C
S2050000BF003B
S2050000C01327
S2050000C188B1
S2050000C20038
S2050000C30037
S2050000C493A3
S2050000C588AD
S2050000C60034
S2050000C70033
S2050000C8131F
S2050000C989A8
S2050000CA0030
S2050000CB002F
S2050000CC939B
S2050000CD89A4
S2050000CE002C
S2050000CF002B
S2050000D01317
S2050000D18A9F
S2050000D20028
S2050000D30027
S2050000D49393
S2050000D58A9B
S2050000D60024
S2050000D70023
S2050000D8130F
S2050000D98B96
S2050000DA0020
S2050000DB001F
S2050000DC938B
S2050000DD8B92
S2050000DE001C
S2050000DF001B
S2050000E01307
S2050000E18C8D
S2050000E20018
S2050000E30017
S2050000E49383
S2050000E58C89
S2050000E60014
S2050000E70013
S2050000E813FF
S2050000E98D84
S2050000EA0010
S2050000EB000F
S2050000EC937B
S2050000ED8D80
S2050000EE000C
S2050000EF000B
S2050000F013F7
S2050000F18E7B
S2050000F20008
S2050000F30007
S2050000F49373
S2050000F58E77
S2050000F60004
S2050000F70003
S2050000F813EF
S2050000F98F72
S2050000FA0000
S2050000FB00FF
S2050000FC936B
S2050000FD8F6E
S2050000FE00FC
S2050000FF00FB
S20500010017E2
S2050001016197
S20500010210E7
S20500010300F6
S20500010413E2
S20500010501F3
S20500010601F2
S205000107DF13
S20500010817DA
S2050001090DE3
S20500010A10DF
S20500010B00EE
S20500010C13DA
S20500010D0DDF
S20500010E8D5E
S20500010F7377
S2050001109752
S2050001111DCB
S20500011210D7
S20500011300E6
S2050001149352
S2050001158D57
S2050001168D56
S205000117845E
S205000118637E
S2050001195888
S20500011ABD22
S20500011B01DD
S20500011C23BA
S20500011D20BC
S20500011E0DCE
S20500011F00DA
S20500012013C6
S2050001210DCB
S2050001224D8A
S20500012300D6
S205000124E3F2
S205000125DCF8
S205000126AD26
S205000127FFD3
S205000128EFE2
S20500012930A0
S20500012A00CF
S20500012B319D
S20500012C13BA
S20500012D05C7
S20500012E00CB
S20500012F00CA
S2050001309336
S20500013105C3
S20500013200C7
S20500013300C6
S205000134EFD6
S2050001354084
S2050001364083
S20500013710B2
S205000138EFD2
S20500013900C0
S20500013A00BF
S20500013B00BE
S20500013C6756
S20500013D803C
S20500013E00BB
S20500013F00BA
S2050001409326
S205000141D7E1
S2050001424572
S2050001434175
S20500014413A2
S20500014501B3
S20500014601B2
S205000147FFB3
S205000148931E
S205000149F7B9
S20500014AF7B8
S20500014B7F2F
S20500014C238A
S20500014D2488
S20500014E812A
S20500014F00AA
S2050001502386
S2050001512286
S2050001529116
S20500015300A6
S2050001542382
S2050001552084
S2050001562182
S20500015701A1
S205000158237E
S205000159267A
S20500015A118E
S20500015B009E
S20500015C138A
S20500015D8715
S20500015E1784
S20500015FC0DA
S2050001609306
S2050001610692
S2050001623067
S2050001630195
S2050001641382
S2050001658410
S205000166058E
S2050001670092
S20500016893FE
S205000169048C
S20500016A058A
S20500016B008E
S20500016C137A
S20500016D0983
S20500016E0685
S20500016F008A
S2050001706326
S205000171CCBC
S205000172E6A1
S2050001730482
S2050001746322
S2050001754A3A
S205000176077C
S2050001771072
S205000178B7CA
S2050001790779
S20500017A106F
S20500017B007E
S20500017C93EA
S20500017D87F5
S20500017EF784
S20500017FFF7B
S205000180B3C6
S205000181D7A1
S205000182E790
S2050001834036
S2050001843342
S205000185F77D
S205000186B7BC
S2050001870072
S205000188333E
S2050001896709
S20500018AA7C8
S20500018B006E
S20500018C630A
S20500018D1A52
S20500018E0764
S20500018F0664
S20500019093D6
S2050001910761
S2050001920463
S2050001930066
S205000194B7AE
S205000195065E
S2050001960063
S20500019780E2
S205000198233E
S2050001992040
S20500019A99C6
S20500019B005E
S20500019C332A
S20500019DF468
S20500019E86D5
S20500019F005A
S2050001A02336
S2050001A12236
S2050001A2F95E
S2050001A30056
S2050001A493C2
S2050001A50450
S2050001A60053
S2050001A70052
S2050001A883CE
S2050001A92030
S2050001AAC18E
S2050001AB004E
S2050001AC93BA
S2050001AD0547
S2050001AE0447
S2050001AF004A
S2050001B00346
S2050001B12424
S2050001B281C6
S2050001B30046
S2050001B40342
S2050001B5291B
S2050001B60142
S2050001B70042
S2050001B8132E
S2050001B985BB
S2050001BA043B
S2050001BB003E
S2050001BC83BA
S2050001BD2418
S2050001BE41FA
S2050001BF003A
S2050001C01326
S2050001C10137
S2050001C20136
S2050001C30135
S2050001C467CE
S2050001C580B4
S2050001C60033
S2050001C70032
S2050001C8939E
S2050001C9062A
S2050001CA30FF
S2050001CB032B
S2050001CC63CA
S2050001CDC26A
S2050001CEE645
S2050001CF0822
S2050001D01316
S2050001D10721
S2050001D2F037
S2050001D3FF27
S2050001D49392
S2050001D5879D
S2050001D6D74C
S2050001D7BE64
S2050001D8B36E
S2050001D957C9
S2050001DAF728
S2050001DB001E
S2050001DC33EA
S2050001DDF725
S2050001DEA774
S2050001DF001A
S2050001E0E336
S2050001E10810
S2050001E20710
S2050001E3FA1C
S2050001E49382
S2050001E5C74D
S2050001E6F71C
S2050001E7FF13
S2050001E8B35E
S2050001E9F719
S2050001EAA768
S2050001EB000E
S2050001EC13FA
S2050001ED8884
S2050001EE0704
S2050001EF000A
S2050001F013F6
S2050001F18682
S2050001F20700
S2050001F30006
S2050001F49372
S2050001F5887C
S2050001F605FE
S2050001F70002
S2050001F8936E
S2050001F9867A
S2050001FA05FA
S2050001FB00FE
S2050001FC6F8E
S2050001FD00FC
S2050001FE00FB
S2050001FF02F8
S2050002009365
S205000201C730
S205000202F7FF
S205000203FFF6
S20500020413E1
S20500020507EC
S20500020600F2
S20500020700F1
S205000208B33D
S205000209F7F8
S20500020AB737
S20500020B00ED
S20500020C13D9
S20500020D08E3
S20500020E07E3
S20500020F00E9
S20500021013D5
S20500021106E1
S20500021207DF
S20500021300E5
S2050002149351
S205000215885B
S20500021607DB
S20500021700E1
S205000218934D
S2050002198659
S20500021A07D7
S20500021B00DD
S20500021C23B9
S20500021D20BB
S20500021E09D1
S20500021F01D8
S20500022023B5
S20500022122B5
S20500022219BD
S20500022301D4
S205000224EFE5
S20500022510C3
S2050002269042
S2050002274A87
S20500022813BD
S205000229844B
S20500022A05C9
S20500022B00CD
S20500022C8349
S20500022D20AB
S20500022EC109
S20500022F00C9
S2050002309335
S20500023105C2
S20500023204C2
S20500023300C5
S20500023403C1
S205000235249F
S2050002368141
S20500023700C1
S205000238932D
S20500023904BB
S20500023A05B9
S20500023B00BD
S20500023C03B9
S20500023D2992
S20500023E01B9
S20500023F00B9
S20500024013A5
S2050002418532
S20500024204B2
S20500024300B5
S2050002448331
S205000245248F
S2050002464171
S20500024700B1
S205000248139D
S20500024901AE
S20500024A01AD
S20500024B01AC
S20500024C6745
S20500024D802B
S20500024E00AA
S20500024F00A9
S2050002502385
S2050002512087
S205000252A9FD
S20500025300A5
S2050002542381
S2050002552281
S205000256B9E9
S20500025700A1
S205000258EFB1
S205000259009F
S20500025A009E
S20500025B0796
S20500025C6339
S20500025D1E7D
S20500025E0595
S20500025F0495
S2050002601385
S2050002618611
S2050002620492
S2050002630095
S2050002641381
S205000265850E
S205000266048E
S2050002670091
S20500026893FD
S2050002690689
S20500026A048A
S20500026B008D
S20500026C93F9
S20500026D0586
S20500026E0486
S20500026F0089
S205000270EF99
S2050002710087
S2050002728006
S2050002730C79
S20500027493F1
S205000275047F
S205000276057D
S2050002770081
S205000278136D
S20500027984FB
S20500027A0579
S20500027B007D
S20500027C2359
S20500027D205B
S20500027EA9D1
S20500027F0079
S2050002802355
S2050002812255
S205000282B9BD
S2050002830075
S2050002846F05
S205000285F083
S2050002865F13
S205000287F27F
S205000288B7B9
S2050002890768
S20500028A006E
S20500028B80ED
S20500028C83E9
S20500028D204B
S20500028EC1A9
S20500028F0069
S205000290B3B5
S205000291F770
S205000292B7AF
S2050002930065
S20500029493D1
S205000295055E
S205000296045E
S2050002970061
S205000298035D
S205000299243B
S20500029A81DD
S20500029B005D
S20500029C2339
S20500029D203B
S20500029E0654
S20500029F0059
S2050002A02335
S2050002A12235
S2050002A2F660
S2050002A30055
S2050002A40351
S2050002A5292A
S2050002A60151
S2050002A70051
S2050002A8133D
S2050002A985CA
S2050002AA044A
S2050002AB004D
S2050002AC83C9
S2050002AD2427
S2050002AE4109
S2050002AF0049
S2050002B01335
S2050002B10146
S2050002B20145
S2050002B30144
S2050002B467DD
S2050002B580C3
S2050002B60042
S2050002B70041
S2050002B8B789
S2050002B90738
S2050002BA003E
S2050002BB80BD
S2050002BC3309
S2050002BDF447
S2050002BE87B3
S2050002BF0039
S2050002C093A5
S2050002C10433
S2050002C20036
S2050002C30035
S2050002C46FC5
S2050002C5F043
S2050002C65FD3
S2050002C7EE43
S2050002C833FD
S2050002C967C8
S2050002CAB579
S2050002CB002D
S2050002CC9399
S2050002CD0724
S2050002CE0525
S2050002CF0029
S2050002D063C5
S2050002D10C1B
S2050002D2071F
S2050002D30421
S2050002D437ED
S2050002D5071C
S2050002D60022
S2050002D780A1
S2050002D863BD
S2050002D9829D
S2050002DAE539
S2050002DB0419
S2050002DC9389
S2050002DD0615
S2050002DEF723
S2050002DFFF1A
S2050002E0B365
S2050002E1F621
S2050002E2B660
S2050002E30015
S2050002E437DD
S2050002E5080B
S2050002E6F022
S2050002E7FF12
S2050002E833DD
S2050002E98887
S2050002EA0608
S2050002EB010C
S2050002ECB755
S2050002ED0803
S2050002EEE02A
S2050002EF7F8A
S2050002F013F5
S2050002F10502
S2050002F240C6
S2050002F30005
S2050002F463A1
S2050002F562A1
S2050002F618EA
S2050002F703FE
S2050002F837C9
S2050002F908F7
S2050002FA10EE
S2050002FB00FD
S2050002FC13E9
S2050002FD05F6
S2050002FE30CA
S2050002FF00F9
S2050003006394
S205000301EC0A
S20500030205F0
S20500030301F3
S20500030433C0
S20500030507EB
S205000306B73A
S20500030700F0
S205000308638C
S2050003096886
S20500030A07E6
S20500030B01EB
S20500030C37B4
S20500030D07E3
S20500030EF0F9
S20500030F7F69
S20500031013D4
S20500031105E1
S20500031200E5
S20500031300E4
S2050003146380
S2050003158E54
S205000316E6FB
S20500031700E0
S2050003186778
S205000319805E
S20500031A00DD
S20500031B00DC
S20500031C33A8
S20500031D35A5
S20500031EA039
S20500031F00D8
S20500032013C4
S20500032105D1
S20500032225B0
S20500032300D4
S205000324676C
S2050003258052
S20500032600D1
S20500032700D0
S20500032813BC
S20500032905C9
S20500032A20AD
S20500032B00CC
S20500032C6764
S20500032D804A
S20500032E00C9
S20500032F00C8
S20500033013B4
S205000331B511
S20500033217AE
S20500033300C4
S205000334675C
S2050003358042
S20500033600C1
S20500033700C0
S205000338B708
S20500033907B7
S20500033A10AD
S20500033B00BC
S20500033C13A8
S20500033D01B9
S20500033E01B8
S20500033FFEBA
S2050003409324
S2050003418E28
S205000342F7BE
S205000343FFB5
S2050003443380
S205000345F8BA
S205000346BEF3
S20500034700B0
S205000348B3FC
S205000349F7B7
S20500034ADECF
S20500034B00AC
S20500034C1398
S20500034DD3D7
S20500034E4663
S20500034F01A7
S2050003502384
S205000351287E
S2050003522184
S20500035301A3
S2050003541390
S205000355D9C9
S205000356455C
S205000357019F
S205000358930C
S2050003599707
S20500035A3766
S20500035B009C
S20500035C2378
S20500035D2C6E
S20500035E8118
S20500035F0098
S2050003601384
S205000361187E
S205000362385D
S2050003630094
S2050003641380
S205000365D4BE
S205000366F59C
S205000367018F
S205000368137C
S2050003695737
S20500036AD5B8
S20500036B018B
S20500036C93F8
S20500036D5832
S20500036ED6B3
S20500036F0187
S2050003701374
S205000371790D
S205000372F98C
S2050003737F05
S2050003741370
S205000375730F
S205000376F38E
S2050003777F01
S205000378235C
S2050003792E50
S20500037A116C
S20500037B007C
S20500037C2358
S20500037D2A50
S20500037E91E8
S20500037F0078
S2050003802354
S2050003812650
S2050003823144
S2050003830173
S20500038493E0
S205000385D69C
S205000386F67B
S205000387016F
S205000388B3BC
S205000389E886
S20500038AF875
S20500038B006C
S20500038C3338
S20500038D6703
S20500038E0762
S20500038F0167
S20500039093D4
S2050003911551
S2050003923530
S2050003930064
S2050003941350
S2050003951F43
S205000396362B
S2050003970060
S205000398B3AC
S2050003990757
S20500039A69F4
S20500039B401C
S20500039C63F8
S20500039D0456
S20500039ED485
S20500039F1E3A
S2050003A063F4
S2050003A15204
S2050003A2F065
S2050003A3163E
S2050003A463F0
S2050003A5064C
S2050003A6034E
S2050003A72828
S2050003A893BC
S2050003A90648
S2050003AAF05D
S2050003AB7FCD
S2050003AC63E8
S2050003AD0644
S2050003AED970
S2050003AF4206
S2050003B093B4
S2050003B10640
S2050003B280C5
S2050003B30341
S2050003B41330
S2050003B5063C
S2050003B61031
S2050003B70040
S2050003B863DC
S2050003B9CE70
S2050003BAF647
S2050003BB023A
S2050003BCB784
S2050003BD0634
S2050003BE80B9
S2050003BF0038
S2050003C0B384
S2050003C1E84E
S2050003C2D85D
S2050003C30034
S2050003C493A0
S2050003C5062C
S2050003C6F041
S2050003C7012F
S2050003C863CC
S2050003C9CE60
S2050003CAF637
S2050003CB52DA
S2050003CC9398
S2050003CD0624
S2050003CE0029
S2050003CF0226
S2050003D0B374
S2050003D186A0
S2050003D2F62F
S2050003D340E4
S2050003D433F0
S2050003D5968C
S2050003D6D849
S2050003D70020
S2050003D833EC
S2050003D955C9
S2050003DAFF1E
S2050003DB001C
S2050003DCB368
S2050003DD1604
S2050003DEDF3A
S2050003DF0018
S2050003E033E4
S2050003E166B0
S2050003E2A66F
S2050003E30014
S2050003E4B360
S2050003E536DC
S2050003E6D041
S2050003E70010
S2050003E8B35C
S2050003E9D836
S2050003EAF815
S2050003EB000C
S2050003EC33D8
S2050003ED66A4
S2050003EED633
S2050003EF0008
S2050003F033D4
S2050003F107FF
S2050003F217EE
S2050003F341C3
S2050003F433D0
S2050003F5867C
S2050003F6C53C
S2050003F740C0
S2050003F8B34C
S2050003F9B549
S2050003FAC538
S2050003FB00FC
S2050003FC9368
S2050003FD04F6
S2050003FE06F3
S2050003FF00F8
S205000400B343
S20500040109EC
S205000402B73D
S20500040340B3
S205000404935F
S205000405975A
S2050004068967
S20500040700EF
S205000408638B
S205000409DA13
S20500040A07E5
S20500040B32B9
S20500040CB733
S20500040D07E2
S20500040E8068
S20500040F00E7
S2050004109353
S205000411875E
S205000412F7ED
S205000413FFE4
S205000414B32F
S205000415F9E8
S205000416F9E7
S20500041700DF
S205000418637B
S2050004198855
S20500041A09D3
S20500041B2CAF
S20500041C13C7
S20500041D8554
S20500041E09CF
S20500041F00D7
S205000420EFE7
S20500042120B5
S20500042210C4
S205000423795A
S205000424933F
S20500042507CA
S205000426854B
S205000427FFD0
S205000428933B
S20500042906C7
S20500042A00CC
S20500042B02C9
S20500042C3397
S20500042D8742
S20500042EF6D2
S20500042F4087
S2050004303393
S205000431D7EE
S205000432E4E0
S20500043300C3
S205000434B30F
S2050004359928
S205000436F9C7
S20500043700BF
S205000438338B
S2050004396756
S20500043A3785
S20500043B01BA
S20500043CB307
S20500043D9425
S20500043EF4C4
S20500043F00B7
S2050004406353
S205000441C8ED
S205000442278D
S2050004434B68
S205000444B3FF
S205000445872A
S2050004462789
S205000447416E
S205000448931B
S2050004498726
S20500044A1795
S20500044B00AB
S20500044CB3F7
S20500044D8623
S20500044EF6B2
S20500044F4067
S2050004503373
S205000451960F
S205000452D4D0
S20500045300A3
S205000454B3EF
S205000455D9C8
S205000456F4AC
S205000457009F
S205000458336B
S2050004593667
S20500045AC0DC
S20500045B009B
S20500045C3367
S20500045D6633
S20500045E3662
S20500045F0196
S205000460B3E3
S205000461167F
S205000462D7BD
S2050004630093
S205000464B3DF
S205000465E4AD
S205000466C6CA
S205000467008F
S205000468B3DB
S2050004695934
S20500046AF795
S20500046B008B
S20500046C1377
S20500046D0980
S20500046E0088
S20500046F0087
S20500047093F3
S205000471F78E
S2050004727410
S2050004730083
S205000474631F
S2050004758001
S2050004760779
S205000477027D
S20500047893EB
S205000479F786
S20500047AF488
S20500047B007B
S20500047C1367
S20500047D0772
S20500047E4038
S20500047F0077
S2050004806313
S2050004818AEB
S205000482E78D
S2050004830073
S20500048493DF
S20500048587EA
S205000486442C
S205000487006F
S205000488333B
S205000489B6B7
S20500048A97D5
S20500048B006B
S20500048CB3B7
S20500048D89E0
S20500048EC99F
S20500048F0067
S20500049093D3
S20500049184E1
S205000492075D
S2050004930063
S20500049493CF
S20500049597CA
S20500049689D7
S205000497005F
S20500049863FB
S205000499DA83
S20500049A0755
S20500049B6EED
S20500049C93C7
S20500049D0752
S20500049E193F
S20500049F0057
S2050004A01343
S2050004A1074E
S2050004A2F064
S2050004A37FD4
S2050004A4133F
S2050004A50E43
S2050004A6044C
S2050004A7004F
S2050004A863EB
S2050004A986C7
S2050004AAE765
S2050004AB2A21
S2050004AC3713
S2050004AD0742
S2050004AE80C8
S2050004AFFF48
S2050004B01333
S2050004B1073E
S2050004B2F74D
S2050004B3FF44
S2050004B4330F
S2050004B5F74A
S2050004B6E957
S2050004B7003F
S2050004B893AB
S2050004B9F746
S2050004BAF745
S2050004BB7FBC
S2050004BC1327
S2050004BD1821
S2050004BED761
S2050004BF0136
S2050004C01323
S2050004C1D65F
S2050004C23400
S2050004C30033
S2050004C4131F
S2050004C5171A
S2050004C69799
S2050004C7002F
S2050004C833FB
S2050004C968C5
S2050004CAC864
S2050004CB002B
S2050004CC1317
S2050004CD57D2
S2050004CEC761
S2050004CF0027
S2050004D083A3
S2050004D12005
S2050004D2C163
S2050004D30122
S2050004D4031F
S2050004D524FD
S2050004D6819F
S2050004D7011E
S2050004D8938B
S2050004D99786
S2050004DA47D5
S2050004DB011A
S2050004DCB367
S2050004DDE732
S2050004DEE731
S2050004DF0017
S2050004E01303
S2050004E117FE
S2050004E2FE16
S2050004E30112
S2050004E4B35F
S2050004E5E72A
S2050004E6E729
S2050004E7000F
S2050004E8838B
S2050004E924E9
S2050004EA41CB
S2050004EB010A
S2050004EC0307
S2050004ED29E0
S2050004EE0107
S2050004EF0106
S2050004F08383
S2050004F129DC
S2050004F2C143
S2050004F30003
S2050004F413EF
S2050004F505FC
S2050004F608F8
S2050004F700FF
S2050004F8936B
S2050004F98578
S2050004FA07F5
S2050004FB00FB
S2050004FC13E7
S2050004FD01F8
S2050004FE01F7
S2050004FF02F5
S205000500678E
S2050005018074
S20500050200F3
S20500050300F2
S205000504638E
S2050005058C64
S20500050607E8
S20500050714DA
S205000508B33A
S20500050907E5
S20500050A23C8
S20500050B41A9
S20500050C6386
S20500050D12D6
S20500050E09DE
S20500050F3CAA
S20500051033B2
S205000511657F
S205000512B72C
S20500051300E2
S205000514637E
S20500051504DC
S20500051605DA
S2050005174C92
S20500051813CA
S2050005198557
S20500051AF7E4
S20500051BFFDB
S20500051C6376
S20500051D02D6
S20500051E05D2
S20500051F6076
S20500052013C2
S20500052108CC
S205000522F0E3
S2050005237F53
S205000524636E
S205000525864A
S20500052607C8
S2050005275777
S205000528933A
S20500052907C5
S20500052A804B
S20500052B03C7
S20500052C13B6
S20500052D06C2
S20500052E10B7
S20500052F00C6
S2050005306362
S205000531CCF8
S205000532A71C
S20500053302C0
S205000534932E
S20500053507B9
S20500053605BA
S20500053700BE
S20500053813AA
S20500053906B6
S20500053AF0CB
S20500053B01B9
S20500053C6356
S20500053D4C6C
S20500053EF6C1
S20500053F5660
S20500054013A2
S20500054105AF
S20500054200B3
S20500054302B0
S205000544337E
S20500054505AB
S205000546F5BA
S205000547406E
S205000548337A
S2050005491696
S20500054AA704
S20500054B00AA
S20500054C3376
S20500054DD8D0
S20500054EF5B2
S20500054F00A6
S2050005503372
S205000551950F
S205000552A5FE
S20500055300A2
S205000554336E
S205000555663A
S2050005560699
S205000557019D
S205000558336A
S2050005593567
S20500055AA0FB
S20500055B009A
S20500055C3366
S20500055D5741
S20500055EF7A0
S20500055F0096
S2050005603362
S205000561662E
S205000562A6ED
S2050005630092
S205000564B3DE
S2050005658808
S205000566E8A7
S205000567404E
S205000568335A
S2050005690686
S20500056ACFBC
S20500056B404A
S20500056C3356
S20500056D3751
S20500056ECFB8
S20500056F0086
S20500057093F2
S2050005710480
S205000572067D
S2050005730082
S205000574B3CE
S20500057589F7
S205000576E897
S205000577403E
S205000578136A
S2050005790973
S20500057A0378
S20500057B007A
S20500057C1366
S20500057D84F4
S20500057E0671
S20500057F0076
S2050005806F06
S205000581F084
S2050005825F14
S205000583E88A
S205000584630E
S2050005855020
S205000586F07F
S2050005871E50
S205000588630A
S205000589105C
S20500058A0368
S20500058B1456
S20500058CB3B6
S20500058DE682
S20500058EE87F
S20500058F0165
S2050005906302
S2050005918CD8
S205000592065D
S205000593263C
S20500059493CE
S20500059586DA
S205000596F768
S205000597FF5F
S20500059863FA
S20500059980DC
S20500059A0655
S20500059B4812
S20500059C1346
S20500059D0652
S20500059EF067
S20500059F7FD7
S2050005A063F2
S2050005A18CC8
S2050005A2C78C
S2050005A32230
S2050005A493BE
S2050005A50749
S2050005A680CF
S2050005A7034B
S2050005A893BA
S2050005A90943
S2050005AA103B
S2050005AB004A
S2050005AC63E6
S2050005ADCC7C
S2050005AED770
S2050005AF0244
S2050005B093B2
S2050005B187BD
S2050005B2063D
S2050005B30042
S2050005B493AE
S2050005B5063A
S2050005B6F04F
S2050005B7013D
S2050005B863DA
S2050005B9C07C
S2050005BAF645
S2050005BB4AF0
S2050005BC93A6
S2050005BD0632
S2050005BE0037
S2050005BF0234
S2050005C0B382
S2050005C186AE
S2050005C2F63D
S2050005C340F2
S2050005C4B37E
S2050005C59997
S2050005C6D857
S2050005C7002E
S2050005C833FA
S2050005C956D6
S2050005CAFF2C
S2050005CB002A
S2050005CCB376
S2050005CD1612
S2050005CEDF48
S2050005CF0026
S2050005D0B372
S2050005D1E93B
S2050005D2C95A
S2050005D30022
S2050005D4B36E
S2050005D536EA
S2050005D6D04F
S2050005D7001E
S2050005D8B36A
S2050005D9D844
S2050005DAF823
S2050005DB001A
S2050005DCB366
S2050005DDE92F
S2050005DED93E
S2050005DF0016
S2050005E033E2
S2050005E1070D
S2050005E217FC
S2050005E30111
S2050005E4B35E
S2050005E5858B
S2050005E6B956
S2050005E7000E
S2050005E8B35A
S2050005E9B953
S2050005EA35D6
S2050005EB0109
S2050005EC9376
S2050005ED8484
S2050005EE0502
S2050005EF0006
S2050005F0B352
S2050005F1897B
S2050005F2E91A
S2050005F30002
S2050005F4936E
S2050005F59769
S2050005F68976
S2050005F700FE
S2050005F8639A
S2050005F9D22A
S2050005FA07F4
S2050005FB14E6
S2050005FC13E6
S2050005FD09EF
S2050005FE19DE
S2050005FF00F6
S2050006009361
S20500060107EC
S205000602F002
S2050006037F72
S205000604638D
S2050006050CE3
S205000606F9F5
S20500060736B7
S205000608B735
S20500060907E4
S20500060A806A
S20500060BFFEA
S20500060C9355
S20500060D8760
S20500060EF7EF
S20500060FFFE6
S20500061013D1
S205000611F6ED
S20500061214CE
S20500061300E1
S205000614B32D
S205000615F7E8
S205000616F9E5
S20500061700DD
S20500061813C9
S205000619D704
S20500061A14C6
S20500061B00D9
S20500061C33A5
S20500061D6770
S20500061EC70F
S20500061F00D5
S20500062013C1
S205000621963D
S205000622F7DB
S20500062301D0
S205000624B31D
S205000625646B
S205000626E6E8
S20500062700CD
S2050006289339
S205000629D9F2
S20500062A17B3
S20500062B00C9
S20500062C6F59
S20500062DF0D7
S20500062E5F67
S20500062FE4E1
S205000630B311
S205000631E6DD
S205000632E8DA
S20500063301C0
S205000634635D
S2050006358A35
S20500063606B8
S2050006371CA1
S2050006389329
S2050006398635
S20500063AF7C3
S20500063BFFBA
S20500063C6355
S20500063D8037
S20500063E06B0
S20500063F4075
S20500064013A1
S20500064106AD
S205000642F0C2
S2050006437F32
S205000644634D
S2050006458A25
S205000646C7E7
S2050006471895
S2050006489319
S20500064907A4
S20500064A802A
S20500064B03A6
S20500064C1395
S20500064D06A1
S20500064E1096
S20500064F00A5
S205000650E3C1
S205000651C2E1
S205000652D7CB
S205000653DAC7
S205000654930D
S2050006558718
S2050006560698
S205000657009D
S2050006586F2D
S205000659F0AB
S20500065ADFBB
S20500065BD6C3
S20500065C1385
S20500065D088F
S20500065E197D
S20500065F0095
S2050006601381
S205000661781B
S205000662E8AA
S2050006637F12
S205000664632D
S2050006651C73
S2050006660886
S205000667226B
S2050006683359
S2050006696328
S20500066AB7D3
S20500066B0089
S20500066C3355
S20500066DE89F
S20500066EE89E
S20500066F0184
S2050006706321
S2050006711073
S2050006720979
S2050006733849
S205000674631D
S2050006750E71
S205000676037B
S2050006774637
S2050006786319
S2050006790675
S20500067A0872
S20500067B4039
S20500067CB3C5
S20500067D89EE
S20500067EE591
S20500067F4134
S2050006803341
S205000681B5BE
S205000682353D
S2050006830170
S205000684333D
S2050006850669
S2050006861757
S205000687412C
S2050006883339
S2050006890665
S20500068AA6C4
S20500068B4029
S20500068C1355
S20500068D1552
S20500068E86E0
S20500068F0065
S2050006906301
S2050006915E05
S205000692055D
S2050006935011
S205000694B3AD
S205000695055A
S205000696BF9F
S205000697401D
S2050006983329
S20500069987D4
S20500069AE872
S20500069B4019
S20500069C3325
S20500069D3F18
S20500069EBF97
S20500069F0055
S2050006A03321
S2050006A1074C
S2050006A2E76B
S2050006A34110
S2050006A4133D
S2050006A51639
S2050006A687C7
S2050006A7004D
S2050006A893B9
S2050006A984C7
S2050006AA0545
S2050006AB0049
S2050006AC63E5
S2050006AD5EE9
S2050006AE0640
S2050006AF52F3
S2050006B0B78D
S2050006B1073C
S2050006B280C2
S2050006B3FF42
S2050006B493AD
S2050006B587B8
S2050006B6F747
S2050006B7FF3E
S2050006B83309
S2050006B977C4
S2050006BAF743
S2050006BB0039
S2050006BC1325
S2050006BD8EA9
S2050006BE0630
S2050006BF0035
S2050006C093A1
S2050006C1072C
S2050006C21022
S2050006C30031
S2050006C46FC1
S2050006C5F03F
S2050006C69F8F
S2050006C7DF4E
S2050006C89399
S2050006C90625
S2050006CAF03A
S2050006CB7FAA
S2050006CC63C5
S2050006CD0621
S2050006CED94D
S2050006CF1015
S2050006D09391
S2050006D1061D
S2050006D280A2
S2050006D3031E
S2050006D4938D
S2050006D50916
S2050006D6100E
S2050006D7001D
S2050006D8E339
S2050006D9C655
S2050006DAF624
S2050006DBF029
S2050006DCB761
S2050006DD0611
S2050006DE8096
S2050006DF0015
S2050006E0B361
S2050006E1E82B
S2050006E2D83A
S2050006E30011
S2050006E46FA1
S2050006E5F01F
S2050006E61FEF
S2050006E7ED20
S2050006E813F9
S2050006E98586
S2050006EA0406
S2050006EB0009
S2050006ECEF19
S2050006ED20E7
S2050006EE50B6
S2050006EF4CB9
S2050006F09371
S2050006F107FC
S2050006F2857D
S2050006F30100
S2050006F4936D
S2050006F506F9
S2050006F6F00E
S2050006F701FC
S2050006F8E319
S2050006F9D823
S2050006FAF604
S2050006FBD227
S2050006FC13E5
S2050006FD07F0
S2050006FE8571
S2050006FFFFF6
S20500070033C0
S205000701975B
S205000702E40D
S20500070300F0
S205000704638C
S205000705C628
S20500070627C6
S20500070723C9
S20500070833B8
S2050007098961
S20500070A27C2
S20500070B41A7
S20500070C9354
S20500070D07DF
S20500070E19CC
S20500070F00E4
S2050007106380
S205000711D60C
S205000712F6EB
S2050007134898
S20500071413CC
S20500071509D5
S20500071619C4
S205000717FEDE
S2050007189348
S20500071906D4
S20500071A00D9
S20500071B02D6
S20500071CB324
S20500071D5482
S20500071E27AE
S20500071F01D3
S2050007206370
S2050007218C46
S205000722D7FA
S20500072300D0
S205000724933C
S20500072506C8
S20500072600CD
S20500072704C8
S205000728B318
S2050007298743
S20500072AF6D3
S20500072B4088
S20500072C3394
S20500072D17AF
S20500072EF7CE
S20500072F00C4
S2050007303390
S205000731378B
S205000732E0E1
S20500073300C0
S205000734B30C
S205000735E4DA
S205000736E4D9
S20500073700BC
S20500073813A8
S20500073909B1
S20500073A00B9
S20500073B00B8
S20500073C9324
S20500073DF7BF
S20500073E7441
S20500073F00B4
S205000740E3D0
S2050007419C16
S20500074207AA
S205000743D2DE
S205000744931C
S20500074507A7
S20500074609A4
S20500074700AC
S2050007481398
S205000749D6D4
S20500074A3475
S20500074B00A8
S20500074C1394
S20500074D871F
S20500074E099C
S20500074F00A4
S2050007506F34
S20500075100A2
S20500075200A1
S2050007530C94
S205000754930C
S2050007550797
S205000756F0AD
S2050007577F1D
S2050007581388
S2050007590793
S20500075A0099
S20500075B0098
S20500075C1384
S20500075D088E
S20500075E0095
S20500075F0094
S2050007606F24
S205000761F0A2
S2050007621F72
S205000763D7B9
S205000764632C
S2050007658A04
S2050007660786
S2050007670C80
S205000768B3D8
S2050007690783
S20500076A2366
S20500076B4147
S20500076C6324
S20500076D0284
S20500076E097C
S20500076F1E66
S20500077093F0
S205000771067C
S205000772F091
S2050007737F01
S205000774631C
S2050007750876
S205000776D3AA
S205000777324A
S20500077893E8
S2050007790674
S20500077A80F9
S20500077B0375
S20500077C93E4
S20500077D096D
S20500077E1065
S20500077F0074
S2050007806310
S205000781CEA4
S205000782F67B
S205000783026E
S205000784B7B8
S2050007850668
S20500078680ED
S205000787006C
S2050007883338
S2050007896703
S20500078AD792
S20500078B0068
S20500078C93D4
S20500078D0660
S20500078EF075
S20500078F0163
S2050007906300
S205000791C89A
S205000792F66B
S2050007933C24
S20500079493CC
S2050007950658
S205000796005D
S205000797025A
S205000798B3A8
S20500079986D4
S20500079AF663
S20500079B4018
S20500079CB3A4
S20500079D193D
S20500079ED77E
S20500079F0054
S2050007A03320
S2050007A1D67C
S2050007A2F55C
S2050007A30050
S2050007A4B39C
S2050007A596B8
S2050007A6D578
S2050007A7004C
S2050007A8B398
S2050007A9E961
S2050007AAC980
S2050007AB0048
S2050007ACB394
S2050007AD3610
S2050007AED075
S2050007AF0044
S2050007B03310
S2050007B157EB
S2050007B2F74A
S2050007B30040
S2050007B4B38C
S2050007B5E955
S2050007B6D964
S2050007B7003C
S2050007B8B388
S2050007B988B2
S2050007BAE851
S2050007BB0038
S2050007BC3304
S2050007BD87AF
S2050007BEE94C
S2050007BF0133
S2050007C0B380
S2050007C139F9
S2050007C237FA
S2050007C3012F
S2050007C4939C
S2050007C5042A
S2050007C60726
S2050007C7002C
S2050007C8B378
S2050007C989A1
S2050007CA1910
S2050007CB0127
S2050007CC1314
S2050007CD091D
S2050007CE0322
S2050007CF0024
S2050007D06FB4
S2050007D1F032
S2050007D25FC2
S2050007D3E23E
S2050007D463BC
S2050007D5100E
S2050007D60815
S2050007D7021A
S2050007D81308
S2050007D91604
S2050007DA35E4
S2050007DB0018
S2050007DC1304
S2050007DD56C0
S2050007DE36DF
S2050007DF0014
S2050007E01300
S2050007E118FA
S2050007E2D73A
S2050007E3010F
S2050007E433DC
S2050007E568A6
S2050007E6C845
S2050007E7000C
S2050007E813F8
S2050007E957B3
S2050007EA37D2
S2050007EB0008
S2050007EC33D4
S2050007ED679F
S2050007EE07FE
S2050007EF0103
S2050007F063A0
S2050007F106FC
S2050007F207FA
S2050007F318E8
S2050007F413EC
S2050007F50EF0
S2050007F600FD
S2050007F700FC
S2050007F89368
S2050007F907F3
S2050007FAF009
S2050007FB7F79
S2050007FC37C0
S2050007FD07EF
S2050007FE08ED
S2050007FF00F4
S20500080013DF
S20500080108E9
S20500080200F0
S20500080300EF
S2050008046F7F
S205000805F0FD
S205000806DF0D
S205000807CC1F
S20500080813D7
S20500080916D3
S20500080A35B3
S20500080B00E7
S20500080C13D3
S20500080D568F
S20500080E36AE
S20500080F00E3
S20500081013CF
S20500081118C9
S205000812D709
S20500081301DE
S205000814934B
S20500081506D7
S205000816F0EC
S2050008177F5C
S20500081833A7
S2050008196871
S20500081AC810
S20500081B00D7
S20500081C13C3
S20500081D577E
S20500081E379D
S20500081F00D3
S205000820E3EF
S205000821864B
S205000822D7F9
S205000823FCD3
S20500082413BB
S20500082517B6
S205000826C705
S20500082700CB
S20500082813B7
S2050008295772
S20500082AC701
S20500082B00C7
S20500082C9333
S20500082DF7CE
S20500082EF7CD
S20500082F7F44
S20500083013AF
S2050008310EB3
S20500083204BC
S20500083300BF
S2050008346F4F
S205000835F0CD
S205000836DFDD
S205000837C9F2
S2050008389327
S20500083906B3
S20500083A199F
S20500083B00B7
S20500083C13A3
S20500083DF8BD
S20500083EE6CE
S20500083F7F34
S205000840634F
S2050008411899
S20500084208A8
S205000843149B
S205000844B3FB
S2050008456647
S205000846B7F5
S20500084700AB
S2050008486347
S2050008491C8D
S20500084A099F
S20500084B287F
S20500084C6343
S20500084D8223
S20500084E069E
S20500084F3073
S205000850B3EF
S205000851E6BB
S205000852E8B8
S205000853019E
S205000854633B
S2050008558815
S2050008560696
S2050008572279
S205000858B3E7
S2050008598712
S20500085AE5B3
S20500085B0196
S20500085CB3E3
S20500085DB5E0
S20500085EB7DD
S20500085F0093
S205000860335F
S205000861078A
S2050008621779
S205000863018E
S205000864335B
S2050008650786
S205000866B7D5
S205000867008B
S2050008681377
S205000869D8B1
S20500086A3751
S20500086B0087
S20500086C93F3
S20500086D176E
S20500086E87FD
S20500086F0083
S205000870136F
S2050008710E73
S205000872047C
S205000873007F
S205000874631B
S205000875DE9F
S2050008760775
S2050008773447
S205000878B7C3
S2050008790772
S20500087A80F8
S20500087BFF78
S20500087C93E3
S20500087D87EE
S20500087EF77D
S20500087FFF74
S205000880333F
S20500088177FA
S205000882F779
S205000883006F
S20500088493DB
S2050008851756
S205000886D795
S205000887016A
S2050008881357
S2050008895712
S20500088A3731
S20500088B0067
S20500088C3333
S20500088DE87D
S20500088E075D
S20500088F0162
S205000890332F
S20500089177EA
S205000892D789
S205000893015E
S20500089493CB
S2050008950756
S205000896104C
S205000897005B
S2050008986FEB
S205000899F069
S20500089A9FB9
S20500089BC394
S20500089C3323
S20500089D88CD
S20500089EE56F
S20500089F4112
S2050008A0B39F
S2050008A1B79A
S2050008A2054B
S2050008A3014E
S2050008A4B39B
S2050008A50944
S2050008A61735
S2050008A7410A
S2050008A8B397
S2050008A989C0
S2050008AAF94F
S2050008AB4007
S2050008AC93B3
S2050008AD97AE
S2050008AE89BB
S2050008AF0043
S2050008B093AF
S2050008B1043D
S2050008B20838
S2050008B3003F
S2050008B463DB
S2050008B5C677
S2050008B60735
S2050008B7102B
S2050008B83307
S2050008B968D1
S2050008BA3800
S2050008BB0136
S2050008BCE353
S2050008BD1E17
S2050008BE082C
S2050008BFB47F
S2050008C0131F
S2050008C10E23
S2050008C20030
S2050008C3002F
S2050008C4939B
S2050008C50726
S2050008C6002C
S2050008C7002B
S2050008C81317
S2050008C90722
S2050008CA0028
S2050008CB0027
S2050008CC6FB7
S2050008CDF035
S2050008CE5FC5
S2050008CFC063
S2050008D0130F
S2050008D1051C
S2050008D2F030
S2050008D37FA0
S2050008D463BB
S2050008D50E0F
S2050008D6A379
S2050008D71A01
S2050008D81307
S2050008D90514
S2050008DA8098
S2050008DB0314
S2050008DC1303
S2050008DD060F
S2050008DE1004
S2050008DF0013
S2050008E0E32F
S2050008E144CD
S2050008E2F51B
S2050008E3C847
S2050008E437D7
S2050008E50607
S2050008E6808C
S2050008E7000B
S2050008E833D7
S2050008E967A2
S2050008EAC741
S2050008EB0007
S2050008EC6F97
S2050008EDF015
S2050008EEDF25
S2050008EFC43F
S2050008F0B74B
S2050008F109F8
S2050008F28080
S2050008F3FF00
S2050008F4936B
S2050008F58974
S2050008F6F903
S2050008F7FFFC
S2050008F833C7
S2050008F909F0
S2050008FAF9FF
S2050008FB40B7
S2050008FCB343
S2050008FD797C
S2050008FE37BD
S2050008FF01F2
S2050009006F82
S205000901F000
S2050009021FD0
S205000903B737
S205000904935A
S2050009058666
S20500090607E4
S205000907FEEC
S20500090813D6
S20500090906E2
S20500090A00E7
S20500090B02E4
S20500090CB332
S20500090DD60E
S20500090ED80B
S20500090F00E2
S205000910637E
S2050009118A56
S205000912C718
S20500091300DE
S20500091413CA
S20500091506D6
S20500091600DB
S20500091704D6
S205000918B326
S20500091907D1
S20500091AF6E1
S20500091B4096
S20500091CB322
S20500091D973D
S20500091EF8DB
S20500091F00D2
S205000920339E
S2050009216F61
S205000922FFD0
S20500092300CE
S205000924339A
S2050009253696
S205000926E0EB
S20500092701C9
S2050009283396
S2050009296662
S20500092AD6F1
S20500092B00C6
S20500092C6F56
S20500092DF0D4
S20500092E9F24
S20500092FAC16
S205000930B70A
S20500093106BA
S205000932803F
S205000933FFBF
S205000934932A
S2050009358636
S205000936F6C5
S205000937FFBB
S205000938B306
S20500093907B1
S20500093AF9BE
S20500093B4076
S20500093C3382
S20500093D773D
S20500093ED7DC
S20500093F00B2
S205000940139E
S2050009411898
S205000942D7D8
S20500094301AD
S205000944337A
S2050009456844
S2050009463873
S20500094701A9
S2050009481396
S2050009495751
S20500094A3770
S20500094B00A6
S20500094C6F36
S20500094DF0B4
S20500094E9F04
S20500094FEDB5
S205000950B3EE
S205000951663A
S205000952B7E8
S205000953009E
S205000954633A
S2050009558616
S2050009560695
S2050009571E7C
S2050009589306
S2050009598612
S20500095AF7A0
S20500095BFF97
S20500095C6332
S20500095D8E06
S20500095E068D
S20500095F0A88
S205000960137E
S205000961058B
S205000962F09F
S2050009637F0F
S205000964632A
S205000965800C
S205000966A7E4
S2050009671476
S20500096893F6
S2050009690781
S20500096A8007
S20500096B0383
S20500096C93F2
S20500096D097B
S20500096E1073
S20500096F0082
S205000970E39E
S205000971C6BA
S205000972D7A8
S205000973E49A
S20500097493EA
S20500097587F5
S2050009760675
S205000977007A
S2050009786F0A
S205000979F088
S20500097A5F18
S20500097BE195
S20500097C1362
S20500097D0E66
S20500097E046F
S20500097F0072
S20500098093DE
S2050009810769
S205000982F07F
S2050009837FEF
S205000984135A
S2050009850765
S205000986006B
S205000987006A
S2050009881356
S2050009890860
S20500098A0067
S20500098B0066
S20500098C6FF6
S20500098DF074
S20500098E5F04
S20500098FB4AE
S20500099093CE
S2050009910759
S205000992F06F
S2050009937FDF
S205000994E37A
S20500099584D8
S205000996F665
S205000997FE5C
S2050009983326
S2050009998FC9
S20500099AE572
S20500099B0155
S20500099CB3A2
S20500099D351F
S20500099EBF94
S20500099F0052
S2050009A0B39E
S2050009A10749
S2050009A21738
S2050009A3014D
S2050009A4B39A
S2050009A587C5
S2050009A6B794
S2050009A7004A
S2050009A81336
S2050009A996B2
S2050009AAF750
S2050009AB0145
S2050009AC1332
S2050009AD5FE5
S2050009AE1F24
S2050009AF0042
S2050009B0B38E
S2050009B164DC
S2050009B2E659
S2050009B3013D
S2050009B493AA
S2050009B5D963
S2050009B61724
S2050009B7003A
S2050009B81326
S2050009B989AF
S2050009BA0631
S2050009BB0036
S2050009BC6FC6
S2050009BDF044
S2050009BE5FD4
S2050009BFAB87
S2050009C033FE
S2050009C1062A
S2050009C2BF70
S2050009C340EE
S2050009C4B37A
S2050009C587A5
S2050009C6E843
S2050009C740EA
S2050009C833F6
S2050009C937F1
S2050009CACF58
S2050009CB0026
S2050009CC9392
S2050009CD0420
S2050009CE061D
S2050009CF0022
S2050009D0B36E
S2050009D18997
S2050009D2E738
S2050009D340DE
S2050009D4130A
S2050009D58498
S2050009D60615
S2050009D7001A
S2050009D86FAA
S2050009D9F028
S2050009DA1FF8
S2050009DBA472
S2050009DC1302
S2050009DD16FE
S2050009DE36DD
S2050009DF0012
S2050009E013FE
S2050009E156BA
S2050009E236D9
S2050009E3000E
S2050009E413FA
S2050009E58488
S2050009E60605
S2050009E7000A
S2050009E813F6
S2050009E98781
S2050009EA08FF
S2050009EB0006
S2050009EC6F96
S2050009EDF014
S2050009EE5FA4
S2050009EFE220
S2050009F0E31E
S2050009F112EE
S2050009F203FC
S2050009F3DE20
S2050009F4639A
S2050009F506F6
S2050009F608F3
S2050009F71CDE
S2050009F813E6
S2050009F9D721
S2050009FA38BF
S2050009FB00F6
S2050009FC13E2
S2050009FD16DE
S2050009FE36BD
S2050009FF00F2
S205000A00935D
S205000A019857
S205000A02D816
S205000A0301EC
S205000A0433B9
S205000A056784
S205000A0617D3
S205000A0701E8
S205000A0813D5
S205000A095691
S205000A0A36B0
S205000A0B00E5
S205000A0C33B1
S205000A0D677C
S205000A0EC71B
S205000A0F00E1
S205000A1013CD
S205000A11845B
S205000A1206D8
S205000A1300DD
S205000A146F6D
S205000A15F0EB
S205000A16DFFB
S205000A17DDFC
S205000A1833A5
S205000A198F48
S205000A1AE5F1
S205000A1B01D4
S205000A1CB321
S205000A1D08CB
S205000A1E17BB
S205000A1F01D0
S205000A20B31D
S205000A21359A
S205000A22BF0F
S205000A2300CD
S205000A24B319
S205000A258942
S205000A26B812
S205000A2700C9
S205000A289335
S205000A299730
S205000A2A893D
S205000A2B00C5
S205000A2C9331
S205000A2D04BF
S205000A2E0FB3
S205000A2F00C1
S205000A30635D
S205000A31D4EB
S205000A3207B7
S205000A330EAF
S205000A3413A9
S205000A3509B2
S205000A36209A
S205000A3700B9
S205000A386F49
S205000A39F0C7
S205000A3A1F97
S205000A3BBDF8
S205000A3C3381
S205000A3D8F24
S205000A3EE5CD
S205000A3F4170
S205000A40B3FD
S205000A4108A7
S205000A421797
S205000A43416C
S205000A44B3F9
S205000A45B5F6
S205000A46E5C5
S205000A4701A8
S205000A489315
S205000A4904A3
S205000A4A0F97
S205000A4B00A5
S205000A4CB3F1
S205000A4D891A
S205000A4EB8EA
S205000A4F4061
S205000A50138D
S205000A510996
S205000A52108E
S205000A53009D
S205000A546F2D
S205000A55F0AB
S205000A561F7B
S205000A579BFE
S205000A589305
S205000A598611
S205000A5A078F
S205000A5BFE97
S205000A5C1381
S205000A5D068D
S205000A5E0092
S205000A5F028F
S205000A60B3DD
S205000A61D6B9
S205000A62D8B6
S205000A63008D
S205000A646329
S205000A658A01
S205000A66C7C3
S205000A670089
S205000A681375
S205000A690681
S205000A6A0086
S205000A6B0481
S205000A6CB3D1
S205000A6D077C
S205000A6EF68C
S205000A6F4041
S205000A70B3CD
S205000A7197E8
S205000A72F886
S205000A73007D
S205000A743349
S205000A756F0C
S205000A76FF7B
S205000A770079
S205000A78B3C5
S205000A79393E
S205000A7AE096
S205000A7B0174
S205000A7CB3C1
S205000A7DE98A
S205000A7ED999
S205000A7F0071
S205000A806F01
S205000A81F07F
S205000A825F0F
S205000A83B6B7
S205000A841359
S205000A851655
S205000A863535
S205000A870069
S205000A8893D5
S205000A89590E
S205000A8A3630
S205000A8B0065
S205000A8C6FF5
S205000A8DF073
S205000A8E5F03
S205000A8FEB76
S205000A90134D
S205000A911649
S205000A923628
S205000A93005D
S205000A941349
S205000A955605
S205000A963624
S205000A970059
S205000A981345
S205000A9984D3
S205000A9A0650
S205000A9B0055
S205000A9C1341
S205000A9D87CC
S205000A9E084A
S205000A9F0051
S205000AA06FE1
S205000AA1F05F
S205000AA21F2F
S205000AA3D479
S205000AA41339
S205000AA51635
S205000AA63614
S205000AA70049
S205000AA81335
S205000AA956F1
S205000AAA3610
S205000AAB0045
S205000AAC1331
S205000AAD87BC
S205000AAE083A
S205000AAF0041
S205000AB06FD1
S205000AB1F04F
S205000AB21F1F
S205000AB3D36A
S205000AB41329
S205000AB585B6
S205000AB60733
S205000AB7FE3B
S205000AB81325
S205000AB90631
S205000ABA0036
S205000ABB0233
S205000ABC3301
S205000ABD55DE
S205000ABEA78B
S205000ABF0031
S205000AC063CD
S205000AC18AA5
S205000AC2C767
S205000AC3002D
S205000AC41319
S205000AC50625
S205000AC6002A
S205000AC70425
S205000AC8B375
S205000AC90720
S205000ACAF630
S205000ACB40E5
S205000ACCB371
S205000ACD170C
S205000ACEF72B
S205000ACF0021
S205000AD0B36D
S205000AD1E53A
S205000AD2F529
S205000AD3001D
S205000AD433E9
S205000AD536E5
S205000AD6B06A
S205000AD70019
S205000AD833E5
S205000AD966B1
S205000ADAA670
S205000ADB0015
S205000ADC6FA5
S205000ADDF023
S205000ADEDF33
S205000ADFA869
S205000AE0E32D
S205000AE1828D
S205000AE20608
S205000AE3FC11
S205000AE433D9
S205000AE5EF1C
S205000AE6E822
S205000AE70108
S205000AE8E325
S205000AE916F1
S205000AEA0FF7
S205000AEBD035
S205000AEC6F95
S205000AEDF013
S205000AEEDF23
S205000AEFCE33
S205000AF0E31D
S205000AF108F7
S205000AF208F6
S205000AF3DC21
S205000AF413E9
S205000AF518E3
S205000AF636C4
S205000AF700F9
S205000AF89365
S205000AF99760
S205000AFAD81E
S205000AFB01F4
S205000AFC13E1
S205000AFD589B
S205000AFE38BA
S205000AFF00F1
S205000B0013DC
S205000B01D717
S205000B0238B5
S205000B0300EC
S205000B0433B8
S205000B056882
S205000B06F8F1
S205000B0700E8
S205000B0833B4
S205000B09776F
S205000B0AD70E
S205000B0B01E3
S205000B0C13D0
S205000B0D8E54
S205000B0E06DB
S205000B0F00E0
S205000B10934C
S205000B1107D7
S205000B1200DD
S205000B1300DC
S205000B146F6C
S205000B15F0EA
S205000B16DFFA
S205000B179B3D
S205000B189344
S205000B1907CF
S205000B1A10C5
S205000B1B00D4
S205000B1C6F64
S205000B1DF0E2
S205000B1EDFF2
S205000B1FC20E
S205000B20B31C
S205000B2105C9
S205000B22BF0E
S205000B23408C
S205000B24B318
S205000B258842
S205000B26E8E1
S205000B274088
S205000B283394
S205000B29378F
S205000B2ABF06
S205000B2B00C4
S205000B2C9330
S205000B2D843E
S205000B2E05BC
S205000B2F00C0
S205000B30B30C
S205000B318935
S205000B32E8D5
S205000B33407C
S205000B3413A8
S205000B358436
S205000B3606B3
S205000B3700B8
S205000B3813A4
S205000B3909AD
S205000B3A10A5
S205000B3B00B4
S205000B3C6F44
S205000B3DF0C2
S205000B3E9F12
S205000B3F8C24
S205000B40139C
S205000B411698
S205000B423677
S205000B4300AC
S205000B441398
S205000B455654
S205000B463673
S205000B4700A8
S205000B481394
S205000B49871F
S205000B4A089D
S205000B4B00A4
S205000B4C6F34
S205000B4DF0B2
S205000B4E5F42
S205000B4FCCD4
S205000B50138C
S205000B511688
S205000B523667
S205000B53009C
S205000B549308
S205000B555941
S205000B563663
S205000B570098
S205000B581384
S205000B59870F
S205000B5A088D
S205000B5B0094
S205000B5C6F24
S205000B5DF0A2
S205000B5E5F32
S205000B5FDEB2
S205000B6093FC
S205000B618608
S205000B620786
S205000B63FE8E
S205000B641378
S205000B650684
S205000B660089
S205000B670286
S205000B68B3D4
S205000B695630
S205000B6AD7AE
S205000B6B0084
S205000B6C6320
S205000B6D8AF8
S205000B6EC7BA
S205000B6F0080
S205000B70136C
S205000B710678
S205000B72007D
S205000B730478
S205000B74B3C8
S205000B750773
S205000B76F683
S205000B774038
S205000B78B3C4
S205000B79175F
S205000B7AF77E
S205000B7B0074
S205000B7CB3C0
S205000B7DE58D
S205000B7EF57C
S205000B7F0070
S205000B80B3BC
S205000B813935
S205000B82B0BD
S205000B83006C
S205000B84B3B8
S205000B85E981
S205000B86D990
S205000B870068
S205000B886FF8
S205000B89F076
S205000B8A5F06
S205000B8BC3A1
S205000B8C1350
S205000B8DD68C
S205000B8E342D
S205000B8F0060
S205000B9093CC
S205000B910757
S205000B920954
S205000B93005C
S205000B941348
S205000B9587D3
S205000B960950
S205000B970058
S205000B986FE8
S205000B99F066
S205000B9A9FB6
S205000B9BC78D
S205000B9C93C0
S205000B9D064C
S205000B9E0051
S205000B9F024E
S205000BA0B39C
S205000BA186C8
S205000BA2F657
S205000BA3400C
S205000BA41338
S205000BA50644
S205000BA60049
S205000BA70048
S205000BA86FD8
S205000BA9F056
S205000BAA5FE6
S205000BAB8BB9
S205000BAC3310
S205000BADE85A
S205000BAEC978
S205000BAF0040
S205000BB0E35C
S205000BB10836
S205000BB20835
S205000BB3D06C
S205000BB493A8
S205000BB5D961
S205000BB63900
S205000BB70038
S205000BB81324
S205000BB9072F
S205000BBA062F
S205000BBB0034
S205000BBC6FC4
S205000BBDF042
S205000BBE5FD2
S205000BBFD858
S205000BC0131C
S205000BC10E20
S205000BC2002D
S205000BC3002C
S205000BC49398
S205000BC50723
S205000BC6F039
S205000BC77FA9
S205000BC837F0
S205000BC9071F
S205000BCA081D
S205000BCB0024
S205000BCC6FB4
S205000BCDF032
S205000BCE5FC2
S205000BCF9090
S205000BD0938C
S205000BD11707
S205000BD2D746
S205000BD3011B
S205000BD41308
S205000BD557C3
S205000BD637E2
S205000BD70018
S205000BD833E4
S205000BD9E82E
S205000BDA070E
S205000BDB0113
S205000BDC33E0
S205000BDD779B
S205000BDED73A
S205000BDF010F
S205000BE0937C
S205000BE10707
S205000BE2000D
S205000BE3000C
S205000BE46F9C
S205000BE5F01A
S205000BE6DF2A
S205000BE78E7A
S205000BE813F4
S205000BE918EE
S205000BEAD72E
S205000BEB0103
S205000BEC9370
S205000BEDD52D
S205000BEE35CC
S205000BEF0000
S205000BF033CC
S205000BF16896
S205000BF2B845
S205000BF300FC
S205000BF413E8
S205000BF557A3
S205000BF637C2
S205000BF700F8
S205000BF813E4
S205000BF98472
S205000BFA06EF
S205000BFB00F4
S205000BFC6F84
S205000BFDF002
S205000BFE9F52
S205000BFFC22E
S205000C0013DB
S205000C0101EC
S205000C0201EB
S205000C03FBF0
S205000C049357
S205000C05D712
S205000C0645A3
S205000C0701E6
S205000C0823C3
S205000C0924C1
S205000C0A8163
S205000C0B04DF
S205000C0C23BF
S205000C0D22BF
S205000C0E914F
S205000C0F04DB
S205000C1023BB
S205000C1120BD
S205000C1221BB
S205000C1305D6
S205000C1423B7
S205000C152CAD
S205000C164197
S205000C1703D4
S205000C1823B3
S205000C192AAB
S205000C1A5183
S205000C1B03D0
S205000C1C933F
S205000C1D943D
S205000C1EC50B
S205000C1F00CF
S205000C2023AB
S205000C2126A7
S205000C2211BB
S205000C2304C7
S205000C2423A7
S205000C252E9B
S205000C263197
S205000C2703C4
S205000C2823A3
S205000C29289D
S205000C2A6163
S205000C2B03C0
S205000C2C239F
S205000C2D269B
S205000C2E714F
S205000C2F03BC
S205000C30239B
S205000C312499
S205000C32813B
S205000C3303B8
S205000C349327
S205000C35F7C2
S205000C36F7C1
S205000C377F38
S205000C3813A3
S205000C3904B1
S205000C3A05AF
S205000C3B00B3
S205000C3C139F
S205000C3D0AA7
S205000C3E06AA
S205000C3F00AF
S205000C40139B
S205000C418924
S205000C4206A6
S205000C4300AB
S205000C449317
S205000C45D4D5
S205000C46C4E4
S205000C4700A7
S205000C489313
S205000C49DACB
S205000C4AF5AF
S205000C4B01A2
S205000C4C633F
S205000C4D8A17
S205000C4E0799
S205000C4F1887
S205000C50138B
S205000C510796
S205000C52F0AC
S205000C537F1C
S205000C546337
S205000C558811
S205000C56E7B1
S205000C57088F
S205000C581383
S205000C595B3A
S205000C5AD5BF
S205000C5B0192
S205000C5C93FF
S205000C5D94FD
S205000C5E345C
S205000C5F008F
S205000C60B3DB
S205000C616429
S205000C629BF1
S205000C63008B
S205000C643753
S205000C650782
S205000C668008
S205000C670087
S205000C683353
S205000C69EB9A
S205000C6AE4A0
S205000C6B0083
S205000C6C93EF
S205000C6D1B66
S205000C6E354B
S205000C6F007F
S205000C7093EB
S205000C7189F4
S205000C721765
S205000C73C0BB
S205000C7493E7
S205000C750475
S205000C760078
S205000C770077
S205000C781363
S205000C790C69
S205000C7A0074
S205000C7B0073
S205000C7C93DF
S205000C7D571A
S205000C7E4927
S205000C7F016E
S205000C80135B
S205000C811459
S205000C82C9A3
S205000C83006B
S205000C8493D7
S205000C85F772
S205000C86F771
S205000C877FE8
S205000C881353
S205000C895411
S205000C8AC4A0
S205000C8B0063
S205000C8C134F
S205000C8D5908
S205000C8EF967
S205000C8F015E
S205000C9063FB
S205000C9182DB
S205000C920755
S205000C930853
S205000C941347
S205000C950752
S205000C96F068
S205000C977FD8
S205000C9863F3
S205000C998ACB
S205000C9AE76D
S205000C9B183B
S205000C9C133F
S205000C9D143D
S205000C9E341C
S205000C9F004F
S205000CA0133B
S205000CA157F6
S205000CA2DA72
S205000CA3014A
S205000CA43317
S205000CA567E2
S205000CA687C1
S205000CA70047
S205000CA893B3
S205000CA987BE
S205000CAA172D
S205000CABC083
S205000CAC370B
S205000CAD043D
S205000CAE80C0
S205000CAF003F
S205000CB0B38B
S205000CB189B4
S205000CB2F943
S205000CB340FB
S205000CB43307
S205000CB564D5
S205000CB687B1
S205000CB70037
S205000CB81323
S205000CB9181D
S205000CBA3AFA
S205000CBB0033
S205000CBC939F
S205000CBD072A
S205000CBE0030
S205000CBF002F
S205000CC0131B
S205000CC10726
S205000CC2F03C
S205000CC3002B
S205000CC433F7
S205000CC5CA5F
S205000CC62AFE
S205000CC70126
S205000CC863C3
S205000CC964C1
S205000CCA978D
S205000CCB24FF
S205000CCC37EB
S205000CCD071A
S205000CCE1010
S205000CCF001F
S205000CD0130B
S205000CD10716
S205000CD20715
S205000CD3001B
S205000CD49387
S205000CD59485
S205000CD624F4
S205000CD70017
S205000CD8B363
S205000CD98491
S205000CDAE430
S205000CDB0013
S205000CDC030F
S205000CDDA76A
S205000CDE040C
S205000CDF000F
S205000CE067A7
S205000CE1000D
S205000CE20705
S205000CE3000B
S205000CE433D7
S205000CE5EB1E
S205000CE6A464
S205000CE70007
S205000CE863A3
S205000CE91EE7
S205000CEA0BF9
S205000CEB1CE7
S205000CEC936F
S205000CED57AA
S205000CEE49B7
S205000CEF01FE
S205000CF013EB
S205000CF114E9
S205000CF2C933
S205000CF300FB
S205000CF49367
S205000CF5F702
S205000CF6F701
S205000CF77F78
S205000CF89363
S205000CF90BEA
S205000CFA00F4
S205000CFB00F3
S205000CFC935F
S205000CFD04ED
S205000CFE8070
S205000CFF00EF
S205000D00935A
S205000D0109E3
S205000D02F0FB
S205000D037F6B
S205000D0413D6
S205000D050CDC
S205000D0620C7
S205000D0700E6
S205000D0813D2
S205000D095490
S205000D0AC41F
S205000D0B00E2
S205000D0C13CE
S205000D0D5987
S205000D0EF9E6
S205000D0F01DD
S205000D10E3FA
S205000D11924A
S205000D1207D4
S205000D13F8E2
S205000D1433A6
S205000D156870
S205000D164493
S205000D1701D5
S205000D186372
S205000D1902D2
S205000D1A08CB
S205000D1B1CB6
S205000D1C636E
S205000D1D06CA
S205000D1E04CB
S205000D1F5C72
S205000D2013BA
S205000D2105C7
S205000D2204C7
S205000D2300CA
S205000D24EFDA
S205000D2520A8
S205000D26C007
S205000D27685E
S205000D289332
S205000D2907BD
S205000D2A05BE
S205000D2B00C2
S205000D2C932E
S205000D2D06BA
S205000D2E556A
S205000D2FFFBF
S205000D3013AA
S205000D3107B5
S205000D32D0EB
S205000D3301B9
S205000D3413A6
S205000D358830
S205000D368730
S205000D37FFB7
S205000D383382
S205000D3907AD
S205000D3AD7DC
S205000D3B4072
S205000D3C337E
S205000D3D149C
S205000D3E04AB
S205000D3F01AD
S205000D40337A
S205000D415755
S205000D42EAC1
S205000D4300AA
S205000D443376
S205000D456444
S205000D468720
S205000D4700A6
S205000D483372
S205000D49188C
S205000D4A0A99
S205000D4B01A1
S205000D4CB3EE
S205000D4D8719
S205000D4E3768
S205000D4F019D
S205000D50930A
S205000D518913
S205000D523764
S205000D533F5B
S205000D549306
S205000D550791
S205000D560097
S205000D570096
S205000D586F26
S205000D59F0A4
S205000D5A9FF4
S205000D5BF69C
S205000D5C335E
S205000D5D0789
S205000D5EF798
S205000D5F404E
S205000D6093FA
S205000D610686
S205000D62800B
S205000D630387
S205000D646326
S205000D65D0B8
S205000D66E6A1
S205000D676026
S205000D6893F2
S205000D69077D
S205000D6A0083
S205000D6B0082
S205000D6C93EE
S205000D6D067A
S205000D6E007F
S205000D6F007E
S205000D70136A
S205000D710775
S205000D72007B
S205000D73007A
S205000D7483F6
S205000D752058
S205000D76C1B6
S205000D770472
S205000D780372
S205000D792450
S205000D7A81F2
S205000D7B046E
S205000D7C93DE
S205000D7D97D9
S205000D7E4728
S205000D7F016D
S205000D80B3BA
S205000D81E785
S205000D82D794
S205000D83006A
S205000D8493D6
S205000D851652
S205000D86FA6D
S205000D870165
S205000D88B3B2
S205000D89E77D
S205000D8AD78C
S205000D8B0062
S205000D8C83DE
S205000D8D243C
S205000D8E411E
S205000D8F045A
S205000D90035A
S205000D912933
S205000D92015A
S205000D930456
S205000D9483D6
S205000D95292F
S205000D96C196
S205000D970353
S205000D980352
S205000D992A2A
S205000D9A81D2
S205000D9B034F
S205000D9C83CE
S205000D9D2A26
S205000D9E410E
S205000D9F034B
S205000DA0034A
S205000DA12B21
S205000DA2014A
S205000DA30347
S205000DA483C6
S205000DA52B1D
S205000DA6C186
S205000DA70244
S205000DA80342
S205000DA92C18
S205000DAA81C2
S205000DAB0240
S205000DAC132E
S205000DAD053B
S205000DAE0738
S205000DAF003E
S205000DB093AA
S205000DB185B7
S205000DB20734
S205000DB3003A
S205000DB41326
S205000DB50137
S205000DB60136
S205000DB70531
S205000DB867CE
S205000DB980B4
S205000DBA0033
S205000DBB0032
S205000DBC939E
S205000DBD0729
S205000DBEF03F
S205000DBF7FAF
S205000DC0939A
S205000DC10626
S205000DC2002B
S205000DC3002A
S205000DC41316
S205000DC50721
S205000DC60027
S205000DC70026
S205000DC86FB6
S205000DC9F034
S205000DCADF44
S205000DCBFA28
S205000DCC130E
S205000DCD0A16
S205000DCE001F
S205000DCF001E
S205000DD0938A
S205000DD10715
S205000DD2F02B
S205000DD37F9B
S205000DD4B762
S205000DD50612
S205000DD6080F
S205000DD70016
S205000DD81302
S205000DD9070D
S205000DDA0013
S205000DDB0012
S205000DDC6FA2
S205000DDDF020
S205000DDE9F70
S205000DDFF915
S205000DE033DA
S205000DE1EB21
S205000DE2A467
S205000DE3000A
S205000DE463A6
S205000DE50CFC
S205000DE60BFC
S205000DE710F6
S205000DE863A2
S205000DE98480
S205000DEA04FF
S205000DEB52B0
S205000DEC13EE
S205000DED857B
S205000DEE04FB
S205000DEF00FE
S205000DF0EF0E
S205000DF120DC
S205000DF200FB
S205000DF35C9E
S205000DF413E6
S205000DF507F1
S205000DF605F2
S205000DF700F6
S205000DF89362
S205000DF907ED
S205000DFA559E
S205000DFBFFF3
S205000DFC13DE
S205000DFD0BE5
S205000DFED01F
S205000DFF01ED
S205000E009359
S205000E010BE0
S205000E028763
S205000E03FFEA
S205000E0433B5
S205000E050BDC
S205000E06FBEB
S205000E0740A5
S205000E08B331
S205000E09944F
S205000E0A746E
S205000E0B01E0
S205000E0C33AD
S205000E0D5B84
S205000E0E647A
S205000E0F01DC
S205000E1033A9
S205000E116B70
S205000E129B3F
S205000E1300D9
S205000E14B325
S205000E151BBC
S205000E167462
S205000E1701D4
S205000E189341
S205000E1907CC
S205000E1AD002
S205000E1BC011
S205000E1CB31D
S205000E1D8946
S205000E1EE7E7
S205000E1F408D
S205000E209339
S205000E2104C7
S205000E2200CA
S205000E2300C9
S205000E2413B5
S205000E250CBB
S205000E2600C6
S205000E2700C5
S205000E286F55
S205000E29F0D3
S205000E2A5F63
S205000E2BE5DC
S205000E2C338D
S205000E2D6857
S205000E2E447A
S205000E2F01BC
S205000E309329
S205000E318932
S205000E3219A1
S205000E338039
S205000E346355
S205000E351C9B
S205000E3608AE
S205000E370AAB
S205000E389321
S205000E39E4CF
S205000E3A248E
S205000E3B00B1
S205000E3C139D
S205000E3D04AB
S205000E3E00AE
S205000E3F00AD
S205000E409319
S205000E4107A4
S205000E42208A
S205000E4300A9
S205000E446F39
S205000E45F0B7
S205000E46DFC7
S205000E47E7BE
S205000E481391
S205000E49891A
S205000E4A0A98
S205000E4B00A1
S205000E4C138D
S205000E4D049B
S205000E4E0B93
S205000E4F009D
S205000E501389
S205000E518813
S205000E520B8F
S205000E530099
S205000E549305
S205000E550790
S205000E562076
S205000E570095
S205000E586331
S205000E59088B
S205000E5AFC96
S205000E5B6031
S205000E5C93FD
S205000E5D0788
S205000E5E305E
S205000E5F008D
S205000E60E3A9
S205000E610685
S205000E62FC8E
S205000E63F693
S205000E6493F5
S205000E650780
S205000E661076
S205000E670085
S205000E681371
S205000E690A79
S205000E6A0979
S205000E6B0081
S205000E6CE39D
S205000E6D0E71
S205000E6EFC82
S205000E6FEE8F
S205000E7093E9
S205000E7187F4
S205000E72F981
S205000E733F3A
S205000E746315
S205000E755225
S205000E76F086
S205000E773C39
S205000E781361
S205000E7977FC
S205000E7A78FA
S205000E7B0071
S205000E7C630D
S205000E7D1659
S205000E7E0767
S205000E7F5C11
S205000E801359
S205000E811754
S205000E8274F6
S205000E830069
S205000E846305
S205000E855A0D
S205000E86075F
S205000E870065
S205000E88B7AD
S205000E89075C
S205000E8A0062
S205000E8BFF62
S205000E8C93CD
S205000E8D87D8
S205000E8EF767
S205000E8FFF5E
S205000E903329
S205000E9174E7
S205000E92F466
S205000E930059
S205000E9493C5
S205000E9587D0
S205000E96094D
S205000E974015
S205000E981341
S205000E99074C
S205000E9AE072
S205000E9B7FD2
S205000E9CE36D
S205000E9D400F
S205000E9EF757
S205000E9FF25B
S205000EA01339
S205000EA158F3
S205000EA23812
S205000EA30049
S205000EA41335
S205000EA51730
S205000EA6D472
S205000EA70144
S205000EA893B1
S205000EA9162D
S205000EAA94AE
S205000EAB0041
S205000EAC330D
S205000EAD67D8
S205000EAE0737
S205000EAF013C
S205000EB093A9
S205000EB1D665
S205000EB2C674
S205000EB30039
S205000EB493A5
S205000EB5F740
S205000EB6F73F
S205000EB77FB6
S205000EB86FC5
S205000EB9F043
S205000EBADF53
S205000EBBEB46
S205000EBC131D
S205000EBD8CA3
S205000EBE0727
S205000EBF002D
S205000EC06FBD
S205000EC1F03B
S205000EC25FCB
S205000EC3F930
S205000EC41315
S205000EC58B9C
S205000EC60422
S205000EC70025
S205000EC89391
S205000EC90B18
S205000ECA051D
S205000ECB0021
S205000ECC938D
S205000ECD041B
S205000ECEC05E
S205000ECF001D
S205000ED09389
S205000ED10912
S205000ED2F02A
S205000ED37F9A
S205000ED41305
S205000ED50C0B
S205000ED630E6
S205000ED70015
S205000ED86FA5
S205000ED9F023
S205000EDA5FB3
S205000EDBDA37
S205000EDC937D
S205000EDDE42B
S205000EDE14FA
S205000EDF000D
S205000EE013F9
S205000EE10407
S205000EE2000A
S205000EE30009
S205000EE49375
S205000EE50700
S205000EE610F6
S205000EE70005
S205000EE86F95
S205000EE9F013
S205000EEA9F63
S205000EEBDD24
S205000EEC936D
S205000EEDE41B
S205000EEE34CA
S205000EEF00FD
S205000EF013E9
S205000EF108F3
S205000EF20AF0
S205000EF300F9
S205000EF49365
S205000EF507F0
S205000EF630C6
S205000EF700F5
S205000EF86F85
S205000EF9F003
S205000EFA9F53
S205000EFBDC15
S205000EFC935D
S205000EFD0BE4
S205000EFE00EE
S205000EFF00ED
S205000F009358
S205000F0104E6
S205000F0240A9
S205000F0300E8
S205000F049354
S205000F0509DD
S205000F0600E5
S205000F0700E4
S205000F0813D0
S205000F090CD6
S205000F0A10D1
S205000F0B00E0
S205000F0C6F70
S205000F0DF0EE
S205000F0E1FBE
S205000F0FD705
S205000F1023B8
S205000F1122B8
S205000F129148
S205000F1303D5
S205000F1423B4
S205000F1520B6
S205000F16A134
S205000F1703D1
S205000F1823B0
S205000F192EA4
S205000F1AB120
S205000F1B01CF
S205000F1C636C
S205000F1D6A64
S205000F1E6469
S205000F1F3B91
S205000F206368
S205000F2106C4
S205000F228B3E
S205000F233A8E
S205000F249334
S205000F25893D
S205000F26F9CC
S205000F27FFC5
S205000F2813B0
S205000F298C36
S205000F2A0BB6
S205000F2B00C0
S205000F2C932C
S205000F2D04BA
S205000F2E0BB2
S205000F2F00BC
S205000F3013A8
S205000F310DAD
S205000F3200B9
S205000F3300B8
S205000F349324
S205000F355C5A
S205000F36882D
S205000F3701B3
S205000F3813A0
S205000F39149E
S205000F3A842D
S205000F3B00B0
S205000F3C139C
S205000F3D5955
S205000F3E04A9
S205000F3F01AB
S205000F40B3F8
S205000F41ECBE
S205000F428C1D
S205000F4300A8
S205000F449314
S205000F4505A1
S205000F46099C
S205000F4700A4
S205000F481390
S205000F49851D
S205000F4A049D
S205000F4B00A0
S205000F4C138C
S205000F4D9B03
S205000F4E0C91
S205000F4F019B
S205000F509308
S205000F511A80
S205000F528811
S205000F530098
S205000F541384
S205000F555B3B
S205000F560B8A
S205000F570193
S205000F58EFA4
S205000F592072
S205000F5AC0D1
S205000F5B3A56
S205000F5C93FC
S205000F5D0589
S205000F5E0588
S205000F5F008C
S205000F601378
S205000F610486
S205000F620584
S205000F630088
S205000F641374
S205000F650581
S205000F660B7A
S205000F670084
S205000F68EF94
S205000F692062
S205000F6A0081
S205000F6B3749
S205000F6C93EC
S205000F6D0777
S205000F6E0578
S205000F6F007C
S205000F7093E8
S205000F710575
S205000F720970
S205000F730078
S205000F741364
S205000F7585F1
S205000F760471
S205000F770074
S205000F7893E0
S205000F7984EE
S205000F7A076A
S205000F7B0070
S205000F7CEF80
S205000F7D204E
S205000F7E006D
S205000F7F3D2F
S205000F801358
S205000F811555
S205000F820564
S205000F830167
S205000F8493D4
S205000F85570F
S205000F860C59
S205000F870163
S205000F88B3B0
S205000F89E77B
S205000F8AA7BA
S205000F8B0060
S205000F8C63FC
S205000F8DFA64
S205000F8E97C6
S205000F8F005C
S205000F90B3A8
S205000F9187D3
S205000F92FC5D
S205000F930058
S205000F941344
S205000F95074F
S205000F96F461
S205000F97FF55
S205000F9863F0
S205000F99FE54
S205000F9A97BA
S205000F9B3B15
S205000F9C133C
S205000F9D044A
S205000F9E0746
S205000F9F004C
S205000FA0B398
S205000FA184C6
S205000FA297B2
S205000FA34008
S205000FA493B4
S205000FA50541
S205000FA6093C
S205000FA70044
S205000FA81330
S205000FA985BD
S205000FAA043D
S205000FAB0040
S205000FACEF50
S205000FAD201E
S205000FAE80BD
S205000FAF3507
S205000FB093A8
S205000FB10535
S205000FB20534
S205000FB30038
S205000FB493A4
S205000FB50B2B
S205000FB60530
S205000FB70034
S205000FB81320
S205000FB9052D
S205000FBA0B26
S205000FBB0030
S205000FBCEF40
S205000FBD200E
S205000FBEC06D
S205000FBF31FB
S205000FC09398
S205000FC10723
S205000FC20524
S205000FC30028
S205000FC49394
S205000FC50521
S205000FC6091C
S205000FC70024
S205000FC81310
S205000FC9859D
S205000FCA041D
S205000FCB0020
S205000FCC938C
S205000FCD849A
S205000FCE0716
S205000FCF001C
S205000FD0EF2C
S205000FD120FA
S205000FD2C059
S205000FD337E1
S205000FD49384
S205000FD517FF
S205000FD60C09
S205000FD70113
S205000FD81300
S205000FD915FD
S205000FDA050C
S205000FDB010F
S205000FDC937C
S205000FDDD737
S205000FDE0706
S205000FDF010B
S205000FE0B358
S205000FE1E723
S205000FE2A762
S205000FE30008
S205000FE463A4
S205000FE5FA0C
S205000FE6976E
S205000FE70004
S205000FE8B350
S205000FE9877B
S205000FEAFC05
S205000FEB0000
S205000FEC13EC
S205000FED8777
S205000FEEFB02
S205000FEFFFFD
S205000FF06398
S205000FF1FA00
S205000FF29762
S205000FF335C3
S205000FF49364
S205000FF50BEB
S205000FF607EE
S205000FF700F4
S205000FF837BC
S205000FF903EF
S205000FFA01F0
S205000FFB00F0
S205000FFC13DC
S205000FFD14DA
S205000FFE04E9
S205000FFF01EB
S20500100033B7
S2050010016485
S2050010027474
S20500100301E6
S2050010049353
S2050010050DD8
S205001006F3F1
S205001007FFE4
S205001008B32F
S2050010097869
S20500100AB42C
S20500100B01DE
S20500100CB32B
S20500100DFDE0
S20500100EBA22
S20500100F01DA
S205001010B327
S2050010118B4E
S2050010129741
S2050010134097
S20500101413C3
S205001015DCF9
S2050010160ACA
S20500101701D2
S205001018933F
S205001019577A
S20500101A04CC
S20500101B01CE
S20500101C13BB
S20500101D8548
S20500101E08C4
S20500101F00CB
S2050010209337
S2050010218544
S2050010220DBB
S20500102300C7
S205001024EFD7
S20500102520A5
S2050010264084
S2050010272B98
S20500102813AF
S20500102908B9
S20500102A05BB
S20500102B00BF
S20500102C932B
S20500102D05B8
S20500102E0CB0
S20500102F00BB
S20500103013A7
S2050010318534
S20500103208B0
S20500103300B7
S205001034EFC7
S2050010352095
S2050010364074
S2050010372A89
S205001038931F
S20500103908A9
S20500103A05AB
S20500103B00AF
S20500103C931B
S20500103D8528
S20500103E0D9F
S20500103F00AB
S2050010401397
S2050010418524
S20500104207A1
S20500104300A7
S205001044EFB7
S2050010452085
S2050010464064
S205001047297A
S205001048138F
S2050010490E93
S20500104A059B
S20500104B009F
S20500104C930B
S20500104D0598
S20500104E0C90
S20500104F009B
S2050010501387
S2050010518514
S2050010520791
S2050010530097
S205001054EFA7
S2050010552075
S2050010564054
S205001057286B
S20500105893FF
S205001059573A
S20500105A0888
S20500105B018E
S20500105CB3DB
S20500105D8805
S20500105EC8C4
S20500105F018A
S205001060B3D7
S2050010618702
S2050010621771
S2050010630186
S2050010646323
S205001065F491
S205001066C7BD
S2050010670182
S205001068334F
S205001069057C
S20500106A651B
S20500106B007F
S20500106C3747
S20500106D0677
S20500106E017B
S20500106F007B
S2050010701367
S2050010710673
S205001072F682
S205001073FF78
S205001074B3C3
S205001075F481
S205001076C7AD
S2050010770073
S20500107893DF
S205001079D69B
S20500107A0769
S20500107B016E
S20500107C93DB
S20500107D94D9
S20500107E0468
S20500107F016A
S2050010803337
S20500108178F1
S205001082C8A0
S2050010830067
S205001084B3B3
S20500108587DE
S205001086A6BE
S2050010870063
S205001088B3AF
S20500108984DD
S20500108A045C
S20500108B015E
S20500108C63FB
S20500108DEA73
S20500108EFB61
S20500108F203B
S20500109063F7
S20500109186D3
S205001092FB5D
S2050010932037
S205001094B3A3
S2050010950451
S2050010969DB7
S2050010974013
S205001098B39F
S2050010998BC6
S20500109AFB55
S20500109B400F
S20500109C331B
S20500109D3D10
S20500109E9DAF
S20500109F004B
S2050010A0B397
S2050010A18BBE
S2050010A2AB9D
S2050010A34106
S2050010A463E3
S2050010A58ABB
S2050010A67CC8
S2050010A7370C
S2050010A893AF
S2050010A9053C
S2050010AA0937
S2050010AB003F
S2050010AC132B
S2050010AD85B8
S2050010AE0B31
S2050010AF003B
S2050010B0EF4B
S2050010B12019
S2050010B240F8
S2050010B32512
S2050010B493A3
S2050010B50530
S2050010B6052F
S2050010B70033
S2050010B8230F
S2050010B9260B
S2050010BAA18F
S2050010BB002F
S2050010BC131B
S2050010BD0D20
S2050010BE0527
S2050010BF002B
S2050010C01317
S2050010C10524
S2050010C20B1D
S2050010C30027
S2050010C4EF37
S2050010C52005
S2050010C640E4
S2050010C72102
S2050010C8938F
S2050010C9071A
S2050010CA051B
S2050010CB001F
S2050010CC938B
S2050010CD0518
S2050010CE0913
S2050010CF001B
S2050010D01307
S2050010D18594
S2050010D20B0D
S2050010D30017
S2050010D49383
S2050010D58B8A
S2050010D6070D
S2050010D70013
S2050010D8EF23
S2050010D920F1
S2050010DA40D0
S2050010DB27E8
S2050010DC13FB
S2050010DD15F8
S2050010DE0507
S2050010DF010A
S2050010E09377
S2050010E1D732
S2050010E20404
S2050010E30106
S2050010E4B353
S2050010E5E71E
S2050010E6A75D
S2050010E70003
S2050010E8639F
S2050010E9F011
S2050010EA7789
S2050010EB03FC
S2050010ECB34B
S2050010ED8776
S2050010EEFC00
S2050010EF00FB
S2050010F09367
S2050010F106F3
S2050010F2FDFB
S2050010F3FFF8
S2050010F46393
S2050010F5E213
S2050010F6975D
S2050010F737BC
S2050010F8638F
S2050010F9F001
S2050010FA7779
S2050010FB37B8
S2050010FC13DB
S2050010FD07E6
S2050010FEEDFF
S2050010FFFFEC
S20500110023C6
S20500110126C2
S205001102E106
S20500110300E6
S205001104B332
S205001105875D
S205001106974C
S20500110701E1
S205001108B32E
S2050011098B55
S20500110A7768
S20500110B419D
S20500110C934A
S20500110D05D7
S20500110E09D2
S20500110F00DA
S20500111013C6
S2050011118553
S2050011120BCC
S20500111300D6
S205001114EFE6
S20500111520B4
S20500111600D3
S2050011171FB3
S205001118933E
S20500111905CB
S20500111A05CA
S20500111B00CE
S20500111C13BA
S20500111D0DBF
S20500111E05C6
S20500111F00CA
S20500112013B6
S20500112105C3
S2050011220BBC
S20500112300C6
S205001124EFD6
S20500112520A4
S2050011264083
S2050011271BA7
S205001128932E
S20500112907B9
S20500112A05BA
S20500112B00BE
S20500112C932A
S20500112D05B7
S20500112E09B2
S20500112F00BA
S20500113013A6
S2050011318533
S2050011320BAC
S20500113300B6
S20500113413A2
S205001135892B
S20500113607AC
S20500113700B2
S205001138931E
S205001139941C
S20500113A04AB
S20500113B01AD
S20500113CEFBE
S20500113D208C
S20500113E00AB
S20500113F2189
S2050011401396
S2050011411593
S20500114205A2
S20500114301A5
S2050011449312
S205001145D4D0
S205001146049F
S20500114701A1
S205001148B3EE
S205001149E4BC
S20500114AA4FB
S20500114B009E
S20500114C633A
S20500114DFE9E
S20500114E2477
S20500114F0199
S205001150B3E6
S2050011518414
S2050011529CFB
S2050011530096
S2050011549302
S205001155078D
S205001156FD96
S205001157FF93
S205001158632E
S205001159E4AC
S20500115A94FB
S20500115B315D
S20500115C632A
S20500115DF29A
S20500115E2467
S20500115F3159
S2050011601376
S2050011610D7B
S205001162ED9A
S205001163FF87
S205001164B3D2
S2050011658400
S20500116694EF
S2050011670181
S20500116883FE
S2050011692759
S20500116AC1BE
S20500116B007E
S20500116CB3CA
S20500116D84F8
S20500116E2457
S20500116F4139
S20500117093E6
S20500117185F3
S2050011720D6A
S2050011730076
S2050011741362
S20500117598DC
S205001176076C
S2050011770171
S205001178333E
S2050011796808
S20500117AA8C7
S20500117B016D
S20500117C135A
S20500117D1359
S20500117E0863
S20500117F0169
S2050011801356
S2050011815315
S2050011820364
S2050011830165
S20500118493D2
S205001185570D
S205001186085B
S2050011870161
S205001188134E
S205001189055B
S20500118A035C
S20500118B005E
S20500118CEF6E
S20500118D203C
S20500118EC09B
S20500118F1446
S20500119093C6
S2050011910850
S2050011920552
S2050011930056
S20500119493C2
S205001195054F
S2050011960C47
S2050011970052
S205001198133E
S205001199054B
S20500119A034C
S20500119B004E
S20500119CEF5E
S20500119D202C
S20500119EC08B
S20500119F1337
S2050011A01336
S2050011A10345
S2050011A20542
S2050011A30046
S2050011A493B2
S2050011A585BF
S2050011A60D36
S2050011A70042
S2050011A8132E
S2050011A985BB
S2050011AA0738
S2050011AB003E
S2050011ACEF4E
S2050011AD201C
S2050011AEC07B
S2050011AF1228
S2050011B01326
S2050011B10E2A
S2050011B20532
S2050011B30036
S2050011B493A2
S2050011B5052F
S2050011B60C27
S2050011B70032
S2050011B8131E
S2050011B985AB
S2050011BA0728
S2050011BB002E
S2050011BCEF3E
S2050011BD200C
S2050011BEC06B
S2050011BF1119
S2050011C09396
S2050011C1D751
S2050011C2081F
S2050011C30125
S2050011C433F2
S2050011C50321
S2050011C6C360
S2050011C70121
S2050011C8B36E
S2050011C98799
S2050011CA67B8
S2050011CB001E
S2050011CC63BA
S2050011CDF626
S2050011CEC754
S2050011CF0119
S2050011D037E2
S2050011D10711
S2050011D20116
S2050011D30016
S2050011D433E2
S2050011D5050F
S2050011D6E52E
S2050011D70012
S2050011D8B75A
S2050011D9060A
S2050011DA010E
S2050011DB000E
S2050011DC937A
S2050011DD8686
S2050011DEF615
S2050011DFFF0B
S2050011E013F6
S2050011E1D731
S2050011E20700
S2050011E30105
S2050011E4B352
S2050011E5F70D
S2050011E6D72C
S2050011E70002
S2050011E8936E
S2050011E99769
S2050011EA07F8
S2050011EB01FD
S2050011ECB34A
S2050011EDF804
S2050011EED823
S2050011EF00FA
S2050011F033C6
S2050011F107F1
S2050011F2A750
S2050011F300F6
S2050011F4B342
S2050011F5876D
S2050011F617DC
S2050011F701F1
S2050011F8638E
S2050011F9E010
S2050011FAE40B
S2050011FB02EC
S2050011FC638A
S2050011FD8C60
S2050011FEE407
S2050011FF00EA
S2050012008365
S2050012012CBB
S20500120241A5
S20500120302E3
S20500120403E1
S2050012052DB6
S20500120601E1
S20500120702DF
S205001208835D
S2050012092DB2
S20500120AC11D
S20500120B01DC
S20500120C13C9
S20500120D6873
S20500120E18C2
S20500120F00D9
S2050012106F69
S205001211F0E7
S2050012121FB7
S205001213C60F
S2050012146371
S2050012158A49
S20500121607CB
S2050012171CB5
S205001218B31D
S205001219844B
S20500121A9C32
S20500121B00CD
S20500121C13B9
S20500121D06C5
S20500121EF8D2
S20500121FFFCA
S2050012209335
S2050012218641
S20500122204C2
S20500122300C5
S2050012246361
S205001225ECD7
S205001226942E
S2050012271BA6
S205001228635D
S205001229EAD5
S20500122AE4DA
S20500122B2499
S20500122C6359
S20500122D8833
S20500122EE4D6
S20500122F2693
S20500123013A5
S20500123108AF
S20500123206B0
S20500123300B5
S2050012346F45
S205001235F0C3
S205001236DFD3
S205001237FCB5
S205001238139D
S20500123907A8
S20500123A109E
S20500123B00AD
S20500123CE3C9
S20500123D901B
S20500123E07A3
S20500123FB2F7
S2050012409315
S2050012418720
S205001242E9BD
S2050012434164
S205001244B3F1
S205001245168D
S205001246F8AA
S20500124700A1
S205001248B3ED
S2050012493669
S20500124AD0CE
S20500124B009D
S20500124CB3E9
S20500124D1784
S20500124EF4A6
S20500124F0099
S205001250B3E5
S205001251E7B0
S205001252F6A0
S2050012530095
S2050012543361
S205001255583B
S205001256E8AA
S2050012570091
S205001258335D
S2050012596827
S20500125AF896
S20500125B008D
S20500125C93F9
S20500125D7714
S20500125E7812
S20500125F0089
S2050012603355
S2050012615433
S205001262E4A2
S2050012630085
S2050012646321
S2050012658003
S205001266077B
S205001267027F
S20500126893ED
S2050012697708
S20500126AF886
S20500126B007D
S20500126C1369
S20500126D0774
S20500126E403A
S20500126F0079
S2050012706315
S2050012718AED
S205001272E78F
S2050012730075
S20500127493E1
S205001275076C
S205001276482A
S2050012770071
S205001278333D
S205001279B8B7
S20500127A0767
S20500127B016C
S20500127C3339
S20500127D0467
S20500127E0466
S20500127F0168
S2050012801355
S20500128188DF
S205001282075F
S2050012830065
S2050012841351
S205001285164D
S20500128684DE
S2050012870061
S20500128893CD
S2050012890758
S20500128A104E
S20500128B005D
S20500128C93C9
S20500128D0655
S20500128E005A
S20500128F0059
S2050012901345
S2050012910750
S2050012920056
S2050012930055
S205001294E371
S2050012954013
S205001296064C
S205001297AEA3
S2050012986FE1
S205001299004F
S20500129A80CE
S20500129B123B
S20500129CE369
S20500129D7CCF
S20500129E9DAD
S20500129FDE6B
S2050012A0B395
S2050012A10641
S2050012A25DE9
S2050012A30144
S2050012A43311
S2050012A5B68D
S2050012A6A69C
S2050012A70140
S2050012A8B38D
S2050012A9053A
S2050012AA96A8
S2050012AB013C
S2050012ACB389
S2050012AD8BB0
S2050012AEBB7F
S2050012AF0039
S2050012B01325
S2050012B18DAA
S2050012B20630
S2050012B30035
S2050012B493A1
S2050012B5052E
S2050012B6F43E
S2050012B7FF32
S2050012B863CD
S2050012B9FE31
S2050012BA7CB2
S2050012BB0726
S2050012BC63C9
S2050012BDE04B
S2050012BEFB2F
S2050012BF1415
S2050012C063C5
S2050012C18C9B
S2050012C277AF
S2050012C31312
S2050012C41311
S2050012C5849F
S2050012C6051D
S2050012C70021
S2050012C86FB1
S2050012C9F02F
S2050012CADF3F
S2050012CBDC41
S2050012CCE339
S2050012CDEC2F
S2050012CE0B0F
S2050012CFC554
S2050012D01305
S2050012D11CFB
S2050012D2FB1B
S2050012D30114
S2050012D41301
S2050012D5D73C
S2050012D61BF7
S2050012D70011
S2050012D8937D
S2050012D954BB
S2050012DA1BF3
S2050012DB000D
S2050012DC33D9
S2050012DD6C9F
S2050012DEEC1E
S2050012DF0009
S2050012E013F5
S2050012E19D6A
S2050012E2FB0B
S2050012E30104
S2050012E46F95
S2050012E5F013
S2050012E61FE3
S2050012E7C53C
S2050012E813ED
S2050012E905FA
S2050012EA0AF4
S2050012EB00FD
S2050012ECEF0D
S2050012ED20DB
S2050012EE40BA
S2050012EF0CED
S2050012F09365
S2050012F106F1
S2050012F255A1
S2050012F301F4
S2050012F413E1
S2050012F507EC
S2050012F6C032
S2050012F701F0
S2050012F8935D
S2050012F907E8
S2050012FA05E9
S2050012FB02EB
S2050012FCE309
S2050012FD5A91
S2050012FED713
S2050012FFA247
S20500130013D4
S20500130105E1
S2050013028560
S205001303FFE5
S20500130413D0
S20500130508DA
S20500130600E1
S20500130700E0
S20500130833AC
S20500130914CA
S20500130AAA33
S20500130B00DC
S20500130C6F6C
S20500130DF0EA
S20500130E1FBA
S20500130FA434
S205001310EFE8
S20500131120B6
S20500131200D5
S2050013130ACA
S2050013149340
S20500131507CB
S205001316557C
S20500131701CF
S205001318933C
S20500131906C8
S20500131AC00D
S20500131B01CB
S20500131C13B8
S20500131D07C3
S20500131E05C4
S20500131F02C6
S205001320E3E4
S205001321DEE8
S205001322F6CF
S205001323AC18
S2050013249330
S20500132504BE
S205001326853C
S205001327FFC1
S205001328338C
S2050013291BA3
S20500132A9429
S20500132B00BC
S20500132C9328
S20500132D0BAF
S20500132E00B9
S20500132F00B8
S2050013306F48
S205001331F0C6
S2050013329F16
S205001333AE06
S205001334E3D0
S205001335981A
S2050013367C35
S205001337F9B7
S205001338E3CC
S20500133902AC
S20500133A06A7
S20500133BF8B4
S20500133C1398
S20500133D8426
S20500133E05A4
S20500133F00A8
S2050013406F38
S205001341F0B6
S2050013425F46
S205001343D5CF
S205001344E3C0
S205001345F8AA
S205001346970A
S205001347CAD6
S205001348930C
S2050013498B13
S20500134AEBB2
S20500134BFF9D
S20500134CB3E8
S20500134D8713
S20500134E9702
S20500134F0197
S2050013506F28
S205001351F0A6
S2050013529FF6
S205001353CACA
S205001354E3B0
S205001355F49E
S20500135697FA
S205001357C4CC
S205001358137C
S205001359048A
S20500135AE4A9
S20500135BFF8D
S20500135CB3D8
S20500135D8703
S20500135E97F2
S20500135F0187
S2050013606F18
S205001361F096
S2050013621F66
S205001363C4C0
S20500136493F0
S205001365067C
S205001366F091
S205001367017F
S205001368E39C
S205001369DCA2
S20500136AE697
S20500136BEC90
S20500136C93E8
S20500136D0674
S20500136E1069
S20500136FFE7A
S205001370B3C4
S20500137186F0
S205001372F67F
S2050013734034
S20500137493E0
S205001375076B
S2050013760071
S205001377026E
S205001378B3BC
S2050013795618
S20500137AD499
S20500137B006C
S20500137C6308
S20500137D0862
S20500137EF772
S20500137F0068
S20500138093D4
S20500138187DF
S205001382E97C
S2050013834321
S205001384B3B0
S205001385174B
S205001386F46D
S2050013870060
S205001388332C
S20500138968F6
S20500138AF865
S20500138B005C
S20500138C3328
S20500138D3822
S20500138E0059
S20500138F0157
S2050013903324
S20500139168EE
S205001392D87D
S2050013930054
S2050013941340
S20500139577DB
S20500139678D9
S2050013970050
S20500139893BC
S2050013990648
S20500139A004D
S20500139B004C
S20500139C63E8
S20500139D0842
S20500139E0742
S20500139F0246
S2050013A093B4
S2050013A177CF
S2050013A2F84D
S2050013A30044
S2050013A41330
S2050013A5073B
S2050013A64001
S2050013A70040
S2050013A8132C
S2050013A9043A
S2050013AA003D
S2050013AB003C
S2050013AC63D8
S2050013AD8AB0
S2050013AEE752
S2050013AF0038
S2050013B093A4
S2050013B1072F
S2050013B248ED
S2050013B30034
S2050013B43300
S2050013B5B87A
S2050013B6072A
S2050013B7012F
S2050013B833FC
S2050013B934FA
S2050013BA002D
S2050013BB012B
S2050013BC1318
S2050013BD88A2
S2050013BE0722
S2050013BF0028
S2050013C09394
S2050013C11610
S2050013C29491
S2050013C30024
S2050013C41310
S2050013C5170B
S2050013C6D44D
S2050013C7011F
S2050013C8938C
S2050013C9D648
S2050013CAC657
S2050013CB001C
S2050013CC1308
S2050013CD58C2
S2050013CE38E1
S2050013CF0018
S2050013D033E4
S2050013D167AF
S2050013D2E82D
S2050013D30014
S2050013D49380
S2050013D5070B
S2050013D60011
S2050013D70010
S2050013D86FA0
S2050013D9F01E
S2050013DADF2E
S2050013DB9973
S2050013DC13F8
S2050013DD0802
S2050013DE0603
S2050013DF0008
S2050013E0E324
S2050013E19076
S2050013E2E61F
S2050013E3E222
S2050013E4E320
S2050013E59E64
S2050013E657AA
S2050013E7E11F
S2050013E8837C
S2050013E92CD2
S2050013EA41BC
S2050013EB02FA
S2050013EC03F8
S2050013ED2DCD
S2050013EE01F8
S2050013EF02F6
S2050013F08374
S2050013F12DC9
S2050013F2C134
S2050013F301F3
S2050013F46F84
S2050013F5F002
S2050013F6DF12
S2050013F7A749
S2050013F8E30C
S2050013F9F6F8
S2050013FA9657
S2050013FBEC00
S2050013FCB338
S2050013FD8664
S2050013FEDA0F
S2050013FF00E8
S20500140033B3
S205001401B62F
S205001402568E
S20500140301E2
S20500140433AF
S20500140506DB
S205001406964A
S20500140701DE
S20500140813CB
S20500140904D9
S20500140AE4F8
S20500140BFFDC
S20500140C13C7
S20500140D8D4C
S20500140E06D2
S20500140F00D7
S205001410B323
S2050014118B4A
S205001412CB09
S20500141300D3
S2050014146F63
S205001415F0E1
S2050014161FB1
S205001417C807
S20500141813BB
S20500141907C6
S20500141A20AC
S20500141BC00B
S20500141C8347
S20500141D2C9D
S20500141E4187
S20500141F02C5
S20500142003C3
S2050014212D98
S20500142201C3
S20500142302C1
S205001424833F
S2050014252D94
S205001426C1FF
S20500142701BE
S205001428932B
S2050014298736
S20500142AF9C3
S20500142B3F7C
S20500142C13A7
S20500142D08B1
S20500142EF0C8
S20500142FFFB8
S205001430E3D3
S205001431C4F1
S205001432E9CB
S205001433E0D3
S205001434139F
S20500143507AA
S2050014364868
S20500143700AF
S205001438337B
S2050014393875
S20500143A07A5
S20500143B01AA
S20500143C3377
S20500143D04A5
S20500143E04A4
S20500143F01A6
S2050014401393
S205001441089D
S205001442079D
S20500144300A3
S2050014446F33
S205001445F0B1
S205001446DFC1
S205001447A3FC
S205001448138B
S2050014497726
S20500144AF8A4
S20500144B009B
S20500144C9307
S20500144D0693
S20500144E4058
S20500144F0097
S205001450E3B3
S205001451088D
S205001452D7BD
S205001453A2F1
S2050014546F23
S205001455F0A1
S2050014561F71
S205001457FE91
S205001458236B
S2050014592667
S20500145AD1BB
S20500145B008B
S20500145C6F1B
S20500145DF099
S20500145EDFA9
S20500145FCABD
S2050014601373
S2050014618DF8
S205001462077D
S2050014630083
S2050014646F13
S205001465F091
S2050014665F21
S205001467D0AF
S205001468136B
S2050014690A73
S20500146A0973
S20500146B007B
S20500146C93E7
S20500146D0772
S20500146EF088
S20500146F7FF8
S20500147093E3
S205001471066F
S2050014720074
S2050014730073
S205001474135F
S205001475076A
S2050014760070
S205001477006F
S2050014786FFF
S205001479F07D
S20500147ADF8D
S20500147B8FDC
S20500147C1357
S20500147D96D3
S20500147E1A4E
S20500147F0067
S205001480B3B3
S205001481362F
S205001482560E
S2050014830162
S205001484B3AF
S20500148586DB
S20500148696CA
S205001487015E
S205001488B3AB
S20500148986D7
S20500148AD488
S20500148B005B
S20500148C1347
S20500148D0851
S20500148EE870
S20500148FFF58
S20500149093C3
S2050014910A4B
S205001492064E
S2050014930053
S205001494E36F
S20500149588C9
S205001496E66A
S205001497F45B
S2050014986FDF
S205001499F05D
S20500149A9FAD
S20500149BD675
S20500149CE367
S20500149DE069
S20500149EFA4E
S20500149FFE49
S2050014A01333
S2050014A1083D
S2050014A2063E
S2050014A30043
S2050014A46FD3
S2050014A5F051
S2050014A61F21
S2050014A7F44B
S2050014A8132B
S2050014A9D766
S2050014AA45F7
S2050014AB013A
S2050014ACB783
S2050014AD0732
S2050014AE1028
S2050014AF0037
S2050014B093A3
S2050014B187AE
S2050014B2F73D
S2050014B3FF34
S2050014B4131F
S2050014B5D859
S2050014B646EA
S2050014B7012E
S2050014B8131B
S2050014B977B6
S2050014BAF735
S2050014BB7FAC
S2050014BC1317
S2050014BD0326
S2050014BEF038
S2050014BF7FA8
S2050014C033F3
S2050014C1FE27
S2050014C2B76D
S2050014C30023
S2050014C4938F
S2050014C50819
S2050014C6051B
S2050014C7001F
S2050014C8B36B
S2050014C9F726
S2050014CAD745
S2050014CB001B
S2050014CC9387
S2050014CDD544
S2050014CEF523
S2050014CF0116
S2050014D01303
S2050014D1789D
S2050014D2F81C
S2050014D37F94
S2050014D4937F
S2050014D5D63B
S2050014D6F61A
S2050014D7010E
S2050014D813FB
S2050014D90508
S2050014DA10FC
S2050014DB000B
S2050014DC63A7
S2050014DD0CFD
S2050014DE67A1
S2050014DF0007
S2050014E063A3
S2050014E108FD
S2050014E2689C
S2050014E30003
S2050014E4639F
S2050014E514ED
S2050014E607F9
S2050014E701FE
S2050014E8639B
S2050014E906F7
S2050014EAFEFE
S2050014EB02F9
S2050014EC6793
S2050014ED8079
S2050014EE00F8
S2050014EF00F7
S2050014F0678F
S2050014F18075
S2050014F200F4
S2050014F300F3
S2050014F4E30F
S2050014F51CD5
S2050014F6E808
S2050014F7FEF1
S2050014F8B33B
S2050014F96786
S2050014FAFEEE
S2050014FB00EB
S2050014FCB337
S2050014FDE702
S2050014FEC721
S2050014FF00E7
S205001500B332
S205001501E7FD
S20500150217CC
S20500150301E1
S205001504E3FE
S205001505944C
S20500150607D8
S205001507FEE0
S205001508B32A
S2050015098557
S20500150AD506
S20500150B409A
S20500150C33A6
S20500150D35A3
S20500150EB027
S20500150F00D6
S205001510676E
S2050015118054
S20500151200D3
S20500151300D2
S205001514E3EE
S2050015159C34
S205001516C807
S205001517FCD2
S205001518636A
S2050015198A42
S20500151AD5F6
S20500151B00CA
S20500151CE3E6
S20500151D18B0
S20500151E07C0
S20500151FFCCA
S2050015203392
S2050015216E56
S2050015221EA5
S20500152301C1
S205001524338E
S205001525358B
S205001526C0FF
S20500152701BD
S2050015286756
S205001529803C
S20500152A00BB
S20500152B00BA
S20500152C13A6
S20500152D05B3
S20500152E00B7
S20500152F00B6
S205001530674E
S2050015318034
S20500153200B3
S20500153300B2
S205001534931E
S205001535D8D8
S205001536456A
S20500153701AD
S205001538B7F6
S20500153907A5
S20500153A109B
S20500153B00AA
S20500153C9316
S20500153D8721
S20500153EF7B0
S20500153FFFA7
S2050015401392
S205001541D7CD
S205001542465D
S20500154301A1
S205001544930E
S205001545F8A8
S205001546F8A7
S2050015477F1F
S205001548138A
S2050015490E8E
S20500154AF0AB
S20500154B7F1B
S20500154C3366
S20500154DF3A5
S20500154EB7E0
S20500154F0096
S2050015501382
S205001551088C
S205001552058E
S2050015530092
S20500155493FE
S2050015550E82
S205001556058A
S205001557008E
S205001558B3DA
S205001559F795
S20500155AD7B4
S20500155B008A
S20500155C93F6
S20500155DD5B3
S20500155EF592
S20500155F0185
S2050015601372
S2050015610F75
S205001562067D
S2050015630082
S205001564136E
S205001565750B
S205001566F788
S2050015677FFF
S20500156893EA
S205001569D6A6
S20500156AF685
S20500156B0179
S20500156C6316
S20500156D88F0
S20500156EC8AF
S20500156F0571
S2050015706312
S2050015710470
S205001572C5AE
S205001573036F
S205001574630E
S2050015759AD6
S2050015760867
S2050015770668
S205001578333A
S2050015796804
S20500157A0368
S20500157B0169
S20500157C6306
S20500157D1058
S20500157E0562
S20500157F0660
S2050015803332
S205001581E67E
S205001582C79C
S2050015830062
S20500158463FE
S2050015850C54
S2050015860659
S2050015870856
S20500158863FA
S205001589124A
S20500158A0853
S20500158B0A50
S20500158C1346
S20500158D0553
S20500158E1047
S20500158F0056
S20500159063F2
S20500159182D2
S205001592064D
S205001593084A
S20500159467EA
S20500159580D0
S205001596004F
S205001597004E
S205001598331A
S205001599E666
S20500159AC784
S20500159B004A
S20500159C63E6
S20500159D1434
S20500159E0641
S20500159F083E
S2050015A063E2
S2050015A196AE
S2050015A2083B
S2050015A30042
S2050015A4330E
S2050015A563DD
S2050015A6033C
S2050015A7013D
S2050015A8E35A
S2050015A9023A
S2050015AA0338
S2050015ABFE3C
S2050015AC63D6
S2050015AD80B8
S2050015AED562
S2050015AF0630
S2050015B063D2
S2050015B192A2
S2050015B2052E
S2050015B3062C
S2050015B4131E
S2050015B5052B
S2050015B6101F
S2050015B7002E
S2050015B867C6
S2050015B980AC
S2050015BA002B
S2050015BB002A
S2050015BC33F6
S2050015BD63C5
S2050015BE0324
S2050015BF0125
S2050015C063C2
S2050015C11212
S2050015C20320
S2050015C3061C
S2050015C4E33E
S2050015C5160A
S2050015C6150A
S2050015C7FF1F
S2050015C8B36A
S2050015C9E735
S2050015CAC754
S2050015CB001A
S2050015CC63B6
S2050015CD9C7C
S2050015CE0710
S2050015CF0412
S2050015D0E332
S2050015D19084
S2050015D2D53E
S2050015D3FE14
S2050015D413FE
S2050015D5050B
S2050015D6000F
S2050015D7000E
S2050015D867A6
S2050015D9808C
S2050015DA000B
S2050015DB000A
S2050015DCE326
S2050015DD0800
S2050015DE08FF
S2050015DFFA0C
S2050015E0E322
S2050015E1986C
S2050015E2D52E
S2050015E3FC06
S2050015E46F92
S2050015E50000
S2050015E6807F
S2050015E702FC
S2050015E8E31A
S2050015E904F8
S2050015EA05F6
S2050015EBFCFE
S2050015ECE316
S2050015ED9266
S2050015EED522
S2050015EFFCFA
S2050015F0E312
S2050015F140B4
S2050015F215DE
S2050015F3FDF5
S2050015F4638E
S2050015F5CC24
S2050015F6A847
S2050015F700EE
S2050015F8E30A
S2050015F9EC00
S2050015FA6784
S2050015FBFAF0
S2050015FC6386
S2050015FD18D0
S2050015FEF3F4
S2050015FF00E6
S205001600E301
S205001601687B
S205001602DF03
S205001603FBE6
S20500160413CD
S20500160505DA
S20500160600DE
S20500160700DD
S205001608E3F9
S205001609F6E5
S20500160AEEEC
S20500160BF9E0
S20500160C13C5
S20500160D05D2
S20500160E10C6
S20500160F00D5
S205001610E3F1
S2050016119241
S20500161205CD
S205001613F8D9
S20500161413BD
S20500161505CA
S205001616F0DE
S205001617FFCE
S2050016186765
S205001619804B
S20500161A00CA
S20500161B00C9
S20500161CE3E5
S20500161D1AAD
S20500161E08BE
S20500161FF8CD
S205001620675D
S2050016218043
S20500162200C2
S20500162300C1
S20500162413AD
S20500162505BA
S205001626E0DE
S205001627FFBE
S2050016286755
S205001629803B
S20500162A00BA
S20500162B00B9
S20500162CE3D5
S20500162D8631
S20500162ED5E1
S20500162FFCB9
S2050016306F45
S205001631F0C3
S2050016321F93
S205001633F8B9
S205001634931D
S205001635D8D7
S2050016364569
S20500163701AC
S205001638B7F5
S20500163907A4
S20500163A109A
S20500163B00A9
S20500163C9315
S20500163D8720
S20500163EF7AF
S20500163FFFA6
S2050016401391
S205001641D7CC
S205001642465C
S20500164301A0
S205001644930D
S205001645F8A7
S205001646F8A6
S2050016477F1E
S2050016481389
S2050016490398
S20500164AF0AA
S20500164B7F1A
S20500164C3365
S20500164DFE99
S20500164EB7DF
S20500164F0095
S2050016501381
S205001651088B
S205001652058D
S2050016530091
S20500165493FD
S2050016550E81
S2050016560589
S205001657008D
S205001658B3D9
S205001659F794
S20500165AD7B3
S20500165B0089
S20500165C93F5
S20500165DD5B2
S20500165EF591
S20500165F0184
S2050016601371
S2050016610F74
S205001662067C
S2050016630081
S205001664136D
S205001665750A
S205001666F787
S2050016677FFE
S20500166893E9
S205001669D6A5
S20500166AF684
S20500166B0178
S20500166C6315
S20500166D8AED
S20500166E680E
S20500166F0471
S2050016706311
S205001671046F
S205001672650D
S205001673026F
S205001674630D
S20500167598D7
S2050016760866
S2050016770667
S2050016783339
S2050016796803
S20500167A0E5C
S20500167B0168
S20500167C6305
S20500167D1E49
S20500167E0561
S20500167F085D
S2050016803331
S205001681E67D
S205001682C79B
S2050016830061
S20500168463FD
S205001685045B
S2050016860658
S2050016870A53
S20500168863F9
S2050016891645
S20500168A0852
S20500168B0A4F
S20500168C1345
S20500168D0552
S20500168E1046
S20500168F0055
S20500169063F1
S20500169180D3
S205001692064C
S2050016930849
S20500169467E9
S20500169580CF
S205001696004E
S205001697004D
S2050016983319
S205001699E665
S20500169AC783
S20500169B0049
S20500169C1335
S20500169D0542
S20500169E2026
S20500169F0045
S2050016A0E361
S2050016A11A29
S2050016A2063C
S2050016A3FE43
S2050016A463DD
S2050016A596A9
S2050016A60836
S2050016A7003D
S2050016A83309
S2050016A96ECD
S2050016AA0E2C
S2050016AB0138
S2050016ACE355
S2050016AD0037
S2050016AE0E28
S2050016AFFE37
S2050016B063D1
S2050016B18CA7
S2050016B2D55D
S2050016B3042D
S2050016B463CD
S2050016B59E91
S2050016B60529
S2050016B70429
S2050016B81319
S2050016B90526
S2050016BA101A
S2050016BB0029
S2050016BC67C1
S2050016BD80A7
S2050016BE0026
S2050016BF0025
S2050016C033F1
S2050016C16EB5
S2050016C20E14
S2050016C30120
S2050016C463BD
S2050016C5100F
S2050016C60E10
S2050016C70617
S2050016C8E339
S2050016C91605
S2050016CA1505
S2050016CBFF1A
S2050016CCB365
S2050016CDE730
S2050016CEC74F
S2050016CF0015
S2050016D01301
S2050016D1050E
S2050016D220F2
S2050016D30011
S2050016D4E32D
S2050016D5907F
S2050016D60707
S2050016D7FC11
S2050016D8E329
S2050016D99E6D
S2050016DAD535
S2050016DBFC0D
S2050016DC13F5
S2050016DD0502
S2050016DE0006
S2050016DF0005
S2050016E0679D
S2050016E18083
S2050016E20002
S2050016E30001
S2050016E4E31D
S2050016E508F7
S2050016E605F9
S2050016E7FC01
S2050016E8E319
S2050016E99665
S2050016EAD525
S2050016EBFCFD
S2050016ECE315
S2050016ED44B3
S2050016EE15E1
S2050016EFFDF8
S2050016F06391
S2050016F1CC27
S2050016F2A84A
S2050016F300F1
S2050016F4E30D
S2050016F5E00F
S2050016F6C727
S2050016F7FDF0
S2050016F86389
S2050016F918D3
S2050016FAFEEC
S2050016FB00E9
S2050016FCE305
S2050016FD6C7B
S2050016FEDF07
S2050016FFFBEA
S20500170013D0
S20500170105DD
S20500170200E1
S20500170300E0
S205001704E3FC
S205001705F8E6
S205001706EEEF
S205001707F9E3
S20500170813C8
S20500170905D5
S20500170A10C9
S20500170B00D8
S20500170CE3F4
S20500170D9442
S20500170E05D0
S20500170FF8DC
S20500171013C0
S20500171105CD
S205001712F0E1
S205001713FFD1
S2050017146768
S205001715804E
S20500171600CD
S20500171700CC
S205001718E3E8
S2050017190AC0
S20500171A08C1
S20500171BF6D2
S20500171CE3E4
S20500171D9C2A
S20500171ED5F0
S20500171FF8CC
S2050017206F54
S205001721F0D2
S2050017229F22
S205001723FEC2
S20500172413AC
S20500172505B9
S205001726209D
S20500172700BC
S2050017286754
S205001729803A
S20500172A00B9
S20500172B00B8
S20500172CE3D4
S20500172D14A2
S20500172E08AD
S20500172FF8BC
S205001730674C
S2050017318032
S20500173200B1
S20500173300B0
S205001734E3CC
S205001735802E
S205001736D5D8
S205001737FCB0
S2050017386F3C
S205001739F0BA
S20500173ADFCA
S20500173BF7B1
S20500173C1394
S20500173D01A5
S20500173E01A4
S20500173FFDA7
S2050017409310
S205001741D7CB
S205001742455C
S205001743019F
S205001744237C
S205001745247A
S205001746811C
S205001747029A
S2050017482378
S2050017492278
S20500174A9108
S20500174B0296
S20500174C2374
S20500174D2076
S20500174E2174
S20500174F0391
S2050017502370
S2050017512E64
S2050017523160
S205001753018F
S205001754236C
S2050017552A64
S205001756513C
S205001757018B
S20500175893F8
S20500175994F6
S20500175AC5C4
S20500175B0088
S20500175C2364
S20500175D2660
S20500175E1174
S20500175F0282
S2050017602360
S2050017612C56
S2050017624140
S205001763017F
S205001764235C
S2050017652856
S205001766611C
S205001767017B
S2050017682358
S2050017692654
S20500176A7108
S20500176B0177
S20500176C2354
S20500176D2452
S20500176E81F4
S20500176F0173
S20500177093E0
S205001771F77B
S205001772F77A
S2050017737FF1
S205001774135C
S205001775046A
S2050017760568
S205001777006C
S20500177893D8
S2050017790A60
S20500177A0663
S20500177B0068
S20500177C93D4
S20500177D89DD
S20500177E065F
S20500177F0064
S20500178093D0
S205001781D48E
S205001782C49D
S2050017830060
S205001784134C
S205001785D985
S205001786F568
S205001787015B
S20500178863F8
S20500178980DA
S20500178A0752
S20500178B4E0A
S20500178C1344
S20500178D074F
S20500178EF065
S20500178F7FD5
S20500179063F0
S20500179186CC
S205001792E76A
S2050017930A46
S20500179493BC
S20500179596B8
S2050017963419
S205001797004C
S2050017981338
S20500179957F3
S20500179AD574
S20500179B0147
S20500179C3314
S20500179D67DF
S20500179ED76E
S20500179F0044
S2050017A0B78C
S2050017A1063C
S2050017A280C1
S2050017A30040
S2050017A4B38C
S2050017A564DA
S2050017A6D766
S2050017A7003C
S2050017A81328
S2050017A91A20
S2050017AA3504
S2050017AB0038
S2050017AC1324
S2050017AD8CAA
S2050017AE171E
S2050017AFC074
S2050017B01320
S2050017B10B27
S2050017B20031
S2050017B30030
S2050017B4939C
S2050017B50B23
S2050017B6002D
S2050017B7002C
S2050017B89398
S2050017B9D753
S2050017BA49E0
S2050017BB0127
S2050017BC1314
S2050017BD978F
S2050017BEC95C
S2050017BF0024
S2050017C09390
S2050017C1F72B
S2050017C2F72A
S2050017C37FA1
S2050017C4130C
S2050017C58E90
S2050017C60A13
S2050017C7001C
S2050017C81308
S2050017C954C6
S2050017CAC752
S2050017CB0018
S2050017CC9384
S2050017CDD93D
S2050017CEF91C
S2050017CF0113
S2050017D063B0
S2050017D18092
S2050017D2070A
S2050017D30A06
S2050017D413FC
S2050017D50707
S2050017D6F01D
S2050017D77F8D
S2050017D863A8
S2050017D98E7C
S2050017DAE722
S2050017DB14F4
S2050017DC13F4
S2050017DD17EF
S2050017DE34D1
S2050017DF0004
S2050017E09370
S2050017E1D62C
S2050017E2DA27
S2050017E301FF
S2050017E4B34C
S2050017E5E618
S2050017E6E617
S2050017E700FC
S2050017E89368
S2050017E98773
S2050017EA17E2
S2050017EBC038
S2050017EC37C0
S2050017ED07EF
S2050017EE8075
S2050017EF00F4
S2050017F033C0
S2050017F1E40E
S2050017F2E60B
S2050017F300F0
S2050017F413DC
S2050017F59E50
S2050017F63AB3
S2050017F700EC
S2050017F833B8
S2050017F98367
S2050017FA8762
S2050017FB01E7
S2050017FC9354
S2050017FD06E0
S2050017FE00E5
S2050017FF00E4
S205001800934F
S20500180107DA
S205001802A040
S20500180300DF
S205001804934B
S20500180508D5
S20500180613C9
S20500180700DB
S2050018086377
S205001809CC0D
S20500180A6771
S20500180B0BCC
S20500180CB323
S20500180D4590
S20500180E399B
S20500180F01D2
S205001810933F
S20500181107CA
S20500181220B0
S20500181300CF
S20500181413BB
S2050018158845
S20500181605C7
S20500181700CB
S2050018186367
S205001819C603
S20500181A6761
S20500181B15B2
S20500181C13B3
S20500181D0BBA
S20500181EFBC9
S20500181FFFC4
S20500182013AF
S20500182107BA
S20500182210B0
S20500182300BF
S205001824635B
S205001825605D
S2050018266755
S20500182717A4
S2050018286357
S2050018298633
S20500182AF6C2
S20500182B486F
S20500182C9323
S20500182D04B1
S20500182E04B0
S20500182F00B3
S205001830139F
S2050018310AA7
S2050018320EA2
S20500183300AF
S205001834931B
S2050018358B22
S20500183606A6
S20500183700AB
S2050018386F3B
S20500183900A9
S20500183AC0E8
S20500183B099E
S20500183C3373
S20500183DEABB
S20500183EA400
S20500183F00A3
S205001840633F
S205001841148D
S2050018420A96
S2050018434857
S205001844930B
S205001845D7C6
S2050018464953
S205001847019A
S2050018481387
S2050018499702
S20500184AC9CF
S20500184B0097
S20500184C9303
S20500184DF79E
S20500184EF79D
S20500184F7F14
S20500185093FF
S205001851048D
S2050018520090
S205001853008F
S205001854137B
S2050018550B82
S205001856800C
S205001857008B
S2050018581377
S2050018590C7D
S20500185AF098
S20500185B7F08
S20500185C93F3
S20500185D0B7A
S20500185E2064
S20500185F0083
S205001860136F
S2050018618EF3
S2050018620A76
S205001863007F
S205001864136B
S2050018655429
S205001866C7B5
S205001867007B
S20500186893E7
S205001869D9A0
S20500186AF97F
S20500186B0176
S20500186CE393
S20500186D94E1
S20500186E076D
S20500186FF67D
S205001870B3BF
S205001871670A
S205001872541C
S205001873016E
S205001874630B
S2050018758EDF
S2050018760765
S2050018774625
S2050018786307
S2050018790C5D
S20500187A0464
S20500187B5413
S20500187C1353
S20500187D0560
S20500187E0460
S20500187F0063
S205001880EF73
S2050018811051
S2050018821050
S205001883332C
S205001884134B
S205001885035A
S2050018860557
S205001887005B
S2050018881347
S2050018890752
S20500188A5503
S20500188BFF58
S20500188C93C3
S20500188D074E
S20500188ED084
S20500188F0152
S205001890133F
S2050018910E43
S20500189283CD
S205001893FF50
S205001894B39B
S20500189587C6
S205001896E765
S205001897400B
S205001898B397
S205001899D772
S20500189AFA4E
S20500189B0047
S20500189C3313
S20500189D172E
S20500189EC480
S20500189F0142
S2050018A0330F
S2050018A1E45D
S2050018A2E759
S2050018A3003F
S2050018A4330B
S2050018A59E9F
S2050018A6CA72
S2050018A7013A
S2050018A83307
S2050018A90336
S2050018AA6CCC
S2050018AB40F7
S2050018AC1323
S2050018AD0332
S2050018AED361
S2050018AFC073
S2050018B0939F
S2050018B1072A
S2050018B2A090
S2050018B3002F
S2050018B4939B
S2050018B50627
S2050018B6002C
S2050018B7002B
S2050018B89397
S2050018B90821
S2050018BA1315
S2050018BB0027
S2050018BCE343
S2050018BDD84D
S2050018BE67BD
S2050018BFF52E
S2050018C0938F
S2050018C1051C
S2050018C20917
S2050018C3001F
S2050018C4938B
S2050018C50716
S2050018C620FC
S2050018C7001B
S2050018C863B7
S2050018C98693
S2050018CAFB1D
S2050018CB3ED9
S2050018CC9383
S2050018CD070E
S2050018CE30E4
S2050018CF0013
S2050018D063AF
S2050018D18889
S2050018D2FB15
S2050018D354BB
S2050018D4937B
S2050018D50706
S2050018D610FC
S2050018D7000B
S2050018D813F7
S2050018D98881
S2050018DA0503
S2050018DB0007
S2050018DC63A3
S2050018DD966F
S2050018DEFB09
S2050018DF52B1
S2050018E0936F
S2050018E107FA
S2050018E20000
S2050018E300FF
S2050018E4936B
S2050018E506F7
S2050018E600FC
S2050018E700FB
S2050018E813E7
S2050018E907F2
S2050018EA00F8
S2050018EB00F7
S2050018EC8373
S2050018ED20D5
S2050018EEC133
S2050018EF02F1
S2050018F003EF
S2050018F124CD
S2050018F2816F
S2050018F302ED
S2050018F4935B
S2050018F59756
S2050018F647A5
S2050018F701EA
S2050018F8B337
S2050018F9E702
S2050018FAD711
S2050018FB00E7
S2050018FC13D3
S2050018FD18CD
S2050018FEF8EC
S2050018FF01E2
S205001900B32E
S205001901E7F9
S20500190207D8
S20500190301DD
S205001904835A
S20500190524B8
S205001906419A
S20500190702D8
S20500190803D6
S20500190929AF
S20500190A01D6
S20500190B02D4
S20500190C8352
S20500190D29AB
S20500190EC112
S20500190F01D1
S20500191003CE
S2050019112AA6
S205001912814E
S20500191301CD
S205001914834A
S2050019152AA2
S205001916418A
S20500191701C9
S20500191803C6
S2050019192B9D
S20500191A01C6
S20500191B01C5
S20500191C8342
S20500191D2B99
S20500191EC102
S20500191F00C2
S20500192003BE
S2050019212C94
S205001922813E
S20500192300BE
S20500192413AA
S20500192505B7
S20500192607B4
S20500192700BA
S2050019289326
S2050019298533
S20500192A07B0
S20500192B00B6
S20500192C13A2
S20500192D01B3
S20500192E01B2
S20500192F03AF
S205001930674A
S2050019318030
S20500193200AF
S20500193300AE
S205001934337A
S2050019356745
S2050019365457
S20500193701A9
S2050019381396
S20500193903A5
S20500193AFCAB
S20500193B7F27
S20500193C6342
S20500193D069E
S20500193E079C
S20500193F3C66
S205001940376A
S2050019411789
S205001942009F
S205001943009E
S205001944336A
S2050019454854
S2050019463962
S2050019470199
S2050019481386
S2050019490791
S20500194A0790
S20500194B8016
S20500194C1382
S20500194D6B29
S20500194E3B58
S20500194F0092
S20500195093FE
S205001951068A
S205001952A0EF
S205001953008E
S20500195493FA
S2050019550587
S2050019560883
S205001957008A
S205001958B3D6
S2050019590880
S20500195AEC9B
S20500195B0086
S20500195C6322
S20500195DCCB8
S20500195E661D
S20500195F433F
S20500196093EE
S205001961067A
S205001962304F
S205001963007E
S205001964136A
S2050019650676
S205001966106B
S205001967007A
S2050019683346
S2050019691662
S20500196A6611
S20500196B0175
S20500196C1362
S20500196D77FD
S20500196E066D
S20500196F531F
S205001970E38E
S2050019711A56
S2050019720768
S205001973F47A
S20500197493DA
S20500197577F5
S2050019760665
S2050019772446
S2050019786306
S20500197990D8
S20500197A0760
S20500197B481E
S20500197C1352
S20500197D76EE
S20500197E86DD
S20500197F085A
S20500198063FE
S2050019811E42
S2050019820659
S2050019833826
S205001984B7A6
S2050019850F4D
S205001986015A
S205001987005A
S20500198893C6
S20500198982D6
S20500198AFF58
S20500198BFF57
S20500198C3322
S20500198D7FD5
S20500198E5AF9
S20500198F0052
S205001990B39E
S20500199172DE
S2050019925EF1
S205001993004E
S205001994133A
S2050019955AF2
S2050019960A41
S2050019970149
S2050019981336
S2050019995EEA
S20500199A0E39
S20500199B0145
S20500199C1332
S20500199D053F
S20500199E0F34
S20500199F0042
S2050019A093AE
S2050019A185BB
S2050019A2023D
S2050019A3003E
S2050019A4EF4E
S2050019A5102C
S2050019A650EB
S2050019A71327
S2050019A81326
S2050019A90731
S2050019AA0532
S2050019AB0036
S2050019AC93A2
S2050019AD052F
S2050019AE0E25
S2050019AF0032
S2050019B0131E
S2050019B1052B
S2050019B20F20
S2050019B3002E
S2050019B4EF3E
S2050019B5101C
S2050019B650DB
S2050019B71218
S2050019B89396
S2050019B90721
S2050019BA0522
S2050019BB0026
S2050019BC9392
S2050019BD859F
S2050019BE0221
S2050019BF0022
S2050019C0130E
S2050019C1051B
S2050019C20A15
S2050019C3001E
S2050019C4EF2E
S2050019C5100C
S2050019C650CB
S2050019C71109
S2050019C89386
S2050019C90E0A
S2050019CA0512
S2050019CB0016
S2050019CC9382
S2050019CD050F
S2050019CE0E05
S2050019CF0012
S2050019D013FE
S2050019D1050B
S2050019D20A05
S2050019D3000E
S2050019D4EF1E
S2050019D510FC
S2050019D650BB
S2050019D710FA
S2050019D8B356
S2050019D98682
S2050019DAD730
S2050019DB0105
S2050019DC9372
S2050019DD53B1
S2050019DE07FC
S2050019DF0101
S2050019E0B34E
S2050019E1837D
S2050019E2D32C
S2050019E300FE
S2050019E4936A
S2050019E507F5
S2050019E605F6
S2050019E700FA
S2050019E86396
S2050019E9F404
S2050019EAD324
S2050019EB01F5
S2050019ECB342
S2050019ED07ED
S2050019EEF5FE
S2050019EF01F1
S2050019F0B73A
S2050019F109E7
S2050019F201EE
S2050019F300EE
S2050019F413DA
S2050019F58963
S2050019F6F9F2
S2050019F7FFEB
S2050019F8B336
S2050019F9FEEA
S2050019FA23C4
S2050019FB01E5
S2050019FC33B2
S2050019FD776D
S2050019FE27BC
S2050019FF01E1
S205001A00934D
S205001A019E41
S205001A020ED0
S205001A0301DC
S205001A0433A9
S205001A057962
S205001A0624B6
S205001A0701D8
S205001A089345
S205001A09D304
S205001A0A03D3
S205001A0B01D4
S205001A0CB321
S205001A0D8E45
S205001A0EEEE4
S205001A0F00D1
S205001A1013BD
S205001A11547B
S205001A1204CA
S205001A1301CC
S205001A1413B9
S205001A1505C6
S205001A160FBB
S205001A1700C9
S205001A189335
S205001A1905C2
S205001A1A09BD
S205001A1B00C5
S205001A1CEFD5
S205001A1D10B3
S205001A1ED0F2
S205001A1F0BB6
S205001A20932D
S205001A210FB0
S205001A2205B9
S205001A2300BD
S205001A249329
S205001A2505B6
S205001A2604B6
S205001A2700B9
S205001A2813A5
S205001A2905B2
S205001A2A0FA7
S205001A2B00B5
S205001A2CEFC5
S205001A2D10A3
S205001A2ED0E2
S205001A2F0AA7
S205001A30139D
S205001A3107A8
S205001A3205A9
S205001A3300AD
S205001A349319
S205001A3505A6
S205001A3609A1
S205001A3700A9
S205001A381395
S205001A3905A2
S205001A3A0A9C
S205001A3B00A5
S205001A3CEFB5
S205001A3D1093
S205001A3ED0D2
S205001A3F0998
S205001A40138D
S205001A410F90
S205001A420599
S205001A43009D
S205001A449309
S205001A450596
S205001A460496
S205001A470099
S205001A481385
S205001A490592
S205001A4A0A8C
S205001A4B0095
S205001A4CEFA5
S205001A4D1083
S205001A4ED0C2
S205001A4F0889
S205001A5093FD
S205001A51D6B9
S205001A520F7F
S205001A53018C
S205001A543359
S205001A550784
S205001A56E7A3
S205001A570188
S205001A58B3D5
S205001A598601
S205001A5AE6A0
S205001A5B0085
S205001A5C6321
S205001A5DF48F
S205001A5EE69C
S205001A5F0180
S205001A60334D
S205001A61057A
S205001A623549
S205001A63017C
S205001A643745
S205001A650A71
S205001A660179
S205001A670079
S205001A681365
S205001A690F68
S205001A6AFA7C
S205001A6BFF76
S205001A6C3341
S205001A6DF77C
S205001A6EE68C
S205001A6F0170
S205001A70B3BD
S205001A71FF70
S205001A72EF7F
S205001A73016C
S205001A741359
S205001A751754
S205001A760763
S205001A770168
S205001A783335
S205001A790760
S205001A7AF76F
S205001A7B0164
S205001A7C3331
S205001A7DFF64
S205001A7EE47E
S205001A7F0160
S205001A8093CD
S205001A81D689
S205001A820658
S205001A83015C
S205001A84B3A9
S205001A858FCC
S205001A86A6B4
S205001A870059
S205001A88B3A5
S205001A8983D4
S205001A8AE373
S205001A8B0055
S205001A8C93C1
S205001A8DD47F
S205001A8E044E
S205001A8F0150
S205001A90133D
S205001A91054A
S205001A920F3F
S205001A93004D
S205001A9493B9
S205001A9585C6
S205001A960248
S205001A970049
S205001A98EF59
S205001A991037
S205001A9A1036
S205001A9B0441
S205001A9C93B1
S205001A9D0A39
S205001A9E053D
S205001A9F0041
S205001AA093AD
S205001AA1053A
S205001AA20E30
S205001AA3003D
S205001AA41329
S205001AA50536
S205001AA60F2B
S205001AA70039
S205001AA8EF49
S205001AA91027
S205001AAA1026
S205001AAB0332
S205001AAC93A1
S205001AAD092A
S205001AAE052D
S205001AAF0031
S205001AB0939D
S205001AB185AA
S205001AB2022C
S205001AB3002D
S205001AB41319
S205001AB585A6
S205001AB60426
S205001AB70029
S205001AB8EF39
S205001AB91017
S205001ABA1016
S205001ABB0223
S205001ABC9391
S205001ABD0221
S205001ABE051D
S205001ABF0021
S205001AC0938D
S205001AC1051A
S205001AC20E10
S205001AC3001D
S205001AC41309
S205001AC58596
S205001AC60416
S205001AC70019
S205001AC8EF29
S205001AC91007
S205001ACA1006
S205001ACB0114
S205001ACC1301
S205001ACDD63D
S205001ACE0A08
S205001ACF0110
S205001AD0B35D
S205001AD18986
S205001AD259B5
S205001AD3000D
S205001AD433D9
S205001AD50605
S205001AD636D4
S205001AD70108
S205001AD863A5
S205001AD97493
S205001ADA56B0
S205001ADB0005
S205001ADC33D1
S205001ADD05FE
S205001ADE45BD
S205001ADF0100
S205001AE037C9
S205001AE10AF5
S205001AE201FD
S205001AE300FD
S205001AE49369
S205001AE506F5
S205001AE6FA00
S205001AE7FFFA
S205001AE8B345
S205001AE97285
S205001AEAD620
S205001AEB00F5
S205001AECB341
S205001AEDFAF9
S205001AEEDA18
S205001AEF00F1
S205001AF013DD
S205001AF15699
S205001AF206E8
S205001AF301EC
S205001AF49359
S205001AF59259
S205001AF602E8
S205001AF701E8
S205001AF833B5
S205001AF90ED9
S205001AFAA640
S205001AFB00E5
S205001AFCB331
S205001AFD8261
S205001AFE5290
S205001AFF01E0
S205001B0013CC
S205001B0105D9
S205001B020FCE
S205001B0300DC
S205001B049348
S205001B0505D5
S205001B0609D0
S205001B0700D8
S205001B08EFE8
S205001B0910C6
S205001B0A00D5
S205001B0B7D57
S205001B0C9340
S205001B0D09C9
S205001B0E05CC
S205001B0F00D0
S205001B10933C
S205001B1105C9
S205001B1204C9
S205001B1300CC
S205001B1413B8
S205001B1505C5
S205001B160FBA
S205001B1700C8
S205001B18EFD8
S205001B1910B6
S205001B1A00C5
S205001B1B7C48
S205001B1C13B0
S205001B1D0FB3
S205001B1E05BC
S205001B1F00C0
S205001B20932C
S205001B2105B9
S205001B2209B4
S205001B2300BC
S205001B2413A8
S205001B258535
S205001B2604B5
S205001B2700B8
S205001B28EFC8
S205001B2910A6
S205001B2A00B5
S205001B2B7B39
S205001B2C13A0
S205001B2D09A9
S205001B2E05AC
S205001B2F00B0
S205001B30931C
S205001B3105A9
S205001B3204A9
S205001B3300AC
S205001B341398
S205001B358525
S205001B3604A5
S205001B3700A8
S205001B38EFB8
S205001B391096
S205001B3A00A5
S205001B3B7A2A
S205001B3CB3F0
S205001B3D069C
S205001B3E2F72
S205001B3F019F
S205001B40930C
S205001B41D5C9
S205001B420994
S205001B43019B
S205001B443368
S205001B458416
S205001B46D5C4
S205001B470098
S205001B481384
S205001B490F87
S205001B4A0590
S205001B4B0094
S205001B4C6330
S205001B4D741E
S205001B4E246D
S205001B4F018F
S205001B50335C
S205001B510F7F
S205001B524548
S205001B53018B
S205001B543754
S205001B550684
S205001B560188
S205001B570088
S205001B581374
S205001B590680
S205001B5AF68F
S205001B5BFF85
S205001B5CB3D0
S205001B5D760C
S205001B5EC4BD
S205001B5F0080
S205001B60B3CC
S205001B61F985
S205001B62C9B4
S205001B63007C
S205001B6493E8
S205001B6596E4
S205001B660673
S205001B670177
S205001B68B3C4
S205001B6987EF
S205001B6A77FE
S205001B6B0074
S205001B6CB3C0
S205001B6D86EC
S205001B6E363B
S205001B6F016F
S205001B70B3BC
S205001B7185E9
S205001B72F677
S205001B73016B
S205001B743338
S205001B75B7B3
S205001B76E782
S205001B770068
S205001B783334
S205001B7987DF
S205001B7AE580
S205001B7B0064
S205001B7CB3B0
S205001B7D82E0
S205001B7E570A
S205001B7F0060
S205001B80332C
S205001B810658
S205001B82C796
S205001B83015B
S205001B84B3A8
S205001B85B7A3
S205001B86F267
S205001B870058
S205001B88B3A4
S205001B89074F
S205001B8AF65F
S205001B8B0054
S205001B8CB3A0
S205001B8DB69C
S205001B8ED57C
S205001B8F0050
S205001B90B39C
S205001B913519
S205001B92B796
S205001B93004C
S205001B94B398
S205001B95E664
S205001B96B693
S205001B970048
S205001B983314
S205001B99370F
S205001B9AE65F
S205001B9B0044
S205001B9C93B0
S205001B9D55ED
S205001B9E043D
S205001B9F013F
S205001BA0330C
S205001BA1B688
S205001BA2C776
S205001BA3003C
S205001BA4B388
S205001BA586B4
S205001BA6B683
S205001BA70038
S205001BA81324
S205001BA99A9C
S205001BAA92A3
S205001BAB0034
S205001BAC3300
S205001BAD67CB
S205001BAEC76A
S205001BAF0030
S205001BB033FC
S205001BB10727
S205001BB2D756
S205001BB3002C
S205001BB433F8
S205001BB56AC0
S205001BB6DA4F
S205001BB70127
S205001BB833F4
S205001BB9071F
S205001BBAE73E
S205001BBB0123
S205001BBC33F0
S205001BBD3AE8
S205001BBE40E1
S205001BBF011F
S205001BC0938C
S205001BC1D24C
S205001BC272AB
S205001BC3011B
S205001BC41308
S205001BC51703
S205001BC69782
S205001BC70018
S205001BC89384
S205001BC9D640
S205001BCA779E
S205001BCB0113
S205001BCC33E0
S205001BCD6AA8
S205001BCE5AB7
S205001BCF0010
S205001BD0937C
S205001BD19777
S205001BD29776
S205001BD3000C
S205001BD433D8
S205001BD56AA0
S205001BD6FA0F
S205001BD70008
S205001BD89374
S205001BD917EF
S205001BDA778E
S205001BDB0004
S205001BDCB350
S205001BDD649E
S205001BDED72A
S205001BDF0000
S205001BE0639C
S205001BE1D02E
S205001BE207F6
S205001BE302FA
S205001BE49368
S205001BE557A3
S205001BE61ADF
S205001BE700F8
S205001BE813E4
S205001BE97A7C
S205001BEA1ADB
S205001BEB00F4
S205001BEC13E0
S205001BED975B
S205001BEEF4FD
S205001BEF01EF
S205001BF0B33C
S205001BF1E707
S205001BF247A6
S205001BF301EB
S205001BF433B8
S205001BF5EA00
S205001BF6E702
S205001BF700E8
S205001BF89354
S205001BF9D412
S205001BFA14D1
S205001BFB00E4
S205001BFC13D0
S205001BFD835F
S205001BFE08D9
S205001BFF00E0
S205001C00934B
S205001C0107D6
S205001C02F3E9
S205001C033F9C
S205001C046377
S205001C055683
S205001C06F0E8
S205001C0712C5
S205001C0813C3
S205001C09775E
S205001C0A7A5A
S205001C0B00D3
S205001C0C636F
S205001C0D00D1
S205001C0E07C9
S205001C0F02CD
S205001C1013BB
S205001C117756
S205001C12FAD2
S205001C1300CB
S205001C149337
S205001C1506C3
S205001C164088
S205001C1700C7
S205001C186363
S205001C190ABB
S205001C1AD7ED
S205001C1B00C3
S205001C1C13AF
S205001C1D07BA
S205001C1E4A76
S205001C1F00BF
S205001C20338B
S205001C213A83
S205001C224775
S205001C2301BA
S205001C24B307
S205001C258435
S205001C264474
S205001C2701B6
S205001C2813A3
S205001C290AAB
S205001C2A07AD
S205001C2B00B3
S205001C2C139F
S205001C2D971A
S205001C2E743C
S205001C2F00AF
S205001C30634B
S205001C315A53
S205001C3207A5
S205001C3300AB
S205001C34B7F3
S205001C3507A2
S205001C3600A8
S205001C37FFA8
S205001C389313
S205001C39871E
S205001C3AF7AD
S205001C3BFFA4
S205001C3CB3EF
S205001C3DF4AD
S205001C3EF4AC
S205001C3F009F
S205001C40930B
S205001C410796
S205001C420399
S205001C43405B
S205001C441387
S205001C450792
S205001C46E0B8
S205001C477F18
S205001C486333
S205001C494451
S205001C4AF79D
S205001C4B1C77
S205001C4C137F
S205001C4D5A37
S205001C4E3A56
S205001C4F008F
S205001C50137B
S205001C5197F6
S205001C52D4B8
S205001C53018A
S205001C5493F7
S205001C5596F3
S205001C5694F4
S205001C570087
S205001C583353
S205001C59671E
S205001C5A473D
S205001C5B0182
S205001C5C93EF
S205001C5DD6AB
S205001C5EC6BA
S205001C5F007F
S205001C6093EB
S205001C61F786
S205001C62F785
S205001C637FFC
S205001C646F0B
S205001C65F089
S205001C669FD9
S205001C67C8AF
S205001C683343
S205001C69EA8B
S205001C6AA4D0
S205001C6B0073
S205001C6C630F
S205001C6D0869
S205001C6E0A66
S205001C6F0669
S205001C70630B
S205001C718EDF
S205001C720468
S205001C731259
S205001C741357
S205001C7585E4
S205001C760464
S205001C770067
S205001C78EF77
S205001C791055
S205001C7A80E4
S205001C7B73F0
S205001C7C134F
S205001C7D075A
S205001C7E055B
S205001C7F005F
S205001C8093CB
S205001C810657
S205001C825507
S205001C83FF5C
S205001C8493C7
S205001C850752
S205001C86D088
S205001C870156
S205001C881343
S205001C890A4B
S205001C8A87CD
S205001C8BFF54
S205001C8CB39F
S205001C8D87CA
S205001C8ED779
S205001C8F400F
S205001C90B39B
S205001C9157F6
S205001C92F458
S205001C93004B
S205001C94B397
S205001C9596B3
S205001C964404
S205001C970146
S205001C98B393
S205001C99E461
S205001C9AD76D
S205001C9B0043
S205001C9C330F
S205001C9D1A27
S205001C9E44FC
S205001C9F013E
S205001CA093AB
S205001CA10736
S205001CA2D06C
S205001CA3C07B
S205001CA43307
S205001CA58CAD
S205001CA6E751
S205001CA740F7
S205001CA81323
S205001CA90B2A
S205001CAA0034
S205001CAB0033
S205001CAC939F
S205001CAD0B26
S205001CAE0030
S205001CAF002F
S205001CB06FBF
S205001CB1F03D
S205001CB29F8D
S205001CB3B07B
S205001CB41317
S205001CB588A1
S205001CB60523
S205001CB70027
S205001CB89393
S205001CB9071E
S205001CBAF034
S205001CBB7FA4
S205001CBC938F
S205001CBD061B
S205001CBE0020
S205001CBF001F
S205001CC0130B
S205001CC10716
S205001CC2001C
S205001CC3001B
S205001CC46FAB
S205001CC5F029
S205001CC69F79
S205001CC7C255
S205001CC81303
S205001CC90A0B
S205001CCA050F
S205001CCB0013
S205001CCC13FF
S205001CCD0B06
S205001CCEC050
S205001CCF000F
S205001CD013FB
S205001CD10C01
S205001CD2F01C
S205001CD37F8C
S205001CD49377
S205001CD50BFE
S205001CD630D8
S205001CD70007
S205001CD86F97
S205001CD9F015
S205001CDA1FE5
S205001CDBAE55
S205001CDC936F
S205001CDD04FD
S205001CDE0000
S205001CDF00FF
S205001CE013EB
S205001CE10BF2
S205001CE240BC
S205001CE300FB
S205001CE413E7
S205001CE50CED
S205001CE600F8
S205001CE700F7
S205001CE89363
S205001CE90BEA
S205001CEA10E4
S205001CEB00F3
S205001CEC6F83
S205001CEDF001
S205001CEEDF11
S205001CEFAC43
S205001CF013DB
S205001CF16B82
S205001CF21BD1
S205001CF300EB
S205001CF413D7
S205001CF503E6
S205001CF60CDC
S205001CF700E7
S205001CF813D3
S205001CF904E1
S205001CFA00E4
S205001CFB00E3
S205001CFC13CF
S205001CFD0ED3
S205001CFE00E0
S205001CFF00DF
S205001D00934A
S205001D0106D6
S205001D0210CB
S205001D0300DA
S205001D046F6A
S205001D05F0E8
S205001D06DFF8
S205001D07AF27
S205001D0813C2
S205001D096B69
S205001D0A2BA8
S205001D0B00D2
S205001D0C13BE
S205001D0D04CC
S205001D0E00CF
S205001D0F00CE
S205001D1013BA
S205001D110EBE
S205001D1200CB
S205001D1300CA
S205001D149336
S205001D1506C2
S205001D1620A7
S205001D1700C6
S205001D186F56
S205001D19F0D4
S205001D1A9F24
S205001D1BAE14
S205001D1C932E
S205001D1D04BC
S205001D1E04BB
S205001D1F00BE
S205001D2013AA
S205001D210AB2
S205001D220EAD
S205001D2300BA
S205001D249326
S205001D258B2D
S205001D2606B1
S205001D2700B6
S205001D289322
S205001D29852F
S205001D2A09AA
S205001D2B00B2
S205001D2C6F42
S205001D2DF0C0
S205001D2E9F10
S205001D2FB9F5
S205001D30139A
S205001D3107A5
S205001D32109B
S205001D3300AA
S205001D346346
S205001D359018
S205001D3607A0
S205001D371096
S205001D381392
S205001D3903A1
S205001D3AE3C0
S205001D3B4161
S205001D3C336E
S205001D3D168A
S205001D3E6A35
S205001D3F009E
S205001D40336A
S205001D413666
S205001D42C0DB
S205001D43009A
S205001D443366
S205001D459305
S205001D466433
S205001D470096
S205001D483362
S205001D495A3A
S205001D4AEAA9
S205001D4B0092
S205001D4C335E
S205001D4D662A
S205001D4E6629
S205001D4F008E
S205001D50335A
S205001D516626
S205001D524645
S205001D530189
S205001D5493F6
S205001D557711
S205001D567611
S205001D570086
S205001D58B3D2
S205001D59D5AF
S205001D5AE49F
S205001D5B0082
S205001D5C631E
S205001D5D8000
S205001D5E0778
S205001D5F027C
S205001D6093EA
S205001D617705
S205001D62F685
S205001D63007A
S205001D641366
S205001D650771
S205001D664037
S205001D670076
S205001D686312
S205001D698AEA
S205001D6AE78C
S205001D6B0072
S205001D6C93DE
S205001D6D0769
S205001D6E4629
S205001D6F006E
S205001D70333A
S205001D71B6B6
S205001D72C7A4
S205001D73006A
S205001D74B3B6
S205001D7585E3
S205001D76C5A2
S205001D770066
S205001D781352
S205001D7986DE
S205001D7A075C
S205001D7B0062
S205001D7C134E
S205001D7D95CB
S205001D7E85DA
S205001D7F005E
S205001D8093CA
S205001D810755
S205001D82104B
S205001D83005A
S205001D8493C6
S205001D850652
S205001D860057
S205001D870056
S205001D881342
S205001D89074D
S205001D8A0053
S205001D8B0052
S205001D8CE36E
S205001D8D4010
S205001D8E054A
S205001D8FB698
S205001D906FDE
S205001D91004C
S205001D92C08B
S205001D93103A
S205001D941336
S205001D950741
S205001D96F057
S205001D970046
S205001D9863E2
S205001D991034
S205001D9AEB58
S205001D9B1230
S205001D9C132E
S205001D9D0838
S205001D9E003F
S205001D9F003E
S205001DA0B786
S205001DA10636
S205001DA20833
S205001DA3003A
S205001DA41326
S205001DA50731
S205001DA60037
S205001DA70036
S205001DA86FC6
S205001DA9F044
S205001DAA5FD4
S205001DABB47E
S205001DACEF42
S205001DAD1020
S205001DAE40EF
S205001DAF60CE
S205001DB0939A
S205001DB10626
S205001DB255D6
S205001DB30129
S205001DB49396
S205001DB50721
S205001DB6C067
S205001DB70125
S205001DB81312
S205001DB9071D
S205001DBA051E
S205001DBB0220
S205001DBCE33E
S205001DBDD44C
S205001DBED748
S205001DBFEC32
S205001DC0130A
S205001DC10517
S205001DC28596
S205001DC3FF1B
S205001DC41306
S205001DC50A0E
S205001DC60017
S205001DC70016
S205001DC8B362
S205001DC91400
S205001DCAA46F
S205001DCB0012
S205001DCC6FA2
S205001DCDF020
S205001DCE5FB0
S205001DCFED21
S205001DD013FA
S205001DD18587
S205001DD20A01
S205001DD3000A
S205001DD4EF1A
S205001DD510F8
S205001DD6C047
S205001DD75DA9
S205001DD813F2
S205001DD907FD
S205001DDA55AE
S205001DDB0101
S205001DDC936E
S205001DDD07F9
S205001DDEC03F
S205001DDF01FD
S205001DE013EA
S205001DE103F9
S205001DE205F6
S205001DE302F8
S205001DE4E316
S205001DE5D424
S205001DE6E710
S205001DE7AA4C
S205001DE813E2
S205001DE905EF
S205001DEA856E
S205001DEBFFF3
S205001DEC13DE
S205001DED0EE2
S205001DEE00EF
S205001DEF00EE
S205001DF033BA
S205001DF19458
S205001DF2AA41
S205001DF300EA
S205001DF46F7A
S205001DF5F0F8
S205001DF65F88
S205001DF7AB3B
S205001DF813D2
S205001DF908DC
S205001DFA00E3
S205001DFB00E2
S205001DFC934E
S205001DFD07D9
S205001DFEF0EF
S205001DFF7F5F
S205001E00B725
S205001E0106D5
S205001E0208D2
S205001E0300D9
S205001E046F69
S205001E05F0E7
S205001E069F37
S205001E07AE27
S205001E0813C1
S205001E098350
S205001E0A08CA
S205001E0B00D1
S205001E0C6F61
S205001E0DF0DF
S205001E0E5F6F
S205001E0FDFEE
S205001E109339
S205001E1107C4
S205001E12F0DA
S205001E137F4A
S205001E149335
S205001E1506C1
S205001E1600C6
S205001E1700C5
S205001E1813B1
S205001E1907BC
S205001E1A00C2
S205001E1B00C1
S205001E1C6F51
S205001E1DF0CF
S205001E1E1F9F
S205001E1FAD10
S205001E2013A9
S205001E2108B3
S205001E2200BA
S205001E2300B9
S205001E249325
S205001E2507B0
S205001E26F0C6
S205001E277F36
S205001E28B7FD
S205001E2906AD
S205001E2A08AA
S205001E2B00B1
S205001E2C139D
S205001E2D07A8
S205001E2E00AE
S205001E2F00AD
S205001E306F3D
S205001E31F0BB
S205001E32DFCB
S205001E33ABFE
S205001E343375
S205001E3507A0
S205001E36F7AF
S205001E374065
S205001E389311
S205001E39069D
S205001E3A8022
S205001E3B039E
S205001E3CE3BD
S205001E3DC2DD
S205001E3EE6B8
S205001E3FAAF3
S205001E409309
S205001E410695
S205001E42F0AA
S205001E430198
S205001E44E3B5
S205001E45DABD
S205001E46E6B0
S205001E47EEA7
S205001E489301
S205001E49068D
S205001E4A1082
S205001E4BFE93
S205001E4CB3DD
S205001E4D8708
S205001E4EF698
S205001E4F404D
S205001E5093F9
S205001E510685
S205001E52008A
S205001E530287
S205001E54B3D5
S205001E55D7B0
S205001E56F492
S205001E570085
S205001E586321
S205001E59087B
S205001E5AD7AB
S205001E5B0081
S205001E5C136D
S205001E5D037C
S205001E5EE39B
S205001E5F433A
S205001E603349
S205001E6193E8
S205001E626416
S205001E630079
S205001E643345
S205001E656A0D
S205001E666A0C
S205001E670075
S205001E683341
S205001E69363D
S205001E6A4032
S205001E6B0170
S205001E6C333D
S205001E6D6609
S205001E6EF678
S205001E6F006D
S205001E701359
S205001E7177F4
S205001E7276F4
S205001E730069
S205001E7493D5
S205001E750661
S205001E760066
S205001E770065
S205001E786301
S205001E79085B
S205001E7A075B
S205001E7B025F
S205001E7C93CD
S205001E7D77E8
S205001E7EF668
S205001E7F005D
S205001E801349
S205001E810754
S205001E82401A
S205001E830059
S205001E8493C5
S205001E850552
S205001E860056
S205001E870055
S205001E8863F1
S205001E898AC9
S205001E8AE76B
S205001E8B0051
S205001E8C93BD
S205001E8D0748
S205001E8E4608
S205001E8F004D
S205001E903319
S205001E91B695
S205001E92C783
S205001E930049
S205001E94B395
S205001E953512
S205001E96C086
S205001E970045
S205001E981331
S205001E9986BD
S205001E9A073B
S205001E9B0041
S205001E9C93AD
S205001E9D96A9
S205001E9E95A9
S205001E9F003D
S205001EA01329
S205001EA197A4
S205001EA2D565
S205001EA30138
S205001EA493A5
S205001EA5D661
S205001EA6C670
S205001EA70035
S205001EA81321
S205001EA956DD
S205001EAA36FC
S205001EAB0031
S205001EAC33FD
S205001EAD67C8
S205001EAEE648
S205001EAF002D
S205001EB09399
S205001EB10724
S205001EB2002A
S205001EB30029
S205001EB46FB9
S205001EB5F037
S205001EB69F87
S205001EB7A382
S205001EB89391
S205001EB9041F
S205001EBA041E
S205001EBB0021
S205001EBC130D
S205001EBD8A95
S205001EBE0A14
S205001EBF001D
S205001EC09389
S205001EC10B10
S205001EC230EA
S205001EC30019
S205001EC49385
S205001EC58592
S205001EC6090D
S205001EC70015
S205001EC86FA5
S205001EC9F023
S205001ECADF33
S205001ECB9F72
S205001ECCB759
S205001ECD0708
S205001ECE10FE
S205001ECF000D
S205001ED09379
S205001ED18784
S205001ED2F713
S205001ED3FF0A
S205001ED413F5
S205001ED50106
S205001ED60105
S205001ED7FE07
S205001ED8B351
S205001ED9F80B
S205001EDAB74B
S205001EDB0001
S205001EDC33CD
S205001EDDF807
S205001EDED727
S205001EDF00FD
S205001EE09369
S205001EE1D724
S205001EE246B4
S205001EE301F8
S205001EE49365
S205001EE5985F
S205001EE638BE
S205001EE700F5
S205001EE823D1
S205001EE92CC7
S205001EEA8171
S205001EEB00F1
S205001EEC23CD
S205001EED26C9
S205001EEE31BD
S205001EEF01EC
S205001EF013D9
S205001EF1D417
S205001EF2F5F5
S205001EF301E8
S205001EF49355
S205001EF5D90E
S205001EF645A1
S205001EF701E4
S205001EF813D1
S205001EF9578C
S205001EFAD50D
S205001EFB01E0
S205001EFC13CD
S205001EFD18C7
S205001EFE38A6
S205001EFF00DD
S205001F009348
S205001F015585
S205001F02D603
S205001F0301D7
S205001F0423B4
S205001F052EA8
S205001F0611C4
S205001F0700D4
S205001F0823B0
S205001F092AA8
S205001F0A9140
S205001F0B00D0
S205001F0C23AC
S205001F0D28A6
S205001F0E21AC
S205001F0F01CB
S205001F1013B8
S205001F11FFCB
S205001F12F7D2
S205001F137F49
S205001F1413B4
S205001F1503C3
S205001F16F0D5
S205001F177F45
S205001F183390
S205001F19675B
S205001F1A17AA
S205001F1B01BF
S205001F1C932C
S205001F1DF9C5
S205001F1EF9C4
S205001F1F7F3D
S205001F2013A8
S205001F210EAC
S205001F2204B5
S205001F2300B8
S205001F249324
S205001F25189E
S205001F263580
S205001F2700B4
S205001F289320
S205001F29D6DC
S205001F2AF6BB
S205001F2B01AF
S205001F2CB3FC
S205001F2DE5C9
S205001F2E05A8
S205001F2F01AB
S205001F309318
S205001F311E8C
S205001F323673
S205001F3300A8
S205001F346344
S205001F350C9A
S205001F366F36
S205001F372084
S205001F389310
S205001F39C6DC
S205001F3A168B
S205001F3B00A0
S205001F3CB3EC
S205001F3D8717
S205001F3EE9B4
S205001F3F415B
S205001F406338
S205001F410298
S205001F42D4C5
S205001F431682
S205001F44E3B4
S205001F455A3C
S205001F46F0A5
S205001F470094
S205001F486330
S205001F490A88
S205001F4A0F82
S205001F4B246C
S205001F4C632C
S205001F4D840A
S205001F4E6924
S205001F4F3C50
S205001F5093F8
S205001F510684
S205001F528009
S205001F530385
S205001F541374
S205001F550581
S205001F561075
S205001F570084
S205001F586320
S205001F59CEB4
S205001F5AF68B
S205001F5B027E
S205001F5CB7C8
S205001F5D0678
S205001F5E80FD
S205001F5F007C
S205001F60B3C8
S205001F61E595
S205001F62D5A4
S205001F630078
S205001F6493E4
S205001F650670
S205001F66F085
S205001F670173
S205001F686310
S205001F69C4AE
S205001F6AF67B
S205001F6B4E22
S205001F6C93DC
S205001F6D0668
S205001F6E006D
S205001F6F026A
S205001F70B3B8
S205001F7186E4
S205001F72F673
S205001F734028
S205001F743334
S205001F7595D1
S205001F76D590
S205001F770064
S205001F783330
S205001F79D68C
S205001F7AFE63
S205001F7B0060
S205001F7CB3AC
S205001F7D96C8
S205001F7EDE7F
S205001F7F005C
S205001F803328
S205001F8165F5
S205001F82C594
S205001F830058
S205001F84B3A4
S205001F853620
S205001F86D085
S205001F870054
S205001F88B3A0
S205001F89D77B
S205001F8AF55C
S205001F8B0050
S205001F8C331C
S205001F8D65E9
S205001F8ED578
S205001F8F004C
S205001F903318
S205001F910743
S205001F92F752
S205001F934008
S205001F943314
S205001F9585C1
S205001F96A89D
S205001F974004
S205001F983310
S205001F99B68C
S205001F9AA899
S205001F9B0040
S205001F9C93AC
S205001F9D043A
S205001F9E0538
S205001F9F003C
S205001FA03308
S205001FA10931
S205001FA2C772
S205001FA340F8
S205001FA493A4
S205001FA5171F
S205001FA689AC
S205001FA70034
S205001FA863D0
S205001FA9D85A
S205001FAA072A
S205001FAB34FC
S205001FACB778
S205001FAD0727
S205001FAE80AD
S205001FAF002C
S205001FB09398
S205001FB187A3
S205001FB2F732
S205001FB3FF29
S205001FB433F4
S205001FB579AD
S205001FB6F92C
S205001FB70024
S205001FB863C0
S205001FB9061C
S205001FBA0918
S205001FBB2EF2
S205001FBC130C
S205001FBD0519
S205001FBE0914
S205001FBF001C
S205001FC0EF2C
S205001FC1100A
S205001FC20019
S205001FC33FD9
S205001FC49384
S205001FC5070F
S205001FC68590
S205001FC7FF15
S205001FC89380
S205001FC9060C
S205001FCA0011
S205001FCB020E
S205001FCC33DC
S205001FCD8787
S205001FCEF617
S205001FCF40CC
S205001FD033D8
S205001FD1D733
S205001FD2E425
S205001FD30008
S205001FD433D4
S205001FD519ED
S205001FD6F90C
S205001FD70004
S205001FD833D0
S205001FD9679B
S205001FDA27DA
S205001FDB01FF
S205001FDCB34C
S205001FDD946A
S205001FDEF409
S205001FDF00FC
S205001FE06398
S205001FE1C436
S205001FE237C2
S205001FE33FB9
S205001FE4B344
S205001FE5876F
S205001FE637BE
S205001FE741B3
S205001FE89360
S205001FE9876B
S205001FEA17DA
S205001FEB00F0
S205001FECB33C
S205001FED8668
S205001FEEF6F7
S205001FEF40AC
S205001FF033B8
S205001FF19654
S205001FF2D415
S205001FF300E8
S205001FF433B4
S205001FF5D90D
S205001FF6F4F1
S205001FF700E4
S205001FF833B0
S205001FF936AC
S205001FFAC021
S205001FFB00E0
S205001FFC33AC
S205001FFD6678
S205001FFEC914
S205001FFF00DC
S205002000B327
S20500200116C3
S205002002D701
S20500200300D7
S205002004B323
S205002005E4F1
S205002006C60E
S20500200700D3
S205002008339F
S2050020095978
S20500200AF7D9
S20500200B00CF
S20500200C933B
S20500200D09C4
S20500200E00CC
S20500200F00CB
S2050020109337
S205002011F7D2
S2050020127454
S20500201300C7
S2050020146363
S2050020158045
S20500201607BD
S20500201702C1
S205002018932F
S205002019F7CA
S20500201AF4CC
S20500201B00BF
S20500201C13AB
S20500201D07B6
S20500201E407C
S20500201F00BB
S2050020206357
S2050020218A2F
S205002022E7D1
S20500202300B7
S2050020249323
S205002025872E
S2050020264470
S20500202700B3
S205002028337F
S205002029B5FC
S20500202A9719
S20500202B00AF
S20500202C337B
S20500202D09A4
S20500202EA903
S20500202F00AB
S2050020309317
S2050020318425
S20500203207A1
S20500203300A7
S2050020349313
S205002035178E
S205002036891B
S20500203700A3
S205002038633F
S205002039D0D1
S20500203A0799
S20500203B6C33
S20500203C930B
S20500203D8716
S20500203E1983
S20500203F009B
S2050020401387
S2050020410792
S205002042F0A8
S2050020437F18
S2050020446333
S205002045860F
S205002046E7AD
S205002047246F
S205002048375B
S205002049078A
S20500204A8010
S20500204BFF90
S20500204C137B
S20500204D0786
S20500204EF795
S20500204FFF8C
S2050020503357
S2050020517712
S205002052E99F
S2050020530087
S20500205493F3
S205002055F78E
S205002056F78D
S2050020577F04
S205002058136F
S2050020591869
S20500205AD7A9
S20500205B017E
S20500205C136B
S20500205DD5A8
S20500205E3448
S20500205F007B
S2050020601367
S2050020611762
S20500206297E1
S2050020630077
S2050020643343
S205002065680D
S205002066A8CC
S2050020670073
S205002068135F
S205002069571A
S20500206AC7A9
S20500206B006F
S20500206C135B
S20500206D7EEF
S20500206E1458
S20500206F006B
S20500207083E7
S2050020712049
S205002072C1A7
S2050020730166
S2050020740363
S2050020752441
S20500207681E3
S2050020770162
S20500207893CF
S20500207997CA
S20500207A4719
S20500207B015E
S20500207CB3AB
S20500207DE776
S20500207EE775
S20500207F005B
S2050020801347
S2050020811742
S205002082FE5A
S2050020830156
S205002084B3A3
S205002085E76E
S205002086E76D
S2050020870053
S20500208883CF
S205002089242D
S20500208A410F
S20500208B014E
S20500208C034B
S20500208D2924
S20500208E014B
S20500208F014A
S20500209083C7
S2050020912920
S205002092C187
S2050020930047
S2050020941333
S2050020950540
S205002096083C
S2050020970043
S20500209893AF
S20500209985BC
S20500209A0739
S20500209B003F
S20500209C132B
S20500209D013C
S20500209E013B
S20500209F0239
S2050020A067D3
S2050020A180B9
S2050020A20038
S2050020A30037
S2050020A463D3
S2050020A552E3
S2050020A6F044
S2050020A770C3
S2050020A863CF
S2050020A9161B
S2050020AA0F21
S2050020AB1C13
S2050020ACB37B
S2050020ADE647
S2050020AED557
S2050020AF012A
S2050020B063C7
S2050020B18E9B
S2050020B20622
S2050020B32601
S2050020B49393
S2050020B5869F
S2050020B6F72D
S2050020B7FF24
S2050020B863BF
S2050020B98899
S2050020BA061A
S2050020BB46D9
S2050020BC63BB
S2050020BD8C91
S2050020BE67B5
S2050020BF24F7
S2050020C09387
S2050020C10712
S2050020C28098
S2050020C30314
S2050020C41303
S2050020C5090C
S2050020C61004
S2050020C70013
S2050020C863AF
S2050020C9CC45
S2050020CAD739
S2050020CB020D
S2050020CC937B
S2050020CD8786
S2050020CE0606
S2050020CF000B
S2050020D09377
S2050020D10603
S2050020D2F018
S2050020D30106
S2050020D463A3
S2050020D5CA3B
S2050020D6F60E
S2050020D748BB
S2050020D8936F
S2050020D906FB
S2050020DA0000
S2050020DB02FD
S2050020DCB34B
S2050020DD8677
S2050020DEF606
S2050020DF40BB
S2050020E033C7
S2050020E19960
S2050020E2D523
S2050020E300F7
S2050020E433C3
S2050020E5D61F
S2050020E6FEF6
S2050020E700F3
S2050020E8B33F
S2050020E9965B
S2050020EADE12
S2050020EB00EF
S2050020EC33BB
S2050020ED6984
S2050020EEC923
S2050020EF00EB
S2050020F0B337
S2050020F136B3
S2050020F2D018
S2050020F300E7
S2050020F4B333
S2050020F5D70E
S2050020F6F5EF
S2050020F700E3
S2050020F833AF
S2050020F96978
S2050020FAD907
S2050020FB00DF
S2050020FC33AB
S2050020FD07D6
S2050020FEF7E5
S2050020FF00DB
S20500210033A6
S20500210106D2
S20500210219BE
S20500210301D5
S20500210433A2
S205002105399B
S20500210626AD
S20500210701D1
S205002108933E
S20500210904CC
S20500210A06C9
S20500210B00CE
S20500210C339A
S20500210D09C3
S20500210EE9E2
S20500210F00CA
S2050021109336
S20500211117B1
S205002112893E
S20500211300C6
S2050021146362
S205002115D2F2
S20500211607BC
S2050021171EA4
S205002118932E
S2050021198937
S20500211A19A6
S20500211B00BE
S20500211C932A
S20500211D07B5
S20500211EF0CB
S20500211F7F3B
S2050021206356
S2050021218830
S205002122F9BE
S20500212316A0
S205002124B7FE
S20500212507AD
S2050021268033
S205002127FFB3
S205002128931E
S2050021298729
S20500212AF7B8
S20500212BFFAF
S20500212C139A
S20500212DF5B7
S20500212E1497
S20500212F00AA
S205002130B3F6
S2050021317731
S205002132F9AE
S20500213300A6
S2050021341392
S205002135D7CD
S205002136148F
S20500213700A2
S205002138336E
S2050021396739
S20500213AA7F8
S20500213B009E
S20500213C138A
S20500213D9507
S20500213EF7A4
S20500213F0199
S205002140B3E6
S2050021416434
S205002142E5B2
S2050021430096
S2050021441382
S205002145D9BB
S205002146177C
S2050021470092
S2050021486F22
S205002149F0A0
S20500214A9FF0
S20500214BECA2
S20500214C335A
S20500214DE8A4
S20500214ED5B6
S20500214F0189
S2050021501376
S2050021518305
S205002152196E
S2050021538006
S2050021546322
S205002155087C
S205002156087B
S205002157067C
S205002158631E
S2050021590A76
S20500215AD4AB
S20500215B0678
S20500215C631A
S20500215D0478
S20500215E0378
S20500215F0E6C
S2050021606316
S2050021618EEA
S205002162096E
S2050021632650
S2050021641362
S205002165155F
S205002166363D
S2050021670072
S205002168135E
S205002169551B
S20500216A353A
S20500216B006E
S20500216C135A
S20500216D84E8
S20500216E0665
S20500216F006A
S2050021701356
S20500217187E1
S2050021720562
S2050021730066
S2050021741352
S205002175184C
S205002176D78C
S2050021770161
S205002178332E
S20500217968F8
S20500217AA8B7
S20500217B005E
S20500217C134A
S20500217D5705
S20500217E3724
S20500217F005A
S2050021803326
S20500218167F1
S2050021820750
S2050021830155
S20500218463F2
S205002185064E
S205002186074C
S2050021871042
S205002188133E
S2050021890E42
S20500218A004F
S20500218B004E
S20500218C93BA
S20500218D0745
S20500218EF05B
S20500218F7FCB
S2050021903712
S2050021910741
S205002192083F
S2050021930046
S2050021941332
S205002195083C
S2050021960043
S2050021970042
S2050021986FD2
S205002199F050
S20500219A9FA0
S20500219BED51
S20500219CB38A
S20500219DE656
S20500219ED566
S20500219F0139
S2050021A063D6
S2050021A186B2
S2050021A20631
S2050021A3181E
S2050021A493A2
S2050021A586AE
S2050021A6F73C
S2050021A7FF33
S2050021A863CE
S2050021A982AE
S2050021AA0629
S2050021AB3AF4
S2050021AC63CA
S2050021AD84A8
S2050021AE67C4
S2050021AF1614
S2050021B09396
S2050021B10721
S2050021B280A7
S2050021B30323
S2050021B41312
S2050021B5051F
S2050021B61013
S2050021B70022
S2050021B8E33E
S2050021B9CE52
S2050021BAD748
S2050021BBDC42
S2050021BC938A
S2050021BD8795
S2050021BE0615
S2050021BF001A
S2050021C06FAA
S2050021C1F028
S2050021C25FB8
S2050021C3DA3C
S2050021C49382
S2050021C5C64E
S2050021C616FD
S2050021C70012
S2050021C8E32E
S2050021C91AF6
S2050021CAD43B
S2050021CBF816
S2050021CC63AA
S2050021CD0804
S2050021CE0308
S2050021CF18F2
S2050021D063A6
S2050021D19078
S2050021D209FE
S2050021D32CDA
S2050021D49372
S2050021D507FD
S2050021D6F013
S2050021D77F83
S2050021D8B34E
S2050021D9669A
S2050021DA17E8
S2050021DB01FD
S2050021DC639A
S2050021DD8874
S2050021DE06F5
S2050021DF48B2
S2050021E09366
S2050021E18672
S2050021E2F700
S2050021E3FFF7
S2050021E46392
S2050021E58272
S2050021E606ED
S2050021E734BE
S2050021E813DE
S2050021E905EB
S2050021EAF0FF
S2050021EB7F6F
S2050021EC638A
S2050021ED826A
S2050021EEA744
S2050021EF2AC0
S2050021F09356
S2050021F107E1
S2050021F28067
S2050021F303E3
S2050021F413D2
S2050021F509DB
S2050021F610D3
S2050021F700E2
S2050021F8637E
S2050021F9CA16
S2050021FAD708
S2050021FB02DC
S2050021FC934A
S2050021FD07D5
S2050021FEF0EB
S2050021FF01D9
S2050022006375
S205002201C611
S205002202D7FF
S2050022034C89
S2050022049341
S20500220507CC
S20500220600D2
S20500220702CF
S205002208B31D
S2050022098748
S20500220AD7F7
S20500220B408D
S20500220C3399
S20500220D19B2
S20500220EF7D3
S20500220F00C9
S2050022103395
S205002211D6F1
S205002212D8EE
S20500221300C5
S205002214B311
S205002215972C
S205002216F8CA
S20500221700C1
S205002218338D
S2050022196956
S20500221AC9F5
S20500221B00BD
S20500221CB309
S20500221D3784
S20500221EF0CA
S20500221F00B9
S205002220B305
S2050022215661
S205002222D7DF
S20500222300B5
S2050022243381
S205002225694A
S205002226F9B9
S20500222700B1
S205002228B3FD
S205002229852A
S20500222AD5D9
S20500222B00AD
S20500222C3379
S20500222D07A4
S20500222ED9D1
S20500222F01A8
S2050022303375
S205002231396E
S205002232277F
S20500223301A4
S2050022349311
S205002235049F
S205002236079B
S20500223700A1
S205002238336D
S2050022390996
S20500223AB9E5
S20500223B009D
S20500223C9309
S20500223D0992
S20500223E0F8B
S20500223F0099
S2050022406F29
S205002241F0A7
S2050022421F77
S205002243EDA8
S2050022449301
S205002245870C
S2050022461979
S2050022470091
S20500224893FD
S205002249F798
S20500224AE7A7
S20500224B7F0E
S20500224C6329
S20500224D94F7
S20500224E0783
S20500224F1475
S2050022503355
S205002251E89F
S205002252D5B1
S2050022530184
S205002254B3D1
S205002255671C
S205002256176B
S2050022570180
S205002258631D
S20500225994EB
S20500225A0975
S20500225B2A53
S20500225C6319
S20500225D8EED
S20500225E0773
S20500225F3841
S2050022606315
S2050022611067
S205002262086E
S2050022633C39
S2050022641361
S205002265155E
S205002266353D
S2050022670071
S205002268135D
S2050022695916
S20500226A3539
S20500226B006D
S20500226C93D9
S20500226D0764
S20500226E006A
S20500226F0069
S2050022706FF9
S2050022710067
S2050022724026
S2050022731154
S2050022746301
S20500227580E3
S20500227669F9
S2050022770A57
S20500227893CD
S2050022790659
S20500227A80DE
S20500227B035A
S20500227C1349
S20500227D0952
S20500227E104A
S20500227F0059
S205002280E375
S205002281C097
S205002282F660
S205002283E86D
S205002284B79D
S205002285064D
S20500228680D2
S2050022870051
S205002288B39D
S205002289E56A
S20500228AD579
S20500228B004D
S20500228C6FDD
S20500228DF05B
S20500228E5FEB
S20500228FE465
S2050022901335
S2050022917EC9
S2050022921432
S2050022930045
S20500229493B1
S205002295073C
S205002296F052
S2050022977FC2
S205002298132D
S2050022990738
S20500229A003E
S20500229B003D
S20500229C1329
S20500229D0833
S20500229E003A
S20500229F0039
S2050022A06FC9
S2050022A1F047
S2050022A21F17
S2050022A3DD58
S2050022A41321
S2050022A585AE
S2050022A6042E
S2050022A70031
S2050022A8EF41
S2050022A9101F
S2050022AA80AE
S2050022AB101D
S2050022AC9399
S2050022AD0724
S2050022AE85A5
S2050022AF0128
S2050022B09395
S2050022B10621
S2050022B2F036
S2050022B30124
S2050022B4E341
S2050022B5DA49
S2050022B6F62C
S2050022B7D051
S2050022B8130D
S2050022B90718
S2050022BA8599
S2050022BBFF1E
S2050022BC33E9
S2050022BD9784
S2050022BEE436
S2050022BF0019
S2050022C063B5
S2050022C1CE49
S2050022C237DF
S2050022C31BFA
S2050022C4B361
S2050022C5898A
S2050022C637DB
S2050022C741D0
S2050022C8937D
S2050022C98788
S2050022CA19F5
S2050022CB000D
S2050022CC63A9
S2050022CDDE2D
S2050022CEF614
S2050022CF42C7
S2050022D09375
S2050022D1897E
S2050022D219ED
S2050022D3FE07
S2050022D49371
S2050022D506FD
S2050022D60002
S2050022D702FF
S2050022D8B34D
S2050022D954AB
S2050022DA37C7
S2050022DB01FC
S2050022DC6399
S2050022DD8C6F
S2050022DED723
S2050022DF00F9
S2050022E09365
S2050022E106F1
S2050022E200F6
S2050022E304F1
S2050022E4B341
S2050022E5876C
S2050022E6F6FC
S2050022E740B1
S2050022E833BD
S2050022E917D8
S2050022EAF7F7
S2050022EB00ED
S2050022EC33B9
S2050022ED37B4
S2050022EEE00A
S2050022EF00E9
S2050022F0B335
S2050022F1E403
S2050022F2E402
S2050022F300E5
S2050022F49351
S2050022F509DA
S2050022F600E2
S2050022F700E1
S2050022F8934D
S2050022F9F7E8
S2050022FA746A
S2050022FB00DD
S2050022FCE3F9
S2050022FD9E3D
S2050022FE07D3
S2050022FFD009
S2050023009344
S205002301874F
S20500230209CC
S20500230300D4
S20500230413C0
S205002305D5FD
S205002306349D
S20500230700D0
S20500230813BC
S20500230907C7
S20500230A09C4
S20500230B00CC
S20500230C6F5C
S20500230D00CA
S20500230E8049
S20500230F02C6
S205002310E3E4
S2050023111CAA
S20500231208BD
S205002313E6DE
S20500231413B0
S20500231515AD
S205002316358C
S20500231700C0
S20500231813AC
S20500231918A6
S20500231AD7E6
S20500231B01BB
S20500231C13A8
S20500231D5565
S20500231E3584
S20500231F00B8
S2050023203384
S205002321684E
S205002322A80D
S20500232300B4
S20500232413A0
S205002325575B
S205002326377A
S20500232700B0
S2050023286F40
S205002329F0BE
S20500232A9F0E
S20500232BE5C7
S20500232C1398
S20500232D1595
S20500232E3574
S20500232F00A8
S2050023301394
S2050023315551
S2050023323570
S20500233300A4
S2050023341390
S205002335188A
S205002336D7CA
S205002337019F
S205002338930C
S2050023390698
S20500233AF0AD
S20500233B7F1D
S20500233C3368
S20500233D6832
S20500233EA8F1
S20500233F0098
S2050023401384
S205002341573F
S205002342375E
S2050023430094
S205002344E3B0
S2050023458E04
S205002346D7BA
S205002347E2AE
S205002348137C
S2050023491777
S20500234AC7C6
S20500234B008C
S20500234C1378
S20500234D5733
S20500234EC7C2
S20500234F0088
S20500235093F4
S205002351F78F
S205002352F78E
S2050023537F05
S2050023541370
S2050023557E04
S205002356146D
S2050023570080
S2050023586F10
S205002359F08E
S20500235A9FDE
S20500235BD1AB
S20500235C93E8
S20500235D86F4
S20500235E1960
S20500235F0078
S20500236093E4
S205002361F77F
S205002362E68F
S2050023637FF5
S2050023646310
S2050023659ED4
S205002366076A
S205002367125E
S205002368B3BC
S2050023696707
S20500236A1756
S20500236B016B
S20500236C6308
S20500236D9AD0
S20500236E0960
S20500236F2444
S2050023706304
S20500237186E0
S205002372075E
S2050023733034
S205002374B3B0
S205002375E77B
S205002376D58C
S205002377015F
S20500237863FC
S2050023799AC4
S20500237A0756
S20500237B302C
S20500237C1348
S20500237D1545
S20500237E3524
S20500237F0058
S2050023801344
S20500238159FD
S2050023823520
S2050023830054
S2050023841340
S205002385183A
S205002386D77A
S205002387014F
S205002388331C
S20500238968E6
S20500238A2825
S20500238B014B
S20500238C1338
S20500238D57F3
S20500238E3712
S20500238F0048
S2050023906FD8
S205002391F056
S2050023929FA6
S205002393FB49
S2050023943310
S20500239588BA
S205002396D869
S20500239741FF
S205002398B38C
S205002399B787
S20500239A0835
S20500239B013B
S20500239C3308
S20500239D0931
S20500239EB782
S20500239F40F8
S2050023A03304
S2050023A1092D
S2050023A2F93C
S2050023A340F4
S2050023A493A0
S2050023A5171B
S2050023A689A8
S2050023A70030
S2050023A8939C
S2050023A9042A
S2050023AA0825
S2050023AB002C
S2050023AC63C8
S2050023ADC268
S2050023AE0722
S2050023AF1216
S2050023B033F4
S2050023B168BE
S2050023B228FD
S2050023B30123
S2050023B4E340
S2050023B51210
S2050023B60819
S2050023B7C060
S2050023B8130C
S2050023B90E10
S2050023BA001D
S2050023BB001C
S2050023BC9388
S2050023BD0713
S2050023BE0019
S2050023BF0018
S2050023C01304
S2050023C1070F
S2050023C20015
S2050023C30014
S2050023C46FA4
S2050023C5F022
S2050023C6DF32
S2050023C7CA46
S2050023C837D8
S2050023C90905
S2050023CA808D
S2050023CBFF0D
S2050023CC13F8
S2050023CD0901
S2050023CEF910
S2050023CFFF09
S2050023D0B354
S2050023D1897D
S2050023D2F90C
S2050023D340C4
S2050023D433D0
S2050023D57989
S2050023D627DA
S2050023D701FF
S2050023D86F90
S2050023D9F00E
S2050023DA9F5E
S2050023DBC339
S2050023DC9368
S2050023DD07F3
S2050023DEF009
S2050023DF7F79
S2050023E033C4
S2050023E16591
S2050023E217DE
S2050023E301F3
S2050023E46390
S2050023E504EE
S2050023E605EC
S2050023E710E0
S2050023E813DC
S2050023E98866
S2050023EAF7F6
S2050023EBFFED
S2050023EC6388
S2050023ED02E8
S2050023EE08E1
S2050023EF1ECA
S2050023F013D4
S2050023F105E1
S2050023F2F0F5
S2050023F37F65
S2050023F4E300
S2050023F5885A
S2050023F6A73A
S2050023F7D60A
S2050023F8934C
S2050023F907D7
S2050023FA805D
S2050023FB03D9
S2050023FC13C8
S2050023FD8456
S2050023FE06D3
S2050023FF00D8
S20500240013C3
S20500240105D0
S20500240210C4
S20500240300D3
S205002404636F
S205002405CA07
S20500240607C9
S20500240703CC
S205002408933B
S20500240907C6
S20500240AF0DC
S20500240B01CA
S20500240C6367
S20500240DC405
S20500240E07C1
S20500240F19AE
S2050024109333
S20500241107BE
S20500241200C4
S20500241302C1
S205002414B30F
S205002415873A
S20500241607B9
S205002417417E
S205002418338B
S20500241915A8
S20500241AF7C5
S20500241B00BB
S20500241CB307
S20500241DD6E3
S20500241E08B0
S20500241F01B6
S205002420B303
S205002421971E
S205002422F8BC
S20500242300B3
S205002424337F
S205002425654C
S205002426D5DB
S20500242700AF
S205002428B3FB
S2050024293776
S20500242AF0BC
S20500242B00AB
S20500242C3377
S20500242D5851
S20500242E07A1
S20500242F01A6
S2050024303373
S2050024316540
S205002432F5AF
S20500243300A3
S205002434B3EF
S205002435851C
S205002436059B
S205002437415E
S205002438336B
S2050024398518
S20500243AAEEE
S20500243B405B
S20500243C3367
S20500243DB7E2
S20500243EAEEA
S20500243F0097
S2050024409303
S2050024410491
S205002442058F
S2050024430093
S205002444335F
S2050024458908
S205002446E5AB
S205002447404F
S20500244893FB
S2050024490984
S20500244A0F7D
S20500244B008B
S20500244C6F1B
S20500244DF099
S20500244E9FE9
S20500244FB5D2
S20500245093F3
S20500245186FF
S205002452077D
S205002453FE85
S205002454136F
S205002455067B
S2050024560080
S205002457027D
S205002458B3CB
S205002459D6A7
S20500245AD5A7
S20500245B007B
S20500245C6317
S20500245D8AEF
S20500245EC7B1
S20500245F0077
S2050024601363
S205002461066F
S2050024620074
S205002463046F
S205002464B3BF
S205002465076A
S205002466F67A
S205002467402F
S205002468B3BB
S20500246997D6
S20500246AF577
S20500246B006B
S20500246CB3B7
S20500246DEE7B
S20500246EFE6A
S20500246F0067
S2050024703333
S2050024713530
S205002472D094
S2050024730162
S205002474332F
S20500247565FC
S205002476D58B
S205002477005F
S2050024786FEF
S205002479F06D
S20500247ADF7D
S20500247BB1AA
S20500247CB7A3
S20500247D0653
S20500247E80D8
S20500247FFF58
S20500248093C3
S20500248186CF
S205002482F65E
S205002483FF54
S205002484B39F
S20500248587CA
S205002486F957
S205002487400F
S205002488331B
S20500248977D6
S20500248AD775
S20500248B004B
S20500248C6FDB
S20500248DF059
S20500248E9FA9
S20500248FEF58
S2050024901333
S2050024911530
S205002492360E
S2050024930043
S205002494132F
S20500249555EC
S205002496350B
S205002497003F
S205002498132B
S20500249987B6
S20500249A0537
S20500249B003B
S20500249C6FCB
S20500249DF049
S20500249E9F99
S20500249FCD6A
S2050024A093A3
S2050024A1072E
S2050024A2F044
S2050024A37FB4
S2050024A4E34F
S2050024A586AB
S2050024A6F63A
S2050024A7DE51
S2050024A8B37B
S2050024A98E9F
S2050024AAD854
S2050024AB012A
S2050024AC33F7
S2050024ADB673
S2050024AE1E0A
S2050024AF0126
S2050024B0B373
S2050024B1071E
S2050024B2B76D
S2050024B30023
S2050024B4B36F
S2050024B5879A
S2050024B6C759
S2050024B7001F
S2050024B8130B
S2050024B99588
S2050024BAF725
S2050024BB011A
S2050024BC9387
S2050024BDDE3B
S2050024BE1EFA
S2050024BF0017
S2050024C0B363
S2050024C164B1
S2050024C2D53F
S2050024C30112
S2050024C413FF
S2050024C5D938
S2050024C617F9
S2050024C7000F
S2050024C8937B
S2050024C98984
S2050024CA0606
S2050024CB000B
S2050024CC6F9B
S2050024CDF019
S2050024CE5FA9
S2050024CFB453
S2050024D033D3
S2050024D1867F
S2050024D21EE6
S2050024D341C2
S2050024D4B34F
S2050024D5877A
S2050024D6E51B
S2050024D740BF
S2050024D833CB
S2050024D9B746
S2050024DACE2E
S2050024DB00FB
S2050024DC9367
S2050024DD04F5
S2050024DE06F2
S2050024DF00F7
S2050024E033C3
S2050024E1896C
S2050024E2E70D
S2050024E340B3
S2050024E413DF
S2050024E5846D
S2050024E606EA
S2050024E700EF
S2050024E86F7F
S2050024E9F0FD
S2050024EA1FCD
S2050024EBAD3E
S2050024EC13D7
S2050024ED16D3
S2050024EE36B2
S2050024EF00E7
S2050024F013D3
S2050024F15590
S2050024F236AE
S2050024F300E3
S2050024F413CF
S2050024F5845D
S2050024F606DA
S2050024F700DF
S2050024F813CB
S2050024F98756
S2050024FA05D7
S2050024FB00DB
S2050024FC6F6B
S2050024FDF0E9
S2050024FE9F39
S2050024FFE3F4
S205002500E3F2
S205002501983C
S20500250207CC
S205002503E0F2
S205002504636E
S20500250506CA
S20500250608C7
S20500250722AC
S20500250813BA
S205002509D7F5
S20500250A3596
S20500250B00CA
S20500250C13B6
S20500250D16B2
S20500250E3691
S20500250F00C6
S2050025109332
S205002511952F
S205002512D5EE
S20500251301C1
S205002514338E
S2050025156759
S205002516B708
S20500251700BE
S20500251813AA
S2050025195666
S20500251A3685
S20500251B00BA
S20500251C3386
S20500251D6751
S20500251EC7F0
S20500251F00B6
S20500252013A2
S2050025218430
S20500252206AD
S20500252300B2
S2050025246F42
S205002525F0C0
S2050025261F90
S205002527C6E8
S205002528B3FA
S2050025298E1E
S20500252AD8D3
S20500252B01A9
S20500252CB3F6
S20500252D05A3
S20500252EB7F0
S20500252F00A6
S2050025303372
S205002531B6EE
S2050025321E85
S20500253301A1
S205002534336E
S2050025358917
S205002536C5DA
S205002537009E
S205002538930A
S2050025391785
S20500253A8912
S20500253B009A
S20500253C9306
S20500253D8414
S20500253E0E89
S20500253F0096
S2050025406332
S205002541D8BC
S205002542078C
S2050025430A88
S20500254493FE
S2050025450987
S205002546206F
S205002547008E
S2050025486F1E
S205002549F09C
S20500254ADFAC
S20500254BBDCD
S20500254CB3D6
S20500254D8EFA
S20500254ED8AF
S20500254F4145
S205002550B3D2
S205002551057F
S205002552B7CC
S2050025534042
S205002554334E
S205002555B6CA
S205002556D8A7
S205002557017D
S20500255893EA
S20500255984F8
S20500255A0E6D
S20500255B007A
S20500255C3346
S20500255D89EF
S20500255EC5B2
S20500255F4036
S20500256093E2
S205002561096B
S2050025621063
S2050025630072
S2050025646F02
S205002565F080
S2050025661F50
S205002567A4CA
S20500256893DA
S20500256986E6
S20500256A0764
S20500256BFE6C
S20500256C1356
S20500256D0662
S20500256E0067
S20500256F0264
S205002570B3B2
S205002571D68E
S205002572D58E
S2050025730062
S20500257463FE
S2050025758AD6
S205002576C798
S205002577005E
S205002578134A
S2050025790656
S20500257A005B
S20500257B0456
S20500257CB3A6
S20500257D0751
S20500257EF661
S20500257F4016
S205002580B3A2
S20500258197BD
S205002582F55E
S2050025830052
S205002584B39E
S205002585EE62
S205002586FE51
S205002587004E
S205002588331A
S2050025893913
S20500258AD07B
S20500258B0149
S20500258C3316
S20500258D69DF
S20500258ED96E
S20500258F0046
S2050025906FD6
S205002591F054
S2050025921F24
S205002593B78B
S20500259493AE
S2050025950739
S2050025960837
S205002597FE40
S20500259893AA
S2050025990636
S20500259A003B
S20500259B0238
S20500259CB386
S20500259D57E1
S20500259EF740
S20500259F0036
S2050025A063D2
S2050025A10A2A
S2050025A2D85B
S2050025A30032
S2050025A4939E
S2050025A5062A
S2050025A6002F
S2050025A7042A
S2050025A8B37A
S2050025A986A6
S2050025AA0625
S2050025AB41E9
S2050025AC33F6
S2050025AD1711
S2050025AED750
S2050025AF0026
S2050025B0B372
S2050025B1E83C
S2050025B2E83B
S2050025B30022
S2050025B433EE
S2050025B535EB
S2050025B6100F
S2050025B7011D
S2050025B833EA
S2050025B965B7
S2050025BAF526
S2050025BB001A
S2050025BC6FAA
S2050025BDF028
S2050025BEDF38
S2050025BFE72F
S2050025C0E332
S2050025C1888C
S2050025C2070C
S2050025C3EC26
S2050025C4B35E
S2050025C5EE22
S2050025C6D53A
S2050025C7010D
S2050025C8E32A
S2050025C9907C
S2050025CA0EFD
S2050025CBBC4E
S2050025CC6F9A
S2050025CDF018
S2050025CE9F68
S2050025CFD432
S2050025D033D2
S2050025D1867E
S2050025D21EE5
S2050025D341C1
S2050025D4B34E
S2050025D5857B
S2050025D6E51A
S2050025D740BE
S2050025D833CA
S2050025D9B745
S2050025DACE2D
S2050025DB00FA
S2050025DC9366
S2050025DD04F4
S2050025DE06F1
S2050025DF00F6
S2050025E033C2
S2050025E1896B
S2050025E2E50E
S2050025E340B2
S2050025E413DE
S2050025E5846C
S2050025E606E9
S2050025E700EE
S2050025E8935A
S2050025E909E3
S2050025EA10DB
S2050025EB00EA
S2050025EC6F7A
S2050025EDF0F8
S2050025EE9F48
S2050025EF9B4B
S2050025F09352
S2050025F107DD
S2050025F210D3
S2050025F300E2
S2050025F46F72
S2050025F5F0F0
S2050025F61FC0
S2050025F7D10D
S2050025F8E3FA
S2050025F900DC
S2050025FA08D3
S2050025FBDCFE
S2050025FC13C6
S2050025FD16C2
S2050025FE36A1
S2050025FF00D6
S2050026009341
S205002601577C
S205002602369C
S20500260300D1
S20500260413BD
S2050026059837
S205002606D5F9
S20500260701CC
S20500260813B9
S2050026099734
S20500260A9535
S20500260B00C9
S20500260C3395
S20500260D685F
S20500260EF8CE
S20500260F00C5
S20500261013B1
S205002611576C
S205002612C7FB
S20500261300C1
S20500261413AD
S2050026158E31
S20500261606B8
S20500261700BD
S2050026189329
S20500261907B4
S20500261A00BA
S20500261B00B9
S20500261C6F49
S20500261DF0C7
S20500261E5F57
S20500261FA510
S2050026203381
S205002621892A
S205002622D8DA
S2050026234170
S205002624B3FD
S205002625B7F8
S2050026262886
S20500262701AC
S2050026283379
S20500262906A5
S20500262AB7F3
S20500262B4069
S20500262C3375
S20500262D06A1
S20500262EF6B0
S20500262F4065
S2050026309311
S205002631178C
S205002632861C
S20500263300A1
S205002634633D
S205002635D2CD
S2050026360797
S2050026370E8F
S2050026383369
S2050026398615
S20500263A1E7C
S20500263B4158
S20500263C3365
S20500263D8710
S20500263EE5B1
S20500263F4055
S205002640B3E1
S205002641BED5
S205002642CEC4
S2050026430091
S205002644335D
S2050026450788
S205002646D7B7
S205002647414C
S20500264893F9
S2050026491774
S20500264A8703
S20500264B0089
S20500264C93F5
S20500264D0483
S20500264E0680
S20500264F0085
S2050026506321
S205002651DEA5
S205002652077B
S205002653126F
S205002654B7C9
S2050026550778
S20500265680FE
S205002657FF7E
S20500265893E9
S20500265987F4
S20500265AF783
S20500265BFF7A
S20500265C3345
S20500265D7700
S20500265EF77F
S20500265F0075
S2050026601361
S20500266184EF
S205002662066C
S2050026630071
S20500266493DD
S2050026650768
S205002666105E
S205002667006D
S2050026686FFD
S205002669F07B
S20500266A1F4B
S20500266B9FCA
S20500266C1355
S20500266D1651
S20500266E3630
S20500266F0065
S2050026701351
S205002671550E
S205002672362C
S2050026730061
S205002674134D
S20500267587D8
S2050026760559
S205002677005D
S2050026786FED
S205002679F06B
S20500267ADF7B
S20500267BCB8E
S20500267C1345
S20500267D1641
S20500267E3620
S20500267F0055
S2050026801341
S20500268159FA
S205002682361C
S2050026830051
S205002684133D
S20500268587C8
S2050026860549
S205002687004D
S2050026886FDD
S205002689F05B
S20500268ADF6B
S20500268BCF7A
S20500268CB395
S20500268D86C1
S20500268ED86E
S20500268F0144
S205002690B391
S205002691073C
S205002692B78B
S2050026930041
S205002694330D
S205002695B689
S2050026961628
S205002697013C
S205002698B389
S20500269987B4
S20500269AC773
S20500269B0039
S20500269C1325
S20500269D97A0
S20500269E87AF
S20500269F0035
S2050026A01321
S2050026A1D85B
S2050026A236FC
S2050026A30031
S2050026A463CD
S2050026A55ED1
S2050026A60727
S2050026A70825
S2050026A837F5
S2050026A90724
S2050026AA80AA
S2050026ABFF2A
S2050026AC1315
S2050026AD0720
S2050026AEF72F
S2050026AFFF26
S2050026B0B371
S2050026B1F72C
S2050026B2E73B
S2050026B30021
S2050026B4130D
S2050026B59788
S2050026B6D747
S2050026B7011C
S2050026B89389
S2050026B99784
S2050026BA9783
S2050026BB0019
S2050026BC33E5
S2050026BD68AF
S2050026BE070F
S2050026BF0114
S2050026C01301
S2050026C1D73C
S2050026C2C74B
S2050026C30011
S2050026C4937D
S2050026C50708
S2050026C610FE
S2050026C7000D
S2050026C86F9D
S2050026C9F01B
S2050026CA9F6B
S2050026CB9A6F
S2050026CC9375
S2050026CD8780
S2050026CE0600
S2050026CFFE07
S2050026D013F1
S2050026D106FD
S2050026D20002
S2050026D302FF
S2050026D4B34D
S2050026D557A8
S2050026D6F707
S2050026D700FD
S2050026D86399
S2050026D98A71
S2050026DAC634
S2050026DB00F9
S2050026DC13E5
S2050026DD06F1
S2050026DE00F6
S2050026DF04F1
S2050026E0B341
S2050026E106ED
S2050026E2D61C
S2050026E340B1
S2050026E433BD
S2050026E517D8
S2050026E6D717
S2050026E700ED
S2050026E8B339
S2050026E9E803
S2050026EAE802
S2050026EB00E9
S2050026EC33B5
S2050026ED39AE
S2050026EE10D6
S2050026EF01E4
S2050026F033B1
S2050026F1697A
S2050026F2F9E9
S2050026F300E1
S2050026F46F71
S2050026F5F0EF
S2050026F69F3F
S2050026F7B32A
S2050026F813C9
S2050026F9D506
S2050026FA34A6
S2050026FB00D9
S2050026FC9345
S2050026FD8750
S2050026FE09CD
S2050026FF00D5
S20500270013C0
S20500270107CB
S20500270209C8
S20500270300D0
S2050027046F60
S205002705F0DE
S2050027061FAE
S205002707C309
S2050027089338
S20500270906C4
S20500270A00C9
S20500270B02C6
S20500270CB314
S20500270D8640
S20500270EF6CF
S20500270F4084
S20500271013B0
S20500271106BC
S20500271200C1
S20500271300C0
S2050027146F50
S205002715F0CE
S2050027169F1E
S2050027178E2E
S2050027183388
S2050027196852
S20500271AC9F0
S20500271B00B8
S20500271CE3D4
S20500271D0EA8
S20500271E08AD
S20500271FC8EC
S20500272013A0
S2050027215959
S2050027223978
S20500272300B0
S205002724931C
S20500272507A7
S20500272600AD
S20500272700AC
S2050027281398
S20500272907A3
S20500272A06A3
S20500272B00A8
S20500272C6F38
S20500272DF0B6
S20500272E9F06
S20500272FC5DF
S2050027301390
S2050027310E94
S20500273200A1
S20500273300A0
S205002734930C
S2050027350797
S205002736F0AD
S2050027377F1D
S2050027383764
S2050027390793
S20500273A0891
S20500273B0098
S20500273C6F28
S20500273DF0A6
S20500273E5F36
S20500273F9301
S2050027401380
S20500274197FB
S205002742D7BA
S205002743018F
S20500274493FC
S20500274597F7
S20500274697F6
S205002747008C
S2050027483358
S2050027496822
S20500274A0782
S20500274B0187
S20500274C1374
S20500274DD7AF
S20500274EC7BE
S20500274F0084
S20500275093F0
S205002751077B
S2050027520081
S2050027530080
S2050027546F10
S205002755F08E
S205002756DF9E
S20500275791EB
S205002758E398
S20500275986F4
S20500275A0772
S20500275BAECA
S20500275C3344
S20500275D086E
S20500275E3F36
S20500275F4133
S20500276093E0
S205002761076B
S2050027620869
S2050027630070
S205002764E38C
S2050027658EE0
S2050027660964
S205002767C6A6
S20500276893D8
S2050027690763
S20500276A80E9
S20500276B0365
S20500276C6304
S20500276DCA9C
S20500276E075E
S20500276F0163
S205002770B7AC
S205002771075B
S20500277280E1
S2050027730060
S205002774332C
S20500277567F7
S205002776F766
S205002777005C
S2050027781348
S20500277984D6
S20500277A0653
S20500277B0058
S20500277C6FE8
S20500277DF066
S20500277EDF76
S20500277FC88C
S2050027801340
S20500278184CE
S205002782064B
S2050027830050
S205002784133C
S2050027850549
S205002786103D
S205002787004C
S2050027886FDC
S205002789F05A
S20500278A1F2A
S20500278BCB7D
S20500278C1334
S20500278D182E
S20500278ED76E
S20500278F0143
S2050027901330
S20500279156EC
S205002792360B
S2050027930040
S205002794330C
S20500279568D6
S205002796C875
S205002797003C
S2050027981328
S20500279957E3
S20500279A3702
S20500279B0038
S20500279C93A4
S20500279D072F
S20500279E0035
S20500279F0034
S2050027A01320
S2050027A184AE
S2050027A2062B
S2050027A30030
S2050027A46FC0
S2050027A5F03E
S2050027A65FCE
S2050027A7BA72
S2050027A8E348
S2050027A98AA0
S2050027AA0722
S2050027ABBA6E
S2050027ACB374
S2050027AD0620
S2050027AE3FE6
S2050027AF41E3
S2050027B063C0
S2050027B1968C
S2050027B20918
S2050027B30020
S2050027B4938C
S2050027B58797
S2050027B60617
S2050027B7001C
S2050027B86FAC
S2050027B9F02A
S2050027BA1FFA
S2050027BBA276
S2050027BC9384
S2050027BD070F
S2050027BE8095
S2050027BF0311
S2050027C01300
S2050027C10909
S2050027C21001
S2050027C30010
S2050027C4E32C
S2050027C5C44A
S2050027C6D736
S2050027C7A666
S2050027C8B754
S2050027C90703
S2050027CA8089
S2050027CB0008
S2050027CC33D4
S2050027CD679F
S2050027CEF70E
S2050027CF0004
S2050027D06F94
S2050027D1F012
S2050027D2DF22
S2050027D3A25E
S2050027D4936C
S2050027D5D727
S2050027D645B8
S2050027D701FB
S2050027D8B744
S2050027D906F4
S2050027DA10E9
S2050027DB00F8
S2050027DC13E4
S2050027DD876F
S2050027DEF6FF
S2050027DFFFF5
S2050027E09360
S2050027E1F7FB
S2050027E2F7FA
S2050027E37F71
S2050027E413DC
S2050027E506E8
S2050027E6E00D
S2050027E73FAD
S2050027E833B8
S2050027E97773
S2050027EAB732
S2050027EB00E8
S2050027EC9354
S2050027EDD511
S2050027EEF5F0
S2050027EF01E3
S2050027F06380
S2050027F15E84
S2050027F2F6EB
S2050027F300E0
S2050027F413CC
S2050027F506D8
S2050027F6D00D
S2050027F7419B
S2050027F86378
S2050027F95E7C
S2050027FAF6E3
S2050027FB00D8
S2050027FC37A0
S2050027FD05D1
S2050027FE00D5
S2050027FF8054
S20500280013BF
S20500280105CC
S205002802F5DB
S205002803FFD0
S205002804339B
S2050028058548
S205002806A527
S20500280700CB
S2050028086763
S2050028098049
S20500280A00C8
S20500280B00C7
S20500280C13B3
S20500280D05C0
S20500280E00C4
S20500280F00C3
S205002810675B
S2050028118041
S20500281200C0
S20500281300BF
S20500281413AB
S20500281506B7
S205002816308C
S2050028174378
S2050028183387
S20500281906B3
S20500281AF6C2
S20500281B4077
S20500281C13A3
S20500281D08AD
S20500281EF0C4
S20500281F01B2
S205002820337F
S205002821674A
S205002822D7D9
S20500282300AF
S205002824634B
S205002825505D
S205002826C8E4
S20500282702A9
S2050028289317
S20500282906A3
S20500282A3078
S20500282B4166
S20500282CB3F3
S20500282D871E
S20500282EF6AE
S20500282F4063
S205002830336F
S205002831574A
S205002832F7A9
S205002833009F
S205002834336B
S2050028350598
S205002836E0BC
S205002837405B
S205002838E3B7
S2050028399CFD
S20500283A0593
S20500283BFC9B
S20500283C1383
S20500283D0590
S20500283E078D
S20500283F0093
S205002840672B
S2050028418011
S2050028420090
S205002843008F
S20500284493FB
S2050028458706
S205002846D7B5
S205002847BECD
S2050028483357
S2050028491772
S20500284AF791
S20500284B0087
S20500284C3353
S20500284D5530
S20500284EC5BF
S20500284F0083
S205002850334F
S205002851671A
S205002852A7D9
S205002853007F
S2050028546F0F
S205002855F08D
S2050028561F5D
S205002857FE7D
S2050028581367
S2050028590178
S20500285A0177
S20500285BFC7B
S20500285C93E3
S20500285D571E
S20500285E75FF
S20500285F0172
S205002860234F
S205002861264B
S205002862313F
S205002863036C
S205002864234B
S205002865224B
S205002866511B
S2050028670368
S2050028682347
S2050028692E3B
S20500286A1157
S20500286B0265
S20500286C93D3
S20500286D1A4B
S20500286E95CF
S20500286F0063
S205002870233F
S2050028712C35
S20500287281DF
S205002873025D
S205002874233B
S2050028752A33
S20500287691CB
S2050028770259
S2050028782337
S2050028792831
S20500287A2137
S20500287B0354
S20500287C2333
S20500287D2431
S20500287E4113
S20500287F0350
S205002880232F
S2050028812031
S20500288261EF
S205002883034C
S205002884232B
S2050028852E1F
S20500288671DB
S205002887014A
S20500288893B7
S205002889F752
S20500288AF751
S20500288B0F38
S20500288C93B3
S20500288DDA6B
S20500288E9AAA
S20500288F0043
S20500289093AF
S20500289159E8
S205002892F54B
S205002893013E
S20500289463DB
S2050028958AB3
S2050028960735
S2050028971229
S2050028981327
S2050028990732
S20500289AF048
S20500289B0F28
S20500289C63D3
S20500289D8CA9
S20500289EE74D
S20500289F062D
S2050028A0939F
S2050028A19A97
S2050028A23AF6
S2050028A3002F
S2050028A437F7
S2050028A50726
S2050028A6002C
S2050028A70427
S2050028A8B377
S2050028A9EA3F
S2050028AAEA3E
S2050028AB0027
S2050028AC1313
S2050028AD8A9B
S2050028AE170D
S2050028AFF82B
S2050028B0130F
S2050028B1041D
S2050028B20020
S2050028B3001F
S2050028B4938B
S2050028B50B12
S2050028B6001C
S2050028B7001B
S2050028B89387
S2050028B9D742
S2050028BA75A3
S2050028BB0116
S2050028BC1303
S2050028BD997C
S2050028BE957F
S2050028BF0013
S2050028C0937F
S2050028C1F71A
S2050028C2F719
S2050028C30F00
S2050028C413FB
S2050028C559B4
S2050028C69973
S2050028C7000B
S2050028C89377
S2050028C9D435
S2050028CAF513
S2050028CB0106
S2050028CC63A3
S2050028CD887D
S2050028CE07FD
S2050028CF06FD
S2050028D013EF
S2050028D107FA
S2050028D2F010
S2050028D30FF0
S2050028D4639B
S2050028D58479
S2050028D6E715
S2050028D710EB
S2050028D813E7
S2050028D919E0
S2050028DA39BF
S2050028DB00F7
S2050028DC37BF
S2050028DD07EE
S2050028DE00F4
S2050028DF04EF
S2050028E033BF
S2050028E16988
S2050028E2E907
S2050028E300EF
S2050028E4935B
S2050028E58766
S2050028E617D5
S2050028E7F8F3
S2050028E89357
S2050028E906E3
S2050028EA00E8
S2050028EB00E7
S2050028EC13D3
S2050028ED07DE
S2050028EEF0F4
S2050028EF00E3
S2050028F033AF
S2050028F1CB16
S2050028F29947
S2050028F300DF
S2050028F433AB
S2050028F50AD3
S2050028F6FAE2
S2050028F7409B
S2050028F86377
S2050028F96079
S2050028FA8751
S2050028FB28AF
S2050028FC379F
S2050028FD07CE
S2050028FE10C4
S2050028FF00D3
S20500290013BE
S20500290114BC
S20500290224AB
S20500290300CE
S20500290413BA
S20500290507C5
S20500290607C4
S20500290704C6
S2050029083396
S20500290904C4
S20500290AE4E3
S20500290B00C6
S20500290C8342
S20500290D279D
S20500290E04BF
S20500290F00C2
S205002910675A
S2050029118040
S20500291207B8
S20500291300BE
S205002914635A
S2050029159A22
S2050029160AB1
S20500291714A6
S2050029189326
S205002919D7E1
S20500291A7542
S20500291B01B5
S20500291C13A2
S20500291D991B
S20500291E951E
S20500291F00B2
S205002920931E
S205002921F7B9
S205002922F7B8
S2050029230F9F
S205002924139A
S20500292504A8
S205002926802B
S20500292700AA
S2050029281396
S2050029290A9E
S20500292AF0B7
S20500292B0F97
S20500292C9312
S20500292D0B99
S20500292E2083
S20500292F00A2
S205002930138E
S2050029315947
S2050029329906
S205002933009E
S205002934930A
S205002935D4C8
S205002936F5A6
S2050029370199
S205002938E3B6
S2050029399CFC
S20500293A0790
S20500293BF89E
S20500293C6332
S20500293D187C
S20500293E098A
S20500293F0C86
S205002940137E
S205002941642C
S205002942147B
S205002943008E
S20500294493FA
S2050029450785
S205002946D0BB
S205002947008A
S2050029483356
S205002949CBBD
S20500294A99EE
S20500294B0086
S20500294C6322
S20500294DEE96
S20500294E87FC
S20500294F0082
S205002950B7CA
S2050029510779
S205002952106F
S205002953007E
S20500295493EA
S20500295587F5
S2050029560774
S2050029570872
S2050029581366
S2050029591464
S20500295A2453
S20500295B0076
S20500295C3342
S20500295D0470
S20500295EF47F
S20500295F0072
S20500296083EE
S2050029612749
S205002962046B
S205002963006E
S2050029646706
S20500296580EC
S2050029660764
S205002967006A
S20500296893D6
S2050029690761
S20500296AF077
S20500296B0F57
S20500296C1352
S20500296D075D
S20500296E0063
S20500296F0062
S20500297083DE
S2050029712040
S205002972C19E
S205002973035B
S205002974035A
S2050029752438
S20500297681DA
S2050029770357
S2050029781346
S20500297995C3
S20500297A77E0
S20500297B0155
S20500297C1342
S20500297D1B39
S20500297EFB58
S20500297F0151
S205002980331E
S20500298165EB
S205002982E56A
S205002983004E
S20500298483CA
S2050029852428
S205002986410A
S2050029870347
S2050029880346
S205002989291F
S20500298A0146
S20500298B0343
S20500298C83C2
S20500298D291B
S20500298EC182
S20500298F0240
S205002990033E
S2050029912A16
S20500299281BE
S205002993023C
S20500299483BA
S2050029952A12
S20500299641FA
S2050029970238
S20500299883B6
S2050029992B0D
S20500299AC176
S20500299B0135
S20500299C3302
S20500299D65CF
S20500299E65CE
S20500299F0131
S2050029A0032E
S2050029A12B05
S2050029A2012E
S2050029A3022C
S2050029A4131A
S2050029A5012B
S2050029A6012A
S2050029A70426
S2050029A867C2
S2050029A980A8
S2050029AA0027
S2050029AB0026
S2050029AC9392
S2050029AD071D
S2050029AE30F3
S2050029AF0022
S2050029B0130E
S2050029B1859B
S2050029B2041B
S2050029B3001E
S2050029B463BA
S2050029B59A82
S2050029B6F625
S2050029B70E0C
S2050029B81306
S2050029B90B0D
S2050029BA0017
S2050029BB0016
S2050029BC9382
S2050029BD070D
S2050029BEF023
S2050029BF0F03
S2050029C037DA
S2050029C10709
S2050029C240CF
S2050029C3000E
S2050029C46F9E
S2050029C5F01C
S2050029C6DF2C
S2050029C7FA10
S2050029C863A6
S2050029C99A6E
S2050029CA0AFD
S2050029CB0600
S2050029CC13F2
S2050029CD0400
S2050029CE40C3
S2050029CF0002
S2050029D013EE
S2050029D10AF6
S2050029D200FF
S2050029D300FE
S2050029D4936A
S2050029D50BF1
S2050029D610EB
S2050029D700FA
S2050029D86F8A
S2050029D9F008
S2050029DA1FD8
S2050029DBEE08
S2050029DC6392
S2050029DD18DC
S2050029DE09EA
S2050029DF04EE
S2050029E013DE
S2050029E1648C
S2050029E224CB
S2050029E300EE
S2050029E413DA
S2050029E504E8
S2050029E6D417
S2050029E7FFEB
S2050029E89356
S2050029E907E1
S2050029EAB037
S2050029EB00E6
S2050029EC33B2
S2050029EDCB19
S2050029EE994A
S2050029EF00E2
S2050029F0637E
S2050029F1E4FC
S2050029F28758
S2050029F308D6
S2050029F4B726
S2050029F507D5
S2050029F610CB
S2050029F700DA
S2050029F89346
S2050029F98751
S2050029FA8750
S2050029FB0BCB
S2050029FC13C2
S2050029FD14C0
S2050029FE24AF
S2050029FF00D2
S205002A00339D
S205002A0104CB
S205002A02F4DA
S205002A0300CD
S205002A048349
S205002A0527A4
S205002A0604C6
S205002A0700C9
S205002A086761
S205002A098047
S205002A0A07BF
S205002A0B00C5
S205002A0C13B1
S205002A0D05BE
S205002A0E09B9
S205002A0F00C1
S205002A10EFD1
S205002A1100BF
S205002A1210AE
S205002A131AA3
S205002A149329
S205002A1507B4
S205002A16B505
S205002A17FFBA
S205002A183385
S205002A19199E
S205002A1AF9BD
S205002A1B00B5
S205002A1C9321
S205002A1D07AC
S205002A1EA012
S205002A1FF8B9
S205002A20B3FD
S205002A218728
S205002A22A707
S205002A23406D
S205002A249319
S205002A2506A5
S205002A2600AA
S205002A2700A9
S205002A286F39
S205002A29F0B7
S205002A2A5F47
S205002A2BECB9
S205002A2C1391
S205002A2D643F
S205002A2E346E
S205002A2F00A1
S205002A30930D
S205002A310798
S205002A32F0AE
S205002A330F8E
S205002A349309
S205002A350695
S205002A36306A
S205002A370099
S205002A386F29
S205002A39F0A7
S205002A3A5F37
S205002A3BEBAA
S205002A3C1381
S205002A3D850E
S205002A3E0A88
S205002A3F0091
S205002A40236D
S205002A412669
S205002A42B1DD
S205002A43008D
S205002A44EF9D
S205002A45008B
S205002A46D0BA
S205002A471673
S205002A4893F5
S205002A490780
S205002A4AB5D1
S205002A4BFF86
S205002A4CB3D1
S205002A4D9AE9
S205002A4EFA88
S205002A4F0081
S205002A5093ED
S205002A510778
S205002A52A0DE
S205002A53F885
S205002A5483F9
S205002A552556
S205002A56C1B9
S205002A570079
S205002A583345
S205002A598AED
S205002A5AA7CF
S205002A5B4035
S205002A5C1361
S205002A5D046F
S205002A5E0072
S205002A5F0071
S205002A6093DD
S205002A610B64
S205002A62006E
S205002A63006D
S205002A646FFD
S205002A65F07B
S205002A665F0B
S205002A67E584
S205002A681355
S205002A690463
S205002A6AC0A6
S205002A6B0065
S205002A6C1351
S205002A6D0A59
S205002A6EF072
S205002A6F0F52
S205002A7093CD
S205002A710B54
S205002A72302E
S205002A73005D
S205002A746FED
S205002A75F06B
S205002A765FFB
S205002A77E475
S205002A7893C5
S205002A790750
S205002A7A0056
S205002A7B0055
S205002A7C1341
S205002A7D074C
S205002A7E0052
S205002A7F0051
S205002A806FE1
S205002A81F05F
S205002A821F2F
S205002A83EF5E
S205002A841339
S205002A850A41
S205002A861A30
S205002A87F059
S205002A8893B5
S205002A890740
S205002A8A2026
S205002A8B0045
S205002A8C1331
S205002A8D85BE
S205002A8E0939
S205002A8F0041
S205002A9063DD
S205002A9196A9
S205002A92FB43
S205002A930637
S205002A941329
S205002A950B30
S205002A960535
S205002A970039
S205002A9893A5
S205002A990730
S205002A9AF046
S205002A9B0F26
S205002A9C1321
S205002A9D072C
S205002A9E0032
S205002A9F0031
S205002AA06FC1
S205002AA1F03F
S205002AA21F0F
S205002AA3ED40
S205002AA41319
S205002AA589A2
S205002AA60A20
S205002AA70029
S205002AA81315
S205002AA90B1C
S205002AAA0521
S205002AAB0025
S205002AAC9391
S205002AAD071C
S205002AAEFA28
S205002AAF071A
S205002AB063BD
S205002AB156C9
S205002AB2F02E
S205002AB30617
S205002AB41309
S205002AB577A4
S205002AB679A1
S205002AB70019
S205002AB863B5
S205002AB90A0D
S205002ABA070F
S205002ABB0015
S205002ABC1301
S205002ABD779C
S205002ABEF919
S205002ABF0011
S205002AC0937D
S205002AC10609
S205002AC240CE
S205002AC3000D
S205002AC463A9
S205002AC50407
S205002AC6D733
S205002AC70009
S205002AC813F5
S205002AC909FE
S205002ACA49BD
S205002ACB0005
S205002ACC13F1
S205002ACD17EC
S205002ACE49B9
S205002ACF0001
S205002AD0639D
S205002AD15AA5
S205002AD207F7
S205002AD300FD
S205002AD4B745
S205002AD507F4
S205002AD600FA
S205002AD7F801
S205002AD89365
S205002AD98770
S205002ADAF7FF
S205002ADBFFF6
S205002ADC33C1
S205002ADD797A
S205002ADEF9F9
S205002ADF00F1
S205002AE0935D
S205002AE107E8
S205002AE20AE4
S205002AE308E5
S205002AE413D9
S205002AE507E4
S205002AE6E00A
S205002AE70FDA
S205002AE8E305
S205002AE940A7
S205002AEAF7EF
S205002AEBE8FD
S205002AEC13D1
S205002AED17CC
S205002AEE6979
S205002AEF00E1
S205002AF013CD
S205002AF15788
S205002AF29747
S205002AF300DD
S205002AF49349
S205002AF5F7E4
S205002AF6F7E3
S205002AF70FCA
S205002AF86F69
S205002AF9F0E7
S205002AFA9F37
S205002AFBE7EE
S205002AFC9341
S205002AFD07CC
S205002AFE30A2
S205002AFF00D1
S205002B00E3EC
S205002B018C42
S205002B02FBD2
S205002B03EAE2
S205002B049338
S205002B0507C3
S205002B0610B9
S205002B0700C8
S205002B08E3E4
S205002B099E28
S205002B0AFBCA
S205002B0BF8CC
S205002B0C13B0
S205002B0D0BB7
S205002B0E05BC
S205002B0F00C0
S205002B10932C
S205002B1107B7
S205002B1200BD
S205002B1300BC
S205002B1413A8
S205002B1507B3
S205002B1600B9
S205002B1700B8
S205002B186F48
S205002B19F0C6
S205002B1A9F16
S205002B1BE5CF
S205002B1C9320
S205002B1D06AC
S205002B1E10A1
S205002B1F00B0
S205002B20634C
S205002B218C22
S205002B2207A6
S205002B2300AC
S205002B24B3F8
S205002B258624
S205002B26F6B3
S205002B274068
S205002B281394
S205002B2906A0
S205002B2AB0F5
S205002B2B01A3
S205002B2C9310
S205002B2D079B
S205002B2E00A1
S205002B2F00A0
S205002B30138C
S205002B310797
S205002B32009D
S205002B33009C
S205002B34E3B8
S205002B354E4C
S205002B36D6C3
S205002B37E2B6
S205002B389304
S205002B39078F
S205002B3AEAAB
S205002B3B098B
S205002B3CB3E0
S205002B3D177B
S205002B3EF998
S205002B3F0090
S205002B40B3DC
S205002B413757
S205002B42F09D
S205002B43008C
S205002B443358
S205002B455931
S205002B46D9B0
S205002B470088
S205002B483354
S205002B49691D
S205002B4AF98C
S205002B4B0084
S205002B4C93F0
S205002B4D770B
S205002B4E7908
S205002B4F0080
S205002B50631C
S205002B518AF4
S205002B520776
S205002B53007C
S205002B5493E8
S205002B557703
S205002B56F980
S205002B570078
S205002B581364
S205002B59076F
S205002B5A4035
S205002B5B0074
S205002B5C6310
S205002B5D84EE
S205002B5EE78A
S205002B5F0070
S205002B60135C
S205002B610965
S205002B624924
S205002B63006C
S205002B6493D8
S205002B651753
S205002B665910
S205002B670068
S205002B686304
S205002B69DE88
S205002B6A075E
S205002B6B1252
S205002B6C93D0
S205002B6D075B
S205002B6E1051
S205002B6F0060
S205002B70134C
S205002B710757
S205002B72005D
S205002B73005C
S205002B746FEC
S205002B75F06A
S205002B76DF7A
S205002B77DF79
S205002B78B7A0
S205002B790452
S205002B7A0154
S205002B7B0054
S205002B7C93C0
S205002B7D1B37
S205002B7E59F8
S205002B7F0050
S205002B8093BC
S205002B8184CA
S205002B820449
S205002B83FE4E
S205002B842328
S205002B852C1E
S205002B8681C8
S205002B870147
S205002B8893B4
S205002B89D96D
S205002B8A0B3A
S205002B8B0143
S205002B8CB390
S205002B8DF44E
S205002B8E9BA6
S205002B8F0040
S205002B9063DC
S205002B91F846
S205002B922A13
S205002B930D2F
S205002B9493A8
S205002B9585B5
S205002B960930
S205002B970038
S205002B981324
S205002B9985B1
S205002B9A0A2B
S205002B9B0034
S205002B9CEF44
S205002B9D0032
S205002B9E80B1
S205002B9F76BA
S205002BA0939C
S205002BA185A9
S205002BA20429
S205002BA3002C
S205002BA41318
S205002BA50921
S205002BA60524
S205002BA70028
S205002BA8EF38
S205002BA90026
S205002BAA0025
S205002BAB73B1
S205002BAC1310
S205002BAD8C96
S205002BAE0A17
S205002BAF0020
S205002BB0130C
S205002BB10A14
S205002BB2FA23
S205002BB3FF1D
S205002BB41308
S205002BB50416
S205002BB60514
S205002BB70018
S205002BB89384
S205002BB90A0C
S205002BBA0015
S205002BBB0014
S205002BBC9380
S205002BBD858D
S205002BBE0908
S205002BBF0010
S205002BC013FC
S205002BC10509
S205002BC20C01
S205002BC3000C
S205002BC4EF1C
S205002BC5000A
S205002BC68089
S205002BC77890
S205002BC89374
S205002BC917EF
S205002BCA0500
S205002BCB0103
S205002BCCB350
S205002BCDE71B
S205002BCE57AA
S205002BCF01FF
S205002BD0639C
S205002BD1FA04
S205002BD28776
S205002BD300FC
S205002BD4B348
S205002BD58773
S205002BD6FBFE
S205002BD700F8
S205002BD813E4
S205002BD907EF
S205002BDAF9FC
S205002BDBFFF5
S205002BDC6390
S205002BDDFCF6
S205002BDE777A
S205002BDF0BE5
S205002BE013DC
S205002BE109E5
S205002BE207E6
S205002BE300EC
S205002BE433B8
S205002BE58466
S205002BE68762
S205002BE740A8
S205002BE89354
S205002BE98561
S205002BEA09DC
S205002BEB00E4
S205002BEC13D0
S205002BED05DD
S205002BEE04DD
S205002BEF00E0
S205002BF0EFF0
S205002BF100DE
S205002BF2409D
S205002BF3716B
S205002BF49348
S205002BF58555
S205002BF604D5
S205002BF700D8
S205002BF89344
S205002BF904D2
S205002BFA05D0
S205002BFB00D4
S205002BFCEFE4
S205002BFD00D2
S205002BFEC011
S205002BFF6D63
S205002C00933B
S205002C0107C6
S205002C0205C7
S205002C0300CB
S205002C049337
S205002C058544
S205002C0609BF
S205002C0700C7
S205002C0813B3
S205002C0905C0
S205002C0A04C0
S205002C0B00C3
S205002C0C13AF
S205002C0D843D
S205002C0E07B9
S205002C0F00BF
S205002C10EFCF
S205002C1100BD
S205002C12C0FC
S205002C137348
S205002C149327
S205002C1517A2
S205002C1605B3
S205002C1701B6
S205002C186353
S205002C19F6BF
S205002C1A872D
S205002C1B02B1
S205002C1C337F
S205002C1D872A
S205002C1E7739
S205002C1F01AE
S205002C20B3FB
S205002C213677
S205002C22F7B5
S205002C2300AB
S205002C241397
S205002C258623
S205002C26F4B4
S205002C27FFA8
S205002C289313
S205002C29079E
S205002C2A079D
S205002C2B00A3
S205002C2C633F
S205002C2D9A07
S205002C2E069A
S205002C2F009F
S205002C30633B
S205002C317825
S205002C328715
S205002C33009B
S205002C349307
S205002C358415
S205002C36E4B4
S205002C37FF98
S205002C38B3E3
S205002C39078E
S205002C3A771D
S205002C3B0192
S205002C3C6F23
S205002C3D0091
S205002C3E8010
S205002C3F008F
S205002C4093FB
S205002C410489
S205002C420686
S205002C43008B
S205002C441377
S205002C451970
S205002C46097F
S205002C470186
S205002C48B3D3
S205002C4987FE
S205002C4A87FD
S205002C4B4043
S205002C4C334F
S205002C4D6918
S205002C4E99E7
S205002C4F007F
S205002C50B3CB
S205002C513746
S205002C52F08C
S205002C53007B
S205002C540377
S205002C552C4D
S205002C5681F7
S205002C570176
S205002C583343
S205002C59690C
S205002C5AF97B
S205002C5B0073
S205002C5C6F03
S205002C5DF081
S205002C5E1F51
S205002C5FE58A
S205002C60135B
S205002C61DC91
S205002C621A52
S205002C63006B
S205002C6493D7
S205002C6585E4
S205002C66095F
S205002C670067
S205002C681353
S205002C690560
S205002C6A0C58
S205002C6B0063
S205002C6CEF73
S205002C6D0061
S205002C6E80E0
S205002C6F69F6
S205002C7093CB
S205002C7185D8
S205002C720458
S205002C73005B
S205002C741347
S205002C750950
S205002C760553
S205002C770057
S205002C7893C3
S205002C799ABB
S205002C7AFA5A
S205002C7B0152
S205002C7CEF63
S205002C7D0051
S205002C7EC090
S205002C7F65EA
S205002C80133B
S205002C810449
S205002C820547
S205002C83004B
S205002C8493B7
S205002C85DA6F
S205002C860A3E
S205002C870146
S205002C886FD7
S205002C89F055
S205002C8A5FE5
S205002C8BF350
S205002C8C132F
S205002C8D85BC
S205002C8E043C
S205002C8F003F
S205002C906FCF
S205002C91F04D
S205002C92DF5D
S205002C93E754
S205002C94E357
S205002C95F643
S205002C9687B1
S205002C97F443
S205002C981323
S205002C99092C
S205002C9AE94B
S205002C9BFF34
S205002C9CB37F
S205002C9D87AA
S205002C9E77B9
S205002C9F012E
S205002CA06FBF
S205002CA1F03D
S205002CA25FCD
S205002CA3F437
S205002CA41317
S205002CA51910
S205002CA669BF
S205002CA70027
S205002CA81313
S205002CA957CE
S205002CAA998B
S205002CAB0023
S205002CAC938F
S205002CAD071A
S205002CAE0020
S205002CAF001F
S205002CB06FAF
S205002CB1F02D
S205002CB21FFD
S205002CB3CC4F
S205002CB41307
S205002CB58594
S205002CB60414
S205002CB70017
S205002CB86FA7
S205002CB9F025
S205002CBADF35
S205002CBBDD36
S205002CBC13FF
S205002CBD0110
S205002CBE010F
S205002CBFFD12
S205002CC0937B
S205002CC157B6
S205002CC27597
S205002CC3010A
S205002CC423E7
S205002CC520E9
S205002CC621E7
S205002CC70304
S205002CC823E3
S205002CC92CD9
S205002CCA41C3
S205002CCB0102
S205002CCC23DF
S205002CCD26DB
S205002CCE11EF
S205002CCF02FD
S205002CD013EB
S205002CD11AE3
S205002CD29567
S205002CD300FB
S205002CD423D7
S205002CD524D5
S205002CD68177
S205002CD702F5
S205002CD823D3
S205002CD922D3
S205002CDA9163
S205002CDB02F1
S205002CDC23CF
S205002CDD2EC3
S205002CDE31BF
S205002CDF01EE
S205002CE023CB
S205002CE12AC3
S205002CE2519B
S205002CE301EA
S205002CE423C7
S205002CE528C1
S205002CE66187
S205002CE701E6
S205002CE89353
S205002CE9F7EE
S205002CEAF7ED
S205002CEB0FD4
S205002CEC13CF
S205002CED5A87
S205002CEE9A46
S205002CEF00DF
S205002CF013CB
S205002CF15984
S205002CF2F5E7
S205002CF301DA
S205002CF46377
S205002CF58653
S205002CF607D1
S205002CF726B1
S205002CF813C3
S205002CF907CE
S205002CFAF0E4
S205002CFB0FC4
S205002CFC636F
S205002CFD8C45
S205002CFEE7E9
S205002CFF18B7
S205002D0013BA
S205002D011AB2
S205002D023A91
S205002D0300CA
S205002D043792
S205002D0507C1
S205002D0600C7
S205002D0704C2
S205002D083392
S205002D096A5A
S205002D0AEAD9
S205002D0B00C2
S205002D0C932E
S205002D0D8937
S205002D0E17A8
S205002D0FF8C6
S205002D10932A
S205002D1104B8
S205002D1200BB
S205002D1300BA
S205002D1413A6
S205002D150BAD
S205002D1600B7
S205002D1700B6
S205002D189322
S205002D19D7DD
S205002D1A753E
S205002D1B01B1
S205002D1C931E
S205002D1D9A16
S205002D1E951A
S205002D1F00AE
S205002D20931A
S205002D21F7B5
S205002D22F7B4
S205002D230F9B
S205002D249316
S205002D25DACE
S205002D269A0D
S205002D2700A6
S205002D281392
S205002D29D4D0
S205002D2AF5AE
S205002D2B01A1
S205002D2C633E
S205002D2D8818
S205002D2E0798
S205002D2F1886
S205002D30138A
S205002D310795
S205002D32F0AB
S205002D330F8B
S205002D346336
S205002D358018
S205002D36E7B0
S205002D372076
S205002D389302
S205002D399AFA
S205002D3A3A59
S205002D3B0092
S205002D3C93FE
S205002D3D8709
S205002D3E1778
S205002D3FF896
S205002D403756
S205002D410785
S205002D42008B
S205002D430486
S205002D44B3D6
S205002D45EA9E
S205002D46EA9D
S205002D470086
S205002D48B3D2
S205002D4989FB
S205002D4AF98A
S205002D4B0082
S205002D4C93EE
S205002D4D067A
S205002D4E007F
S205002D4F007E
S205002D5093EA
S205002D510775
S205002D52A0DB
S205002D53007A
S205002D5493E6
S205002D5588F0
S205002D56195E
S205002D570076
S205002D586312
S205002D59CEA6
S205002D5A97DC
S205002D5B165C
S205002D5C333E
S205002D5D452B
S205002D5E89E6
S205002D5F006E
S205002D6093DA
S205002D610765
S205002D62204B
S205002D63006A
S205002D641356
S205002D650860
S205002D660562
S205002D670066
S205002D686302
S205002D69DE86
S205002D6A97CC
S205002D6B2042
S205002D6C134E
S205002D6D0759
S205002D6E104F
S205002D6F005E
S205002D70332A
S205002D711745
S205002D7297C4
S205002D73005A
S205002D7493C6
S205002D7577E1
S205002D760750
S205002D775303
S205002D7863F2
S205002D7990C4
S205002D7A074C
S205002D7B163C
S205002D7C93BE
S205002D7D77D9
S205002D7E0748
S205002D7F242A
S205002D8063EA
S205002D819EAE
S205002D820744
S205002D832822
S205002D841336
S205002D8577D1
S205002D8687C0
S205002D87083E
S205002D8863E2
S205002D891232
S205002D8A073C
S205002D8B281A
S205002D8CB78A
S205002D8D0E32
S205002D8E013E
S205002D8F003E
S205002D90132A
S205002D9187B5
S205002D92FE3D
S205002D93FF3B
S205002D94B386
S205002D9577C1
S205002D96EA4D
S205002D970036
S205002D983302
S205002D99F73D
S205002D9AEA49
S205002D9B0032
S205002D9C131E
S205002D9D5AD6
S205002D9E0A25
S205002D9F012D
S205002DA0939A
S205002DA1DA52
S205002DA20A21
S205002DA30129
S205002DA41316
S205002DA585A3
S205002DA60720
S205002DA70026
S205002DA89392
S205002DA9051F
S205002DAA071C
S205002DAB0022
S205002DACEF32
S205002DAD0020
S205002DAEC05F
S205002DAF52CC
S205002DB0130A
S205002DB10319
S205002DB20516
S205002DB3001A
S205002DB49386
S205002DB58593
S205002DB60A0D
S205002DB70016
S205002DB81302
S205002DB9858F
S205002DBA070C
S205002DBB0012
S205002DBCEF22
S205002DBD0010
S205002DBEC04F
S205002DBF51BD
S205002DC0937A
S205002DC10705
S205002DC20506
S205002DC3000A
S205002DC49376
S205002DC50503
S205002DC60700
S205002DC70006
S205002DC813F2
S205002DC905FF
S205002DCA0AF9
S205002DCB0002
S205002DCCEF12
S205002DCD0000
S205002DCEC03F
S205002DCF50AE
S205002DD013EA
S205002DD10EEE
S205002DD205F6
S205002DD300FA
S205002DD49366
S205002DD58573
S205002DD60AED
S205002DD700F6
S205002DD813E2
S205002DD905EF
S205002DDA0AE9
S205002DDB00F2
S205002DDCEF02
S205002DDD00F0
S205002DDEC02F
S205002DDF4F9F
S205002DE013DA
S205002DE15795
S205002DE203E8
S205002DE301E9
S205002DE4B336
S205002DE58761
S205002DE6C720
S205002DE701E5
S205002DE833B2
S205002DE907DD
S205002DEAF7EC
S205002DEB00E2
S205002DEC637E
S205002DED746C
S205002DEEC718
S205002DEF01DD
S205002DF033AA
S205002DF105D7
S205002DF2D506
S205002DF301D9
S205002DF4B722
S205002DF506D2
S205002DF601D6
S205002DF700D6
S205002DF89342
S205002DF9864E
S205002DFAF6DD
S205002DFBFFD3
S205002DFCB31E
S205002DFD7759
S205002DFED7F8
S205002DFF00CE
S205002E009339
S205002E019734
S205002E0207C3
S205002E0301C8
S205002E043395
S205002E057354
S205002E06D3F3
S205002E0700C5
S205002E08B311
S205002E09873C
S205002E0A675B
S205002E0B00C1
S205002E0C13AD
S205002E0D5768
S205002E0E07B7
S205002E0F01BC
S205002E1013A9
S205002E119A21
S205002E126753
S205002E1300B9
S205002E143385
S205002E1507B0
S205002E16A70F
S205002E1700B5
S205002E189321
S205002E19D7DC
S205002E1AA70B
S205002E1B01B0
S205002E1C139D
S205002E1D1798
S205002E1E6747
S205002E1F00AD
S205002E203379
S205002E213A71
S205002E22406A
S205002E2301A8
S205002E243375
S205002E256A3D
S205002E26FAAC
S205002E2700A5
S205002E289311
S205002E29178C
S205002E2A475B
S205002E2B00A1
S205002E2C336D
S205002E2D6A35
S205002E2E4757
S205002E2F019C
S205002E306339
S205002E31DAC1
S205002E320793
S205002E330099
S205002E349305
S205002E355740
S205002E361A7C
S205002E370095
S205002E381381
S205002E397A19
S205002E3A1A78
S205002E3B0091
S205002E3C335D
S205002E3DEAA5
S205002E3E4747
S205002E3F018C
S205002E4093F9
S205002E418902
S205002E420882
S205002E430089
S205002E4493F5
S205002E458700
S205002E46F98D
S205002E47077E
S205002E486321
S205002E495231
S205002E4AF092
S205002E4B1E63
S205002E4C136D
S205002E4D7708
S205002E4E7A04
S205002E4F007D
S205002E506319
S205002E510A71
S205002E520773
S205002E530079
S205002E541365
S205002E557700
S205002E56FA7C
S205002E570075
S205002E5893E1
S205002E59066D
S205002E5A4032
S205002E5B0071
S205002E5C630D
S205002E5D046B
S205002E5ED797
S205002E5F006D
S205002E601359
S205002E610A61
S205002E624A20
S205002E630069
S205002E641355
S205002E651750
S205002E664A1C
S205002E670065
S205002E686301
S205002E695A09
S205002E6A075B
S205002E6B0061
S205002E6CB7A9
S205002E6D0758
S205002E6E005E
S205002E6FF865
S205002E7093C9
S205002E7187D4
S205002E72F763
S205002E73FF5A
S205002E743325
S205002E757ADD
S205002E76FA5C
S205002E770055
S205002E7893C1
S205002E7987CC
S205002E7A0949
S205002E7B0849
S205002E7C133D
S205002E7D0748
S205002E7EE06E
S205002E7F0F3E
S205002E8063E9
S205002E814605
S205002E82F753
S205002E832227
S205002E841335
S205002E851730
S205002E866ADC
S205002E870045
S205002E881331
S205002E8957EC
S205002E8A97AB
S205002E8B0041
S205002E8C93AD
S205002E8DF748
S205002E8EF747
S205002E8F0F2E
S205002E906FCD
S205002E91003B
S205002E92C07A
S205002E930633
S205002E9463D5
S205002E951423
S205002E960A2C
S205002E97161F
S205002E9893A1
S205002E99D75C
S205002E9A75BD
S205002E9B0130
S205002E9C939D
S205002E9D9A95
S205002E9E9599
S205002E9F002D
S205002EA09399
S205002EA1F734
S205002EA2F733
S205002EA30F1A
S205002EA49395
S205002EA50423
S205002EA680A6
S205002EA70025
S205002EA89391
S205002EA9091A
S205002EAAF032
S205002EAB0F12
S205002EAC130D
S205002EAD0B14
S205002EAE20FE
S205002EAF001D
S205002EB09389
S205002EB1DA41
S205002EB29A80
S205002EB30019
S205002EB41305
S205002EB5D443
S205002EB6F521
S205002EB70114
S205002EB8E331
S205002EB99C77
S205002EBA070B
S205002EBBE62B
S205002EBC63AD
S205002EBD9877
S205002EBE0A04
S205002EBF10FD
S205002EC09379
S205002EC1E427
S205002EC214F6
S205002EC30009
S205002EC49375
S205002EC50700
S205002EC6A066
S205002EC70005
S205002EC89371
S205002EC906FD
S205002ECA10F2
S205002ECB0001
S205002ECC936D
S205002ECD8877
S205002ECE19E5
S205002ECF00FD
S205002ED0E319
S205002ED1D625
S205002ED29763
S205002ED3E811
S205002ED413E5
S205002ED505F2
S205002ED609ED
S205002ED700F5
S205002ED89361
S205002ED907EC
S205002EDA20D2
S205002EDB00F1
S205002EDC638D
S205002EDD0CE3
S205002EDEFBF3
S205002EDF08E5
S205002EE09359
S205002EE107E4
S205002EE230BA
S205002EE300E9
S205002EE46385
S205002EE50CDB
S205002EE6FBEB
S205002EE712D3
S205002EE89351
S205002EE907DC
S205002EEA10D2
S205002EEB00E1
S205002EEC13CD
S205002EED08D7
S205002EEE05D9
S205002EEF00DD
S205002EF06379
S205002EF11AC1
S205002EF2FBDF
S205002EF31ABF
S205002EF49345
S205002EF507D0
S205002EF600D6
S205002EF700D5
S205002EF813C1
S205002EF907CC
S205002EFA00D2
S205002EFB00D1
S205002EFC834D
S205002EFD20AF
S205002EFEC10D
S205002EFF02CB
S205002F0003C8
S205002F0124A6
S205002F028148
S205002F0302C6
S205002F0413B4
S205002F059531
S205002F06774E
S205002F0701C3
S205002F083390
S205002F09655D
S205002F0AE5DC
S205002F0B00C0
S205002F0C932C
S205002F0D17A7
S205002F0EF8C5
S205002F0F01BB
S205002F108338
S205002F112496
S205002F124178
S205002F1302B6
S205002F1403B4
S205002F15298D
S205002F1601B4
S205002F1702B2
S205002F188330
S205002F192989
S205002F1AC1F0
S205002F1B01AF
S205002F1C03AC
S205002F1D2A84
S205002F1E812C
S205002F1F01AB
S205002F208328
S205002F212A80
S205002F224168
S205002F2301A7
S205002F2403A4
S205002F252B7B
S205002F2601A4
S205002F2701A3
S205002F283370
S205002F29653D
S205002F2AF5AC
S205002F2B00A0
S205002F2C138C
S205002F2D019D
S205002F2E019C
S205002F2F0399
S205002F306734
S205002F31801A
S205002F320099
S205002F330098
S205002F341384
S205002F35870F
S205002F36F99C
S205002F370F85
S205002F386330
S205002F398A08
S205002F3A0A87
S205002F3B0A86
S205002F3C93FC
S205002F3DE4AA
S205002F3E3459
S205002F3F008C
S205002F4093F8
S205002F410684
S205002F42A0E9
S205002F430088
S205002F4493F4
S205002F4588FE
S205002F46097C
S205002F471074
S205002F486320
S205002F49C0C2
S205002F4A96EB
S205002F4B146C
S205002F4C334C
S205002F4D4836
S205002F4E89F4
S205002F4F007C
S205002F501368
S205002F510575
S205002F520871
S205002F530078
S205002F5493E4
S205002F55096D
S205002F56076E
S205002F570074
S205002F5893E0
S205002F59066C
S205002F5A3041
S205002F5B0070
S205002F5C6F00
S205002F5DF07E
S205002F5E1F4E
S205002F5FE18B
S205002F606308
S205002F61105A
S205002F620A5F
S205002F630464
S205002F6493D4
S205002F650462
S205002F664025
S205002F670064
S205002F6893D0
S205002F690959
S205002F6A0061
S205002F6B0060
S205002F6C134C
S205002F6D0B53
S205002F6E104D
S205002F6F005C
S205002F706FEC
S205002F71F06A
S205002F729FBA
S205002F73DA7E
S205002F741344
S205002F75084E
S205002F760550
S205002F770054
S205002F7893C0
S205002F79074B
S205002F7AF061
S205002F7B0F41
S205002F7C133C
S205002F7D0747
S205002F7E004D
S205002F7F004C
S205002F806FDC
S205002F81F05A
S205002F82DF6A
S205002F83F751
S205002F8493B4
S205002F8584C2
S205002F86F451
S205002F87FF45
S205002F881330
S205002F89073B
S205002F8A1031
S205002F8B0040
S205002F8CE35C
S205002F8D60DE
S205002F8E97A6
S205002F8FE05C
S205002F90E358
S205002F9182B8
S205002F92F643
S205002F93FE3A
S205002F941324
S205002F958AAC
S205002F960A2B
S205002F970034
S205002F981320
S205002F998BA7
S205002F9A062B
S205002F9B0030
S205002F9C6FC0
S205002F9DF03E
S205002F9EDF4E
S205002F9FF438
S205002FA01318
S205002FA10525
S205002FA20A1F
S205002FA30028
S205002FA42304
S205002FA52600
S205002FA6B174
S205002FA70024
S205002FA8EF34
S205002FA90022
S205002FAA80A1
S205002FAB40E0
S205002FAC938C
S205002FAD0717
S205002FAEB568
S205002FAFFF1D
S205002FB033E8
S205002FB11A00
S205002FB2FA1F
S205002FB30018
S205002FB49384
S205002FB5070F
S205002FB6A075
S205002FB7F81C
S205002FB88390
S205002FB925ED
S205002FBAC150
S205002FBB0010
S205002FBCB35C
S205002FBD8985
S205002FBEA766
S205002FBF40CC
S205002FC09378
S205002FC10406
S205002FC20009
S205002FC30008
S205002FC413F4
S205002FC50BFB
S205002FC60005
S205002FC70004
S205002FC86F94
S205002FC9F012
S205002FCA1FE2
S205002FCBD52B
S205002FCC13EC
S205002FCD8579
S205002FCE0AF3
S205002FCF00FC
S205002FD0EF0C
S205002FD100FA
S205002FD200F9
S205002FD33EBA
S205002FD49364
S205002FD507EF
S205002FD6B540
S205002FD7FFF5
S205002FD833C0
S205002FD9856D
S205002FDAA948
S205002FDB40B0
S205002FDCB33C
S205002FDD9A54
S205002FDEFAF3
S205002FDF00EC
S205002FE09358
S205002FE109E1
S205002FE2A544
S205002FE3F8F0
S205002FE49354
S205002FE506E0
S205002FE600E5
S205002FE700E4
S205002FE86F74
S205002FE9F0F2
S205002FEA9F42
S205002FEBD60A
S205002FEC934C
S205002FEDE4FA
S205002FEE24B9
S205002FEF00DC
S205002FF09348
S205002FF109D1
S205002FF207D2
S205002FF300D8
S205002FF49344
S205002FF506D0
S205002FF620B5
S205002FF700D4
S205002FF86F64
S205002FF9F0E2
S205002FFA9F32
S205002FFBD5FB
S205002FFC933C
S205002FFD04CA
S205002FFEC00D
S205002FFF00CC
S2050030009337
S20500300109C0
S205003002F0D8
S2050030030FB8
S20500300413B3
S2050030050BBA
S2050030063094
S20500300700C3
S2050030086F53
S205003009F0D1
S20500300A1FA1
S20500300BD1EE
S20500300C13AB
S20500300D8A33
S20500300E0AB2
S20500300F00BB
S20500301013A7
S2050030118B2E
S20500301206B2
S20500301300B7
S20500301413A3
S20500301505B0
S20500301604B0
S20500301700B3
S2050030186F43
S205003019F0C1
S20500301A1F91
S20500301BECC3
S20500301C139B
S20500301D08A5
S20500301E00AC
S20500301F00AB
S2050030209317
S20500302107A2
S205003022F0B8
S2050030230F98
S205003024376F
S205003025079E
S2050030264064
S20500302700A3
S2050030286F33
S205003029F0B1
S20500302A5F41
S20500302BEDB2
S20500302C930B
S20500302D0697
S20500302E108C
S20500302F009B
S2050030306337
S2050030318C0D
S2050030320791
S2050030330097
S205003034B3E3
S205003035860F
S205003036F69E
S2050030374053
S205003038137F
S205003039068B
S20500303AB0E0
S20500303B018E
S20500303C93FB
S20500303D0786
S20500303E008C
S20500303F008B
S2050030401377
S2050030410782
S2050030420088
S2050030430087
S205003044E3A3
S2050030454C39
S205003046D6AE
S205003047EA99
S205003048136F
S20500304987FA
S20500304AE997
S20500304B0976
S20500304C334B
S20500304D1766
S20500304EEA92
S20500304F007B
S2050030503347
S2050030513742
S205003052E098
S2050030530077
S205003054B3C3
S205003055571E
S205003056DA9A
S2050030570073
S205003058B3BF
S205003059E78A
S20500305AE789
S20500305B006F
S20500305C135B
S20500305DF776
S20500305E77F5
S20500305F006B
S2050030606307
S2050030610A5F
S2050030620761
S2050030630067
S2050030641353
S205003065F76E
S205003066F76D
S2050030670063
S20500306893CF
S205003069065B
S20500306A4020
S20500306B005F
S20500306C63FB
S20500306D0459
S20500306ED785
S20500306F005B
S20500307093C7
S20500307187D2
S2050030724711
S2050030730057
S2050030741343
S20500307597BE
S20500307657FD
S2050030770053
S20500307863EF
S2050030795001
S20500307A0749
S20500307B044B
S20500307C93BB
S20500307D0746
S20500307E103C
S20500307F004B
S2050030801337
S2050030810742
S2050030820048
S2050030830047
S2050030846FD7
S205003085F055
S2050030869FA5
S205003087E75C
S20500308893AF
S205003089063B
S20500308AF050
S20500308B003F
S20500308C132B
S20500308D0835
S20500308E003C
S20500308F003B
S2050030903703
S2050030910732
S20500309240F8
S2050030930037
S2050030941323
S2050030958AAB
S2050030960A2A
S2050030970033
S205003098131F
S2050030990B26
S20500309A3000
S20500309B002F
S20500309CE34B
S20500309D80AD
S20500309ED458
S20500309FE645
S2050030A06FBB
S2050030A1F039
S2050030A25FC9
S2050030A3F730
S2050030A49393
S2050030A5899C
S2050030A6081C
S2050030A70023
S2050030A86FB3
S2050030A9F031
S2050030AADF41
S2050030ABD946
S2050030AC938B
S2050030AD0716
S2050030AEF02C
S2050030AF0F0C
S2050030B01307
S2050030B10712
S2050030B20018
S2050030B30017
S2050030B46FA7
S2050030B5F025
S2050030B69F75
S2050030B7E42F
S2050030B8937F
S2050030B9977A
S2050030BA67A9
S2050030BB000F
S2050030BC13FB
S2050030BDD736
S2050030BE9775
S2050030BF000B
S2050030C09377
S2050030C10702
S2050030C20008
S2050030C30007
S2050030C46F97
S2050030C5F015
S2050030C69F65
S2050030C7E320
S2050030C813EF
S2050030C90100
S2050030CA01FF
S2050030CBFF00
S2050030CC23DB
S2050030CD26D7
S2050030CE11EB
S2050030CF00FB
S2050030D023D7
S2050030D124D5
S2050030D28177
S2050030D300F7
S2050030D423D3
S2050030D522D3
S2050030D69163
S2050030D700F3
S2050030D8638F
S2050030D908E9
S2050030DA05EB
S2050030DB04EB
S2050030DC13DB
S2050030DD5796
S2050030DEF5F7
S2050030DF41AA
S2050030E033B7
S2050030E144A5
S2050030E2A741
S2050030E300E7
S2050030E433B3
S2050030E504E1
S2050030E6E400
S2050030E740A3
S2050030E8934F
S2050030E907DA
S2050030EA05DB
S2050030EB00DF
S2050030EC13CB
S2050030ED05D8
S2050030EE04D8
S2050030EF00DB
S2050030F09347
S2050030F1D405
S2050030F2F7E1
S2050030F301D6
S2050030F4EFE7
S2050030F500D5
S2050030F6C014
S2050030F72BA8
S2050030F8933F
S2050030F907CA
S2050030FAE0F0
S2050030FB09C6
S2050030FCB31B
S2050030FD8746
S2050030FEA725
S2050030FF408B
S20500310013B6
S20500310107C1
S2050031026067
S20500310309BD
S2050031046362
S2050031054A7A
S205003106F7CC
S20500310704BE
S20500310813AE
S20500310907B9
S20500310A803F
S20500310B00BE
S20500310C635A
S20500310D02BA
S20500310EE5D6
S20500310F0CAE
S20500311013A6
S20500311105B3
S2050031128532
S205003113FFB7
S2050031143382
S20500311514A0
S205003116A40F
S20500311700B2
S205003118139E
S205003119149C
S20500311A941B
S20500311B00AE
S20500311C139A
S20500311D5458
S20500311E9417
S20500311F00AA
S2050031209316
S205003121F7B1
S205003122F7B0
S2050031230F97
S2050031246F36
S20500312500A4
S20500312600A3
S20500312701A1
S205003128930E
S205003129049C
S20500312A009F
S20500312B009E
S20500312C930A
S20500312D0795
S20500312E009B
S20500312F009A
S2050031301386
S2050031310494
S2050031320097
S2050031330096
S2050031349302
S20500313597FD
S205003136771C
S2050031370191
S205003138830E
S2050031392070
S20500313AC1CE
S20500313B008E
S20500313CB3DA
S20500313DE7A5
S20500313E8704
S20500313F008A
S2050031400386
S2050031412464
S2050031428106
S2050031430086
S2050031441372
S20500314595EF
S205003146F48F
S2050031470181
S205003148334E
S205003149E59B
S20500314AA7D8
S20500314B007E
S20500314C83FA
S20500314D2458
S20500314E413A
S20500314F007A
S2050031501366
S2050031510177
S2050031520176
S2050031530175
S205003154670E
S20500315580F4
S2050031560073
S2050031570072
S205003158135E
S2050031590769
S20500315A90DF
S20500315B0965
S20500315C630A
S20500315D4A22
S20500315EF774
S20500315F0466
S2050031601356
S2050031610761
S205003162B5B2
S205003163FF67
S2050031643332
S205003165174D
S205003166E47F
S2050031670062
S205003168B7AA
S205003169065A
S20500316A005F
S20500316BFC62
S20500316C93CA
S20500316D86D6
S20500316EF665
S20500316FFF5B
S2050031701346
S20500317176E2
S20500317277E0
S2050031730056
S2050031743322
S20500317574E0
S205003176D77C
S2050031770052
S20500317863EE
S205003179044C
S20500317A0649
S20500317B024C
S20500317C133A
S20500317D77D5
S20500317EF754
S20500317F004A
S2050031801336
S2050031810642
S2050031824007
S2050031830046
S20500318463E2
S2050031850E36
S205003186C77C
S2050031870042
S205003188132E
S205003189043C
S20500318A44FB
S20500318B003E
S20500318C132A
S20500318D1725
S20500318E54E7
S20500318F003A
S20500319063D6
S20500319158E0
S2050031920730
S2050031930036
S20500319493A2
S205003195072D
S205003196F043
S2050031970929
S20500319833FE
S20500319974BC
S20500319AD45B
S20500319B002E
S20500319CB37A
S20500319D87A5
S20500319EA784
S20500319F40EA
S2050031A01316
S2050031A11414
S2050031A264C3
S2050031A30026
S2050031A41312
S2050031A554D0
S2050031A6948F
S2050031A70022
S2050031A8938E
S2050031A9F729
S2050031AAF728
S2050031AB0F0F
S2050031AC6FAE
S2050031ADF02C
S2050031AE9F7C
S2050031AFF822
S2050031B01306
S2050031B10711
S2050031B2B562
S2050031B30115
S2050031B49382
S2050031B5060E
S2050031B650C3
S2050031B70012
S2050031B833DE
S2050031B917F9
S2050031BAE42B
S2050031BB000E
S2050031BCB35A
S2050031BD8686
S2050031BEA665
S2050031BF40CA
S2050031C033D6
S2050031C154B4
S2050031C2D433
S2050031C30006
S2050031C433D2
S2050031C537CD
S2050031C6E023
S2050031C70002
S2050031C833CE
S2050031C96799
S2050031CAE41B
S2050031CB00FE
S2050031CC6F8E
S2050031CDF00C
S2050031CEDF1C
S2050031CFF901
S2050031D013E6
S2050031D114E4
S2050031D29463
S2050031D300F6
S2050031D413E2
S2050031D554A0
S2050031D6945F
S2050031D700F2
S2050031D8935E
S2050031D907E9
S2050031DA608F
S2050031DB09E5
S2050031DC6F7E
S2050031DDF0FC
S2050031DE9F4C
S2050031DFF5F5
S2050031E09356
S2050031E15791
S2050031E27572
S2050031E301E5
S2050031E49352
S2050031E5F7ED
S2050031E6F7EC
S2050031E70FD3
S2050031E813CE
S2050031E901DF
S2050031EA01DE
S2050031EBFFDF
S2050031EC13CA
S2050031ED8755
S2050031EE17C4
S2050031EF00DA
S2050031F023B6
S2050031F124B4
S2050031F28156
S2050031F300D6
S2050031F423B2
S2050031F522B2
S2050031F69142
S2050031F700D2
S2050031F823AE
S2050031F926AA
S2050031FA11BE
S2050031FB00CE
S2050031FC933A
S2050031FD14B8
S2050031FE9536
S2050031FF00CA
S20500320013B5
S2050032017750
S205003202E7DF
S2050032030FB6
S2050032049331
S205003205D4EF
S205003206942E
S20500320700C1
S20500320813AD
S205003209546B
S20500320AF5C9
S20500320B01BC
S20500320C6359
S20500320D0EAD
S20500320E07B3
S20500320F02B7
S20500321013A5
S205003211D7E0
S2050032123482
S20500321300B5
S2050032149321
S205003215872C
S20500321607AB
S2050032173879
S205003218931D
S205003219941B
S20500321AD4DA
S20500321B01AC
S20500321C1399
S20500321D1596
S20500321EF4B6
S20500321F01A8
S2050032208325
S2050032212087
S205003222C1E5
S20500322300A5
S20500322403A1
S205003225247F
S2050032268121
S20500322700A1
S205003228930D
S2050032299708
S20500322A4757
S20500322B019C
S20500322CB3E9
S20500322DE7B4
S20500322EE7B3
S20500322F0099
S205003230B3E5
S205003231E7B0
S205003232A7EF
S2050032330095
S2050032349301
S205003235850E
S205003236078B
S2050032370091
S205003238137D
S205003239850A
S20500323A048A
S20500323B008D
S20500323C8309
S20500323D2467
S20500323E4149
S20500323F0089
S2050032401375
S2050032410186
S2050032420185
S2050032430184
S205003244671D
S2050032458003
S2050032460082
S2050032470081
S205003248631D
S20500324992ED
S20500324A0777
S20500324B0479
S20500324C6319
S20500324D82F9
S20500324E0476
S20500324F0673
S2050032501365
S20500325185F2
S2050032520472
S2050032530075
S205003254EF85
S2050032550073
S205003256C0B2
S205003257155C
S20500325893DD
S2050032590768
S20500325AA0CE
S20500325B006D
S20500325C6309
S20500325DC6A5
S20500325EA7C3
S20500325F0663
S2050032601355
S2050032610760
S205003262B0B6
S2050032630065
S2050032643331
S205003265075C
S205003266A7BB
S2050032674021
S20500326893CD
S2050032690758
S20500326A5509
S20500326B015C
S20500326C3329
S20500326DD784
S20500326EE476
S20500326F0059
S205003270B3A5
S20500327194C3
S205003272F462
S2050032730055
S20500327493C1
S205003275074C
S20500327690C2
S2050032773819
S205003278133D
S2050032791738
S20500327AC787
S20500327B004D
S20500327CB399
S20500327D87C4
S20500327EA7A3
S20500327F4009
S2050032801335
S20500328157F0
S205003282C77F
S2050032830045
S20500328493B1
S205003285F74C
S205003286F74B
S2050032877FC2
S2050032886FD1
S205003289F04F
S20500328A5FDF
S20500328BF944
S20500328C63D9
S20500328D88B3
S20500328E0436
S20500328F0237
S2050032901325
S205003291D760
S2050032923402
S2050032930035
S205003294B77D
S205003295072C
S205003296082A
S2050032970031
S20500329833FD
S20500329967C8
S20500329AF737
S20500329B002D
S20500329C1319
S20500329D1714
S20500329EC763
S20500329F0029
S2050032A09395
S2050032A19493
S2050032A2D452
S2050032A30124
S2050032A41311
S2050032A557CC
S2050032A6C75B
S2050032A70021
S2050032A8938D
S2050032A90718
S2050032AAF02E
S2050032AB7F9E
S2050032AC6FAD
S2050032ADF02B
S2050032AE1FFB
S2050032AFF722
S2050032B09385
S2050032B10710
S2050032B20016
S2050032B30015
S2050032B41301
S2050032B5070C
S2050032B60012
S2050032B70011
S2050032B86FA1
S2050032B9F01F
S2050032BA5FAF
S2050032BBF617
S2050032BC9379
S2050032BD0704
S2050032BEF01A
S2050032BF7F8A
S2050032C013F5
S2050032C10700
S2050032C20006
S2050032C30005
S2050032C46F95
S2050032C5F013
S2050032C69F63
S2050032C7F50C
S2050032C813ED
S2050032C907F8
S2050032CA55A9
S2050032CBFFFE
S2050032CC33C9
S2050032CD9764
S2050032CEE416
S2050032CF00F9
S2050032D09365
S2050032D104F3
S2050032D200F6
S2050032D300F5
S2050032D46F85
S2050032D5F003
S2050032D61FD3
S2050032D7FAF7
S2050032D813DD
S2050032D906E9
S2050032DA05E9
S2050032DB00ED
S2050032DC13D9
S2050032DD05E6
S2050032DE00EA
S2050032DF00E9
S2050032E09355
S2050032E1F6F1
S2050032E215D1
S2050032E300E5
S2050032E46381
S2050032E5845F
S2050032E606DC
S2050032E700E1
S2050032E833AD
S2050032E905DA
S2050032EAC519
S2050032EB00DD
S2050032EC9349
S2050032EDD506
S2050032EE15C5
S2050032EF00D9
S2050032F013C5
S2050032F116C1
S2050032F216C0
S2050032F300D5
S2050032F4E3F1
S2050032F5963D
S2050032F605CD
S2050032F7FED3
S2050032F86769
S2050032F9804F
S2050032FA00CE
S2050032FB00CD
S2050032FC6369
S2050032FD408B
S2050032FE05C5
S2050032FF06C3
S2050033006364
S205003301C600
S20500330205C0
S20500330306BE
S20500330413B0
S205003305863C
S20500330605BC
S20500330700C0
S205003308932C
S20500330905B9
S20500330A05B8
S20500330B00BC
S20500330C13A8
S20500330D05B5
S20500330EF0C9
S20500330FFFB9
S2050033106354
S2050033110CAA
S20500331206AF
S20500331302B2
S2050033149320
S20500331506AC
S20500331610A1
S20500331700B0
S205003318634C
S2050033197A34
S20500331AB6F7
S20500331B00AC
S20500331C6348
S20500331D5852
S20500331EC0E9
S20500331F00A8
S2050033201394
S2050033211690
S205003322168F
S20500332300A4
S2050033249310
S205003325960C
S205003326168B
S20500332700A0
S205003328E3BC
S2050033296A34
S20500332AB6E7
S20500332BFE9E
S20500332C1388
S20500332D0595
S20500332E0099
S20500332F0098
S2050033306334
S205003331E6B0
S205003332C5D0
S2050033330094
S205003334B3E0
S205003335850D
S205003336C5CC
S2050033374050
S205003338335C
S2050033396529
S20500333AD5B8
S20500333B008C
S20500333C93F8
S20500333DD6B4
S20500333E1673
S20500333F0088
S2050033401374
S2050033415630
S205003342166F
S2050033430084
S205003344E3A0
S20500334596EC
S205003346067B
S205003347FE82
S2050033486718
S20500334980FE
S20500334A007D
S20500334B007C
S20500334C93E8
S20500334D82F8
S20500334E0079
S20500334F0078
S205003350EF88
S205003351F086
S2050033525F16
S205003353FB79
S2050033541360
S20500335585ED
S205003356056C
S2050033570070
S2050033586708
S20500335980EE
S20500335A026B
S20500335B006C
S20500335C3338
S20500335D0565
S20500335EA0C9
S20500335F4028
S2050033606304
S205003361481E
S205003362B0B5
S2050033630064
S205003364B3B0
S205003365055D
S205003366B0B1
S2050033674020
S2050033686FF0
S205003369F06E
S20500336ADF7E
S20500336BF963
S20500336CB3A8
S20500336D0555
S20500336EB0A9
S20500336F4018
S20500337093C4
S20500337182D4
S2050033720055
S2050033730054
S205003374EF64
S205003375F062
S2050033761F32
S205003377F957
S205003378331C
S2050033790549
S20500337AA0AD
S20500337B400C
S20500337C67E4
S20500337D80CA
S20500337E0247
S20500337F0048
S20500338093B4
S20500338182C4
S2050033820045
S2050033830044
S20500338463E0
S205003385CA78
S205003386053C
S2050033870040
S20500338863DC
S2050033894CF2
S20500338A0538
S20500338B003C
S20500338CEF4C
S20500338DF04A
S20500338E9F9A
S20500338FF741
S2050033901324
S20500339185B1
S2050033920530
S2050033930034
S20500339467CC
S20500339580B2
S205003396022F
S2050033970030
S205003398B37C
S2050033990529
S20500339AB07D
S20500339B40EC
S20500339CE348
S20500339D58D2
S20500339E0524
S20500339FFE2A
S2050033A033F4
S2050033A10521
S2050033A2A085
S2050033A340E4
S2050033A4EF34
S2050033A5F032
S2050033A61F02
S2050033A7F62A
S2050033A833EC
S2050033A90519
S2050033AAB06D
S2050033AB40DC
S2050033AC67B4
S2050033AD809A
S2050033AE0217
S2050033AF0018
S2050033B0B760
S2050033B1070F
S2050033B20114
S2050033B30014
S2050033B463B0
S2050033B57A98
S2050033B6F51C
S2050033B7020E
S2050033B813FC
S2050033B937D7
S2050033BA0508
S2050033BB10FC
S2050033BC13F8
S2050033BD37D3
S2050033BE17F2
S2050033BF0008
S2050033C013F4
S2050033C117EF
S2050033C237CE
S2050033C30004
S2050033C4B74C
S2050033C507FB
S2050033C610F1
S2050033C70000
S2050033C833CC
S2050033C955A9
S2050033CAE518
S2050033CB00FC
S2050033CC9368
S2050033CD8773
S2050033CE8772
S2050033CF0EEA
S2050033D0B344
S2050033D1876F
S2050033D2A74E
S2050033D300F4
S2050033D403F0
S2050033D5C52D
S2050033D607EA
S2050033D700F0
S2050033D8935C
S2050033D906E8
S2050033DA00ED
S2050033DB02EA
S2050033DCB338
S2050033DD8664
S2050033DEE603
S2050033DF40A8
S2050033E033B4
S2050033E18561
S2050033E2A63F
S2050033E340A4
S2050033E4677C
S2050033E58062
S2050033E600E1
S2050033E700E0
S2050033E8B728
S2050033E907D7
S2050033EA00DD
S2050033EB01DB
S2050033EC6378
S2050033ED7466
S2050033EEF5E4
S2050033EF02D6
S2050033F013C4
S2050033F107CF
S2050033F200D5
S2050033F301D3
S2050033F4B71C
S2050033F507CB
S2050033F610C1
S2050033F700D0
S2050033F8339C
S2050033F95579
S2050033FAE5E8
S2050033FB00CC
S2050033FC9338
S2050033FD8743
S2050033FE8742
S2050033FF0EBA
S205003400B313
S205003401873E
S205003402A71D
S20500340300C3
S20500340403BF
S205003405C5FC
S20500340607B9
S20500340700BF
S205003408932B
S20500340906B7
S20500340A00BC
S20500340B01BA
S20500340C3387
S20500340D8534
S20500340EA612
S20500340F4077
S205003410674F
S2050034118035
S20500341200B4
S20500341300B3
S205003414139F
S20500341507AA
S2050034168030
S20500341701AE
S205003418B7F7
S20500341907A6
S20500341A109C
S20500341B00AB
S20500341C3377
S20500341D5554
S20500341EE5C3
S20500341F00A7
S2050034209313
S205003421871E
S205003422871D
S2050034230E95
S205003424B3EF
S205003425871A
S205003426A7F9
S205003427009F
S205003428039B
S205003429C5D8
S20500342A0795
S20500342B009B
S20500342C9307
S20500342D0693
S20500342E8018
S20500342F0097
S2050034303363
S2050034318510
S205003432A6EE
S2050034334053
S205003434672B
S2050034358011
S2050034360090
S205003437008F
S205003438137B
S205003439018C
S20500343A018B
S20500343BFF8C
S20500343C2367
S20500343D2465
S20500343E8107
S20500343F0087
S2050034402363
S2050034412065
S2050034422163
S2050034430182
S20500344497EB
S205003445D7AA
S2050034460F71
S205003447007F
S20500344893EB
S20500344987F6
S20500344AC7B5
S20500344BBBC0
S20500344C1763
S20500344DD4A5
S20500344E0F69
S20500344F0077
S2050034501363
S2050034510471
S2050034524430
S205003453BBB8
S205003454234F
S205003455264B
S205003456115F
S205003457006F
S205003458234B
S205003459224B
S20500345A91DB
S20500345B006B
S20500345C3337
S20500345D89E0
S20500345E87E1
S20500345F4027
S2050034606303
S20500346180E5
S20500346287DD
S2050034630261
S205003464134F
S2050034655908
S2050034662937
S205003467401F
S20500346893CB
S2050034690459
S20500346A005C
S20500346B005B
S20500346C83D7
S20500346D2732
S20500346E0454
S20500346F0057
S20500347093C3
S20500347184D1
S2050034721440
S2050034730053
S205003474133F
S205003475044D
S205003476440C
S205003477004F
S205003478E767
S20500347980CD
S20500347A0745
S20500347B004B
S20500347CE367
S20500347DE861
S20500347E2424
S20500347FFF48
S20500348097AF
S205003481D76E
S2050034820F35
S2050034830043
S20500348493AF
S20500348587BA
S2050034860739
S205003487B887
S2050034881727
S205003489D469
S20500348A0F2D
S20500348B003B
S20500348C1327
S20500348D0435
S20500348E84B4
S20500348FB780
S2050034903303
S20500349189AC
S20500349287AD
S20500349340F3
S205003494131F
S20500349559D8
S2050034962907
S20500349740EF
S20500349863CB
S2050034998E9F
S20500349A87A5
S20500349B002B
S20500349C9397
S20500349D0425
S20500349E0028
S20500349F0027
S2050034A083A3
S2050034A127FE
S2050034A20420
S2050034A30023
S2050034A4938F
S2050034A5849D
S2050034A6140C
S2050034A7001F
S2050034A8130B
S2050034A90419
S2050034AA44D8
S2050034AB001B
S2050034ACE733
S2050034AD8099
S2050034AE0711
S2050034AF0017
S2050034B0E333
S2050034B1E82D
S2050034B224F0
S2050034B3FF14
S2050034B4838F
S2050034B520F1
S2050034B6C14F
S2050034B7000F
S2050034B8030B
S2050034B924E9
S2050034BA818B
S2050034BB000B
S2050034BC8387
S2050034BD24E5
S2050034BE41C7
S2050034BF0007
S2050034C00303
S2050034C129DC
S2050034C20103
S2050034C30003
S2050034C413EF
S2050034C50100
S2050034C601FF
S2050034C701FE
S2050034C86797
S2050034C9807D
S2050034CA00FC
S2050034CB00FB
S2050034CC6397
S2050034CDF603
S2050034CEA553
S2050034CF02F5
S2050034D033C3
S2050034D1876E
S2050034D2C52F
S2050034D300F3
S2050034D4638F
S2050034D5727F
S2050034D6E50B
S2050034D702ED
S2050034D8B33B
S2050034D907E6
S2050034DAC527
S2050034DB00EB
S2050034DC6387
S2050034DD06E3
S2050034DE06E2
S2050034DF04E3
S2050034E08363
S2050034E1469F
S2050034E2F7ED
S2050034E3FFE4
S2050034E4934F
S2050034E5875A
S2050034E6F7E9
S2050034E7FFE0
S2050034E813CB
S2050034E907D6
S2050034EAF7E5
S2050034EBFFDC
S2050034EC23B7
S2050034ED8059
S2050034EED701
S2050034EF00D7
S2050034F0E3F3
S2050034F118BD
S2050034F2F5DF
S2050034F3FED5
S2050034F4676B
S2050034F58051
S2050034F600D0
S2050034F700CF
S2050034F8933B
S2050034F907C6
S2050034FAF0DC
S2050034FB00CB
S2050034FC6367
S2050034FDE8E1
S2050034FEC701
S2050034FF02C5
S2050035009332
S20500350107BD
S20500350205BE
S20500350300C2
S205003504932E
S20500350506BA
S205003506F6C9
S205003507FFBF
S205003508635A
S20500350902BA
S20500350A06B5
S20500350B0CAE
S20500350C9326
S20500350D8632
S20500350E16A1
S20500350F00B6
S205003510B302
S205003511862E
S205003512D7DC
S20500351300B2
S20500351403AE
S205003515C7E9
S20500351605AA
S20500351700AE
S205003518931A
S2050035198725
S20500351A1794
S20500351B00AA
S20500351C9316
S20500351D8523
S20500351E1592
S20500351F00A6
S205003520A302
S2050035218F15
S205003522E7BC
S205003523FEA4
S205003524E3BE
S2050035259808
S205003526D7C8
S205003527FEA0
S2050035286736
S205003529801C
S20500352A009B
S20500352B009A
S20500352CB3E6
S20500352D6731
S20500352EB5E2
S20500352F0096
S2050035309302
S205003531F79D
S205003532375C
S2050035330092
S205003534632E
S20500353596FA
S2050035360788
S2050035370886
S20500353893FA
S2050035390884
S20500353A0685
S20500353BFF8B
S20500353C93F6
S20500353DF890
S20500353E087F
S20500353FFF87
S20500354093F2
S20500354188FC
S205003542087B
S2050035430181
S205003544B3CE
S205003545067A
S205003546156A
S205003547017D
S205003548136A
S20500354987F5
S20500354A0576
S20500354B007A
S20500354C93E6
S20500354D0771
S20500354E0572
S20500354F0076
S2050035500372
S205003551284C
S205003552076C
S2050035530072
S205003554135E
S2050035550769
S2050035560768
S205003557016D
S20500355893DA
S20500355987E5
S20500355A0764
S20500355B0169
S20500355C2346
S20500355DA8C0
S20500355E0760
S20500355FFF67
S2050035600362
S205003561283C
S205003562471C
S205003563FF63
S205003564233E
S205003565AAB6
S2050035660758
S205003567FF5F
S205003568035A
S2050035692834
S20500356A87D4
S20500356BFF5B
S20500356C2336
S20500356DACAC
S20500356E0750
S20500356FFF57
S2050035700352
S205003571282C
S205003572C78C
S205003573FF53
S205003574232E
S205003575AEA2
S2050035760748
S205003577FF4F
S205003578E36A
S2050035799CB0
S20500357AD774
S20500357BFC4E
S20500357C1336
S20500357D78D0
S20500357EC681
S20500357F0046
S205003580B392
S20500358185BF
S205003582152E
S2050035830141
S205003584132E
S20500358577C9
S205003586F649
S205003587003E
S20500358863DA
S2050035890438
S20500358A0833
S20500358B0436
S20500358C1326
S20500358D0830
S20500358EC770
S20500358FFF37
S2050035901322
S20500359178BC
S205003592C86B
S205003593FF33
S205003594131E
S2050035950828
S20500359648E7
S205003597002E
S205003598B37A
S20500359987A5
S20500359A0625
S20500359B0129
S20500359C1316
S20500359D87A1
S20500359E0522
S20500359F0026
S2050035A083A2
S2050035A128FC
S2050035A2071C
S2050035A30022
S2050035A4938E
S2050035A5869A
S2050035A646D9
S2050035A7001E
S2050035A8130A
S2050035A90715
S2050035AA47D4
S2050035AB001A
S2050035AC23F6
S2050035ADAE6A
S2050035AE1601
S2050035AFFF17
S2050035B0E332
S2050035B1987C
S2050035B2F61D
S2050035B3FE14
S2050035B413FE
S2050035B5769A
S2050035B636D9
S2050035B7000E
S2050035B8B35A
S2050035B98587
S2050035BA0506
S2050035BB0109
S2050035BC6F9A
S2050035BDF018
S2050035BE9F68
S2050035BFF412
S2050035C09372
S2050035C106FE
S2050035C2F60D
S2050035C3FF03
S2050035C4936E
S2050035C507F9
S2050035C605FA
S2050035C700FE
S2050035C86F8E
S2050035C9F00C
S2050035CA5F9C
S2050035CBF406
S2050035CC6792
S2050035CD8078
S2050035CE00F7
S2050035CF00F6
S2050035D013E2
S2050035D106EE
S2050035D207EC
S2050035D300F2
S2050035D46F82
S2050035D5F000
S2050035D61FD0
S2050035D7F3FB
S2050035D813DA
S2050035D903E9
S2050035DAF0FB
S2050035DB00EA
S2050035DC13D6
S2050035DD07E1
S2050035DE05E2
S2050035DF00E6
S2050035E06382
S2050035E17E66
S2050035E2C320
S2050035E302E0
S2050035E4934E
S2050035E57769
S2050035E6F7E8
S2050035E700DE
S2050035E8637A
S2050035E9904C
S2050035EA07D4
S2050035EB0AD0
S2050035EC6376
S2050035ED9246
S2050035EE05D2
S2050035EF08CE
S2050035F09342
S2050035F1765E
S2050035F206CD
S2050035F3FFD3
S2050035F413BE
S2050035F5765A
S2050035F6F6D9
S2050035F700CE
S2050035F8B31A
S2050035F98646
S2050035FAE6E5
S2050035FB00CA
S2050035FC23A6
S2050035FD20A8
S2050035FEB710
S2050035FF00C6
S20500360023A1
S20500360122A1
S205003602B70B
S20500360300C1
S205003604239D
S205003605249B
S205003606B707
S20500360700BD
S2050036082399
S2050036092695
S20500360AB703
S20500360B00B9
S20500360C13A5
S20500360D07B0
S20500360E07AF
S20500360F01B4
S205003610E3D1
S205003611664D
S205003612D7DB
S205003613FEB3
S205003614634D
S205003615149B
S20500361606A8
S20500361700AD
S2050036186745
S205003619802B
S20500361A00AA
S20500361B00A9
S20500361CB3F5
S20500361D06A1
S20500361EC3E3
S20500361F4065
S2050036209311
S205003621960D
S205003622267C
S20500362300A1
S2050036249709
S205003625029D
S205003626009E
S205003627009D
S205003628B3E9
S2050036298615
S20500362A5644
S20500362B0099
S20500362C6731
S20500362D8017
S20500362EC6D0
S20500362F0095
S2050036302371
S205003631078C
S205003632B7DB
S2050036330091
S205003634A3ED
S2050036350689
S205003636B7D7
S205003637008D
S2050036382369
S2050036390685
S20500363AB7D3
S20500363B0089
S20500363CA3E5
S20500363D0582
S20500363EB7CF
S20500363F0085
S2050036402361
S205003641057E
S205003642B7CB
S2050036430081
S205003644A3DD
S205003645047B
S205003646B7C7
S205003647007D
S2050036482359
S2050036490477
S20500364AB7C3
S20500364B0079
S20500364CA3D5
S20500364D0374
S20500364EB7BF
S20500364F0075
S2050036502351
S2050036510370
S205003652B7BB
S2050036530071
S205003654A3CD
S205003655026D
S205003656B7B7
S205003657006D
S2050036582349
S2050036590269
S20500365AB7B3
S20500365B0069
S20500365CA3C5
S20500365D0166
S20500365EB7AF
S20500365F0065
S2050036602341
S2050036610162
S205003662B7AB
S2050036630061
S205003664A3BD
S205003665005F
S205003666B7A7
S205003667005D
S2050036682339
S205003669005B
S20500366AB7A3
S20500366B0059
S20500366C67F1
S20500366D80D7
S20500366E0056
S20500366F0055
S20500367093C1
S205003671F55E
S205003672F55D
S2050036730F42
S20500367493BD
S20500367596B9
S20500367685C9
S205003677004D
S205003678B399
S205003679E566
S20500367AD575
S20500367B0049
S20500367C93B5
S20500367D96B1
S20500367E0541
S20500367F0144
S205003680B391
S205003681E55E
S205003682D56D
S2050036830041
S2050036846FD1
S205003685F04F
S205003686DF5F
S205003687F647
S20500368893A9
S20500368996A5
S20500368A2713
S20500368B0039
S20500368C97A1
S20500368D0235
S20500368E0036
S20500368F0035
S205003690B381
S20500369186AD
S20500369256DC
S2050036930031
S205003694939D
S20500369582AD
S205003696002E
S205003697002D
S205003698E745
S20500369980AB
S20500369A0624
S20500369BFA2F
S20500369C9395
S20500369D80A7
S20500369E0224
S20500369F0025
S2050036A09391
S2050036A1879C
S2050036A2071B
S2050036A3FF22
S2050036A433ED
S2050036A50718
S2050036A6F727
S2050036A740DD
S2050036A833E9
S2050036A90615
S2050036AAF624
S2050036AB0019
S2050036ACE335
S2050036AD789F
S2050036AEC353
S2050036AFF61F
S2050036B06FA5
S2050036B1F023
S2050036B2DF33
S2050036B3F31E
S2050036B4B35D
S2050036B5C748
S2050036B6A569
S2050036B7000D
S2050036B89379
S2050036B9F714
S2050036BA37D3
S2050036BB0009
S2050036BCB355
S2050036BD08FF
S2050036BEC541
S2050036BF0005
S2050036C063A1
S2050036C1946F
S2050036C207FB
S2050036C306FB
S2050036C4936D
S2050036C507F8
S2050036C630CE
S2050036C700FD
S2050036C86399
S2050036C9F00B
S2050036CAC733
S2050036CB06F3
S2050036CC9365
S2050036CD7780
S2050036CE35C1
S2050036CF00F5
S2050036D013E1
S2050036D107EC
S2050036D205ED
S2050036D300F1
S2050036D4638D
S2050036D59A55
S2050036D607E7
S2050036D706E7
S2050036D813D9
S2050036D9F6F5
S2050036DAC822
S2050036DBFFEA
S2050036DCB335
S2050036DD06E1
S2050036DEE600
S2050036DF40A5
S2050036E09351
S2050036E107DC
S2050036E200E2
S2050036E302DF
S2050036E4637D
S2050036E5CE11
S2050036E6D707
S2050036E708D5
S2050036E89349
S2050036E98655
S2050036EA05D5
S2050036EB00D9
S2050036EC9345
S2050036ED07D0
S2050036EE07CF
S2050036EF00D5
S2050036F06371
S2050036F1785B
S2050036F2C70B
S2050036F302CF
S2050036F403CD
S2050036F5A827
S2050036F606C8
S2050036F700CD
S2050036F89339
S2050036F98744
S2050036FA4783
S2050036FB00C9
S2050036FC9335
S2050036FD8641
S2050036FE4680
S2050036FF00C5
S20500370023A0
S205003701AE14
S20500370207BA
S205003703FFC1
S205003704E3DC
S205003705E8D6
S205003706C7F6
S205003707FEBE
S2050037089328
S20500370907B3
S20500370AF6C3
S20500370BFFB9
S20500370CB304
S20500370D872F
S20500370EE7CE
S20500370F4074
S2050037109320
S205003711F7BB
S205003712C7EA
S205003713FFB1
S205003714931C
S2050037158727
S2050037164766
S20500371700AC
S2050037183378
S20500371907A3
S20500371AF7B2
S20500371B00A8
S20500371CB3F4
S20500371D8521
S20500371EF5B0
S20500371F00A4
S2050037206340
S205003721683A
S205003722178A
S205003723019F
S2050037246738
S205003725801E
S205003726009D
S205003727009C
S2050037281388
S2050037290793
S20500372A0594
S20500372B0098
S20500372C6334
S20500372D781E
S20500372E1580
S20500372F058F
S2050037308310
S205003731C7CB
S205003732058C
S2050037330090
S205003734137C
S2050037350787
S2050037361776
S205003737008C
S20500373893F8
S2050037398505
S20500373A1574
S20500373B0088
S20500373CA3E4
S20500373D0F77
S20500373EF78E
S20500373FFE86
S205003740E3A0
S20500374198EA
S205003742E899
S205003743FE82
S2050037446718
S20500374580FE
S205003746007D
S205003747007C
S20500374883F8
S205003749C6B4
S20500374A0574
S20500374B0078
S20500374C1364
S20500374D076F
S20500374E175E
S20500374F0074
S20500375093E0
S20500375177FB
S205003752373A
S2050037530070
S205003754A3CC
S2050037550F5F
S205003756D796
S205003757FE6E
S20500375893D8
S20500375985E5
S20500375A1554
S20500375B0068
S20500375CE384
S20500375D8ED8
S20500375E075E
S20500375FF66E
S20500376083E0
S205003761C69C
S205003762055C
S2050037630060
S205003764134C
S2050037650757
S2050037661746
S205003767005C
S20500376893C8
S20500376977E3
S20500376A3722
S20500376B0058
S20500376CA3B4
S20500376D0F47
S20500376ED77E
S20500376FFE56
S20500377093C0
S20500377185CD
S205003772153C
S2050037730050
S205003774E36C
S2050037759AB4
S2050037760746
S205003777FC50
S2050037786FDC
S205003779F05A
S20500377A1F2A
S20500377BF652
S20500377C67E0
S20500377D80C6
S20500377E0045
S20500377F0044
S2050037801330
S2050037810141
S2050037820140
S205003783FF41
S205003784231C
S2050037852618
S20500378681BC
S205003787003C
S2050037881328
S2050037890436
S20500378A0039
S20500378B0236
S20500378C83B4
S20500378DA393
S20500378E0530
S20500378F0034
S20500379083B0
S205003791A290
S20500379245EC
S2050037930030
S20500379483AC
S205003795AF7F
S20500379685A8
S205003797002C
S2050037980328
S205003799AF7B
S20500379AC564
S20500379B0028
S20500379C83A4
S20500379DAE78
S20500379E0520
S20500379F0123
S2050037A00320
S2050037A1AE74
S2050037A245DC
S2050037A3011F
S2050037A4031C
S2050037A5A37B
S2050037A68598
S2050037A7011B
S2050037A80318
S2050037A9A872
S2050037AAC554
S2050037AB0117
S2050037AC8394
S2050037ADA670
S2050037AE0510
S2050037AF0212
S2050037B01300
S2050037B1070B
S2050037B247CA
S2050037B3020E
S2050037B4B35C
S2050037B50707
S2050037B6E627
S2050037B740CC
S2050037B823E8
S2050037B92EDC
S2050037BA7792
S2050037BBFC0C
S2050037BC23E4
S2050037BD20E6
S2050037BE57AE
S2050037BFFE06
S2050037C023E0
S2050037C122E0
S2050037C2F70A
S2050037C3FF01
S2050037C423DC
S2050037C524DA
S2050037C6E716
S2050037C7FFFD
S2050037C823D8
S2050037C926D4
S2050037CAD722
S2050037CBFFF9
S2050037CC23D4
S2050037CD28CE
S2050037CEC72E
S2050037CFFFF5
S2050037D023D0
S2050037D12AC8
S2050037D2678A
S2050037D3FEF2
S2050037D423CC
S2050037D52CC2
S2050037D607E6
S2050037D7FFED
S2050037D823C8
S2050037D92EBC
S2050037DAD712
S2050037DBFEEA
S2050037DC9354
S2050037DD8561
S2050037DE45A0
S2050037DF02E2
S2050037E0E300
S2050037E1469C
S2050037E2F4ED
S2050037E3FAE6
S2050037E4934C
S2050037E58658
S2050037E605D8
S2050037E700DC
S2050037E89348
S2050037E907D3
S2050037EA07D2
S2050037EB00D8
S2050037EC6374
S2050037ED785E
S2050037EEC70E
S2050037EF02D2
S2050037F003D0
S2050037F1A82A
S2050037F206CB
S2050037F300D0
S2050037F4933C
S2050037F58747
S2050037F64786
S2050037F700CC
S2050037F89338
S2050037F98644
S2050037FA4683
S2050037FB00C8
S2050037FC23A4
S2050037FDAE18
S2050037FE07BE
S2050037FFFFC5
S205003800E3DF
S205003801E8D9
S205003802C7F9
S205003803FEC1
S205003804932B
S20500380507B6
S205003806F6C6
S205003807FFBC
S205003808B307
S2050038098732
S20500380AE7D1
S20500380B4077
S20500380C9323
S20500380DF7BE
S20500380EC7ED
S20500380FFFB4
S205003810931F
S205003811872A
S2050038124769
S20500381300AF
S205003814337B
S20500381507A6
S205003816F7B5
S20500381700AB
S205003818B3F7
S2050038198524
S20500381AF5B3
S20500381B00A7
S20500381C6343
S20500381D683D
S20500381E178D
S20500381F01A2
S205003820039F
S205003821247D
S205003822C1DF
S205003823009F
S205003824138B
S205003825019C
S205003826019B
S205003827019A
S2050038286733
S2050038298019
S20500382A0098
S20500382B0097
S20500382C8313
S20500382DC7CE
S20500382E058F
S20500382F0093
S205003830137F
S205003831078A
S2050038321779
S205003833008F
S20500383493FB
S2050038358508
S2050038361577
S205003837008B
S205003838A3E7
S2050038390F7A
S20500383AF791
S20500383BFE89
S20500383CE3A3
S20500383D8203
S20500383EE89C
S20500383FFE85
S20500384083FF
S205003841C7BA
S205003842057B
S205003843007F
S205003844136B
S2050038450776
S2050038461765
S205003847007B
S20500384893E7
S20500384985F4
S20500384A1563
S20500384B0077
S20500384CA3D3
S20500384D0F66
S20500384EF77D
S20500384FFE75
S205003850E38F
S2050038519ED3
S205003852E888
S205003853FC73
S2050038546FFF
S205003855F07D
S205003856DF8D
S205003857FC6F
S2050038583337
S2050038596702
S20500385AB5B3
S20500385B0067
S20500385C93D3
S20500385D0362
S20500385EF074
S20500385FFF64
S205003860134F
S20500386177EA
S2050038623729
S205003863005F
S20500386463FB
S205003865104D
S2050038660755
S205003867104B
S205003868B7A3
S20500386987D2
S20500386A7FD9
S20500386B7FD8
S20500386C93C3
S20500386D87CE
S20500386EF75D
S20500386FF75C
S205003870034F
S205003871262B
S205003872054B
S205003873004F
S20500387483CB
S205003875A6A7
S2050038760547
S205003877004B
S205003878B397
S20500387972D7
S20500387AF652
S20500387B0047
S20500387C3313
S20500387D63E2
S20500387EF64E
S20500387F0043
S205003880B38F
S20500388182BF
S205003882F24E
S205003883003F
S205003884B38B
S205003885E25B
S20500388662DA
S205003887003B
S20500388863D7
S20500388992A7
S20500388A72C6
S20500388B1027
S20500388C63D3
S20500388D161F
S20500388ED65E
S20500388F082B
S205003890032F
S205003891260B
S20500389245EB
S205003893002F
S20500389483AB
S205003895A687
S20500389645E7
S205003897002B
S205003898B377
S20500389972B7
S20500389AF632
S20500389B0027
S20500389C33F3
S20500389D63C2
S20500389EF62E
S20500389F0023
S2050038A0B36F
S2050038A1829F
S2050038A2F22E
S2050038A3001F
S2050038A4B36B
S2050038A5E23B
S2050038A662BA
S2050038A7001B
S2050038A863B7
S2050038A99E7B
S2050038AA72A6
S2050038AB0C0B
S2050038AC63B3
S2050038AD16FF
S2050038AED63E
S2050038AF060D
S2050038B0030F
S2050038B126EB
S2050038B2858B
S2050038B3000F
S2050038B4838B
S2050038B5A667
S2050038B68587
S2050038B7000B
S2050038B8B357
S2050038B97297
S2050038BAF612
S2050038BB0007
S2050038BC33D3
S2050038BD63A2
S2050038BEF60E
S2050038BF0003
S2050038C0B34F
S2050038C1827F
S2050038C2F20E
S2050038C300FF
S2050038C4B34B
S2050038C5E21B
S2050038C6629A
S2050038C700FB
S2050038C86397
S2050038C99861
S2050038CA7286
S2050038CB0CEB
S2050038CC6393
S2050038CD16DF
S2050038CED61E
S2050038CF04EF
S2050038D003EF
S2050038D126CB
S2050038D2C52B
S2050038D300EF
S2050038D4836B
S2050038D5A647
S2050038D6C527
S2050038D700EB
S2050038D8B337
S2050038D97277
S2050038DAF6F2
S2050038DB00E7
S2050038DC33B3
S2050038DD6382
S2050038DEF6EE
S2050038DF00E3
S2050038E0B32F
S2050038E1825F
S2050038E2F2EE
S2050038E300DF
S2050038E4B32B
S2050038E5E2FB
S2050038E6627A
S2050038E700DB
S2050038E86377
S2050038E99247
S2050038EA7266
S2050038EB0CCB
S2050038EC6373
S2050038ED16BF
S2050038EED6FE
S2050038EF02D1
S2050038F003CF
S2050038F126AB
S2050038F205CB
S2050038F301CE
S2050038F4834B
S2050038F5A627
S2050038F605C7
S2050038F701CA
S2050038F8B317
S2050038F97257
S2050038FAF6D2
S2050038FB00C7
S2050038FC3393
S2050038FD6362
S2050038FEF6CE
S2050038FF00C3
S205003900B30E
S205003901823E
S205003902F2CD
S20500390300BE
S205003904B30A
S205003905E2DA
S2050039066259
S20500390700BA
S2050039086356
S2050039099C1C
S20500390A7245
S20500390B0AAC
S20500390C13A2
S20500390D05AF
S20500390E456E
S20500390F01B1
S205003910931E
S205003911852B
S205003912456A
S20500391301AD
S205003914E3CA
S2050039150E9E
S205003916D6D5
S205003917F4B6
S2050039181396
S2050039191791
S20500391A06A1
S20500391B01A5
S20500391C9312
S20500391D970D
S20500391E069D
S20500391F01A1
S205003920633E
S2050039211E82
S205003922F7A8
S205003923009E
S205003924138A
S2050039255745
S2050039260695
S2050039270199
S2050039289306
S205003929D7C1
S20500392A0691
S20500392B0195
S20500392C3362
S20500392D058F
S20500392EF79C
S20500392F4052
S20500393093FE
S205003931751B
S205003932F59A
S2050039330F7F
S205003934632A
S20500393590FC
S2050039360586
S2050039370288
S2050039386722
S2050039398008
S20500393A0087
S20500393B0086
S20500393C1372
S20500393D572D
S20500393E077C
S20500393F0181
S20500394093EE
S205003941D7A9
S2050039420778
S205003943017D
S205003944334A
S2050039450577
S205003946F784
S205003947403A
S20500394893E6
S2050039497503
S20500394AF582
S20500394B0F67
S20500394C6312
S20500394D94E0
S20500394E056E
S20500394F0072
S205003950670A
S20500395180F0
S205003952006F
S205003953006E
S205003954135A
S20500395577F5
S205003956F774
S2050039570F5B
S20500395893D6
S205003959F771
S20500395AF770
S20500395B0F57
S20500395C3332
S20500395D055F
S20500395EF76C
S20500395F4022
S20500396067FA
S20500396180E0
S205003962005F
S205003963005E
S205003964035A
S2050039654616
S2050039660556
S205003967005A
S20500396883D6
S205003969C692
S20500396A0552
S20500396B0056
S20500396C1342
S20500396D054F
S20500396E153E
S20500396F0052
S20500397093BE
S20500397185CB
S205003972153A
S205003973004E
S20500397463EA
S2050039751438
S205003976D675
S205003977004A
S205003978E366
S2050039791632
S20500397A0641
S20500397BFE48
S20500397C3312
S20500397D053F
S20500397ED66D
S20500397F4002
S20500398067DA
S20500398180C0
S205003982003F
S205003983003E
S205003984132A
S2050039850537
S20500398645F6
S205003987003A
S20500398893A6
S20500398985B3
S20500398A45F2
S20500398B0036
S20500398CE352
S20500398D1C18
S20500398ED65D
S20500398FFC36
S205003990131E
S205003991052B
S205003992002F
S205003993002E
S20500399467C6
S20500399580AC
S205003996002B
S205003997002A
S2050039981316
S2050039990523
S20500399A85A2
S20500399B0026
S20500399C9392
S20500399D859F
S20500399E859E
S20500399F0022
S2050039A0E33E
S2050039A1120E
S2050039A2D649
S2050039A3FC22
S2050039A4130A
S2050039A50517
S2050039A6001B
S2050039A7001A
S2050039A867B2
S2050039A98098
S2050039AA0017
S2050039AB0016
S2050039AC1302
S2050039AD050F
S2050039AEC54E
S2050039AF0012
S2050039B0937E
S2050039B1858B
S2050039B2C54A
S2050039B3000E
S2050039B4E32A
S2050039B518F4
S2050039B6D635
S2050039B7FA10
S2050039B813F6
S2050039B90503
S2050039BA0007
S2050039BB0006
S2050039BC679E
S2050039BD8084
S2050039BE0003
S2050039BF0002
S2050039C013EE
S2050039C105FB
S2050039C205FA
S2050039C301FD
S2050039C4936A
S2050039C58577
S2050039C605F6
S2050039C701F9
S2050039C8E316
S2050039C91EDA
S2050039CAD621
S2050039CBF8FE
S2050039CC13E2
S2050039CD05EF
S2050039CE00F3
S2050039CF00F2
S2050039D0678A
S2050039D18070
S2050039D200EF
S2050039D300EE
S2050039D400ED
S2050039D500EC
S2050039D600EB
S2050039D700EA
S2050039D800E9
S2050039D900E8
S2050039DA00E7
S2050039DB00E6
S2050039DC00E5
S2050039DD00E4
S2050039DE00E3
S2050039DF00E2
S2050039E000E1
S2050039E100E0
S2050039E200DF
S2050039E300DE
S2050039E413CA
S2050039E501DB
S2050039E601DA
S2050039E7F3E7
S2050039E89346
S2050039E907D1
S2050039EAC611
S2050039EBFFD7
S2050039EC23B2
S2050039ED26AE
S2050039EE11C2
S2050039EF0CC6
S2050039F023AE
S2050039F126AA
S2050039F2F1DE
S2050039F302CC
S2050039F423AA
S2050039F520AC
S2050039F6E1EA
S2050039F708C2
S2050039F86366
S2050039F95A6E
S2050039FAF0D7
S2050039FB5274
S2050039FC9332
S2050039FD17AD
S2050039FE16AD
S2050039FF00C2
S205003A00239D
S205003A01229D
S205003A02912D
S205003A030CB1
S205003A049329
S205003A0504B7
S205003A0606B4
S205003A0700B9
S205003A0813A5
S205003A098631
S205003A0A05B1
S205003A0B00B5
S205003A0C2391
S205003A0D288B
S205003A0E6151
S205003A0F0BA6
S205003A10139D
S205003A118B24
S205003A1206A8
S205003A1300AD
S205003A14B3F9
S205003A158625
S205003A169713
S205003A1700A9
S205003A18B3F5
S205003A1907A0
S205003A1AF6B0
S205003A1B00A5
S205003A1C1391
S205003A1D970C
S205003A1E247E
S205003A1F00A1
S205003A20237D
S205003A21207F
S205003A22F1AD
S205003A23029B
S205003A24B3E9
S205003A250794
S205003A26D6C4
S205003A270099
S205003A282375
S205003A292473
S205003A2AB1E5
S205003A2B0293
S205003A2C2371
S205003A2D2E65
S205003A2EF1A1
S205003A2F0091
S205003A30B3DD
S205003A31850A
S205003A3295F9
S205003A33008D
S205003A34B3D9
S205003A350784
S205003A36E6A4
S205003A370089
S205003A382365
S205003A392067
S205003A3A2165
S205003A3B0D78
S205003A3C2361
S205003A3D2E55
S205003A3E3151
S205003A3F0B76
S205003A40235D
S205003A41225D
S205003A4291ED
S205003A430B72
S205003A442359
S205003A452457
S205003A4681F9
S205003A470C6D
S205003A482355
S205003A492C4B
S205003A4A4135
S205003A4B0B6A
S205003A4C2351
S205003A4D2A49
S205003A4E5121
S205003A4F0B66
S205003A50234D
S205003A512649
S205003A5271FD
S205003A530B62
S205003A542349
S205003A552447
S205003A5681E9
S205003A570B5E
S205003A582345
S205003A592047
S205003A5AA1C5
S205003A5B0B5A
S205003A5C2341
S205003A5D2E35
S205003A5EB1B1
S205003A5F0958
S205003A60233D
S205003A61223D
S205003A62B1AD
S205003A63025B
S205003A642339
S205003A652C2F
S205003A66F169
S205003A670059
S205003A6893C5
S205003A69094E
S205003A6A0551
S205003A6B0055
S205003A6C1341
S205003A6D094A
S205003A6E0052
S205003A6F0051
S205003A7093BD
S205003A710C43
S205003A720B43
S205003A73004D
S205003A7483C9
S205003A752724
S205003A7681C9
S205003A770247
S205003A781335
S205003A79093E
S205003A7A192D
S205003A7B0045
S205003A7C1331
S205003A7D0A39
S205003A7E0042
S205003A7F0041
S205003A80132D
S205003A8187B8
S205003A821727
S205003A83003D
S205003A842319
S205003A85201B
S205003A86F149
S205003A870039
S205003A882315
S205003A892413
S205003A8AE155
S205003A8B062F
S205003A8C1321
S205003A8D87AC
S205003A8E270B
S205003A8F0031
S205003A90939D
S205003A9187A8
S205003A9237F7
S205003A93002D
S205003A942309
S205003A952EFD
S205003A96F139
S205003A970623
S205003A9883A5
S205003A992700
S205003A9A41E5
S205003A9B0223
S205003A9C2301
S205003A9D2AF9
S205003A9EE141
S205003A9F061B
S205003AA023FD
S205003AA122FD
S205003AA231ED
S205003AA30914
S205003AA41309
S205003AA58794
S205003AA6F723
S205003AA7FF1A
S205003AA823F5
S205003AA92AED
S205003AAAE135
S205003AAB0411
S205003AAC1301
S205003AAD878C
S205003AAE17FB
S205003AAF0011
S205003AB023ED
S205003AB120EF
S205003AB2E12D
S205003AB30607
S205003AB413F9
S205003AB58784
S205003AB627E3
S205003AB70009
S205003AB89375
S205003AB98780
S205003ABA37CF
S205003ABB0005
S205003ABC23E1
S205003ABD2CD7
S205003ABEF111
S205003ABF06FB
S205003AC0837D
S205003AC127D8
S205003AC201FD
S205003AC302FB
S205003AC423D9
S205003AC526D5
S205003AC6E119
S205003AC706F3
S205003AC823D5
S205003AC924D3
S205003ACA21D5
S205003ACB09EC
S205003ACC13E1
S205003ACD876C
S205003ACEF7FB
S205003ACFFFF2
S205003AD023CD
S205003AD126C9
S205003AD2E10D
S205003AD304E9
S205003AD413D9
S205003AD58764
S205003AD617D3
S205003AD700E9
S205003AD823C5
S205003AD92EB9
S205003ADAE105
S205003ADB04E1
S205003ADC13D1
S205003ADD875C
S205003ADE27BB
S205003ADF00E1
S205003AE0934D
S205003AE18758
S205003AE237A7
S205003AE300DD
S205003AE423B9
S205003AE528B3
S205003AE6F1E9
S205003AE706D3
S205003AE88355
S205003AE927B0
S205003AEAC115
S205003AEB01D4
S205003AEC23B1
S205003AED22B1
S205003AEEE1F1
S205003AEF06CB
S205003AF023AD
S205003AF126A9
S205003AF2913D
S205003AF308C5
S205003AF413B9
S205003AF58744
S205003AF6F7D3
S205003AF7FFCA
S205003AF823A5
S205003AF92E99
S205003AFAE1E5
S205003AFB02C3
S205003AFC13B1
S205003AFD873C
S205003AFE17AB
S205003AFF00C1
S205003B00239C
S205003B01249A
S205003B02E1DC
S205003B0304B8
S205003B0413A8
S205003B058733
S205003B062792
S205003B0700B8
S205003B089324
S205003B09872F
S205003B0A377E
S205003B0B00B4
S205003B0C2390
S205003B0D2C86
S205003B0EF1C0
S205003B0F04AC
S205003B10832C
S205003B112787
S205003B12812C
S205003B1301AB
S205003B142388
S205003B152882
S205003B16E1C8
S205003B1704A4
S205003B181394
S205003B19871F
S205003B1AF7AE
S205003B1BFFA5
S205003B1C2380
S205003B1D2A78
S205003B1EE1C0
S205003B1F029E
S205003B20138C
S205003B218717
S205003B221786
S205003B23009C
S205003B242378
S205003B252C6E
S205003B26E1B8
S205003B270296
S205003B281384
S205003B29870F
S205003B2A276E
S205003B2B0094
S205003B2C9300
S205003B2D870B
S205003B2E375A
S205003B2F0090
S205003B30236C
S205003B31226C
S205003B32F19C
S205003B330488
S205003B3493F8
S205003B358703
S205003B36F990
S205003B37FF89
S205003B382364
S205003B392066
S205003B3AE1A4
S205003B3B0480
S205003B3C2360
S205003B3D285A
S205003B3EF190
S205003B3F027E
S205003B40037C
S205003B412757
S205003B4281FC
S205003B43027A
S205003B4483F8
S205003B452753
S205003B460178
S205003B470078
S205003B481364
S205003B490A6C
S205003B4A1A5B
S205003B4B0074
S205003B4C3340
S205003B4D076B
S205003B4E472A
S205003B4F016F
S205003B5083EC
S205003B51C4AA
S205003B520766
S205003B53006C
S205003B5483E8
S205003B552644
S205003B564128
S205003B570761
S205003B5883E4
S205003B59C79F
S205003B5A0C59
S205003B5B0064
S205003B5C2340
S205003B5D2042
S205003B5EE180
S205003B5F0060
S205003B60035C
S205003B61441A
S205003B620756
S205003B63005C
S205003B640358
S205003B652733
S205003B6681D8
S205003B670652
S205003B68B3A4
S205003B6986D0
S205003B6A460F
S205003B6B0153
S205003B6C93C0
S205003B6D97BB
S205003B6E87CA
S205003B6F014F
S205003B70331C
S205003B710648
S205003B724706
S205003B73014B
S205003B740348
S205003B75C783
S205003B761C2D
S205003B770048
S205003B7883C4
S205003B794303
S205003B7A063F
S205003B7B0044
S205003B7C0340
S205003B7DC67C
S205003B7E2C15
S205003B7F0040
S205003B8083BC
S205003B81C579
S205003B820637
S205003B83003C
S205003B8483B8
S205003B852614
S205003B86C178
S205003B870731
S205003B881324
S205003B89171F
S205003B8A87AE
S205003B8B0133
S205003B8C93A0
S205003B8DD75B
S205003B8E87AA
S205003B8F41EF
S205003B90B37C
S205003B9186A8
S205003B9246E7
S205003B93012B
S205003B941318
S205003B9557D3
S205003B9687A2
S205003B9741E7
S205003B9883A4
S205003B99C85E
S205003B9A3CE9
S205003B9B0024
S205003B9CB370
S205003B9D849E
S205003B9EF42D
S205003B9F021E
S205003BA0839C
S205003BA1CF4F
S205003BA20617
S205003BA3001C
S205003BA48398
S205003BA527F3
S205003BA641D8
S205003BA70513
S205003BA88394
S205003BA926F0
S205003BAA41D4
S205003BAB0212
S205003BAC0310
S205003BAD25ED
S205003BAEC150
S205003BAF060A
S205003BB0B35C
S205003BB18787
S205003BB247C6
S205003BB3010B
S205003BB4B358
S205003BB58684
S205003BB646C3
S205003BB70107
S205003BB833D4
S205003BB90501
S205003BBA45C0
S205003BBB0103
S205003BBC0300
S205003BBDC83A
S205003BBE4CB5
S205003BBF0000
S205003BC003FC
S205003BC123DB
S205003BC2C13C
S205003BC304F8
S205003BC433C8
S205003BC504F6
S205003BC6E415
S205003BC702F6
S205003BC803F4
S205003BC927CF
S205003BCA01F4
S205003BCB06EE
S205003BCC8370
S205003BCDC72B
S205003BCE07EA
S205003BCF00F0
S205003BD003EC
S205003BD1C925
S205003BD25C91
S205003BD300EC
S205003BD433B8
S205003BD507E3
S205003BD647A2
S205003BD701E7
S205003BD88364
S205003BD9C620
S205003BDA06DF
S205003BDB00E4
S205003BDC8360
S205003BDDC022
S205003BDE6C75
S205003BDF00E0
S205003BE003DC
S205003BE14797
S205003BE207D6
S205003BE300DC
S205003BE48358
S205003BE5C218
S205003BE67C5D
S205003BE700D8
S205003BE803D4
S205003BE94F87
S205003BEA05D0
S205003BEB00D4
S205003BEC03D0
S205003BED25AD
S205003BEE8150
S205003BEF07C9
S205003BF013BC
S205003BF116B8
S205003BF28647
S205003BF301CB
S205003BF49338
S205003BF59832
S205003BF68841
S205003BF701C7
S205003BF813B4
S205003BF95670
S205003BFA863F
S205003BFB4183
S205003BFC9330
S205003BFDD8EA
S205003BFE8839
S205003BFF417F
S205003C00338B
S205003C0105B8
S205003C024577
S205003C0301BA
S205003C043387
S205003C0503B6
S205003C064375
S205003C0701B6
S205003C08B303
S205003C098332
S205003C0AC3F1
S205003C0B02B1
S205003C0C03AF
S205003C0DC6EB
S205003C0E8C24
S205003C0F00AF
S205003C10832B
S205003C114E5F
S205003C1205A7
S205003C1300AB
S205003C1403A7
S205003C15C5E4
S205003C169C0C
S205003C1700A7
S205003C1803A3
S205003C194E57
S205003C1A03A1
S205003C1B00A3
S205003C1C138F
S205003C1D1889
S205003C1E8818
S205003C1F019E
S205003C20039B
S205003C21CCD1
S205003C22ACF0
S205003C23009B
S205003C248317
S205003C252970
S205003C264157
S205003C270691
S205003C281383
S205003C29583D
S205003C2A880C
S205003C2B4152
S205003C2C137F
S205003C2D1978
S205003C2E8907
S205003C2F018E
S205003C30B3DB
S205003C318508
S205003C321577
S205003C330388
S205003C348307
S205003C352861
S205003C360187
S205003C370285
S205003C381373
S205003C39592C
S205003C3A89FB
S205003C3B4142
S205003C3C93EF
S205003C3D90F1
S205003C3E8000
S205003C3F017E
S205003C40B3CB
S205003C4188F5
S205003C424834
S205003C43017A
S205003C440377
S205003C45C3B6
S205003C460870
S205003C470077
S205003C4883F3
S205003C49284D
S205003C4AC1B3
S205003C4B056E
S205003C4C93DF
S205003C4DD0A1
S205003C4E80F0
S205003C4F412E
S205003C50B3BB
S205003C5189E4
S205003C524923
S205003C53016A
S205003C5493D7
S205003C5592D7
S205003C5682E6
S205003C570166
S205003C58B3B3
S205003C598FD6
S205003C5A0F55
S205003C5B0360
S205003C5CB3AF
S205003C5D88D9
S205003C5E4818
S205003C5F015E
S205003C6083DB
S205003C61CB92
S205003C62BCA0
S205003C63005B
S205003C640357
S205003C652D2C
S205003C660157
S205003C67084F
S205003C6883D3
S205003C69C88D
S205003C6A084C
S205003C6B0053
S205003C6C93BF
S205003C6DD27F
S205003C6E82CE
S205003C6F410E
S205003C70034B
S205003C71CB82
S205003C72CC80
S205003C73004B
S205003C741337
S205003C751633
S205003C7686C2
S205003C770146
S205003C780343
S205003C79C87D
S205003C7A093B
S205003C7B0043
S205003C7C83BF
S205003C7D2918
S205003C7E013F
S205003C7F0738
S205003C80B38B
S205003C8187B6
S205003C822715
S205003C830338
S205003C841327
S205003C8556E3
S205003C8686B2
S205003C8741F6
S205003C881323
S205003C891520
S205003C8A85AF
S205003C8B0132
S205003C8C131F
S205003C8D55DC
S205003C8E85AB
S205003C8F41EE
S205003C90131B
S205003C911C11
S205003C928CA0
S205003C93012A
S205003C94B377
S205003C9584A5
S205003C96A484
S205003C970126
S205003C981313
S205003C995CC9
S205003C9A8C98
S205003C9B41E2
S205003C9C031F
S205003C9D2DF4
S205003C9EC15F
S205003C9F031C
S205003CA0B36B
S205003CA18994
S205003CA249D3
S205003CA3011A
S205003CA49387
S205003CA59B7E
S205003CA68B8D
S205003CA70116
S205003CA8B363
S205003CA9868F
S205003CAA16FE
S205003CAB0211
S205003CAC838F
S205003CADCA47
S205003CAEDC34
S205003CAF000F
S205003CB0937B
S205003CB1DB32
S205003CB28B81
S205003CB341CA
S205003CB48387
S205003CB5C940
S205003CB609FF
S205003CB70007
S205003CB813F3
S205003CB91BEA
S205003CBA8B79
S205003CBB0102
S205003CBC33CF
S205003CBD04FD
S205003CBE946C
S205003CBF00FF
S205003CC013EB
S205003CC15BA2
S205003CC28B71
S205003CC341BA
S205003CC4B347
S205003CC58376
S205003CC68375
S205003CC700F7
S205003CC88373
S205003CC924D1
S205003CCAC133
S205003CCB01F2
S205003CCC33BF
S205003CCD0DE4
S205003CCE4DA3
S205003CCF01EE
S205003CD033BB
S205003CD107E6
S205003CD25795
S205003CD302E9
S205003CD4B337
S205003CD58564
S205003CD67573
S205003CD700E7
S205003CD823C3
S205003CD922C3
S205003CDA31B3
S205003CDB01E2
S205003CDC835F
S205003CDDC918
S205003CDEECF4
S205003CDF00DF
S205003CE003DB
S205003CE14994
S205003CE20DCF
S205003CE300DB
S205003CE4B327
S205003CE58F4A
S205003CE6BF19
S205003CE700D7
S205003CE8B323
S205003CE9874E
S205003CEAF7DD
S205003CEB01D2
S205003CEC834F
S205003CED20B1
S205003CEE814F
S205003CEF04CB
S205003CF0834B
S205003CF123AA
S205003CF201CB
S205003CF305C6
S205003CF4B317
S205003CF58445
S205003CF64484
S205003CF701C6
S205003CF83393
S205003CF90FB6
S205003CFACFF5
S205003CFB02C1
S205003CFCB30F
S205003CFD863B
S205003CFEF6CA
S205003CFF00BF
S205003D00239A
S205003D012498
S205003D02219A
S205003D0301B9
S205003D0403B6
S205003D05C9EF
S205003D06FCBB
S205003D0700B6
S205003D088332
S205003D09C4F0
S205003D0A04AF
S205003D0B00B2
S205003D0C337E
S205003D0D07A9
S205003D0ED7D8
S205003D0F00AE
S205003D10B3FA
S205003D11802C
S205003D12406B
S205003D1301A9
S205003D14B3F6
S205003D158325
S205003D164364
S205003D1701A5
S205003D182382
S205003D19267E
S205003D1A9112
S205003D1B00A2
S205003D1C831E
S205003D1DC4DC
S205003D1E0C93
S205003D1F019D
S205003D20B3EA
S205003D218E0E
S205003D22AEED
S205003D230298
S205003D243366
S205003D250F89
S205003D26EFA8
S205003D270096
S205003D288312
S205003D29C0D4
S205003D2A0093
S205003D2B0092
S205003D2C038E
S205003D2DC4CC
S205003D2E1C73
S205003D2F018D
S205003D30830A
S205003D31C3C9
S205003D320388
S205003D33008A
S205003D342366
S205003D352860
S205003D361176
S205003D370086
S205003D3893F2
S205003D399AEA
S205003D3A8AF9
S205003D3B0181
S205003D3C83FE
S205003D3DC0C0
S205003D3E2C53
S205003D3F017D
S205003D40235A
S205003D412A52
S205003D42710A
S205003D43007A
S205003D4483F6
S205003D452553
S205003D4681F6
S205003D470571
S205003D483342
S205003D490E66
S205003D4A8EE5
S205003D4B036F
S205003D4CB3BE
S205003D4D8EE2
S205003D4EEE81
S205003D4F016D
S205003D5093DA
S205003D51DA92
S205003D528AE1
S205003D534129
S205003D5493D6
S205003D5599CF
S205003D5689DE
S205003D570165
S205003D5893D2
S205003D59D98B
S205003D5A89DA
S205003D5B4121
S205003D5C134E
S205003D5D1947
S205003D5E89D6
S205003D5F015D
S205003D60134A
S205003D615903
S205003D6289D2
S205003D634119
S205003D6493C6
S205003D6594C4
S205003D6684D3
S205003D670155
S205003D6893C2
S205003D69D480
S205003D6A84CF
S205003D6B4111
S205003D6C83CE
S205003D6D2F21
S205003D6E410E
S205003D6F034B
S205003D70331A
S205003D710349
S205003D7273D8
S205003D730347
S205003D743316
S205003D750E3A
S205003D76DE69
S205003D770145
S205003D780342
S205003D79261E
S205003D7A81C2
S205003D7B0141
S205003D7C83BE
S205003D7D261A
S205003D7E81BE
S205003D7F033B
S205003D80B38A
S205003D8185B7
S205003D8245F6
S205003D830139
S205003D8483B6
S205003D85C573
S205003D860532
S205003D870036
S205003D880332
S205003D89270D
S205003D8A0132
S205003D8B042E
S205003D8C83AE
S205003D8DC36D
S205003D8E3CF3
S205003D8F012D
S205003D90B37A
S205003D918F9D
S205003D924FDC
S205003D930129
S205003D940326
S205003D95CD5B
S205003D960F18
S205003D970026
S205003D98B372
S205003D99889C
S205003D9A68BB
S205003D9B031F
S205003D9C33EE
S205003D9D031D
S205003D9EC35C
S205003D9F011D
S205003DA0839A
S205003DA1C755
S205003DA24CCF
S205003DA30119
S205003DA40316
S205003DA525F3
S205003DA641D6
S205003DA70412
S205003DA81302
S205003DA91400
S205003DAA848F
S205003DAB0111
S205003DAC33DE
S205003DAD060A
S205003DAE46C9
S205003DAF010D
S205003DB0030A
S205003DB146C6
S205003DB20605
S205003DB3000A
S205003DB413F6
S205003DB554B4
S205003DB68483
S205003DB741C5
S205003DB88382
S205003DB9CD37
S205003DBA5CA7
S205003DBB0101
S205003DBC936E
S205003DBD9070
S205003DBE807F
S205003DBF01FD
S205003DC0B34A
S205003DC18874
S205003DC26893
S205003DC300FA
S205003DC403F6
S205003DC523D5
S205003DC641B6
S205003DC700F6
S205003DC833C2
S205003DC908EC
S205003DCA589B
S205003DCB03EF
S205003DCCB33E
S205003DCD866A
S205003DCE46A9
S205003DCF01ED
S205003DD0836A
S205003DD1C626
S205003DD206E5
S205003DD300EA
S205003DD49356
S205003DD5D018
S205003DD68067
S205003DD741A5
S205003DD88362
S205003DD9C222
S205003DDA6C77
S205003DDB01E1
S205003DDC934E
S205003DDD934D
S205003DDE835C
S205003DDF01DD
S205003DE033AA
S205003DE107D5
S205003DE24794
S205003DE301D9
S205003DE403D6
S205003DE54791
S205003DE607D0
S205003DE700D6
S205003DE89342
S205003DE9D301
S205003DEA8350
S205003DEB4191
S205003DEC834E
S205003DEDCF01
S205003DEE7C53
S205003DEF01CD
S205003DF0339A
S205003DF103C9
S205003DF23398
S205003DF303C7
S205003DF43396
S205003DF508C0
S205003DF618AF
S205003DF701C5
S205003DF88342
S205003DF9289C
S205003DFA8142
S205003DFB00C2
S205003DFC932E
S205003DFD9729
S205003DFE8738
S205003DFF01BD
S205003E003389
S205003E0105B6
S205003E024575
S205003E0301B8
S205003E0403B5
S205003E054572
S205003E0605B1
S205003E0700B5
S205003E089321
S205003E09D7DC
S205003E0A872B
S205003E0B4170
S205003E0C03AD
S205003E0DCFE0
S205003E0E8C22
S205003E0F01AC
S205003E109319
S205003E119D0E
S205003E128D1D
S205003E1301A8
S205003E149315
S205003E15DDCA
S205003E168D19
S205003E174164
S205003E183371
S205003E1903A0
S205003E1A039F
S205003E1B01A0
S205003E1C039D
S205003E1D2877
S205003E1EC1DD
S205003E1F009D
S205003E20B3E9
S205003E218813
S205003E222872
S205003E230396
S205003E249305
S205003E259205
S205003E268214
S205003E270194
S205003E289301
S205003E29D2C1
S205003E2A8210
S205003E2B4150
S205003E2C93FD
S205003E2D9FF0
S205003E2E8FFF
S205003E2F018C
S205003E3093F9
S205003E31DFAC
S205003E328FFB
S205003E334148
S205003E341375
S205003E351F68
S205003E368FF7
S205003E370184
S205003E381371
S205003E395F24
S205003E3A8FF3
S205003E3B4140
S205003E3C037D
S205003E3D2C53
S205003E3E017D
S205003E3F037A
S205003E403349
S205003E410873
S205003E4298E2
S205003E430277
S205003E44B3C5
S205003E4588EF
S205003E46680E
S205003E470075
S205003E480371
S205003E492350
S205003E4A0171
S205003E4B0170
S205003E4C333D
S205003E4D0C63
S205003E4E4C22
S205003E4F016C
S205003E503339
S205003E510863
S205003E521852
S205003E530168
S205003E5483E5
S205003E55283F
S205003E564125
S205003E570164
S205003E583331
S205003E590360
S205003E5A83DF
S205003E5B025F
S205003E5CB3AD
S205003E5D88D7
S205003E5E1846
S205003E5F025B
S205003E603329
S205003E610358
S205003E620357
S205003E630158
S205003E64B3A5
S205003E6585D2
S205003E6675E1
S205003E670253
S205003E683321
S205003E6983D0
S205003E6A68EA
S205003E6B0051
S205003E6CB39D
S205003E6D0748
S205003E6EFD51
S205003E6F024B
S205003E70B399
S205003E7185C6
S205003E7265E5
S205003E730049
S205003E743315
S205003E750641
S205003E76B690
S205003E770342
S205003E78B391
S205003E7987BC
S205003E7AB78B
S205003E7B0041
S205003E7CB38D
S205003E7D86B9
S205003E7E56E8
S205003E7F023B
S205003E803309
S205003E810635
S205003E82F644
S205003E830039
S205003E843305
S205003E850730
S205003E86F73F
S205003E870332
S205003E88B381
S205003E8986AD
S205003E8AC66C
S205003E8B0031
S205003E8C33FD
S205003E8D052A
S205003E8EE549
S205003E8F032A
S205003E9033F9
S205003E910724
S205003E92D753
S205003E930029
S205003E9433F5
S205003E950522
S205003E96E541
S205003E970025
S205003E98EF35
S205003E990023
S205003E9AC062
S205003E9B61C0
S205003E9C839D
S205003E9D27F8
S205003E9EC15D
S205003E9F021B
S205003EA023F9
S205003EA1001B
S205003EA2AC6E
S205003EA30019
S205003EA4E335
S205003EA59E79
S205003EA647CF
S205003EA7C94C
S205003EA88391
S205003EA924EF
S205003EAAC151
S205003EAB0809
S205003EAC838D
S205003EAD27E8
S205003EAE818D
S205003EAF020B
S205003EB08389
S205003EB129E2
S205003EB241C9
S205003EB30801
S205003EB40305
S205003EB529DE
S205003EB68185
S205003EB708FD
S205003EB8B351
S205003EB9877C
S205003EBA976B
S205003EBB0001
S205003EBC23DD
S205003EBD24DB
S205003EBEF10D
S205003EBF02FB
S205003EC08379
S205003EC127D4
S205003EC241B9
S205003EC302F7
S205003EC4B345
S205003EC58770
S205003EC6975F
S205003EC700F5
S205003EC823D1
S205003EC922D1
S205003ECAF101
S205003ECB02EF
S205003ECC836D
S205003ECD27C8
S205003ECE01ED
S205003ECF02EB
S205003ED0B339
S205003ED18764
S205003ED29753
S205003ED300E9
S205003ED423C5
S205003ED520C7
S205003ED6F1F5
S205003ED702E3
S205003ED88361
S205003ED927BC
S205003EDAC121
S205003EDB01E0
S205003EDCB32D
S205003EDD8758
S205003EDE9747
S205003EDF00DD
S205003EE023B9
S205003EE12EAD
S205003EE2F1E9
S205003EE300D9
S205003EE48355
S205003EE527B0
S205003EE68155
S205003EE701D4
S205003EE8B321
S205003EE9874C
S205003EEA973B
S205003EEB00D1
S205003EEC23AD
S205003EED2CA3
S205003EEEF1DD
S205003EEF00CD
S205003EF08349
S205003EF127A4
S205003EF2C109
S205003EF302C7
S205003EF4B315
S205003EF5893E
S205003EF6F9CD
S205003EF700C5
S205003EF8E3E1
S205003EF99E25
S205003EFA279B
S205003EFBB70A
S205003EFC03BD
S205003EFD249B
S205003EFE813D
S205003EFF0CB1
S205003F008338
S205003F012496
S205003F024178
S205003F030CAC
S205003F0403B4
S205003F05298D
S205003F0601B4
S205003F070CA8
S205003F088330
S205003F092989
S205003F0AC1F0
S205003F0B0BA5
S205003F0C03AC
S205003F0D2A84
S205003F0E812C
S205003F0F0BA1
S205003F108328
S205003F112A80
S205003F124168
S205003F130B9D
S205003F1403A4
S205003F152B7B
S205003F1601A4
S205003F170B99
S205003F188320
S205003F192B77
S205003F1AC1E0
S205003F1B0A96
S205003F1C039C
S205003F1D2C72
S205003F1E811C
S205003F1F0A92
S205003F208318
S205003F212C6E
S205003F224158
S205003F230A8E
S205003F240394
S205003F252D69
S205003F260194
S205003F270A8A
S205003F288310
S205003F292D65
S205003F2AC1D0
S205003F2B0987
S205003F2C830C
S205003F2D206E
S205003F2EC1CC
S205003F2F0C80
S205003F301378
S205003F310189
S205003F320188
S205003F330D7B
S205003F346720
S205003F358006
S205003F360085
S205003F370084
S205003F38374C
S205003F390E74
S205003F3A027F
S205003F3B4040
S205003F3C235C
S205003F3D2C52
S205003F3EAECF
S205003F3FFC80
S205003F403744
S205003F410377
S205003F420277
S205003F434038
S205003F442354
S205003F452A4C
S205003F46B3C2
S205003F47FC78
S205003F48B7BC
S205003F49086A
S205003F4A026F
S205003F4B4030
S205003F4C234C
S205003F4DAEC0
S205003F4EC8A5
S205003F4FFC70
S205003F503734
S205003F510862
S205003F520267
S205003F534028
S205003F542344
S205003F552046
S205003F56D88D
S205003F57FE66
S205003F58372C
S205003F59055D
S205003F5A025F
S205003F5B4020
S205003F5C233C
S205003F5D243A
S205003F5EE578
S205003F5FFC60
S205003F60B7A4
S205003F610555
S205003F620257
S205003F634018
S205003F642334
S205003F65A6B0
S205003F66F560
S205003F67FC58
S205003F68371C
S205003F69064C
S205003F6A024F
S205003F6B4010
S205003F6C3718
S205003F6D0747
S205003F6E024B
S205003F6F400C
S205003F7093B8
S205003F710743
S205003F724009
S205003F730048
S205003F742324
S205003F752026
S205003F76F64F
S205003F77FC48
S205003F781330
S205003F79073B
S205003F7A47FA
S205003F7BFC44
S205003F7C83BC
S205003F7D2717
S205003F7E0736
S205003F7F003C
S205003F80E358
S205003F818EAC
S205003F820732
S205003F83FE3A
S205003F8463D4
S205003F855ED8
S205003F86D065
S205003F870232
S205003F8837FC
S205003F89052D
S205003F8A022F
S205003F8B40F0
S205003F8CB778
S205003F8D0529
S205003F8E022B
S205003F8F40EC
S205003F9037F4
S205003F910723
S205003F920227
S205003F9340E8
S205003F941314
S205003F950620
S205003F960025
S205003F970024
S205003F981310
S205003F99051D
S205003F9A859C
S205003F9BFE22
S205003F9C938C
S205003F9D8599
S205003F9E0518
S205003F9FFC20
S205003FA01308
S205003FA10812
S205003FA250C9
S205003FA30018
S205003FA41304
S205003FA5070F
S205003FA647CE
S205003FA7FC18
S205003FA823F0
S205003FA920F2
S205003FAAC54C
S205003FAB0010
S205003FAC23EC
S205003FADA06E
S205003FAE0508
S205003FAF010B
S205003FB08388
S205003FB127E3
S205003FB20702
S205003FB30008
S205003FB4E324
S205003FB58E78
S205003FB607FE
S205003FB7FE06
S205003FB813F0
S205003FB906FC
S205003FBA16EB
S205003FBB0000
S205003FBCE31C
S205003FBD9668
S205003FBEC637
S205003FBFFEFE
S205003FC06794
S205003FC1807A
S205003FC200F9
S205003FC300F8
S205003FC49364
S205003FC5579F
S205003FC6F6FF
S205003FC701F3
S205003FC8B340
S205003FC9876B
S205003FCAC72A
S205003FCB00F0
S205003FCC13DC
S205003FCD07E7
S205003FCE10DD
S205003FCF00EC
S205003FD013D8
S205003FD1DE0C
S205003FD217D2
S205003FD340A8
S205003FD46384
S205003FD55096
S205003FD6C71E
S205003FD708DC
S205003FD813D0
S205003FD91FC3
S205003FDA1EC3
S205003FDB00E0
S205003FDC13CC
S205003FDD07D7
S205003FDE00DD
S205003FDF00DC
S205003FE09348
S205003FE10ECC
S205003FE200D9
S205003FE300D8
S205003FE4B324
S205003FE502D4
S205003FE6BF16
S205003FE700D4
S205003FE8B320
S205003FE90FC3
S205003FEAEFE2
S205003FEB00D0
S205003FEC339C
S205003FED8648
S205003FEEE5E8
S205003FEF00CC
S205003FF09338
S205003FF106C4
S205003FF200C9
S205003FF300C8
S205003FF43394
S205003FF5873F
S205003FF6E2E3
S205003FF700C4
S205003FF803C0
S205003FF9487A
S205003FFA06BB
S205003FFB00C0
S205003FFC833C
S205003FFD4876
S205003FFE16A7
S205003FFF00BC
S2050040003387
S2050040018336
S205004002A612
S20500400300B7
S2050040049323
S20500400507AE
S20500400608AC
S20500400700B3
S205004008931F
S205004009862B
S20500400A169A
S20500400B00AF
S20500400C634B
S20500400D7439
S20500400E1894
S20500400F01AA
S2050040109317
S2050040118722
S20500401208A0
S20500401300A7
S20500401403A3
S205004015485D
S205004016079D
S20500401700A3
S205004018930F
S205004019F8A9
S20500401AF7A9
S20500401B0F90
S20500401C633B
S20500401DF4A9
S20500401E0894
S20500401F019A
S2050040209307
S2050040210792
S2050040220890
S2050040230097
S2050040240393
S205004025484D
S205004026177D
S2050040270093
S20500402893FF
S205004029F899
S20500402AF799
S20500402B0F80
S20500402C632B
S20500402DF499
S20500402E0884
S20500402F018A
S20500403093F7
S2050040310782
S2050040320880
S2050040330087
S2050040342363
S2050040350085
S205004036F391
S2050040370083
S205004038136F
S205004039067B
S20500403A265A
S20500403B007F
S20500403C136B
S20500403D0776
S20500403E2755
S20500403F007B
S205004040E397
S205004041CCAD
S205004042C6B2
S205004043FB7C
S20500404493E3
S2050040458EE7
S2050040461E56
S2050040470073
S205004048333F
S20500404987EA
S20500404AEF81
S20500404B016E
S20500404C333B
S20500404D0568
S20500404EC5A7
S20500404F016A
S205004050E387
S205004051CC9D
S205004052CE9A
S205004053F96E
S20500405467FF
S20500405580E5
S2050040560064
S2050040570063
S205004058B7AB
S205004059055C
S20500405A1050
S20500405B005F
S20500405C134B
S20500405D015C
S20500405E015B
S20500405FFE5D
S20500406093C7
S20500406185D4
S20500406285D3
S2050040631E39
S2050040641343
S2050040650550
S205004066C094
S2050040677AD9
S205004068232F
S2050040692E23
S20500406A113F
S20500406B004F
S20500406C232B
S20500406D2C21
S20500406E81CB
S20500406F004B
S2050040702327
S2050040712A1F
S20500407291B7
S2050040730047
S205004074EF57
S2050040752025
S2050040760044
S2050040773013
S205004078132F
S205004079043D
S20500407A053B
S20500407B003F
S20500407CB787
S20500407D0439
S20500407E102C
S20500407F003B
S2050040803703
S2050040810534
S2050040821028
S2050040830037
S2050040841323
S20500408586AF
S20500408684B0
S2050040871F14
S205004088939F
S205004089052C
S20500408AC070
S20500408B7AB5
S20500408C131B
S20500408D0528
S20500408E45E7
S20500408F2407
S205004090EF3B
S2050040911019
S2050040921018
S2050040932EF9
S2050040941313
S20500409585A0
S20500409684A0
S2050040971F04
S205004098130F
S205004099061B
S20500409A041C
S20500409B001F
S20500409C938B
S20500409D0518
S20500409EC15B
S20500409F001B
S2050040A01307
S2050040A10712
S2050040A230E8
S2050040A30017
S2050040A49383
S2050040A5060F
S2050040A6C054
S2050040A77A99
S2050040A8EF23
S2050040A920F1
S2050040AA40D0
S2050040AB0807
S2050040AC838B
S2050040AD20ED
S2050040AEC14B
S2050040AF010A
S2050040B013F7
S2050040B10504
S2050040B20404
S2050040B30007
S2050040B40303
S2050040B524E1
S2050040B68183
S2050040B70102
S2050040B8837F
S2050040B924DD
S2050040BA41BF
S2050040BB01FE
S2050040BC13EB
S2050040BD01FC
S2050040BE01FB
S2050040BF02F9
S2050040C06793
S2050040C18079
S2050040C200F8
S2050040C300F7
S2050040C413E3
S2050040C501F4
S2050040C601F3
S2050040C7FEF5
S2050040C823CF
S2050040C92CC5
S2050040CA816F
S2050040CB00EF
S2050040CC23CB
S2050040CD2AC3
S2050040CE915B
S2050040CF00EB
S2050040D023C7
S2050040D12EBB
S2050040D211D7
S2050040D300E7
S2050040D413D3
S2050040D508DD
S2050040D6A044
S2050040D701E2
S2050040D813CF
S2050040D904DD
S2050040DA06DA
S2050040DB00DF
S2050040DC934B
S2050040DD8459
S2050040DE06D6
S2050040DF00DB
S2050040E06377
S2050040E102D7
S2050040E205D3
S2050040E305D2
S2050040E413C3
S2050040E506CF
S2050040E615BF
S2050040E706CD
S2050040E813BF
S2050040E9765B
S2050040EAF6DA
S2050040EB0FC0
S2050040EC636B
S2050040ED10BD
S2050040EE07C5
S2050040EF04C7
S2050040F09337
S2050040F106C3
S2050040F200C8
S2050040F302C5
S2050040F46363
S2050040F58E37
S2050040F605BF
S2050040F707BC
S2050040F8635F
S2050040F916AB
S2050040FAB50B
S2050040FB12AD
S2050040FC3787
S2050040FD05B8
S2050040FE10AC
S2050040FF00BB
S2050041009326
S20500410105B3
S20500410204B3
S20500410300B6
S20500410413A2
S20500410505AF
S205004106852E
S205004107288A
S205004108EFC2
S20500410910A0
S20500410A901F
S20500410B2688
S20500410C634A
S20500410D9418
S20500410E04A7
S20500410F08A2
S2050041108326
S2050041112088
S205004112C1E6
S20500411301A5
S20500411403A2
S2050041152480
S2050041168122
S20500411701A1
S205004118831E
S205004119247C
S20500411A415E
S20500411B019D
S20500411C138A
S20500411D019B
S20500411E019A
S20500411F0298
S2050041206732
S2050041218018
S2050041220097
S2050041230096
S2050041246332
S2050041250E86
S205004126078C
S2050041270290
S205004128137E
S205004129068A
S20500412A008F
S20500412B028C
S20500412C632A
S20500412D0686
S20500412E0487
S20500412F0C7E
S2050041303752
S2050041310583
S2050041321077
S2050041330086
S20500413493F2
S205004135057F
S205004136067D
S2050041370082
S205004138136E
S205004139057B
S20500413A057A
S20500413B2856
S20500413CEF8E
S20500413D106C
S20500413E502B
S20500413F2357
S205004140E396
S20500414188F0
S2050041420473
S205004143FC7A
S2050041440372
S2050041452450
S20500414681F2
S2050041470171
S20500414883EE
S2050041492050
S20500414AC1AE
S20500414B016D
S20500414C83EA
S20500414D2448
S20500414E412A
S20500414F0169
S2050041503732
S2050041510563
S2050041521057
S2050041530066
S2050041541352
S205004155055F
S205004156451E
S205004157283A
S205004158134E
S205004159015F
S20500415A015E
S20500415B025C
S20500415C6FEE
S20500415D104C
S20500415E500B
S20500415F2139
S20500416063F6
S20500416188D0
S205004162A5B2
S2050041630C4A
S20500416493C2
S20500416587CD
S205004166153E
S205004167064C
S20500416893BE
S205004169F65A
S20500416AF758
S20500416B0F3F
S20500416C133A
S20500416D0646
S20500416E004B
S20500416F0248
S2050041703712
S2050041711731
S2050041721037
S2050041730046
S20500417483C2
S205004175271D
S205004176073C
S20500417794AE
S205004178370A
S205004179053B
S20500417A102F
S20500417B003E
S20500417C93AA
S20500417D0537
S20500417E0437
S20500417F003A
S20500418093A6
S20500418187B1
S2050041821720
S2050041830036
S2050041841322
S205004185052F
S205004186C56E
S2050041872909
S205004188230E
S2050041892010
S20500418AF738
S20500418B949A
S20500418CEF3E
S20500418D101C
S20500418E50DB
S20500418F1E0C
S205004190E346
S20500419180A8
S2050041920423
S205004193F82E
S205004194B76E
S205004195170D
S2050041961013
S2050041970022
S205004198839E
S205004199A47C
S20500419A0718
S20500419B948A
S20500419C130A
S20500419D0418
S20500419E1407
S20500419F001A
S2050041A023F6
S2050041A128F0
S2050041A221F6
S2050041A30115
S2050041A4B362
S2050041A50410
S2050041A6947F
S2050041A740D2
S2050041A813FE
S2050041A9858B
S2050041AA040B
S2050041AB000E
S2050041ACEF1E
S2050041ADE02C
S2050041AEDF2C
S2050041AFF119
S2050041B037D2
S2050041B119EF
S2050041B210F7
S2050041B30006
S2050041B48382
S2050041B525DF
S2050041B6897A
S2050041B78181
S2050041B8EF12
S2050041B9E020
S2050041BA5FA0
S2050041BBB04E
S2050041BC837A
S2050041BD25D7
S2050041BE8972
S2050041BF8179
S2050041C0EF0A
S2050041C1E018
S2050041C28F68
S2050041C3E90D
S2050041C4EF06
S2050041C5F004
S2050041C6CF24
S2050041C78171
S2050041C8935E
S2050041C98769
S2050041CA05EA
S2050041CB00EE
S2050041CC935A
S2050041CD05E7
S2050041CE04E7
S2050041CF00EA
S2050041D003E6
S2050041D124C4
S2050041D28166
S2050041D301E5
S2050041D403E2
S2050041D529BB
S2050041D601E2
S2050041D701E1
S2050041D8835E
S2050041D920C0
S2050041DAC11E
S2050041DB01DD
S2050041DC13CA
S2050041DD8656
S2050041DE04D7
S2050041DF00DA
S2050041E08356
S2050041E124B4
S2050041E24196
S2050041E301D5
S2050041E413C2
S2050041E507CD
S2050041E605CE
S2050041E700D2
S2050041E8379A
S2050041E905CB
S2050041EA10BF
S2050041EB00CE
S2050041EC13BA
S2050041ED05C7
S2050041EE8546
S2050041EF2C9E
S2050041F013B6
S2050041F101C7
S2050041F201C6
S2050041F302C4
S2050041F46F56
S2050041F510B4
S2050041F6D0F3
S2050041F717AB
S2050041F8378A
S2050041F905BB
S2050041FA10AF
S2050041FB00BE
S2050041FC13AA
S2050041FD05B7
S2050041FEC5F6
S2050041FF2694
S2050042002395
S2050042012691
S205004202C1F5
S20500420300B5
S205004204EFC5
S20500420510A3
S205004206D0E2
S205004207169B
S20500420803AD
S2050042092689
S20500420AC1ED
S20500420B00AD
S20500420C3775
S20500420D05A6
S20500420E109A
S20500420F00A9
S2050042101395
S20500421105A2
S20500421205A1
S205004213287D
S2050042149311
S205004215059E
S205004216069C
S20500421700A1
S205004218EFB1
S205004219108F
S20500421A900E
S20500421B1588
S20500421CE3B9
S20500421D8A11
S20500421E0496
S20500421FEEAB
S2050042206F29
S205004221F0A7
S2050042225F37
S205004223F2A3
S2050042249301
S205004225870C
S205004226157D
S205004227068B
S20500422893FD
S205004229F699
S20500422AF797
S20500422B0F7E
S20500422C6F1D
S20500422DF09B
S20500422E5F2B
S20500422FF495
S2050042301375
S2050042310681
S2050042320086
S2050042330283
S2050042346F15
S205004235F093
S2050042369FE3
S205004237EC95
S2050042383749
S205004239057A
S20500423A106E
S20500423B007D
S20500423C1369
S20500423D017A
S20500423E0179
S20500423FF980
S2050042401365
S2050042410572
S20500424285F1
S2050042433045
S2050042442351
S205004245264D
S2050042461161
S205004247066B
S205004248234D
S205004249244B
S20500424A81ED
S20500424B0667
S20500424C2349
S20500424D204B
S20500424E2149
S20500424F0762
S2050042502345
S2050042512E39
S2050042523135
S2050042530560
S2050042542341
S2050042552C37
S2050042564121
S205004257055C
S205004258233D
S2050042592A35
S20500425A510D
S20500425B0558
S20500425C2339
S20500425D2437
S20500425E81D9
S20500425F0554
S2050042602335
S2050042612235
S20500426291C5
S2050042630550
S2050042642331
S2050042652033
S205004266A1B1
S205004267054C
S205004268232D
S2050042692E21
S20500426AB19D
S20500426B034A
S20500426C2329
S20500426D2229
S20500426E91B9
S20500426F0643
S2050042702325
S205004271281F
S20500427261E5
S2050042730540
S2050042742321
S205004275261D
S20500427671D1
S205004277053C
S205004278EF51
S205004279102F
S20500427A90AE
S20500427B0F2E
S20500427CEF4D
S20500427D102B
S20500427E50EA
S20500427F7CBD
S205004280EF49
S205004281F047
S2050042829F97
S205004283DD58
S2050042841321
S2050042850C27
S205004286052D
S2050042870031
S20500428837F9
S205004289052A
S20500428A101E
S20500428B002D
S20500428C9399
S20500428D0526
S20500428ED05A
S20500428F56D3
S2050042901315
S2050042910522
S20500429285A1
S20500429333F2
S205004294EF35
S2050042951013
S205004296D052
S2050042970D14
S205004298B769
S2050042990718
S20500429A100E
S20500429B001D
S20500429C9389
S20500429D8596
S20500429E47D3
S20500429F37E2
S2050042A01305
S2050042A10512
S2050042A2D046
S2050042A356BF
S2050042A4EF25
S2050042A520F3
S2050042A60012
S2050042A70D04
S2050042A8B759
S2050042A90708
S2050042AA10FE
S2050042AB000D
S2050042AC9379
S2050042AD0CFF
S2050042AE0505
S2050042AF0009
S2050042B09375
S2050042B18582
S2050042B207FF
S2050042B338CD
S2050042B413F1
S2050042B505FE
S2050042B640C2
S2050042B740C1
S2050042B8EF11
S2050042B920DF
S2050042BAC03E
S2050042BB0BF2
S2050042BC13E9
S2050042BD04F7
S2050042BE05F5
S2050042BF00F9
S2050042C037C1
S2050042C105F2
S2050042C210E6
S2050042C300F5
S2050042C413E1
S2050042C505EE
S2050042C6C52D
S2050042C738B9
S2050042C8EF01
S2050042C910DF
S2050042CA905E
S2050042CB0AE3
S2050042CC9359
S2050042CD07E4
S2050042CE44A6
S2050042CF00E9
S2050042D023C5
S2050042D122C5
S2050042D2F1F5
S2050042D300E5
S2050042D49351
S2050042D507DC
S2050042D60CD6
S2050042D702DF
S2050042D823BD
S2050042D92EB1
S2050042DAF1ED
S2050042DB00DD
S2050042DC9349
S2050042DD07D4
S2050042DE0CCE
S2050042DF36A3
S2050042E023B5
S2050042E120B7
S2050042E2F1E5
S2050042E300D5
S2050042E49341
S2050042E507CC
S2050042E60CC6
S2050042E704CD
S2050042E823AD
S2050042E92CA3
S2050042EAF1DD
S2050042EB00CD
S2050042EC9339
S2050042ED07C4
S2050042EE0CBE
S2050042EF7455
S2050042F023A5
S2050042F1289F
S2050042F2F1D5
S2050042F300C5
S2050042F49331
S2050042F507BC
S2050042F60CB6
S2050042F73E83
S2050042F8239D
S2050042F9249B
S2050042FAF1CD
S2050042FB00BD
S2050042FC9329
S2050042FD8734
S2050042FE2C8E
S2050042FF5564
S2050043002394
S2050043012690
S205004302F1C4
S20500430300B4
S2050043049320
S205004305872B
S2050043063C75
S205004307555B
S205004308139C
S2050043090DA1
S20500430A00AD
S20500430B00AC
S20500430CB7F4
S20500430D0D9D
S20500430E1099
S20500430F00A8
S2050043109314
S2050043118A1C
S2050043120C99
S2050043133173
S2050043141390
S2050043158A18
S2050043164C55
S2050043173D63
S205004318930C
S2050043198915
S20500431ACCD1
S20500431B4E4E
S20500431C1388
S20500431D8911
S20500431E2C6D
S20500431F5345
S2050043202374
S2050043212A6C
S205004322F1A4
S2050043230094
S2050043243360
S205004325375B
S205004326A0F1
S205004327018F
S20500432893FC
S2050043290688
S20500432A404D
S20500432B404C
S20500432C1378
S20500432D0684
S20500432E0485
S20500432F0088
S20500433093F4
S2050043310581
S205004332C1C4
S2050043330282
S2050043341370
S20500433585FD
S2050043360D74
S2050043373947
S205004338EF90
S205004339106E
S20500433A502D
S20500433B5F1D
S20500433C0378
S20500433D2753
S20500433ECCAD
S20500433F0177
S20500434083F4
S2050043412551
S2050043424134
S2050043430074
S20500434493E0
S205004345066C
S2050043460C65
S2050043470070
S205004348135C
S2050043490668
S20500434A006D
S20500434B026A
S20500434C1358
S20500434D85E5
S20500434E0C5D
S20500434F0068
S20500435083E4
S2050043514422
S2050043522441
S2050043530064
S2050043540360
S2050043554B17
S205004356342D
S2050043570060
S205004358EF70
S205004359F06E
S20500435ACF8E
S20500435BE874
S20500435C1348
S20500435D0654
S20500435EC099
S20500435F0157
S20500436093C4
S20500436185D1
S2050043620C49
S2050043630054
S2050043641340
S20500436585CD
S2050043660A47
S2050043670050
S205004368EF60
S205004369F05E
S20500436ADF6E
S20500436BC587
S20500436C0348
S20500436D2723
S20500436ECC7D
S20500436F0345
S20500437083C4
S2050043712620
S205004372C184
S2050043730143
S2050043741330
S205004375063C
S205004376E061
S2050043770040
S20500437893AC
S20500437985B9
S20500437A0A33
S20500437B003C
S20500437C1328
S20500437D0535
S20500437E0A2F
S20500437F0038
S205004380EF48
S205004381F046
S2050043824FE6
S205004383E64E
S2050043841320
S205004385062C
S205004386A091
S2050043870030
S205004388939C
S2050043890529
S20500438A0A23
S20500438B002C
S20500438C1318
S20500438D85A5
S20500438E0920
S20500438F0028
S205004390EF38
S205004391F036
S2050043925FC6
S205004393C361
S20500439483A0
S20500439527FB
S2050043960120
S2050043970020
S205004398031C
S20500439927F7
S20500439A819C
S20500439B011B
S20500439C9388
S20500439D0614
S20500439E0019
S20500439F0216
S2050043A01304
S2050043A10610
S2050043A29085
S2050043A30113
S2050043A49380
S2050043A5858D
S2050043A60908
S2050043A70010
S2050043A813FC
S2050043A90509
S2050043AA0904
S2050043AB000C
S2050043ACEF1C
S2050043ADF01A
S2050043AEDF2A
S2050043AFB850
S2050043B08384
S2050043B127DF
S2050043B20104
S2050043B30103
S2050043B40300
S2050043B527DB
S2050043B68180
S2050043B70000
S2050043B803FC
S2050043B925D9
S2050043BAC13C
S2050043BB00FC
S2050043BC9368
S2050043BD06F4
S2050043BEB049
S2050043BF01F7
S2050043C09364
S2050043C105F1
S2050043C209EC
S2050043C300F4
S2050043C413E0
S2050043C506EC
S2050043C600F1
S2050043C702EE
S2050043C8EF00
S2050043C9F0FE
S2050043CA1FCE
S2050043CBB735
S2050043CC8368
S2050043CDC624
S2050043CE2CBD
S2050043CF5593
S2050043D003E4
S2050043D127BF
S2050043D241A4
S2050043D301E3
S2050043D4B330
S2050043D53BA7
S2050043D69051
S2050043D700E0
S2050043D8934C
S2050043D99648
S2050043DA8657
S2050043DB01DB
S2050043DC13C8
S2050043DD05D5
S2050043DE00D9
S2050043DF00D8
S2050043E09344
S2050043E1D600
S2050043E2864F
S2050043E34193
S2050043E49340
S2050043E507CB
S2050043E610C1
S2050043E700D0
S2050043E8933C
S2050043E905C9
S2050043EAB01D
S2050043EB01CB
S2050043EC03C8
S2050043ED4684
S2050043EE07C2
S2050043EF00C8
S2050043F06364
S2050043F1DAEC
S2050043F2C6FF
S2050043F300C4
S2050043F48340
S2050043F5467C
S2050043F607BA
S2050043F700C0
S2050043F813AC
S2050043F98539
S2050043FA07B6
S2050043FB00BC
S2050043FC9328
S2050043FD9624
S2050043FE8633
S2050043FF01B7
S2050044009323
S205004401D6DF
S205004402862E
S2050044034172
S205004404931F
S205004405872A
S2050044061799
S20500440700AF
S205004408139B
S20500440907A6
S20500440A1795
S20500440B00AB
S20500440CE3C7
S20500440D9019
S20500440EB7F1
S20500440FFEA9
S2050044101393
S205004411079E
S2050044121094
S20500441300A3
S205004414930F
S205004415861B
S2050044160B95
S205004417009F
S205004418138B
S2050044190697
S20500441A0D8F
S20500441B009B
S20500441C9307
S20500441D0594
S20500441E0B8D
S20500441F0097
S205004420EFA7
S205004421F0A5
S2050044225F35
S205004423CAC9
S205004424632F
S2050044259AF7
S205004426048C
S205004427008F
S20500442893FB
S2050044290786
S20500442A305C
S20500442B0685
S20500442C6327
S20500442D0683
S20500442EFD8B
S20500442F0087
S2050044301373
S2050044310D78
S2050044321D67
S2050044330083
S2050044346F13
S205004435F091
S2050044361F61
S205004437EF90
S205004438037B
S2050044392558
S20500443AC1BB
S20500443B0279
S20500443CEF8B
S20500443D0079
S20500443EC0B8
S20500443F1E59
S205004440B7BF
S2050044410570
S2050044421064
S2050044430073
S205004444135F
S205004445056C
S2050044460C64
S205004447006F
S20500444893DB
S20500444985E8
S20500444A85E7
S20500444B1E4D
S20500444CEF7B
S20500444D2049
S20500444E4028
S20500444F2E39
S205004450B7AF
S205004451075E
S2050044521054
S2050044530063
S20500445493CF
S20500445585DC
S2050044560759
S2050044573827
S205004458134B
S2050044590558
S20500445A0458
S20500445B005B
S20500445CEF6B
S20500445D2039
S20500445E4018
S20500445F2D2A
S205004460B79F
S205004461074E
S2050044621044
S2050044630053
S205004464133F
S20500446585CC
S2050044660C44
S205004467004F
S20500446893BB
S20500446985C8
S20500446A4705
S20500446B3714
S20500446CEF5B
S20500446D2029
S20500446E4008
S20500446F2C1B
S205004470EF57
S2050044710045
S2050044720044
S2050044732E15
S20500447483BF
S2050044752021
S205004476C17F
S2050044770639
S205004478033B
S2050044792419
S20500447A81BB
S20500447B0635
S20500447C83B7
S20500447D2415
S20500447E41F7
S20500447F0631
S2050044800333
S205004481290C
S2050044820133
S205004483062D
S20500448483AF
S2050044852908
S205004486C16F
S205004487052A
S205004488032B
S2050044892A03
S20500448A81AB
S20500448B0526
S20500448C83A7
S20500448D2AFF
S20500448E41E7
S20500448F0522
S2050044900323
S2050044912BFA
S2050044920123
S205004493051E
S205004494839F
S2050044952BF6
S205004496C15F
S205004497041B
S205004498031B
S2050044992CF1
S20500449A819B
S20500449B0417
S20500449C8397
S20500449D2CED
S20500449E41D7
S20500449F0413
S2050044A00313
S2050044A12DE8
S2050044A20113
S2050044A3040F
S2050044A4838F
S2050044A52DE4
S2050044A6C14F
S2050044A7030C
S2050044A813FB
S2050044A90508
S2050044AA000C
S2050044AB000B
S2050044AC13F7
S2050044AD0108
S2050044AE0107
S2050044AF0700
S2050044B0679F
S2050044B18085
S2050044B20004
S2050044B30003
S2050044B4936F
S2050044B507FA
S2050044B605FB
S2050044B700FF
S2050044B8639B
S2050044B950AD
S2050044BAA05C
S2050044BB02F9
S2050044BC37C3
S2050044BD07F2
S2050044BE01F7
S2050044BF00F7
S2050044C013E3
S2050044C105F0
S2050044C2F004
S2050044C30FE4
S2050044C4638F
S2050044C5C42D
S2050044C6E709
S2050044C700EF
S2050044C86787
S2050044C9806D
S2050044CA00EC
S2050044CB00EB
S2050044CC9357
S2050044CDD712
S2050044CE8761
S2050044CF40A7
S2050044D013D3
S2050044D1F5F0
S2050044D2F7ED
S2050044D30FD4
S2050044D4677B
S2050044D58061
S2050044D600E0
S2050044D700DF
S2050044D813CB
S2050044D905D8
S2050044DA00DC
S2050044DB00DB
S2050044DC6773
S2050044DD8059
S2050044DE00D8
S2050044DF00D7
S2050044E0B71F
S2050044E117BE
S2050044E210C4
S2050044E300D3
S2050044E4379B
S2050044E51FB2
S2050044E610C0
S2050044E700CF
S2050044E8834B
S2050044E9AE1F
S2050044EA8745
S2050044EB8348
S2050044EC03C7
S2050044ED23A6
S2050044EE8F39
S2050044EF9433
S2050044F09333
S2050044F108BD
S2050044F200C4
S2050044F310B3
S2050044F4932F
S2050044F5D8E9
S2050044F618A8
S2050044F700BF
S2050044F83787
S2050044F96E4F
S2050044FA10AC
S2050044FB00BB
S2050044FC9327
S2050044FD07B2
S2050044FE10A8
S2050044FF00B7
S2050045009322
S2050045018F25
S205004502882B
S205004503FFB3
S205004504238E
S205004505A010
S205004506FEB1
S20500450700AE
S205004508931A
S20500450905A7
S20500450A1398
S20500450B00AA
S20500450C9316
S20500450D8820
S20500450E782F
S20500450FFFA7
S2050045101392
S205004511069E
S2050045120E95
S205004513F0B2
S205004514039E
S2050045154858
S2050045164659
S205004517009E
S205004518831A
S2050045194656
S20500451A5645
S20500451B009A
S20500451C0396
S20500451D4751
S20500451E6631
S20500451F0096
S2050045208312
S205004521474D
S205004522761D
S2050045230092
S20500452493FE
S20500452596FA
S2050045268609
S205004527008E
S205004528B3DA
S205004529E6A6
S20500452A0685
S20500452B0189
S20500452C1376
S20500452D1771
S20500452E0780
S20500452F0185
S2050045303352
S205004531671D
S205004532D7AC
S2050045330082
S20500453493EE
S20500453597E9
S20500453687F8
S205004537017D
S205004538B3CA
S205004539E795
S20500453AE794
S20500453B007A
S20500453CE396
S20500453D8CEC
S20500453EB7C0
S20500453FFC7A
S2050045406312
S2050045411460
S2050045421360
S2050045430171
S205004544E38E
S20500454588E8
S2050045460768
S205004547FC72
S205004548B7B6
S2050045496705
S20500454A105B
S20500454B006A
S20500454C93D6
S20500454D87E1
S20500454E87E0
S20500454FF076
S2050045503332
S2050045510361
S205004552F370
S2050045530062
S205004554233E
S205004555243C
S205004556BFA0
S20500455794CA
S205004558233A
S205004559005C
S20500455AA3B8
S20500455B005A
S20500455C63F6
S20500455D96C2
S20500455EF562
S20500455F0155
S2050045602332
S2050045612430
S2050045620F44
S20500456394BE
S20500456493BE
S205004565054B
S205004566004F
S205004567004E
S20500456893BA
S205004569F755
S20500456AF556
S20500456B0F3B
S20500456C1336
S20500456DD771
S20500456E85C2
S20500456F0046
S20500457083C2
S20500457146FE
S2050045720E35
S205004573F052
S205004574132E
S20500457577C9
S205004576F748
S2050045770F2F
S205004578231A
S205004579003C
S20500457AFE3D
S20500457BF04A
S20500457C93A6
S20500457DD761
S20500457E0532
S20500457F0135
S20500458083B2
S20500458146EE
S2050045821E15
S205004583F042
S205004584939E
S205004585F739
S205004586F738
S2050045870F1F
S205004588A38A
S205004589002C
S20500458AEE3D
S20500458BF03A
S20500458C0326
S20500458D47E1
S20500458E2EF9
S20500458FF036
S2050045909392
S205004591D54F
S205004592859E
S2050045930121
S20500459423FE
S205004595011F
S205004596FE21
S205004597F02E
S205004598839A
S20500459947D5
S20500459A3EDD
S20500459BF02A
S20500459CA376
S20500459D0117
S20500459EBE59
S20500459FF026
S2050045A023F2
S2050045A1A074
S2050045A20E05
S2050045A30012
S2050045A467AA
S2050045A58090
S2050045A6000F
S2050045A7000E
S2050045A837D6
S2050045A916F6
S2050045AA10FB
S2050045AB000A
S2050045AC9376
S2050045AD0701
S2050045AE0007
S2050045AF10F6
S2050045B037CE
S2050045B1679D
S2050045B210F3
S2050045B30002
S2050045B4837E
S2050045B526DA
S2050045B646B9
S2050045B7946A
S2050045B8936A
S2050045B9D725
S2050045BA17E4
S2050045BB00FA
S2050045BC13E6
S2050045BD07F1
S2050045BE07F0
S2050045BFF006
S2050045C09362
S2050045C1856F
S2050045C2876C
S2050045C3FFF3
S2050045C4B33E
S2050045C58769
S2050045C6E708
S2050045C700EE
S2050045C803EA
S2050045C9A745
S2050045CA47A4
S2050045CB00EA
S2050045CCE306
S2050045CD0EDA
S2050045CED710
S2050045CFFEE8
S2050045D013D2
S2050045D1875D
S2050045D2865D
S2050045D300E2
S2050045D433AE
S2050045D58759
S2050045D6E7F8
S2050045D700DE
S2050045D803DA
S2050045D94597
S2050045DA07D4
S2050045DB00DA
S2050045DC9346
S2050045DD8652
S2050045DE16C1
S2050045DF00D6
S2050045E023B2
S2050045E122B2
S2050045E2D6FD
S2050045E3943E
S2050045E413BE
S2050045E5755B
S2050045E6F5DA
S2050045E70FBF
S2050045E8636A
S2050045E99636
S2050045EAB615
S2050045EB00CA
S2050045EC23A6
S2050045ED22A6
S2050045EE06C1
S2050045EF9432
S2050045F09332
S2050045F106BE
S2050045F200C3
S2050045F300C2
S2050045F4239E
S2050045F5A020
S2050045F6D7E8
S2050045F700BE
S2050045F86756
S2050045F9803C
S2050045FA00BB
S2050045FB00BA
S2050045FC9326
S2050045FD05B3
S2050045FE05B2
S2050045FF00B6
S205004600377D
S20500460105AE
S20500460210A2
S20500460300B1
S205004604139D
S20500460501AE
S20500460601AD
S205004607FFAE
S2050046081399
S20500460906A5
S20500460A208A
S20500460B07A2
S20500460C1395
S20500460D05A2
S20500460E05A1
S20500460F4065
S2050046102381
S205004611267D
S2050046121191
S20500461300A1
S205004614EFB1
S205004615108F
S205004616C0DE
S2050046175548
S205004618EFAD
S205004619F0AB
S20500461A1F7B
S20500461BF9A0
S20500461C8315
S20500461D2077
S20500461EC1D5
S20500461F0095
S2050046201381
S2050046210192
S2050046220191
S2050046230190
S2050046246729
S205004625800F
S205004626008E
S205004627008D
S20500462893F9
S2050046290586
S20500462A0585
S20500462B0089
S20500462C3751
S20500462D0582
S20500462E1076
S20500462F0085
S2050046301371
S2050046310182
S2050046320181
S205004633FF82
S205004634136D
S205004635057A
S2050046360579
S205004637423B
S2050046382359
S2050046392655
S20500463A1169
S20500463B0079
S20500463CEF89
S20500463D1067
S20500463E4036
S20500463F5322
S20500464083F1
S2050046412053
S205004642C1B1
S2050046430071
S205004644135D
S205004645056A
S205004646105E
S205004647006D
S2050046481359
S205004649016A
S20500464A0169
S20500464B0168
S20500464C6701
S20500464D80E7
S20500464E0066
S20500464F0065
S20500465093D1
S205004651065D
S205004652065C
S2050046530061
S205004654134D
S20500465586D9
S2050046560559
S205004657005D
S20500465893C9
S2050046590556
S20500465A0555
S20500465B0059
S20500465C3721
S20500465D0552
S20500465E1046
S20500465F0055
S2050046601341
S205004661054E
S20500466285CD
S205004663430E
S2050046646FE1
S205004665103F
S205004666C08E
S20500466750FD
S2050046683715
S2050046690546
S20500466A103A
S20500466B0049
S20500466C1335
S20500466D0146
S20500466E0145
S20500466FFE47
S2050046701331
S205004671053E
S205004672053D
S20500467346FB
S205004674231D
S2050046752C13
S20500467681BD
S205004677003D
S2050046782319
S2050046792A11
S20500467A91A9
S20500467B0039
S20500467C2315
S20500467D280F
S20500467E2115
S20500467F0134
S2050046802311
S2050046812E05
S2050046821121
S2050046830031
S205004684939D
S205004685042B
S20500468641ED
S205004687002D
S205004688EF3D
S205004689101B
S20500468A80AA
S20500468B4EDB
S20500468C1315
S20500468D0423
S20500468E0026
S20500468F0025
S2050046901311
S205004691091A
S205004692F032
S2050046930F12
S2050046946FB1
S205004695001F
S205004696809E
S205004697001D
S2050046981309
S2050046990417
S20500469A1406
S20500469B0019
S20500469CEF29
S20500469DF027
S20500469EDF37
S20500469FF025
S2050046A023F1
S2050046A18093
S2050046A2A46E
S2050046A30011
S2050046A4937D
S2050046A5848B
S2050046A614FA
S2050046A7000D
S2050046A8E329
S2050046A918F3
S2050046AA25E5
S2050046ABFF0A
S2050046AC63A5
S2050046AD10F7
S2050046AE0402
S2050046AF0203
S2050046B08381
S2050046B120E3
S2050046B2C141
S2050046B30100
S2050046B413ED
S2050046B505FA
S2050046B604FA
S2050046B700FD
S2050046B803F9
S2050046B924D7
S2050046BA8179
S2050046BB01F8
S2050046BC8375
S2050046BD24D3
S2050046BE41B5
S2050046BF01F4
S2050046C003F1
S2050046C129CA
S2050046C201F1
S2050046C301F0
S2050046C413DD
S2050046C501EE
S2050046C601ED
S2050046C702EB
S2050046C86785
S2050046C9806B
S2050046CA00EA
S2050046CB00E9
S2050046CC9355
S2050046CD07E0
S2050046CE04E2
S2050046CF01E4
S2050046D033B1
S2050046D1845F
S2050046D227BB
S2050046D300E1
S2050046D423BD
S2050046D50AD5
S2050046D604DA
S2050046D7FEDF
S2050046D803D9
S2050046D94794
S2050046DA4199
S2050046DB00D9
S2050046DC6375
S2050046DD06D1
S2050046DE07CF
S2050046DF06CF
S2050046E013C1
S2050046E106CD
S2050046E25181
S2050046E300D1
S2050046E413BD
S2050046E504CB
S2050046E600CE
S2050046E700CD
S2050046E813B9
S2050046E905C6
S2050046EA903A
S2050046EB00C9
S2050046EC13B5
S2050046ED08BF
S2050046EE5076
S2050046EF00C5
S2050046F06F55
S2050046F100C3
S2050046F2C002
S2050046F301C0
S2050046F4932D
S2050046F57748
S2050046F6F7C7
S2050046F70FAE
S2050046F803B9
S2050046F94774
S2050046FA06B4
S2050046FB00B9
S2050046FC13A5
S2050046FD14A3
S2050046FE4472
S2050046FF00B5
S20500470013A0
S20500470106AC
S205004702169B
S20500470300B0
S205004704337C
S205004705842A
S2050047068726
S20500470700AC
S205004708E3C8
S20500470904A6
S20500470A07A2
S20500470BFAAE
S20500470C9314
S20500470D079F
S20500470E079E
S20500470FFDA7
S2050047109310
S205004711069C
S205004712F7AA
S205004713FBA5
S205004714930C
S205004715F7A7
S205004716F7A6
S2050047170F8D
S2050047189308
S205004719F6A4
S20500471AF6A3
S20500471B0F89
S20500471CE3B4
S20500471D7E18
S20500471EF5A0
S20500471FFC98
S2050047209300
S205004721058D
S205004722F79A
S205004723F997
S20500472493FC
S2050047250787
S20500472697F6
S205004727FC90
S20500472893F8
S205004729F595
S20500472AF594
S20500472B0F79
S20500472C1374
S20500472D077F
S20500472E97EE
S20500472FFA8A
S20500473093F0
S205004731F78B
S205004732F78A
S2050047330F71
S205004734E39C
S205004735720C
S205004736D8A5
S205004737FC80
S205004738E398
S2050047397EFC
S20500473AB8C1
S20500473BFA7E
S20500473C3740
S20500473D0571
S20500473E1065
S20500473F0074
S2050047401360
S205004741056D
S205004742452C
S2050047433D33
S205004744EF80
S205004745105E
S205004746C0AD
S205004747422A
S2050047481358
S2050047490466
S20500474A0069
S20500474B0068
S20500474C6FF8
S20500474DF076
S20500474E5F06
S20500474FF66E
S205004750372C
S205004751055D
S2050047521051
S2050047530060
S205004754134C
S205004755015D
S205004756015C
S205004757FF5D
S2050047581348
S2050047590555
S20500475A0554
S20500475B4810
S20500475C2334
S20500475D2630
S20500475E1144
S20500475F0054
S205004760EF64
S2050047611042
S2050047620051
S205004763410F
S20500476483CC
S205004765202E
S205004766C18C
S205004767004C
S2050047681338
S2050047690149
S20500476A0148
S20500476B0147
S20500476C6FD8
S20500476DF056
S20500476EDF66
S20500476FE361
S2050047701330
S2050047710141
S2050047720140
S205004773F64A
S205004774231C
S2050047752C12
S20500477681BC
S2050047770834
S2050047782318
S2050047792A10
S20500477A91A8
S20500477B0830
S20500477C2314
S20500477D280E
S20500477E2114
S20500477F092B
S2050047802310
S205004781260C
S2050047823100
S2050047830927
S205004784230C
S205004785200E
S20500478661CC
S2050047870923
S2050047882308
S2050047892EFC
S20500478A1118
S20500478B0820
S20500478C2304
S20500478D2402
S20500478E41E4
S20500478F091B
S2050047902300
S2050047912200
S20500479251D0
S2050047930917
S20500479423FC
S2050047952EF0
S20500479671AC
S2050047970715
S20500479823F8
S2050047992CEE
S20500479A8198
S20500479B0711
S20500479C23F4
S20500479D28EE
S20500479EA174
S20500479F070D
S2050047A023F0
S2050047A126EC
S2050047A2B160
S2050047A30709
S2050047A413FC
S2050047A5F816
S2050047A60706
S2050047A70408
S2050047A813F8
S2050047A90406
S2050047AA0504
S2050047AB0008
S2050047AC9374
S2050047AD897D
S2050047AE0500
S2050047AF0004
S2050047B09370
S2050047B104FE
S2050047B206FB
S2050047B30000
S2050047B413EC
S2050047B58975
S2050047B606F7
S2050047B700FC
S2050047B813E8
S2050047B90BEF
S2050047BA07F2
S2050047BB00F8
S2050047BC6394
S2050047BD10E6
S2050047BE08ED
S2050047BF1CD8
S2050047C0B73C
S2050047C10AE8
S2050047C210E1
S2050047C300F0
S2050047C4935C
S2050047C58A64
S2050047C64AA3
S2050047C749A3
S2050047C813D8
S2050047C9FCEE
S2050047CA07E2
S2050047CB01E7
S2050047CC6384
S2050047CD04E2
S2050047CE0CD9
S2050047CF18CC
S2050047D013D0
S2050047D107DB
S2050047D200E1
S2050047D301DF
S2050047D423BC
S2050047D522BC
S2050047D6E1FC
S2050047D700DC
S2050047D813C8
S2050047D907D3
S2050047DA00D9
S2050047DB02D6
S2050047DC9344
S2050047DDF7DF
S2050047DEE7EE
S2050047DFFFD5
S2050047E023B0
S2050047E126AC
S2050047E2E1F0
S2050047E300D0
S2050047E413BC
S2050047E5F7D7
S2050047E627A6
S2050047E700CC
S2050047E89338
S2050047E9FBCF
S2050047EA07C2
S2050047EB02C6
S2050047EC6364
S2050047ED0EB8
S2050047EE07BE
S2050047EF18AC
S2050047F06360
S2050047F1CAF8
S2050047F209B8
S2050047F320A0
S2050047F413AC
S2050047F5F7C7
S2050047F64776
S2050047F700BC
S2050047F86358
S2050047F912A8
S2050047FA07B2
S2050047FB1E9A
S2050047FC9324
S2050047FDF7BF
S2050047FE872E
S2050047FF00B4
S205004800238F
S205004801248D
S20500480201AF
S20500480300AF
S205004804634B
S2050048058825
S20500480607A5
S20500480700AB
S2050048089317
S20500480907A2
S20500480A00A8
S20500480B02A5
S20500480C1393
S20500480D099C
S20500480EF9AB
S20500480FFFA4
S205004810237F
S205004811247D
S205004812F1AF
S205004813009F
S205004814633B
S2050048158E0F
S2050048160B91
S205004817009B
S2050048189307
S2050048190792
S20500481A0098
S20500481B0196
S20500481C6333
S20500481D8213
S20500481EF4A0
S20500481F2073
S20500482093FF
S205004821870A
S205004822840C
S205004823FF90
S20500482493FB
S205004825B7D6
S2050048261775
S205004827008B
S20500482893F7
S2050048290B7E
S20500482A0088
S20500482B0285
S20500482C3353
S20500482D097C
S20500482EF98B
S20500482F4043
S205004830631F
S20500483190F1
S2050048320977
S2050048331669
S20500483493EB
S2050048350776
S205004836007C
S2050048370378
S2050048382357
S2050048390E6B
S20500483AF187
S20500483B0077
S20500483C1363
S20500483D0D68
S20500483E1064
S20500483F0073
S20500484093DF
S2050048410D64
S205004842C1AF
S205004843016E
S205004844135B
S2050048450A63
S2050048460D5F
S205004847006B
S2050048486307
S2050048495415
S20500484A6DFB
S20500484B0166
S20500484C1353
S20500484D0A5B
S20500484E0B59
S20500484F0063
S20500485083DF
S205004851273A
S205004852411F
S205004853005F
S205004854332B
S2050048550954
S2050048564913
S205004857411A
S20500485863F7
S20500485990C9
S20500485A0751
S20500485B0255
S20500485C63F3
S20500485D5AFB
S20500485E2034
S20500485F1F34
S205004860133F
S205004861064B
S2050048620947
S205004863004F
S205004864133B
S2050048650548
S2050048660448
S205004867004B
S20500486893B7
S2050048690544
S20500486A0048
S20500486B0245
S20500486C3313
S20500486D0441
S20500486E2420
S20500486F0142
S205004870EF53
S205004871E061
S2050048729FA1
S205004873D669
S205004874132B
S2050048750934
S205004876F04C
S205004877FF3C
S20500487883B7
S2050048792712
S20500487A81B7
S20500487B0037
S20500487C63D3
S20500487D86AF
S20500487E072D
S20500487F0033
S205004880230F
S2050048810031
S205004882F43C
S205004883002F
S205004884131B
S2050048850429
S2050048861418
S205004887002B
S20500488863C7
S2050048898A9F
S20500488A0B1D
S20500488B0027
S20500488C1313
S20500488D071E
S20500488E80A4
S20500488F0023
S20500489063BF
S2050048918E93
S205004892E43C
S2050048931807
S205004894130B
S2050048950716
S205004896001C
S205004897011A
S20500489863B7
S2050048998A8F
S20500489AE434
S20500489B1403
S20500489C63B3
S20500489D1005
S20500489E0C08
S20500489F0211
S2050048A063AF
S2050048A154BD
S2050048A220F0
S2050048A31BF4
S2050048A4838B
S2050048A525E8
S2050048A6C14B
S2050048A7000B
S2050048A813F7
S2050048A90603
S2050048AA09FF
S2050048AB0007
S2050048AC13F3
S2050048AD0500
S2050048AE0400
S2050048AF0003
S2050048B0EF13
S2050048B1E021
S2050048B29F61
S2050048B3D22D
S2050048B433CB
S2050048B504F9
S2050048B624D8
S2050048B701FA
S2050048B813E7
S2050048B909F0
S2050048BAF008
S2050048BBFFF8
S2050048BC6393
S2050048BD5E97
S2050048BE4DA7
S2050048BF01F2
S2050048C033BF
S2050048C10AE7
S2050048C2AA46
S2050048C341AE
S2050048C413DB
S2050048C505E8
S2050048C604E8
S2050048C700EB
S2050048C813D7
S2050048C906E3
S2050048CA0ADE
S2050048CB00E7
S2050048CC9353
S2050048CD05E0
S2050048CE00E4
S2050048CF03E0
S2050048D0EFF3
S2050048D1E001
S2050048D29F41
S2050048D3D00F
S2050048D433AB
S2050048D504D9
S2050048D64498
S2050048D701DA
S2050048D8B327
S2050048D98752
S2050048DA3D9B
S2050048DB01D6
S2050048DC13C3
S2050048DD07CE
S2050048DE04D0
S2050048DF00D3
S2050048E003CF
S2050048E1C60B
S2050048E207C9
S2050048E300CF
S2050048E4933B
S2050048E58647
S2050048E607C5
S2050048E700CB
S2050048E813B7
S2050048E907C2
S2050048EA17B1
S2050048EB00C7
S2050048ECA323
S2050048ED0FB6
S2050048EEC7FD
S2050048EFFEC5
S2050048F0932F
S2050048F1873A
S2050048F2F7C9
S2050048F3FFC0
S2050048F4E3DB
S2050048F59627
S2050048F6DDDF
S2050048F7FEBD
S2050048F89327
S2050048F98930
S2050048FA199F
S2050048FB00B7
S2050048FC3383
S2050048FD04B1
S2050048FE3480
S2050048FF01B2
S205004900634E
S2050049015C54
S205004902208F
S20500490301AD
S205004904139A
S20500490505A7
S20500490604A7
S20500490700AA
S2050049081396
S20500490906A2
S20500490A099E
S20500490B00A6
S20500490C9312
S20500490D059F
S20500490E00A3
S20500490F02A0
S205004910EFB2
S205004911E0C0
S2050049129F00
S205004913CCD2
S205004914336A
S2050049150498
S2050049162477
S2050049170199
S2050049188316
S2050049192078
S20500491AC1D6
S20500491B098D
S20500491C1382
S20500491D058F
S20500491E048F
S20500491F0092
S205004920038E
S205004921246C
S205004922810E
S2050049230985
S205004924830A
S2050049252468
S205004926414A
S2050049270981
S2050049280386
S205004929295F
S20500492A0186
S20500492B097D
S20500492C8302
S20500492D295B
S20500492EC1C2
S20500492F087A
S205004930037E
S2050049312A56
S20500493281FE
S2050049330876
S20500493483FA
S2050049352A52
S205004936413A
S2050049370872
S2050049380376
S2050049392B4D
S20500493A0176
S20500493B086E
S20500493C83F2
S20500493D2B49
S20500493EC1B2
S20500493F076B
S205004940036E
S2050049412C44
S20500494281EE
S2050049430767
S205004944036A
S2050049452D3F
S205004946016A
S2050049470763
S20500494883E6
S2050049492D3B
S20500494AC1A6
S20500494B0660
S20500494C1352
S20500494D0163
S20500494E0162
S20500494F0A58
S20500495067FA
S20500495180E0
S205004952005F
S205004953005E
S20500495493CA
S205004955F666
S2050049561744
S2050049570159
S2050049581346
S205004959F761
S20500495A1740
S20500495B0056
S20500495C2332
S20500495D2232
S20500495ED182
S20500495F0052
S20500496063EE
S2050049610C44
S2050049620748
S2050049630E40
S205004964133A
S2050049650745
S205004966004B
S2050049670347
S2050049682326
S2050049692622
S20500496AE166
S20500496B0046
S20500496C1332
S20500496DF74D
S20500496E271C
S20500496F0042
S20500497093AE
S205004971FB45
S2050049720738
S205004973023C
S20500497463DA
S2050049750A32
S2050049760734
S205004977003A
S2050049786FCA
S205004979F048
S20500497A9F98
S20500497BE74F
S20500497CB77E
S20500497D0A2A
S20500497E1023
S20500497F0032
S205004980939E
S2050049818AA6
S205004982CA65
S2050049834BE3
S2050049846FBE
S205004985F03C
S2050049865FCC
S205004987E446
S2050049882306
S2050049892404
S20500498A0126
S20500498B0026
S20500498C6FB6
S20500498DF034
S20500498E9F84
S20500498FE83A
S20500499023FE
S2050049912AF6
S205004992918E
S2050049930717
S205004994130A
S2050049958597
S2050049960912
S205004997001A
S2050049981306
S2050049990D0B
S20500499A0017
S20500499B0016
S20500499C9382
S20500499D0D07
S20500499EC152
S20500499F0111
S2050049A0937E
S2050049A1858B
S2050049A2040B
S2050049A3000E
S2050049A413FA
S2050049A50A02
S2050049A60506
S2050049A7000A
S2050049A8EF1A
S2050049A9E028
S2050049AA5FA8
S2050049AB9A6C
S2050049AC33D2
S2050049AD857F
S2050049AEAA59
S2050049AF0002
S2050049B0837E
S2050049B146BA
S2050049B205FA
S2050049B300FE
S2050049B4936A
S2050049B509F3
S2050049B60DEE
S2050049B700FA
S2050049B813E6
S2050049B90DEB
S2050049BA1DDA
S2050049BB00F6
S2050049BCB342
S2050049BD8C68
S2050049BEAD46
S2050049BF01F1
S2050049C0935E
S2050049C1856B
S2050049C204EB
S2050049C300EE
S2050049C413DA
S2050049C505E7
S2050049C60AE1
S2050049C700EA
S2050049C8A346
S2050049C98F59
S2050049CADC0B
S2050049CBFEE8
S2050049CCEFF6
S2050049CDE004
S2050049CE9F44
S2050049CF934F
S2050049D0E3FE
S2050049D17868
S2050049D29A45
S2050049D3FCE2
S2050049D4835A
S2050049D52CB0
S2050049D6419A
S2050049D707D3
S2050049D86F6A
S2050049D9F0E8
S2050049DADFF8
S2050049DBE6F0
S2050049DC9342
S2050049DD07CD
S2050049DEB023
S2050049DF02D0
S2050049E013BE
S2050049E109C7
S2050049E2F9D6
S2050049E3FFCF
S2050049E423AA
S2050049E524A8
S2050049E6F1DA
S2050049E700CA
S2050049E86F5A
S2050049E9F0D8
S2050049EADFE8
S2050049EBE2E4
S2050049EC13B2
S2050049ED07BD
S2050049EE00C3
S2050049EF03BF
S2050049F0239E
S2050049F100C0
S2050049F2E4DB
S2050049F300BE
S2050049F413AA
S2050049F507B5
S2050049F6803B
S2050049F707B3
S2050049F8A316
S2050049F900B8
S2050049FAE4D3
S2050049FB00B6
S2050049FC13A2
S2050049FD04B0
S2050049FE248F
S2050049FF00B2
S205004A006F41
S205004A01F0BF
S205004A02DFCF
S205004A03E9C4
S205004A04B3F9
S205004A0509A2
S205004A06307A
S205004A074168
S205004A081395
S205004A09099E
S205004A0AF9AD
S205004A0BFFA6
S205004A0C6341
S205004A0D980B
S205004A0E0B97
S205004A0F029F
S205004A10930D
S205004A110798
S205004A12D0CE
S205004A13029B
S205004A142379
S205004A152A71
S205004A169109
S205004A170792
S205004A182375
S205004A192473
S205004A1AF1A5
S205004A1B0095
S205004A1C6F25
S205004A1DF0A3
S205004A1E9FF3
S205004A1FF79A
S205004A20137D
S205004A210986
S205004A22E9A5
S205004A23FF8E
S205004A2493F9
S205004A250B80
S205004A26008A
S205004A270287
S205004A286F19
S205004A29F097
S205004A2A9FE7
S205004A2BE0A5
S205004A2C1371
S205004A2D077C
S205004A2E0082
S205004A2F037E
S205004A30235D
S205004A31007F
S205004A32E49A
S205004A33007D
S205004A341369
S205004A350477
S205004A361466
S205004A370079
S205004A386F09
S205004A39F087
S205004A3A5F17
S205004A3BE68F
S205004A3C93E1
S205004A3D076C
S205004A3ED0A2
S205004A3F026F
S205004A40234D
S205004A41244B
S205004A42F17D
S205004A43006D
S205004A446FFD
S205004A45F07B
S205004A465F0B
S205004A47DD8C
S205004A481355
S205004A49095E
S205004A4AF96D
S205004A4BFF66
S205004A4C6FF5
S205004A4DF073
S205004A4E1F43
S205004A4FE77A
S205004A50134D
S205004A510956
S205004A52F965
S205004A53FF5E
S205004A546FED
S205004A55F06B
S205004A565FFB
S205004A57E277
S205004A581345
S205004A590750
S205004A5A0056
S205004A5B0253
S205004A5C2331
S205004A5D2231
S205004A5E0151
S205004A5F0051
S205004A60232D
S205004A612629
S205004A62E16D
S205004A63004D
S205004A646FDD
S205004A65F05B
S205004A661F2B
S205004A67D871
S205004A681335
S205004A690146
S205004A6A0145
S205004A6BEF56
S205004A6C2321
S205004A6D261D
S205004A6E1131
S205004A6F1031
S205004A70231D
S205004A71221D
S205004A7291AD
S205004A73102D
S205004A7483B9
S205004A75C774
S205004A760535
S205004A770039
S205004A782315
S205004A792413
S205004A7AA195
S205004A7B0035
S205004A7CE351
S205004A7D8EA5
S205004A7E072B
S205004A7F3EF3
S205004A80B779
S205004A810827
S205004A82101E
S205004A83002D
S205004A842309
S205004A852407
S205004A8681A9
S205004A871019
S205004A882305
S205004A892007
S205004A8A2105
S205004A8B1114
S205004A8C2301
S205004A8D2EF5
S205004A8E31F1
S205004A8F0F12
S205004A9023FD
S205004A912CF3
S205004A9241DD
S205004A930F0E
S205004A9423F9
S205004A952AF1
S205004A9651C9
S205004A970F0A
S205004A9823F5
S205004A9928EF
S205004A9A61B5
S205004A9B0F06
S205004A9C23F1
S205004A9D26ED
S205004A9E71A1
S205004A9F0F02
S205004AA023ED
S205004AA124EB
S205004AA2818D
S205004AA30FFE
S205004AA423E9
S205004AA522E9
S205004AA69179
S205004AA70FFA
S205004AA823E5
S205004AA920E7
S205004AAAA165
S205004AAB0FF6
S205004AAC23E1
S205004AAD2ED5
S205004AAEB151
S205004AAF0DF4
S205004AB013ED
S205004AB1847B
S205004AB205F9
S205004AB300FD
S205004AB49369
S205004AB50BF0
S205004AB606F4
S205004AB700F9
S205004AB89365
S205004AB904F3
S205004ABA05F1
S205004ABB00F5
S205004ABC9361
S205004ABD09EA
S205004ABE50A2
S205004ABF02EF
S205004AC013DD
S205004AC10BE4
S205004AC200EE
S205004AC301EC
S205004AC413D9
S205004AC58962
S205004AC648A2
S205004AC76188
S205004AC89355
S205004AC90ADD
S205004ACA9056
S205004ACB00E5
S205004ACC13D1
S205004ACD0AD9
S205004ACEE002
S205004ACF02DF
S205004AD0637D
S205004AD1805F
S205004AD237A7
S205004AD307D6
S205004AD423B9
S205004AD5805B
S205004AD6F4E6
S205004AD700D9
S205004AD88355
S205004AD94790
S205004ADA14C2
S205004ADB00D5
S205004ADC9341
S205004ADD844F
S205004ADE14BE
S205004ADF00D1
S205004AE013BD
S205004AE104CB
S205004AE214BA
S205004AE300CD
S205004AE4E3E9
S205004AE59635
S205004AE607C3
S205004AE7FECB
S205004AE803C5
S205004AE924A3
S205004AEA8145
S205004AEB10B5
S205004AEC03C1
S205004AED299A
S205004AEE01C1
S205004AEF10B1
S205004AF0833D
S205004AF12996
S205004AF2C1FD
S205004AF30FAE
S205004AF403B9
S205004AF52A91
S205004AF68139
S205004AF70FAA
S205004AF88335
S205004AF92A8D
S205004AFA4175
S205004AFB0FA6
S205004AFC03B1
S205004AFD2B88
S205004AFE01B1
S205004AFF0FA2
S205004B00832C
S205004B012B83
S205004B02C1EC
S205004B030E9E
S205004B0403A8
S205004B052C7E
S205004B068128
S205004B070E9A
S205004B088324
S205004B092C7A
S205004B0A4164
S205004B0B0E96
S205004B0C03A0
S205004B0D2D75
S205004B0E01A0
S205004B0F0E92
S205004B10831C
S205004B112D71
S205004B12C1DC
S205004B130D8F
S205004B142378
S205004B15801A
S205004B160495
S205004B170098
S205004B188314
S205004B19276F
S205004B1A8114
S205004B1B0094
S205004B1C8310
S205004B1D2072
S205004B1EC1D0
S205004B1F1080
S205004B20335C
S205004B218509
S205004B22F499
S205004B23404C
S205004B248308
S205004B252466
S205004B264148
S205004B271078
S205004B281374
S205004B290185
S205004B2A0184
S205004B2B1173
S205004B2C671C
S205004B2D8002
S205004B2E0081
S205004B2F0080
S205004B3093EC
S205004B310777
S205004B32007D
S205004B33007C
S205004B340378
S205004B354832
S205004B361465
S205004B370078
S205004B3893E4
S205004B390C6A
S205004B3A1461
S205004B3B0074
S205004B3C1360
S205004B3D076B
S205004B3E0869
S205004B3FFE72
S205004B40135C
S205004B4177F7
S205004B42F776
S205004B430F5D
S205004B446308
S205004B456A00
S205004B46EB7E
S205004B470068
S205004B481354
S205004B49174F
S205004B4A273E
S205004B4B0064
S205004B4C3330
S205004B4D075B
S205004B4E273A
S205004B4F015F
S205004B50035C
S205004B512737
S205004B520756
S205004B53005C
S205004B5467F4
S205004B55005A
S205004B560752
S205004B570058
S205004B581344
S205004B59074F
S205004B5A084D
S205004B5BFD57
S205004B5C1340
S205004B5D77DB
S205004B5EF75A
S205004B5F0F41
S205004B6063EC
S205004B61FE50
S205004B62EA63
S205004B63103C
S205004B641338
S205004B650743
S205004B66A0A9
S205004B670246
S205004B681334
S205004B690D39
S205004B6AF055
S205004B6BFF45
S205004B6C63E0
S205004B6D0240
S205004B6EE859
S205004B6F142C
S205004B7093AC
S205004B710D31
S205004B72F04D
S205004B73FF3D
S205004B7463D8
S205004B750E2C
S205004B7648F1
S205004B770D2B
S205004B781324
S205004B7977BF
S205004B7AF83D
S205004B7B0D27
S205004B7C93A0
S205004B7D062C
S205004B7EC071
S205004B7F042C
S205004B8063CC
S205004B810E20
S205004B82D756
S205004B830824
S205004B841318
S205004B850723
S205004B86F831
S205004B87FB2D
S205004B881314
S205004B8977AF
S205004B8AF72E
S205004B8B0F15
S205004B8C9390
S205004B8D061C
S205004B8E70B1
S205004B8F031D
S205004B9063BC
S205004B91EC32
S205004B92E637
S205004B930418
S205004B94B764
S205004B950614
S205004B961009
S205004B970018
S205004B981304
S205004B9917FF
S205004B9A27EE
S205004B9B0014
S205004B9C9380
S205004B9D868C
S205004B9E868B
S205004B9F65AB
S205004BA033DC
S205004BA10707
S205004BA2D736
S205004BA3000C
S205004BA40308
S205004BA527E3
S205004BA60702
S205004BA70008
S205004BA867A0
S205004BA90006
S205004BAA07FE
S205004BAB0004
S205004BAC9370
S205004BADE71B
S205004BAE17EA
S205004BAF0000
S205004BB013EC
S205004BB1847A
S205004BB20CF1
S205004BB300FC
S205004BB46F8C
S205004BB5F00A
S205004BB61FDA
S205004BB7F800
S205004BB89364
S205004BB9E70F
S205004BBA07EE
S205004BBB01F3
S205004BBC13E0
S205004BBD846E
S205004BBE0CE5
S205004BBF00F0
S205004BC06F80
S205004BC1F0FE
S205004BC25F8E
S205004BC3F7F5
S205004BC49358
S205004BC5E703
S205004BC647A2
S205004BC700E8
S205004BC813D4
S205004BC98462
S205004BCA0CD9
S205004BCB00E4
S205004BCC6F74
S205004BCDF0F2
S205004BCE9F42
S205004BCFF6EA
S205004BD0934C
S205004BD1E7F7
S205004BD207D6
S205004BD302DA
S205004BD413C8
S205004BD58456
S205004BD60CCD
S205004BD700D8
S205004BD86F68
S205004BD9F0E6
S205004BDADFF6
S205004BDBF5DF
S205004BDC9340
S205004BDDE7EB
S205004BDE874A
S205004BDF00D0
S205004BE013BC
S205004BE1844A
S205004BE20CC1
S205004BE300CC
S205004BE46F5C
S205004BE5F0DA
S205004BE61FAA
S205004BE7F5D3
S205004BE813B4
S205004BE98C3A
S205004BEA0CB9
S205004BEB00C4
S205004BEC9330
S205004BED07BB
S205004BEE5071
S205004BEF02BE
S205004BF0635C
S205004BF10AB4
S205004BF2F8C5
S205004BF300BC
S205004BF42398
S205004BF5803A
S205004BF6F4C5
S205004BF700B8
S205004BF803B4
S205004BF9486E
S205004BFA0CA9
S205004BFB00B4
S205004BFC9320
S205004BFD842E
S205004BFE149D
S205004BFF00B0
S205004C00E3CB
S205004C0104A9
S205004C0208A4
S205004C03EEBD
S205004C042387
S205004C058029
S205004C0604A4
S205004C0701A6
S205004C088323
S205004C09475E
S205004C0A1C88
S205004C0B00A3
S205004C0C138F
S205004C0D049D
S205004C0E1C84
S205004C0F009F
S205004C10930B
S205004C118419
S205004C121488
S205004C13009B
S205004C14E3B7
S205004C159EFB
S205004C160791
S205004C17EAAD
S205004C186F27
S205004C19F0A5
S205004C1A1F75
S205004C1BEDA6
S205004C1C93FF
S205004C1D058C
S205004C1E0888
S205004C1F008F
S205004C20038B
S205004C21C8C5
S205004C221C70
S205004C23008B
S205004C2493F7
S205004C250683
S205004C267018
S205004C270384
S205004C281373
S205004C298CF9
S205004C2A1C68
S205004C2B0083
S205004C2C136F
S205004C2D077A
S205004C2EF888
S205004C2FFB84
S205004C30136B
S205004C317706
S205004C32F785
S205004C330F6C
S205004C34E397
S205004C35EC8D
S205004C36E692
S205004C37FA7D
S205004C38B7BF
S205004C39066F
S205004C3A1064
S205004C3B0073
S205004C3C135F
S205004C3D175A
S205004C3E2749
S205004C3F006F
S205004C4093DB
S205004C4186E7
S205004C4286E6
S205004C4373F8
S205004C443337
S205004C450762
S205004C46D791
S205004C470067
S205004C480363
S205004C49273E
S205004C4A075D
S205004C4B0063
S205004C4C67FB
S205004C4D0061
S205004C4E0759
S205004C4F005F
S205004C50035B
S205004C51C895
S205004C521C40
S205004C53005B
S205004C541347
S205004C550653
S205004C5690C8
S205004C570057
S205004C5893C3
S205004C5986CF
S205004C5A1C38
S205004C5B0053
S205004C5C133F
S205004C5D074A
S205004C5E0848
S205004C5FFD52
S205004C60133B
S205004C6177D6
S205004C62F755
S205004C630F3C
S205004C6463E7
S205004C6570D9
S205004C66E662
S205004C670A3D
S205004C681333
S205004C69073E
S205004C6AA0A4
S205004C6B0241
S205004C6C63DF
S205004C6D0C35
S205004C6EE858
S205004C6F0C33
S205004C7093AB
S205004C718CB1
S205004C720636
S205004C73003B
S205004C7493A7
S205004C750D2C
S205004C760038
S205004C770037
S205004C786FC7
S205004C79F045
S205004C7A1F15
S205004C7BF043
S205004C7C131F
S205004C7D0D24
S205004C7E0030
S205004C7F002F
S205004C80939B
S205004C810627
S205004C82909C
S205004C83002B
S205004C841317
S205004C851712
S205004C862DFB
S205004C870027
S205004C8833F3
S205004C89071E
S205004C8AA77D
S205004C8B0122
S205004C8C938F
S205004C8D8C95
S205004C8E1C04
S205004C8F001F
S205004C90130B
S205004C911706
S205004C921705
S205004C93001B
S205004C9433E7
S205004C950712
S205004C960711
S205004C970116
S205004C980313
S205004C99C84D
S205004C9A0C08
S205004C9B0013
S205004C9C13FF
S205004C9D0D04
S205004C9E0709
S205004C9FFD12
S205004CA013FB
S205004CA10706
S205004CA20804
S205004CA3FD0E
S205004CA413F7
S205004CA57792
S205004CA6F711
S205004CA70FF8
S205004CA8E323
S205004CA9FE07
S205004CAAE61E
S205004CABFC07
S205004CAC6F93
S205004CADF011
S205004CAE5FA1
S205004CAFEC13
S205004CB003FB
S205004CB1AD50
S205004CB20BF1
S205004CB300FB
S205004CB403F7
S205004CB548B1
S205004CB624D4
S205004CB700F7
S205004CB89363
S205004CB90CE9
S205004CBA24D0
S205004CBB00F3
S205004CBC935F
S205004CBD8B66
S205004CBE4BA5
S205004CBF00EF
S205004CC0E30B
S205004CC15895
S205004CC20DDF
S205004CC3EA01
S205004CC433B7
S205004CC50DDC
S205004CC6A048
S205004CC741A6
S205004CC89353
S205004CC9E7FE
S205004CCA07DD
S205004CCB01E2
S205004CCC6F73
S205004CCDF0F1
S205004CCE5F81
S205004CCFEAF5
S205004CD013CB
S205004CD18C51
S205004CD20CD0
S205004CD300DB
S205004CD413C7
S205004CD506D3
S205004CD6A038
S205004CD700D7
S205004CD88353
S205004CD9A530
S205004CDA0BC9
S205004CDB00D3
S205004CDC933F
S205004CDD8B46
S205004CDE4B85
S205004CDF00CF
S205004CE013BB
S205004CE18548
S205004CE204C8
S205004CE300CB
S205004CE413B7
S205004CE58742
S205004CE60DBB
S205004CE700C7
S205004CE89333
S205004CE906BF
S205004CEA0DB7
S205004CEB00C3
S205004CECEFD3
S205004CEDF0D1
S205004CEE5F61
S205004CEFA817
S205004CF0833B
S205004CF14776
S205004CF21CA0
S205004CF300BB
S205004CF49327
S205004CF504B5
S205004CF605B3
S205004CF700B7
S205004CF813A3
S205004CF904B1
S205004CFA1C98
S205004CFB00B3
S205004CFCE3CF
S205004CFD9A17
S205004CFE07A9
S205004CFFDCD3
S205004D006F3E
S205004D01F0BC
S205004D029F0C
S205004D03DECC
S205004D049316
S205004D050E9A
S205004D0600A7
S205004D0700A6
S205004D081392
S205004D09970D
S205004D0A2E75
S205004D0B00A2
S205004D0C336E
S205004D0D0799
S205004D0ED7C8
S205004D0F019D
S205004D10930A
S205004D118616
S205004D121685
S205004D13009A
S205004D141386
S205004D151781
S205004D161780
S205004D170096
S205004D183362
S205004D19078D
S205004D1A078C
S205004D1B0191
S205004D1C038E
S205004D1DC8C8
S205004D1E0689
S205004D1F008E
S205004D2093FA
S205004D210E7E
S205004D220784
S205004D23FD8D
S205004D241376
S205004D250781
S205004D26087F
S205004D27FD89
S205004D281372
S205004D29770D
S205004D2AF78C
S205004D2B0F73
S205004D2CE39E
S205004D2D7E02
S205004D2EE699
S205004D2FFC82
S205004D30136A
S205004D31C7B5
S205004D32FE7D
S205004D33FF7B
S205004D341366
S205004D355721
S205004D36F780
S205004D374135
S205004D38B3C2
S205004D39FD77
S205004D3AEE85
S205004D3B0072
S205004D3C93DE
S205004D3D8CE4
S205004D3E0669
S205004D3F006E
S205004D406FFE
S205004D41F07C
S205004D429FCC
S205004D43E387
S205004D4483E6
S205004D45ADBB
S205004D460B5C
S205004D470066
S205004D480362
S205004D49C89C
S205004D4A2C37
S205004D4B0062
S205004D4C93CE
S205004D4D8BD5
S205004D4E4B14
S205004D4F005E
S205004D50134A
S205004D51C795
S205004D52FD5E
S205004D53FF5B
S205004D541346
S205004D555701
S205004D56F760
S205004D574115
S205004D58B3A2
S205004D59FD57
S205004D5AED66
S205004D5B0052
S205004D5C93BE
S205004D5D8CC4
S205004D5E2C23
S205004D5F004E
S205004D606FDE
S205004D61F05C
S205004D629FAC
S205004D63E169
S205004D641336
S205004D650741
S205004D66C087
S205004D670640
S205004D6893B2
S205004D69E75D
S205004D6A271C
S205004D6B0042
S205004D6CE35E
S205004D6D84BC
S205004D6EE55A
S205004D6FF648
S205004D70132A
S205004D7187B5
S205004D724BF0
S205004D73003A
S205004D7483B6
S205004D75A593
S205004D760B2C
S205004D770036
S205004D781322
S205004D79062E
S205004D7AA093
S205004D7B0032
S205004D7C939E
S205004D7D0B25
S205004D7E0728
S205004D7F002E
S205004D806FBE
S205004D81F03C
S205004D821F0C
S205004D83F634
S205004D841316
S205004D858C9C
S205004D860C1B
S205004D870026
S205004D881312
S205004D89061E
S205004D8A80A3
S205004D8B0022
S205004D8C6FB2
S205004D8DF030
S205004D8EDF40
S205004D8FF42A
S205004D90130A
S205004D918C90
S205004D920C0F
S205004D93001A
S205004D941306
S205004D950612
S205004D960017
S205004D970115
S205004D986FA6
S205004D99F024
S205004D9A1FF4
S205004D9BF41E
S205004D9C13FE
S205004D9D8C84
S205004D9E0C03
S205004D9F000E
S205004DA0030A
S205004DA1A468
S205004DA20B00
S205004DA3000A
S205004DA49376
S205004DA58B7D
S205004DA64BBC
S205004DA70006
S205004DA8E322
S205004DA90400
S205004DAA04FF
S205004DAB2ED4
S205004DAC03FE
S205004DAD47B9
S205004DAE04FB
S205004DAF00FE
S205004DB0E31A
S205004DB104F8
S205004DB207F4
S205004DB338C2
S205004DB4E316
S205004DB58276
S205004DB60DEA
S205004DB738BE
S205004DB813E2
S205004DB907ED
S205004DBA04EF
S205004DBB00F2
S205004DBC6F82
S205004DBD00F0
S205004DBEC02F
S205004DBF00EE
S205004DC0B33A
S205004DC106E6
S205004DC2B734
S205004DC341A9
S205004DC46386
S205004DC58860
S205004DC68661
S205004DC700E6
S205004DC88362
S205004DC9469E
S205004DCA17CC
S205004DCB00E2
S205004DCC13CE
S205004DCD07D9
S205004DCE17C8
S205004DCF00DE
S205004DD0E3FA
S205004DD19844
S205004DD206D5
S205004DD3FEDC
S205004DD49346
S205004DD5F7E1
S205004DD607D0
S205004DD701D5
S205004DD8B322
S205004DD90CC8
S205004DDA874C
S205004DDB4092
S205004DDC636E
S205004DDD8A46
S205004DDE07C8
S205004DDF0AC4
S205004DE0636A
S205004DE1527A
S205004DE2903B
S205004DE309C1
S205004DE49336
S205004DE58741
S205004DE6FCCB
S205004DE7FFC7
S205004DE813B2
S205004DE907BD
S205004DEA6063
S205004DEB00C2
S205004DECE3DE
S205004DED744C
S205004DEEF7C8
S205004DEF0AB4
S205004DF0B30A
S205004DF1E7D5
S205004DF28437
S205004DF300BA
S205004DF49326
S205004DF5F7C1
S205004DF63780
S205004DF700B6
S205004DF8E3D2
S205004DF99E16
S205004DFA07AC
S205004DFB08AA
S205004DFC931E
S205004DFD07A9
S205004DFE149B
S205004DFF00AE
S205004E003379
S205004E018724
S205004E02F4B6
S205004E034069
S205004E041395
S205004E053770
S205004E06376F
S205004E0700A5
S205004E08E3C1
S205004E09188B
S205004E0A079B
S205004E0B0899
S205004E0C930D
S205004E0DF5AA
S205004E0ECCD2
S205004E0FFF9E
S205004E109309
S205004E118714
S205004E120496
S205004E130099
S205004E143365
S205004E150691
S205004E16B4E2
S205004E170095
S205004E180391
S205004E19276C
S205004E1A048E
S205004E1B0091
S205004E1C137D
S205004E1D048B
S205004E1E444A
S205004E1F008D
S205004E2093F9
S205004E218704
S205004E224743
S205004E230089
S205004E242365
S205004E25AED9
S205004E26E79F
S205004E27FE87
S205004E28E3A1
S205004E29186B
S205004E2A86FC
S205004E2BFE83
S205004E2C334D
S205004E2D87F8
S205004E2EB4CA
S205004E2F007D
S205004E30B3C9
S205004E3186F5
S205004E3294E6
S205004E330178
S205004E346315
S205004E3586F1
S205004E3695E1
S205004E370372
S205004E380371
S205004E39452E
S205004E3A066C
S205004E3B0071
S205004E3C93DD
S205004E3D87E8
S205004E3E1559
S205004E3F006D
S205004E402349
S205004E41006B
S205004E42A7C3
S205004E430069
S205004E446305
S205004E45DE89
S205004E4697CF
S205004E470164
S205004E4883E1
S205004E49471C
S205004E4A164C
S205004E4B0061
S205004E4C93CD
S205004E4D85DA
S205004E4E2539
S205004E4F005D
S205004E50A3B9
S205004E51005B
S205004E52F763
S205004E530059
S205004E5463F5
S205004E55D681
S205004E5695C1
S205004E570154
S205004E5883D1
S205004E59470C
S205004E5A262C
S205004E5B0051
S205004E5C232D
S205004E5D014E
S205004E5EF757
S205004E5F004D
S205004E6093B9
S205004E6184C7
S205004E620644
S205004E630049
S205004E641335
S205004E650443
S205004E661C2A
S205004E670045
S205004E68E361
S205004E69DA69
S205004E6AAC96
S205004E6B3D04
S205004E6CB38D
S205004E6D0C33
S205004E6E9DA1
S205004E6F41FC
S205004E701329
S205004E7185B6
S205004E720436
S205004E730039
S205004E741325
S205004E7586B1
S205004E760C2A
S205004E770035
S205004E7893A1
S205004E79052E
S205004E7A0032
S205004E7B022F
S205004E7CEF41
S205004E7DE04F
S205004E7ECF5F
S205004E7FF538
S205004E8083A9
S205004E8147E4
S205004E821C0E
S205004E830029
S205004E84B375
S205004E8584A3
S205004E869492
S205004E870124
S205004E88E341
S205004E89948F
S205004E8A071B
S205004E8BC45D
S205004E8C6FB1
S205004E8DF02F
S205004E8EDF3F
S205004E8FC558
S205004E90E339
S205004E91D447
S205004E92AC6E
S205004E9333E6
S205004E94B365
S205004E950D0A
S205004E969D79
S205004E9741D4
S205004E981301
S205004E99858E
S205004E9A040E
S205004E9B0011
S205004E9C13FD
S205004E9D8689
S205004E9E0D01
S205004E9F000D
S205004EA09379
S205004EA10506
S205004EA2000A
S205004EA30207
S205004EA4EF19
S205004EA5E027
S205004EA64FB7
S205004EA7F312
S205004EA813F1
S205004EA98D76
S205004EAAFC06
S205004EABFF02
S205004EACB34D
S205004EAD847B
S205004EAEB44A
S205004EAF01FC
S205004EB06F8D
S205004EB1F00B
S205004EB21FDB
S205004EB3F306
S205004EB413E5
S205004EB58C6B
S205004EB60CEA
S205004EB700F5
S205004EB89361
S205004EB98B68
S205004EBA7B77
S205004EBB00F1
S205004EBC935D
S205004EBDFBF4
S205004EBE8B63
S205004EBFFFEE
S205004EC09359
S205004EC1F6F5
S205004EC207E3
S205004EC301E8
S205004EC403E5
S205004EC5A83F
S205004EC60BDB
S205004EC700E5
S205004EC803E1
S205004EC9A43F
S205004ECA4B97
S205004ECB00E1
S205004ECC934D
S205004ECD8B54
S205004ECE8B53
S205004ECF00DD
S205004ED06379
S205004ED18457
S205004ED206D4
S205004ED37E5B
S205004ED49345
S205004ED5F7E0
S205004ED6E7EF
S205004ED7FFD6
S205004ED89341
S205004ED9ECE7
S205004EDA27AB
S205004EDB00D1
S205004EDC933D
S205004EDD07C8
S205004EDE00CE
S205004EDF01CC
S205004EE023A9
S205004EE126A5
S205004EE2F1D9
S205004EE300C9
S205004EE49335
S205004EE507C0
S205004EE600C6
S205004EE702C3
S205004EE823A1
S205004EE92A99
S205004EEAF1D1
S205004EEB00C1
S205004EEC13AD
S205004EED05BA
S205004EEE08B6
S205004EEF00BD
S205004EF09329
S205004EF105B6
S205004EF204B6
S205004EF300B9
S205004EF413A5
S205004EF506B1
S205004EF600B6
S205004EF700B5
S205004EF89321
S205004EF906AD
S205004EFA00B2
S205004EFB00B1
S205004EFC238D
S205004EFD2887
S205004EFE01AD
S205004EFF01AC
S205004F00EFBC
S205004F01C0EA
S205004F024F5A
S205004F03F3B5
S205004F0403A4
S205004F05287E
S205004F0601A4
S205004F0701A3
S205004F08E3C0
S205004F094A58
S205004F0A059C
S205004F0B3070
S205004F0C930C
S205004F0DF7A7
S205004F0E4C51
S205004F0F009C
S205004F10E3B8
S205004F11900A
S205004F120792
S205004F132078
S205004F149304
S205004F15F79F
S205004F168C09
S205004F170094
S205004F182370
S205004F19286A
S205004F1A0190
S205004F1B0090
S205004F1C632C
S205004F1D8806
S205004F1E0786
S205004F1F008C
S205004F2093F8
S205004F210783
S205004F220089
S205004F230286
S205004F241374
S205004F250D79
S205004F26FD88
S205004F27FF85
S205004F282360
S205004F29285A
S205004F2AF190
S205004F2B0080
S205004F2C93EC
S205004F2D0777
S205004F2EF08D
S205004F2FFF7D
S205004F306318
S205004F3194E6
S205004F32FD7C
S205004F330078
S205004F3493E4
S205004F350D69
S205004F366015
S205004F370074
S205004F381360
S205004F39056D
S205004F3A0869
S205004F3B0070
S205004F3C93DC
S205004F3D0767
S205004F3E016C
S205004F3F0864
S205004F401358
S205004F410763
S205004F42C1A8
S205004F430266
S205004F4493D4
S205004F450561
S205004F460461
S205004F470064
S205004F4893D0
S205004F49065C
S205004F4A81E0
S205004F4B025E
S205004F4C134C
S205004F4D86D8
S205004F4E0D50
S205004F4F005C
S205004F50EF6C
S205004F51104A
S205004F524019
S205004F531D3B
S205004F540354
S205004F55272F
S205004F56C194
S205004F570252
S205004F581340
S205004F59084A
S205004F5A054C
S205004F5B0050
S205004F5C93BC
S205004F5D0747
S205004F5E014C
S205004F5F0349
S205004F6063E8
S205004F610842
S205004F620742
S205004F630048
S205004F6493B4
S205004F65073F
S205004F66D075
S205004F670242
S205004F682320
S205004F69083A
S205004F6AF150
S205004F6B023E
S205004F6C93AC
S205004F6D0737
S205004F6E112C
S205004F6F0339
S205004F700338
S205004F7147F3
S205004F720831
S205004F730038
S205004F74E354
S205004F750432
S205004F76072E
S205004F773400
S205004F7883B0
S205004F79250D
S205004F7A81B0
S205004F7B022E
S205004F7C939C
S205004F7D0628
S205004F7E1815
S205004F7F002C
S205004F801318
S205004F810525
S205004F82E049
S205004F830226
S205004F84E344
S205004F8552D4
S205004F86B075
S205004F8738EC
S205004F8833F0
S205004F89869C
S205004F8A061B
S205004F8B41DF
S205004F8C130C
S205004F8D0618
S205004F8EF627
S205004F8FFF1D
S205004F909388
S205004F918694
S205004F921603
S205004F930018
S205004F94E334
S205004F958492
S205004F96C550
S205004F972CE8
S205004F9823F0
S205004F998092
S205004F9AE72A
S205004F9B0010
S205004F9C030C
S205004F9DC747
S205004F9EF617
S205004F9FFF0D
S205004FA09378
S205004FA18783
S205004FA217F2
S205004FA30008
S205004FA4E324
S205004FA512F4
S205004FA607FE
S205004FA7FE06
S205004FA823E0
S205004FA98082
S205004FAA07FA
S205004FAB0000
S205004FAC936C
S205004FADF707
S205004FAE0CF1
S205004FAF02FA
S205004FB0E318
S205004FB18C6E
S205004FB207F2
S205004FB324D4
S205004FB48374
S205004FB547AF
S205004FB601F4
S205004FB703F1
S205004FB8E310
S205004FB98072
S205004FBA0DE4
S205004FBB1AD6
S205004FBCE30C
S205004FBD8C62
S205004FBE07E6
S205004FBF2CC0
S205004FC013D8
S205004FC106E4
S205004FC201E8
S205004FC303E5
S205004FC49354
S205004FC507DF
S205004FC606DF
S205004FC700E4
S205004FC89350
S205004FC906DC
S205004FCA01E0
S205004FCB13CD
S205004FCC6F70
S205004FCD00DE
S205004FCE805D
S205004FCF00DC
S205004FD0E3F8
S205004FD1805A
S205004FD2D702
S205004FD324B4
S205004FD403D4
S205004FD5C70F
S205004FD617BE
S205004FD700D4
S205004FD89340
S205004FD9874B
S205004FDA17BA
S205004FDB00D0
S205004FDCE3EC
S205004FDD1AB4
S205004FDE07C6
S205004FDFFECE
S205004FE03398
S205004FE18446
S205004FE2C702
S205004FE34088
S205004FE43394
S205004FE50DB9
S205004FE68D38
S205004FE74084
S205004FE88340
S205004FE9279B
S205004FEAC100
S205004FEB00C0
S205004FEC635C
S205004FED902E
S205004FEE07B6
S205004FEF02BA
S205004FF0E3D8
S205004FF15664
S205004FF2A019
S205004FF32B8D
S205004FF413A4
S205004FF506B0
S205004FF60DA8
S205004FF700B4
S205004FF813A0
S205004FF9852D
S205004FFA04AD
S205004FFB00B0
S205004FFC931C
S205004FFD05A9
S205004FFE00AD
S205004FFF02AA
S205005000B3F7
S2050050018425
S205005002A404
S20500500301A6
S205005004EFB7
S205005005E0C5
S2050050064F55
S205005007DDC6
S205005008138F
S2050050090D94
S20500500AF0B0
S20500500BFFA0
S20500500C831B
S20500500D2776
S20500500E019B
S20500500F019A
S2050050106337
S2050050118613
S2050050120791
S2050050130097
S2050050142373
S2050050158015
S205005016F4A0
S2050050170093
S20500501893FF
S205005019840D
S20500501A147C
S20500501B008F
S20500501C93FB
S20500501DFC91
S20500501E0C80
S20500501F018A
S2050050206327
S20500502190F9
S2050050220C7C
S2050050230285
S205005024E3A3
S205005025582D
S205005026A0E4
S2050050272D56
S20500502883FF
S205005029255C
S20500502A413F
S20500502B017E
S20500502C136B
S20500502D0677
S20500502E0D6F
S20500502F007B
S2050050301367
S20500503185F4
S2050050320474
S2050050330077
S205005034EF87
S205005035E095
S2050050364F25
S205005037DA99
S205005038B3BF
S20500503984ED
S20500503AA4CC
S20500503B016E
S20500503C135B
S20500503D0D60
S20500503EF07C
S20500503FFF6C
S2050050406307
S2050050415C0D
S20500504280E8
S2050050430067
S2050050441353
S20500504585E0
S2050050460460
S2050050470063
S205005048134F
S205005049065B
S20500504A045C
S20500504B005F
S20500504C93CB
S20500504D0558
S20500504E015B
S20500504F0358
S205005050EF6B
S205005051E079
S2050050524F09
S205005053E671
S205005054B3A3
S20500505584D1
S20500505684D0
S2050050570053
S20500505863EF
S2050050595CF5
S20500505AA0B0
S20500505B014E
S20500505C133B
S20500505D85C8
S20500505E0448
S20500505F004B
S2050050601337
S2050050610643
S2050050620D3B
S2050050630047
S20500506493B3
S2050050650540
S2050050660044
S2050050670241
S205005068EF53
S205005069E061
S20500506A0F31
S20500506BD768
S20500506CB38B
S20500506D84B9
S20500506EA498
S20500506F013A
S20500507083B7
S20500507147F2
S2050050721C1C
S2050050730037
S2050050741323
S2050050750431
S2050050761C18
S2050050770033
S205005078E34F
S2050050799C95
S20500507A0729
S20500507BA48B
S20500507C6FBF
S20500507DF03D
S20500507EDF4D
S20500507FA685
S2050050801317
S2050050818C9D
S2050050820C1C
S2050050830027
S2050050849393
S205005085F72E
S205005086071D
S2050050870122
S205005088938F
S2050050898C95
S20500508A4BD5
S20500508B001F
S20500508C130B
S20500508D0419
S20500508E1C00
S20500508F001B
S205005090E337
S2050050918693
S2050050920711
S2050050930017
S2050050940313
S205005095A76E
S2050050960B09
S2050050970013
S205005098937F
S205005099070A
S20500509A1000
S20500509B000F
S20500509C13FB
S20500509D8588
S20500509E14F8
S20500509F000B
S2050050A023E7
S2050050A18089
S2050050A2E424
S2050050A30007
S2050050A4E323
S2050050A5D82D
S2050050A6A75D
S2050050A71DE6
S2050050A813EF
S2050050A906FB
S2050050AAFD03
S2050050ABFF00
S2050050AC936B
S2050050AD05F8
S2050050AE00FC
S2050050AF02F9
S2050050B0EF0B
S2050050B1E019
S2050050B28F69
S2050050B3D225
S2050050B48373
S2050050B547AE
S2050050B61CD8
S2050050B700F3
S2050050B8B33F
S2050050B9846D
S2050050BAA44C
S2050050BB01EE
S2050050BC935B
S2050050BD8B62
S2050050BE0CE0
S2050050BF00EB
S2050050C0E307
S2050050C19851
S2050050C207E1
S2050050C3A047
S2050050C46F77
S2050050C5F0F5
S2050050C65F85
S2050050C7A241
S2050050C813CF
S2050050C98C55
S2050050CA0CD4
S2050050CB00DF
S2050050CC13CB
S2050050CD07D6
S2050050CEF0EC
S2050050CFFFDC
S2050050D06377
S2050050D116C3
S2050050D2EDEB
S2050050D300D7
S2050050D49343
S2050050D5E7EE
S2050050D617BD
S2050050D700D3
S2050050D813BF
S2050050D90DC4
S2050050DA8050
S2050050DB00CF
S2050050DC834B
S2050050DDA528
S2050050DE0BC1
S2050050DF00CB
S2050050E013B7
S2050050E18544
S2050050E204C4
S2050050E300C7
S2050050E413B3
S2050050E5873E
S2050050E60DB7
S2050050E700C3
S2050050E8932F
S2050050E906BB
S2050050EA0DB3
S2050050EB00BF
S2050050EC13AB
S2050050ED06B7
S2050050EE00BC
S2050050EF01BA
S2050050F0EFCB
S2050050F1F0C9
S2050050F20FA9
S2050050F3E8CF
S2050050F48333
S2050050F5476E
S2050050F61C98
S2050050F700B3
S2050050F8931F
S2050050F98B26
S2050050FA4B65
S2050050FB00AF
S2050050FC931B
S2050050FD04A9
S2050050FE05A7
S2050050FF00AB
S2050051001396
S20500510104A4
S2050051021C8B
S20500510300A6
S205005104E3C2
S205005105960E
S205005106079C
S2050051079C06
S2050051086F32
S205005109F0B0
S20500510A1F80
S20500510B9E00
S20500510C930A
S20500510DE7B5
S20500510E0794
S20500510F0496
S2050051101386
S2050051110692
S2050051120097
S2050051130195
S2050051146F26
S205005115F0A4
S2050051165F34
S205005117BCD6
S205005118137E
S2050051190789
S20500511AC0CF
S20500511B0688
S20500511C632A
S20500511D8804
S20500511EE5A6
S20500511F5E2C
S2050051208306
S205005121A6E2
S2050051220B7C
S2050051230086
S2050051241372
S20500512587FD
S2050051264B38
S2050051270082
S205005128235E
S205005129265A
S20500512AE19E
S20500512B007E
S20500512C83FA
S20500512DCDAF
S20500512E0675
S20500512F007A
S2050051306316
S2050051318AEE
S2050051320D6A
S2050051335224
S2050051341362
S205005135076D
S2050051363043
S205005137066C
S205005138630E
S205005139541C
S20500513AB7B8
S20500513B6B03
S20500513C93DA
S20500513D0567
S20500513E402B
S20500513F0664
S2050051401356
S20500514185E3
S2050051420D5A
S2050051430066
S2050051442342
S2050051452A3A
S205005146D192
S2050051470062
S205005148233E
S2050051492838
S20500514AF16E
S20500514B005E
S20500514CEF6E
S20500514DE07C
S20500514E4F0C
S20500514FA3B7
S2050051501346
S2050051510454
S2050051520552
S2050051530056
S20500515493C2
S205005155054F
S2050051564013
S205005157064C
S205005158133E
S20500515985CB
S20500515A0D42
S20500515B004E
S20500515CEF5E
S20500515DE06C
S20500515E0F3C
S20500515F9AB0
S2050051603712
S2050051610741
S2050051621037
S2050051630046
S20500516493B2
S2050051650B39
S20500516647FC
S20500516749F9
S205005168330E
S20500516987B9
S20500516AAB94
S20500516B003E
S20500516C93AA
S20500516D0537
S20500516EA09B
S20500516F003A
S2050051701326
S2050051710533
S2050051720433
S2050051730036
S20500517483B2
S2050051754CE8
S205005176072C
S2050051770032
S205005178EF42
S205005179E050
S20500517A4FE0
S20500517B9896
S20500517C33FA
S20500517D87A5
S20500517EAB80
S20500517F002A
S2050051800326
S20500518147E1
S2050051820720
S2050051830026
S2050051849392
S205005185051F
S205005186A083
S2050051870022
S205005188130E
S205005189051B
S20500518A041B
S20500518B001E
S20500518C130A
S20500518D1705
S20500518E8794
S20500518F001A
S205005190B366
S205005191EC2C
S205005192EC2B
S2050051930016
S20500519423F2
S2050051951004
S2050051969182
S2050051970909
S205005198EF22
S205005199E030
S20500519A8F80
S20500519B9E70
S20500519C838A
S20500519D27E5
S20500519E010A
S20500519F0109
S2050051A08386
S2050051A126E2
S2050051A241C6
S2050051A30105
S2050051A49372
S2050051A50DF7
S2050051A605FE
S2050051A70002
S2050051A813EE
S2050051A907F9
S2050051AA40BF
S2050051AB00FE
S2050051AC936A
S2050051AD0CF0
S2050051AE30CB
S2050051AF00FA
S2050051B013E6
S2050051B106F2
S2050051B220D7
S2050051B300F6
S2050051B4B342
S2050051B58D67
S2050051B6BB38
S2050051B701F1
S2050051B8836E
S2050051B9C52B
S2050051BA0DE2
S2050051BB00EE
S2050051BC13DA
S2050051BD06E6
S2050051BE06E5
S2050051BF0BDF
S2050051C013D6
S2050051C105E3
S2050051C201E6
S2050051C302E4
S2050051C433B2
S2050051C506DE
S2050051C6A63D
S2050051C700E2
S2050051C823BE
S2050051C908D8
S2050051CAB629
S2050051CBFAE4
S2050051CC13CA
S2050051CD8656
S2050051CE0CCF
S2050051CF0BCF
S2050051D09346
S2050051D105D3
S2050051D201D6
S2050051D302D4
S2050051D4B322
S2050051D50DC7
S2050051D6B61D
S2050051D700D2
S2050051D813BE
S2050051D906CA
S2050051DAE0EF
S2050051DB02CC
S2050051DC23AA
S2050051DD8844
S2050051DECDFE
S2050051DFFAD0
S2050051E003C6
S2050051E1C404
S2050051E216B1
S2050051E300C6
S2050051E46362
S2050051E50ABA
S2050051E604BF
S2050051E73E84
S2050051E813AE
S2050051E906BA
S2050051EA308F
S2050051EB06B8
S2050051EC635A
S2050051ED5A62
S2050051EE8635
S2050051EF5862
S2050051F02396
S2050051F12A8E
S2050051F2F1C6
S2050051F300B6
S2050051F49322
S2050051F507AD
S2050051F607AC
S2050051F70BA7
S2050051F8139E
S2050051F907A9
S2050051FA01AE
S2050051FB02AC
S2050051FC337A
S2050051FD8824
S2050051FEE7C4
S2050051FF00AA
S2050052009315
S20500520105A2
S2050052024066
S205005203069F
S2050052041391
S205005205059E
S205005206049E
S20500520700A1
S205005208237D
S2050052092C73
S20500520AD1CD
S20500520B009D
S20500520C2379
S20500520D2873
S20500520E0199
S20500520F0198
S205005210EFA9
S205005211E0B7
S205005212CFC7
S2050052138E07
S205005214375D
S205005215078C
S2050052161082
S2050052170091
S20500521893FD
S2050052190B84
S20500521A4747
S20500521B4944
S20500521C3359
S20500521D8605
S20500521EABDF
S20500521F0089
S2050052200385
S205005221285F
S2050052220185
S2050052230184
S2050052240381
S205005225463D
S205005226067C
S2050052270081
S20500522893ED
S205005229057A
S20500522A403E
S20500522B0677
S20500522C1369
S20500522D0576
S20500522E0476
S20500522F0079
S2050052302355
S205005231086F
S205005232C8AE
S205005233FA7B
S205005234EF85
S205005235E093
S205005236CFA3
S20500523794DD
S205005238135D
S20500523987E8
S20500523A3C32
S20500523B006D
S20500523C93D9
S20500523D0566
S20500523EA0CA
S20500523F0069
S2050052401355
S2050052410463
S2050052420561
S2050052430065
S2050052442341
S205005245283B
S205005246E181
S2050052470061
S205005248EF71
S205005249E07F
S20500524A4F0F
S20500524B8BD2
S20500524C3329
S20500524D86D5
S20500524EABAF
S20500524F0059
S2050052500355
S2050052514611
S2050052520650
S2050052530055
S2050052541341
S205005255054E
S205005256044E
S2050052570051
S20500525893BD
S205005259054A
S20500525AA0AE
S20500525B004D
S20500525C2329
S20500525D89C2
S20500525ECD7D
S20500525FFA4F
S205005260EF59
S205005261E067
S2050052620F37
S20500526392B3
S2050052640341
S205005265271C
S2050052660141
S2050052670140
S20500526883BD
S2050052692718
S20500526A41FD
S20500526B013C
S20500526C83B9
S20500526D2615
S20500526E81B9
S20500526F0138
S2050052701325
S2050052710433
S2050052720531
S2050052730035
S2050052743301
S20500527584AF
S2050052768BA7
S2050052770031
S20500527883AD
S20500527945EA
S20500527A042A
S20500527B002D
S20500527C1319
S20500527D0625
S20500527E0723
S20500527F0B1E
S2050052801315
S2050052810522
S2050052820125
S2050052830223
S20500528433F1
S205005285061D
S205005286A67C
S2050052870021
S205005288938D
S2050052890C13
S20500528A1707
S20500528B001D
S20500528C23F9
S20500528D0813
S20500528EB664
S20500528FFA1F
S2050052901305
S2050052918790
S2050052920C0A
S2050052930B0A
S2050052941301
S205005295060D
S2050052960111
S205005297020F
S20500529833DD
S2050052990807
S20500529AC747
S20500529B000D
S20500529C13F9
S20500529D0704
S20500529EE02A
S20500529F0207
S2050052A023E5
S2050052A108FF
S2050052A2E81E
S2050052A3FA0B
S2050052A40301
S2050052A5C43F
S2050052A626DC
S2050052A70001
S2050052A8936D
S2050052A98D72
S2050052AA1CE2
S2050052AB00FD
S2050052AC6399
S2050052AD02F9
S2050052AE04F6
S2050052AF36C3
S2050052B013E5
S2050052B106F1
S2050052B230C6
S2050052B306EF
S2050052B46391
S2050052B5569D
S2050052B6866C
S2050052B746AB
S2050052B813DD
S2050052B907E8
S2050052BA01ED
S2050052BB02EB
S2050052BC23C9
S2050052BD28C3
S2050052BEF1F9
S2050052BF00E9
S2050052C09355
S2050052C105E2
S2050052C240A6
S2050052C306DF
S2050052C49351
S2050052C5875C
S2050052C60DD5
S2050052C70BD6
S2050052C813CD
S2050052C905DA
S2050052CA04DA
S2050052CB00DD
S2050052CCB329
S2050052CD8D4E
S2050052CEE7F3
S2050052CF00D9
S2050052D023B5
S2050052D12AAD
S2050052D2D105
S2050052D300D5
S2050052D423B1
S2050052D52CA7
S2050052D601D1
S2050052D701D0
S2050052D8EFE1
S2050052D9E0EF
S2050052DA4F7F
S2050052DB824B
S2050052DC3795
S2050052DD07C4
S2050052DE10BA
S2050052DF00C9
S2050052E09335
S2050052E10BBC
S2050052E2477F
S2050052E3497C
S2050052E43391
S2050052E5863D
S2050052E6AB17
S2050052E700C1
S2050052E803BD
S2050052E94778
S2050052EA06B8
S2050052EB00BD
S2050052EC9329
S2050052ED05B6
S2050052EE407A
S2050052EF06B3
S2050052F013A5
S2050052F105B2
S2050052F204B2
S2050052F300B5
S2050052F42391
S2050052F5882B
S2050052F6EDC5
S2050052F7FAB7
S2050052F8EFC1
S2050052F9E0CF
S2050052FA8F1F
S2050052FB8825
S2050052FC9319
S2050052FD05A6
S2050052FEA00A
S2050052FF00A9
S2050053001394
S20500530104A2
S20500530205A0
S20500530300A4
S205005304EFB4
S205005305D0D2
S2050053069F02
S205005307FFA1
S205005308336C
S2050053098717
S20500530AABF2
S20500530B009C
S20500530C0398
S20500530D4753
S20500530E0792
S20500530F0098
S2050053100394
S205005311286E
S2050053128114
S2050053130193
S2050053141380
S205005315058D
S205005316048D
S2050053170090
S20500531893FC
S2050053190589
S20500531AA0ED
S20500531B008C
S20500531C2368
S20500531D0981
S20500531EE8A1
S20500531FFA8E
S205005320EF98
S205005321E0A6
S2050053220F76
S20500532386FE
S2050053248300
S205005325275B
S2050053260180
S205005327017F
S20500532883FC
S2050053292658
S20500532A413C
S20500532B017B
S20500532C93E8
S20500532D8DED
S20500532E3C3D
S20500532F0078
S2050053301364
S2050053310472
S2050053320570
S2050053330074
S2050053343340
S20500533584EE
S2050053368BE6
S2050053370070
S20500533883EC
S2050053394529
S20500533A0469
S20500533B006C
S20500533C1358
S20500533D87E3
S20500533E0D5C
S20500533F0B5D
S2050053401354
S2050053410660
S2050053420164
S2050053430262
S2050053443330
S205005345065C
S205005346C79A
S2050053470060
S20500534893CC
S2050053498CD2
S20500534A1D40
S20500534B005C
S20500534C2338
S20500534D0852
S20500534EB6A3
S20500534FFA5E
S2050053501344
S20500535187CF
S2050053520C49
S2050053530B49
S2050053541340
S205005355064C
S2050053560150
S205005357024E
S205005358331C
S2050053590648
S20500535AC786
S20500535B004C
S20500535C1338
S20500535D0743
S20500535EE069
S20500535F0246
S2050053602324
S205005361083E
S205005362E65F
S205005363FA4A
S20500536483C0
S205005365CD75
S205005366360B
S2050053670040
S205005368132C
S20500536987B7
S20500536A1C21
S20500536B003C
S20500536C63D8
S20500536D8EAC
S20500536E0D2C
S20500536F2C0C
S20500537093A4
S2050053710630
S2050053723005
S205005373062E
S20500537463D0
S205005375D260
S205005376B67B
S2050053774DE3
S205005378230C
S2050053792A04
S20500537AF13C
S20500537B002C
S20500537C9398
S20500537D0525
S20500537E40E9
S20500537F0622
S2050053809394
S205005381071F
S205005382071E
S2050053830B19
S2050053841310
S205005385859D
S2050053860D14
S2050053870020
S205005388130C
S2050053890717
S20500538A011C
S20500538B021A
S20500538C33E8
S20500538D8496
S20500538EE732
S20500538F0018
S20500539023F4
S2050053912CEA
S205005392C154
S2050053930014
S205005394EF24
S205005395D042
S2050053969F72
S205005397F61A
S20500539837D8
S2050053990707
S20500539A10FD
S20500539B000C
S20500539C9378
S20500539D0BFF
S20500539E47C2
S20500539F49BF
S2050053A033D4
S2050053A1877F
S2050053A2AB5A
S2050053A30004
S2050053A40300
S2050053A547BB
S2050053A607FA
S2050053A70000
S2050053A8936C
S2050053A905F9
S2050053AA40BD
S2050053AB06F6
S2050053AC13E8
S2050053AD8575
S2050053AE0DEC
S2050053AF00F8
S2050053B023D4
S2050053B108EE
S2050053B2E411
S2050053B3FAFA
S2050053B4EF04
S2050053B5D022
S2050053B6DF12
S2050053B7FCF4
S2050053B813DC
S2050053B98767
S2050053BA3CB1
S2050053BB00EC
S2050053BC9358
S2050053BD05E5
S2050053BEA049
S2050053BF00E8
S2050053C023C4
S2050053C128BE
S2050053C2E104
S2050053C300E4
S2050053C413D0
S2050053C504DE
S2050053C605DC
S2050053C700E0
S2050053C8EFF0
S2050053C9D00E
S2050053CA5F7E
S2050053CBF3E9
S2050053CCB328
S2050053CD8654
S2050053CEAB2E
S2050053CF00D8
S2050053D08354
S2050053D1C610
S2050053D206CF
S2050053D300D4
S2050053D403D0
S2050053D526AC
S2050053D68150
S2050053D701CF
S2050053D8933C
S2050053D905C9
S2050053DAA02D
S2050053DB00CC
S2050053DC13B8
S2050053DD05C5
S2050053DE04C5
S2050053DF00C8
S2050053E023A4
S2050053E109BD
S2050053E2D6EF
S2050053E3FACA
S2050053E4EFD4
S2050053E5D0F2
S2050053E6DFE2
S2050053E7F9C7
S2050053E803BC
S2050053E92797
S2050053EA01BC
S2050053EB01BB
S2050053EC8338
S2050053ED2793
S2050053EE4178
S2050053EF01B7
S2050053F09324
S2050053F10DA9
S2050053F205B0
S2050053F300B4
S2050053F4B300
S2050053F58D25
S2050053F6BBF6
S2050053F701AF
S2050053F803AC
S2050053F9C6E8
S2050053FA0DA0
S2050053FB00AC
S2050053FC9318
S2050053FD06A4
S2050053FE07A2
S2050053FF0B9D
S2050054009313
S20500540105A0
S20500540201A3
S20500540302A1
S205005404B3EF
S205005405861B
S205005406B6EA
S205005407009F
S205005408138B
S2050054090499
S20500540A1785
S20500540B009B
S20500540C2377
S20500540D8811
S20500540EC6D2
S20500540FFA9D
S2050054109303
S205005411F79E
S205005412078D
S2050054130192
S205005414632F
S20500541592FF
S2050054160789
S205005417028D
S205005418632B
S2050054195A33
S20500541AA4E8
S20500541B6724
S20500541C3357
S20500541D0D7C
S20500541E8DFB
S20500541F4047
S2050054201373
S205005421067F
S2050054220D77
S2050054230083
S205005424136F
S20500542585FC
S205005426047C
S205005427007F
S20500542893EB
S2050054290578
S20500542A007C
S20500542B0279
S20500542CB3C7
S20500542D84F5
S20500542EA4D4
S20500542F0176
S205005430EF87
S205005431E095
S2050054328FE5
S2050054339AD9
S205005434135F
S2050054350D64
S205005436F47C
S205005437FF70
S205005438135B
S2050054390667
S20500543A0468
S20500543B006B
S20500543C93D7
S20500543D0564
S20500543E0167
S20500543F085F
S2050054401353
S20500544185E0
S2050054420460
S2050054430063
S205005444EF73
S205005445E081
S2050054460F51
S205005447A7B8
S205005448332B
S20500544985D8
S20500544A84D8
S20500544B005B
S20500544C63F7
S20500544D5405
S20500544EA4B4
S20500544F5FF8
S2050054503323
S205005451064F
S2050054528DC7
S2050054534013
S20500545493BF
S205005455054C
S2050054560050
S205005457024D
S205005458EF5F
S205005459E06D
S20500545A0F3D
S20500545B98B3
S20500545CB397
S20500545D84C5
S20500545EA4A4
S20500545F0146
S20500546083C3
S20500546147FE
S2050054621C28
S2050054630043
S20500546483BF
S2050054652B16
S205005466C17F
S205005467003F
S205005468132B
S2050054690439
S20500546A1C20
S20500546B003B
S20500546C63D7
S20500546D92A7
S20500546E0731
S20500546FE651
S2050054706FC7
S205005471F045
S2050054728FA5
S205005473E74C
S205005474131F
S205005475072A
S205005476C070
S2050054770629
S205005478939B
S205005479E746
S20500547A0725
S20500547B0427
S20500547CE347
S20500547D9297
S20500547EE543
S20500547FCA5D
S20500548037EF
S205005481071E
S2050054821014
S2050054830023
S205005484031F
S205005485A67B
S2050054860B15
S205005487001F
S205005488130B
S2050054890716
S20500548AC755
S20500548B4BD0
S20500548C9387
S20500548D8B8E
S20500548E4BCD
S20500548F0017
S2050054908393
S20500549146CF
S205005492060E
S2050054930013
S205005494937F
S205005495050C
S205005496A070
S205005497030C
S20500549823EB
S205005499010C
S20500549AB15B
S20500549B0803
S20500549C13F7
S20500549DF514
S20500549EF612
S20500549F0007
S2050054A033D3
S2050054A10500
S2050054A2A75D
S2050054A30003
S2050054A4936F
S2050054A5D62B
S2050054A646BA
S2050054A700FF
S2050054A803FB
S2050054A945B8
S2050054AA05F7
S2050054AB00FB
S2050054ACB347
S2050054AD06F3
S2050054AED721
S2050054AF00F7
S2050054B08373
S2050054B1C62F
S2050054B206EE
S2050054B300F3
S2050054B413DF
S2050054B515DC
S2050054B6856B
S2050054B700EF
S2050054B8935B
S2050054B9F7F6
S2050054BA07E5
S2050054BB01EA
S2050054BCB337
S2050054BDE603
S2050054BEA642
S2050054BF00E7
S2050054C023C3
S2050054C110D5
S2050054C2D113
S2050054C308DB
S2050054C4835F
S2050054C5469B
S2050054C616CA
S2050054C700DF
S2050054C8A33B
S2050054C902DB
S2050054CAB12B
S2050054CB08D3
S2050054CC13C7
S2050054CDD504
S2050054CE4692
S2050054CF00D7
S2050054D09343
S2050054D1F6DF
S2050054D2F6DE
S2050054D300D3
S2050054D4339F
S2050054D505CC
S2050054D6A729
S2050054D700CF
S2050054D8B31B
S2050054D906C7
S2050054DAD7F5
S2050054DB00CB
S2050054DC03C7
S2050054DD4584
S2050054DE05C3
S2050054DF00C7
S2050054E08343
S2050054E1C6FF
S2050054E206BE
S2050054E300C3
S2050054E4A31F
S2050054E501C0
S2050054E6A11F
S2050054E708B7
S2050054E8239B
S2050054E902BB
S2050054EAD1EB
S2050054EB08B3
S2050054EC8337
S2050054ED4673
S2050054EE2692
S2050054EF00B7
S2050054F02393
S2050054F104B1
S2050054F2B103
S2050054F308AB
S2050054F4139F
S2050054F5D5DC
S2050054F6466A
S2050054F700AF
S2050054F8931B
S2050054F9F6B7
S2050054FAF6B6
S2050054FB00AB
S2050054FC3377
S2050054FD05A4
S2050054FEA701
S2050054FF00A7
S205005500B3F2
S205005501069E
S205005502D7CC
S20500550300A2
S205005504039E
S205005505455B
S205005506059A
S205005507009E
S205005508831A
S205005509C6D6
S20500550A0695
S20500550B009A
S20500550C2376
S20500550D0395
S20500550EA1F6
S20500550F088E
S205005510A3F2
S2050055110391
S205005512D1C2
S205005513088A
S205005514830E
S205005515464A
S2050055163659
S205005517008E
S205005518A3EA
S2050055190587
S20500551AB1DA
S20500551B0882
S20500551C1376
S20500551DD5B3
S20500551E4641
S20500551F0086
S20500552093F2
S205005521F68E
S205005522F68D
S2050055230082
S205005524334E
S205005525057B
S205005526A7D8
S205005527007E
S205005528B3CA
S2050055290676
S20500552AD7A4
S20500552B007A
S20500552C83F6
S20500552DC6B2
S20500552E0671
S20500552F0076
S2050055300372
S205005531452F
S205005532056E
S2050055330072
S205005534234E
S205005535056B
S205005536D19E
S2050055370866
S205005538A3CA
S2050055390468
S20500553AA1CA
S20500553B0862
S20500553C83E6
S20500553D4622
S20500553E4621
S20500553F0066
S2050055402342
S205005541075D
S205005542B1B2
S205005543085A
S20500554493CE
S205005545D58B
S2050055464619
S205005547005E
S20500554893CA
S205005549F666
S20500554AF665
S20500554B005A
S20500554CB3A6
S20500554D0553
S20500554EB7A0
S20500554F0056
S205005550B3A2
S205005551064E
S205005552D77C
S2050055530052
S20500555483CE
S205005555C68A
S2050055560649
S205005557004E
S20500555883CA
S205005559C587
S20500555A0546
S20500555B004A
S20500555CA3A6
S20500555D0642
S20500555ED176
S20500555F083E
S2050055602322
S205005561063E
S205005562B192
S205005563083A
S20500556483BE
S20500556546FA
S20500556656E9
S205005567003E
S205005568132A
S205005569D666
S20500556A46F5
S20500556B003A
S20500556C3306
S20500556D0632
S20500556EC770
S20500556F0036
S2050055700332
S20500557146EE
S205005572062D
S2050055730032
S205005574939E
S205005575F63A
S205005576F639
S205005577002E
S20500557833FA
S2050055790725
S20500557AD754
S20500557B002A
S20500557CA386
S20500557D0721
S20500557EC166
S20500557F081E
S2050055800322
S20500558147DD
S205005582071C
S2050055830022
S20500558423FE
S2050055850818
S205005586E13E
S2050055870816
S20500558863BA
S2050055899A82
S20500558A0714
S20500558B1406
S20500558C9386
S20500558D0711
S20500558E1007
S20500558F0115
S20500559063B2
S205005591D440
S205005592A76C
S20500559315FD
S20500559413FE
S205005595040C
S205005596FD12
S205005597FE10
S20500559813FA
S2050055990606
S20500559A0407
S20500559B000A
S20500559C9376
S20500559D0503
S20500559E0007
S20500559F0204
S2050055A013F2
S2050055A1857F
S2050055A204FF
S2050055A30002
S2050055A4EF12
S2050055A5E020
S2050055A64FB0
S2050055A7837B
S2050055A833CA
S2050055A98577
S2050055AA8477
S2050055AB00FA
S2050055AC13E6
S2050055AD06F2
S2050055AE10E7
S2050055AF01F5
S2050055B09362
S2050055B105EF
S2050055B201F2
S2050055B308EA
S2050055B4EF02
S2050055B5E010
S2050055B60FE0
S2050055B7905E
S2050055B8B33A
S2050055B98468
S2050055BAA447
S2050055BB01E9
S2050055BC8366
S2050055BDC721
S2050055BE2CBB
S2050055BF00E6
S2050055C013D2
S2050055C18460
S2050055C22CB7
S2050055C300E2
S2050055C4637E
S2050055C5964A
S2050055C607D8
S2050055C7D00E
S2050055C86F6E
S2050055C9F0EC
S2050055CA0FCC
S2050055CBD208
S2050055CC9346
S2050055CDE7F1
S2050055CE07D0
S2050055CF04D2
S2050055D013C2
S2050055D18C48
S2050055D20CC7
S2050055D300D2
S2050055D46F62
S2050055D5F0E0
S2050055D6DFF0
S2050055D7B41A
S2050055D813BA
S2050055D906C6
S2050055DA01CA
S2050055DB02C8
S2050055DC13B6
S2050055DD07C1
S2050055DE07C0
S2050055DF0BBB
S2050055E03392
S2050055E107BD
S2050055E2C7FC
S2050055E300C2
S2050055E4932E
S2050055E58C34
S2050055E62C93
S2050055E700BE
S2050055E813AA
S2050055E906B6
S2050055EA00BB
S2050055EB03B7
S2050055EC2396
S2050055ED08B0
S2050055EEC7F0
S2050055EFFABC
S2050055F013A2
S2050055F1872D
S2050055F20CA7
S2050055F30BA7
S2050055F4139E
S2050055F506AA
S2050055F601AE
S2050055F702AC
S2050055F8337A
S2050055F908A4
S2050055FAC7E4
S2050055FB00AA
S2050055FC1396
S2050055FD07A1
S2050055FEE0C7
S2050055FF02A4
S2050056002381
S205005601089B
S205005602E8BA
S205005603FAA7
S205005604039D
S205005605C4DB
S2050056062678
S205005607009D
S2050056089309
S2050056098D0E
S20500560A1C7E
S20500560B0099
S20500560CE3B5
S20500560D1285
S20500560E0492
S20500560FCACB
S2050056101381
S205005611870C
S2050056120D85
S2050056130B86
S205005614137D
S2050056150689
S205005616018D
S205005617028B
S2050056183359
S2050056190784
S20500561AC7C3
S20500561B0089
S20500561C93F5
S20500561D8CFB
S20500561E2C5A
S20500561F0085
S2050056201371
S205005621067D
S2050056220082
S205005623037E
S205005624235D
S2050056250877
S205005626C7B7
S205005627FA83
S2050056281369
S20500562987F4
S20500562A0C6E
S20500562B0B6E
S20500562C1365
S20500562D0671
S20500562E0175
S20500562F0273
S2050056303341
S205005631066D
S205005632C7AB
S2050056330071
S205005634135D
S2050056350768
S205005636E08E
S205005637026B
S2050056382349
S2050056390863
S20500563AE684
S20500563BFA6F
S20500563C83E5
S20500563DCD9A
S20500563E3630
S20500563F0065
S2050056401351
S20500564187DC
S2050056421C46
S2050056430061
S205005644E37D
S20500564596C9
S2050056460D51
S205005647D28B
S20500564893C9
S2050056490655
S20500564A0159
S20500564B0257
S20500564C1345
S20500564D0750
S20500564E074F
S20500564F0B4A
S2050056503321
S205005651074C
S205005652D77B
S2050056530051
S20500565493BD
S2050056550649
S205005656004E
S205005657034A
S2050056581339
S20500565984C7
S20500565A2C1E
S20500565B0049
S20500565C2325
S20500565D083F
S20500565ED76F
S20500565FFA4B
S2050056606FD5
S205005661F053
S2050056621F23
S205005663DB66
S205005664132D
S2050056650738
S205005666003E
S205005667033A
S2050056682319
S205005669003B
S20500566AE159
S20500566B0831
S20500566C93A5
S20500566D0C2B
S20500566E1026
S20500566F0035
S2050056701321
S205005671072C
S2050056722012
S2050056730031
S2050056746FC1
S205005675F03F
S2050056769F8F
S205005677B578
S2050056789399
S2050056790427
S20500567A0525
S20500567B0029
S20500567C2305
S20500567D80A7
S20500567E0422
S20500567F0025
S20500568083A1
S2050056812003
S205005682C161
S2050056831011
S205005684839D
S20500568524FB
S20500568641DD
S205005687100D
S2050056881309
S2050056890516
S20500568A001A
S20500568B0019
S20500568C1305
S20500568D0116
S20500568E0115
S20500568F1104
S20500569067AD
S2050056918093
S2050056920012
S2050056930011
S205005694937D
S2050056950708
S20500569614FA
S205005697000D
S205005698B359
S2050056998685
S20500569A9476
S20500569B0108
S20500569C6F99
S20500569D0007
S20500569E8086
S20500569F0005
S2050056A09371
S2050056A1877C
S2050056A217EB
S2050056A30001
S2050056A403FD
S2050056A5C738
S2050056A6F707
S2050056A7FFFE
S2050056A89369
S2050056A98477
S2050056AA14E6
S2050056AB00F9
S2050056ACA355
S2050056AD8F68
S2050056AEE412
S2050056AFFEF7
S2050056B0E311
S2050056B1985B
S2050056B2D41E
S2050056B3FEF3
S2050056B46F81
S2050056B5F0FF
S2050056B6CF1F
S2050056B7FAF3
S2050056B89359
S2050056B9F6F5
S2050056BA17D3
S2050056BB00E9
S2050056BC9355
S2050056BDECFB
S2050056BE27BF
S2050056BF00E5
S2050056C09351
S2050056C1F7EC
S2050056C217CB
S2050056C301E0
S2050056C423BD
S2050056C526B9
S2050056C6F1ED
S2050056C700DD
S2050056C86379
S2050056C98259
S2050056CA06D4
S2050056CB38A1
S2050056CC9345
S2050056CD07D0
S2050056CE00D6
S2050056CF03D2
S2050056D023B1
S2050056D12AA9
S2050056D2F1E1
S2050056D300D1
S2050056D46F61
S2050056D5F0DF
S2050056D69F2F
S2050056D7814C
S2050056D813B9
S2050056D90DBE
S2050056DAFDCD
S2050056DBFFCA
S2050056DC13B5
S2050056DD06C1
S2050056DE10B6
S2050056DF01C4
S2050056E09331
S2050056E105BE
S2050056E201C1
S2050056E308B9
S2050056E413AD
S2050056E5853A
S2050056E604BA
S2050056E700BD
S2050056E8EFCD
S2050056E9D0EB
S2050056EADFDB
S2050056EBFCBD
S2050056EC13A5
S2050056ED04B3
S2050056EE10A6
S2050056EF01B4
S2050056F013A1
S2050056F1852E
S2050056F2149E
S2050056F301B0
S2050056F4634D
S2050056F55659
S2050056F6A40A
S2050056F74766
S2050056F81399
S2050056F906A5
S2050056FAFDAD
S2050056FBFEAB
S2050056FC9315
S2050056FD05A2
S2050056FE00A6
S2050056FF02A3
S205005700EFB4
S205005701D0D2
S2050057029F02
S205005703EDB3
S205005704B3EC
S205005705841A
S205005706A4F9
S205005707019B
S2050057086F2C
S205005709F0AA
S20500570A5F3A
S20500570BEBAD
S20500570C3760
S20500570D078F
S20500570E1085
S20500570F0094
S2050057100390
S205005711A6EC
S2050057120B86
S2050057130090
S205005714137C
S2050057150787
S2050057164746
S2050057174943
S20500571893F8
S2050057198BFF
S20500571A4B3E
S20500571B0088
S20500571C6F18
S20500571DF096
S20500571E5F26
S20500571FD7AD
S2050057201370
S205005721077B
S20500572290F1
S2050057230080
S205005724631C
S205005725502E
S20500572687F6
S2050057271E5E
S2050057281368
S2050057290773
S20500572A0178
S20500572B0276
S20500572C2354
S20500572D284E
S20500572EF184
S20500572F0074
S20500573093E0
S205005731056D
S205005732A0D1
S2050057330070
S20500573493DC
S20500573587E7
S2050057360D60
S2050057370B61
S2050057381358
S2050057390565
S20500573A0465
S20500573B0068
S20500573CB3B4
S20500573D8DD9
S20500573EE77E
S20500573F0064
S2050057402340
S2050057412A38
S205005742D190
S2050057430060
S205005744EF70
S205005745D08E
S2050057469FBE
S205005747BBA1
S2050057483724
S2050057490753
S20500574A1049
S20500574B0058
S20500574C93C4
S20500574D0B4B
S20500574E470E
S20500574F490B
S2050057503320
S20500575186CC
S205005752ABA6
S2050057530050
S205005754034C
S2050057554707
S2050057560647
S205005757004C
S2050057581338
S2050057590545
S20500575A0445
S20500575B0048
S20500575C93B4
S20500575D0541
S20500575EA0A5
S20500575F0044
S2050057602320
S20500576188BA
S205005762ED54
S205005763FA46
S205005764EF50
S205005765D06E
S205005766DF5E
S205005767C17B
S20500576893A8
S2050057698CAE
S20500576A2C0D
S20500576B0038
S20500576C83B4
S20500576D270F
S20500576E0134
S20500576F0133
S20500577083B0
S205005771260C
S20500577241F0
S205005773012F
S205005774131C
S205005775042A
S2050057760528
S205005777002C
S2050057789398
S2050057798D9D
S20500577A0C1D
S20500577B0028
S20500577C6FB8
S20500577DF036
S20500577E9F86
S20500577FBB69
S2050057801310
S205005781061C
S2050057829091
S2050057830020
S20500578463BC
S2050057855AC4
S2050057868697
S2050057871606
S20500578823F8
S20500578928F2
S20500578AF128
S20500578B0018
S20500578C9384
S20500578D0511
S20500578EA075
S20500578F0014
S2050057909380
S205005791070B
S205005792070A
S2050057930B05
S20500579413FC
S2050057950509
S2050057960409
S205005797000C
S20500579813F8
S2050057990703
S20500579A0108
S20500579B0206
S20500579CB354
S20500579D8D79
S20500579EE71E
S20500579F0004
S2050057A023E0
S2050057A12AD8
S2050057A2D130
S2050057A30000
S2050057A4EF10
S2050057A5D02E
S2050057A69F5E
S2050057A7B547
S2050057A837C4
S2050057A907F3
S2050057AA10E9
S2050057AB00F8
S2050057AC9364
S2050057AD0BEB
S2050057AE47AE
S2050057AF49AB
S2050057B033C0
S2050057B1866C
S2050057B2AB46
S2050057B300F0
S2050057B403EC
S2050057B547A7
S2050057B606E7
S2050057B700EC
S2050057B813D8
S2050057B905E5
S2050057BA04E5
S2050057BB00E8
S2050057BC9354
S2050057BD05E1
S2050057BEA045
S2050057BF00E4
S2050057C023C0
S2050057C1885A
S2050057C2EDF4
S2050057C3FAE6
S2050057C4EFF0
S2050057C5D00E
S2050057C6DFFE
S2050057C7BB21
S2050057C89348
S2050057C98C4E
S2050057CA2CAD
S2050057CB00D8
S2050057CC8354
S2050057CD27AF
S2050057CE01D4
S2050057CF01D3
S2050057D08350
S2050057D126AC
S2050057D24190
S2050057D301CF
S2050057D413BC
S2050057D504CA
S2050057D605C8
S2050057D700CC
S2050057D813B8
S2050057D98743
S2050057DA0CBD
S2050057DB00C8
S2050057DC6F58
S2050057DDF0D6
S2050057DE9F26
S2050057DFA91B
S2050057E013B0
S2050057E107BB
S2050057E29031
S2050057E300C0
S2050057E4635C
S2050057E55E60
S2050057E6B706
S2050057E70FAD
S2050057E89328
S2050057E905B5
S2050057EAA019
S2050057EB00B8
S2050057EC13A4
S2050057ED8531
S2050057EE0DA8
S2050057EF00B4
S2050057F02390
S2050057F12A88
S2050057F2D1E0
S2050057F300B0
S2050057F4238C
S2050057F52886
S2050057F6F1BC
S2050057F700AC
S2050057F8EFBC
S2050057F9D0DA
S2050057FA5F4A
S2050057FBB0F8
S2050057FC3770
S2050057FD079F
S2050057FE1095
S2050057FF00A4
S205005800930F
S2050058010B96
S2050058024759
S2050058034956
S205005804336B
S2050058058716
S205005806ABF1
S205005807009B
S2050058080397
S2050058094752
S20500580A0791
S20500580B0097
S20500580C1383
S20500580D8510
S20500580E0D87
S20500580F0093
S20500581093FF
S205005811058C
S205005812A0F0
S205005813008F
S205005814236B
S205005815008D
S205005816E1AB
S2050058170883
S205005818EF9B
S205005819D0B9
S20500581A9FE9
S20500581BB6D1
S20500581C8303
S20500581D275E
S20500581E0183
S20500581F0182
S20500582083FF
S205005821265B
S205005822413F
S205005823017E
S20500582493EB
S2050058250D70
S2050058260577
S205005827007B
S2050058281367
S2050058290772
S20500582A3048
S20500582B0077
S20500582C93E3
S20500582D0C69
S20500582E2054
S20500582F0073
S205005830135F
S205005831066B
S2050058321060
S205005833006F
S2050058346FFF
S205005835F07D
S2050058361F4D
S20500583798D3
S20500583893D7
S2050058390663
S20500583A90D8
S20500583B0067
S20500583C6303
S20500583DDC89
S20500583EB6AE
S20500583F095A
S205005840233F
S2050058412839
S205005842F16F
S205005843005F
S20500584493CB
S2050058450558
S205005846A0BC
S205005847005B
S20500584893C7
S2050058490752
S20500584A0751
S20500584B0B4C
S20500584C1343
S20500584D85D0
S20500584E0D47
S20500584F0053
S205005850133F
S205005851074A
S205005852014F
S205005853024D
S205005854133B
S20500585584C9
S2050058562C20
S205005857004B
S205005858B397
S2050058598CBD
S20500585AE761
S20500585B0047
S20500585CEF57
S20500585DD075
S20500585E1F25
S20500585FAA99
S205005860370B
S205005861073A
S2050058621030
S205005863003F
S20500586493AB
S2050058650B32
S20500586647F5
S20500586749F2
S205005868B387
S20500586986B3
S20500586AAB8D
S20500586B0037
S20500586C0333
S20500586DC76E
S20500586E062E
S20500586F0033
S205005870131F
S20500587185AC
S2050058720D23
S205005873002F
S205005874939B
S2050058750528
S205005876A08C
S205005877002B
S2050058782307
S20500587988A1
S20500587AEC3C
S20500587BFA2D
S20500587CEF37
S20500587DD055
S20500587E5FC5
S20500587FB073
S205005880839F
S20500588127FA
S205005882011F
S205005883011E
S205005884938B
S2050058850D10
S2050058860517
S205005887001B
S2050058881307
S2050058890712
S20500588A0414
S20500588B0017
S20500588C6FA7
S20500588DF025
S20500588E9F75
S20500588FB65D
S20500589037DB
S205005891040D
S2050058921000
S205005893000F
S20500589413FB
S2050058950409
S20500589644C8
S2050058974EBD
S2050058986F9B
S205005899F019
S20500589ACF39
S20500589BD136
S20500589C9373
S20500589D07FE
S20500589E10F4
S20500589F0003
S2050058A0639F
S2050058A1DE23
S2050058A2A759
S2050058A30FF0
S2050058A413EB
S2050058A50DF0
S2050058A6FDFF
S2050058A7FFFC
S2050058A813E7
S2050058A906F3
S2050058AA0DEB
S2050058AB00F7
S2050058AC13E3
S2050058AD8570
S2050058AE04F0
S2050058AF00F3
S2050058B0935F
S2050058B105EC
S2050058B200F0
S2050058B302ED
S2050058B4B33B
S2050058B58469
S2050058B6A448
S2050058B701EA
S2050058B8EFFB
S2050058B9D019
S2050058BA1FC9
S2050058BBD215
S2050058BC13D3
S2050058BD0DD8
S2050058BE00E4
S2050058BF00E3
S2050058C06F73
S2050058C1F0F1
S2050058C24F91
S2050058C3FDE2
S2050058C4934B
S2050058C5E7F6
S2050058C627B5
S2050058C700DB
S2050058C813C7
S2050058C98752
S2050058CA4B8D
S2050058CB00D7
S2050058CC13C3
S2050058CD8C49
S2050058CE0CC8
S2050058CF00D3
S2050058D06F63
S2050058D1F0E1
S2050058D24F81
S2050058D3CA05
S2050058D4B717
S2050058D506C7
S2050058D610BC
S2050058D700CB
S2050058D89337
S2050058D98B3E
S2050058DA4682
S2050058DB497E
S2050058DC6F57
S2050058DDF0D5
S2050058DE9F25
S2050058DFB112
S2050058E0B70B
S2050058E105BC
S2050058E210B0
S2050058E300BF
S2050058E413AB
S2050058E507B6
S2050058E6209C
S2050058E700BB
S2050058E89327
S2050058E90CAD
S2050058EA10A8
S2050058EB00B7
S2050058EC13A3
S2050058ED06AF
S2050058EE00B4
S2050058EF00B3
S2050058F0931F
S2050058F18B26
S2050058F2456B
S2050058F34966
S2050058F46F3F
S2050058F5F0BD
S2050058F61F8D
S2050058F78C1F
S2050058F83773
S2050058F906A3
S2050058FA1098
S2050058FB00A7
S2050058FC9313
S2050058FD0B9A
S2050058FE465E
S2050058FF495A
S2050059006F32
S205005901F0B0
S2050059025F40
S2050059039707
S2050059043766
S2050059050795
S205005906108B
S205005907009A
S2050059089306
S2050059090B8D
S20500590A4750
S20500590B494D
S20500590C6F26
S20500590DF0A4
S20500590E9FF4
S20500590FA2F0
S20500591093FE
S2050059110789
S205005912B0DF
S205005913028C
S205005914137A
S2050059150D7F
S205005916FD8E
S205005917FF8B
S2050059182366
S2050059192860
S20500591AF196
S20500591B0086
S20500591C6F16
S20500591DF094
S20500591E0F74
S20500591FE1A1
S205005920136E
S2050059218CF4
S2050059220C73
S205005923007E
S2050059246F0E
S205005925F08C
S205005926CFAC
S205005927FF7B
S20500592893E6
S205005929E791
S20500592A0770
S20500592B0472
S20500592C1362
S20500592D8CE8
S20500592E0C67
S20500592F0072
S205005930135E
S205005931066A
S205005932006F
S205005933016D
S2050059346FFE
S205005935F07C
S2050059364F1C
S205005937BAB0
S20500593893D6
S205005939FC6C
S20500593A0760
S20500593B0165
S20500593C6302
S20500593D8ADA
S20500593E0C57
S20500593FD48E
S20500594093CE
S2050059410C54
S205005942005F
S205005943005E
S2050059446FEE
S205005945F06C
S2050059460F4C
S205005947D288
S205005948A3B6
S20500594980D8
S20500594A0750
S20500594B0056
S20500594C93C2
S20500594DF75D
S20500594E0C47
S20500594F0250
S20500595063EE
S2050059518CC4
S2050059520748
S2050059530A44
S20500595483CA
S2050059554705
S205005956014A
S2050059570347
S20500595863E6
S20500595988C0
S20500595A0740
S20500595B2026
S20500595C1332
S20500595D063E
S20500595E0142
S20500595F033F
S205005960132E
S2050059610838
S2050059620639
S205005963003E
S205005964132A
S2050059650735
S205005966E05B
S2050059670238
S20500596893A6
S2050059690533
S20500596A50E7
S20500596B0630
S20500596C93A2
S20500596D062E
S20500596E50E3
S20500596F042E
S20500597063CE
S2050059718AA6
S205005972E748
S205005973E44A
S20500597463CA
S20500597586A6
S205005976B774
S2050059770426
S20500597863C6
S20500597984A4
S20500597AD750
S20500597B0422
S20500597C83A2
S20500597D47DD
S20500597E180B
S20500597F0022
S205005980130E
S2050059810818
S2050059821807
S205005983001E
S205005984E33A
S2050059859686
S2050059860714
S205005987FE1C
S2050059889386
S2050059890711
S20500598AE037
S20500598B0214
S20500598C23F2
S20500598D0014
S20500598EF81B
S20500598F0012
S205005990838E
S20500599147C9
S205005992010E
S205005993030B
S205005994A36A
S205005995000C
S2050059960803
S205005997000A
S2050059986F9A
S205005999F018
S20500599A4FB8
S20500599BE224
S20500599C8382
S20500599DA75D
S20500599E0BF8
S20500599F0002
S2050059A0936E
S2050059A1847C
S2050059A214EB
S2050059A300FE
S2050059A4936A
S2050059A58B71
S2050059A60CEF
S2050059A700FA
S2050059A8A356
S2050059A98F69
S2050059AAF403
S2050059ABFEF8
S2050059AC8372
S2050059AD47AD
S2050059AE1CD7
S2050059AF00F2
S2050059B0638E
S2050059B19060
S2050059B207E8
S2050059B3925C
S2050059B46F7E
S2050059B5F0FC
S2050059B64F9C
S2050059B79357
S2050059B813D6
S2050059B90DDB
S2050059BAFDEA
S2050059BBFFE7
S2050059BC6F76
S2050059BDF0F4
S2050059BE4F94
S2050059BFC220
S2050059C003DE
S2050059C14799
S2050059C208D7
S2050059C300DE
S2050059C4934A
S2050059C506D6
S2050059C608D3
S2050059C710CA
S2050059C89346
S2050059C907D1
S2050059CA08CF
S2050059CB00D6
S2050059CC6372
S2050059CD16BE
S2050059CE07CC
S2050059CF00D2
S2050059D06F62
S2050059D100D0
S2050059D200CF
S2050059D303CB
S2050059D4636A
S2050059D58844
S2050059D6D7F4
S2050059D700CA
S2050059D803C6
S2050059D9C701
S2050059DA17B0
S2050059DB00C6
S2050059DC9332
S2050059DD873D
S2050059DE17AC
S2050059DF00C2
S2050059E0E3DE
S2050059E11AA6
S2050059E207B8
S2050059E3FEC0
S2050059E4338A
S2050059E58636
S2050059E607B4
S2050059E74179
S2050059E86356
S2050059E95C5C
S2050059EAC0F7
S2050059EB00B6
S2050059EC9322
S2050059ED05AF
S2050059EE189B
S2050059EF00B2
S2050059F0139E
S2050059F105AB
S2050059F22887
S2050059F300AE
S2050059F4238A
S2050059F52C80
S2050059F601AA
S2050059F701A9
S2050059F8EFBA
S2050059F9D0D8
S2050059FA5F48
S2050059FBADF9
S2050059FC03A2
S2050059FD287C
S2050059FE8122
S2050059FF01A1
S205005A00930D
S205005A010798
S205005A02E0BE
S205005A03029B
S205005A042379
S205005A05009B
S205005A06F8A2
S205005A070099
S205005A088315
S205005A094750
S205005A0A0195
S205005A0B0392
S205005A0C6F25
S205005A0DF0A3
S205005A0E0F83
S205005A0FDBB6
S205005A10137D
S205005A110D82
S205005A120D81
S205005A13F09D
S205005A141379
S205005A150487
S205005A16008A
S205005A171079
S205005A186F19
S205005A19F097
S205005A1A0F77
S205005A1BDDA8
S205005A1CB7CD
S205005A1D077C
S205005A1E0082
S205005A1F8001
S205005A20334D
S205005A21C4BB
S205005A2287F7
S205005A23007D
S205005A2493E9
S205005A250774
S205005A26D0AA
S205005A270277
S205005A281365
S205005A290D6A
S205005A2AFD79
S205005A2BFF76
S205005A2C2351
S205005A2D284B
S205005A2EF181
S205005A2F0071
S205005A306F01
S205005A31F07F
S205005A32CF9F
S205005A33CF9E
S205005A3493D9
S205005A350467
S205005A360565
S205005A370069
S205005A386FF9
S205005A39F077
S205005A3A9FC7
S205005A3BA2C3
S205005A3C83E1
S205005A3D471C
S205005A3E1C46
S205005A3F0061
S205005A4063FD
S205005A4184DB
S205005A420757
S205005A43005D
S205005A446FED
S205005A45F06B
S205005A46CF8B
S205005A4788D1
S205005A486FE9
S205005A49F067
S205005A4A0F47
S205005A4B8ACB
S205005A4C93C1
S205005A4D074C
S205005A4E0052
S205005A4F024F
S205005A50232D
S205005A512629
S205005A52014D
S205005A53004D
S205005A542329
S205005A552A21
S205005A56F159
S205005A570049
S205005A586FD9
S205005A59F057
S205005A5A4FF7
S205005A5BC97C
S205005A5CA3A1
S205005A5D80C3
S205005A5EE75B
S205005A5F0041
S205005A60033D
S205005A61C778
S205005A62F648
S205005A63FF3E
S205005A642319
S205005A6580BB
S205005A66A793
S205005A670039
S205005A6893A5
S205005A6987B0
S205005A6A270F
S205005A6B0035
S205005A6C63D1
S205005A6D1E15
S205005A6E072B
S205005A6FD061
S205005A706FC1
S205005A71F03F
S205005A728F9F
S205005A73D35A
S205005A7483A9
S205005A7547E4
S205005A761C0E
S205005A770029
S205005A789395
S205005A798B9C
S205005A7A0C1A
S205005A7B0025
S205005A7C9391
S205005A7D041F
S205005A7E051D
S205005A7F0021
S205005A8063BD
S205005A81849B
S205005A820717
S205005A83001D
S205005A846FAD
S205005A85F02B
S205005A86CF4B
S205005A878495
S205005A886FA9
S205005A89F027
S205005A8A0F07
S205005A8B868F
S205005A8C1301
S205005A8D0D06
S205005A8EFD15
S205005A8FFF12
S205005A906FA1
S205005A91F01F
S205005A929F6F
S205005A939A73
S205005A9413F9
S205005A950407
S205005A96000A
S205005A970009
S205005A986F99
S205005A99F017
S205005A9A0FF7
S205005A9BD530
S205005A9C8381
S205005A9D27DC
S205005A9E0101
S205005A9F0100
S205005AA0639D
S205005AA18E71
S205005AA207F7
S205005AA304F9
S205005AA423D9
S205005AA5807B
S205005AA6F406
S205005AA700F9
S205005AA89365
S205005AA9FCFB
S205005AAA0CEA
S205005AAB01F4
S205005AAC9361
S205005AAD846F
S205005AAE14DE
S205005AAF00F1
S205005AB0638D
S205005AB1925D
S205005AB20CE2
S205005AB304E9
S205005AB413D9
S205005AB50DDE
S205005AB6EDFD
S205005AB7FFEA
S205005AB86F79
S205005AB9F0F7
S205005ABA8F57
S205005ABBD80D
S205005ABC13D1
S205005ABD07DC
S205005ABE00E2
S205005ABF03DE
S205005AC023BD
S205005AC1805F
S205005AC2E7F7
S205005AC300DD
S205005AC4E3F9
S205005AC58259
S205005AC60DCD
S205005AC7E8F1
S205005AC813C5
S205005AC98750
S205005ACA27AF
S205005ACB00D5
S205005ACC9341
S205005ACD06CD
S205005ACEE0F2
S205005ACF02CF
S205005AD0A32D
S205005AD1804F
S205005AD2D7F7
S205005AD300CD
S205005AD413B9
S205005AD505C6
S205005AD607C3
S205005AD700C9
S205005AD813B5
S205005AD98641
S205005ADA0DB9
S205005ADB00C5
S205005ADC9331
S205005ADD05BE
S205005ADE00C2
S205005ADF03BE
S205005AE0EFD1
S205005AE1D0EF
S205005AE29F1F
S205005AE3AF0E
S205005AE43389
S205005AE507B4
S205005AE6B505
S205005AE701B8
S205005AE82395
S205005AE900B7
S205005AEA07AF
S205005AEB00B5
S205005AEC8331
S205005AED476C
S205005AEE01B1
S205005AEF03AE
S205005AF06F41
S205005AF1F0BF
S205005AF2CFDF
S205005AF3CCE1
S205005AF41399
S205005AF50D9E
S205005AF6FDAD
S205005AF7FFAA
S205005AF86F39
S205005AF9F0B7
S205005AFA8F17
S205005AFBD4D1
S205005AFC1391
S205005AFD0D96
S205005AFEEDB5
S205005AFFFFA2
S205005B00633C
S205005B01425C
S205005B02801D
S205005B03D4C8
S205005B046F2C
S205005B05F0AA
S205005B06CFCA
S205005B07D6C2
S205005B089304
S205005B090690
S205005B0A0095
S205005B0B0391
S205005B0C2370
S205005B0D8012
S205005B0ED7BA
S205005B0F0090
S205005B1093FC
S205005B110688
S205005B12E0AD
S205005B13028A
S205005B14A3E8
S205005B15800A
S205005B16D7B2
S205005B170088
S205005B183354
S205005B190482
S205005B1AB0D5
S205005B1B4044
S205005B1C93F0
S205005B1D87FB
S205005B1E275A
S205005B1F0080
S205005B20631C
S205005B2184FA
S205005B220578
S205005B23027A
S205005B241368
S205005B2585F5
S205005B260772
S205005B270078
S205005B281364
S205005B290670
S205005B2A0471
S205005B2B0074
S205005B2C93E0
S205005B2D056D
S205005B2E0071
S205005B2F036D
S205005B30234C
S205005B312E40
S205005B32E18C
S205005B33006C
S205005B342348
S205005B352C3E
S205005B360168
S205005B370167
S205005B38EF78
S205005B39D096
S205005B3A1F46
S205005B3BAABA
S205005B3C0360
S205005B3D273B
S205005B3EC1A0
S205005B3F015F
S205005B40035C
S205005B412836
S205005B4281DC
S205005B43015B
S205005B44B3A8
S205005B450753
S205005B4685D4
S205005B470058
S205005B481344
S205005B49084E
S205005B4A183D
S205005B4B0054
S205005B4C2330
S205005B4D80D2
S205005B4EE76A
S205005B4F0050
S205005B50034C
S205005B514707
S205005B520845
S205005B53004C
S205005B5493B8
S205005B5587C3
S205005B561732
S205005B570048
S205005B58E364
S205005B59182E
S205005B5A073E
S205005B5BFE46
S205005B5C6FD4
S205005B5DF052
S205005B5ECF72
S205005B5FC47C
S205005B6093AC
S205005B61043A
S205005B620538
S205005B63003C
S205005B646FCC
S205005B65F04A
S205005B669F9A
S205005B67A593
S205005B681324
S205005B69082E
S205005B6A0134
S205005B6B0331
S205005B6C6FC4
S205005B6DF042
S205005B6EDF52
S205005B6FE14F
S205005B70131C
S205005B71012D
S205005B72012C
S205005B73BC70
S205005B741318
S205005B750327
S205005B7641E8
S205005B7742E6
S205005B782304
S205005B792AFC
S205005B7A9194
S205005B7B40E4
S205005B7C9390
S205005B7D041E
S205005B7E0120
S205005B7F011F
S205005B8023FC
S205005B8122FC
S205005B82B16C
S205005B8342DA
S205005B8423F8
S205005B8524F6
S205005B86C158
S205005B8742D6
S205005B889384
S205005B890511
S205005B8A0510
S205005B8B0014
S205005B8C1300
S205005B8D060C
S205005B8E030E
S205005B8F0010
S205005B9013FC
S205005B918589
S205005B920409
S205005B93000C
S205005B9423E8
S205005B952EDC
S205005B9611F8
S205005B9740C8
S205005B9823E4
S205005B9926E0
S205005B9AD134
S205005B9B42C2
S205005B9C23E0
S205005B9D28DA
S205005B9EE120
S205005B9F42BE
S205005BA023DC
S205005BA12AD4
S205005BA2F10C
S205005BA342BA
S205005BA423D8
S205005BA52CCE
S205005BA601F8
S205005BA743B5
S205005BA823D4
S205005BA92EC8
S205005BAA11E4
S205005BAB43B1
S205005BAC23D0
S205005BAD26CC
S205005BAE6190
S205005BAF00F0
S205005BB0EF00
S205005BB1E00E
S205005BB29F4E
S205005BB3EB01
S205005BB403E8
S205005BB545A5
S205005BB601E8
S205005BB701E7
S205005BB86384
S205005BB90ED8
S205005BBA05E0
S205005BBB02E2
S205005BBC23C0
S205005BBD2CB6
S205005BBE8160
S205005BBF40A0
S205005BC013CC
S205005BC1845A
S205005BC204D9
S205005BC300DC
S205005BC4EFEC
S205005BC5E0FA
S205005BC6DFFA
S205005BC79147
S205005BC803D4
S205005BC94591
S205005BCA14C1
S205005BCB00D4
S205005BCC9340
S205005BCD07CB
S205005BCE04CD
S205005BCF00D0
S205005BD013BC
S205005BD104CA
S205005BD214B9
S205005BD300CC
S205005BD4E3E8
S205005BD518B2
S205005BD605C4
S205005BD7FECA
S205005BD803C4
S205005BD924A2
S205005BDA8144
S205005BDB4183
S205005BDC8340
S205005BDD20A2
S205005BDEC100
S205005BDF417F
S205005BE0338C
S205005BE18539
S205005BE29726
S205005BE3407C
S205005BE413A8
S205005BE505B5
S205005BE615A4
S205005BE700B8
S205005BE88334
S205005BE92492
S205005BEA4174
S205005BEB4173
S205005BEC13A0
S205005BED01B1
S205005BEE01B0
S205005BEF446C
S205005BF06748
S205005BF1802E
S205005BF200AD
S205005BF300AC
S205005BF48328
S205005BF5208A
S205005BF6C1E8
S205005BF74167
S205005BF88324
S205005BF92482
S205005BFA4164
S205005BFB4163
S205005BFC1390
S205005BFD059D
S205005BFE00A1
S205005BFF00A0
S205005C00138B
S205005C01019C
S205005C02019B
S205005C034457
S205005C046733
S205005C058019
S205005C060098
S205005C070097
S205005C081383
S205005C090194
S205005C0A0193
S205005C0BF99A
S205005C0C236F
S205005C0D246D
S205005C0E810F
S205005C0F0689
S205005C10236B
S205005C11226B
S205005C1291FB
S205005C130685
S205005C142367
S205005C152069
S205005C162167
S205005C170780
S205005C182363
S205005C192E57
S205005C1A3153
S205005C1B057E
S205005C1C235F
S205005C1D2C55
S205005C1E413F
S205005C1F057A
S205005C20235B
S205005C212657
S205005C22116B
S205005C230675
S205005C242357
S205005C252A4F
S205005C265127
S205005C270572
S205005C282353
S205005C29284D
S205005C2A6113
S205005C2B056E
S205005C2C234F
S205005C2D264B
S205005C2E71FF
S205005C2F056A
S205005C30234B
S205005C31224B
S205005C3291DB
S205005C330566
S205005C342347
S205005C352E3B
S205005C36B1B7
S205005C370364
S205005C3893D3
S205005C39085D
S205005C3AE084
S205005C3B045F
S205005C3C233F
S205005C3D2E33
S205005C3E015F
S205005C3F015E
S205005C4093CB
S205005C410954
S205005C420557
S205005C43005B
S205005C441347
S205005C4584D5
S205005C460553
S205005C470057
S205005C481343
S205005C498ACB
S205005C4A064E
S205005C4B0053
S205005C4C93BF
S205005C4D044D
S205005C4E0749
S205005C4F004F
S205005C50133B
S205005C5189C4
S205005C520745
S205005C53004B
S205005C5463E7
S205005C55DC6D
S205005C56C880
S205005C571A2D
S205005C5893B3
S205005C59073E
S205005C5AE064
S205005C5B043F
S205005C5C231F
S205005C5D2C15
S205005C5EF14F
S205005C5F003F
S205005C60132B
S205005C6185B8
S205005C620933
S205005C63003B
S205005C6493A7
S205005C650534
S205005C660434
S205005C670037
S205005C681323
S205005C69062F
S205005C6A0034
S205005C6B0033
S205005C6C939F
S205005C6D062B
S205005C6E0030
S205005C6F002F
S205005C70EF3F
S205005C71B07D
S205005C725FCD
S205005C739C8F
S205005C741317
S205005C750722
S205005C760028
S205005C770027
S205005C7863C3
S205005C7958CD
S205005C7A051F
S205005C7B0023
S205005C7CB76B
S205005C7D071A
S205005C7E0020
S205005C7F809F
S205005C8033EB
S205005C81C459
S205005C828795
S205005C83001B
S205005C841307
S205005C850712
S205005C861008
S205005C870017
S205005C889383
S205005C890510
S205005C8A0410
S205005C8B0013
S205005C8C23EF
S205005C8DA071
S205005C8EE42C
S205005C8F000F
S205005C9013FB
S205005C910607
S205005C92010B
S205005C930209
S205005C9413F7
S205005C958584
S205005C9609FF
S205005C970007
S205005C98EF17
S205005C99A065
S205005C9A8F75
S205005C9BCA39
S205005C9C03FF
S205005C9D2BD6
S205005C9E01FF
S205005C9F02FD
S205005CA0837B
S205005CA12BD2
S205005CA241BB
S205005CA302F9
S205005CA49367
S205005CA58475
S205005CA605F3
S205005CA700F7
S205005CA813E3
S205005CA904F1
S205005CAA05EF
S205005CAB00F3
S205005CAC13DF
S205005CAD06EB
S205005CAE00F0
S205005CAF00EF
S205005CB0935B
S205005CB106E7
S205005CB200EC
S205005CB300EB
S205005CB413D7
S205005CB505E4
S205005CB60BDD
S205005CB700E7
S205005CB89353
S205005CB98560
S205005CBA0BD9
S205005CBB00E3
S205005CBCEFF3
S205005CBDB031
S205005CBECF11
S205005CBFFEE1
S205005CC0637B
S205005CC10CD1
S205005CC205D7
S205005CC32CAF
S205005CC4B723
S205005CC51CBD
S205005CC610C8
S205005CC700D7
S205005CC88353
S205005CC9A72E
S205005CCA0CC8
S205005CCB8251
S205005CCC03CF
S205005CCDA829
S205005CCE4C84
S205005CCF824D
S205005CD0B717
S205005CD116B7
S205005CD210BC
S205005CD300CB
S205005CD423A7
S205005CD520A9
S205005CD6F1D7
S205005CD700C7
S205005CD88343
S205005CD9A71E
S205005CDA863E
S205005CDB8241
S205005CDC239F
S205005CDD229F
S205005CDE01BF
S205005CDF01BE
S205005CE003BB
S205005CE1A815
S205005CE2C6F6
S205005CE38239
S205005CE42397
S205005CE52495
S205005CE6F1C7
S205005CE700B7
S205005CE89323
S205005CE907AE
S205005CEA09AB
S205005CEB05AE
S205005CEC238F
S205005CED248D
S205005CEE812F
S205005CEF05AA
S205005CF0238B
S205005CF1208D
S205005CF2A10B
S205005CF305A6
S205005CF42387
S205005CF52683
S205005CF601A7
S205005CF701A6
S205005CF82383
S205005CF92A7B
S205005CFAF1B3
S205005CFB00A3
S205005CFC930F
S205005CFD8D14
S205005CFE0799
S205005CFF009F
S205005D00930A
S205005D010C90
S205005D02009B
S205005D030595
S205005D040396
S205005D052672
S205005D060196
S205005D070096
S205005D088312
S205005D09266E
S205005D0A4152
S205005D0B0092
S205005D0C137E
S205005D0D058B
S205005D0E0B84
S205005D0F008E
S205005D1093FA
S205005D118507
S205005D120B80
S205005D13008A
S205005D14EF9A
S205005D15A0E8
S205005D16DFA8
S205005D17EE98
S205005D181372
S205005D19067E
S205005D1A0182
S205005D1B0280
S205005D1CEF92
S205005D1DA0E0
S205005D1E4F30
S205005D1FC2BC
S205005D20037A
S205005D212656
S205005D2281FA
S205005D23007A
S205005D2483F6
S205005D252652
S205005D26C1B6
S205005D270076
S205005D282352
S205005D292450
S205005D2AA1D2
S205005D2B0270
S205005D2C234E
S205005D2D264A
S205005D2EB1BE
S205005D2F026C
S205005D30EF7E
S205005D31A0CC
S205005D328FDC
S205005D33E08A
S205005D340366
S205005D352642
S205005D360166
S205005D370066
S205005D3883E2
S205005D39263E
S205005D3A4122
S205005D3B0062
S205005D3C134E
S205005D3D8CD4
S205005D3E0D52
S205005D3F005E
S205005D4093CA
S205005D418DCF
S205005D42FD5E
S205005D43FF5B
S205005D44EF6A
S205005D45B0A8
S205005D469FB8
S205005D479FB7
S205005D48EF66
S205005D49C094
S205005D4ADF74
S205005D4BA8AA
S205005D4C034E
S205005D4D2B25
S205005D4E014E
S205005D4F024C
S205005D5083CA
S205005D512B21
S205005D52410A
S205005D530248
S205005D541336
S205005D550543
S205005D560542
S205005D570343
S205005D58B392
S205005D5989BB
S205005D5ABC87
S205005D5B4101
S205005D5C231E
S205005D5D80C0
S205005D5EAD92
S205005D5F003E
S205005D60132A
S205005D610636
S205005D62003B
S205005D63003A
S205005D6493A6
S205005D650632
S205005D660037
S205005D670036
S205005D681322
S205005D69052F
S205005D6A0B28
S205005D6B0032
S205005D6C939E
S205005D6D85AB
S205005D6E0B24
S205005D6F002E
S205005D70131A
S205005D718D9F
S205005D720D1E
S205005D73002A
S205005D749396
S205005D750A1E
S205005D76091E
S205005D770026
S205005D78B372
S205005D79899B
S205005D7A29FA
S205005D7B0121
S205005D7CEF32
S205005D7DB070
S205005D7ECF50
S205005D7FF22C
S205005D80E33A
S205005D81120A
S205005D820516
S205005D83F822
S205005D848396
S205005D8527F1
S205005D8641D6
S205005D870115
S205005D8863B2
S205005D89FE16
S205005D8AFD16
S205005D8B36DC
S205005D8CB35E
S205005D8D0709
S205005D8EB956
S205005D8F41CD
S205005D90937A
S205005D918686
S205005D92F714
S205005D930406
S205005D9413F6
S205005D950701
S205005D9660A7
S205005D970006
S205005D9863A2
S205005D997490
S205005D9AD72C
S205005D9B08FA
S205005D9C33CE
S205005D9D6799
S205005D9EB946
S205005D9F01FD
S205005DA013EA
S205005DA17785
S205005DA237C4
S205005DA300FA
S205005DA46396
S205005DA51EDA
S205005DA607F0
S205005DA706F0
S205005DA833C2
S205005DA90CE8
S205005DAA896A
S205005DAB41B1
S205005DAC13DE
S205005DAD3CB4
S205005DAE3CB3
S205005DAF00EE
S205005DB0638A
S205005DB118D4
S205005DB20CDF
S205005DB306E4
S205005DB49356
S205005DB58761
S205005DB607E0
S205005DB705E1
S205005DB813D2
S205005DB9F6EE
S205005DBAC71C
S205005DBBFFE3
S205005DBCB32E
S205005DBD06DA
S205005DBEB629
S205005DBF01DD
S205005DC003DA
S205005DC127B5
S205005DC20DCE
S205005DC300DA
S205005DC413C6
S205005DC50DCB
S205005DC64D8A
S205005DC700D6
S205005DC89342
S205005DC98A4A
S205005DCA4A89
S205005DCB00D2
S205005DCC23AE
S205005DCDAE22
S205005DCEEAE5
S205005DCFFED0
S205005DD0E3EA
S205005DD19834
S205005DD2A625
S205005DD3FFCB
S205005DD43396
S205005DD507C1
S205005DD6C9FE
S205005DD700C6
S205005DD86362
S205005DD904C0
S205005DDAF6CD
S205005DDB06BC
S205005DDC833E
S205005DDDC5FB
S205005DDE06B9
S205005DDF00BE
S205005DE003BA
S205005DE12597
S205005DE2417A
S205005DE301B9
S205005DE413A6
S205005DE58632
S205005DE616A1
S205005DE700B6
S205005DE82392
S205005DE900B4
S205005DEAB7FC
S205005DEB00B2
S205005DEC634E
S205005DED7A36
S205005DEEA609
S205005DEF04AA
S205005DF0832A
S205005DF1C5E7
S205005DF21695
S205005DF300AA
S205005DF41396
S205005DF58622
S205005DF62681
S205005DF700A6
S205005DF8A302
S205005DF900A4
S205005DFAB7EC
S205005DFB00A2
S205005DFC633E
S205005DFD722E
S205005DFEA6F9
S205005DFF049A
S205005E008319
S205005E01C6D5
S205005E022674
S205005E030099
S205005E042375
S205005E050196
S205005E06D7BF
S205005E070095
S205005E086F25
S205005E090093
S205005E0A8012
S205005E0B038E
S205005E0C93FD
S205005E0D4649
S205005E0EF698
S205005E0FFF8E
S205005E1093F9
S205005E11D6B5
S205005E12F694
S205005E134148
S205005E14B3D5
S205005E157710
S205005E16D6B0
S205005E170085
S205005E182361
S205005E192C57
S205005E1AF191
S205005E1B0081
S205005E1C6F11
S205005E1DF08F
S205005E1E5F1F
S205005E1FE499
S205005E201369
S205005E210774
S205005E220971
S205005E230079
S205005E2483F5
S205005E25C6B1
S205005E260D69
S205005E270075
S205005E2893E1
S205005E298DE6
S205005E2A1D55
S205005E2B0071
S205005E2C135D
S205005E2D0768
S205005E2E1757
S205005E2F006D
S205005E30A3C9
S205005E310F5C
S205005E32D793
S205005E33FE6B
S205005E3483E5
S205005E352641
S205005E364125
S205005E370164
S205005E38E381
S205005E3996CD
S205005E3AB6AC
S205005E3BFF62
S205005E3C93CD
S205005E3D87D8
S205005E3E0757
S205005E3F0558
S205005E400359
S205005E412C2F
S205005E4281D9
S205005E430455
S205005E440355
S205005E452D2A
S205005E460155
S205005E470451
S205005E48B3A1
S205005E490A49
S205005E4AF959
S205005E4B0051
S205005E4C83CD
S205005E4D2728
S205005E4E81CD
S205005E4F014C
S205005E50B399
S205005E510D3E
S205005E52F951
S205005E530049
S205005E5483C5
S205005E552720
S205005E56C185
S205005E570144
S205005E5863E1
S205005E5994AF
S205005E5A073B
S205005E5B0041
S205005E5CB38D
S205005E5D8DB2
S205005E5E3D01
S205005E5F013C
S205005E602319
S205005E61201B
S205005E623A00
S205005E630138
S205005E6463D5
S205005E65E651
S205005E662D09
S205005E671F16
S205005E6893A1
S205005E69092A
S205005E6A0929
S205005E6B052C
S205005E6C63CD
S205005E6DEE41
S205005E6E5DD1
S205005E6F0528
S205005E70B775
S205005E711C0F
S205005E72101A
S205005E730029
S205005E7463C5
S205005E75FA2D
S205005E763AEC
S205005E770520
S205005E780321
S205005E79AB78
S205005E7A0C16
S205005E7B829F
S205005E7C839D
S205005E7DAB74
S205005E7E4CD2
S205005E7F829B
S205005E806FAD
S205005E81001B
S205005E82809A
S205005E830019
S205005E8463B5
S205005E858A8D
S205005E8659BD
S205005E871DF8
S205005E889381
S205005E89868D
S205005E8A0B07
S205005E8B0011
S205005E8C13FD
S205005E8D050A
S205005E8E040A
S205005E8F000D
S205005E909379
S205005E918586
S205005E920406
S205005E930009
S205005E9413F5
S205005E950601
S205005E960BFB
S205005E970005
S205005E98EF15
S205005E99B053
S205005E9A5FA3
S205005E9B8A77
S205005E9C13ED
S205005E9D06F9
S205005E9E817D
S205005E9F02FB
S205005EA0EF0D
S205005EA1A05B
S205005EA20FEB
S205005EA3AA4F
S205005EA413E5
S205005EA504F3
S205005EA605F1
S205005EA700F5
S205005EA89361
S205005EA9846F
S205005EAA05ED
S205005EAB00F1
S205005EAC03ED
S205005EAD25CA
S205005EAE816D
S205005EAF02EB
S205005EB08369
S205005EB125C6
S205005EB2C129
S205005EB302E7
S205005EB49355
S205005EB58A5D
S205005EB61ACC
S205005EB700E5
S205005EB8EFF5
S205005EB9C023
S205005EBADF03
S205005EBB9150
S205005EBC13CD
S205005EBD05DA
S205005EBE05D9
S205005EBF03DA
S205005EC0A339
S205005EC18F4C
S205005EC2AA30
S205005EC3FEDB
S205005EC4E3F5
S205005EC5F0E7
S205005EC65D79
S205005EC7FDD8
S205005EC86371
S205005EC9F8DB
S205005ECA3D95
S205005ECB19B8
S205005ECC834D
S205005ECDC708
S205005ECE0DC1
S205005ECF00CD
S205005ED013B9
S205005ED107C4
S205005ED2903A
S205005ED303C6
S205005ED49335
S205005ED58740
S205005ED6576F
S205005ED700C5
S205005ED89331
S205005ED9F7CC
S205005EDAF7CB
S205005EDB0FB2
S205005EDC239D
S205005EDD803F
S205005EDEFDC1
S205005EDF00BD
S205005EE06359
S205005EE17E3D
S205005EE2F7C3
S205005EE306B3
S205005EE48335
S205005EE52790
S205005EE6C1F5
S205005EE701B4
S205005EE86351
S205005EE99221
S205005EEA07AB
S205005EEB1899
S205005EEC931D
S205005EED8728
S205005EEE0DA1
S205005EEF00AD
S205005EF01399
S205005EF106A5
S205005EF200AA
S205005EF303A6
S205005EF49315
S205005EF505A2
S205005EF69016
S205005EF703A2
S205005EF82381
S205005EF98023
S205005EFAC7DB
S205005EFB00A1
S205005EFC633D
S205005EFD643B
S205005EFEF9A5
S205005EFF1C81
S205005F001388
S205005F010793
S205005F021089
S205005F030395
S205005F042374
S205005F058016
S205005F06E7AE
S205005F070094
S205005F080390
S205005F09276B
S205005F0A0A87
S205005F0B0090
S205005F0C137C
S205005F0D0787
S205005F0E1776
S205005F0F008C
S205005F102368
S205005F11206A
S205005F12EA9F
S205005F130088
S205005F146324
S205005F157412
S205005F16B9CC
S205005F170183
S205005F182360
S205005F198002
S205005F1ACDB4
S205005F1B0080
S205005F1C83FC
S205005F1DC6B8
S205005F1E0776
S205005F1F007C
S205005F201368
S205005F210773
S205005F2290E9
S205005F230375
S205005F2493E4
S205005F258DE9
S205005F261D58
S205005F270074
S205005F286310
S205005F297AF8
S205005F2AD79A
S205005F2B026E
S205005F2C135C
S205005F2D0668
S205005F2E105D
S205005F2F0369
S205005F3093D8
S205005F310565
S205005F320069
S205005F330365
S205005F3493D4
S205005F350660
S205005F3690D5
S205005F370361
S205005F382340
S205005F3980E2
S205005F3AC79A
S205005F3B0060
S205005F3C035C
S205005F3D2737
S205005F3E0A53
S205005F3F005C
S205005F401348
S205005F410753
S205005F421742
S205005F430058
S205005F442334
S205005F452036
S205005F46EA6B
S205005F470054
S205005F4863F0
S205005F4974DE
S205005F4AB998
S205005F4B014F
S205005F4C232C
S205005F4D80CE
S205005F4EBD90
S205005F4F004C
S205005F500348
S205005F51C783
S205005F520742
S205005F530048
S205005F5493B4
S205005F558DB9
S205005F561D28
S205005F570044
S205005F58E360
S205005F59E062
S205005F5AE65B
S205005F5BFE42
S205005F5C231C
S205005F5D80BE
S205005F5E0D30
S205005F5F003C
S205005F6083B8
S205005F61201A
S205005F62C178
S205005F630632
S205005F640334
S205005F652412
S205005F6681B4
S205005F67062E
S205005F6883B0
S205005F69240E
S205005F6A41F0
S205005F6B062A
S205005F6C83AC
S205005F6D2905
S205005F6EC16C
S205005F6F0527
S205005F700328
S205005F712A00
S205005F7281A8
S205005F730523
S205005F7483A4
S205005F752AFC
S205005F7641E4
S205005F77051F
S205005F780320
S205005F792BF7
S205005F7A0120
S205005F7B051B
S205005F7C839C
S205005F7D2BF3
S205005F7EC15C
S205005F7F0418
S205005F808398
S205005F812CEE
S205005F8241D8
S205005F830414
S205005F848394
S205005F852DE9
S205005F86C154
S205005F870311
S205005F881300
S205005F89050D
S205005F8A0908
S205005F8B0010
S205005F8C030C
S205005F8D29E5
S205005F8E010C
S205005F8F0606
S205005F9013F8
S205005F910109
S205005F920108
S205005F930701
S205005F9467A0
S205005F958086
S205005F960005
S205005F970004
S205005F9813F0
S205005F9905FD
S205005F9A04FD
S205005F9B0000
S205005F9C936C
S205005F9D8579
S205005F9E04F9
S205005F9F00FC
S205005FA013E8
S205005FA106F4
S205005FA200F9
S205005FA300F8
S205005FA49364
S205005FA506F0
S205005FA600F5
S205005FA700F4
S205005FA8EF04
S205005FA9B042
S205005FAACF22
S205005FABD818
S205005FAC638C
S205005FAD5A94
S205005FAEA04D
S205005FAF0AE2
S205005FB0B734
S205005FB11CCE
S205005FB210D9
S205005FB300E8
S205005FB403E4
S205005FB5A640
S205005FB60CD9
S205005FB78262
S205005FB88360
S205005FB9A63C
S205005FBA4C95
S205005FBB825E
S205005FBC13CC
S205005FBD05D9
S205005FBE04D9
S205005FBF00DC
S205005FC09348
S205005FC18555
S205005FC204D5
S205005FC300D8
S205005FC423B4
S205005FC520B6
S205005FC6A134
S205005FC705CF
S205005FC8EFE4
S205005FC9B022
S205005FCA4F82
S205005FCBF7D9
S205005FCCB718
S205005FCD17B7
S205005FCE10BD
S205005FCF00CC
S205005FD003C8
S205005FD1AB1F
S205005FD207C2
S205005FD38345
S205005FD48344
S205005FD5AB1B
S205005FD6477E
S205005FD78341
S205005FD813B0
S205005FD90DB5
S205005FDA05BC
S205005FDB00C0
S205005FDC13AC
S205005FDD06B8
S205005FDE0BB2
S205005FDF00BC
S205005FE09328
S205005FE18634
S205005FE20BAE
S205005FE300B8
S205005FE49324
S205005FE58A2C
S205005FE605B0
S205005FE700B4
S205005FE8EFC4
S205005FE9B002
S205005FEACFE2
S205005FEBE4CC
S205005FEC931C
S205005FED09A5
S205005FEE00AD
S205005FEF00AC
S205005FF06348
S205005FF1505A
S205005FF205A4
S205005FF31296
S205005FF42384
S205005FF52482
S205005FF68124
S205005FF7059F
S205005FF803A0
S205005FF9ACF6
S205005FFA0C95
S205005FFB821E
S205005FFC831C
S205005FFDACF2
S205005FFE4C51
S205005FFF821A
S2050060001387
S2050060010594
S2050060020D8B
S2050060030097
S2050060049303
S2050060058510
S2050060060A8A
S2050060070093
S205006008137F
S205006009068B
S20500600A0C84
S20500600B008F
S20500600C93FB
S20500600D8607
S20500600E0C80
S20500600F008B
S205006010EF9B
S205006011B0D9
S205006012CFB9
S205006013F295
S2050060141373
S205006015067F
S2050060160B79
S2050060170083
S20500601893EF
S20500601986FB
S20500601A0B75
S20500601B007F
S20500601C136B
S20500601D0479
S20500601E0D6F
S20500601F007B
S20500602093E7
S20500602184F5
S2050060220A6E
S2050060230077
S20500602493E3
S20500602589EC
S205006026F97B
S205006027FF74
S205006028135F
S2050060290D64
S20500602A056B
S20500602B006F
S20500602C93DB
S20500602D8AE3
S20500602E0567
S20500602F006B
S205006030EF7B
S205006031B0B9
S2050060324F19
S205006033E087
S205006034E383
S205006035461F
S205006036055F
S205006037FC67
S205006038233F
S205006039243D
S20500603AA1BF
S20500603B035C
S20500603C233B
S20500603D2637
S20500603E510B
S20500603F0358
S2050060400357
S2050060412C2D
S20500604281D7
S2050060430453
S2050060440353
S2050060452D28
S2050060460153
S205006047044F
S20500604893BF
S2050060490A47
S20500604A0947
S20500604B004F
S20500604C6FDF
S20500604DF05D
S20500604E1F2D
S20500604FE06B
S2050060502327
S2050060510049
S205006052093F
S2050060530047
S2050060546FD7
S205006055F055
S205006056DF65
S205006057F053
S205006058A39F
S205006059073A
S20500605A0937
S20500605B043B
S20500605C6FCF
S20500605DF04D
S20500605E5FDD
S20500605FF04B
S20500606093A7
S2050060610A2F
S205006062092F
S2050060630037
S20500606493A3
S205006065092C
S2050060660034
S2050060670033
S2050060686FC3
S205006069F041
S20500606A5FD1
S20500606BDE51
S20500606C939B
S20500606D87A6
S20500606E0D1F
S20500606F002B
S2050060709397
S2050060710524
S2050060720028
S2050060730324
S2050060741313
S205006075061F
S2050060769094
S2050060770320
S20500607823FF
S20500607980A1
S20500607AB769
S20500607B001F
S20500607C63BB
S20500607D64B9
S20500607EF923
S20500607F0615
S2050060801307
S2050060810712
S2050060821008
S2050060830314
S20500608423F3
S2050060858095
S205006086E72D
S2050060870013
S205006088030F
S20500608927EA
S20500608A0A06
S20500608B000F
S20500608C937B
S20500608D0508
S20500608E907C
S20500608F0308
S20500609013F7
S2050060910603
S20500609210F8
S2050060930304
S20500609413F3
S20500609507FE
S20500609617ED
S2050060970003
S20500609823DF
S20500609920E1
S20500609AEA16
S20500609B00FF
S20500609C03FB
S20500609DC736
S20500609E07F5
S20500609F00FB
S2050060A09367
S2050060A106F3
S2050060A29068
S2050060A303F4
S2050060A4E313
S2050060A5FCF9
S2050060A6E50F
S2050060A7EA09
S2050060A823CF
S2050060A98071
S2050060AAC729
S2050060AB00EF
S2050060AC03EB
S2050060AD27C6
S2050060AE0AE2
S2050060AF00EB
S2050060B013D7
S2050060B107E2
S2050060B217D1
S2050060B300E7
S2050060B423C3
S2050060B520C5
S2050060B6EAFA
S2050060B700E3
S2050060B803DF
S2050060B9C71A
S2050060BA07D9
S2050060BB00DF
S2050060BCE3FB
S2050060BDE6F7
S2050060BEE6F6
S2050060BFFEDD
S2050060C06F6B
S2050060C1F0E9
S2050060C2DFF9
S2050060C3E9EE
S2050060C403D3
S2050060C5C70E
S2050060C6F7DD
S2050060C7FFD4
S2050060C8933F
S2050060C9864B
S2050060CAF7D9
S2050060CBFFD0
S2050060CC13BB
S2050060CD07C6
S2050060CE17B5
S2050060CF00CB
S2050060D013B7
S2050060D17752
S2050060D2F7D1
S2050060D30FB8
S2050060D4A323
S2050060D58F36
S2050060D6E7DD
S2050060D7FEC5
S2050060D8E3DF
S2050060D9F2CF
S2050060DAE5DB
S2050060DBE8D7
S2050060DC932B
S2050060DD8736
S2050060DE06B6
S2050060DF00BB
S2050060E06F4B
S2050060E1F0C9
S2050060E29F19
S2050060E3E1D6
S2050060E403B3
S2050060E5C7EE
S2050060E6F7BD
S2050060E7FFB4
S2050060E8931F
S2050060E9862B
S2050060EAF7B9
S2050060EBFFB0
S2050060EC139B
S2050060ED07A6
S2050060EE1795
S2050060EF00AB
S2050060F01397
S2050060F17732
S2050060F2F7B1
S2050060F30F98
S2050060F4A303
S2050060F58F16
S2050060F6E7BD
S2050060F7FEA5
S2050060F8E3BF
S2050060F9722F
S2050060FAE6BA
S2050060FBE6B9
S2050060FC930B
S2050060FD8716
S2050060FE0696
S2050060FF009B
S2050061006F2A
S205006101F0A8
S2050061029FF8
S205006103F79F
S2050061040392
S2050061052C68
S2050061068112
S205006107048E
S205006108038E
S2050061092D63
S20500610A018E
S20500610B048A
S20500610C6F1E
S20500610DF09C
S20500610E1F6C
S20500610FD4B6
S2050061102366
S2050061112464
S205006112A1E6
S2050061130383
S2050061142362
S205006115265E
S2050061165132
S205006117037F
S205006118037E
S2050061192D53
S20500611A017E
S20500611B047A
S20500611C93EA
S20500611D0A72
S20500611E0972
S20500611F007A
S2050061206F0A
S205006121F088
S205006122DF98
S205006123D2A4
S2050061241362
S205006125086C
S2050061260073
S2050061270072
S2050061286F02
S205006129F080
S20500612A1F50
S20500612BAEC0
S20500612C135A
S20500612D016B
S20500612E016A
S20500612FFE6C
S2050061302346
S2050061312C3C
S20500613281E6
S2050061330066
S2050061342342
S2050061352A3A
S20500613691D2
S2050061370062
S205006138233E
S2050061392838
S20500613A213E
S20500613B015D
S20500613C233A
S20500613D2636
S20500613E312A
S20500613F0159
S2050061402336
S2050061412E2A
S2050061421146
S2050061430056
S2050061442332
S2050061452430
S2050061464112
S2050061470151
S205006148133E
S205006149044C
S20500614A0748
S20500614B004E
S20500614C93BA
S20500614D84C8
S20500614E0546
S20500614F004A
S20500615093B6
S205006151093F
S2050061520641
S2050061530046
S2050061541332
S20500615589BB
S205006156063D
S2050061570042
S20500615863DE
S2050061590A36
S20500615A0738
S20500615B0836
S20500615C93AA
S20500615D0735
S20500615E300B
S20500615F003A
S20500616063D6
S2050061610A2E
S205006162F740
S2050061630432
S2050061640332
S205006165AA8A
S205006166052E
S2050061670032
S205006168131E
S20500616986AA
S20500616A0926
S20500616B002E
S20500616C939A
S20500616D0527
S20500616E0922
S20500616F002A
S2050061701316
S2050061710523
S2050061720A1D
S2050061730026
S205006174EF36
S205006175E044
S205006176CF54
S205006177CD55
S205006178EF32
S205006179E040
S20500617A0F10
S20500617BCF4F
S20500617CE33A
S20500617D0E0E
S20500617E0516
S20500617FFE1C
S2050061809386
S2050061810711
S20500618230E7
S2050061830016
S20500618463B2
S2050061850E06
S205006186F41F
S205006187060C
S20500618813FE
S205006189040C
S20500618AE42B
S20500618BFF0F
S20500618C937A
S20500618D0705
S20500618E10FB
S20500618F000A
S20500619063A6
S205006191F018
S2050061928780
S20500619308FE
S2050061948382
S20500619520E4
S205006196C142
S2050061970101
S20500619803FE
S20500619924DC
S20500619A817E
S20500619B01FD
S20500619C837A
S20500619D24D8
S20500619E41BA
S20500619F01F9
S2050061A003F6
S2050061A129CF
S2050061A201F6
S2050061A301F5
S2050061A48372
S2050061A529CB
S2050061A6C132
S2050061A700F2
S2050061A803EE
S2050061A92AC6
S2050061AA816E
S2050061AB00EE
S2050061AC13DA
S2050061AD01EB
S2050061AE01EA
S2050061AF02E8
S2050061B06782
S2050061B18068
S2050061B200E7
S2050061B300E6
S2050061B423C2
S2050061B522C2
S2050061B65192
S2050061B701E1
S2050061B8934E
S2050061B90AD6
S2050061BA05DA
S2050061BB00DE
S2050061BCEFEE
S2050061BDE0FC
S2050061BE0FCC
S2050061BFC416
S2050061C013C6
S2050061C10ACE
S2050061C205D2
S2050061C300D6
S2050061C46372
S2050061C58450
S2050061C604CF
S2050061C700D2
S2050061C823AE
S2050061C9A030
S2050061CAA42B
S2050061CB00CE
S2050061CC3796
S2050061CD05C7
S2050061CE10BB
S2050061CF00CA
S2050061D09336
S2050061D18543
S2050061D20ABD
S2050061D300C6
S2050061D49332
S2050061D506BE
S2050061D609BA
S2050061D700C2
S2050061D813AE
S2050061D9863A
S2050061DA09B6
S2050061DB00BE
S2050061DC13AA
S2050061DD05B7
S2050061DEC5F6
S2050061DF4E6C
S2050061E0EFCA
S2050061E1F0C8
S2050061E21F98
S2050061E3991D
S2050061E48332
S2050061E52A8A
S2050061E64172
S2050061E700B2
S2050061E86F42
S2050061E9F0C0
S2050061EA1F90
S2050061EBF8B6
S2050061ECEFBE
S2050061EDE0CC
S2050061EE0F9C
S2050061EFC1E9
S2050061F01396
S2050061F10A9E
S2050061F205A2
S2050061F300A6
S2050061F4E3C2
S2050061F58A1A
S2050061F6049F
S2050061F7F6AC
S2050061F8237E
S2050061F9A000
S2050061FAA4FB
S2050061FB009E
S2050061FC6F2E
S2050061FDF0AC
S2050061FEDFBC
S2050061FFF6A4
S2050062009305
S2050062010592
S2050062020591
S2050062030095
S205006204375D
S205006205058E
S2050062061082
S2050062070091
S205006208137D
S205006209058A
S20500620A4549
S20500620B523B
S20500620CEF9D
S20500620DF09B
S20500620E5F2B
S20500620F96F3
S2050062100385
S2050062112463
S2050062128105
S2050062130184
S2050062148301
S2050062152063
S205006216C1C1
S2050062170180
S20500621883FD
S205006219245B
S20500621A413D
S20500621B017C
S20500621C0379
S20500621D2952
S20500621E0179
S20500621F0178
S20500622083F5
S205006221294E
S205006222C1B5
S2050062230075
S2050062241361
S205006225056E
S2050062260A68
S2050062270071
S205006228036D
S2050062292A45
S20500622A81ED
S20500622B006D
S20500622C1359
S20500622D016A
S20500622E0169
S20500622F0267
S2050062306FF9
S205006231E087
S2050062328FD7
S205006233BFA6
S205006234372D
S205006235055E
S2050062361052
S2050062370061
S205006238134D
S205006239055A
S20500623A4519
S20500623B302D
S20500623C6FED
S20500623DF06B
S20500623E5FFB
S20500623F93C6
S205006240B7A1
S2050062411740
S2050062421046
S2050062430055
S205006244371D
S205006245074C
S2050062461042
S2050062470051
S20500624893BD
S20500624987C8
S20500624A0747
S20500624B84C9
S20500624C1339
S20500624D0744
S20500624E87C3
S20500624F53F6
S20500625093B5
S2050062510641
S2050062521036
S2050062530045
S2050062542321
S205006255A69D
S205006256E75B
S2050062570041
S205006258231D
S205006259AE91
S20500625AE757
S20500625B003D
S20500625C2319
S20500625DA695
S20500625EE753
S20500625F0237
S2050062602315
S205006261AE89
S205006262E74F
S2050062630233
S2050062642311
S205006265A68D
S205006266E74B
S205006267042D
S205006268230D
S205006269AE81
S20500626AE747
S20500626B0429
S20500626C2309
S20500626DA685
S20500626EE743
S20500626F0623
S2050062702305
S205006271AE79
S205006272E73F
S205006273061F
S2050062742301
S205006275A47F
S205006276D74B
S2050062770021
S20500627823FD
S205006279A07F
S20500627A0717
S20500627B001D
S20500627C23F9
S20500627DAC6F
S20500627ED743
S20500627F0019
S20500628023F5
S205006281A86F
S205006282070F
S2050062830015
S20500628423F1
S205006285AA69
S205006286070B
S2050062870011
S20500628823ED
S205006289A46B
S20500628AD737
S20500628B020B
S20500628C23E9
S20500628DA06B
S20500628E0703
S20500628F0207
S20500629023E5
S205006291A265
S20500629207FF
S2050062930203
S20500629423E1
S205006295AC57
S205006296D72B
S20500629702FF
S20500629823DD
S205006299A857
S20500629A07F7
S20500629B02FB
S20500629C23D9
S20500629DAA51
S20500629E07F3
S20500629F02F7
S2050062A023D5
S2050062A1A453
S2050062A2D71F
S2050062A304F1
S2050062A423D1
S2050062A5A053
S2050062A607EB
S2050062A704ED
S2050062A823CD
S2050062A9A24D
S2050062AA07E7
S2050062AB04E9
S2050062AC23C9
S2050062ADAC3F
S2050062AED713
S2050062AF04E5
S2050062B023C5
S2050062B1A83F
S2050062B207DF
S2050062B304E1
S2050062B423C1
S2050062B5AA39
S2050062B607DB
S2050062B704DD
S2050062B823BD
S2050062B9A43B
S2050062BAD707
S2050062BB06D7
S2050062BC23B9
S2050062BDA03B
S2050062BE07D3
S2050062BF06D3
S2050062C023B5
S2050062C1A235
S2050062C207CF
S2050062C306CF
S2050062C423B1
S2050062C5AC27
S2050062C6D7FB
S2050062C706CB
S2050062C823AD
S2050062C9A827
S2050062CA07C7
S2050062CB06C7
S2050062CC23A9
S2050062CDAA21
S2050062CE07C3
S2050062CF06C3
S2050062D023A5
S2050062D1A423
S2050062D2D7EF
S2050062D308BD
S2050062D423A1
S2050062D5A023
S2050062D607BB
S2050062D708B9
S2050062D8239D
S2050062D9A619
S2050062DAE7D7
S2050062DB08B5
S2050062DC2399
S2050062DDAE0D
S2050062DEE7D3
S2050062DF08B1
S2050062E02395
S2050062E1A611
S2050062E2E7CF
S2050062E30AAB
S2050062E42391
S2050062E5AE05
S2050062E6E7CB
S2050062E70AA7
S2050062E8238D
S2050062E9A609
S2050062EAE7C7
S2050062EB0CA1
S2050062EC2389
S2050062EDAEFD
S2050062EEE7C3
S2050062EF0C9D
S2050062F02385
S2050062F1A601
S2050062F2E7BF
S2050062F30E97
S2050062F42381
S2050062F5AEF5
S2050062F6E7BB
S2050062F70E93
S2050062F83769
S2050062F98718
S2050062FA009E
S2050062FB009D
S2050062FC2379
S2050062FDA2F9
S2050062FE0793
S2050062FF0891
S2050063002374
S205006301ACEA
S205006302D7BE
S205006303088C
S2050063042370
S205006305A8EA
S205006306078A
S2050063070888
S205006308236C
S205006309AAE4
S20500630A0786
S20500630B0884
S20500630C2368
S20500630DA4E6
S20500630ED7B2
S20500630F0A7E
S2050063102364
S205006311A0E6
S205006312077E
S2050063130A7A
S2050063142360
S205006315A2E0
S205006316077A
S2050063170A76
S205006318235C
S205006319ACD2
S20500631AD7A6
S20500631B0A72
S20500631C2358
S20500631DA8D2
S20500631E0772
S20500631F0A6E
S2050063202354
S205006321AACC
S205006322076E
S2050063230A6A
S2050063242350
S205006325A4CE
S205006326D79A
S2050063270C64
S205006328234C
S205006329A0CE
S20500632A0766
S20500632B0C60
S20500632C2348
S20500632DA2C8
S20500632E0762
S20500632F0C5C
S2050063302344
S205006331ACBA
S205006332D78E
S2050063330C58
S2050063342340
S205006335A8BA
S205006336075A
S2050063370C54
S205006338233C
S205006339AAB4
S20500633A0756
S20500633B0C50
S20500633C2338
S20500633DA4B6
S20500633ED782
S20500633F0E4A
S2050063402334
S205006341A0B6
S205006342074E
S2050063430E46
S2050063442330
S205006345A2B0
S205006346074A
S2050063470E42
S205006348232C
S205006349ACA2
S20500634AD776
S20500634B0E3E
S20500634C2328
S20500634DA8A2
S20500634E0742
S20500634F0E3A
S2050063502324
S205006351AA9C
S205006352073E
S2050063530E36
S2050063542320
S205006355A2A0
S205006356E75A
S2050063570040
S205006358B788
S2050063591727
S20500635A102D
S20500635B003C
S20500635C2318
S20500635DAA90
S20500635E0732
S20500635F94A4
S205006360B780
S205006361171F
S2050063621025
S2050063630034
S2050063642310
S205006365A88A
S205006366072A
S205006367949C
S205006368B778
S2050063691717
S20500636A101D
S20500636B002C
S20500636C2308
S20500636DA684
S20500636E0722
S20500636F9494
S20500637067C0
S20500637180A6
S2050063720025
S2050063730024
S205006374B76C
S205006375170B
S2050063761011
S2050063770020
S205006378938C
S2050063798797
S20500637A0716
S20500637B8498
S20500637C0318
S20500637DA674
S20500637E8792
S20500637F0018
S2050063809384
S2050063810610
S20500638235E0
S2050063830014
S2050063840310
S205006385A76B
S20500638647CA
S2050063870010
S205006388937C
S205006389F618
S20500638AC647
S20500638BFF0D
S20500638C63A8
S20500638D0406
S20500638E0603
S20500638F0008
S20500639063A4
S20500639152B4
S205006392D72E
S20500639312F2
S2050063940300
S205006395A65C
S205006396877A
S20500639701FF
S20500639803FC
S205006399A757
S20500639A47B6
S20500639B01FB
S20500639C6398
S20500639D04F6
S20500639E06F3
S20500639F00F8
S2050063A06394
S2050063A15C9A
S2050063A2D71E
S2050063A326CE
S2050063A403F0
S2050063A5A64C
S2050063A6876A
S2050063A702EE
S2050063A803EC
S2050063A9A747
S2050063AA47A6
S2050063AB02EA
S2050063AC6388
S2050063AD04E6
S2050063AE06E3
S2050063AF00E8
S2050063B06384
S2050063B1588E
S2050063B2D70E
S2050063B326BE
S2050063B403E0
S2050063B5A63C
S2050063B6875A
S2050063B703DD
S2050063B803DC
S2050063B9A737
S2050063BA4796
S2050063BB03D9
S2050063BC6378
S2050063BD04D6
S2050063BE06D3
S2050063BF00D8
S2050063C06374
S2050063C15482
S2050063C2D7FE
S2050063C326AE
S2050063C403D0
S2050063C5A62C
S2050063C6874A
S2050063C704CC
S2050063C803CC
S2050063C9A727
S2050063CA4786
S2050063CB04C8
S2050063CC6368
S2050063CD04C6
S2050063CE06C3
S2050063CF00C8
S2050063D06364
S2050063D15076
S2050063D2D7EE
S2050063D3269E
S2050063D403C0
S2050063D5A61C
S2050063D6873A
S2050063D705BB
S2050063D803BC
S2050063D9A717
S2050063DA4776
S2050063DB05B7
S2050063DC6358
S2050063DD04B6
S2050063DE06B3
S2050063DF00B8
S2050063E06354
S2050063E15C5A
S2050063E2D7DE
S2050063E32490
S2050063E403B0
S2050063E5A60C
S2050063E6872A
S2050063E706AA
S2050063E803AC
S2050063E9A707
S2050063EA4766
S2050063EB06A6
S2050063EC6348
S2050063ED04A6
S2050063EE06A3
S2050063EF00A8
S2050063F06344
S2050063F1584E
S2050063F2D7CE
S2050063F32480
S2050063F403A0
S2050063F5A6FC
S2050063F6871A
S2050063F70799
S2050063F8039C
S2050063F9A7F7
S2050063FA4756
S2050063FB0795
S2050063FC6338
S2050063FD0496
S2050063FE0693
S2050063FF0098
S2050064006333
S2050064015441
S205006402D7BD
S205006403246F
S205006404038F
S205006405A6EB
S2050064068709
S2050064070887
S205006408038B
S205006409A7E6
S20500640A4745
S20500640B0883
S20500640C6327
S20500640D0485
S20500640E0682
S20500640F0087
S2050064106323
S2050064115035
S205006412D7AD
S205006413245F
S205006414037F
S205006415A6DB
S20500641687F9
S2050064170976
S205006418037B
S205006419A7D6
S20500641A4735
S20500641B0972
S20500641C6317
S20500641D0475
S20500641E0672
S20500641F0077
S2050064206313
S2050064215C19
S205006422D79D
S2050064232251
S205006424036F
S205006425A6CB
S20500642687E9
S2050064270A65
S205006428036B
S205006429A7C6
S20500642A4725
S20500642B0A61
S20500642C6307
S20500642D0465
S20500642E0662
S20500642F0067
S2050064306303
S205006431580D
S205006432D78D
S2050064332241
S205006434035F
S205006435A6BB
S20500643687D9
S2050064370B54
S205006438035B
S205006439A7B6
S20500643A4715
S20500643B0B50
S20500643C63F7
S20500643D0455
S20500643E0652
S20500643F0057
S20500644063F3
S2050064415401
S205006442D77D
S2050064432231
S205006444034F
S205006445A6AB
S20500644687C9
S2050064470C43
S205006448034B
S205006449A7A6
S20500644A4705
S20500644B0C3F
S20500644C63E7
S20500644D0445
S20500644E0642
S20500644F0047
S20500645063E3
S20500645150F5
S205006452D76D
S2050064532221
S205006454033F
S205006455A69B
S20500645687B9
S2050064570D32
S205006458033B
S205006459A796
S20500645A47F5
S20500645B0D2E
S20500645C63D7
S20500645D0435
S20500645E0632
S20500645F0037
S20500646063D3
S2050064615CD9
S205006462D75D
S2050064632013
S205006464032F
S205006465A68B
S20500646687A9
S2050064670E21
S205006468032B
S205006469A786
S20500646A47E5
S20500646B0E1D
S20500646C63C7
S20500646D0425
S20500646E0622
S20500646F0027
S20500647063C3
S20500647158CD
S205006472D74D
S2050064732003
S205006474031F
S205006475A67B
S2050064768799
S2050064770F10
S205006478031B
S205006479A776
S20500647A47D5
S20500647B0F0C
S20500647C63B7
S20500647D0613
S20500647E0612
S20500647F0017
S2050064801303
S205006481060F
S205006482F024
S2050064830013
S20500648463AF
S2050064855AB7
S205006486D739
S205006487020D
S20500648837D7
S2050064890508
S20500648A10FC
S20500648B000B
S20500648C13F7
S20500648D0108
S20500648E0107
S20500648FFF08
S20500649013F3
S2050064910500
S20500649205FF
S20500649354AF
S20500649423DF
S20500649526DB
S20500649611EF
S20500649700FF
S205006498EF0F
S205006499F00D
S20500649A8F6D
S20500649BED0E
S20500649CEF0B
S20500649DF009
S20500649E9F59
S20500649FD91E
S2050064A0EF07
S2050064A1E015
S2050064A20FE5
S2050064A3AB48
S2050064A4836F
S2050064A520D1
S2050064A6C12F
S2050064A700EF
S2050064A813DB
S2050064A905E8
S2050064AA00EC
S2050064AB00EB
S2050064AC13D7
S2050064AD01E8
S2050064AE01E7
S2050064AF01E6
S2050064B0677F
S2050064B18065
S2050064B200E4
S2050064B300E3
S2050064B413CF
S2050064B506DB
S2050064B600E0
S2050064B700DF
S2050064B813CB
S2050064B916C7
S2050064BA4696
S2050064BB00DB
S2050064BC33A7
S2050064BD8653
S2050064BEC711
S2050064BF00D7
S2050064C003D3
S2050064C128AD
S2050064C206CE
S2050064C300D3
S2050064C423AF
S2050064C524AD
S2050064C606CA
S2050064C700CF
S2050064C823AB
S2050064C922AB
S2050064CAD6F6
S2050064CB00CB
S2050064CC23A7
S2050064CD26A3
S2050064CEB612
S2050064CF00C7
S2050064D03393
S2050064D1863F
S2050064D206BE
S2050064D301C2
S2050064D4635F
S2050064D5D2EF
S2050064D6E6DA
S2050064D710AF
S2050064D8833B
S2050064D9A518
S2050064DA8735
S2050064DB00BB
S2050064DC6357
S2050064DD8633
S2050064DE05B3
S2050064DF00B7
S2050064E08333
S2050064E1A510
S2050064E2476D
S2050064E300B3
S2050064E4634F
S2050064E58E23
S2050064E605AB
S2050064E71C93
S2050064E8832B
S2050064E9A508
S2050064EA8725
S2050064EB01AA
S2050064EC6347
S2050064ED8623
S2050064EE05A3
S2050064EF00A7
S2050064F08323
S2050064F1A500
S2050064F2475D
S2050064F301A2
S2050064F4633F
S2050064F58A17
S2050064F6059B
S2050064F71C83
S2050064F8831B
S2050064F9A5F8
S2050064FA8715
S2050064FB0299
S2050064FC6337
S2050064FD8613
S2050064FE0593
S2050064FF0097
S2050065008312
S205006501A5EF
S205006502474C
S2050065030290
S205006504632E
S2050065058E02
S205006506058A
S205006507206E
S205006508830A
S205006509A5E7
S20500650A8704
S20500650B0387
S20500650C6326
S20500650D8602
S20500650E0582
S20500650F0086
S2050065108302
S205006511A5DF
S205006512473C
S205006513037F
S205006514631E
S20500651582FE
S205006516057A
S205006517205E
S20500651883FA
S205006519A5D7
S20500651A87F4
S20500651B0476
S20500651C6316
S20500651D86F2
S20500651E0572
S20500651F0076
S20500652083F2
S205006521A5CF
S205006522472C
S205006523046E
S205006524630E
S20500652586EA
S205006526056A
S2050065271E50
S20500652883EA
S205006529A5C7
S20500652A87E4
S20500652B0565
S20500652C6306
S20500652D86E2
S20500652E0562
S20500652F0066
S20500653083E2
S205006531A5BF
S205006532471C
S205006533055D
S20500653463FE
S2050065358AD6
S205006536055A
S2050065371C42
S20500653883DA
S205006539A5B7
S20500653A87D4
S20500653B0654
S20500653C63F6
S20500653D86D2
S20500653E0552
S20500653F0056
S20500654083D2
S205006541A5AF
S205006542470C
S205006543064C
S20500654463EE
S2050065458EC2
S205006546054A
S2050065471A34
S20500654883CA
S205006549A5A7
S20500654A87C4
S20500654B0743
S20500654C63E6
S20500654D86C2
S20500654E0542
S20500654F0046
S20500655083C2
S205006551A59F
S20500655247FC
S205006553073B
S20500655463DE
S20500655582BE
S205006556053A
S2050065571A24
S20500655883BA
S205006559A597
S20500655A87B4
S20500655B0832
S20500655C63D6
S20500655D86B2
S20500655E0532
S20500655F0036
S20500656083B2
S205006561A58F
S20500656247EC
S205006563082A
S20500656463CE
S20500656586AA
S205006566052A
S2050065671816
S20500656883AA
S205006569A587
S20500656A87A4
S20500656B0921
S20500656C63C6
S20500656D86A2
S20500656E0522
S20500656F0026
S20500657083A2
S205006571A57F
S20500657247DC
S2050065730919
S20500657463BE
S2050065758A96
S205006576051A
S2050065771608
S205006578839A
S205006579A577
S20500657A8794
S20500657B0A10
S20500657C63B6
S20500657D8692
S20500657E0512
S20500657F0016
S2050065808392
S205006581A56F
S20500658247CC
S2050065830A08
S20500658463AE
S2050065858E82
S205006586050A
S20500658714FA
S205006588838A
S205006589A567
S20500658A8784
S20500658B0BFF
S20500658C63A6
S20500658D8682
S20500658E0502
S20500658F0006
S2050065908382
S205006591A55F
S20500659247BC
S2050065930BF7
S205006594639E
S205006595827E
S20500659605FA
S20500659714EA
S205006598837A
S205006599A557
S20500659A8774
S20500659B0CEE
S20500659C6396
S20500659D8672
S20500659E05F2
S20500659F00F6
S2050065A08372
S2050065A1A54F
S2050065A247AC
S2050065A30CE6
S2050065A4638E
S2050065A5866A
S2050065A605EA
S2050065A712DC
S2050065A8836A
S2050065A9A547
S2050065AA8764
S2050065AB0DDD
S2050065AC6386
S2050065AD8662
S2050065AE05E2
S2050065AF00E6
S2050065B08362
S2050065B1A53F
S2050065B2479C
S2050065B30DD5
S2050065B4637E
S2050065B58A56
S2050065B605DA
S2050065B716C8
S2050065B8835A
S2050065B9A537
S2050065BA8754
S2050065BB0ECC
S2050065BC6376
S2050065BD8652
S2050065BE05D2
S2050065BF00D6
S2050065C08352
S2050065C1A52F
S2050065C2478C
S2050065C30EC4
S2050065C4636E
S2050065C58A46
S2050065C605CA
S2050065C70EC0
S2050065C8834A
S2050065C9A527
S2050065CA8744
S2050065CB0FBB
S2050065CC6366
S2050065CD8642
S2050065CE05C2
S2050065CF00C6
S2050065D08342
S2050065D1A51F
S2050065D2477C
S2050065D30FB3
S2050065D4635E
S2050065D58A36
S2050065D605BA
S2050065D70AB4
S2050065D8B706
S2050065D917A5
S2050065DA10AB
S2050065DB00BA
S2050065DC03B6
S2050065DDA513
S2050065DE4770
S2050065DF9521
S2050065E0377E
S2050065E1179D
S2050065E210A3
S2050065E300B2
S2050065E4832E
S2050065E5258B
S2050065E607A8
S2050065E79519
S2050065E8B3FA
S2050065E98626
S2050065EAA605
S2050065EB00AA
S2050065EC2386
S2050065EDAAFE
S2050065EED7D0
S2050065EF9412
S2050065F06342
S2050065F1D4D0
S2050065F2D5CE
S2050065F300A2
S2050065F4237E
S2050065F52878
S2050065F6D7C8
S2050065F7940A
S2050065F8B7E6
S2050065F91785
S2050065FA108B
S2050065FB009A
S2050065FC0396
S2050065FDA7F1
S2050065FEC7D0
S2050065FF9402
S2050066006331
S205006601543F
S205006602C7CB
S2050066030091
S205006604236D
S205006605A6E9
S205006606C7C7
S20500660794F9
S205006608B7D5
S2050066091774
S20500660A107A
S20500660B0089
S20500660C0385
S20500660DA5E2
S20500660EC7BF
S20500660F8302
S2050066103351
S205006611057E
S205006612057D
S2050066130180
S2050066146719
S20500661580FF
S205006616007E
S205006617007D
S2050066181369
S2050066190675
S20500661A106A
S20500661B0079
S20500661C6F09
S20500661DF087
S20500661EDF97
S20500661FE98C
S2050066201361
S205006621066D
S2050066222052
S2050066230071
S2050066246F01
S205006625F07F
S2050066265F0F
S205006627E984
S2050066281359
S2050066290665
S20500662A303A
S20500662B0069
S20500662C6FF9
S20500662DF077
S20500662EDF87
S20500662FE87D
S2050066301351
S205006631065D
S2050066324022
S2050066330061
S2050066346FF1
S205006635F06F
S2050066365FFF
S205006637E875
S2050066381349
S2050066390655
S20500663A500A
S20500663B0059
S20500663C6FE9
S20500663DF067
S20500663EDF77
S20500663FE76E
S2050066401341
S205006641064D
S20500664260F2
S2050066430051
S2050066446FE1
S205006645F05F
S2050066465FEF
S205006647E766
S2050066481339
S2050066490645
S20500664A70DA
S20500664B0049
S20500664C6FD9
S20500664DF057
S20500664EDF67
S20500664FE65F
S2050066501331
S205006651063D
S20500665280C2
S2050066530041
S2050066546FD1
S205006655F04F
S2050066565FDF
S205006657E657
S2050066581329
S2050066590635
S20500665A90AA
S20500665B0039
S20500665C6FC9
S20500665DF047
S20500665EDF57
S20500665FE550
S2050066601321
S205006661062D
S205006662A092
S2050066630031
S2050066646FC1
S205006665F03F
S2050066665FCF
S205006667E548
S2050066681319
S2050066690625
S20500666AB07A
S20500666B0029
S20500666C6FB9
S20500666DF037
S20500666EDF47
S20500666FE441
S2050066701311
S205006671061D
S205006672C062
S2050066730021
S2050066746FB1
S205006675F02F
S2050066765FBF
S205006677E439
S2050066781309
S2050066790615
S20500667AD04A
S20500667B0019
S20500667C6FA9
S20500667DF027
S20500667EDF37
S20500667FE332
S2050066801301
S205006681060D
S205006682E032
S2050066830011
S2050066846FA1
S205006685F01F
S2050066865FAF
S205006687E32A
S2050066889379
S2050066890506
S20500668AF01A
S20500668B0009
S20500668C9375
S20500668D9572
S20500668E45C1
S20500668F0005
S205006690B351
S205006691877C
S205006692B74B
S2050066930001
S20500669433CD
S20500669507F8
S205006696D727
S20500669740BD
S20500669823D9
S205006699A259
S20500669AE713
S20500669B00F9
S20500669C13E5
S20500669D07F0
S20500669E10E6
S20500669F00F5
S2050066A023D1
S2050066A1A44F
S2050066A2E70B
S2050066A300F1
S2050066A437B9
S2050066A507E8
S2050066A610DE
S2050066A700ED
S2050066A813D9
S2050066A907E4
S2050066AA8763
S2050066AB5396
S2050066AC23C5
S2050066ADA047
S2050066AEC71F
S2050066AF00E5
S2050066B023C1
S2050066B1A63D
S2050066B2E7FB
S2050066B300E1
S2050066B46F71
S2050066B5F0EF
S2050066B65F7F
S2050066B7F2EB
S2050066B89349
S2050066B905D6
S2050066BAE0FA
S2050066BB00D9
S2050066BC6F69
S2050066BDF0E7
S2050066BE1FB7
S2050066BFFDD8
S2050066C09341
S2050066C105CE
S2050066C200D2
S2050066C300D1
S2050066C46F61
S2050066C5F0DF
S2050066C69F2F
S2050066C7FCD1
S2050066C89339
S2050066C905C6
S2050066CA10BA
S2050066CB00C9
S2050066CC6F59
S2050066CDF0D7
S2050066CE1FA7
S2050066CFFCC9
S2050066D09331
S2050066D105BE
S2050066D2C002
S2050066D300C1
S2050066D46F51
S2050066D5F0CF
S2050066D69F1F
S2050066D7FBC2
S2050066D89329
S2050066D905B6
S2050066DAB00A
S2050066DB00B9
S2050066DC6F49
S2050066DDF0C7
S2050066DE1F97
S2050066DFFBBA
S2050066E09321
S2050066E105AE
S2050066E2A012
S2050066E300B1
S2050066E46F41
S2050066E5F0BF
S2050066E69F0F
S2050066E7FAB3
S2050066E89319
S2050066E905A6
S2050066EA901A
S2050066EB00A9
S2050066EC6F39
S2050066EDF0B7
S2050066EE1F87
S2050066EFFAAB
S2050066F09311
S2050066F1059E
S2050066F28022
S2050066F300A1
S2050066F46F31
S2050066F5F0AF
S2050066F69FFF
S2050066F7F9A4
S2050066F89309
S2050066F90596
S2050066FA702A
S2050066FB0099
S2050066FC6F29
S2050066FDF0A7
S2050066FE1F77
S2050066FFF99C
S2050067009300
S205006701058D
S2050067026031
S2050067030090
S2050067046F20
S205006705F09E
S2050067069FEE
S205006707F894
S20500670893F8
S2050067090585
S20500670A5039
S20500670B0088
S20500670C6F18
S20500670DF096
S20500670E1F66
S20500670FF88C
S20500671093F0
S205006711057D
S2050067124041
S2050067130080
S2050067146F10
S205006715F08E
S2050067169FDE
S205006717F785
S20500671893E8
S2050067190575
S20500671A3049
S20500671B0078
S20500671C6F08
S20500671DF086
S20500671E1F56
S20500671FF77D
S20500672093E0
S205006721056D
S2050067222051
S2050067230070
S2050067246F00
S205006725F07E
S2050067269FCE
S205006727F676
S20500672893D8
S2050067290565
S20500672AD099
S20500672B0068
S20500672C6FF8
S20500672DF076
S20500672E1F46
S20500672FF66E
S2050067306300
S2050067310260
S205006732055C
S2050067332E32
S205006734134C
S205006735015D
S205006736015C
S205006737FE5E
S2050067382338
S2050067392C2E
S20500673A81D8
S20500673B0058
S20500673C3720
S20500673D1442
S20500673E1045
S20500673F0054
S2050067402330
S2050067412A28
S20500674291C0
S2050067430050
S205006744B798
S2050067451737
S205006746103D
S205006747004C
S20500674893B8
S2050067490446
S20500674A0445
S20500674B84C4
S20500674C83C4
S20500674DA6A0
S20500674EC77E
S20500674F83C1
S2050067502320
S205006751281A
S2050067522120
S205006753013F
S205006754033C
S205006755A995
S20500675684B9
S205006757003C
S2050067582318
S205006759201A
S20500675A61D8
S20500675B0137
S20500675C2314
S20500675D2E08
S20500675E1124
S20500675F0034
S2050067602310
S205006761260C
S2050067623100
S205006763012F
S205006764230C
S205006765240A
S20500676641EC
S205006767012B
S2050067682308
S2050067692208
S20500676A51D8
S20500676B0127
S20500676C1314
S20500676D0620
S20500676E0520
S20500676F0024
S2050067701310
S2050067718B97
S205006772051C
S2050067730020
S205006774B36C
S2050067750618
S205006776D548
S20500677740DC
S20500677863B8
S2050067791604
S20500677A0910
S20500677B0018
S20500677C8394
S20500677DA76F
S20500677E0411
S20500677F0014
S20500678063B0
S2050067818C86
S205006782F61B
S20500678322EE
S205006784838C
S205006785A767
S2050067868489
S205006787010B
S20500678863A8
S2050067899674
S20500678A0702
S20500678B0008
S20500678C8384
S20500678DA75F
S20500678E0401
S20500678F0103
S20500679063A0
S205006791847E
S205006792F60B
S20500679328D8
S205006794837C
S205006795A757
S2050067968479
S20500679702FA
S2050067986398
S2050067999664
S20500679A07F2
S20500679B00F8
S20500679C8374
S20500679DA74F
S20500679E04F1
S20500679F02F2
S2050067A06390
S2050067A1846E
S2050067A2D71A
S2050067A328C8
S2050067A4836C
S2050067A5A747
S2050067A68469
S2050067A703E9
S2050067A86388
S2050067A99654
S2050067AA07E2
S2050067AB00E8
S2050067AC8364
S2050067ADA73F
S2050067AE04E1
S2050067AF03E1
S2050067B06380
S2050067B1885A
S2050067B2F6EB
S2050067B326BA
S2050067B4835C
S2050067B5A737
S2050067B68459
S2050067B704D8
S2050067B86378
S2050067B99644
S2050067BA07D2
S2050067BB00D8
S2050067BC8354
S2050067BDA72F
S2050067BE04D1
S2050067BF04D0
S2050067C06370
S2050067C18C46
S2050067C2F6DB
S2050067C326AA
S2050067C4834C
S2050067C5A727
S2050067C68449
S2050067C705C7
S2050067C86368
S2050067C99634
S2050067CA07C2
S2050067CB00C8
S2050067CC8344
S2050067CDA71F
S2050067CE04C1
S2050067CF05BF
S2050067D06360
S2050067D1883A
S2050067D2F6CB
S2050067D3269A
S2050067D4833C
S2050067D5A717
S2050067D68439
S2050067D706B6
S2050067D86358
S2050067D99624
S2050067DA07B2
S2050067DB00B8
S2050067DC8334
S2050067DDA70F
S2050067DE04B1
S2050067DF06AE
S2050067E06350
S2050067E1882A
S2050067E2F6BB
S2050067E3248C
S2050067E4832C
S2050067E5A707
S2050067E68429
S2050067E707A5
S2050067E86348
S2050067E99614
S2050067EA07A2
S2050067EB00A8
S2050067EC8324
S2050067EDA7FF
S2050067EE04A1
S2050067EF079D
S2050067F06340
S2050067F1841E
S2050067F2F6AB
S2050067F3267A
S2050067F4831C
S2050067F5A7F7
S2050067F68419
S2050067F70894
S2050067F86338
S2050067F99604
S2050067FA0792
S2050067FB0098
S2050067FC8314
S2050067FDA7EF
S2050067FE0491
S2050067FF088C
S205006800632F
S205006801840D
S205006802F69A
S205006803246B
S205006804830B
S205006805A7E6
S2050068068408
S2050068070982
S2050068086327
S20500680996F3
S20500680A0781
S20500680B0087
S20500680C8303
S20500680DA7DE
S20500680E0480
S20500680F097A
S205006810631F
S2050068118001
S205006812F68A
S205006813245B
S20500681483FB
S205006815A7D6
S20500681684F8
S2050068170A71
S2050068186317
S20500681996E3
S20500681A0771
S20500681B0077
S20500681C83F3
S20500681DA7CE
S20500681E0470
S20500681F0A69
S205006820630F
S20500682188E9
S205006822F67A
S205006823244B
S20500682483EB
S205006825A7C6
S20500682684E8
S2050068270B60
S2050068286307
S20500682996D3
S20500682A0761
S20500682B0067
S20500682C83E3
S20500682DA7BE
S20500682E0460
S20500682F0B58
S20500683063FF
S20500683188D9
S205006832F66A
S205006833223D
S20500683483DB
S205006835A7B6
S20500683684D8
S2050068370C4F
S20500683863F7
S20500683996C3
S20500683A0751
S20500683B0057
S20500683C83D3
S20500683DA7AE
S20500683E0450
S20500683F0C47
S20500684063EF
S20500684184CD
S205006842F65A
S205006843222D
S20500684483CB
S205006845A7A6
S20500684684C8
S2050068470D3E
S20500684863E7
S20500684996B3
S20500684A0741
S20500684B0047
S20500684C83C3
S20500684DA79E
S20500684E0440
S20500684F0D36
S20500685063DF
S20500685188B9
S205006852F64A
S205006853221D
S20500685483BB
S205006855A796
S20500685684B8
S2050068570E2D
S20500685863D7
S20500685996A3
S20500685A0731
S20500685B0037
S20500685C83B3
S20500685DA78E
S20500685E0430
S20500685F0E25
S20500686063CF
S2050068618CA5
S205006862F63A
S205006863200F
S20500686483AB
S205006865A786
S20500686684A8
S2050068670F1C
S20500686863C7
S20500686982A7
S20500686A0721
S20500686B1413
S20500686C37EF
S20500686D0520
S20500686E1014
S20500686F0023
S205006870938F
S205006871051C
S2050068720B15
S205006873001F
S205006874130B
S2050068750518
S2050068768597
S20500687757C4
S205006878EF2B
S205006879F029
S20500687A8F89
S20500687BAF68
S20500687CEF27
S20500687DF025
S20500687E9F75
S20500687F9B78
S205006880EF23
S205006881D041
S2050068821FF1
S205006883ED22
S20500688413FB
S2050068850904
S205006886F01C
S205006887FF0C
S2050068889377
S2050068890900
S20500688A0008
S20500688B0007
S20500688C13F3
S20500688D0AFB
S20500688E0004
S20500688FFF04
S205006890B34F
S205006891877A
S20500689244BC
S20500689301FE
S205006894837B
S205006895AA53
S205006896C735
S20500689700FB
S20500689813E7
S20500689905F4
S20500689A0BED
S20500689B00F7
S20500689C9363
S20500689D8570
S20500689E0AEA
S20500689F00F3
S2050068A0EF03
S2050068A1C031
S2050068A29F51
S2050068A3FBF4
S2050068A4638B
S2050068A50CE1
S2050068A605E7
S2050068A700EB
S2050068A8B733
S2050068A905E4
S2050068AA10D8
S2050068AB00E7
S2050068AC9353
S2050068AD8560
S2050068AE459F
S2050068AF5D86
S2050068B013CF
S2050068B105DC
S2050068B20BD5
S2050068B300DF
S2050068B4EFEF
S2050068B5C01D
S2050068B65F7D
S2050068B7FAE1
S2050068B86377
S2050068B91EBB
S2050068BA05D3
S2050068BB12C5
S2050068BC379F
S2050068BD07CE
S2050068BE10C4
S2050068BF00D3
S2050068C0B31F
S2050068C1874A
S2050068C2448C
S2050068C301CE
S2050068C413BB
S2050068C507C6
S2050068C68745
S2050068C75378
S2050068C89337
S2050068C904C5
S2050068CA04C4
S2050068CB8443
S2050068CC23A3
S2050068CDA61F
S2050068CEE7DD
S2050068CF00C3
S2050068D013AF
S2050068D10EB3
S2050068D200C0
S2050068D300BF
S2050068D413AB
S2050068D507B6
S2050068D604B8
S2050068D78437
S2050068D89327
S2050068D907B2
S2050068DA00B8
S2050068DB00B7
S2050068DC9323
S2050068DD0EA7
S2050068DE00B4
S2050068DF00B3
S2050068E0139F
S2050068E10FA2
S2050068E200B0
S2050068E300AF
S2050068E4139B
S2050068E503AA
S2050068E600AC
S2050068E700AB
S2050068E8B3F7
S2050068E98821
S2050068EA4464
S2050068EB01A6
S2050068EC1393
S2050068ED069F
S2050068EE00A4
S2050068EF01A2
S2050068F0633F
S2050068F10A97
S2050068F2F9A7
S2050068F3029D
S2050068F4831B
S2050068F52677
S2050068F68715
S2050068F7009B
S2050068F86337
S2050068F98613
S2050068FA0692
S2050068FB0295
S2050068FC8313
S2050068FD266F
S2050068FE474D
S2050068FF0093
S205006900632E
S205006901820E
S2050069020689
S205006903028C
S205006904038A
S2050069052567
S2050069060784
S205006907008A
S2050069088306
S205006909A5E3
S20500690A087F
S20500690B0086
S20500690CB3D2
S20500690D86FE
S20500690EA6DD
S20500690F0082
S205006910334E
S20500691188F8
S205006912B9C6
S205006913007E
S205006914631A
S20500691586F6
S205006916B6C5
S2050069170872
S2050069186316
S2050069191662
S20500691A0572
S20500691B0175
S20500691C1362
S20500691D8EE6
S20500691E076C
S20500691F0072
S20500692093DE
S2050069210E62
S205006922105F
S205006923006E
S20500692493DA
S20500692587E5
S2050069261754
S205006927006A
S2050069281356
S2050069290761
S20500692A0760
S20500692B0165
S20500692CE382
S20500692D92D2
S20500692EC79C
S20500692FFC66
S205006930B3AE
S20500693167F9
S205006932D38C
S205006933015D
S20500693463FA
S2050069358AD2
S2050069360754
S2050069370258
S205006938B3A6
S20500693987D1
S20500693A4413
S20500693B0155
S20500693C0352
S20500693DA7AD
S20500693E470C
S20500693F0052
S20500694063EE
S2050069410A46
S205006942034C
S2050069430846
S205006944133A
S2050069451933
S2050069464FFC
S205006947004A
S205006948B396
S20500694986C2
S20500694A2423
S20500694B0145
S20500694C83C2
S20500694DA69E
S20500694E46FD
S20500694F0042
S205006950231E
S205006951A0A0
S2050069520738
S205006953003E
S205006954231A
S205006955A29A
S2050069560734
S205006957003A
S2050069583306
S2050069590731
S20500695AD760
S20500695B0036
S20500695C63D2
S20500695D9A9A
S20500695E0E25
S20500695F062C
S205006960B37E
S20500696184AC
S205006962240B
S205006963012D
S205006964230A
S205006965A28A
S205006966E447
S205006967002A
S20500696837F2
S2050069691711
S20500696A1017
S20500696B0026
S20500696C83A2
S20500696D27FD
S20500696E47DC
S20500696F958D
S205006970839E
S2050069712000
S205006972C15E
S205006973011D
S205006974031A
S20500697524F8
S205006976819A
S2050069770119
S205006978B366
S2050069798791
S20500697A37E0
S20500697B41D5
S20500697C23F2
S20500697D2AEA
S20500697EF71C
S20500697F947E
S205006980838E
S20500698124EC
S20500698241CE
S205006983010D
S205006984030A
S20500698529E3
S205006986010A
S2050069870109
S2050069888386
S20500698929DF
S20500698AC146
S20500698B0006
S20500698C0302
S20500698D2ADA
S20500698E8182
S20500698F0002
S205006990837E
S2050069912AD6
S20500699241BE
S20500699300FE
S20500699403FA
S2050069952BD1
S20500699601FA
S20500699700FA
S20500699813E6
S20500699901F7
S20500699A01F6
S20500699B02F4
S20500699C678E
S20500699D8074
S20500699E00F3
S20500699F00F2
S2050069A013DE
S2050069A18F61
S2050069A207E8
S2050069A300EE
S2050069A413DA
S2050069A503E9
S2050069A610DB
S2050069A700EA
S2050069A86F7A
S2050069A9F0F8
S2050069AADF08
S2050069ABF7EF
S2050069AC8362
S2050069ADA73D
S2050069AE04DF
S2050069AF0FD3
S2050069B013CE
S2050069B109D7
S2050069B2F0EF
S2050069B300DE
S2050069B4E3FA
S2050069B59C40
S2050069B6D704
S2050069B7EAF0
S2050069B813C6
S2050069B91ABE
S2050069BA498E
S2050069BB00D6
S2050069BCB322
S2050069BD874D
S2050069BE448F
S2050069BF01D1
S2050069C013BE
S2050069C107C9
S2050069C210BF
S2050069C300CE
S2050069C4834A
S2050069C5A923
S2050069C64784
S2050069C700CA
S2050069C823A6
S2050069C9A424
S2050069CAE7E0
S2050069CB00C6
S2050069CC6F56
S2050069CDF0D4
S2050069CE5F64
S2050069CFECD6
S2050069D013AE
S2050069D109B7
S2050069D20FB0
S2050069D300BE
S2050069D4932A
S2050069D517A5
S2050069D64E6D
S2050069D700BA
S2050069D8B306
S2050069D98731
S2050069DAF4C3
S2050069DB00B6
S2050069DC8332
S2050069DDA60E
S2050069DE476C
S2050069DF00B2
S2050069E0238E
S2050069E1A010
S2050069E207A8
S2050069E300AE
S2050069E4238A
S2050069E5A20A
S2050069E607A4
S2050069E700AA
S2050069E83376
S2050069E907A1
S2050069EAD7D0
S2050069EB00A6
S2050069EC1392
S2050069ED198B
S2050069EE495A
S2050069EF00A2
S2050069F06F32
S2050069F1F0B0
S2050069F21F80
S2050069F3F7A7
S2050069F43766
S2050069F50597
S2050069F6108B
S2050069F7009A
S2050069F81386
S2050069F98612
S2050069FA0A8D
S2050069FB0096
S2050069FC9302
S2050069FD058F
S2050069FE0B88
S2050069FF0092
S205006A00137D
S205006A01058A
S205006A02C5C9
S205006A035D30
S205006A04EF9D
S205006A05F09B
S205006A06CFBB
S205006A0796F3
S205006A08EF99
S205006A09F097
S205006A0ADFA7
S205006A0B8203
S205006A0CEF95
S205006A0DD0B3
S205006A0E5F23
S205006A0FD4AD
S205006A106F11
S205006A11F08F
S205006A12DF9F
S205006A13EA93
S205006A146715
S205006A1580FB
S205006A16007A
S205006A170079
S205006A181365
S205006A19096E
S205006A1A1066
S205006A1B0075
S205006A1C6F05
S205006A1DF083
S205006A1EDF93
S205006A1FF978
S205006A20135D
S205006A210966
S205006A22303E
S205006A23006D
S205006A246FFD
S205006A25F07B
S205006A265F0B
S205006A27F970
S205006A281355
S205006A29095E
S205006A2A2046
S205006A2B0065
S205006A2C6FF5
S205006A2DF073
S205006A2EDF83
S205006A2FF869
S205006A30134D
S205006A310956
S205006A3260FE
S205006A33005D
S205006A346FED
S205006A35F06B
S205006A365FFB
S205006A37F861
S205006A381345
S205006A39094E
S205006A3A4016
S205006A3B0055
S205006A3C6FE5
S205006A3DF063
S205006A3EDF73
S205006A3FF75A
S205006A40133D
S205006A410946
S205006A4250FE
S205006A43004D
S205006A446FDD
S205006A45F05B
S205006A465FEB
S205006A47F752
S205006A481335
S205006A49093E
S205006A4A80C6
S205006A4B0045
S205006A4C6FD5
S205006A4DF053
S205006A4EDF63
S205006A4FF64B
S205006A50132D
S205006A510936
S205006A5290AE
S205006A53003D
S205006A546FCD
S205006A55F04B
S205006A565FDB
S205006A57F643
S205006A581325
S205006A59092E
S205006A5A70C6
S205006A5B0035
S205006A5C6FC5
S205006A5DF043
S205006A5EDF53
S205006A5FF53C
S205006A60131D
S205006A610926
S205006A62B07E
S205006A63002D
S205006A646FBD
S205006A65F03B
S205006A665FCB
S205006A67F534
S205006A681315
S205006A69091E
S205006A6AC066
S205006A6B0025
S205006A6C6FB5
S205006A6DF033
S205006A6EDF43
S205006A6FF42D
S205006A70130D
S205006A710916
S205006A72A07E
S205006A73001D
S205006A746FAD
S205006A75F02B
S205006A765FBB
S205006A77F425
S205006A781305
S205006A79090E
S205006A7AE036
S205006A7B0015
S205006A7C6FA5
S205006A7DF023
S205006A7EDF33
S205006A7FF31E
S205006A8013FD
S205006A810906
S205006A82D03E
S205006A83000D
S205006A846F9D
S205006A85F01B
S205006A865FAB
S205006A87F316
S20510000010DA
S2051000010FDA
S20510000200E8
S20510000300E7
S205100004BC2A
S2051000050DD8
S20510000600E4
S20510000700E3
S205100008687A
S2051000090DD4
S20510000A00E0
S20510000B00DF
S20510000CBC22
S20510000D0ECF
S20510000E00DC
S20510000F00DB
S2051000106872
S2051000110DCC
S20510001200D8
S20510001300D7
S205100014CC0A
S2051000150DC8
S20510001600D4
S20510001700D3
S205100018686A
S2051000190DC4
S20510001A00D0
S20510001B00CF
S20510001CBC12
S20510001D0EBF
S20510001E00CC
S20510001F00CB
S205100020BC0E
S2051000210DBC
S20510002200C8
S20510002300C7
S205100024BC0A
S2051000250DB8
S20510002600C4
S20510002700C3
S205100028CCF6
S2051000290DB4
S20510002A00C0
S20510002B00BF
S20510002CBC02
S20510002D0EAF
S20510002E00BC
S20510002F00BB
S2051000304872
S2051000310EAB
S20510003200B8
S20510003300B7
S205100034486E
S2051000350EA7
S20510003600B4
S20510003700B3
S205100038486A
S2051000390EA3
S20510003A00B0
S20510003B00AF
S20510003CCCE2
S20510003D0DA0
S20510003E00AC
S20510003F00AB
S2051000407832
S2051000412B7E
S20510004200A8
S20510004300A7
S205100044683E
S205100045297C
S20510004600A4
S20510004700A3
S205100048782A
S2051000492A77
S20510004A00A0
S20510004B009F
S20510004CACF2
S20510004D2974
S20510004E009C
S20510004F009B
S2051000507822
S2051000512A6F
S2051000520098
S2051000530097
S205100054B8DE
S205100055296C
S2051000560094
S2051000570093
S205100058781A
S2051000592A67
S20510005A0090
S20510005B008F
S20510005CACE2
S20510005D2964
S20510005E008C
S20510005F008B
S2051000606822
S2051000612960
S2051000620088
S2051000630087
S205100064681E
S205100065295C
S2051000660084
S2051000670083
S205100068B8CA
S2051000692958
S20510006A0080
S20510006B007F
S20510006CACD2
S20510006D2954
S20510006E007C
S20510006F007B
S20510007088F2
S2051000712A4F
S2051000720078
S2051000730077
S20510007488EE
S2051000752A4B
S2051000760074
S2051000770073
S20510007888EA
S2051000792A47
S20510007A0070
S20510007B006F
S20510007CB8B6
S20510007D2944
S20510007E006C
S20510007F006B
S2051000806802
S2051000812940
S2051000820068
S2051000830067
S20510008468FE
S205100085293C
S2051000860064
S2051000870063
S20510008878EA
S2051000892A37
S20510008A0060
S20510008B005F
S20510008C8CD2
S20510008D2C31
S20510008E005C
S20510008F005B
S20510009078E2
S2051000912A2F
S2051000920058
S2051000930057
S205100094B89E
S205100095292C
S2051000960054
S2051000970053
S20510009878DA
S2051000992A27
S20510009A0050
S20510009B004F
S20510009C8CC2
S20510009D2C21
S20510009E004C
S20510009F004B
S2051000A068E2
S2051000A12920
S2051000A20048
S2051000A30047
S2051000A468DE
S2051000A5291C
S2051000A60044
S2051000A70043
S2051000A8B88A
S2051000A92918
S2051000AA0040
S2051000AB003F
S2051000AC8CB2
S2051000AD2C11
S2051000AE003C
S2051000AF003B
S2051000B088B2
S2051000B12A0F
S2051000B20038
S2051000B30037
S2051000B488AE
S2051000B52A0B
S2051000B60034
S2051000B70033
S2051000B8B47E
S2051000B92C05
S2051000BA0030
S2051000BB002F
S2051000BC78B6
S2051000BD2A03
S2051000BE002C
S2051000BF002B
S2051000C0B872
S2051000C12900
S2051000C20028
S2051000C30027
S2051000C478AE
S2051000C52AFB
S2051000C60024
S2051000C70023
S2051000C8B46E
S2051000C92CF5
S2051000CA0020
S2051000CB001F
S2051000CC68B6
S2051000CD29F4
S2051000CE001C
S2051000CF001B
S2051000D068B2
S2051000D129F0
S2051000D20018
S2051000D30017
S2051000D4B85E
S2051000D529EC
S2051000D60014
S2051000D70013
S2051000D8B45E
S2051000D92CE5
S2051000DA0010
S2051000DB000F
S2051000DC848A
S2051000DD2AE3
S2051000DE000C
S2051000DF000B
S2051000E08486
S2051000E12ADF
S2051000E20008
S2051000E30007
S2051000E48482
S2051000E52ADB
S2051000E60004
S2051000E70003
S2051000E80002
S2051000E90100
S2051000EA02FE
S2051000EB02FD
S2051000EC03FB
S2051000ED03FA
S2051000EE03F9
S2051000EF03F8
S2051000F004F6
S2051000F104F5
S2051000F204F4
S2051000F304F3
S2051000F404F2
S2051000F504F1
S2051000F604F0
S2051000F704EF
S2051000F805ED
S2051000F905EC
S2051000FA05EB
S2051000FB05EA
S2051000FC05E9
S2051000FD05E8
S2051000FE05E7
S2051000FF05E6
S20510010005E4
S20510010105E3
S20510010205E2
S20510010305E1
S20510010405E0
S20510010505DF
S20510010605DE
S20510010705DD
S20510010806DB
S20510010906DA
S20510010A06D9
S20510010B06D8
S20510010C06D7
S20510010D06D6
S20510010E06D5
S20510010F06D4
S20510011006D3
S20510011106D2
S20510011206D1
S20510011306D0
S20510011406CF
S20510011506CE
S20510011606CD
S20510011706CC
S20510011806CB
S20510011906CA
S20510011A06C9
S20510011B06C8
S20510011C06C7
S20510011D06C6
S20510011E06C5
S20510011F06C4
S20510012006C3
S20510012106C2
S20510012206C1
S20510012306C0
S20510012406BF
S20510012506BE
S20510012606BD
S20510012706BC
S20510012807BA
S20510012907B9
S20510012A07B8
S20510012B07B7
S20510012C07B6
S20510012D07B5
S20510012E07B4
S20510012F07B3
S20510013007B2
S20510013107B1
S20510013207B0
S20510013307AF
S20510013407AE
S20510013507AD
S20510013607AC
S20510013707AB
S20510013807AA
S20510013907A9
S20510013A07A8
S20510013B07A7
S20510013C07A6
S20510013D07A5
S20510013E07A4
S20510013F07A3
S20510014007A2
S20510014107A1
S20510014207A0
S205100143079F
S205100144079E
S205100145079D
S205100146079C
S205100147079B
S205100148079A
S2051001490799
S20510014A0798
S20510014B0797
S20510014C0796
S20510014D0795
S20510014E0794
S20510014F0793
S2051001500792
S2051001510791
S2051001520790
S205100153078F
S205100154078E
S205100155078D
S205100156078C
S205100157078B
S205100158078A
S2051001590789
S20510015A0788
S20510015B0787
S20510015C0786
S20510015D0785
S20510015E0784
S20510015F0783
S2051001600782
S2051001610781
S2051001620780
S205100163077F
S205100164077E
S205100165077D
S205100166077C
S205100167077B
S2051001680879
S2051001690878
S20510016A0877
S20510016B0876
S20510016C0875
S20510016D0874
S20510016E0873
S20510016F0872
S2051001700871
S2051001710870
S205100172086F
S205100173086E
S205100174086D
S205100175086C
S205100176086B
S205100177086A
S2051001780869
S2051001790868
S20510017A0867
S20510017B0866
S20510017C0865
S20510017D0864
S20510017E0863
S20510017F0862
S2051001800861
S2051001810860
S205100182085F
S205100183085E
S205100184085D
S205100185085C
S205100186085B
S205100187085A
S2051001880859
S2051001890858
S20510018A0857
S20510018B0856
S20510018C0855
S20510018D0854
S20510018E0853
S20510018F0852
S2051001900851
S2051001910850
S205100192084F
S205100193084E
S205100194084D
S205100195084C
S205100196084B
S205100197084A
S2051001980849
S2051001990848
S20510019A0847
S20510019B0846
S20510019C0845
S20510019D0844
S20510019E0843
S20510019F0842
S2051001A00841
S2051001A10840
S2051001A2083F
S2051001A3083E
S2051001A4083D
S2051001A5083C
S2051001A6083B
S2051001A7083A
S2051001A80839
S2051001A90838
S2051001AA0837
S2051001AB0836
S2051001AC0835
S2051001AD0834
S2051001AE0833
S2051001AF0832
S2051001B00831
S2051001B10830
S2051001B2082F
S2051001B3082E
S2051001B4082D
S2051001B5082C
S2051001B6082B
S2051001B7082A
S2051001B80829
S2051001B90828
S2051001BA0827
S2051001BB0826
S2051001BC0825
S2051001BD0824
S2051001BE0823
S2051001BF0822
S2051001C00821
S2051001C10820
S2051001C2081F
S2051001C3081E
S2051001C4081D
S2051001C5081C
S2051001C6081B
S2051001C7081A
S2051001C80819
S2051001C90818
S2051001CA0817
S2051001CB0816
S2051001CC0815
S2051001CD0814
S2051001CE0813
S2051001CF0812
S2051001D00811
S2051001D10810
S2051001D2080F
S2051001D3080E
S2051001D4080D
S2051001D5080C
S2051001D6080B
S2051001D7080A
S2051001D80809
S2051001D90808
S2051001DA0807
S2051001DB0806
S2051001DC0805
S2051001DD0804
S2051001DE0803
S2051001DF0802
S2051001E00801
S2051001E10800
S2051001E208FF
S2051001E308FE
S2051001E408FD
S2051001E508FC
S2051001E608FB
S2051001E708FA
S2051001E86D94
S2051001E96F91
S2051001EA649B
S2051001EB6599
S2051001EC6C91
S2051001ED5F9D
S2051001EE708B
S2051001EF6199
S2051001F07287
S2051001F16197
S2051001F26D8A
S2051001F37383
S2051001F400F5
S2051001F500F4
S2051001F600F3
S2051001F700F2
S2051001F824CD
S2051001F94BA5
S2051001FA35BA
S2051001FB5F8F
S2051001FC539A
S2051001FD48A4
S2051001FE41AA
S2051001FF5298
S20510020045A3
S2051002012FB8
S2051002027373
S2051002036C79
S2051002047272
S205100205786B
S2051002065F83
S205100207726F
S205100208657B
S2051002096679
S20510020A2FAF
S20510020B736A
S20510020C7765
S20510020D2FAC
S20510020E6179
S20510020F7069
S2051002107068
S2051002117364
S2051002122FA7
S2051002137362
S2051002146C68
S2051002157261
S2051002165F73
S205100217735E
S2051002186868
S205100219616E
S20510021A725C
S20510021B6568
S20510021C6468
S20510021D2F9C
S20510021E705A
S20510021F7455
S2051002202F99
S2051002217750
S2051002226F57
S2051002237253
S2051002246B59
S2051002257350
S2051002267052
S2051002276160
S205100228635D
S205100229655A
S20510022A2F8F
S20510022B734A
S20510022C6C50
S20510022D7249
S20510022E5F5B
S20510022F7445
S2051002306D4B
S2051002317740
S2051002325F57
S2051002336D48
S2051002346E46
S205100235783B
S2051002365F53
S2051002377041
S205100238614F
S205100239723D
S20510023A614D
S20510023B6D40
S20510023C7339
S20510023D2E7D
S20510023E7436
S20510023F7831
S2051002407434
S20510024100A7
S20510024200A6
S20510024300A5
S2051002444C58
S2051002456F34
S2051002466141
S205100247643D
S2051002486937
S2051002496E31
S20510024A6737
S20510024B207D
S20510024C2577
S20510024D6437
S20510024E207A
S20510024F6D2C
S2051002506F29
S2051002516433
S2051002526531
S2051002536C29
S2051002542074
S2051002557023
S2051002566131
S205100257721F
S205100258612F
S2051002596D22
S20510025A6529
S20510025B7419
S20510025C6527
S20510025D7219
S20510025E7317
S20510025F2069
S2051002606622
S2051002617215
S2051002626F17
S2051002636D18
S2051002642064
S205100265255E
S205100266730F
S2051002670A77
S2051002680080
S205100269007F
S20510026A007E
S20510026B007D
S20510026C0A72
S20510026D0A71
S20510026E4436
S20510026F4534
S2051002705424
S2051002714532
S2051002724333
S2051002735421
S205100274452F
S205100275442F
S2051002762052
S205100277541D
S205100278452B
S2051002795817
S20510027A541A
S20510027B3A33
S20510027C204C
S20510027D2249
S20510027E006A
S20510027F0069
S2051002802543
S2051002816304
S2051002820066
S2051002830065
S2051002842242
S2051002850A59
S2051002860A58
S2051002870061
S205100288253B
S205100289332C
S20510028A64FA
S20510028B3A23
S20510028C203C
S20510028D64F7
S20510028E65F5
S20510028F74E5
S20510029065F3
S20510029163F4
S20510029274E2
S20510029365F0
S20510029464F0
S2051002953A19
S2051002962032
S205100297252C
S20510029863ED
S2051002990A45
S20510029A004E
S20510029B004D
S20510029C2527
S20510029D3318
S20510029E64E6
S20510029F3A0F
S2051002A02028
S2051002A164E3
S2051002A265E1
S2051002A374D1
S2051002A465DF
S2051002A563E0
S2051002A674CE
S2051002A765DC
S2051002A864DC
S2051002A93A05
S2051002AA201E
S2051002AB2716
S2051002AC2517
S2051002AD63D8
S2051002AE2713
S2051002AF2019
S2051002B03BFD
S2051002B12017
S2051002B265D1
S2051002B378BD
S2051002B470C4
S2051002B565CE
S2051002B663CF
S2051002B774BD
S2051002B865CB
S2051002B964CB
S2051002BA3AF4
S2051002BB200D
S2051002BC2705
S2051002BD2506
S2051002BE63C7
S2051002BF2702
S2051002C02008
S2051002C146E1
S2051002C241E5
S2051002C349DC
S2051002C44CD8
S2051002C50A19
S2051002C60022
S2051002C70021
S2051002C80A16
S2051002C954CB
S2051002CA65B9
S2051002CB73AA
S2051002CC74A8
S2051002CD65B6
S2051002CE64B6
S2051002CF20F9
S2051002D025F3
S2051002D164B3
S2051002D220F6
S2051002D369AC
S2051002D46DA7
S2051002D561B2
S2051002D667AB
S2051002D765AC
S2051002D8739D
S2051002D92CE3
S2051002DA20EE
S2051002DB20ED
S2051002DC50BC
S2051002DD61AA
S2051002DE7397
S2051002DF7396
S2051002E065A3
S2051002E164A3
S2051002E23ACC
S2051002E320E5
S2051002E425DF
S2051002E5649F
S2051002E62CD6
S2051002E720E1
S2051002E846BA
S2051002E9619E
S2051002EA6995
S2051002EB6C91
S2051002EC3AC2
S2051002ED20DB
S2051002EE25D5
S2051002EF6495
S2051002F02CCC
S2051002F120D7
S2051002F253A3
S2051002F37580
S2051002F46391
S2051002F56390
S2051002F6658D
S2051002F7737E
S2051002F8737D
S2051002F93AB5
S2051002FA20CE
S2051002FB25C8
S2051002FC32BA
S2051002FD2EBD
S2051002FE31B9
S2051002FF6683
S20510030025C2
S20510030125C1
S2051003020ADB
S2051003030ADA
S20510030400E3
S20510030500E2
S20510030600E1
S20510030700E0
S2051003080AD5
S2051003090AD4
S20510030A4895
S20510030B4597
S20510030C4C8F
S20510030D4C8E
S20510030E4F8A
S20510030F20B8
S2051003104B8C
S20510031135A1
S205100312587D
S20510031320B4
S2051003145380
S2051003154C86
S205100316527F
S20510031720B0
S2051003183A95
S20510031920AE
S20510031A537A
S20510031B6963
S20510031C6764
S20510031D6E5C
S20510031E20A9
S20510031F4C7C
S2051003206166
S2051003216E58
S205100322675E
S205100323754F
S2051003246162
S205100325675B
S205100326655C
S20510032720A0
S205100328526D
S2051003296559
S20510032A635A
S20510032B6F4D
S20510032C6754
S20510032D6E4C
S20510032E6950
S20510032F7444
S205100330694E
S2051003316F47
S2051003326E47
S2051003330AAA
S2051003340AA9
S20510033500B2
S20510033600B1
S20510033700B0
S205100338416E
S2051003396C42
S20510033A6C41
S20510033B6F3D
S20510033C6348
S20510033D6149
S20510033E7435
S20510033F6543
S2051003406443
S2051003412086
S2051003427431
S2051003436F35
S205100344742F
S2051003456141
S2051003466C35
S2051003472080
S205100348257A
S205100349643A
S20510034A207D
S20510034B623A
S20510034C7922
S20510034D7426
S20510034E6534
S20510034F7325
S2051003502077
S2051003516F27
S205100352662F
S2051003532074
S205100354662D
S2051003556F23
S205100356721F
S2051003572070
S2051003586926
S2051003596E20
S20510035A7419
S20510035B6527
S20510035C7219
S20510035D6D1D
S20510035E6524
S20510035F6424
S205100360691E
S2051003616125
S2051003627411
S205100363651F
S2051003642063
S205100365661C
S205100366651C
S205100367611F
S205100368740B
S2051003697509
S20510036A720B
S20510036B6517
S20510036C205B
S20510036D2D4D
S20510036E6D0C
S20510036F6117
S2051003707007
S2051003717303
S2051003720A6B
S2051003730074
S2051003747300
S2051003756C06
S20510037672FF
S2051003775F11
S2051003786906
S2051003796E00
S20510037A74F9
S20510037B72FA
S20510037C5F0C
S20510037D6604
S20510037E6DFC
S20510037F0068
S20510038073F4
S2051003816CFA
S20510038272F3
S2051003835F05
S20510038464FF
S20510038573EF
S2051003865F02
S20510038769F7
S2051003886DF2
S20510038967F7
S20510038A73EA
S20510038B005C
S20510038C0A51
S20510038D0A50
S20510038E0059
S20510038F0058
S2051003902433
S2051003914B0B
S2051003923520
S2051003935FF5
S2051003945300
S205100395480A
S2051003964110
S20510039752FE
S205100398450A
S2051003992F1F
S20510039A73DA
S20510039B6CE0
S20510039C72D9
S20510039D78D2
S20510039E5FEA
S20510039F72D6
S2051003A065E2
S2051003A166E0
S2051003A22F16
S2051003A373D1
S2051003A477CC
S2051003A52F13
S2051003A661E0
S2051003A770D0
S2051003A870CF
S2051003A973CB
S2051003AA2F0E
S2051003AB73C9
S2051003AC6CCF
S2051003AD72C8
S2051003AE5FDA
S2051003AF73C5
S2051003B068CF
S2051003B161D5
S2051003B272C3
S2051003B365CF
S2051003B464CF
S2051003B52F03
S2051003B670C1
S2051003B774BC
S2051003B82F00
S2051003B977B7
S2051003BA6FBE
S2051003BB72BA
S2051003BC6BC0
S2051003BD73B7
S2051003BE70B9
S2051003BF61C7
S2051003C063C4
S2051003C165C1
S2051003C22FF6
S2051003C373B1
S2051003C46CB7
S2051003C572B0
S2051003C65FC2
S2051003C764BC
S2051003C873AC
S2051003C95FBF
S2051003CA6DB0
S2051003CB6EAE
S2051003CC78A3
S2051003CD2EEC
S2051003CE74A5
S2051003CF78A0
S2051003D074A3
S2051003D10016
S2051003D20015
S2051003D30014
S2051003D40A09
S2051003D545CD
S2051003D652BF
S2051003D752BE
S2051003D84FC0
S2051003D952BC
S2051003DA20ED
S2051003DB729A
S2051003DC65A6
S2051003DD61A9
S2051003DE64A5
S2051003DF699F
S2051003E06E99
S2051003E1679F
S2051003E220E5
S2051003E3699B
S2051003E46E95
S2051003E5748E
S2051003E66F92
S2051003E720E0
S2051003E86897
S2051003E96599
S2051003EA7885
S2051003EB20DC
S2051003EC619A
S2051003ED20DA
S2051003EE6E8B
S2051003EF6F89
S2051003F06E89
S2051003F120D6
S2051003F2688D
S2051003F3658F
S2051003F4787B
S2051003F520D2
S2051003F6638E
S2051003F76888
S2051003F8618E
S2051003F9727C
S2051003FA2EBF
S2051003FB0AE2
S2051003FC00EB
S2051003FD00EA
S2051003FE00E9
S2051003FF00E8
S20510040024C2
S2051004017075
S205100402796B
S2051004037370
S205100404687A
S205100405657C
S2051004066C74
S2051004076C73
S20510040820BE
S2051004096F6E
S20510040A706C
S20510040B6576
S20510040C6E6C
S20510040D4693
S20510040E696F
S20510040F6C6B
S2051004106571
S20510041128AD
S20510041222B2
S20510041325AE
S205100414735F
S20510041522AF
S2051004162CA4
S20510041727A8
S20510041825A9
S205100419636A
S20510041A27A5
S20510041B29A2
S20510041C0AC0
S20510041D00C9
S20510041E00C8
S20510041F00C7
S20510042024A2
S2051004217055
S205100422794B
S2051004237350
S205100424685A
S205100425655C
S2051004266C54
S2051004276C53
S205100428209E
S205100429635A
S20510042A6C50
S20510042B6F4C
S20510042C7347
S20510042D6554
S20510042E4672
S20510042F694E
S2051004306C4A
S2051004316550
S205100432288C
S205100433258E
S205100434644E
S2051004352988
S2051004360AA6
S20510043700AF
S205100438248A
S205100439703D
S20510043A7933
S20510043B7338
S20510043C6842
S20510043D6544
S20510043E6C3C
S20510043F6C3B
S2051004402086
S2051004417332
S2051004426F35
S2051004436340
S205100444534F
S205100445742D
S205100446613F
S205100447722D
S205100448742A
S2051004494657
S20510044A6735
S20510044B6536
S20510044C7426
S20510044D4851
S20510044E6533
S20510044F781F
S2051004504650
S205100451286D
S205100452256F
S205100453642F
S2051004542C66
S205100455256C
S205100456642C
S2051004572C63
S205100458305E
S2051004597815
S20510045A2567
S20510045B7813
S20510045C2961
S20510045D0A7F
S20510045E0088
S20510045F0087
S2051004602462
S2051004617015
S205100462790B
S2051004637310
S205100464681A
S205100465651C
S2051004666C14
S2051004676C13
S205100468205E
S205100469730A
S20510046A6F0D
S20510046B6318
S20510046C4337
S20510046D6811
S20510046E6513
S20510046F6314
S2051004706B0B
S205100471462F
S205100472670D
S205100473650E
S20510047474FE
S2051004754829
S205100476650B
S20510047778F7
S2051004784628
S2051004792845
S20510047A2943
S20510047B0A61
S20510047C006A
S20510047D0069
S20510047E0068
S20510047F0067
S2051004802442
S20510048170F5
S20510048279EB
S20510048373F0
S20510048468FA
S20510048565FC
S2051004866CF4
S2051004876CF3
S205100488203E
S20510048971EC
S20510048A75E7
S20510048B69F2
S20510048C74E6
S20510048D4118
S20510048E70E8
S20510048F70E7
S205100490282E
S205100491292C
S2051004920A4A
S2051004930053
S2051004943022
S2051004953120
S205100496321E
S205100497331C
S205100498341A
S2051004993518
S20510049A3616
S20510049B3714
S20510049C3812
S20510049D3910
S20510049E61E7
S20510049F62E5
S2051004A063E3
S2051004A164E1
S2051004A265DF
S2051004A366DD
S2051004A467DB
S2051004A568D9
S2051004A669D7
S2051004A76AD5
S2051004A86BD3
S2051004A96CD1
S2051004AA6DCF
S2051004AB6ECD
S2051004AC6FCB
S2051004AD70C9
S2051004AE71C7
S2051004AF72C5
S2051004B073C3
S2051004B174C1
S2051004B275BF
S2051004B376BD
S2051004B477BB
S2051004B578B9
S2051004B679B7
S2051004B77AB5
S2051004B8002E
S2051004B9002D
S2051004BA002C
S2051004BB002B
S2051004BC30FA
S2051004BD31F8
S2051004BE32F6
S2051004BF33F4
S2051004C034F2
S2051004C135F0
S2051004C236EE
S2051004C337EC
S2051004C438EA
S2051004C539E8
S2051004C641DF
S2051004C742DD
S2051004C843DB
S2051004C944D9
S2051004CA45D7
S2051004CB46D5
S2051004CC47D3
S2051004CD48D1
S2051004CE49CF
S2051004CF4ACD
S2051004D04BCB
S2051004D14CC9
S2051004D24DC7
S2051004D34EC5
S2051004D44FC3
S2051004D550C1
S2051004D651BF
S2051004D752BD
S2051004D853BB
S2051004D954B9
S2051004DA55B7
S2051004DB56B5
S2051004DC57B3
S2051004DD58B1
S2051004DE59AF
S2051004DF5AAD
S2051004E00006
S2051004E10005
S2051004E20004
S2051004E30003
S2051004E43CC6
S2051004E54EB3
S2051004E655AB
S2051004E74CB3
S2051004E84CB2
S2051004E93EBF
S2051004EA00FC
S2051004EB00FB
S2051004EC4CAE
S2051004ED6F8A
S2051004EE6197
S2051004EF6493
S2051004F0698D
S2051004F16E87
S2051004F2678D
S2051004F320D3
S2051004F4668C
S2051004F5727F
S2051004F66F81
S2051004F76D82
S2051004F820CE
S2051004F925C8
S2051004FA7379
S2051004FB20CB
S2051004FC7476
S2051004FD6F7A
S2051004FE20C8
S2051004FF6186
S2051005006481
S2051005016480
S2051005027271
S205100503657D
S205100504736E
S205100505736D
S20510050620BF
S20510050730AE
S2051005087865
S20510050925B7
S20510050A30AB
S20510050B38A2
S20510050C7861
S20510050D20B8
S20510050E2CAB
S20510050F20B6
S2051005106273
S205100511795B
S205100512745F
S205100513656D
S20510051420B1
S2051005156C64
S205100516656A
S2051005176E60
S2051005186766
S2051005197458
S20510051A6863
S20510051B20AA
S20510051C3A8F
S20510051D20A8
S20510051E25A2
S20510051F6462
S2051005200ABB
S20510052100C4
S20510052200C3
S20510052300C2
S2051005244C75
S2051005256F51
S205100526615E
S205100527645A
S2051005286558
S2051005296458
S20510052A209B
S20510052B2595
S20510052C6455
S20510052D2098
S20510052E6255
S20510052F793D
S2051005307441
S205100531654F
S2051005327340
S2051005330AA8
S20510053400B1
S20510053500B0
S20510053600AF
S20510053700AE
S2051005384667
S205100539525A
S20510053A4566
S20510053B4565
S20510053C00A9
S20510053D00A8
S20510053E00A7
S20510053F00A6
S2051005404560
S2051005415252
S2051005425251
S2051005434F53
S205100544524F
S2051005453A66
S205100546207F
S205100547613D
S2051005486C31
S2051005496C30
S20510054A6F2C
S20510054B6337
S20510054C2E6B
S20510054D6335
S20510054E2077
S20510054F4551
S205100550781D
S2051005516331
S205100552652E
S205100553652D
S205100554642D
S205100555652B
S205100556642B
S205100557206E
S2051005584D40
S2051005596527
S20510055A6D1E
S20510055B6F1B
S20510055C7217
S20510055D790F
S20510055E2067
S20510055F6125
S2051005606C19
S2051005616C18
S2051005626F14
S205100563631F
S2051005646120
S205100565740C
S2051005666916
S2051005676F0F
S2051005686E0F
S205100569205C
S20510056A7209
S20510056B6515
S20510056C7306
S20510056D6F09
S20510056E7502
S20510056F7204
S2051005706312
S205100571650F
S2051005727300
S2051005730A68
S2051005740071
S2051005750070
S205100576006F
S205100577006E
S2051005784528
S205100579521A
S20510057A5219
S20510057B4F1B
S20510057C5217
S20510057D3A2E
S20510057E2047
S20510057F6105
S2051005806CF9
S2051005816CF8
S2051005826FF4
S20510058363FF
S2051005845F02
S20510058566FA
S20510058672ED
S20510058765F9
S20510058865F8
S205100589203C
S20510058A63F8
S20510058B61F9
S20510058C6EEB
S20510058D2731
S20510058E74E3
S20510058F2036
S20510059066EF
S20510059169EB
S2051005926EE5
S20510059364EE
S2051005942031
S20510059562EE
S2051005966CE3
S2051005976FDF
S20510059863EA
S2051005996BE1
S20510059A202B
S20510059B6DDD
S20510059C61E8
S20510059D74D4
S20510059E63E4
S20510059F68DE
S2051005A069DC
S2051005A16ED6
S2051005A267DC
S2051005A32022
S2051005A4271A
S2051005A5251B
S2051005A673CC
S2051005A72717
S2051005A8201D
S2051005A961DB
S2051005AA73C8
S2051005AB73C7
S2051005AC69D0
S2051005AD67D1
S2051005AE6EC9
S2051005AF65D1
S2051005B064D1
S2051005B12014
S2051005B274BF
S2051005B36FC3
S2051005B42011
S2051005B561CF
S2051005B664CB
S2051005B764CA
S2051005B872BB
S2051005B965C7
S2051005BA73B8
S2051005BB73B7
S2051005BC2009
S2051005BD2503
S2051005BE30F7
S2051005BF38EE
S2051005C078AD
S2051005C12004
S2051005C22003
S2051005C328FA
S2051005C46FB2
S2051005C566BA
S2051005C666B9
S2051005C773AB
S2051005C865B8
S2051005C974A8
S2051005CA20FB
S2051005CB25F5
S2051005CC30E9
S2051005CD34E4
S2051005CE64B3
S2051005CF29ED
S2051005D00A0B
S2051005D10014
S2051005D20013
S2051005D30012
S2051005D455BC
S2051005D54EC2
S2051005D64BC4
S2051005D74EC0
S2051005D84FBE
S2051005D957B5
S2051005DA4EBD
S2051005DB000A
S2051005DC45C4
S2051005DD52B6
S2051005DE52B5
S2051005DF4FB7
S2051005E052B3
S2051005E13ACA
S2051005E220E3
S2051005E361A1
S2051005E46C95
S2051005E56C94
S2051005E66F90
S2051005E7639B
S2051005E85F9E
S2051005E96696
S2051005EA7289
S2051005EB6595
S2051005EC6594
S2051005ED20D8
S2051005EE6E89
S2051005EF6195
S2051005F06D88
S2051005F1658F
S2051005F220D3
S2051005F36D85
S2051005F46988
S2051005F5737D
S2051005F66D82
S2051005F7618D
S2051005F87479
S2051005F96389
S2051005FA6883
S2051005FB20CA
S2051005FC7277
S2051005FD6583
S2051005FE7176
S2051005FF7571
S205100600657F
S2051006017370
S205100602746E
S205100603657C
S205100604647C
S20510060520BF
S20510060625B9
S205100607736A
S2051006082CB0
S20510060920BB
S20510060A6674
S20510060B6F6A
S20510060C7563
S20510060D6E69
S20510060E6472
S20510060F20B5
S20510061025AF
S2051006117360
S2051006120AC8
S20510061300D1
S205100614DCF4
S2051006154B84
S20510061600CE
S20510061700CD
S2051006185874
S2051006194B80
S20510061A00CA
S20510061B00C9
S20510061C5870
S20510061D4B7C
S20510061E00C6
S20510061F00C5
S205100620D0F4
S2051006214B78
S20510062200C2
S20510062300C1
S2051006245868
S2051006254B74
S20510062600BE
S20510062700BD
S2051006285864
S2051006294B70
S20510062A00BA
S20510062B00B9
S20510062C5860
S20510062D4B6C
S20510062E00B6
S20510062F00B5
S205100630585C
S2051006314B68
S20510063200B2
S20510063300B1
S2051006345858
S2051006354B64
S20510063600AE
S20510063700AD
S2051006385854
S2051006394B60
S20510063A00AA
S20510063B00A9
S20510063C5850
S20510063D4B5C
S20510063E00A6
S20510063F00A5
S205100640C4E0
S2051006414B58
S20510064200A2
S20510064300A1
S2051006445848
S2051006454B54
S205100646009E
S205100647009D
S205100648B8E4
S2051006494B50
S20510064A009A
S20510064B0099
S20510064C5840
S20510064D4B4C
S20510064E0096
S20510064F0095
S205100650583C
S2051006514B48
S2051006520092
S2051006530091
S205100654ACE4
S2051006554B44
S205100656008E
S205100657008D
S205100658CCC0
S2051006595536
S20510065A008A
S20510065B0089
S20510065CE8A0
S20510065D4B3C
S20510065E0086
S20510065F0085
S205100660E89C
S2051006614B38
S2051006620082
S2051006630081
S205100664E898
S2051006654B34
S205100666007E
S205100667007D
S205100668E894
S2051006694B30
S20510066A007A
S20510066B0079
S20510066CE890
S20510066D4B2C
S20510066E0076
S20510066F0075
S205100670E88C
S2051006714B28
S2051006720072
S2051006730071
S205100674E888
S2051006754B24
S205100676006E
S205100677006D
S205100678E884
S2051006794B20
S20510067A006A
S20510067B0069
S20510067CE880
S20510067D4B1C
S20510067E0066
S20510067F0065
S205100680E87C
S2051006814B18
S2051006820062
S2051006830061
S205100684E878
S2051006854B14
S205100686005E
S205100687005D
S205100688E874
S2051006894B10
S20510068A005A
S20510068B0059
S20510068CE870
S20510068D4B0C
S20510068E0056
S20510068F0055
S205100690E86C
S2051006914B08
S2051006920052
S2051006930051
S205100694E868
S2051006954B04
S205100696004E
S205100697004D
S205100698E864
S2051006994B00
S20510069A004A
S20510069B0049
S20510069CE860
S20510069D4BFC
S20510069E0046
S20510069F0045
S2051006A0E85C
S2051006A14BF8
S2051006A20042
S2051006A30041
S2051006A4E858
S2051006A54BF4
S2051006A6003E
S2051006A7003D
S2051006A8E854
S2051006A94BF0
S2051006AA003A
S2051006AB0039
S2051006ACE850
S2051006AD4BEC
S2051006AE0036
S2051006AF0035
S2051006B0E84C
S2051006B14BE8
S2051006B20032
S2051006B30031
S2051006B42808
S2051006B559D6
S2051006B6002E
S2051006B7002D
S2051006B8E844
S2051006B94BE0
S2051006BA002A
S2051006BB0029
S2051006BCE840
S2051006BD4BDC
S2051006BE0026
S2051006BF0025
S2051006C0E83C
S2051006C14BD8
S2051006C20022
S2051006C30021
S2051006C4E838
S2051006C54BD4
S2051006C6001E
S2051006C7001D
S2051006C8E834
S2051006C94BD0
S2051006CA001A
S2051006CB0019
S2051006CCE830
S2051006CD4BCC
S2051006CE0016
S2051006CF0015
S2051006D0E82C
S2051006D14BC8
S2051006D20012
S2051006D30011
S2051006D4E828
S2051006D54BC4
S2051006D6000E
S2051006D7000D
S2051006D820EC
S2051006D959B2
S2051006DA000A
S2051006DB0009
S2051006DCE820
S2051006DD4BBC
S2051006DE0006
S2051006DF0005
S2051006E08084
S2051006E150B3
S2051006E20002
S2051006E30001
S2051006E4C43C
S2051006E558A7
S2051006E600FE
S2051006E700FD
S2051006E8E814
S2051006E94BB0
S2051006EA00FA
S2051006EB00F9
S2051006ECB444
S2051006ED4EA9
S2051006EE00F6
S2051006EF00F5
S2051006F0E80C
S2051006F14BA8
S2051006F200F2
S2051006F300F1
S2051006F4E808
S2051006F54BA4
S2051006F600EE
S2051006F700ED
S2051006F8C428
S2051006F95893
S2051006FA00EA
S2051006FB00E9
S2051006FCE800
S2051006FD4B9C
S2051006FE00E6
S2051006FF00E5
S205100700E8FB
S2051007014B97
S20510070200E1
S20510070300E0
S205100704E8F7
S2051007054B93
S20510070600DD
S20510070700DC
S205100708E8F3
S2051007094B8F
S20510070A00D9
S20510070B00D8
S20510070CE8EF
S20510070D4B8B
S20510070E00D5
S20510070F00D4
S205100710844F
S2051007114D85
S20510071200D1
S20510071300D0
S205100714C807
S205100715507E
S20510071600CD
S20510071700CC
S205100718E8E3
S2051007194B7F
S20510071A00C9
S20510071B00C8
S20510071CE8DF
S20510071D4B7B
S20510071E00C5
S20510071F00C4
S2051007209C27
S2051007214D75
S20510072200C1
S20510072300C0
S205100724E8D7
S2051007254B73
S20510072600BD
S20510072700BC
S205100728D0EB
S2051007294C6E
S20510072A00B9
S20510072B00B8
S20510072CE8CF
S20510072D4B6B
S20510072E00B5
S20510072F00B4
S205100730E8CB
S2051007314B67
S20510073200B1
S20510073300B0
S205100734901F
S2051007354D61
S20510073600AD
S20510073700AC
S2051007387437
S2051007395456
S20510073A00A9
S20510073B00A8
S20510073CECBB
S20510073D4B5B
S20510073E00A5
S20510073F00A4
S205100740ECB7
S2051007414B57
S20510074200A1
S20510074300A0
S205100744ECB3
S2051007454B53
S205100746009D
S205100747009C
S205100748ECAF
S2051007494B4F
S20510074A0099
S20510074B0098
S20510074CECAB
S20510074D4B4B
S20510074E0095
S20510074F0094
S205100750ECA7
S2051007514B47
S2051007520091
S2051007530090
S205100754ECA3
S2051007554B43
S205100756008D
S205100757008C
S205100758EC9F
S2051007594B3F
S20510075A0089
S20510075B0088
S20510075CEC9B
S20510075D4B3B
S20510075E0085
S20510075F0084
S205100760EC97
S2051007614B37
S2051007620081
S2051007630080
S205100764EC93
S2051007654B33
S205100766007D
S205100767007C
S205100768EC8F
S2051007694B2F
S20510076A0079
S20510076B0078
S20510076CEC8B
S20510076D4B2B
S20510076E0075
S20510076F0074
S205100770EC87
S2051007714B27
S2051007720071
S2051007730070
S205100774EC83
S2051007754B23
S205100776006D
S205100777006C
S205100778EC7F
S2051007794B1F
S20510077A0069
S20510077B0068
S20510077CEC7B
S20510077D4B1B
S20510077E0065
S20510077F0064
S205100780EC77
S2051007814B17
S2051007820061
S2051007830060
S205100784EC73
S2051007854B13
S205100786005D
S205100787005C
S205100788EC6F
S2051007894B0F
S20510078A0059
S20510078B0058
S20510078CEC6B
S20510078D4B0B
S20510078E0055
S20510078F0054
S205100790EC67
S2051007914B07
S2051007920051
S2051007930050
S2051007940C43
S20510079551FD
S205100796004D
S205100797004C
S205100798EC5F
S2051007994BFF
S20510079A0049
S20510079B0048
S20510079CEC5B
S20510079D4BFB
S20510079E0045
S20510079F0044
S2051007A0EC57
S2051007A14BF7
S2051007A20041
S2051007A30040
S2051007A4EC53
S2051007A54BF3
S2051007A6003D
S2051007A7003C
S2051007A8EC4F
S2051007A94BEF
S2051007AA0039
S2051007AB0038
S2051007ACEC4B
S2051007AD4BEB
S2051007AE0035
S2051007AF0034
S2051007B0EC47
S2051007B14BE7
S2051007B20031
S2051007B30030
S2051007B4EC43
S2051007B54BE3
S2051007B6002D
S2051007B7002C
S2051007B81813
S2051007B951D9
S2051007BA0029
S2051007BB0028
S2051007BCEC3B
S2051007BD4BDB
S2051007BE0025
S2051007BF0024
S2051007C0849F
S2051007C150D2
S2051007C20021
S2051007C30020
S2051007C464BB
S2051007C54DD1
S2051007C6001D
S2051007C7001C
S2051007C8EC2F
S2051007C94BCF
S2051007CA0019
S2051007CB0018
S2051007CCB85F
S2051007CD4EC8
S2051007CE0015
S2051007CF0014
S2051007D0EC27
S2051007D14BC7
S2051007D20011
S2051007D30010
S2051007D4EC23
S2051007D54BC3
S2051007D6000D
S2051007D7000C
S2051007D864A7
S2051007D94DBD
S2051007DA0009
S2051007DB0008
S2051007DCEC1B
S2051007DD4BBB
S2051007DE0005
S2051007DF0004
S2051007E0EC17
S2051007E14BB7
S2051007E20001
S2051007E30000
S2051007E4EC13
S2051007E54BB3
S2051007E600FD
S2051007E700FC
S2051007E8EC0F
S2051007E94BAF
S2051007EA00F9
S2051007EB00F8
S2051007ECEC0B
S2051007ED4BAB
S2051007EE00F5
S2051007EF00F4
S2051007F0886B
S2051007F14DA5
S2051007F200F1
S2051007F300F0
S2051007F4CC23
S2051007F5509E
S2051007F600ED
S2051007F700EC
S2051007F8ECFF
S2051007F94B9F
S2051007FA00E9
S2051007FB00E8
S2051007FCECFB
S2051007FD4B9B
S2051007FE00E5
S2051007FF00E4
S205100800A042
S2051008014D94
S20510080200E0
S20510080300DF
S205100804ECF2
S2051008054B92
S20510080600DC
S20510080700DB
S205100808D406
S2051008094C8D
S20510080A00D8
S20510080B00D7
S20510080CECEA
S20510080D4B8A
S20510080E00D4
S20510080F00D3
S205100810ECE6
S2051008114B86
S20510081200D0
S20510081300CF
S205100814943A
S2051008154D80
S20510081600CC
S20510081700CB
S20510081800CA
S20510081900C9
S20510081AC800
S20510081B4285
S20510082000C2
S20510082100C1
S20510082200C0
S20510082300BF
S20510082400BE
S20510082500BD
S2051008262498
S205100827407B
S205100828B802
S2051008291E9B
S20510082A8533
S20510082BEBCC
S20510082C5165
S20510082DB8FD
S20510082E9E16
S20510082F3F74
S20510083000B2
S20510083100B1
S20510083200B0
S20510083300AF
S20510083400AE
S20510083500AD
S205100836F0BC
S2051008373F6C
S2051008381496
S20510083900A9
S20510083A00A8
S20510083B8027
S20510083C00A6
S20510083D00A5
S20510083E00A4
S20510083F4063
S80400008477
