S0120000786D656D6370795F696E762E73313933
S20500000013E7
S20500000100F9
S20500000200F8
S20500000300F7
S20500000413E3
S20500000500F5
S20500000600F4
S20500000700F3
S20500000813DF
S20500000900F1
S20500000A00F0
S20500000B00EF
S20500000C13DB
S20500000D00ED
S20500000E00EC
S20500000F00EB
S20500001013D7
S20500001100E9
S20500001200E8
S20500001300E7
S20500001413D3
S20500001500E5
S20500001600E4
S20500001700E3
S20500001813CF
S20500001900E1
S20500001A00E0
S20500001B00DF
S20500001C13CB
S20500001D00DD
S20500001E00DC
S20500001F00DB
S20500002013C7
S20500002100D9
S20500002200D8
S20500002300D7
S20500002413C3
S20500002500D5
S20500002600D4
S20500002700D3
S20500002813BF
S20500002900D1
S20500002A00D0
S20500002B00CF
S20500002C13BB
S20500002D00CD
S20500002E00CC
S20500002F00CB
S20500003013B7
S20500003100C9
S20500003200C8
S20500003300C7
S20500003413B3
S20500003500C5
S20500003600C4
S20500003700C3
S20500003813AF
S20500003900C1
S20500003A00C0
S20500003B00BF
S20500003C13AB
S20500003D00BD
S20500003E00BC
S20500003F00BB
S20500004013A7
S20500004100B9
S20500004200B8
S20500004300B7
S20500004413A3
S20500004500B5
S20500004600B4
S20500004700B3
S205000048139F
S20500004900B1
S20500004A00B0
S20500004B00AF
S20500004C139B
S20500004D00AD
S20500004E00AC
S20500004F00AB
S2050000501397
S20500005100A9
S20500005200A8
S20500005300A7
S2050000541393
S20500005500A5
S20500005600A4
S20500005700A3
S205000058138F
S20500005900A1
S20500005A00A0
S20500005B009F
S20500005C138B
S20500005D009D
S20500005E009C
S20500005F009B
S2050000601387
S2050000610099
S2050000620098
S2050000630097
S2050000641383
S2050000650095
S2050000660094
S2050000670093
S205000068137F
S2050000690091
S20500006A0090
S20500006B008F
S20500006C137B
S20500006D008D
S20500006E008C
S20500006F008B
S2050000701377
S2050000710089
S2050000720088
S2050000730087
S2050000741373
S2050000750085
S2050000760084
S2050000770083
S205000078136F
S2050000790081
S20500007A0080
S20500007B007F
S20500007C136B
S20500007D007D
S20500007E007C
S20500007F007B
S2050000806F0B
S2050000810079
S2050000824038
S2050000830077
S20500008493E3
S2050000850075
S2050000860074
S2050000870073
S205000088135F
S20500008981F0
S20500008A0070
S20500008B006F
S20500008C93DB
S20500008D81EC
S20500008E006C
S20500008F006B
S2050000901357
S20500009182E7
S2050000920068
S2050000930067
S20500009493D3
S20500009582E3
S2050000960064
S2050000970063
S205000098134F
S20500009983DE
S20500009A0060
S20500009B005F
S20500009C93CB
S20500009D83DA
S20500009E005C
S20500009F005B
S2050000A01347
S2050000A184D5
S2050000A20058
S2050000A30057
S2050000A493C3
S2050000A584D1
S2050000A60054
S2050000A70053
S2050000A8133F
S2050000A985CC
S2050000AA0050
S2050000AB004F
S2050000AC93BB
S2050000AD85C8
S2050000AE004C
S2050000AF004B
S2050000B01337
S2050000B186C3
S2050000B20048
S2050000B30047
S2050000B493B3
S2050000B586BF
S2050000B60044
S2050000B70043
S2050000B8132F
S2050000B987BA
S2050000BA0040
S2050000BB003F
S2050000BC93AB
S2050000BD87B6
S2050000BE003C
S2050000BF003B
S2050000C01327
S2050000C188B1
S2050000C20038
S2050000C30037
S2050000C493A3
S2050000C588AD
S2050000C60034
S2050000C70033
S2050000C8131F
S2050000C989A8
S2050000CA0030
S2050000CB002F
S2050000CC939B
S2050000CD89A4
S2050000CE002C
S2050000CF002B
S2050000D01317
S2050000D18A9F
S2050000D20028
S2050000D30027
S2050000D49393
S2050000D58A9B
S2050000D60024
S2050000D70023
S2050000D8130F
S2050000D98B96
S2050000DA0020
S2050000DB001F
S2050000DC938B
S2050000DD8B92
S2050000DE001C
S2050000DF001B
S2050000E01307
S2050000E18C8D
S2050000E20018
S2050000E30017
S2050000E49383
S2050000E58C89
S2050000E60014
S2050000E70013
S2050000E813FF
S2050000E98D84
S2050000EA0010
S2050000EB000F
S2050000EC937B
S2050000ED8D80
S2050000EE000C
S2050000EF000B
S2050000F013F7
S2050000F18E7B
S2050000F20008
S2050000F30007
S2050000F49373
S2050000F58E77
S2050000F60004
S2050000F70003
S2050000F813EF
S2050000F98F72
S2050000FA0000
S2050000FB00FF
S2050000FC936B
S2050000FD8F6E
S2050000FE00FC
S2050000FF00FB
S20500010017E2
S2050001016197
S20500010210E7
S20500010300F6
S20500010413E2
S20500010501F3
S20500010601F2
S205000107DF13
S20500010817DA
S2050001090DE3
S20500010A10DF
S20500010B00EE
S20500010C13DA
S20500010D0DDF
S20500010ECD1E
S20500010F6D7D
S2050001109752
S2050001110DDB
S20500011210D7
S20500011300E6
S2050001149352
S2050001158D57
S205000116CD16
S2050001176D75
S205000118637E
S2050001195888
S20500011ABD22
S20500011B01DD
S20500011C23BA
S20500011D20BC
S20500011E0DCE
S20500011F00DA
S20500012013C6
S2050001210DCB
S2050001224D8A
S20500012300D6
S205000124E3F2
S205000125DCF8
S205000126AD26
S205000127FFD3
S205000128EFE2
S20500012920B0
S20500012A10BF
S20500012B09C5
S20500012C13BA
S20500012D05C7
S20500012E00CB
S20500012F00CA
S2050001309336
S20500013105C3
S20500013200C7
S20500013300C6
S205000134EFD6
S20500013520A4
S2050001369033
S2050001376F53
S205000138EFD2
S20500013900C0
S20500013A00BF
S20500013B00BE
S20500013C6756
S20500013D803C
S20500013E00BB
S20500013F00BA
S2050001409326
S205000141D7E1
S2050001424572
S2050001434175
S20500014413A2
S20500014501B3
S20500014601B2
S205000147FFB3
S205000148931E
S205000149F7B9
S20500014AF7B8
S20500014B7F2F
S20500014C238A
S20500014D2488
S20500014E812A
S20500014F00AA
S2050001502386
S2050001512286
S2050001529116
S20500015300A6
S2050001542382
S2050001552084
S2050001562182
S20500015701A1
S205000158237E
S205000159267A
S20500015A118E
S20500015B009E
S20500015C138A
S20500015D8715
S20500015E1784
S20500015FC0DA
S2050001609306
S2050001610692
S2050001623067
S2050001630195
S2050001641382
S2050001658410
S205000166058E
S2050001670092
S20500016893FE
S205000169048C
S20500016A058A
S20500016B008E
S20500016C137A
S20500016D0983
S20500016E0685
S20500016F008A
S2050001706326
S205000171CCBC
S205000172E6A1
S2050001730482
S2050001746322
S2050001754A3A
S205000176077C
S2050001771072
S205000178B7CA
S2050001790779
S20500017A106F
S20500017B007E
S20500017C93EA
S20500017D87F5
S20500017EF784
S20500017FFF7B
S205000180B3C6
S205000181D7A1
S205000182E790
S2050001834036
S2050001843342
S205000185F77D
S205000186B7BC
S2050001870072
S205000188333E
S2050001896709
S20500018AA7C8
S20500018B006E
S20500018C630A
S20500018D1A52
S20500018E0764
S20500018F0664
S20500019093D6
S2050001910761
S2050001920463
S2050001930066
S205000194B7AE
S205000195065E
S2050001960063
S20500019780E2
S205000198233E
S2050001992040
S20500019A99C6
S20500019B005E
S20500019C332A
S20500019DF468
S20500019E86D5
S20500019F005A
S2050001A02336
S2050001A12236
S2050001A2F95E
S2050001A30056
S2050001A493C2
S2050001A50450
S2050001A60053
S2050001A70052
S2050001A883CE
S2050001A92030
S2050001AAC18E
S2050001AB004E
S2050001AC93BA
S2050001AD0547
S2050001AE0447
S2050001AF004A
S2050001B00346
S2050001B12424
S2050001B281C6
S2050001B30046
S2050001B40342
S2050001B5291B
S2050001B60142
S2050001B70042
S2050001B8132E
S2050001B985BB
S2050001BA043B
S2050001BB003E
S2050001BC83BA
S2050001BD2418
S2050001BE41FA
S2050001BF003A
S2050001C01326
S2050001C10137
S2050001C20136
S2050001C30135
S2050001C467CE
S2050001C580B4
S2050001C60033
S2050001C70032
S2050001C8939E
S2050001C9062A
S2050001CA30FF
S2050001CB032B
S2050001CC63CA
S2050001CDC26A
S2050001CEE645
S2050001CF0822
S2050001D01316
S2050001D10721
S2050001D2F037
S2050001D3FF27
S2050001D49392
S2050001D5879D
S2050001D6D74C
S2050001D7BE64
S2050001D8B36E
S2050001D957C9
S2050001DAF728
S2050001DB001E
S2050001DC33EA
S2050001DDF725
S2050001DEA774
S2050001DF001A
S2050001E0E336
S2050001E10810
S2050001E20710
S2050001E3FA1C
S2050001E49382
S2050001E5C74D
S2050001E6F71C
S2050001E7FF13
S2050001E8B35E
S2050001E9F719
S2050001EAA768
S2050001EB000E
S2050001EC13FA
S2050001ED8884
S2050001EE0704
S2050001EF000A
S2050001F013F6
S2050001F18682
S2050001F20700
S2050001F30006
S2050001F49372
S2050001F5887C
S2050001F605FE
S2050001F70002
S2050001F8936E
S2050001F9867A
S2050001FA05FA
S2050001FB00FE
S2050001FC6F8E
S2050001FD00FC
S2050001FE00FB
S2050001FF02F8
S2050002009365
S205000201C730
S205000202F7FF
S205000203FFF6
S20500020413E1
S20500020507EC
S20500020600F2
S20500020700F1
S205000208B33D
S205000209F7F8
S20500020AB737
S20500020B00ED
S20500020C13D9
S20500020D08E3
S20500020E07E3
S20500020F00E9
S20500021013D5
S20500021106E1
S20500021207DF
S20500021300E5
S2050002149351
S205000215885B
S20500021607DB
S20500021700E1
S205000218934D
S2050002198659
S20500021A07D7
S20500021B00DD
S20500021C23B9
S20500021D20BB
S20500021E09D1
S20500021F01D8
S20500022023B5
S20500022122B5
S20500022219BD
S20500022301D4
S205000224EFE5
S20500022510C3
S2050002269042
S2050002274A87
S20500022813BD
S205000229844B
S20500022A05C9
S20500022B00CD
S20500022C8349
S20500022D20AB
S20500022EC109
S20500022F00C9
S2050002309335
S20500023105C2
S20500023204C2
S20500023300C5
S20500023403C1
S205000235249F
S2050002368141
S20500023700C1
S205000238932D
S20500023904BB
S20500023A05B9
S20500023B00BD
S20500023C03B9
S20500023D2992
S20500023E01B9
S20500023F00B9
S20500024013A5
S2050002418532
S20500024204B2
S20500024300B5
S2050002448331
S205000245248F
S2050002464171
S20500024700B1
S205000248139D
S20500024901AE
S20500024A01AD
S20500024B01AC
S20500024C6745
S20500024D802B
S20500024E00AA
S20500024F00A9
S2050002502385
S2050002512087
S205000252A9FD
S20500025300A5
S2050002542381
S2050002552281
S205000256B9E9
S20500025700A1
S205000258EFB1
S205000259009F
S20500025A009E
S20500025B0796
S20500025C6339
S20500025D1E7D
S20500025E0595
S20500025F0495
S2050002601385
S2050002618611
S2050002620492
S2050002630095
S2050002641381
S205000265850E
S205000266048E
S2050002670091
S20500026893FD
S2050002690689
S20500026A048A
S20500026B008D
S20500026C93F9
S20500026D0586
S20500026E0486
S20500026F0089
S205000270EF99
S2050002710087
S2050002728006
S2050002730C79
S20500027493F1
S205000275047F
S205000276057D
S2050002770081
S205000278136D
S20500027984FB
S20500027A0579
S20500027B007D
S20500027C2359
S20500027D205B
S20500027EA9D1
S20500027F0079
S2050002802355
S2050002812255
S205000282B9BD
S2050002830075
S2050002846F05
S205000285F083
S2050002865F13
S205000287F27F
S205000288B7B9
S2050002890768
S20500028A006E
S20500028B80ED
S20500028C83E9
S20500028D204B
S20500028EC1A9
S20500028F0069
S205000290B3B5
S205000291F770
S205000292B7AF
S2050002930065
S20500029493D1
S205000295055E
S205000296045E
S2050002970061
S205000298035D
S205000299243B
S20500029A81DD
S20500029B005D
S20500029C2339
S20500029D203B
S20500029E0654
S20500029F0059
S2050002A02335
S2050002A12235
S2050002A2F660
S2050002A30055
S2050002A40351
S2050002A5292A
S2050002A60151
S2050002A70051
S2050002A8133D
S2050002A985CA
S2050002AA044A
S2050002AB004D
S2050002AC83C9
S2050002AD2427
S2050002AE4109
S2050002AF0049
S2050002B01335
S2050002B10146
S2050002B20145
S2050002B30144
S2050002B467DD
S2050002B580C3
S2050002B60042
S2050002B70041
S2050002B8B789
S2050002B90738
S2050002BA003E
S2050002BB80BD
S2050002BC3309
S2050002BDF447
S2050002BE87B3
S2050002BF0039
S2050002C093A5
S2050002C10433
S2050002C20036
S2050002C30035
S2050002C46FC5
S2050002C5F043
S2050002C65FD3
S2050002C7EE43
S2050002C833FD
S2050002C967C8
S2050002CAB579
S2050002CB002D
S2050002CC9399
S2050002CD0724
S2050002CE0525
S2050002CF0029
S2050002D063C5
S2050002D10C1B
S2050002D2071F
S2050002D30421
S2050002D437ED
S2050002D5071C
S2050002D60022
S2050002D780A1
S2050002D863BD
S2050002D9829D
S2050002DAE539
S2050002DB0419
S2050002DC9389
S2050002DD0615
S2050002DEF723
S2050002DFFF1A
S2050002E0B365
S2050002E1F621
S2050002E2B660
S2050002E30015
S2050002E437DD
S2050002E5080B
S2050002E6F022
S2050002E7FF12
S2050002E833DD
S2050002E98887
S2050002EA0608
S2050002EB010C
S2050002ECB755
S2050002ED0803
S2050002EEE02A
S2050002EF7F8A
S2050002F013F5
S2050002F10502
S2050002F240C6
S2050002F30005
S2050002F463A1
S2050002F562A1
S2050002F618EA
S2050002F703FE
S2050002F837C9
S2050002F908F7
S2050002FA10EE
S2050002FB00FD
S2050002FC13E9
S2050002FD05F6
S2050002FE30CA
S2050002FF00F9
S2050003006394
S205000301EC0A
S20500030205F0
S20500030301F3
S20500030433C0
S20500030507EB
S205000306B73A
S20500030700F0
S205000308638C
S2050003096886
S20500030A07E6
S20500030B01EB
S20500030C37B4
S20500030D07E3
S20500030EF0F9
S20500030F7F69
S20500031013D4
S20500031105E1
S20500031200E5
S20500031300E4
S2050003146380
S2050003158E54
S205000316E6FB
S20500031700E0
S2050003186778
S205000319805E
S20500031A00DD
S20500031B00DC
S20500031C33A8
S20500031D35A5
S20500031EA039
S20500031F00D8
S20500032013C4
S20500032105D1
S20500032225B0
S20500032300D4
S205000324676C
S2050003258052
S20500032600D1
S20500032700D0
S20500032813BC
S20500032905C9
S20500032A20AD
S20500032B00CC
S20500032C6764
S20500032D804A
S20500032E00C9
S20500032F00C8
S20500033013B4
S205000331B511
S20500033217AE
S20500033300C4
S205000334675C
S2050003358042
S20500033600C1
S20500033700C0
S205000338B708
S20500033907B7
S20500033A10AD
S20500033B00BC
S20500033C13A8
S20500033D01B9
S20500033E01B8
S20500033FFEBA
S2050003409324
S2050003418E28
S205000342F7BE
S205000343FFB5
S2050003443380
S205000345F8BA
S205000346BEF3
S20500034700B0
S205000348B3FC
S205000349F7B7
S20500034ADECF
S20500034B00AC
S20500034C1398
S20500034DD3D7
S20500034E4663
S20500034F01A7
S2050003502384
S205000351287E
S2050003522184
S20500035301A3
S2050003541390
S205000355D9C9
S205000356455C
S205000357019F
S205000358930C
S2050003599707
S20500035A3766
S20500035B009C
S20500035C2378
S20500035D2C6E
S20500035E8118
S20500035F0098
S2050003601384
S205000361187E
S205000362385D
S2050003630094
S2050003641380
S205000365D4BE
S205000366F59C
S205000367018F
S205000368137C
S2050003695737
S20500036AD5B8
S20500036B018B
S20500036C93F8
S20500036D5832
S20500036ED6B3
S20500036F0187
S2050003701374
S205000371790D
S205000372F98C
S2050003737F05
S2050003741370
S205000375730F
S205000376F38E
S2050003777F01
S205000378235C
S2050003792E50
S20500037A116C
S20500037B007C
S20500037C2358
S20500037D2A50
S20500037E91E8
S20500037F0078
S2050003802354
S2050003812650
S2050003823144
S2050003830173
S20500038493E0
S205000385D69C
S205000386F67B
S205000387016F
S205000388B3BC
S205000389E886
S20500038AF875
S20500038B006C
S20500038C3338
S20500038D6703
S20500038E0762
S20500038F0167
S20500039093D4
S2050003911551
S2050003923530
S2050003930064
S2050003941350
S2050003951F43
S205000396362B
S2050003970060
S205000398B3AC
S2050003990757
S20500039A69F4
S20500039B401C
S20500039C63F8
S20500039D0456
S20500039ED485
S20500039F1E3A
S2050003A063F4
S2050003A15204
S2050003A2F065
S2050003A3163E
S2050003A463F0
S2050003A5064C
S2050003A6034E
S2050003A72828
S2050003A893BC
S2050003A90648
S2050003AAF05D
S2050003AB7FCD
S2050003AC63E8
S2050003AD0644
S2050003AED970
S2050003AF4206
S2050003B093B4
S2050003B10640
S2050003B280C5
S2050003B30341
S2050003B41330
S2050003B5063C
S2050003B61031
S2050003B70040
S2050003B863DC
S2050003B9CE70
S2050003BAF647
S2050003BB023A
S2050003BCB784
S2050003BD0634
S2050003BE80B9
S2050003BF0038
S2050003C0B384
S2050003C1E84E
S2050003C2D85D
S2050003C30034
S2050003C493A0
S2050003C5062C
S2050003C6F041
S2050003C7012F
S2050003C863CC
S2050003C9CE60
S2050003CAF637
S2050003CB52DA
S2050003CC9398
S2050003CD0624
S2050003CE0029
S2050003CF0226
S2050003D0B374
S2050003D186A0
S2050003D2F62F
S2050003D340E4
S2050003D433F0
S2050003D5968C
S2050003D6D849
S2050003D70020
S2050003D833EC
S2050003D955C9
S2050003DAFF1E
S2050003DB001C
S2050003DCB368
S2050003DD1604
S2050003DEDF3A
S2050003DF0018
S2050003E033E4
S2050003E166B0
S2050003E2A66F
S2050003E30014
S2050003E4B360
S2050003E536DC
S2050003E6D041
S2050003E70010
S2050003E8B35C
S2050003E9D836
S2050003EAF815
S2050003EB000C
S2050003EC33D8
S2050003ED66A4
S2050003EED633
S2050003EF0008
S2050003F033D4
S2050003F107FF
S2050003F217EE
S2050003F341C3
S2050003F433D0
S2050003F5867C
S2050003F6C53C
S2050003F740C0
S2050003F8B34C
S2050003F9B549
S2050003FAC538
S2050003FB00FC
S2050003FC9368
S2050003FD04F6
S2050003FE06F3
S2050003FF00F8
S205000400B343
S20500040109EC
S205000402B73D
S20500040340B3
S205000404935F
S205000405975A
S2050004068967
S20500040700EF
S205000408638B
S205000409DA13
S20500040A07E5
S20500040B32B9
S20500040CB733
S20500040D07E2
S20500040E8068
S20500040F00E7
S2050004109353
S205000411875E
S205000412F7ED
S205000413FFE4
S205000414B32F
S205000415F9E8
S205000416F9E7
S20500041700DF
S205000418637B
S2050004198855
S20500041A09D3
S20500041B2CAF
S20500041C13C7
S20500041D8554
S20500041E09CF
S20500041F00D7
S205000420EFE7
S20500042120B5
S20500042200D4
S2050004235182
S205000424933F
S20500042507CA
S205000426854B
S205000427FFD0
S205000428933B
S20500042906C7
S20500042A00CC
S20500042B02C9
S20500042C3397
S20500042D8742
S20500042EF6D2
S20500042F4087
S2050004303393
S205000431D7EE
S205000432E4E0
S20500043300C3
S205000434B30F
S2050004359928
S205000436F9C7
S20500043700BF
S205000438338B
S2050004396756
S20500043A3785
S20500043B01BA
S20500043CB307
S20500043D9425
S20500043EF4C4
S20500043F00B7
S2050004406353
S205000441C8ED
S205000442278D
S2050004434B68
S205000444B3FF
S205000445872A
S2050004462789
S205000447416E
S205000448931B
S2050004498726
S20500044A1795
S20500044B00AB
S20500044CB3F7
S20500044D8623
S20500044EF6B2
S20500044F4067
S2050004503373
S205000451960F
S205000452D4D0
S20500045300A3
S205000454B3EF
S205000455D9C8
S205000456F4AC
S205000457009F
S205000458336B
S2050004593667
S20500045AC0DC
S20500045B009B
S20500045C3367
S20500045D6633
S20500045E3662
S20500045F0196
S205000460B3E3
S205000461167F
S205000462D7BD
S2050004630093
S205000464B3DF
S205000465E4AD
S205000466C6CA
S205000467008F
S205000468B3DB
S2050004695934
S20500046AF795
S20500046B008B
S20500046C1377
S20500046D0980
S20500046E0088
S20500046F0087
S20500047093F3
S205000471F78E
S2050004727410
S2050004730083
S205000474631F
S2050004758001
S2050004760779
S205000477027D
S20500047893EB
S205000479F786
S20500047AF488
S20500047B007B
S20500047C1367
S20500047D0772
S20500047E4038
S20500047F0077
S2050004806313
S2050004818AEB
S205000482E78D
S2050004830073
S20500048493DF
S20500048587EA
S205000486442C
S205000487006F
S205000488333B
S205000489B6B7
S20500048A97D5
S20500048B006B
S20500048CB3B7
S20500048D89E0
S20500048EC99F
S20500048F0067
S20500049093D3
S20500049184E1
S205000492075D
S2050004930063
S20500049493CF
S20500049597CA
S20500049689D7
S205000497005F
S20500049863FB
S205000499DA83
S20500049A0755
S20500049B6EED
S20500049C93C7
S20500049D0752
S20500049E193F
S20500049F0057
S2050004A01343
S2050004A1074E
S2050004A2F064
S2050004A37FD4
S2050004A4133F
S2050004A50E43
S2050004A6044C
S2050004A7004F
S2050004A863EB
S2050004A986C7
S2050004AAE765
S2050004AB2A21
S2050004AC3713
S2050004AD0742
S2050004AE80C8
S2050004AFFF48
S2050004B01333
S2050004B1073E
S2050004B2F74D
S2050004B3FF44
S2050004B4330F
S2050004B5F74A
S2050004B6E957
S2050004B7003F
S2050004B893AB
S2050004B9F746
S2050004BAF745
S2050004BB7FBC
S2050004BC1327
S2050004BD1821
S2050004BED761
S2050004BF0136
S2050004C01323
S2050004C1D65F
S2050004C23400
S2050004C30033
S2050004C4131F
S2050004C5171A
S2050004C69799
S2050004C7002F
S2050004C833FB
S2050004C968C5
S2050004CAC864
S2050004CB002B
S2050004CC1317
S2050004CD57D2
S2050004CEC761
S2050004CF0027
S2050004D083A3
S2050004D12005
S2050004D2C163
S2050004D30122
S2050004D4031F
S2050004D524FD
S2050004D6819F
S2050004D7011E
S2050004D8938B
S2050004D99786
S2050004DA47D5
S2050004DB011A
S2050004DCB367
S2050004DDE732
S2050004DEE731
S2050004DF0017
S2050004E01303
S2050004E117FE
S2050004E2FE16
S2050004E30112
S2050004E4B35F
S2050004E5E72A
S2050004E6E729
S2050004E7000F
S2050004E8838B
S2050004E924E9
S2050004EA41CB
S2050004EB010A
S2050004EC0307
S2050004ED29E0
S2050004EE0107
S2050004EF0106
S2050004F08383
S2050004F129DC
S2050004F2C143
S2050004F30003
S2050004F413EF
S2050004F505FC
S2050004F608F8
S2050004F700FF
S2050004F8936B
S2050004F98578
S2050004FA07F5
S2050004FB00FB
S2050004FC13E7
S2050004FD01F8
S2050004FE01F7
S2050004FF02F5
S205000500678E
S2050005018074
S20500050200F3
S20500050300F2
S205000504638E
S2050005058C64
S20500050607E8
S20500050714DA
S205000508B33A
S20500050907E5
S20500050A23C8
S20500050B41A9
S20500050C6386
S20500050D12D6
S20500050E09DE
S20500050F3CAA
S20500051033B2
S205000511657F
S205000512B72C
S20500051300E2
S205000514637E
S20500051504DC
S20500051605DA
S2050005174C92
S20500051813CA
S2050005198557
S20500051AF7E4
S20500051BFFDB
S20500051C6376
S20500051D02D6
S20500051E05D2
S20500051F6076
S20500052013C2
S20500052108CC
S205000522F0E3
S2050005237F53
S205000524636E
S205000525864A
S20500052607C8
S2050005275777
S205000528933A
S20500052907C5
S20500052A804B
S20500052B03C7
S20500052C13B6
S20500052D06C2
S20500052E10B7
S20500052F00C6
S2050005306362
S205000531CCF8
S205000532A71C
S20500053302C0
S205000534932E
S20500053507B9
S20500053605BA
S20500053700BE
S20500053813AA
S20500053906B6
S20500053AF0CB
S20500053B01B9
S20500053C6356
S20500053D4C6C
S20500053EF6C1
S20500053F5660
S20500054013A2
S20500054105AF
S20500054200B3
S20500054302B0
S205000544337E
S20500054505AB
S205000546F5BA
S205000547406E
S205000548337A
S2050005491696
S20500054AA704
S20500054B00AA
S20500054C3376
S20500054DD8D0
S20500054EF5B2
S20500054F00A6
S2050005503372
S205000551950F
S205000552A5FE
S20500055300A2
S205000554336E
S205000555663A
S2050005560699
S205000557019D
S205000558336A
S2050005593567
S20500055AA0FB
S20500055B009A
S20500055C3366
S20500055D5741
S20500055EF7A0
S20500055F0096
S2050005603362
S205000561662E
S205000562A6ED
S2050005630092
S205000564B3DE
S2050005658808
S205000566E8A7
S205000567404E
S205000568335A
S2050005690686
S20500056ACFBC
S20500056B404A
S20500056C3356
S20500056D3751
S20500056ECFB8
S20500056F0086
S20500057093F2
S2050005710480
S205000572067D
S2050005730082
S205000574B3CE
S20500057589F7
S205000576E897
S205000577403E
S205000578136A
S2050005790973
S20500057A0378
S20500057B007A
S20500057C1366
S20500057D84F4
S20500057E0671
S20500057F0076
S2050005806F06
S205000581F084
S2050005825F14
S205000583E88A
S205000584630E
S2050005855020
S205000586F07F
S2050005871E50
S205000588630A
S205000589105C
S20500058A0368
S20500058B1456
S20500058CB3B6
S20500058DE682
S20500058EE87F
S20500058F0165
S2050005906302
S2050005918CD8
S205000592065D
S205000593263C
S20500059493CE
S20500059586DA
S205000596F768
S205000597FF5F
S20500059863FA
S20500059980DC
S20500059A0655
S20500059B4812
S20500059C1346
S20500059D0652
S20500059EF067
S20500059F7FD7
S2050005A063F2
S2050005A18CC8
S2050005A2C78C
S2050005A32230
S2050005A493BE
S2050005A50749
S2050005A680CF
S2050005A7034B
S2050005A893BA
S2050005A90943
S2050005AA103B
S2050005AB004A
S2050005AC63E6
S2050005ADCC7C
S2050005AED770
S2050005AF0244
S2050005B093B2
S2050005B187BD
S2050005B2063D
S2050005B30042
S2050005B493AE
S2050005B5063A
S2050005B6F04F
S2050005B7013D
S2050005B863DA
S2050005B9C07C
S2050005BAF645
S2050005BB4AF0
S2050005BC93A6
S2050005BD0632
S2050005BE0037
S2050005BF0234
S2050005C0B382
S2050005C186AE
S2050005C2F63D
S2050005C340F2
S2050005C4B37E
S2050005C59997
S2050005C6D857
S2050005C7002E
S2050005C833FA
S2050005C956D6
S2050005CAFF2C
S2050005CB002A
S2050005CCB376
S2050005CD1612
S2050005CEDF48
S2050005CF0026
S2050005D0B372
S2050005D1E93B
S2050005D2C95A
S2050005D30022
S2050005D4B36E
S2050005D536EA
S2050005D6D04F
S2050005D7001E
S2050005D8B36A
S2050005D9D844
S2050005DAF823
S2050005DB001A
S2050005DCB366
S2050005DDE92F
S2050005DED93E
S2050005DF0016
S2050005E033E2
S2050005E1070D
S2050005E217FC
S2050005E30111
S2050005E4B35E
S2050005E5858B
S2050005E6B956
S2050005E7000E
S2050005E8B35A
S2050005E9B953
S2050005EA35D6
S2050005EB0109
S2050005EC9376
S2050005ED8484
S2050005EE0502
S2050005EF0006
S2050005F0B352
S2050005F1897B
S2050005F2E91A
S2050005F30002
S2050005F4936E
S2050005F59769
S2050005F68976
S2050005F700FE
S2050005F8639A
S2050005F9D22A
S2050005FA07F4
S2050005FB14E6
S2050005FC13E6
S2050005FD09EF
S2050005FE19DE
S2050005FF00F6
S2050006009361
S20500060107EC
S205000602F002
S2050006037F72
S205000604638D
S2050006050CE3
S205000606F9F5
S20500060736B7
S205000608B735
S20500060907E4
S20500060A806A
S20500060BFFEA
S20500060C9355
S20500060D8760
S20500060EF7EF
S20500060FFFE6
S20500061013D1
S205000611F6ED
S20500061214CE
S20500061300E1
S205000614B32D
S205000615F7E8
S205000616F9E5
S20500061700DD
S20500061813C9
S205000619D704
S20500061A14C6
S20500061B00D9
S20500061C33A5
S20500061D6770
S20500061EC70F
S20500061F00D5
S20500062013C1
S205000621963D
S205000622F7DB
S20500062301D0
S205000624B31D
S205000625646B
S205000626E6E8
S20500062700CD
S2050006289339
S205000629D9F2
S20500062A17B3
S20500062B00C9
S20500062C6F59
S20500062DF0D7
S20500062E5F67
S20500062FE4E1
S205000630B311
S205000631E6DD
S205000632E8DA
S20500063301C0
S205000634635D
S2050006358A35
S20500063606B8
S2050006371CA1
S2050006389329
S2050006398635
S20500063AF7C3
S20500063BFFBA
S20500063C6355
S20500063D8037
S20500063E06B0
S20500063F4075
S20500064013A1
S20500064106AD
S205000642F0C2
S2050006437F32
S205000644634D
S2050006458A25
S205000646C7E7
S2050006471895
S2050006489319
S20500064907A4
S20500064A802A
S20500064B03A6
S20500064C1395
S20500064D06A1
S20500064E1096
S20500064F00A5
S205000650E3C1
S205000651C2E1
S205000652D7CB
S205000653DAC7
S205000654930D
S2050006558718
S2050006560698
S205000657009D
S2050006586F2D
S205000659F0AB
S20500065ADFBB
S20500065BD6C3
S20500065C1385
S20500065D088F
S20500065E197D
S20500065F0095
S2050006601381
S205000661781B
S205000662E8AA
S2050006637F12
S205000664632D
S2050006651C73
S2050006660886
S205000667226B
S2050006683359
S2050006696328
S20500066AB7D3
S20500066B0089
S20500066C3355
S20500066DE89F
S20500066EE89E
S20500066F0184
S2050006706321
S2050006711073
S2050006720979
S2050006733849
S205000674631D
S2050006750E71
S205000676037B
S2050006774637
S2050006786319
S2050006790675
S20500067A0872
S20500067B4039
S20500067CB3C5
S20500067D89EE
S20500067EE591
S20500067F4134
S2050006803341
S205000681B5BE
S205000682353D
S2050006830170
S205000684333D
S2050006850669
S2050006861757
S205000687412C
S2050006883339
S2050006890665
S20500068AA6C4
S20500068B4029
S20500068C1355
S20500068D1552
S20500068E86E0
S20500068F0065
S2050006906301
S2050006915E05
S205000692055D
S2050006935011
S205000694B3AD
S205000695055A
S205000696BF9F
S205000697401D
S2050006983329
S20500069987D4
S20500069AE872
S20500069B4019
S20500069C3325
S20500069D3F18
S20500069EBF97
S20500069F0055
S2050006A03321
S2050006A1074C
S2050006A2E76B
S2050006A34110
S2050006A4133D
S2050006A51639
S2050006A687C7
S2050006A7004D
S2050006A893B9
S2050006A984C7
S2050006AA0545
S2050006AB0049
S2050006AC63E5
S2050006AD5EE9
S2050006AE0640
S2050006AF52F3
S2050006B0B78D
S2050006B1073C
S2050006B280C2
S2050006B3FF42
S2050006B493AD
S2050006B587B8
S2050006B6F747
S2050006B7FF3E
S2050006B83309
S2050006B977C4
S2050006BAF743
S2050006BB0039
S2050006BC1325
S2050006BD8EA9
S2050006BE0630
S2050006BF0035
S2050006C093A1
S2050006C1072C
S2050006C21022
S2050006C30031
S2050006C46FC1
S2050006C5F03F
S2050006C69F8F
S2050006C7DF4E
S2050006C89399
S2050006C90625
S2050006CAF03A
S2050006CB7FAA
S2050006CC63C5
S2050006CD0621
S2050006CED94D
S2050006CF1015
S2050006D09391
S2050006D1061D
S2050006D280A2
S2050006D3031E
S2050006D4938D
S2050006D50916
S2050006D6100E
S2050006D7001D
S2050006D8E339
S2050006D9C655
S2050006DAF624
S2050006DBF029
S2050006DCB761
S2050006DD0611
S2050006DE8096
S2050006DF0015
S2050006E0B361
S2050006E1E82B
S2050006E2D83A
S2050006E30011
S2050006E46FA1
S2050006E5F01F
S2050006E61FEF
S2050006E7ED20
S2050006E813F9
S2050006E98586
S2050006EA0406
S2050006EB0009
S2050006ECEF19
S2050006ED20E7
S2050006EE40C6
S2050006EF24E1
S2050006F09371
S2050006F107FC
S2050006F2857D
S2050006F30100
S2050006F4936D
S2050006F506F9
S2050006F6F00E
S2050006F701FC
S2050006F8E319
S2050006F9D823
S2050006FAF604
S2050006FBD227
S2050006FC13E5
S2050006FD07F0
S2050006FE8571
S2050006FFFFF6
S20500070033C0
S205000701975B
S205000702E40D
S20500070300F0
S205000704638C
S205000705C628
S20500070627C6
S20500070723C9
S20500070833B8
S2050007098961
S20500070A27C2
S20500070B41A7
S20500070C9354
S20500070D07DF
S20500070E19CC
S20500070F00E4
S2050007106380
S205000711D60C
S205000712F6EB
S2050007134898
S20500071413CC
S20500071509D5
S20500071619C4
S205000717FEDE
S2050007189348
S20500071906D4
S20500071A00D9
S20500071B02D6
S20500071CB324
S20500071D5482
S20500071E27AE
S20500071F01D3
S2050007206370
S2050007218C46
S205000722D7FA
S20500072300D0
S205000724933C
S20500072506C8
S20500072600CD
S20500072704C8
S205000728B318
S2050007298743
S20500072AF6D3
S20500072B4088
S20500072C3394
S20500072D17AF
S20500072EF7CE
S20500072F00C4
S2050007303390
S205000731378B
S205000732E0E1
S20500073300C0
S205000734B30C
S205000735E4DA
S205000736E4D9
S20500073700BC
S20500073813A8
S20500073909B1
S20500073A00B9
S20500073B00B8
S20500073C9324
S20500073DF7BF
S20500073E7441
S20500073F00B4
S205000740E3D0
S2050007419C16
S20500074207AA
S205000743D2DE
S205000744931C
S20500074507A7
S20500074609A4
S20500074700AC
S2050007481398
S205000749D6D4
S20500074A3475
S20500074B00A8
S20500074C1394
S20500074D871F
S20500074E099C
S20500074F00A4
S2050007506F34
S20500075100A2
S20500075200A1
S2050007530C94
S205000754930C
S2050007550797
S205000756F0AD
S2050007577F1D
S2050007581388
S2050007590793
S20500075A0099
S20500075B0098
S20500075C1384
S20500075D088E
S20500075E0095
S20500075F0094
S2050007606F24
S205000761F0A2
S2050007621F72
S205000763D7B9
S205000764632C
S2050007658A04
S2050007660786
S2050007670C80
S205000768B3D8
S2050007690783
S20500076A2366
S20500076B4147
S20500076C6324
S20500076D0284
S20500076E097C
S20500076F1E66
S20500077093F0
S205000771067C
S205000772F091
S2050007737F01
S205000774631C
S2050007750876
S205000776D3AA
S205000777324A
S20500077893E8
S2050007790674
S20500077A80F9
S20500077B0375
S20500077C93E4
S20500077D096D
S20500077E1065
S20500077F0074
S2050007806310
S205000781CEA4
S205000782F67B
S205000783026E
S205000784B7B8
S2050007850668
S20500078680ED
S205000787006C
S2050007883338
S2050007896703
S20500078AD792
S20500078B0068
S20500078C93D4
S20500078D0660
S20500078EF075
S20500078F0163
S2050007906300
S205000791C89A
S205000792F66B
S2050007933C24
S20500079493CC
S2050007950658
S205000796005D
S205000797025A
S205000798B3A8
S20500079986D4
S20500079AF663
S20500079B4018
S20500079CB3A4
S20500079D193D
S20500079ED77E
S20500079F0054
S2050007A03320
S2050007A1D67C
S2050007A2F55C
S2050007A30050
S2050007A4B39C
S2050007A596B8
S2050007A6D578
S2050007A7004C
S2050007A8B398
S2050007A9E961
S2050007AAC980
S2050007AB0048
S2050007ACB394
S2050007AD3610
S2050007AED075
S2050007AF0044
S2050007B03310
S2050007B157EB
S2050007B2F74A
S2050007B30040
S2050007B4B38C
S2050007B5E955
S2050007B6D964
S2050007B7003C
S2050007B8B388
S2050007B988B2
S2050007BAE851
S2050007BB0038
S2050007BC3304
S2050007BD87AF
S2050007BEE94C
S2050007BF0133
S2050007C0B380
S2050007C139F9
S2050007C237FA
S2050007C3012F
S2050007C4939C
S2050007C5042A
S2050007C60726
S2050007C7002C
S2050007C8B378
S2050007C989A1
S2050007CA1910
S2050007CB0127
S2050007CC1314
S2050007CD091D
S2050007CE0322
S2050007CF0024
S2050007D06FB4
S2050007D1F032
S2050007D25FC2
S2050007D3E23E
S2050007D463BC
S2050007D5100E
S2050007D60815
S2050007D7021A
S2050007D81308
S2050007D91604
S2050007DA35E4
S2050007DB0018
S2050007DC1304
S2050007DD56C0
S2050007DE36DF
S2050007DF0014
S2050007E01300
S2050007E118FA
S2050007E2D73A
S2050007E3010F
S2050007E433DC
S2050007E568A6
S2050007E6C845
S2050007E7000C
S2050007E813F8
S2050007E957B3
S2050007EA37D2
S2050007EB0008
S2050007EC33D4
S2050007ED679F
S2050007EE07FE
S2050007EF0103
S2050007F063A0
S2050007F106FC
S2050007F207FA
S2050007F318E8
S2050007F413EC
S2050007F50EF0
S2050007F600FD
S2050007F700FC
S2050007F89368
S2050007F907F3
S2050007FAF009
S2050007FB7F79
S2050007FC37C0
S2050007FD07EF
S2050007FE08ED
S2050007FF00F4
S20500080013DF
S20500080108E9
S20500080200F0
S20500080300EF
S2050008046F7F
S205000805F0FD
S205000806DF0D
S205000807CC1F
S20500080813D7
S20500080916D3
S20500080A35B3
S20500080B00E7
S20500080C13D3
S20500080D568F
S20500080E36AE
S20500080F00E3
S20500081013CF
S20500081118C9
S205000812D709
S20500081301DE
S205000814934B
S20500081506D7
S205000816F0EC
S2050008177F5C
S20500081833A7
S2050008196871
S20500081AC810
S20500081B00D7
S20500081C13C3
S20500081D577E
S20500081E379D
S20500081F00D3
S205000820E3EF
S205000821864B
S205000822D7F9
S205000823FCD3
S20500082413BB
S20500082517B6
S205000826C705
S20500082700CB
S20500082813B7
S2050008295772
S20500082AC701
S20500082B00C7
S20500082C9333
S20500082DF7CE
S20500082EF7CD
S20500082F7F44
S20500083013AF
S2050008310EB3
S20500083204BC
S20500083300BF
S2050008346F4F
S205000835F0CD
S205000836DFDD
S205000837C9F2
S2050008389327
S20500083906B3
S20500083A199F
S20500083B00B7
S20500083C13A3
S20500083DF8BD
S20500083EE6CE
S20500083F7F34
S205000840634F
S2050008411899
S20500084208A8
S205000843149B
S205000844B3FB
S2050008456647
S205000846B7F5
S20500084700AB
S2050008486347
S2050008491C8D
S20500084A099F
S20500084B287F
S20500084C6343
S20500084D8223
S20500084E069E
S20500084F3073
S205000850B3EF
S205000851E6BB
S205000852E8B8
S205000853019E
S205000854633B
S2050008558815
S2050008560696
S2050008572279
S205000858B3E7
S2050008598712
S20500085AE5B3
S20500085B0196
S20500085CB3E3
S20500085DB5E0
S20500085EB7DD
S20500085F0093
S205000860335F
S205000861078A
S2050008621779
S205000863018E
S205000864335B
S2050008650786
S205000866B7D5
S205000867008B
S2050008681377
S205000869D8B1
S20500086A3751
S20500086B0087
S20500086C93F3
S20500086D176E
S20500086E87FD
S20500086F0083
S205000870136F
S2050008710E73
S205000872047C
S205000873007F
S205000874631B
S205000875DE9F
S2050008760775
S2050008773447
S205000878B7C3
S2050008790772
S20500087A80F8
S20500087BFF78
S20500087C93E3
S20500087D87EE
S20500087EF77D
S20500087FFF74
S205000880333F
S20500088177FA
S205000882F779
S205000883006F
S20500088493DB
S2050008851756
S205000886D795
S205000887016A
S2050008881357
S2050008895712
S20500088A3731
S20500088B0067
S20500088C3333
S20500088DE87D
S20500088E075D
S20500088F0162
S205000890332F
S20500089177EA
S205000892D789
S205000893015E
S20500089493CB
S2050008950756
S205000896104C
S205000897005B
S2050008986FEB
S205000899F069
S20500089A9FB9
S20500089BC394
S20500089C3323
S20500089D88CD
S20500089EE56F
S20500089F4112
S2050008A0B39F
S2050008A1B79A
S2050008A2054B
S2050008A3014E
S2050008A4B39B
S2050008A50944
S2050008A61735
S2050008A7410A
S2050008A8B397
S2050008A989C0
S2050008AAF94F
S2050008AB4007
S2050008AC93B3
S2050008AD97AE
S2050008AE89BB
S2050008AF0043
S2050008B093AF
S2050008B1043D
S2050008B20838
S2050008B3003F
S2050008B463DB
S2050008B5C677
S2050008B60735
S2050008B7102B
S2050008B83307
S2050008B968D1
S2050008BA3800
S2050008BB0136
S2050008BCE353
S2050008BD1E17
S2050008BE082C
S2050008BFB47F
S2050008C0131F
S2050008C10E23
S2050008C20030
S2050008C3002F
S2050008C4939B
S2050008C50726
S2050008C6002C
S2050008C7002B
S2050008C81317
S2050008C90722
S2050008CA0028
S2050008CB0027
S2050008CC6FB7
S2050008CDF035
S2050008CE5FC5
S2050008CFC063
S2050008D0130F
S2050008D1051C
S2050008D2F030
S2050008D37FA0
S2050008D463BB
S2050008D50E0F
S2050008D6A379
S2050008D71A01
S2050008D81307
S2050008D90514
S2050008DA8098
S2050008DB0314
S2050008DC1303
S2050008DD060F
S2050008DE1004
S2050008DF0013
S2050008E0E32F
S2050008E144CD
S2050008E2F51B
S2050008E3C847
S2050008E437D7
S2050008E50607
S2050008E6808C
S2050008E7000B
S2050008E833D7
S2050008E967A2
S2050008EAC741
S2050008EB0007
S2050008EC6F97
S2050008EDF015
S2050008EEDF25
S2050008EFC43F
S2050008F0B74B
S2050008F109F8
S2050008F28080
S2050008F3FF00
S2050008F4936B
S2050008F58974
S2050008F6F903
S2050008F7FFFC
S2050008F833C7
S2050008F909F0
S2050008FAF9FF
S2050008FB40B7
S2050008FCB343
S2050008FD797C
S2050008FE37BD
S2050008FF01F2
S2050009006F82
S205000901F000
S2050009021FD0
S205000903B737
S205000904935A
S2050009058666
S20500090607E4
S205000907FEEC
S20500090813D6
S20500090906E2
S20500090A00E7
S20500090B02E4
S20500090CB332
S20500090DD60E
S20500090ED80B
S20500090F00E2
S205000910637E
S2050009118A56
S205000912C718
S20500091300DE
S20500091413CA
S20500091506D6
S20500091600DB
S20500091704D6
S205000918B326
S20500091907D1
S20500091AF6E1
S20500091B4096
S20500091CB322
S20500091D973D
S20500091EF8DB
S20500091F00D2
S205000920339E
S2050009216F61
S205000922FFD0
S20500092300CE
S205000924339A
S2050009253696
S205000926E0EB
S20500092701C9
S2050009283396
S2050009296662
S20500092AD6F1
S20500092B00C6
S20500092C6F56
S20500092DF0D4
S20500092E9F24
S20500092FAC16
S205000930B70A
S20500093106BA
S205000932803F
S205000933FFBF
S205000934932A
S2050009358636
S205000936F6C5
S205000937FFBB
S205000938B306
S20500093907B1
S20500093AF9BE
S20500093B4076
S20500093C3382
S20500093D773D
S20500093ED7DC
S20500093F00B2
S205000940139E
S2050009411898
S205000942D7D8
S20500094301AD
S205000944337A
S2050009456844
S2050009463873
S20500094701A9
S2050009481396
S2050009495751
S20500094A3770
S20500094B00A6
S20500094C6F36
S20500094DF0B4
S20500094E9F04
S20500094FEDB5
S205000950B3EE
S205000951663A
S205000952B7E8
S205000953009E
S205000954633A
S2050009558616
S2050009560695
S2050009571E7C
S2050009589306
S2050009598612
S20500095AF7A0
S20500095BFF97
S20500095C6332
S20500095D8E06
S20500095E068D
S20500095F0A88
S205000960137E
S205000961058B
S205000962F09F
S2050009637F0F
S205000964632A
S205000965800C
S205000966A7E4
S2050009671476
S20500096893F6
S2050009690781
S20500096A8007
S20500096B0383
S20500096C93F2
S20500096D097B
S20500096E1073
S20500096F0082
S205000970E39E
S205000971C6BA
S205000972D7A8
S205000973E49A
S20500097493EA
S20500097587F5
S2050009760675
S205000977007A
S2050009786F0A
S205000979F088
S20500097A5F18
S20500097BE195
S20500097C1362
S20500097D0E66
S20500097E046F
S20500097F0072
S20500098093DE
S2050009810769
S205000982F07F
S2050009837FEF
S205000984135A
S2050009850765
S205000986006B
S205000987006A
S2050009881356
S2050009890860
S20500098A0067
S20500098B0066
S20500098C6FF6
S20500098DF074
S20500098E5F04
S20500098FB4AE
S20500099093CE
S2050009910759
S205000992F06F
S2050009937FDF
S205000994E37A
S20500099584D8
S205000996F665
S205000997FE5C
S2050009983326
S2050009998FC9
S20500099AE572
S20500099B0155
S20500099CB3A2
S20500099D351F
S20500099EBF94
S20500099F0052
S2050009A0B39E
S2050009A10749
S2050009A21738
S2050009A3014D
S2050009A4B39A
S2050009A587C5
S2050009A6B794
S2050009A7004A
S2050009A81336
S2050009A996B2
S2050009AAF750
S2050009AB0145
S2050009AC1332
S2050009AD5FE5
S2050009AE1F24
S2050009AF0042
S2050009B0B38E
S2050009B164DC
S2050009B2E659
S2050009B3013D
S2050009B493AA
S2050009B5D963
S2050009B61724
S2050009B7003A
S2050009B81326
S2050009B989AF
S2050009BA0631
S2050009BB0036
S2050009BC6FC6
S2050009BDF044
S2050009BE5FD4
S2050009BFAB87
S2050009C033FE
S2050009C1062A
S2050009C2BF70
S2050009C340EE
S2050009C4B37A
S2050009C587A5
S2050009C6E843
S2050009C740EA
S2050009C833F6
S2050009C937F1
S2050009CACF58
S2050009CB0026
S2050009CC9392
S2050009CD0420
S2050009CE061D
S2050009CF0022
S2050009D0B36E
S2050009D18997
S2050009D2E738
S2050009D340DE
S2050009D4130A
S2050009D58498
S2050009D60615
S2050009D7001A
S2050009D86FAA
S2050009D9F028
S2050009DA1FF8
S2050009DBA472
S2050009DC1302
S2050009DD16FE
S2050009DE36DD
S2050009DF0012
S2050009E013FE
S2050009E156BA
S2050009E236D9
S2050009E3000E
S2050009E413FA
S2050009E58488
S2050009E60605
S2050009E7000A
S2050009E813F6
S2050009E98781
S2050009EA08FF
S2050009EB0006
S2050009EC6F96
S2050009EDF014
S2050009EE5FA4
S2050009EFE220
S2050009F0E31E
S2050009F112EE
S2050009F203FC
S2050009F3DE20
S2050009F4639A
S2050009F506F6
S2050009F608F3
S2050009F71CDE
S2050009F813E6
S2050009F9D721
S2050009FA38BF
S2050009FB00F6
S2050009FC13E2
S2050009FD16DE
S2050009FE36BD
S2050009FF00F2
S205000A00935D
S205000A019857
S205000A02D816
S205000A0301EC
S205000A0433B9
S205000A056784
S205000A0617D3
S205000A0701E8
S205000A0813D5
S205000A095691
S205000A0A36B0
S205000A0B00E5
S205000A0C33B1
S205000A0D677C
S205000A0EC71B
S205000A0F00E1
S205000A1013CD
S205000A11845B
S205000A1206D8
S205000A1300DD
S205000A146F6D
S205000A15F0EB
S205000A16DFFB
S205000A17DDFC
S205000A1833A5
S205000A198F48
S205000A1AE5F1
S205000A1B01D4
S205000A1CB321
S205000A1D08CB
S205000A1E17BB
S205000A1F01D0
S205000A20B31D
S205000A21359A
S205000A22BF0F
S205000A2300CD
S205000A24B319
S205000A258942
S205000A26B812
S205000A2700C9
S205000A289335
S205000A299730
S205000A2A893D
S205000A2B00C5
S205000A2C9331
S205000A2D04BF
S205000A2E0FB3
S205000A2F00C1
S205000A30635D
S205000A31D4EB
S205000A3207B7
S205000A330EAF
S205000A3413A9
S205000A3509B2
S205000A36209A
S205000A3700B9
S205000A386F49
S205000A39F0C7
S205000A3A1F97
S205000A3BBDF8
S205000A3C3381
S205000A3D8F24
S205000A3EE5CD
S205000A3F4170
S205000A40B3FD
S205000A4108A7
S205000A421797
S205000A43416C
S205000A44B3F9
S205000A45B5F6
S205000A46E5C5
S205000A4701A8
S205000A489315
S205000A4904A3
S205000A4A0F97
S205000A4B00A5
S205000A4CB3F1
S205000A4D891A
S205000A4EB8EA
S205000A4F4061
S205000A50138D
S205000A510996
S205000A52108E
S205000A53009D
S205000A546F2D
S205000A55F0AB
S205000A561F7B
S205000A579BFE
S205000A589305
S205000A598611
S205000A5A078F
S205000A5BFE97
S205000A5C1381
S205000A5D068D
S205000A5E0092
S205000A5F028F
S205000A60B3DD
S205000A61D6B9
S205000A62D8B6
S205000A63008D
S205000A646329
S205000A658A01
S205000A66C7C3
S205000A670089
S205000A681375
S205000A690681
S205000A6A0086
S205000A6B0481
S205000A6CB3D1
S205000A6D077C
S205000A6EF68C
S205000A6F4041
S205000A70B3CD
S205000A7197E8
S205000A72F886
S205000A73007D
S205000A743349
S205000A756F0C
S205000A76FF7B
S205000A770079
S205000A78B3C5
S205000A79393E
S205000A7AE096
S205000A7B0174
S205000A7CB3C1
S205000A7DE98A
S205000A7ED999
S205000A7F0071
S205000A806F01
S205000A81F07F
S205000A825F0F
S205000A83B6B7
S205000A841359
S205000A851655
S205000A863535
S205000A870069
S205000A8893D5
S205000A89590E
S205000A8A3630
S205000A8B0065
S205000A8C6FF5
S205000A8DF073
S205000A8E5F03
S205000A8FEB76
S205000A90134D
S205000A911649
S205000A923628
S205000A93005D
S205000A941349
S205000A955605
S205000A963624
S205000A970059
S205000A981345
S205000A9984D3
S205000A9A0650
S205000A9B0055
S205000A9C1341
S205000A9D87CC
S205000A9E084A
S205000A9F0051
S205000AA06FE1
S205000AA1F05F
S205000AA21F2F
S205000AA3D479
S205000AA41339
S205000AA51635
S205000AA63614
S205000AA70049
S205000AA81335
S205000AA956F1
S205000AAA3610
S205000AAB0045
S205000AAC1331
S205000AAD87BC
S205000AAE083A
S205000AAF0041
S205000AB06FD1
S205000AB1F04F
S205000AB21F1F
S205000AB3D36A
S205000AB41329
S205000AB585B6
S205000AB60733
S205000AB7FE3B
S205000AB81325
S205000AB90631
S205000ABA0036
S205000ABB0233
S205000ABC3301
S205000ABD55DE
S205000ABEA78B
S205000ABF0031
S205000AC063CD
S205000AC18AA5
S205000AC2C767
S205000AC3002D
S205000AC41319
S205000AC50625
S205000AC6002A
S205000AC70425
S205000AC8B375
S205000AC90720
S205000ACAF630
S205000ACB40E5
S205000ACCB371
S205000ACD170C
S205000ACEF72B
S205000ACF0021
S205000AD0B36D
S205000AD1E53A
S205000AD2F529
S205000AD3001D
S205000AD433E9
S205000AD536E5
S205000AD6B06A
S205000AD70019
S205000AD833E5
S205000AD966B1
S205000ADAA670
S205000ADB0015
S205000ADC6FA5
S205000ADDF023
S205000ADEDF33
S205000ADFA869
S205000AE0E32D
S205000AE1828D
S205000AE20608
S205000AE3FC11
S205000AE433D9
S205000AE5EF1C
S205000AE6E822
S205000AE70108
S205000AE8E325
S205000AE916F1
S205000AEA0FF7
S205000AEBD035
S205000AEC6F95
S205000AEDF013
S205000AEEDF23
S205000AEFCE33
S205000AF0E31D
S205000AF108F7
S205000AF208F6
S205000AF3DC21
S205000AF413E9
S205000AF518E3
S205000AF636C4
S205000AF700F9
S205000AF89365
S205000AF99760
S205000AFAD81E
S205000AFB01F4
S205000AFC13E1
S205000AFD589B
S205000AFE38BA
S205000AFF00F1
S205000B0013DC
S205000B01D717
S205000B0238B5
S205000B0300EC
S205000B0433B8
S205000B056882
S205000B06F8F1
S205000B0700E8
S205000B0833B4
S205000B09776F
S205000B0AD70E
S205000B0B01E3
S205000B0C13D0
S205000B0D8E54
S205000B0E06DB
S205000B0F00E0
S205000B10934C
S205000B1107D7
S205000B1200DD
S205000B1300DC
S205000B146F6C
S205000B15F0EA
S205000B16DFFA
S205000B179B3D
S205000B189344
S205000B1907CF
S205000B1A10C5
S205000B1B00D4
S205000B1C6F64
S205000B1DF0E2
S205000B1EDFF2
S205000B1FC20E
S205000B20B31C
S205000B2105C9
S205000B22BF0E
S205000B23408C
S205000B24B318
S205000B258842
S205000B26E8E1
S205000B274088
S205000B283394
S205000B29378F
S205000B2ABF06
S205000B2B00C4
S205000B2C9330
S205000B2D843E
S205000B2E05BC
S205000B2F00C0
S205000B30B30C
S205000B318935
S205000B32E8D5
S205000B33407C
S205000B3413A8
S205000B358436
S205000B3606B3
S205000B3700B8
S205000B3813A4
S205000B3909AD
S205000B3A10A5
S205000B3B00B4
S205000B3C6F44
S205000B3DF0C2
S205000B3E9F12
S205000B3F8C24
S205000B40139C
S205000B411698
S205000B423677
S205000B4300AC
S205000B441398
S205000B455654
S205000B463673
S205000B4700A8
S205000B481394
S205000B49871F
S205000B4A089D
S205000B4B00A4
S205000B4C6F34
S205000B4DF0B2
S205000B4E5F42
S205000B4FCCD4
S205000B50138C
S205000B511688
S205000B523667
S205000B53009C
S205000B549308
S205000B555941
S205000B563663
S205000B570098
S205000B581384
S205000B59870F
S205000B5A088D
S205000B5B0094
S205000B5C6F24
S205000B5DF0A2
S205000B5E5F32
S205000B5FDEB2
S205000B6093FC
S205000B618608
S205000B620786
S205000B63FE8E
S205000B641378
S205000B650684
S205000B660089
S205000B670286
S205000B68B3D4
S205000B695630
S205000B6AD7AE
S205000B6B0084
S205000B6C6320
S205000B6D8AF8
S205000B6EC7BA
S205000B6F0080
S205000B70136C
S205000B710678
S205000B72007D
S205000B730478
S205000B74B3C8
S205000B750773
S205000B76F683
S205000B774038
S205000B78B3C4
S205000B79175F
S205000B7AF77E
S205000B7B0074
S205000B7CB3C0
S205000B7DE58D
S205000B7EF57C
S205000B7F0070
S205000B80B3BC
S205000B813935
S205000B82B0BD
S205000B83006C
S205000B84B3B8
S205000B85E981
S205000B86D990
S205000B870068
S205000B886FF8
S205000B89F076
S205000B8A5F06
S205000B8BC3A1
S205000B8C1350
S205000B8DD68C
S205000B8E342D
S205000B8F0060
S205000B9093CC
S205000B910757
S205000B920954
S205000B93005C
S205000B941348
S205000B9587D3
S205000B960950
S205000B970058
S205000B986FE8
S205000B99F066
S205000B9A9FB6
S205000B9BC78D
S205000B9C93C0
S205000B9D064C
S205000B9E0051
S205000B9F024E
S205000BA0B39C
S205000BA186C8
S205000BA2F657
S205000BA3400C
S205000BA41338
S205000BA50644
S205000BA60049
S205000BA70048
S205000BA86FD8
S205000BA9F056
S205000BAA5FE6
S205000BAB8BB9
S205000BAC3310
S205000BADE85A
S205000BAEC978
S205000BAF0040
S205000BB0E35C
S205000BB10836
S205000BB20835
S205000BB3D06C
S205000BB493A8
S205000BB5D961
S205000BB63900
S205000BB70038
S205000BB81324
S205000BB9072F
S205000BBA062F
S205000BBB0034
S205000BBC6FC4
S205000BBDF042
S205000BBE5FD2
S205000BBFD858
S205000BC0131C
S205000BC10E20
S205000BC2002D
S205000BC3002C
S205000BC49398
S205000BC50723
S205000BC6F039
S205000BC77FA9
S205000BC837F0
S205000BC9071F
S205000BCA081D
S205000BCB0024
S205000BCC6FB4
S205000BCDF032
S205000BCE5FC2
S205000BCF9090
S205000BD0938C
S205000BD11707
S205000BD2D746
S205000BD3011B
S205000BD41308
S205000BD557C3
S205000BD637E2
S205000BD70018
S205000BD833E4
S205000BD9E82E
S205000BDA070E
S205000BDB0113
S205000BDC33E0
S205000BDD779B
S205000BDED73A
S205000BDF010F
S205000BE0937C
S205000BE10707
S205000BE2000D
S205000BE3000C
S205000BE46F9C
S205000BE5F01A
S205000BE6DF2A
S205000BE78E7A
S205000BE813F4
S205000BE918EE
S205000BEAD72E
S205000BEB0103
S205000BEC9370
S205000BEDD52D
S205000BEE35CC
S205000BEF0000
S205000BF033CC
S205000BF16896
S205000BF2B845
S205000BF300FC
S205000BF413E8
S205000BF557A3
S205000BF637C2
S205000BF700F8
S205000BF813E4
S205000BF98472
S205000BFA06EF
S205000BFB00F4
S205000BFC6F84
S205000BFDF002
S205000BFE9F52
S205000BFFC22E
S205000C0013DB
S205000C0101EC
S205000C0201EB
S205000C03FBF0
S205000C049357
S205000C05D712
S205000C0645A3
S205000C0701E6
S205000C0823C3
S205000C0924C1
S205000C0A8163
S205000C0B04DF
S205000C0C23BF
S205000C0D22BF
S205000C0E914F
S205000C0F04DB
S205000C1023BB
S205000C1120BD
S205000C1221BB
S205000C1305D6
S205000C1423B7
S205000C152CAD
S205000C164197
S205000C1703D4
S205000C1823B3
S205000C192AAB
S205000C1A5183
S205000C1B03D0
S205000C1C933F
S205000C1D943D
S205000C1EC50B
S205000C1F00CF
S205000C2023AB
S205000C2126A7
S205000C2211BB
S205000C2304C7
S205000C2423A7
S205000C252E9B
S205000C263197
S205000C2703C4
S205000C2823A3
S205000C29289D
S205000C2A6163
S205000C2B03C0
S205000C2C239F
S205000C2D269B
S205000C2E714F
S205000C2F03BC
S205000C30239B
S205000C312499
S205000C32813B
S205000C3303B8
S205000C349327
S205000C35F7C2
S205000C36F7C1
S205000C377F38
S205000C3813A3
S205000C3904B1
S205000C3A05AF
S205000C3B00B3
S205000C3C139F
S205000C3D0AA7
S205000C3E06AA
S205000C3F00AF
S205000C40139B
S205000C418924
S205000C4206A6
S205000C4300AB
S205000C449317
S205000C45D4D5
S205000C46C4E4
S205000C4700A7
S205000C489313
S205000C49DACB
S205000C4AF5AF
S205000C4B01A2
S205000C4C633F
S205000C4D8A17
S205000C4E0799
S205000C4F1887
S205000C50138B
S205000C510796
S205000C52F0AC
S205000C537F1C
S205000C546337
S205000C558811
S205000C56E7B1
S205000C57088F
S205000C581383
S205000C595B3A
S205000C5AD5BF
S205000C5B0192
S205000C5C93FF
S205000C5D94FD
S205000C5E345C
S205000C5F008F
S205000C60B3DB
S205000C616429
S205000C629BF1
S205000C63008B
S205000C643753
S205000C650782
S205000C668008
S205000C670087
S205000C683353
S205000C69EB9A
S205000C6AE4A0
S205000C6B0083
S205000C6C93EF
S205000C6D1B66
S205000C6E354B
S205000C6F007F
S205000C7093EB
S205000C7189F4
S205000C721765
S205000C73C0BB
S205000C7493E7
S205000C750475
S205000C760078
S205000C770077
S205000C781363
S205000C790C69
S205000C7A0074
S205000C7B0073
S205000C7C93DF
S205000C7D571A
S205000C7E4927
S205000C7F016E
S205000C80135B
S205000C811459
S205000C82C9A3
S205000C83006B
S205000C8493D7
S205000C85F772
S205000C86F771
S205000C877FE8
S205000C881353
S205000C895411
S205000C8AC4A0
S205000C8B0063
S205000C8C134F
S205000C8D5908
S205000C8EF967
S205000C8F015E
S205000C9063FB
S205000C9182DB
S205000C920755
S205000C930853
S205000C941347
S205000C950752
S205000C96F068
S205000C977FD8
S205000C9863F3
S205000C998ACB
S205000C9AE76D
S205000C9B183B
S205000C9C133F
S205000C9D143D
S205000C9E341C
S205000C9F004F
S205000CA0133B
S205000CA157F6
S205000CA2DA72
S205000CA3014A
S205000CA43317
S205000CA567E2
S205000CA687C1
S205000CA70047
S205000CA893B3
S205000CA987BE
S205000CAA172D
S205000CABC083
S205000CAC370B
S205000CAD043D
S205000CAE80C0
S205000CAF003F
S205000CB0B38B
S205000CB189B4
S205000CB2F943
S205000CB340FB
S205000CB43307
S205000CB564D5
S205000CB687B1
S205000CB70037
S205000CB81323
S205000CB9181D
S205000CBA3AFA
S205000CBB0033
S205000CBC939F
S205000CBD072A
S205000CBE0030
S205000CBF002F
S205000CC0131B
S205000CC10726
S205000CC2F03C
S205000CC3002B
S205000CC433F7
S205000CC5CA5F
S205000CC62AFE
S205000CC70126
S205000CC863C3
S205000CC964C1
S205000CCA978D
S205000CCB24FF
S205000CCC37EB
S205000CCD071A
S205000CCE1010
S205000CCF001F
S205000CD0130B
S205000CD10716
S205000CD20715
S205000CD3001B
S205000CD49387
S205000CD59485
S205000CD624F4
S205000CD70017
S205000CD8B363
S205000CD98491
S205000CDAE430
S205000CDB0013
S205000CDC030F
S205000CDDA76A
S205000CDE040C
S205000CDF000F
S205000CE067A7
S205000CE1000D
S205000CE20705
S205000CE3000B
S205000CE433D7
S205000CE5EB1E
S205000CE6A464
S205000CE70007
S205000CE863A3
S205000CE91EE7
S205000CEA0BF9
S205000CEB1CE7
S205000CEC936F
S205000CED57AA
S205000CEE49B7
S205000CEF01FE
S205000CF013EB
S205000CF114E9
S205000CF2C933
S205000CF300FB
S205000CF49367
S205000CF5F702
S205000CF6F701
S205000CF77F78
S205000CF89363
S205000CF90BEA
S205000CFA00F4
S205000CFB00F3
S205000CFC935F
S205000CFD04ED
S205000CFE8070
S205000CFF00EF
S205000D00935A
S205000D0109E3
S205000D02F0FB
S205000D037F6B
S205000D0413D6
S205000D050CDC
S205000D0620C7
S205000D0700E6
S205000D0813D2
S205000D095490
S205000D0AC41F
S205000D0B00E2
S205000D0C13CE
S205000D0D5987
S205000D0EF9E6
S205000D0F01DD
S205000D10E3FA
S205000D11924A
S205000D1207D4
S205000D13F8E2
S205000D1433A6
S205000D156870
S205000D164493
S205000D1701D5
S205000D186372
S205000D1902D2
S205000D1A08CB
S205000D1B1CB6
S205000D1C636E
S205000D1D06CA
S205000D1E04CB
S205000D1F5C72
S205000D2013BA
S205000D2105C7
S205000D2204C7
S205000D2300CA
S205000D24EFDA
S205000D2510B8
S205000D26D0F7
S205000D274086
S205000D289332
S205000D2907BD
S205000D2A05BE
S205000D2B00C2
S205000D2C932E
S205000D2D06BA
S205000D2E556A
S205000D2FFFBF
S205000D3013AA
S205000D3107B5
S205000D32D0EB
S205000D3301B9
S205000D3413A6
S205000D358830
S205000D368730
S205000D37FFB7
S205000D383382
S205000D3907AD
S205000D3AD7DC
S205000D3B4072
S205000D3C337E
S205000D3D149C
S205000D3E04AB
S205000D3F01AD
S205000D40337A
S205000D415755
S205000D42EAC1
S205000D4300AA
S205000D443376
S205000D456444
S205000D468720
S205000D4700A6
S205000D483372
S205000D49188C
S205000D4A0A99
S205000D4B01A1
S205000D4CB3EE
S205000D4D8719
S205000D4E3768
S205000D4F019D
S205000D50930A
S205000D518913
S205000D523764
S205000D533F5B
S205000D549306
S205000D550791
S205000D560097
S205000D570096
S205000D586F26
S205000D59F0A4
S205000D5A9FF4
S205000D5BF69C
S205000D5C335E
S205000D5D0789
S205000D5EF798
S205000D5F404E
S205000D6093FA
S205000D610686
S205000D62800B
S205000D630387
S205000D646326
S205000D65D0B8
S205000D66E6A1
S205000D676026
S205000D6893F2
S205000D69077D
S205000D6A0083
S205000D6B0082
S205000D6C93EE
S205000D6D067A
S205000D6E007F
S205000D6F007E
S205000D70136A
S205000D710775
S205000D72007B
S205000D73007A
S205000D7483F6
S205000D752058
S205000D76C1B6
S205000D770472
S205000D780372
S205000D792450
S205000D7A81F2
S205000D7B046E
S205000D7C93DE
S205000D7D97D9
S205000D7E4728
S205000D7F016D
S205000D80B3BA
S205000D81E785
S205000D82D794
S205000D83006A
S205000D8493D6
S205000D851652
S205000D86FA6D
S205000D870165
S205000D88B3B2
S205000D89E77D
S205000D8AD78C
S205000D8B0062
S205000D8C83DE
S205000D8D243C
S205000D8E411E
S205000D8F045A
S205000D90035A
S205000D912933
S205000D92015A
S205000D930456
S205000D9483D6
S205000D95292F
S205000D96C196
S205000D970353
S205000D980352
S205000D992A2A
S205000D9A81D2
S205000D9B034F
S205000D9C83CE
S205000D9D2A26
S205000D9E410E
S205000D9F034B
S205000DA0034A
S205000DA12B21
S205000DA2014A
S205000DA30347
S205000DA483C6
S205000DA52B1D
S205000DA6C186
S205000DA70244
S205000DA80342
S205000DA92C18
S205000DAA81C2
S205000DAB0240
S205000DAC132E
S205000DAD053B
S205000DAE0738
S205000DAF003E
S205000DB093AA
S205000DB185B7
S205000DB20734
S205000DB3003A
S205000DB41326
S205000DB50137
S205000DB60136
S205000DB70531
S205000DB867CE
S205000DB980B4
S205000DBA0033
S205000DBB0032
S205000DBC939E
S205000DBD0729
S205000DBEF03F
S205000DBF7FAF
S205000DC0939A
S205000DC10626
S205000DC2002B
S205000DC3002A
S205000DC41316
S205000DC50721
S205000DC60027
S205000DC70026
S205000DC86FB6
S205000DC9F034
S205000DCADF44
S205000DCBFA28
S205000DCC130E
S205000DCD0A16
S205000DCE001F
S205000DCF001E
S205000DD0938A
S205000DD10715
S205000DD2F02B
S205000DD37F9B
S205000DD4B762
S205000DD50612
S205000DD6080F
S205000DD70016
S205000DD81302
S205000DD9070D
S205000DDA0013
S205000DDB0012
S205000DDC6FA2
S205000DDDF020
S205000DDE9F70
S205000DDFF915
S205000DE033DA
S205000DE1EB21
S205000DE2A467
S205000DE3000A
S205000DE463A6
S205000DE50CFC
S205000DE60BFC
S205000DE710F6
S205000DE863A2
S205000DE98480
S205000DEA04FF
S205000DEB52B0
S205000DEC13EE
S205000DED857B
S205000DEE04FB
S205000DEF00FE
S205000DF0EF0E
S205000DF110EC
S205000DF210EB
S205000DF334C6
S205000DF413E6
S205000DF507F1
S205000DF605F2
S205000DF700F6
S205000DF89362
S205000DF907ED
S205000DFA559E
S205000DFBFFF3
S205000DFC13DE
S205000DFD0BE5
S205000DFED01F
S205000DFF01ED
S205000E009359
S205000E010BE0
S205000E028763
S205000E03FFEA
S205000E0433B5
S205000E050BDC
S205000E06FBEB
S205000E0740A5
S205000E08B331
S205000E09944F
S205000E0A746E
S205000E0B01E0
S205000E0C33AD
S205000E0D5B84
S205000E0E647A
S205000E0F01DC
S205000E1033A9
S205000E116B70
S205000E129B3F
S205000E1300D9
S205000E14B325
S205000E151BBC
S205000E167462
S205000E1701D4
S205000E189341
S205000E1907CC
S205000E1AD002
S205000E1BC011
S205000E1CB31D
S205000E1D8946
S205000E1EE7E7
S205000E1F408D
S205000E209339
S205000E2104C7
S205000E2200CA
S205000E2300C9
S205000E2413B5
S205000E250CBB
S205000E2600C6
S205000E2700C5
S205000E286F55
S205000E29F0D3
S205000E2A5F63
S205000E2BE5DC
S205000E2C338D
S205000E2D6857
S205000E2E447A
S205000E2F01BC
S205000E309329
S205000E318932
S205000E3219A1
S205000E338039
S205000E346355
S205000E351C9B
S205000E3608AE
S205000E370AAB
S205000E389321
S205000E39E4CF
S205000E3A248E
S205000E3B00B1
S205000E3C139D
S205000E3D04AB
S205000E3E00AE
S205000E3F00AD
S205000E409319
S205000E4107A4
S205000E42208A
S205000E4300A9
S205000E446F39
S205000E45F0B7
S205000E46DFC7
S205000E47E7BE
S205000E481391
S205000E49891A
S205000E4A0A98
S205000E4B00A1
S205000E4C138D
S205000E4D049B
S205000E4E0B93
S205000E4F009D
S205000E501389
S205000E518813
S205000E520B8F
S205000E530099
S205000E549305
S205000E550790
S205000E562076
S205000E570095
S205000E586331
S205000E59088B
S205000E5AFC96
S205000E5B6031
S205000E5C93FD
S205000E5D0788
S205000E5E305E
S205000E5F008D
S205000E60E3A9
S205000E610685
S205000E62FC8E
S205000E63F693
S205000E6493F5
S205000E650780
S205000E661076
S205000E670085
S205000E681371
S205000E690A79
S205000E6A0979
S205000E6B0081
S205000E6CE39D
S205000E6D0E71
S205000E6EFC82
S205000E6FEE8F
S205000E7093E9
S205000E7187F4
S205000E72F981
S205000E733F3A
S205000E746315
S205000E755225
S205000E76F086
S205000E773C39
S205000E781361
S205000E7977FC
S205000E7A78FA
S205000E7B0071
S205000E7C630D
S205000E7D1659
S205000E7E0767
S205000E7F5C11
S205000E801359
S205000E811754
S205000E8274F6
S205000E830069
S205000E846305
S205000E855A0D
S205000E86075F
S205000E870065
S205000E88B7AD
S205000E89075C
S205000E8A0062
S205000E8BFF62
S205000E8C93CD
S205000E8D87D8
S205000E8EF767
S205000E8FFF5E
S205000E903329
S205000E9174E7
S205000E92F466
S205000E930059
S205000E9493C5
S205000E9587D0
S205000E96094D
S205000E974015
S205000E981341
S205000E99074C
S205000E9AE072
S205000E9B7FD2
S205000E9CE36D
S205000E9D400F
S205000E9EF757
S205000E9FF25B
S205000EA01339
S205000EA158F3
S205000EA23812
S205000EA30049
S205000EA41335
S205000EA51730
S205000EA6D472
S205000EA70144
S205000EA893B1
S205000EA9162D
S205000EAA94AE
S205000EAB0041
S205000EAC330D
S205000EAD67D8
S205000EAE0737
S205000EAF013C
S205000EB093A9
S205000EB1D665
S205000EB2C674
S205000EB30039
S205000EB493A5
S205000EB5F740
S205000EB6F73F
S205000EB77FB6
S205000EB86FC5
S205000EB9F043
S205000EBADF53
S205000EBBEB46
S205000EBC131D
S205000EBD8CA3
S205000EBE0727
S205000EBF002D
S205000EC06FBD
S205000EC1F03B
S205000EC25FCB
S205000EC3F930
S205000EC41315
S205000EC58B9C
S205000EC60422
S205000EC70025
S205000EC89391
S205000EC90B18
S205000ECA051D
S205000ECB0021
S205000ECC938D
S205000ECD041B
S205000ECEC05E
S205000ECF001D
S205000ED09389
S205000ED10912
S205000ED2F02A
S205000ED37F9A
S205000ED41305
S205000ED50C0B
S205000ED630E6
S205000ED70015
S205000ED86FA5
S205000ED9F023
S205000EDA5FB3
S205000EDBDA37
S205000EDC937D
S205000EDDE42B
S205000EDE14FA
S205000EDF000D
S205000EE013F9
S205000EE10407
S205000EE2000A
S205000EE30009
S205000EE49375
S205000EE50700
S205000EE610F6
S205000EE70005
S205000EE86F95
S205000EE9F013
S205000EEA9F63
S205000EEBDD24
S205000EEC936D
S205000EEDE41B
S205000EEE34CA
S205000EEF00FD
S205000EF013E9
S205000EF108F3
S205000EF20AF0
S205000EF300F9
S205000EF49365
S205000EF507F0
S205000EF630C6
S205000EF700F5
S205000EF86F85
S205000EF9F003
S205000EFA9F53
S205000EFBDC15
S205000EFC935D
S205000EFD0BE4
S205000EFE00EE
S205000EFF00ED
S205000F009358
S205000F0104E6
S205000F0240A9
S205000F0300E8
S205000F049354
S205000F0509DD
S205000F0600E5
S205000F0700E4
S205000F0813D0
S205000F090CD6
S205000F0A10D1
S205000F0B00E0
S205000F0C6F70
S205000F0DF0EE
S205000F0E1FBE
S205000F0FD705
S205000F1023B8
S205000F1122B8
S205000F129148
S205000F1303D5
S205000F1423B4
S205000F1520B6
S205000F16A134
S205000F1703D1
S205000F1823B0
S205000F192EA4
S205000F1AB120
S205000F1B01CF
S205000F1C636C
S205000F1D6A64
S205000F1E6469
S205000F1F3B91
S205000F206368
S205000F2106C4
S205000F228B3E
S205000F233A8E
S205000F249334
S205000F25893D
S205000F26F9CC
S205000F27FFC5
S205000F2813B0
S205000F298C36
S205000F2A0BB6
S205000F2B00C0
S205000F2C932C
S205000F2D04BA
S205000F2E0BB2
S205000F2F00BC
S205000F3013A8
S205000F310DAD
S205000F3200B9
S205000F3300B8
S205000F349324
S205000F355C5A
S205000F36882D
S205000F3701B3
S205000F3813A0
S205000F39149E
S205000F3A842D
S205000F3B00B0
S205000F3C139C
S205000F3D5955
S205000F3E04A9
S205000F3F01AB
S205000F40B3F8
S205000F41ECBE
S205000F428C1D
S205000F4300A8
S205000F449314
S205000F4505A1
S205000F46099C
S205000F4700A4
S205000F481390
S205000F49851D
S205000F4A049D
S205000F4B00A0
S205000F4C138C
S205000F4D9B03
S205000F4E0C91
S205000F4F019B
S205000F509308
S205000F511A80
S205000F528811
S205000F530098
S205000F541384
S205000F555B3B
S205000F560B8A
S205000F570193
S205000F58EFA4
S205000F591082
S205000F5AD0C1
S205000F5B127E
S205000F5C93FC
S205000F5D0589
S205000F5E0588
S205000F5F008C
S205000F601378
S205000F610486
S205000F620584
S205000F630088
S205000F641374
S205000F650581
S205000F660B7A
S205000F670084
S205000F68EF94
S205000F691072
S205000F6A1071
S205000F6B0F71
S205000F6C93EC
S205000F6D0777
S205000F6E0578
S205000F6F007C
S205000F7093E8
S205000F710575
S205000F720970
S205000F730078
S205000F741364
S205000F7585F1
S205000F760471
S205000F770074
S205000F7893E0
S205000F7984EE
S205000F7A076A
S205000F7B0070
S205000F7CEF80
S205000F7D105E
S205000F7E105D
S205000F7F1557
S205000F801358
S205000F811555
S205000F820564
S205000F830167
S205000F8493D4
S205000F85570F
S205000F860C59
S205000F870163
S205000F88B3B0
S205000F89E77B
S205000F8AA7BA
S205000F8B0060
S205000F8C63FC
S205000F8DFA64
S205000F8E97C6
S205000F8F005C
S205000F90B3A8
S205000F9187D3
S205000F92FC5D
S205000F930058
S205000F941344
S205000F95074F
S205000F96F461
S205000F97FF55
S205000F9863F0
S205000F99FE54
S205000F9A97BA
S205000F9B3B15
S205000F9C133C
S205000F9D044A
S205000F9E0746
S205000F9F004C
S205000FA0B398
S205000FA184C6
S205000FA297B2
S205000FA34008
S205000FA493B4
S205000FA50541
S205000FA6093C
S205000FA70044
S205000FA81330
S205000FA985BD
S205000FAA043D
S205000FAB0040
S205000FACEF50
S205000FAD102E
S205000FAE90AD
S205000FAF0D2F
S205000FB093A8
S205000FB10535
S205000FB20534
S205000FB30038
S205000FB493A4
S205000FB50B2B
S205000FB60530
S205000FB70034
S205000FB81320
S205000FB9052D
S205000FBA0B26
S205000FBB0030
S205000FBCEF40
S205000FBD101E
S205000FBED05D
S205000FBF0923
S205000FC09398
S205000FC10723
S205000FC20524
S205000FC30028
S205000FC49394
S205000FC50521
S205000FC6091C
S205000FC70024
S205000FC81310
S205000FC9859D
S205000FCA041D
S205000FCB0020
S205000FCC938C
S205000FCD849A
S205000FCE0716
S205000FCF001C
S205000FD0EF2C
S205000FD1100A
S205000FD2D049
S205000FD30F09
S205000FD49384
S205000FD517FF
S205000FD60C09
S205000FD70113
S205000FD81300
S205000FD915FD
S205000FDA050C
S205000FDB010F
S205000FDC937C
S205000FDDD737
S205000FDE0706
S205000FDF010B
S205000FE0B358
S205000FE1E723
S205000FE2A762
S205000FE30008
S205000FE463A4
S205000FE5FA0C
S205000FE6976E
S205000FE70004
S205000FE8B350
S205000FE9877B
S205000FEAFC05
S205000FEB0000
S205000FEC13EC
S205000FED8777
S205000FEEFB02
S205000FEFFFFD
S205000FF06398
S205000FF1FA00
S205000FF29762
S205000FF335C3
S205000FF49364
S205000FF50BEB
S205000FF607EE
S205000FF700F4
S205000FF837BC
S205000FF903EF
S205000FFA01F0
S205000FFB00F0
S205000FFC13DC
S205000FFD14DA
S205000FFE04E9
S205000FFF01EB
S20500100033B7
S2050010016485
S2050010027474
S20500100301E6
S2050010049353
S2050010050DD8
S205001006F3F1
S205001007FFE4
S205001008B32F
S2050010097869
S20500100AB42C
S20500100B01DE
S20500100CB32B
S20500100DFDE0
S20500100EBA22
S20500100F01DA
S205001010B327
S2050010118B4E
S2050010129741
S2050010134097
S20500101413C3
S205001015DCF9
S2050010160ACA
S20500101701D2
S205001018933F
S205001019577A
S20500101A04CC
S20500101B01CE
S20500101C13BB
S20500101D8548
S20500101E08C4
S20500101F00CB
S2050010209337
S2050010218544
S2050010220DBB
S20500102300C7
S205001024EFD7
S20500102510B5
S2050010265074
S20500102703C0
S20500102813AF
S20500102908B9
S20500102A05BB
S20500102B00BF
S20500102C932B
S20500102D05B8
S20500102E0CB0
S20500102F00BB
S20500103013A7
S2050010318534
S20500103208B0
S20500103300B7
S205001034EFC7
S20500103510A5
S2050010365064
S20500103702B1
S205001038931F
S20500103908A9
S20500103A05AB
S20500103B00AF
S20500103C931B
S20500103D8528
S20500103E0D9F
S20500103F00AB
S2050010401397
S2050010418524
S20500104207A1
S20500104300A7
S205001044EFB7
S2050010451095
S2050010465054
S20500104701A2
S205001048138F
S2050010490E93
S20500104A059B
S20500104B009F
S20500104C930B
S20500104D0598
S20500104E0C90
S20500104F009B
S2050010501387
S2050010518514
S2050010520791
S2050010530097
S205001054EFA7
S2050010551085
S2050010565044
S2050010570093
S20500105893FF
S205001059573A
S20500105A0888
S20500105B018E
S20500105CB3DB
S20500105D8805
S20500105EC8C4
S20500105F018A
S205001060B3D7
S2050010618702
S2050010621771
S2050010630186
S2050010646323
S205001065F491
S205001066C7BD
S2050010670182
S205001068334F
S205001069057C
S20500106A651B
S20500106B007F
S20500106C3747
S20500106D0677
S20500106E017B
S20500106F007B
S2050010701367
S2050010710673
S205001072F682
S205001073FF78
S205001074B3C3
S205001075F481
S205001076C7AD
S2050010770073
S20500107893DF
S205001079D69B
S20500107A0769
S20500107B016E
S20500107C93DB
S20500107D94D9
S20500107E0468
S20500107F016A
S2050010803337
S20500108178F1
S205001082C8A0
S2050010830067
S205001084B3B3
S20500108587DE
S205001086A6BE
S2050010870063
S205001088B3AF
S20500108984DD
S20500108A045C
S20500108B015E
S20500108C63FB
S20500108DEA73
S20500108EFB61
S20500108F203B
S20500109063F7
S20500109186D3
S205001092FB5D
S2050010932037
S205001094B3A3
S2050010950451
S2050010969DB7
S2050010974013
S205001098B39F
S2050010998BC6
S20500109AFB55
S20500109B400F
S20500109C331B
S20500109D3D10
S20500109E9DAF
S20500109F004B
S2050010A0B397
S2050010A18BBE
S2050010A2AB9D
S2050010A34106
S2050010A463E3
S2050010A58ABB
S2050010A67CC8
S2050010A7370C
S2050010A893AF
S2050010A9053C
S2050010AA0937
S2050010AB003F
S2050010AC132B
S2050010AD85B8
S2050010AE0B31
S2050010AF003B
S2050010B0EF4B
S2050010B11029
S2050010B240F8
S2050010B37DBA
S2050010B493A3
S2050010B50530
S2050010B6052F
S2050010B70033
S2050010B8230F
S2050010B9260B
S2050010BAA18F
S2050010BB002F
S2050010BC131B
S2050010BD0D20
S2050010BE0527
S2050010BF002B
S2050010C01317
S2050010C10524
S2050010C20B1D
S2050010C30027
S2050010C4EF37
S2050010C51015
S2050010C640E4
S2050010C779AA
S2050010C8938F
S2050010C9071A
S2050010CA051B
S2050010CB001F
S2050010CC938B
S2050010CD0518
S2050010CE0913
S2050010CF001B
S2050010D01307
S2050010D18594
S2050010D20B0D
S2050010D30017
S2050010D49383
S2050010D58B8A
S2050010D6070D
S2050010D70013
S2050010D8EF23
S2050010D91001
S2050010DA40D0
S2050010DB7F90
S2050010DC13FB
S2050010DD15F8
S2050010DE0507
S2050010DF010A
S2050010E09377
S2050010E1D732
S2050010E20404
S2050010E30106
S2050010E4B353
S2050010E5E71E
S2050010E6A75D
S2050010E70003
S2050010E8639F
S2050010E9F011
S2050010EA7789
S2050010EB03FC
S2050010ECB34B
S2050010ED8776
S2050010EEFC00
S2050010EF00FB
S2050010F09367
S2050010F106F3
S2050010F2FDFB
S2050010F3FFF8
S2050010F46393
S2050010F5E213
S2050010F6975D
S2050010F737BC
S2050010F8638F
S2050010F9F001
S2050010FA7779
S2050010FB37B8
S2050010FC13DB
S2050010FD07E6
S2050010FEEDFF
S2050010FFFFEC
S20500110023C6
S20500110126C2
S205001102E106
S20500110300E6
S205001104B332
S205001105875D
S205001106974C
S20500110701E1
S205001108B32E
S2050011098B55
S20500110A7768
S20500110B419D
S20500110C934A
S20500110D05D7
S20500110E09D2
S20500110F00DA
S20500111013C6
S2050011118553
S2050011120BCC
S20500111300D6
S205001114EFE6
S20500111510C4
S20500111600D3
S205001117775B
S205001118933E
S20500111905CB
S20500111A05CA
S20500111B00CE
S20500111C13BA
S20500111D0DBF
S20500111E05C6
S20500111F00CA
S20500112013B6
S20500112105C3
S2050011220BBC
S20500112300C6
S205001124EFD6
S20500112510B4
S2050011264083
S205001127734F
S205001128932E
S20500112907B9
S20500112A05BA
S20500112B00BE
S20500112C932A
S20500112D05B7
S20500112E09B2
S20500112F00BA
S20500113013A6
S2050011318533
S2050011320BAC
S20500113300B6
S20500113413A2
S205001135892B
S20500113607AC
S20500113700B2
S205001138931E
S205001139941C
S20500113A04AB
S20500113B01AD
S20500113CEFBE
S20500113D109C
S20500113E00AB
S20500113F7931
S2050011401396
S2050011411593
S20500114205A2
S20500114301A5
S2050011449312
S205001145D4D0
S205001146049F
S20500114701A1
S205001148B3EE
S205001149E4BC
S20500114AA4FB
S20500114B009E
S20500114C633A
S20500114DFE9E
S20500114E2477
S20500114F0199
S205001150B3E6
S2050011518414
S2050011529CFB
S2050011530096
S2050011549302
S205001155078D
S205001156FD96
S205001157FF93
S205001158632E
S205001159E4AC
S20500115A94FB
S20500115B315D
S20500115C632A
S20500115DF29A
S20500115E2467
S20500115F3159
S2050011601376
S2050011610D7B
S205001162ED9A
S205001163FF87
S205001164B3D2
S2050011658400
S20500116694EF
S2050011670181
S20500116883FE
S2050011692759
S20500116AC1BE
S20500116B007E
S20500116CB3CA
S20500116D84F8
S20500116E2457
S20500116F4139
S20500117093E6
S20500117185F3
S2050011720D6A
S2050011730076
S2050011741362
S20500117598DC
S205001176076C
S2050011770171
S205001178333E
S2050011796808
S20500117AA8C7
S20500117B016D
S20500117C135A
S20500117D1359
S20500117E0863
S20500117F0169
S2050011801356
S2050011815315
S2050011820364
S2050011830165
S20500118493D2
S205001185570D
S205001186085B
S2050011870161
S205001188134E
S205001189055B
S20500118A035C
S20500118B005E
S20500118CEF6E
S20500118D104C
S20500118EC09B
S20500118F6CEE
S20500119093C6
S2050011910850
S2050011920552
S2050011930056
S20500119493C2
S205001195054F
S2050011960C47
S2050011970052
S205001198133E
S205001199054B
S20500119A034C
S20500119B004E
S20500119CEF5E
S20500119D103C
S20500119EC08B
S20500119F6BDF
S2050011A01336
S2050011A10345
S2050011A20542
S2050011A30046
S2050011A493B2
S2050011A585BF
S2050011A60D36
S2050011A70042
S2050011A8132E
S2050011A985BB
S2050011AA0738
S2050011AB003E
S2050011ACEF4E
S2050011AD102C
S2050011AEC07B
S2050011AF6AD0
S2050011B01326
S2050011B10E2A
S2050011B20532
S2050011B30036
S2050011B493A2
S2050011B5052F
S2050011B60C27
S2050011B70032
S2050011B8131E
S2050011B985AB
S2050011BA0728
S2050011BB002E
S2050011BCEF3E
S2050011BD101C
S2050011BEC06B
S2050011BF69C1
S2050011C09396
S2050011C1D751
S2050011C2081F
S2050011C30125
S2050011C433F2
S2050011C50321
S2050011C6C360
S2050011C70121
S2050011C8B36E
S2050011C98799
S2050011CA67B8
S2050011CB001E
S2050011CC63BA
S2050011CDF626
S2050011CEC754
S2050011CF0119
S2050011D037E2
S2050011D10711
S2050011D20116
S2050011D30016
S2050011D433E2
S2050011D5050F
S2050011D6E52E
S2050011D70012
S2050011D8B75A
S2050011D9060A
S2050011DA010E
S2050011DB000E
S2050011DC937A
S2050011DD8686
S2050011DEF615
S2050011DFFF0B
S2050011E013F6
S2050011E1D731
S2050011E20700
S2050011E30105
S2050011E4B352
S2050011E5F70D
S2050011E6D72C
S2050011E70002
S2050011E8936E
S2050011E99769
S2050011EA07F8
S2050011EB01FD
S2050011ECB34A
S2050011EDF804
S2050011EED823
S2050011EF00FA
S2050011F033C6
S2050011F107F1
S2050011F2A750
S2050011F300F6
S2050011F4B342
S2050011F5876D
S2050011F617DC
S2050011F701F1
S2050011F8638E
S2050011F9E010
S2050011FAE40B
S2050011FB02EC
S2050011FC638A
S2050011FD8C60
S2050011FEE407
S2050011FF00EA
S2050012008365
S2050012012CBB
S20500120241A5
S20500120302E3
S20500120403E1
S2050012052DB6
S20500120601E1
S20500120702DF
S205001208835D
S2050012092DB2
S20500120AC11D
S20500120B01DC
S20500120C13C9
S20500120D6873
S20500120E18C2
S20500120F00D9
S2050012106F69
S205001211F0E7
S2050012121FB7
S205001213C60F
S2050012146371
S2050012158A49
S20500121607CB
S2050012171CB5
S205001218B31D
S205001219844B
S20500121A9C32
S20500121B00CD
S20500121C13B9
S20500121D06C5
S20500121EF8D2
S20500121FFFCA
S2050012209335
S2050012218641
S20500122204C2
S20500122300C5
S2050012246361
S205001225ECD7
S205001226942E
S2050012271BA6
S205001228635D
S205001229EAD5
S20500122AE4DA
S20500122B2499
S20500122C6359
S20500122D8833
S20500122EE4D6
S20500122F2693
S20500123013A5
S20500123108AF
S20500123206B0
S20500123300B5
S2050012346F45
S205001235F0C3
S205001236DFD3
S205001237FCB5
S205001238139D
S20500123907A8
S20500123A109E
S20500123B00AD
S20500123CE3C9
S20500123D901B
S20500123E07A3
S20500123FB2F7
S2050012409315
S2050012418720
S205001242E9BD
S2050012434164
S205001244B3F1
S205001245168D
S205001246F8AA
S20500124700A1
S205001248B3ED
S2050012493669
S20500124AD0CE
S20500124B009D
S20500124CB3E9
S20500124D1784
S20500124EF4A6
S20500124F0099
S205001250B3E5
S205001251E7B0
S205001252F6A0
S2050012530095
S2050012543361
S205001255583B
S205001256E8AA
S2050012570091
S205001258335D
S2050012596827
S20500125AF896
S20500125B008D
S20500125C93F9
S20500125D7714
S20500125E7812
S20500125F0089
S2050012603355
S2050012615433
S205001262E4A2
S2050012630085
S2050012646321
S2050012658003
S205001266077B
S205001267027F
S20500126893ED
S2050012697708
S20500126AF886
S20500126B007D
S20500126C1369
S20500126D0774
S20500126E403A
S20500126F0079
S2050012706315
S2050012718AED
S205001272E78F
S2050012730075
S20500127493E1
S205001275076C
S205001276482A
S2050012770071
S205001278333D
S205001279B8B7
S20500127A0767
S20500127B016C
S20500127C3339
S20500127D0467
S20500127E0466
S20500127F0168
S2050012801355
S20500128188DF
S205001282075F
S2050012830065
S2050012841351
S205001285164D
S20500128684DE
S2050012870061
S20500128893CD
S2050012890758
S20500128A104E
S20500128B005D
S20500128C93C9
S20500128D0655
S20500128E005A
S20500128F0059
S2050012901345
S2050012910750
S2050012920056
S2050012930055
S205001294E371
S2050012954013
S205001296064C
S205001297AEA3
S2050012986FE1
S205001299004F
S20500129A80CE
S20500129B123B
S20500129CE369
S20500129D7CCF
S20500129E9DAD
S20500129FDE6B
S2050012A0B395
S2050012A10641
S2050012A25DE9
S2050012A30144
S2050012A43311
S2050012A5B68D
S2050012A6A69C
S2050012A70140
S2050012A8B38D
S2050012A9053A
S2050012AA96A8
S2050012AB013C
S2050012ACB389
S2050012AD8BB0
S2050012AEBB7F
S2050012AF0039
S2050012B01325
S2050012B18DAA
S2050012B20630
S2050012B30035
S2050012B493A1
S2050012B5052E
S2050012B6F43E
S2050012B7FF32
S2050012B863CD
S2050012B9FE31
S2050012BA7CB2
S2050012BB0726
S2050012BC63C9
S2050012BDE04B
S2050012BEFB2F
S2050012BF1415
S2050012C063C5
S2050012C18C9B
S2050012C277AF
S2050012C31312
S2050012C41311
S2050012C5849F
S2050012C6051D
S2050012C70021
S2050012C86FB1
S2050012C9F02F
S2050012CADF3F
S2050012CBDC41
S2050012CCE339
S2050012CDEC2F
S2050012CE0B0F
S2050012CFC554
S2050012D01305
S2050012D11CFB
S2050012D2FB1B
S2050012D30114
S2050012D41301
S2050012D5D73C
S2050012D61BF7
S2050012D70011
S2050012D8937D
S2050012D954BB
S2050012DA1BF3
S2050012DB000D
S2050012DC33D9
S2050012DD6C9F
S2050012DEEC1E
S2050012DF0009
S2050012E013F5
S2050012E19D6A
S2050012E2FB0B
S2050012E30104
S2050012E46F95
S2050012E5F013
S2050012E61FE3
S2050012E7C53C
S2050012E813ED
S2050012E905FA
S2050012EA0AF4
S2050012EB00FD
S2050012ECEF0D
S2050012ED10EB
S2050012EE40BA
S2050012EF6495
S2050012F09365
S2050012F106F1
S2050012F255A1
S2050012F301F4
S2050012F413E1
S2050012F507EC
S2050012F6C032
S2050012F701F0
S2050012F8935D
S2050012F907E8
S2050012FA05E9
S2050012FB02EB
S2050012FCE309
S2050012FD5A91
S2050012FED713
S2050012FFA247
S20500130013D4
S20500130105E1
S2050013028560
S205001303FFE5
S20500130413D0
S20500130508DA
S20500130600E1
S20500130700E0
S20500130833AC
S20500130914CA
S20500130AAA33
S20500130B00DC
S20500130C6F6C
S20500130DF0EA
S20500130E1FBA
S20500130FA434
S205001310EFE8
S20500131110C6
S20500131200D5
S2050013136272
S2050013149340
S20500131507CB
S205001316557C
S20500131701CF
S205001318933C
S20500131906C8
S20500131AC00D
S20500131B01CB
S20500131C13B8
S20500131D07C3
S20500131E05C4
S20500131F02C6
S205001320E3E4
S205001321DEE8
S205001322F6CF
S205001323AC18
S2050013249330
S20500132504BE
S205001326853C
S205001327FFC1
S205001328338C
S2050013291BA3
S20500132A9429
S20500132B00BC
S20500132C9328
S20500132D0BAF
S20500132E00B9
S20500132F00B8
S2050013306F48
S205001331F0C6
S2050013329F16
S205001333AE06
S205001334E3D0
S205001335981A
S2050013367C35
S205001337F9B7
S205001338E3CC
S20500133902AC
S20500133A06A7
S20500133BF8B4
S20500133C1398
S20500133D8426
S20500133E05A4
S20500133F00A8
S2050013406F38
S205001341F0B6
S2050013425F46
S205001343D5CF
S205001344E3C0
S205001345F8AA
S205001346970A
S205001347CAD6
S205001348930C
S2050013498B13
S20500134AEBB2
S20500134BFF9D
S20500134CB3E8
S20500134D8713
S20500134E9702
S20500134F0197
S2050013506F28
S205001351F0A6
S2050013529FF6
S205001353CACA
S205001354E3B0
S205001355F49E
S20500135697FA
S205001357C4CC
S205001358137C
S205001359048A
S20500135AE4A9
S20500135BFF8D
S20500135CB3D8
S20500135D8703
S20500135E97F2
S20500135F0187
S2050013606F18
S205001361F096
S2050013621F66
S205001363C4C0
S20500136493F0
S205001365067C
S205001366F091
S205001367017F
S205001368E39C
S205001369DCA2
S20500136AE697
S20500136BEC90
S20500136C93E8
S20500136D0674
S20500136E1069
S20500136FFE7A
S205001370B3C4
S20500137186F0
S205001372F67F
S2050013734034
S20500137493E0
S205001375076B
S2050013760071
S205001377026E
S205001378B3BC
S2050013795618
S20500137AD499
S20500137B006C
S20500137C6308
S20500137D0862
S20500137EF772
S20500137F0068
S20500138093D4
S20500138187DF
S205001382E97C
S2050013834321
S205001384B3B0
S205001385174B
S205001386F46D
S2050013870060
S205001388332C
S20500138968F6
S20500138AF865
S20500138B005C
S20500138C3328
S20500138D3822
S20500138E0059
S20500138F0157
S2050013903324
S20500139168EE
S205001392D87D
S2050013930054
S2050013941340
S20500139577DB
S20500139678D9
S2050013970050
S20500139893BC
S2050013990648
S20500139A004D
S20500139B004C
S20500139C63E8
S20500139D0842
S20500139E0742
S20500139F0246
S2050013A093B4
S2050013A177CF
S2050013A2F84D
S2050013A30044
S2050013A41330
S2050013A5073B
S2050013A64001
S2050013A70040
S2050013A8132C
S2050013A9043A
S2050013AA003D
S2050013AB003C
S2050013AC63D8
S2050013AD8AB0
S2050013AEE752
S2050013AF0038
S2050013B093A4
S2050013B1072F
S2050013B248ED
S2050013B30034
S2050013B43300
S2050013B5B87A
S2050013B6072A
S2050013B7012F
S2050013B833FC
S2050013B934FA
S2050013BA002D
S2050013BB012B
S2050013BC1318
S2050013BD88A2
S2050013BE0722
S2050013BF0028
S2050013C09394
S2050013C11610
S2050013C29491
S2050013C30024
S2050013C41310
S2050013C5170B
S2050013C6D44D
S2050013C7011F
S2050013C8938C
S2050013C9D648
S2050013CAC657
S2050013CB001C
S2050013CC1308
S2050013CD58C2
S2050013CE38E1
S2050013CF0018
S2050013D033E4
S2050013D167AF
S2050013D2E82D
S2050013D30014
S2050013D49380
S2050013D5070B
S2050013D60011
S2050013D70010
S2050013D86FA0
S2050013D9F01E
S2050013DADF2E
S2050013DB9973
S2050013DC13F8
S2050013DD0802
S2050013DE0603
S2050013DF0008
S2050013E0E324
S2050013E19076
S2050013E2E61F
S2050013E3E222
S2050013E4E320
S2050013E59E64
S2050013E657AA
S2050013E7E11F
S2050013E8837C
S2050013E92CD2
S2050013EA41BC
S2050013EB02FA
S2050013EC03F8
S2050013ED2DCD
S2050013EE01F8
S2050013EF02F6
S2050013F08374
S2050013F12DC9
S2050013F2C134
S2050013F301F3
S2050013F46F84
S2050013F5F002
S2050013F6DF12
S2050013F7A749
S2050013F8E30C
S2050013F9F6F8
S2050013FA9657
S2050013FBEC00
S2050013FCB338
S2050013FD8664
S2050013FEDA0F
S2050013FF00E8
S20500140033B3
S205001401B62F
S205001402568E
S20500140301E2
S20500140433AF
S20500140506DB
S205001406964A
S20500140701DE
S20500140813CB
S20500140904D9
S20500140AE4F8
S20500140BFFDC
S20500140C13C7
S20500140D8D4C
S20500140E06D2
S20500140F00D7
S205001410B323
S2050014118B4A
S205001412CB09
S20500141300D3
S2050014146F63
S205001415F0E1
S2050014161FB1
S205001417C807
S20500141813BB
S20500141907C6
S20500141A20AC
S20500141BC00B
S20500141C8347
S20500141D2C9D
S20500141E4187
S20500141F02C5
S20500142003C3
S2050014212D98
S20500142201C3
S20500142302C1
S205001424833F
S2050014252D94
S205001426C1FF
S20500142701BE
S205001428932B
S2050014298736
S20500142AF9C3
S20500142B3F7C
S20500142C13A7
S20500142D08B1
S20500142EF0C8
S20500142FFFB8
S205001430E3D3
S205001431C4F1
S205001432E9CB
S205001433E0D3
S205001434139F
S20500143507AA
S2050014364868
S20500143700AF
S205001438337B
S2050014393875
S20500143A07A5
S20500143B01AA
S20500143C3377
S20500143D04A5
S20500143E04A4
S20500143F01A6
S2050014401393
S205001441089D
S205001442079D
S20500144300A3
S2050014446F33
S205001445F0B1
S205001446DFC1
S205001447A3FC
S205001448138B
S2050014497726
S20500144AF8A4
S20500144B009B
S20500144C9307
S20500144D0693
S20500144E4058
S20500144F0097
S205001450E3B3
S205001451088D
S205001452D7BD
S205001453A2F1
S2050014546F23
S205001455F0A1
S2050014561F71
S205001457FE91
S205001458236B
S2050014592667
S20500145AD1BB
S20500145B008B
S20500145C6F1B
S20500145DF099
S20500145EDFA9
S20500145FCABD
S2050014601373
S2050014618DF8
S205001462077D
S2050014630083
S2050014646F13
S205001465F091
S2050014665F21
S205001467D0AF
S205001468136B
S2050014690A73
S20500146A0973
S20500146B007B
S20500146C93E7
S20500146D0772
S20500146EF088
S20500146F7FF8
S20500147093E3
S205001471066F
S2050014720074
S2050014730073
S205001474135F
S205001475076A
S2050014760070
S205001477006F
S2050014786FFF
S205001479F07D
S20500147ADF8D
S20500147B8FDC
S20500147C1357
S20500147D96D3
S20500147E1A4E
S20500147F0067
S205001480B3B3
S205001481362F
S205001482560E
S2050014830162
S205001484B3AF
S20500148586DB
S20500148696CA
S205001487015E
S205001488B3AB
S20500148986D7
S20500148AD488
S20500148B005B
S20500148C1347
S20500148D0851
S20500148EE870
S20500148FFF58
S20500149093C3
S2050014910A4B
S205001492064E
S2050014930053
S205001494E36F
S20500149588C9
S205001496E66A
S205001497F45B
S2050014986FDF
S205001499F05D
S20500149A9FAD
S20500149BD675
S20500149CE367
S20500149DE069
S20500149EFA4E
S20500149FFE49
S2050014A01333
S2050014A1083D
S2050014A2063E
S2050014A30043
S2050014A46FD3
S2050014A5F051
S2050014A61F21
S2050014A7F44B
S2050014A8132B
S2050014A9D766
S2050014AA45F7
S2050014AB013A
S2050014ACB783
S2050014AD0732
S2050014AE1028
S2050014AF0037
S2050014B093A3
S2050014B187AE
S2050014B2F73D
S2050014B3FF34
S2050014B4131F
S2050014B5D859
S2050014B646EA
S2050014B7012E
S2050014B8131B
S2050014B977B6
S2050014BAF735
S2050014BB7FAC
S2050014BC1317
S2050014BD0326
S2050014BEF038
S2050014BF7FA8
S2050014C033F3
S2050014C1FE27
S2050014C2B76D
S2050014C30023
S2050014C4938F
S2050014C50819
S2050014C6051B
S2050014C7001F
S2050014C8B36B
S2050014C9F726
S2050014CAD745
S2050014CB001B
S2050014CC9387
S2050014CDD544
S2050014CEF523
S2050014CF0116
S2050014D01303
S2050014D1789D
S2050014D2F81C
S2050014D37F94
S2050014D4937F
S2050014D5D63B
S2050014D6F61A
S2050014D7010E
S2050014D813FB
S2050014D90508
S2050014DA10FC
S2050014DB000B
S2050014DC63A7
S2050014DD0CFD
S2050014DE67A1
S2050014DF0007
S2050014E063A3
S2050014E108FD
S2050014E2689C
S2050014E30003
S2050014E4639F
S2050014E514ED
S2050014E607F9
S2050014E701FE
S2050014E8639B
S2050014E906F7
S2050014EAFEFE
S2050014EB02F9
S2050014EC6793
S2050014ED8079
S2050014EE00F8
S2050014EF00F7
S2050014F0678F
S2050014F18075
S2050014F200F4
S2050014F300F3
S2050014F4E30F
S2050014F51CD5
S2050014F6E808
S2050014F7FEF1
S2050014F8B33B
S2050014F96786
S2050014FAFEEE
S2050014FB00EB
S2050014FCB337
S2050014FDE702
S2050014FEC721
S2050014FF00E7
S205001500B332
S205001501E7FD
S20500150217CC
S20500150301E1
S205001504E3FE
S205001505944C
S20500150607D8
S205001507FEE0
S205001508B32A
S2050015098557
S20500150AD506
S20500150B409A
S20500150C33A6
S20500150D35A3
S20500150EB027
S20500150F00D6
S205001510676E
S2050015118054
S20500151200D3
S20500151300D2
S205001514E3EE
S2050015159C34
S205001516C807
S205001517FCD2
S205001518636A
S2050015198A42
S20500151AD5F6
S20500151B00CA
S20500151CE3E6
S20500151D18B0
S20500151E07C0
S20500151FFCCA
S2050015203392
S2050015216E56
S2050015221EA5
S20500152301C1
S205001524338E
S205001525358B
S205001526C0FF
S20500152701BD
S2050015286756
S205001529803C
S20500152A00BB
S20500152B00BA
S20500152C13A6
S20500152D05B3
S20500152E00B7
S20500152F00B6
S205001530674E
S2050015318034
S20500153200B3
S20500153300B2
S205001534931E
S205001535D8D8
S205001536456A
S20500153701AD
S205001538B7F6
S20500153907A5
S20500153A109B
S20500153B00AA
S20500153C9316
S20500153D8721
S20500153EF7B0
S20500153FFFA7
S2050015401392
S205001541D7CD
S205001542465D
S20500154301A1
S205001544930E
S205001545F8A8
S205001546F8A7
S2050015477F1F
S205001548138A
S2050015490E8E
S20500154AF0AB
S20500154B7F1B
S20500154C3366
S20500154DF3A5
S20500154EB7E0
S20500154F0096
S2050015501382
S205001551088C
S205001552058E
S2050015530092
S20500155493FE
S2050015550E82
S205001556058A
S205001557008E
S205001558B3DA
S205001559F795
S20500155AD7B4
S20500155B008A
S20500155C93F6
S20500155DD5B3
S20500155EF592
S20500155F0185
S2050015601372
S2050015610F75
S205001562067D
S2050015630082
S205001564136E
S205001565750B
S205001566F788
S2050015677FFF
S20500156893EA
S205001569D6A6
S20500156AF685
S20500156B0179
S20500156C6316
S20500156D88F0
S20500156EC8AF
S20500156F0571
S2050015706312
S2050015710470
S205001572C5AE
S205001573036F
S205001574630E
S2050015759AD6
S2050015760867
S2050015770668
S205001578333A
S2050015796804
S20500157A0368
S20500157B0169
S20500157C6306
S20500157D1058
S20500157E0562
S20500157F0660
S2050015803332
S205001581E67E
S205001582C79C
S2050015830062
S20500158463FE
S2050015850C54
S2050015860659
S2050015870856
S20500158863FA
S205001589124A
S20500158A0853
S20500158B0A50
S20500158C1346
S20500158D0553
S20500158E1047
S20500158F0056
S20500159063F2
S20500159182D2
S205001592064D
S205001593084A
S20500159467EA
S20500159580D0
S205001596004F
S205001597004E
S205001598331A
S205001599E666
S20500159AC784
S20500159B004A
S20500159C63E6
S20500159D1434
S20500159E0641
S20500159F083E
S2050015A063E2
S2050015A196AE
S2050015A2083B
S2050015A30042
S2050015A4330E
S2050015A563DD
S2050015A6033C
S2050015A7013D
S2050015A8E35A
S2050015A9023A
S2050015AA0338
S2050015ABFE3C
S2050015AC63D6
S2050015AD80B8
S2050015AED562
S2050015AF0630
S2050015B063D2
S2050015B192A2
S2050015B2052E
S2050015B3062C
S2050015B4131E
S2050015B5052B
S2050015B6101F
S2050015B7002E
S2050015B867C6
S2050015B980AC
S2050015BA002B
S2050015BB002A
S2050015BC33F6
S2050015BD63C5
S2050015BE0324
S2050015BF0125
S2050015C063C2
S2050015C11212
S2050015C20320
S2050015C3061C
S2050015C4E33E
S2050015C5160A
S2050015C6150A
S2050015C7FF1F
S2050015C8B36A
S2050015C9E735
S2050015CAC754
S2050015CB001A
S2050015CC63B6
S2050015CD9C7C
S2050015CE0710
S2050015CF0412
S2050015D0E332
S2050015D19084
S2050015D2D53E
S2050015D3FE14
S2050015D413FE
S2050015D5050B
S2050015D6000F
S2050015D7000E
S2050015D867A6
S2050015D9808C
S2050015DA000B
S2050015DB000A
S2050015DCE326
S2050015DD0800
S2050015DE08FF
S2050015DFFA0C
S2050015E0E322
S2050015E1986C
S2050015E2D52E
S2050015E3FC06
S2050015E46F92
S2050015E50000
S2050015E6807F
S2050015E702FC
S2050015E8E31A
S2050015E904F8
S2050015EA05F6
S2050015EBFCFE
S2050015ECE316
S2050015ED9266
S2050015EED522
S2050015EFFCFA
S2050015F0E312
S2050015F140B4
S2050015F215DE
S2050015F3FDF5
S2050015F4638E
S2050015F5CC24
S2050015F6A847
S2050015F700EE
S2050015F8E30A
S2050015F9EC00
S2050015FA6784
S2050015FBFAF0
S2050015FC6386
S2050015FD18D0
S2050015FEF3F4
S2050015FF00E6
S205001600E301
S205001601687B
S205001602DF03
S205001603FBE6
S20500160413CD
S20500160505DA
S20500160600DE
S20500160700DD
S205001608E3F9
S205001609F6E5
S20500160AEEEC
S20500160BF9E0
S20500160C13C5
S20500160D05D2
S20500160E10C6
S20500160F00D5
S205001610E3F1
S2050016119241
S20500161205CD
S205001613F8D9
S20500161413BD
S20500161505CA
S205001616F0DE
S205001617FFCE
S2050016186765
S205001619804B
S20500161A00CA
S20500161B00C9
S20500161CE3E5
S20500161D1AAD
S20500161E08BE
S20500161FF8CD
S205001620675D
S2050016218043
S20500162200C2
S20500162300C1
S20500162413AD
S20500162505BA
S205001626E0DE
S205001627FFBE
S2050016286755
S205001629803B
S20500162A00BA
S20500162B00B9
S20500162CE3D5
S20500162D8631
S20500162ED5E1
S20500162FFCB9
S2050016306F45
S205001631F0C3
S2050016321F93
S205001633F8B9
S205001634931D
S205001635D8D7
S2050016364569
S20500163701AC
S205001638B7F5
S20500163907A4
S20500163A109A
S20500163B00A9
S20500163C9315
S20500163D8720
S20500163EF7AF
S20500163FFFA6
S2050016401391
S205001641D7CC
S205001642465C
S20500164301A0
S205001644930D
S205001645F8A7
S205001646F8A6
S2050016477F1E
S2050016481389
S2050016490398
S20500164AF0AA
S20500164B7F1A
S20500164C3365
S20500164DFE99
S20500164EB7DF
S20500164F0095
S2050016501381
S205001651088B
S205001652058D
S2050016530091
S20500165493FD
S2050016550E81
S2050016560589
S205001657008D
S205001658B3D9
S205001659F794
S20500165AD7B3
S20500165B0089
S20500165C93F5
S20500165DD5B2
S20500165EF591
S20500165F0184
S2050016601371
S2050016610F74
S205001662067C
S2050016630081
S205001664136D
S205001665750A
S205001666F787
S2050016677FFE
S20500166893E9
S205001669D6A5
S20500166AF684
S20500166B0178
S20500166C6315
S20500166D8AED
S20500166E680E
S20500166F0471
S2050016706311
S205001671046F
S205001672650D
S205001673026F
S205001674630D
S20500167598D7
S2050016760866
S2050016770667
S2050016783339
S2050016796803
S20500167A0E5C
S20500167B0168
S20500167C6305
S20500167D1E49
S20500167E0561
S20500167F085D
S2050016803331
S205001681E67D
S205001682C79B
S2050016830061
S20500168463FD
S205001685045B
S2050016860658
S2050016870A53
S20500168863F9
S2050016891645
S20500168A0852
S20500168B0A4F
S20500168C1345
S20500168D0552
S20500168E1046
S20500168F0055
S20500169063F1
S20500169180D3
S205001692064C
S2050016930849
S20500169467E9
S20500169580CF
S205001696004E
S205001697004D
S2050016983319
S205001699E665
S20500169AC783
S20500169B0049
S20500169C1335
S20500169D0542
S20500169E2026
S20500169F0045
S2050016A0E361
S2050016A11A29
S2050016A2063C
S2050016A3FE43
S2050016A463DD
S2050016A596A9
S2050016A60836
S2050016A7003D
S2050016A83309
S2050016A96ECD
S2050016AA0E2C
S2050016AB0138
S2050016ACE355
S2050016AD0037
S2050016AE0E28
S2050016AFFE37
S2050016B063D1
S2050016B18CA7
S2050016B2D55D
S2050016B3042D
S2050016B463CD
S2050016B59E91
S2050016B60529
S2050016B70429
S2050016B81319
S2050016B90526
S2050016BA101A
S2050016BB0029
S2050016BC67C1
S2050016BD80A7
S2050016BE0026
S2050016BF0025
S2050016C033F1
S2050016C16EB5
S2050016C20E14
S2050016C30120
S2050016C463BD
S2050016C5100F
S2050016C60E10
S2050016C70617
S2050016C8E339
S2050016C91605
S2050016CA1505
S2050016CBFF1A
S2050016CCB365
S2050016CDE730
S2050016CEC74F
S2050016CF0015
S2050016D01301
S2050016D1050E
S2050016D220F2
S2050016D30011
S2050016D4E32D
S2050016D5907F
S2050016D60707
S2050016D7FC11
S2050016D8E329
S2050016D99E6D
S2050016DAD535
S2050016DBFC0D
S2050016DC13F5
S2050016DD0502
S2050016DE0006
S2050016DF0005
S2050016E0679D
S2050016E18083
S2050016E20002
S2050016E30001
S2050016E4E31D
S2050016E508F7
S2050016E605F9
S2050016E7FC01
S2050016E8E319
S2050016E99665
S2050016EAD525
S2050016EBFCFD
S2050016ECE315
S2050016ED44B3
S2050016EE15E1
S2050016EFFDF8
S2050016F06391
S2050016F1CC27
S2050016F2A84A
S2050016F300F1
S2050016F4E30D
S2050016F5E00F
S2050016F6C727
S2050016F7FDF0
S2050016F86389
S2050016F918D3
S2050016FAFEEC
S2050016FB00E9
S2050016FCE305
S2050016FD6C7B
S2050016FEDF07
S2050016FFFBEA
S20500170013D0
S20500170105DD
S20500170200E1
S20500170300E0
S205001704E3FC
S205001705F8E6
S205001706EEEF
S205001707F9E3
S20500170813C8
S20500170905D5
S20500170A10C9
S20500170B00D8
S20500170CE3F4
S20500170D9442
S20500170E05D0
S20500170FF8DC
S20500171013C0
S20500171105CD
S205001712F0E1
S205001713FFD1
S2050017146768
S205001715804E
S20500171600CD
S20500171700CC
S205001718E3E8
S2050017190AC0
S20500171A08C1
S20500171BF6D2
S20500171CE3E4
S20500171D9C2A
S20500171ED5F0
S20500171FF8CC
S2050017206F54
S205001721F0D2
S2050017229F22
S205001723FEC2
S20500172413AC
S20500172505B9
S205001726209D
S20500172700BC
S2050017286754
S205001729803A
S20500172A00B9
S20500172B00B8
S20500172CE3D4
S20500172D14A2
S20500172E08AD
S20500172FF8BC
S205001730674C
S2050017318032
S20500173200B1
S20500173300B0
S205001734E3CC
S205001735802E
S205001736D5D8
S205001737FCB0
S2050017386F3C
S205001739F0BA
S20500173ADFCA
S20500173BF7B1
S20500173C1394
S20500173D01A5
S20500173E01A4
S20500173FFDA7
S2050017409310
S205001741D7CB
S205001742455C
S205001743019F
S205001744237C
S205001745247A
S205001746811C
S205001747029A
S2050017482378
S2050017492278
S20500174A9108
S20500174B0296
S20500174C2374
S20500174D2076
S20500174E2174
S20500174F0391
S2050017502370
S2050017512E64
S2050017523160
S205001753018F
S205001754236C
S2050017552A64
S205001756513C
S205001757018B
S20500175893F8
S20500175994F6
S20500175AC5C4
S20500175B0088
S20500175C2364
S20500175D2660
S20500175E1174
S20500175F0282
S2050017602360
S2050017612C56
S2050017624140
S205001763017F
S205001764235C
S2050017652856
S205001766611C
S205001767017B
S2050017682358
S2050017692654
S20500176A7108
S20500176B0177
S20500176C2354
S20500176D2452
S20500176E81F4
S20500176F0173
S20500177093E0
S205001771F77B
S205001772F77A
S2050017737FF1
S205001774135C
S205001775046A
S2050017760568
S205001777006C
S20500177893D8
S2050017790A60
S20500177A0663
S20500177B0068
S20500177C93D4
S20500177D89DD
S20500177E065F
S20500177F0064
S20500178093D0
S205001781D48E
S205001782C49D
S2050017830060
S205001784134C
S205001785D985
S205001786F568
S205001787015B
S20500178863F8
S20500178980DA
S20500178A0752
S20500178B4E0A
S20500178C1344
S20500178D074F
S20500178EF065
S20500178F7FD5
S20500179063F0
S20500179186CC
S205001792E76A
S2050017930A46
S20500179493BC
S20500179596B8
S2050017963419
S205001797004C
S2050017981338
S20500179957F3
S20500179AD574
S20500179B0147
S20500179C3314
S20500179D67DF
S20500179ED76E
S20500179F0044
S2050017A0B78C
S2050017A1063C
S2050017A280C1
S2050017A30040
S2050017A4B38C
S2050017A564DA
S2050017A6D766
S2050017A7003C
S2050017A81328
S2050017A91A20
S2050017AA3504
S2050017AB0038
S2050017AC1324
S2050017AD8CAA
S2050017AE171E
S2050017AFC074
S2050017B01320
S2050017B10B27
S2050017B20031
S2050017B30030
S2050017B4939C
S2050017B50B23
S2050017B6002D
S2050017B7002C
S2050017B89398
S2050017B9D753
S2050017BA49E0
S2050017BB0127
S2050017BC1314
S2050017BD978F
S2050017BEC95C
S2050017BF0024
S2050017C09390
S2050017C1F72B
S2050017C2F72A
S2050017C37FA1
S2050017C4130C
S2050017C58E90
S2050017C60A13
S2050017C7001C
S2050017C81308
S2050017C954C6
S2050017CAC752
S2050017CB0018
S2050017CC9384
S2050017CDD93D
S2050017CEF91C
S2050017CF0113
S2050017D063B0
S2050017D18092
S2050017D2070A
S2050017D30A06
S2050017D413FC
S2050017D50707
S2050017D6F01D
S2050017D77F8D
S2050017D863A8
S2050017D98E7C
S2050017DAE722
S2050017DB14F4
S2050017DC13F4
S2050017DD17EF
S2050017DE34D1
S2050017DF0004
S2050017E09370
S2050017E1D62C
S2050017E2DA27
S2050017E301FF
S2050017E4B34C
S2050017E5E618
S2050017E6E617
S2050017E700FC
S2050017E89368
S2050017E98773
S2050017EA17E2
S2050017EBC038
S2050017EC37C0
S2050017ED07EF
S2050017EE8075
S2050017EF00F4
S2050017F033C0
S2050017F1E40E
S2050017F2E60B
S2050017F300F0
S2050017F413DC
S2050017F59E50
S2050017F63AB3
S2050017F700EC
S2050017F833B8
S2050017F98367
S2050017FA8762
S2050017FB01E7
S2050017FC9354
S2050017FD06E0
S2050017FE00E5
S2050017FF00E4
S205001800934F
S20500180107DA
S205001802A040
S20500180300DF
S205001804934B
S20500180508D5
S20500180613C9
S20500180700DB
S2050018086377
S205001809CC0D
S20500180A6771
S20500180B0BCC
S20500180CB323
S20500180D4590
S20500180E399B
S20500180F01D2
S205001810933F
S20500181107CA
S20500181220B0
S20500181300CF
S20500181413BB
S2050018158845
S20500181605C7
S20500181700CB
S2050018186367
S205001819C603
S20500181A6761
S20500181B15B2
S20500181C13B3
S20500181D0BBA
S20500181EFBC9
S20500181FFFC4
S20500182013AF
S20500182107BA
S20500182210B0
S20500182300BF
S205001824635B
S205001825605D
S2050018266755
S20500182717A4
S2050018286357
S2050018298633
S20500182AF6C2
S20500182B486F
S20500182C9323
S20500182D04B1
S20500182E04B0
S20500182F00B3
S205001830139F
S2050018310AA7
S2050018320EA2
S20500183300AF
S205001834931B
S2050018358B22
S20500183606A6
S20500183700AB
S2050018386F3B
S20500183900A9
S20500183AC0E8
S20500183B099E
S20500183C3373
S20500183DEABB
S20500183EA400
S20500183F00A3
S205001840633F
S205001841148D
S2050018420A96
S2050018434857
S205001844930B
S205001845D7C6
S2050018464953
S205001847019A
S2050018481387
S2050018499702
S20500184AC9CF
S20500184B0097
S20500184C9303
S20500184DF79E
S20500184EF79D
S20500184F7F14
S20500185093FF
S205001851048D
S2050018520090
S205001853008F
S205001854137B
S2050018550B82
S205001856800C
S205001857008B
S2050018581377
S2050018590C7D
S20500185AF098
S20500185B7F08
S20500185C93F3
S20500185D0B7A
S20500185E2064
S20500185F0083
S205001860136F
S2050018618EF3
S2050018620A76
S205001863007F
S205001864136B
S2050018655429
S205001866C7B5
S205001867007B
S20500186893E7
S205001869D9A0
S20500186AF97F
S20500186B0176
S20500186CE393
S20500186D94E1
S20500186E076D
S20500186FF67D
S205001870B3BF
S205001871670A
S205001872541C
S205001873016E
S205001874630B
S2050018758EDF
S2050018760765
S2050018774625
S2050018786307
S2050018790C5D
S20500187A0464
S20500187B5413
S20500187C1353
S20500187D0560
S20500187E0460
S20500187F0063
S205001880EF73
S2050018811051
S2050018820060
S2050018830B54
S205001884134B
S205001885035A
S2050018860557
S205001887005B
S2050018881347
S2050018890752
S20500188A5503
S20500188BFF58
S20500188C93C3
S20500188D074E
S20500188ED084
S20500188F0152
S205001890133F
S2050018910E43
S20500189283CD
S205001893FF50
S205001894B39B
S20500189587C6
S205001896E765
S205001897400B
S205001898B397
S205001899D772
S20500189AFA4E
S20500189B0047
S20500189C3313
S20500189D172E
S20500189EC480
S20500189F0142
S2050018A0330F
S2050018A1E45D
S2050018A2E759
S2050018A3003F
S2050018A4330B
S2050018A59E9F
S2050018A6CA72
S2050018A7013A
S2050018A83307
S2050018A90336
S2050018AA6CCC
S2050018AB40F7
S2050018AC1323
S2050018AD0332
S2050018AED361
S2050018AFC073
S2050018B0939F
S2050018B1072A
S2050018B2A090
S2050018B3002F
S2050018B4939B
S2050018B50627
S2050018B6002C
S2050018B7002B
S2050018B89397
S2050018B90821
S2050018BA1315
S2050018BB0027
S2050018BCE343
S2050018BDD84D
S2050018BE67BD
S2050018BFF52E
S2050018C0938F
S2050018C1051C
S2050018C20917
S2050018C3001F
S2050018C4938B
S2050018C50716
S2050018C620FC
S2050018C7001B
S2050018C863B7
S2050018C98693
S2050018CAFB1D
S2050018CB3ED9
S2050018CC9383
S2050018CD070E
S2050018CE30E4
S2050018CF0013
S2050018D063AF
S2050018D18889
S2050018D2FB15
S2050018D354BB
S2050018D4937B
S2050018D50706
S2050018D610FC
S2050018D7000B
S2050018D813F7
S2050018D98881
S2050018DA0503
S2050018DB0007
S2050018DC63A3
S2050018DD966F
S2050018DEFB09
S2050018DF52B1
S2050018E0936F
S2050018E107FA
S2050018E20000
S2050018E300FF
S2050018E4936B
S2050018E506F7
S2050018E600FC
S2050018E700FB
S2050018E813E7
S2050018E907F2
S2050018EA00F8
S2050018EB00F7
S2050018EC8373
S2050018ED20D5
S2050018EEC133
S2050018EF02F1
S2050018F003EF
S2050018F124CD
S2050018F2816F
S2050018F302ED
S2050018F4935B
S2050018F59756
S2050018F647A5
S2050018F701EA
S2050018F8B337
S2050018F9E702
S2050018FAD711
S2050018FB00E7
S2050018FC13D3
S2050018FD18CD
S2050018FEF8EC
S2050018FF01E2
S205001900B32E
S205001901E7F9
S20500190207D8
S20500190301DD
S205001904835A
S20500190524B8
S205001906419A
S20500190702D8
S20500190803D6
S20500190929AF
S20500190A01D6
S20500190B02D4
S20500190C8352
S20500190D29AB
S20500190EC112
S20500190F01D1
S20500191003CE
S2050019112AA6
S205001912814E
S20500191301CD
S205001914834A
S2050019152AA2
S205001916418A
S20500191701C9
S20500191803C6
S2050019192B9D
S20500191A01C6
S20500191B01C5
S20500191C8342
S20500191D2B99
S20500191EC102
S20500191F00C2
S20500192003BE
S2050019212C94
S205001922813E
S20500192300BE
S20500192413AA
S20500192505B7
S20500192607B4
S20500192700BA
S2050019289326
S2050019298533
S20500192A07B0
S20500192B00B6
S20500192C13A2
S20500192D01B3
S20500192E01B2
S20500192F03AF
S205001930674A
S2050019318030
S20500193200AF
S20500193300AE
S205001934337A
S2050019356745
S2050019365457
S20500193701A9
S2050019381396
S20500193903A5
S20500193AFCAB
S20500193B7F27
S20500193C6342
S20500193D069E
S20500193E079C
S20500193F3C66
S205001940376A
S2050019411789
S205001942009F
S205001943009E
S205001944336A
S2050019454854
S2050019463962
S2050019470199
S2050019481386
S2050019490791
S20500194A0790
S20500194B8016
S20500194C1382
S20500194D6B29
S20500194E3B58
S20500194F0092
S20500195093FE
S205001951068A
S205001952A0EF
S205001953008E
S20500195493FA
S2050019550587
S2050019560883
S205001957008A
S205001958B3D6
S2050019590880
S20500195AEC9B
S20500195B0086
S20500195C6322
S20500195DCCB8
S20500195E661D
S20500195F433F
S20500196093EE
S205001961067A
S205001962304F
S205001963007E
S205001964136A
S2050019650676
S205001966106B
S205001967007A
S2050019683346
S2050019691662
S20500196A6611
S20500196B0175
S20500196C1362
S20500196D77FD
S20500196E066D
S20500196F531F
S205001970E38E
S2050019711A56
S2050019720768
S205001973F47A
S20500197493DA
S20500197577F5
S2050019760665
S2050019772446
S2050019786306
S20500197990D8
S20500197A0760
S20500197B481E
S20500197C1352
S20500197D76EE
S20500197E86DD
S20500197F085A
S20500198063FE
S2050019811E42
S2050019820659
S2050019833826
S205001984B7A6
S2050019850F4D
S205001986015A
S205001987005A
S20500198893C6
S20500198982D6
S20500198AFF58
S20500198BFF57
S20500198C3322
S20500198D7FD5
S20500198E5AF9
S20500198F0052
S205001990B39E
S20500199172DE
S2050019925EF1
S205001993004E
S205001994133A
S2050019955AF2
S2050019960A41
S2050019970149
S2050019981336
S2050019995EEA
S20500199A0E39
S20500199B0145
S20500199C1332
S20500199D053F
S20500199E0F34
S20500199F0042
S2050019A093AE
S2050019A185BB
S2050019A2023D
S2050019A3003E
S2050019A4EF4E
S2050019A5003C
S2050019A650EB
S2050019A76BCF
S2050019A81326
S2050019A90731
S2050019AA0532
S2050019AB0036
S2050019AC93A2
S2050019AD052F
S2050019AE0E25
S2050019AF0032
S2050019B0131E
S2050019B1052B
S2050019B20F20
S2050019B3002E
S2050019B4EF3E
S2050019B5002C
S2050019B650DB
S2050019B76AC0
S2050019B89396
S2050019B90721
S2050019BA0522
S2050019BB0026
S2050019BC9392
S2050019BD859F
S2050019BE0221
S2050019BF0022
S2050019C0130E
S2050019C1051B
S2050019C20A15
S2050019C3001E
S2050019C4EF2E
S2050019C5001C
S2050019C650CB
S2050019C769B1
S2050019C89386
S2050019C90E0A
S2050019CA0512
S2050019CB0016
S2050019CC9382
S2050019CD050F
S2050019CE0E05
S2050019CF0012
S2050019D013FE
S2050019D1050B
S2050019D20A05
S2050019D3000E
S2050019D4EF1E
S2050019D5000C
S2050019D650BB
S2050019D768A2
S2050019D8B356
S2050019D98682
S2050019DAD730
S2050019DB0105
S2050019DC9372
S2050019DD53B1
S2050019DE07FC
S2050019DF0101
S2050019E0B34E
S2050019E1837D
S2050019E2D32C
S2050019E300FE
S2050019E4936A
S2050019E507F5
S2050019E605F6
S2050019E700FA
S2050019E86396
S2050019E9F404
S2050019EAD324
S2050019EB01F5
S2050019ECB342
S2050019ED07ED
S2050019EEF5FE
S2050019EF01F1
S2050019F0B73A
S2050019F109E7
S2050019F201EE
S2050019F300EE
S2050019F413DA
S2050019F58963
S2050019F6F9F2
S2050019F7FFEB
S2050019F8B336
S2050019F9FEEA
S2050019FA23C4
S2050019FB01E5
S2050019FC33B2
S2050019FD776D
S2050019FE27BC
S2050019FF01E1
S205001A00934D
S205001A019E41
S205001A020ED0
S205001A0301DC
S205001A0433A9
S205001A057962
S205001A0624B6
S205001A0701D8
S205001A089345
S205001A09D304
S205001A0A03D3
S205001A0B01D4
S205001A0CB321
S205001A0D8E45
S205001A0EEEE4
S205001A0F00D1
S205001A1013BD
S205001A11547B
S205001A1204CA
S205001A1301CC
S205001A1413B9
S205001A1505C6
S205001A160FBB
S205001A1700C9
S205001A189335
S205001A1905C2
S205001A1A09BD
S205001A1B00C5
S205001A1CEFD5
S205001A1D00C3
S205001A1ED0F2
S205001A1F635E
S205001A20932D
S205001A210FB0
S205001A2205B9
S205001A2300BD
S205001A249329
S205001A2505B6
S205001A2604B6
S205001A2700B9
S205001A2813A5
S205001A2905B2
S205001A2A0FA7
S205001A2B00B5
S205001A2CEFC5
S205001A2D00B3
S205001A2ED0E2
S205001A2F624F
S205001A30139D
S205001A3107A8
S205001A3205A9
S205001A3300AD
S205001A349319
S205001A3505A6
S205001A3609A1
S205001A3700A9
S205001A381395
S205001A3905A2
S205001A3A0A9C
S205001A3B00A5
S205001A3CEFB5
S205001A3D00A3
S205001A3ED0D2
S205001A3F6140
S205001A40138D
S205001A410F90
S205001A420599
S205001A43009D
S205001A449309
S205001A450596
S205001A460496
S205001A470099
S205001A481385
S205001A490592
S205001A4A0A8C
S205001A4B0095
S205001A4CEFA5
S205001A4D0093
S205001A4ED0C2
S205001A4F6031
S205001A5093FD
S205001A51D6B9
S205001A520F7F
S205001A53018C
S205001A543359
S205001A550784
S205001A56E7A3
S205001A570188
S205001A58B3D5
S205001A598601
S205001A5AE6A0
S205001A5B0085
S205001A5C6321
S205001A5DF48F
S205001A5EE69C
S205001A5F0180
S205001A60334D
S205001A61057A
S205001A623549
S205001A63017C
S205001A643745
S205001A650A71
S205001A660179
S205001A670079
S205001A681365
S205001A690F68
S205001A6AFA7C
S205001A6BFF76
S205001A6C3341
S205001A6DF77C
S205001A6EE68C
S205001A6F0170
S205001A70B3BD
S205001A71FF70
S205001A72EF7F
S205001A73016C
S205001A741359
S205001A751754
S205001A760763
S205001A770168
S205001A783335
S205001A790760
S205001A7AF76F
S205001A7B0164
S205001A7C3331
S205001A7DFF64
S205001A7EE47E
S205001A7F0160
S205001A8093CD
S205001A81D689
S205001A820658
S205001A83015C
S205001A84B3A9
S205001A858FCC
S205001A86A6B4
S205001A870059
S205001A88B3A5
S205001A8983D4
S205001A8AE373
S205001A8B0055
S205001A8C93C1
S205001A8DD47F
S205001A8E044E
S205001A8F0150
S205001A90133D
S205001A91054A
S205001A920F3F
S205001A93004D
S205001A9493B9
S205001A9585C6
S205001A960248
S205001A970049
S205001A98EF59
S205001A990047
S205001A9A1036
S205001A9B5CE9
S205001A9C93B1
S205001A9D0A39
S205001A9E053D
S205001A9F0041
S205001AA093AD
S205001AA1053A
S205001AA20E30
S205001AA3003D
S205001AA41329
S205001AA50536
S205001AA60F2B
S205001AA70039
S205001AA8EF49
S205001AA90037
S205001AAA1026
S205001AAB5BDA
S205001AAC93A1
S205001AAD092A
S205001AAE052D
S205001AAF0031
S205001AB0939D
S205001AB185AA
S205001AB2022C
S205001AB3002D
S205001AB41319
S205001AB585A6
S205001AB60426
S205001AB70029
S205001AB8EF39
S205001AB90027
S205001ABA1016
S205001ABB5ACB
S205001ABC9391
S205001ABD0221
S205001ABE051D
S205001ABF0021
S205001AC0938D
S205001AC1051A
S205001AC20E10
S205001AC3001D
S205001AC41309
S205001AC58596
S205001AC60416
S205001AC70019
S205001AC8EF29
S205001AC90017
S205001ACA1006
S205001ACB59BC
S205001ACC1301
S205001ACDD63D
S205001ACE0A08
S205001ACF0110
S205001AD0B35D
S205001AD18986
S205001AD259B5
S205001AD3000D
S205001AD433D9
S205001AD50605
S205001AD636D4
S205001AD70108
S205001AD863A5
S205001AD97493
S205001ADA56B0
S205001ADB0005
S205001ADC33D1
S205001ADD05FE
S205001ADE45BD
S205001ADF0100
S205001AE037C9
S205001AE10AF5
S205001AE201FD
S205001AE300FD
S205001AE49369
S205001AE506F5
S205001AE6FA00
S205001AE7FFFA
S205001AE8B345
S205001AE97285
S205001AEAD620
S205001AEB00F5
S205001AECB341
S205001AEDFAF9
S205001AEEDA18
S205001AEF00F1
S205001AF013DD
S205001AF15699
S205001AF206E8
S205001AF301EC
S205001AF49359
S205001AF59259
S205001AF602E8
S205001AF701E8
S205001AF833B5
S205001AF90ED9
S205001AFAA640
S205001AFB00E5
S205001AFCB331
S205001AFD8261
S205001AFE5290
S205001AFF01E0
S205001B0013CC
S205001B0105D9
S205001B020FCE
S205001B0300DC
S205001B049348
S205001B0505D5
S205001B0609D0
S205001B0700D8
S205001B08EFE8
S205001B0900D6
S205001B0A10C5
S205001B0B557F
S205001B0C9340
S205001B0D09C9
S205001B0E05CC
S205001B0F00D0
S205001B10933C
S205001B1105C9
S205001B1204C9
S205001B1300CC
S205001B1413B8
S205001B1505C5
S205001B160FBA
S205001B1700C8
S205001B18EFD8
S205001B1900C6
S205001B1A10B5
S205001B1B5470
S205001B1C13B0
S205001B1D0FB3
S205001B1E05BC
S205001B1F00C0
S205001B20932C
S205001B2105B9
S205001B2209B4
S205001B2300BC
S205001B2413A8
S205001B258535
S205001B2604B5
S205001B2700B8
S205001B28EFC8
S205001B2900B6
S205001B2A10A5
S205001B2B5361
S205001B2C13A0
S205001B2D09A9
S205001B2E05AC
S205001B2F00B0
S205001B30931C
S205001B3105A9
S205001B3204A9
S205001B3300AC
S205001B341398
S205001B358525
S205001B3604A5
S205001B3700A8
S205001B38EFB8
S205001B3900A6
S205001B3A1095
S205001B3B5252
S205001B3CB3F0
S205001B3D069C
S205001B3E2F72
S205001B3F019F
S205001B40930C
S205001B41D5C9
S205001B420994
S205001B43019B
S205001B443368
S205001B458416
S205001B46D5C4
S205001B470098
S205001B481384
S205001B490F87
S205001B4A0590
S205001B4B0094
S205001B4C6330
S205001B4D741E
S205001B4E246D
S205001B4F018F
S205001B50335C
S205001B510F7F
S205001B524548
S205001B53018B
S205001B543754
S205001B550684
S205001B560188
S205001B570088
S205001B581374
S205001B590680
S205001B5AF68F
S205001B5BFF85
S205001B5CB3D0
S205001B5D760C
S205001B5EC4BD
S205001B5F0080
S205001B60B3CC
S205001B61F985
S205001B62C9B4
S205001B63007C
S205001B6493E8
S205001B6596E4
S205001B660673
S205001B670177
S205001B68B3C4
S205001B6987EF
S205001B6A77FE
S205001B6B0074
S205001B6CB3C0
S205001B6D86EC
S205001B6E363B
S205001B6F016F
S205001B70B3BC
S205001B7185E9
S205001B72F677
S205001B73016B
S205001B743338
S205001B75B7B3
S205001B76E782
S205001B770068
S205001B783334
S205001B7987DF
S205001B7AE580
S205001B7B0064
S205001B7CB3B0
S205001B7D82E0
S205001B7E570A
S205001B7F0060
S205001B80332C
S205001B810658
S205001B82C796
S205001B83015B
S205001B84B3A8
S205001B85B7A3
S205001B86F267
S205001B870058
S205001B88B3A4
S205001B89074F
S205001B8AF65F
S205001B8B0054
S205001B8CB3A0
S205001B8DB69C
S205001B8ED57C
S205001B8F0050
S205001B90B39C
S205001B913519
S205001B92B796
S205001B93004C
S205001B94B398
S205001B95E664
S205001B96B693
S205001B970048
S205001B983314
S205001B99370F
S205001B9AE65F
S205001B9B0044
S205001B9C93B0
S205001B9D55ED
S205001B9E043D
S205001B9F013F
S205001BA0330C
S205001BA1B688
S205001BA2C776
S205001BA3003C
S205001BA4B388
S205001BA586B4
S205001BA6B683
S205001BA70038
S205001BA81324
S205001BA99A9C
S205001BAA92A3
S205001BAB0034
S205001BAC3300
S205001BAD67CB
S205001BAEC76A
S205001BAF0030
S205001BB033FC
S205001BB10727
S205001BB2D756
S205001BB3002C
S205001BB433F8
S205001BB56AC0
S205001BB6DA4F
S205001BB70127
S205001BB833F4
S205001BB9071F
S205001BBAE73E
S205001BBB0123
S205001BBC33F0
S205001BBD3AE8
S205001BBE40E1
S205001BBF011F
S205001BC0938C
S205001BC1D24C
S205001BC272AB
S205001BC3011B
S205001BC41308
S205001BC51703
S205001BC69782
S205001BC70018
S205001BC89384
S205001BC9D640
S205001BCA779E
S205001BCB0113
S205001BCC33E0
S205001BCD6AA8
S205001BCE5AB7
S205001BCF0010
S205001BD0937C
S205001BD19777
S205001BD29776
S205001BD3000C
S205001BD433D8
S205001BD56AA0
S205001BD6FA0F
S205001BD70008
S205001BD89374
S205001BD917EF
S205001BDA778E
S205001BDB0004
S205001BDCB350
S205001BDD649E
S205001BDED72A
S205001BDF0000
S205001BE0639C
S205001BE1D02E
S205001BE207F6
S205001BE302FA
S205001BE49368
S205001BE557A3
S205001BE61ADF
S205001BE700F8
S205001BE813E4
S205001BE97A7C
S205001BEA1ADB
S205001BEB00F4
S205001BEC13E0
S205001BED975B
S205001BEEF4FD
S205001BEF01EF
S205001BF0B33C
S205001BF1E707
S205001BF247A6
S205001BF301EB
S205001BF433B8
S205001BF5EA00
S205001BF6E702
S205001BF700E8
S205001BF89354
S205001BF9D412
S205001BFA14D1
S205001BFB00E4
S205001BFC13D0
S205001BFD835F
S205001BFE08D9
S205001BFF00E0
S205001C00934B
S205001C0107D6
S205001C02F3E9
S205001C033F9C
S205001C046377
S205001C055683
S205001C06F0E8
S205001C0712C5
S205001C0813C3
S205001C09775E
S205001C0A7A5A
S205001C0B00D3
S205001C0C636F
S205001C0D00D1
S205001C0E07C9
S205001C0F02CD
S205001C1013BB
S205001C117756
S205001C12FAD2
S205001C1300CB
S205001C149337
S205001C1506C3
S205001C164088
S205001C1700C7
S205001C186363
S205001C190ABB
S205001C1AD7ED
S205001C1B00C3
S205001C1C13AF
S205001C1D07BA
S205001C1E4A76
S205001C1F00BF
S205001C20338B
S205001C213A83
S205001C224775
S205001C2301BA
S205001C24B307
S205001C258435
S205001C264474
S205001C2701B6
S205001C2813A3
S205001C290AAB
S205001C2A07AD
S205001C2B00B3
S205001C2C139F
S205001C2D971A
S205001C2E743C
S205001C2F00AF
S205001C30634B
S205001C315A53
S205001C3207A5
S205001C3300AB
S205001C34B7F3
S205001C3507A2
S205001C3600A8
S205001C37FFA8
S205001C389313
S205001C39871E
S205001C3AF7AD
S205001C3BFFA4
S205001C3CB3EF
S205001C3DF4AD
S205001C3EF4AC
S205001C3F009F
S205001C40930B
S205001C410796
S205001C420399
S205001C43405B
S205001C441387
S205001C450792
S205001C46E0B8
S205001C477F18
S205001C486333
S205001C494451
S205001C4AF79D
S205001C4B1C77
S205001C4C137F
S205001C4D5A37
S205001C4E3A56
S205001C4F008F
S205001C50137B
S205001C5197F6
S205001C52D4B8
S205001C53018A
S205001C5493F7
S205001C5596F3
S205001C5694F4
S205001C570087
S205001C583353
S205001C59671E
S205001C5A473D
S205001C5B0182
S205001C5C93EF
S205001C5DD6AB
S205001C5EC6BA
S205001C5F007F
S205001C6093EB
S205001C61F786
S205001C62F785
S205001C637FFC
S205001C646F0B
S205001C65F089
S205001C669FD9
S205001C67C8AF
S205001C683343
S205001C69EA8B
S205001C6AA4D0
S205001C6B0073
S205001C6C630F
S205001C6D0869
S205001C6E0A66
S205001C6F0669
S205001C70630B
S205001C718EDF
S205001C720468
S205001C731259
S205001C741357
S205001C7585E4
S205001C760464
S205001C770067
S205001C78EF77
S205001C790065
S205001C7A90D4
S205001C7B4B18
S205001C7C134F
S205001C7D075A
S205001C7E055B
S205001C7F005F
S205001C8093CB
S205001C810657
S205001C825507
S205001C83FF5C
S205001C8493C7
S205001C850752
S205001C86D088
S205001C870156
S205001C881343
S205001C890A4B
S205001C8A87CD
S205001C8BFF54
S205001C8CB39F
S205001C8D87CA
S205001C8ED779
S205001C8F400F
S205001C90B39B
S205001C9157F6
S205001C92F458
S205001C93004B
S205001C94B397
S205001C9596B3
S205001C964404
S205001C970146
S205001C98B393
S205001C99E461
S205001C9AD76D
S205001C9B0043
S205001C9C330F
S205001C9D1A27
S205001C9E44FC
S205001C9F013E
S205001CA093AB
S205001CA10736
S205001CA2D06C
S205001CA3C07B
S205001CA43307
S205001CA58CAD
S205001CA6E751
S205001CA740F7
S205001CA81323
S205001CA90B2A
S205001CAA0034
S205001CAB0033
S205001CAC939F
S205001CAD0B26
S205001CAE0030
S205001CAF002F
S205001CB06FBF
S205001CB1F03D
S205001CB29F8D
S205001CB3B07B
S205001CB41317
S205001CB588A1
S205001CB60523
S205001CB70027
S205001CB89393
S205001CB9071E
S205001CBAF034
S205001CBB7FA4
S205001CBC938F
S205001CBD061B
S205001CBE0020
S205001CBF001F
S205001CC0130B
S205001CC10716
S205001CC2001C
S205001CC3001B
S205001CC46FAB
S205001CC5F029
S205001CC69F79
S205001CC7C255
S205001CC81303
S205001CC90A0B
S205001CCA050F
S205001CCB0013
S205001CCC13FF
S205001CCD0B06
S205001CCEC050
S205001CCF000F
S205001CD013FB
S205001CD10C01
S205001CD2F01C
S205001CD37F8C
S205001CD49377
S205001CD50BFE
S205001CD630D8
S205001CD70007
S205001CD86F97
S205001CD9F015
S205001CDA1FE5
S205001CDBAE55
S205001CDC936F
S205001CDD04FD
S205001CDE0000
S205001CDF00FF
S205001CE013EB
S205001CE10BF2
S205001CE240BC
S205001CE300FB
S205001CE413E7
S205001CE50CED
S205001CE600F8
S205001CE700F7
S205001CE89363
S205001CE90BEA
S205001CEA10E4
S205001CEB00F3
S205001CEC6F83
S205001CEDF001
S205001CEEDF11
S205001CEFAC43
S205001CF013DB
S205001CF16B82
S205001CF21BD1
S205001CF300EB
S205001CF413D7
S205001CF503E6
S205001CF60CDC
S205001CF700E7
S205001CF813D3
S205001CF904E1
S205001CFA00E4
S205001CFB00E3
S205001CFC13CF
S205001CFD0ED3
S205001CFE00E0
S205001CFF00DF
S205001D00934A
S205001D0106D6
S205001D0210CB
S205001D0300DA
S205001D046F6A
S205001D05F0E8
S205001D06DFF8
S205001D07AF27
S205001D0813C2
S205001D096B69
S205001D0A2BA8
S205001D0B00D2
S205001D0C13BE
S205001D0D04CC
S205001D0E00CF
S205001D0F00CE
S205001D1013BA
S205001D110EBE
S205001D1200CB
S205001D1300CA
S205001D149336
S205001D1506C2
S205001D1620A7
S205001D1700C6
S205001D186F56
S205001D19F0D4
S205001D1A9F24
S205001D1BAE14
S205001D1C932E
S205001D1D04BC
S205001D1E04BB
S205001D1F00BE
S205001D2013AA
S205001D210AB2
S205001D220EAD
S205001D2300BA
S205001D249326
S205001D258B2D
S205001D2606B1
S205001D2700B6
S205001D289322
S205001D29852F
S205001D2A09AA
S205001D2B00B2
S205001D2C6F42
S205001D2DF0C0
S205001D2E9F10
S205001D2FB9F5
S205001D30139A
S205001D3107A5
S205001D32109B
S205001D3300AA
S205001D346346
S205001D359018
S205001D3607A0
S205001D371096
S205001D381392
S205001D3903A1
S205001D3AE3C0
S205001D3B4161
S205001D3C336E
S205001D3D168A
S205001D3E6A35
S205001D3F009E
S205001D40336A
S205001D413666
S205001D42C0DB
S205001D43009A
S205001D443366
S205001D459305
S205001D466433
S205001D470096
S205001D483362
S205001D495A3A
S205001D4AEAA9
S205001D4B0092
S205001D4C335E
S205001D4D662A
S205001D4E6629
S205001D4F008E
S205001D50335A
S205001D516626
S205001D524645
S205001D530189
S205001D5493F6
S205001D557711
S205001D567611
S205001D570086
S205001D58B3D2
S205001D59D5AF
S205001D5AE49F
S205001D5B0082
S205001D5C631E
S205001D5D8000
S205001D5E0778
S205001D5F027C
S205001D6093EA
S205001D617705
S205001D62F685
S205001D63007A
S205001D641366
S205001D650771
S205001D664037
S205001D670076
S205001D686312
S205001D698AEA
S205001D6AE78C
S205001D6B0072
S205001D6C93DE
S205001D6D0769
S205001D6E4629
S205001D6F006E
S205001D70333A
S205001D71B6B6
S205001D72C7A4
S205001D73006A
S205001D74B3B6
S205001D7585E3
S205001D76C5A2
S205001D770066
S205001D781352
S205001D7986DE
S205001D7A075C
S205001D7B0062
S205001D7C134E
S205001D7D95CB
S205001D7E85DA
S205001D7F005E
S205001D8093CA
S205001D810755
S205001D82104B
S205001D83005A
S205001D8493C6
S205001D850652
S205001D860057
S205001D870056
S205001D881342
S205001D89074D
S205001D8A0053
S205001D8B0052
S205001D8CE36E
S205001D8D4010
S205001D8E054A
S205001D8FB698
S205001D906FDE
S205001D91004C
S205001D92C08B
S205001D93103A
S205001D941336
S205001D950741
S205001D96F057
S205001D970046
S205001D9863E2
S205001D991034
S205001D9AEB58
S205001D9B1230
S205001D9C132E
S205001D9D0838
S205001D9E003F
S205001D9F003E
S205001DA0B786
S205001DA10636
S205001DA20833
S205001DA3003A
S205001DA41326
S205001DA50731
S205001DA60037
S205001DA70036
S205001DA86FC6
S205001DA9F044
S205001DAA5FD4
S205001DABB47E
S205001DACEF42
S205001DAD0030
S205001DAE50DF
S205001DAF38F6
S205001DB0939A
S205001DB10626
S205001DB255D6
S205001DB30129
S205001DB49396
S205001DB50721
S205001DB6C067
S205001DB70125
S205001DB81312
S205001DB9071D
S205001DBA051E
S205001DBB0220
S205001DBCE33E
S205001DBDD44C
S205001DBED748
S205001DBFEC32
S205001DC0130A
S205001DC10517
S205001DC28596
S205001DC3FF1B
S205001DC41306
S205001DC50A0E
S205001DC60017
S205001DC70016
S205001DC8B362
S205001DC91400
S205001DCAA46F
S205001DCB0012
S205001DCC6FA2
S205001DCDF020
S205001DCE5FB0
S205001DCFED21
S205001DD013FA
S205001DD18587
S205001DD20A01
S205001DD3000A
S205001DD4EF1A
S205001DD50008
S205001DD6D037
S205001DD735D1
S205001DD813F2
S205001DD907FD
S205001DDA55AE
S205001DDB0101
S205001DDC936E
S205001DDD07F9
S205001DDEC03F
S205001DDF01FD
S205001DE013EA
S205001DE103F9
S205001DE205F6
S205001DE302F8
S205001DE4E316
S205001DE5D424
S205001DE6E710
S205001DE7AA4C
S205001DE813E2
S205001DE905EF
S205001DEA856E
S205001DEBFFF3
S205001DEC13DE
S205001DED0EE2
S205001DEE00EF
S205001DEF00EE
S205001DF033BA
S205001DF19458
S205001DF2AA41
S205001DF300EA
S205001DF46F7A
S205001DF5F0F8
S205001DF65F88
S205001DF7AB3B
S205001DF813D2
S205001DF908DC
S205001DFA00E3
S205001DFB00E2
S205001DFC934E
S205001DFD07D9
S205001DFEF0EF
S205001DFF7F5F
S205001E00B725
S205001E0106D5
S205001E0208D2
S205001E0300D9
S205001E046F69
S205001E05F0E7
S205001E069F37
S205001E07AE27
S205001E0813C1
S205001E098350
S205001E0A08CA
S205001E0B00D1
S205001E0C6F61
S205001E0DF0DF
S205001E0E5F6F
S205001E0FDFEE
S205001E109339
S205001E1107C4
S205001E12F0DA
S205001E137F4A
S205001E149335
S205001E1506C1
S205001E1600C6
S205001E1700C5
S205001E1813B1
S205001E1907BC
S205001E1A00C2
S205001E1B00C1
S205001E1C6F51
S205001E1DF0CF
S205001E1E1F9F
S205001E1FAD10
S205001E2013A9
S205001E2108B3
S205001E2200BA
S205001E2300B9
S205001E249325
S205001E2507B0
S205001E26F0C6
S205001E277F36
S205001E28B7FD
S205001E2906AD
S205001E2A08AA
S205001E2B00B1
S205001E2C139D
S205001E2D07A8
S205001E2E00AE
S205001E2F00AD
S205001E306F3D
S205001E31F0BB
S205001E32DFCB
S205001E33ABFE
S205001E343375
S205001E3507A0
S205001E36F7AF
S205001E374065
S205001E389311
S205001E39069D
S205001E3A8022
S205001E3B039E
S205001E3CE3BD
S205001E3DC2DD
S205001E3EE6B8
S205001E3FAAF3
S205001E409309
S205001E410695
S205001E42F0AA
S205001E430198
S205001E44E3B5
S205001E45DABD
S205001E46E6B0
S205001E47EEA7
S205001E489301
S205001E49068D
S205001E4A1082
S205001E4BFE93
S205001E4CB3DD
S205001E4D8708
S205001E4EF698
S205001E4F404D
S205001E5093F9
S205001E510685
S205001E52008A
S205001E530287
S205001E54B3D5
S205001E55D7B0
S205001E56F492
S205001E570085
S205001E586321
S205001E59087B
S205001E5AD7AB
S205001E5B0081
S205001E5C136D
S205001E5D037C
S205001E5EE39B
S205001E5F433A
S205001E603349
S205001E6193E8
S205001E626416
S205001E630079
S205001E643345
S205001E656A0D
S205001E666A0C
S205001E670075
S205001E683341
S205001E69363D
S205001E6A4032
S205001E6B0170
S205001E6C333D
S205001E6D6609
S205001E6EF678
S205001E6F006D
S205001E701359
S205001E7177F4
S205001E7276F4
S205001E730069
S205001E7493D5
S205001E750661
S205001E760066
S205001E770065
S205001E786301
S205001E79085B
S205001E7A075B
S205001E7B025F
S205001E7C93CD
S205001E7D77E8
S205001E7EF668
S205001E7F005D
S205001E801349
S205001E810754
S205001E82401A
S205001E830059
S205001E8493C5
S205001E850552
S205001E860056
S205001E870055
S205001E8863F1
S205001E898AC9
S205001E8AE76B
S205001E8B0051
S205001E8C93BD
S205001E8D0748
S205001E8E4608
S205001E8F004D
S205001E903319
S205001E91B695
S205001E92C783
S205001E930049
S205001E94B395
S205001E953512
S205001E96C086
S205001E970045
S205001E981331
S205001E9986BD
S205001E9A073B
S205001E9B0041
S205001E9C93AD
S205001E9D96A9
S205001E9E95A9
S205001E9F003D
S205001EA01329
S205001EA197A4
S205001EA2D565
S205001EA30138
S205001EA493A5
S205001EA5D661
S205001EA6C670
S205001EA70035
S205001EA81321
S205001EA956DD
S205001EAA36FC
S205001EAB0031
S205001EAC33FD
S205001EAD67C8
S205001EAEE648
S205001EAF002D
S205001EB09399
S205001EB10724
S205001EB2002A
S205001EB30029
S205001EB46FB9
S205001EB5F037
S205001EB69F87
S205001EB7A382
S205001EB89391
S205001EB9041F
S205001EBA041E
S205001EBB0021
S205001EBC130D
S205001EBD8A95
S205001EBE0A14
S205001EBF001D
S205001EC09389
S205001EC10B10
S205001EC230EA
S205001EC30019
S205001EC49385
S205001EC58592
S205001EC6090D
S205001EC70015
S205001EC86FA5
S205001EC9F023
S205001ECADF33
S205001ECB9F72
S205001ECCB759
S205001ECD0708
S205001ECE10FE
S205001ECF000D
S205001ED09379
S205001ED18784
S205001ED2F713
S205001ED3FF0A
S205001ED413F5
S205001ED50106
S205001ED60105
S205001ED7FE07
S205001ED8B351
S205001ED9F80B
S205001EDAB74B
S205001EDB0001
S205001EDC33CD
S205001EDDF807
S205001EDED727
S205001EDF00FD
S205001EE09369
S205001EE1D724
S205001EE246B4
S205001EE301F8
S205001EE49365
S205001EE5985F
S205001EE638BE
S205001EE700F5
S205001EE823D1
S205001EE92CC7
S205001EEA8171
S205001EEB00F1
S205001EEC23CD
S205001EED26C9
S205001EEE31BD
S205001EEF01EC
S205001EF013D9
S205001EF1D417
S205001EF2F5F5
S205001EF301E8
S205001EF49355
S205001EF5D90E
S205001EF645A1
S205001EF701E4
S205001EF813D1
S205001EF9578C
S205001EFAD50D
S205001EFB01E0
S205001EFC13CD
S205001EFD18C7
S205001EFE38A6
S205001EFF00DD
S205001F009348
S205001F015585
S205001F02D603
S205001F0301D7
S205001F0423B4
S205001F052EA8
S205001F0611C4
S205001F0700D4
S205001F0823B0
S205001F092AA8
S205001F0A9140
S205001F0B00D0
S205001F0C23AC
S205001F0D28A6
S205001F0E21AC
S205001F0F01CB
S205001F1013B8
S205001F11FFCB
S205001F12F7D2
S205001F137F49
S205001F1413B4
S205001F1503C3
S205001F16F0D5
S205001F177F45
S205001F183390
S205001F19675B
S205001F1A17AA
S205001F1B01BF
S205001F1C932C
S205001F1DF9C5
S205001F1EF9C4
S205001F1F7F3D
S205001F2013A8
S205001F210EAC
S205001F2204B5
S205001F2300B8
S205001F249324
S205001F25189E
S205001F263580
S205001F2700B4
S205001F289320
S205001F29D6DC
S205001F2AF6BB
S205001F2B01AF
S205001F2CB3FC
S205001F2DE5C9
S205001F2E05A8
S205001F2F01AB
S205001F309318
S205001F311E8C
S205001F323673
S205001F3300A8
S205001F346344
S205001F350C9A
S205001F366F36
S205001F372084
S205001F389310
S205001F39C6DC
S205001F3A168B
S205001F3B00A0
S205001F3CB3EC
S205001F3D8717
S205001F3EE9B4
S205001F3F415B
S205001F406338
S205001F410298
S205001F42D4C5
S205001F431682
S205001F44E3B4
S205001F455A3C
S205001F46F0A5
S205001F470094
S205001F486330
S205001F490A88
S205001F4A0F82
S205001F4B246C
S205001F4C632C
S205001F4D840A
S205001F4E6924
S205001F4F3C50
S205001F5093F8
S205001F510684
S205001F528009
S205001F530385
S205001F541374
S205001F550581
S205001F561075
S205001F570084
S205001F586320
S205001F59CEB4
S205001F5AF68B
S205001F5B027E
S205001F5CB7C8
S205001F5D0678
S205001F5E80FD
S205001F5F007C
S205001F60B3C8
S205001F61E595
S205001F62D5A4
S205001F630078
S205001F6493E4
S205001F650670
S205001F66F085
S205001F670173
S205001F686310
S205001F69C4AE
S205001F6AF67B
S205001F6B4E22
S205001F6C93DC
S205001F6D0668
S205001F6E006D
S205001F6F026A
S205001F70B3B8
S205001F7186E4
S205001F72F673
S205001F734028
S205001F743334
S205001F7595D1
S205001F76D590
S205001F770064
S205001F783330
S205001F79D68C
S205001F7AFE63
S205001F7B0060
S205001F7CB3AC
S205001F7D96C8
S205001F7EDE7F
S205001F7F005C
S205001F803328
S205001F8165F5
S205001F82C594
S205001F830058
S205001F84B3A4
S205001F853620
S205001F86D085
S205001F870054
S205001F88B3A0
S205001F89D77B
S205001F8AF55C
S205001F8B0050
S205001F8C331C
S205001F8D65E9
S205001F8ED578
S205001F8F004C
S205001F903318
S205001F910743
S205001F92F752
S205001F934008
S205001F943314
S205001F9585C1
S205001F96A89D
S205001F974004
S205001F983310
S205001F99B68C
S205001F9AA899
S205001F9B0040
S205001F9C93AC
S205001F9D043A
S205001F9E0538
S205001F9F003C
S205001FA03308
S205001FA10931
S205001FA2C772
S205001FA340F8
S205001FA493A4
S205001FA5171F
S205001FA689AC
S205001FA70034
S205001FA863D0
S205001FA9D85A
S205001FAA072A
S205001FAB34FC
S205001FACB778
S205001FAD0727
S205001FAE80AD
S205001FAF002C
S205001FB09398
S205001FB187A3
S205001FB2F732
S205001FB3FF29
S205001FB433F4
S205001FB579AD
S205001FB6F92C
S205001FB70024
S205001FB863C0
S205001FB9061C
S205001FBA0918
S205001FBB2EF2
S205001FBC130C
S205001FBD0519
S205001FBE0914
S205001FBF001C
S205001FC0EF2C
S205001FC1001A
S205001FC21009
S205001FC31701
S205001FC49384
S205001FC5070F
S205001FC68590
S205001FC7FF15
S205001FC89380
S205001FC9060C
S205001FCA0011
S205001FCB020E
S205001FCC33DC
S205001FCD8787
S205001FCEF617
S205001FCF40CC
S205001FD033D8
S205001FD1D733
S205001FD2E425
S205001FD30008
S205001FD433D4
S205001FD519ED
S205001FD6F90C
S205001FD70004
S205001FD833D0
S205001FD9679B
S205001FDA27DA
S205001FDB01FF
S205001FDCB34C
S205001FDD946A
S205001FDEF409
S205001FDF00FC
S205001FE06398
S205001FE1C436
S205001FE237C2
S205001FE33FB9
S205001FE4B344
S205001FE5876F
S205001FE637BE
S205001FE741B3
S205001FE89360
S205001FE9876B
S205001FEA17DA
S205001FEB00F0
S205001FECB33C
S205001FED8668
S205001FEEF6F7
S205001FEF40AC
S205001FF033B8
S205001FF19654
S205001FF2D415
S205001FF300E8
S205001FF433B4
S205001FF5D90D
S205001FF6F4F1
S205001FF700E4
S205001FF833B0
S205001FF936AC
S205001FFAC021
S205001FFB00E0
S205001FFC33AC
S205001FFD6678
S205001FFEC914
S205001FFF00DC
S205002000B327
S20500200116C3
S205002002D701
S20500200300D7
S205002004B323
S205002005E4F1
S205002006C60E
S20500200700D3
S205002008339F
S2050020095978
S20500200AF7D9
S20500200B00CF
S20500200C933B
S20500200D09C4
S20500200E00CC
S20500200F00CB
S2050020109337
S205002011F7D2
S2050020127454
S20500201300C7
S2050020146363
S2050020158045
S20500201607BD
S20500201702C1
S205002018932F
S205002019F7CA
S20500201AF4CC
S20500201B00BF
S20500201C13AB
S20500201D07B6
S20500201E407C
S20500201F00BB
S2050020206357
S2050020218A2F
S205002022E7D1
S20500202300B7
S2050020249323
S205002025872E
S2050020264470
S20500202700B3
S205002028337F
S205002029B5FC
S20500202A9719
S20500202B00AF
S20500202C337B
S20500202D09A4
S20500202EA903
S20500202F00AB
S2050020309317
S2050020318425
S20500203207A1
S20500203300A7
S2050020349313
S205002035178E
S205002036891B
S20500203700A3
S205002038633F
S205002039D0D1
S20500203A0799
S20500203B6C33
S20500203C930B
S20500203D8716
S20500203E1983
S20500203F009B
S2050020401387
S2050020410792
S205002042F0A8
S2050020437F18
S2050020446333
S205002045860F
S205002046E7AD
S205002047246F
S205002048375B
S205002049078A
S20500204A8010
S20500204BFF90
S20500204C137B
S20500204D0786
S20500204EF795
S20500204FFF8C
S2050020503357
S2050020517712
S205002052E99F
S2050020530087
S20500205493F3
S205002055F78E
S205002056F78D
S2050020577F04
S205002058136F
S2050020591869
S20500205AD7A9
S20500205B017E
S20500205C136B
S20500205DD5A8
S20500205E3448
S20500205F007B
S2050020601367
S2050020611762
S20500206297E1
S2050020630077
S2050020643343
S205002065680D
S205002066A8CC
S2050020670073
S205002068135F
S205002069571A
S20500206AC7A9
S20500206B006F
S20500206C135B
S20500206D7EEF
S20500206E1458
S20500206F006B
S20500207083E7
S2050020712049
S205002072C1A7
S2050020730166
S2050020740363
S2050020752441
S20500207681E3
S2050020770162
S20500207893CF
S20500207997CA
S20500207A4719
S20500207B015E
S20500207CB3AB
S20500207DE776
S20500207EE775
S20500207F005B
S2050020801347
S2050020811742
S205002082FE5A
S2050020830156
S205002084B3A3
S205002085E76E
S205002086E76D
S2050020870053
S20500208883CF
S205002089242D
S20500208A410F
S20500208B014E
S20500208C034B
S20500208D2924
S20500208E014B
S20500208F014A
S20500209083C7
S2050020912920
S205002092C187
S2050020930047
S2050020941333
S2050020950540
S205002096083C
S2050020970043
S20500209893AF
S20500209985BC
S20500209A0739
S20500209B003F
S20500209C132B
S20500209D013C
S20500209E013B
S20500209F0239
S2050020A067D3
S2050020A180B9
S2050020A20038
S2050020A30037
S2050020A463D3
S2050020A552E3
S2050020A6F044
S2050020A770C3
S2050020A863CF
S2050020A9161B
S2050020AA0F21
S2050020AB1C13
S2050020ACB37B
S2050020ADE647
S2050020AED557
S2050020AF012A
S2050020B063C7
S2050020B18E9B
S2050020B20622
S2050020B32601
S2050020B49393
S2050020B5869F
S2050020B6F72D
S2050020B7FF24
S2050020B863BF
S2050020B98899
S2050020BA061A
S2050020BB46D9
S2050020BC63BB
S2050020BD8C91
S2050020BE67B5
S2050020BF24F7
S2050020C09387
S2050020C10712
S2050020C28098
S2050020C30314
S2050020C41303
S2050020C5090C
S2050020C61004
S2050020C70013
S2050020C863AF
S2050020C9CC45
S2050020CAD739
S2050020CB020D
S2050020CC937B
S2050020CD8786
S2050020CE0606
S2050020CF000B
S2050020D09377
S2050020D10603
S2050020D2F018
S2050020D30106
S2050020D463A3
S2050020D5CA3B
S2050020D6F60E
S2050020D748BB
S2050020D8936F
S2050020D906FB
S2050020DA0000
S2050020DB02FD
S2050020DCB34B
S2050020DD8677
S2050020DEF606
S2050020DF40BB
S2050020E033C7
S2050020E19960
S2050020E2D523
S2050020E300F7
S2050020E433C3
S2050020E5D61F
S2050020E6FEF6
S2050020E700F3
S2050020E8B33F
S2050020E9965B
S2050020EADE12
S2050020EB00EF
S2050020EC33BB
S2050020ED6984
S2050020EEC923
S2050020EF00EB
S2050020F0B337
S2050020F136B3
S2050020F2D018
S2050020F300E7
S2050020F4B333
S2050020F5D70E
S2050020F6F5EF
S2050020F700E3
S2050020F833AF
S2050020F96978
S2050020FAD907
S2050020FB00DF
S2050020FC33AB
S2050020FD07D6
S2050020FEF7E5
S2050020FF00DB
S20500210033A6
S20500210106D2
S20500210219BE
S20500210301D5
S20500210433A2
S205002105399B
S20500210626AD
S20500210701D1
S205002108933E
S20500210904CC
S20500210A06C9
S20500210B00CE
S20500210C339A
S20500210D09C3
S20500210EE9E2
S20500210F00CA
S2050021109336
S20500211117B1
S205002112893E
S20500211300C6
S2050021146362
S205002115D2F2
S20500211607BC
S2050021171EA4
S205002118932E
S2050021198937
S20500211A19A6
S20500211B00BE
S20500211C932A
S20500211D07B5
S20500211EF0CB
S20500211F7F3B
S2050021206356
S2050021218830
S205002122F9BE
S20500212316A0
S205002124B7FE
S20500212507AD
S2050021268033
S205002127FFB3
S205002128931E
S2050021298729
S20500212AF7B8
S20500212BFFAF
S20500212C139A
S20500212DF5B7
S20500212E1497
S20500212F00AA
S205002130B3F6
S2050021317731
S205002132F9AE
S20500213300A6
S2050021341392
S205002135D7CD
S205002136148F
S20500213700A2
S205002138336E
S2050021396739
S20500213AA7F8
S20500213B009E
S20500213C138A
S20500213D9507
S20500213EF7A4
S20500213F0199
S205002140B3E6
S2050021416434
S205002142E5B2
S2050021430096
S2050021441382
S205002145D9BB
S205002146177C
S2050021470092
S2050021486F22
S205002149F0A0
S20500214A9FF0
S20500214BECA2
S20500214C335A
S20500214DE8A4
S20500214ED5B6
S20500214F0189
S2050021501376
S2050021518305
S205002152196E
S2050021538006
S2050021546322
S205002155087C
S205002156087B
S205002157067C
S205002158631E
S2050021590A76
S20500215AD4AB
S20500215B0678
S20500215C631A
S20500215D0478
S20500215E0378
S20500215F0E6C
S2050021606316
S2050021618EEA
S205002162096E
S2050021632650
S2050021641362
S205002165155F
S205002166363D
S2050021670072
S205002168135E
S205002169551B
S20500216A353A
S20500216B006E
S20500216C135A
S20500216D84E8
S20500216E0665
S20500216F006A
S2050021701356
S20500217187E1
S2050021720562
S2050021730066
S2050021741352
S205002175184C
S205002176D78C
S2050021770161
S205002178332E
S20500217968F8
S20500217AA8B7
S20500217B005E
S20500217C134A
S20500217D5705
S20500217E3724
S20500217F005A
S2050021803326
S20500218167F1
S2050021820750
S2050021830155
S20500218463F2
S205002185064E
S205002186074C
S2050021871042
S205002188133E
S2050021890E42
S20500218A004F
S20500218B004E
S20500218C93BA
S20500218D0745
S20500218EF05B
S20500218F7FCB
S2050021903712
S2050021910741
S205002192083F
S2050021930046
S2050021941332
S205002195083C
S2050021960043
S2050021970042
S2050021986FD2
S205002199F050
S20500219A9FA0
S20500219BED51
S20500219CB38A
S20500219DE656
S20500219ED566
S20500219F0139
S2050021A063D6
S2050021A186B2
S2050021A20631
S2050021A3181E
S2050021A493A2
S2050021A586AE
S2050021A6F73C
S2050021A7FF33
S2050021A863CE
S2050021A982AE
S2050021AA0629
S2050021AB3AF4
S2050021AC63CA
S2050021AD84A8
S2050021AE67C4
S2050021AF1614
S2050021B09396
S2050021B10721
S2050021B280A7
S2050021B30323
S2050021B41312
S2050021B5051F
S2050021B61013
S2050021B70022
S2050021B8E33E
S2050021B9CE52
S2050021BAD748
S2050021BBDC42
S2050021BC938A
S2050021BD8795
S2050021BE0615
S2050021BF001A
S2050021C06FAA
S2050021C1F028
S2050021C25FB8
S2050021C3DA3C
S2050021C49382
S2050021C5C64E
S2050021C616FD
S2050021C70012
S2050021C8E32E
S2050021C91AF6
S2050021CAD43B
S2050021CBF816
S2050021CC63AA
S2050021CD0804
S2050021CE0308
S2050021CF18F2
S2050021D063A6
S2050021D19078
S2050021D209FE
S2050021D32CDA
S2050021D49372
S2050021D507FD
S2050021D6F013
S2050021D77F83
S2050021D8B34E
S2050021D9669A
S2050021DA17E8
S2050021DB01FD
S2050021DC639A
S2050021DD8874
S2050021DE06F5
S2050021DF48B2
S2050021E09366
S2050021E18672
S2050021E2F700
S2050021E3FFF7
S2050021E46392
S2050021E58272
S2050021E606ED
S2050021E734BE
S2050021E813DE
S2050021E905EB
S2050021EAF0FF
S2050021EB7F6F
S2050021EC638A
S2050021ED826A
S2050021EEA744
S2050021EF2AC0
S2050021F09356
S2050021F107E1
S2050021F28067
S2050021F303E3
S2050021F413D2
S2050021F509DB
S2050021F610D3
S2050021F700E2
S2050021F8637E
S2050021F9CA16
S2050021FAD708
S2050021FB02DC
S2050021FC934A
S2050021FD07D5
S2050021FEF0EB
S2050021FF01D9
S2050022006375
S205002201C611
S205002202D7FF
S2050022034C89
S2050022049341
S20500220507CC
S20500220600D2
S20500220702CF
S205002208B31D
S2050022098748
S20500220AD7F7
S20500220B408D
S20500220C3399
S20500220D19B2
S20500220EF7D3
S20500220F00C9
S2050022103395
S205002211D6F1
S205002212D8EE
S20500221300C5
S205002214B311
S205002215972C
S205002216F8CA
S20500221700C1
S205002218338D
S2050022196956
S20500221AC9F5
S20500221B00BD
S20500221CB309
S20500221D3784
S20500221EF0CA
S20500221F00B9
S205002220B305
S2050022215661
S205002222D7DF
S20500222300B5
S2050022243381
S205002225694A
S205002226F9B9
S20500222700B1
S205002228B3FD
S205002229852A
S20500222AD5D9
S20500222B00AD
S20500222C3379
S20500222D07A4
S20500222ED9D1
S20500222F01A8
S2050022303375
S205002231396E
S205002232277F
S20500223301A4
S2050022349311
S205002235049F
S205002236079B
S20500223700A1
S205002238336D
S2050022390996
S20500223AB9E5
S20500223B009D
S20500223C9309
S20500223D0992
S20500223E0F8B
S20500223F0099
S2050022406F29
S205002241F0A7
S2050022421F77
S205002243EDA8
S2050022449301
S205002245870C
S2050022461979
S2050022470091
S20500224893FD
S205002249F798
S20500224AE7A7
S20500224B7F0E
S20500224C6329
S20500224D94F7
S20500224E0783
S20500224F1475
S2050022503355
S205002251E89F
S205002252D5B1
S2050022530184
S205002254B3D1
S205002255671C
S205002256176B
S2050022570180
S205002258631D
S20500225994EB
S20500225A0975
S20500225B2A53
S20500225C6319
S20500225D8EED
S20500225E0773
S20500225F3841
S2050022606315
S2050022611067
S205002262086E
S2050022633C39
S2050022641361
S205002265155E
S205002266353D
S2050022670071
S205002268135D
S2050022695916
S20500226A3539
S20500226B006D
S20500226C93D9
S20500226D0764
S20500226E006A
S20500226F0069
S2050022706FF9
S2050022710067
S2050022724026
S2050022731154
S2050022746301
S20500227580E3
S20500227669F9
S2050022770A57
S20500227893CD
S2050022790659
S20500227A80DE
S20500227B035A
S20500227C1349
S20500227D0952
S20500227E104A
S20500227F0059
S205002280E375
S205002281C097
S205002282F660
S205002283E86D
S205002284B79D
S205002285064D
S20500228680D2
S2050022870051
S205002288B39D
S205002289E56A
S20500228AD579
S20500228B004D
S20500228C6FDD
S20500228DF05B
S20500228E5FEB
S20500228FE465
S2050022901335
S2050022917EC9
S2050022921432
S2050022930045
S20500229493B1
S205002295073C
S205002296F052
S2050022977FC2
S205002298132D
S2050022990738
S20500229A003E
S20500229B003D
S20500229C1329
S20500229D0833
S20500229E003A
S20500229F0039
S2050022A06FC9
S2050022A1F047
S2050022A21F17
S2050022A3DD58
S2050022A41321
S2050022A585AE
S2050022A6042E
S2050022A70031
S2050022A8EF41
S2050022A9002F
S2050022AA80AE
S2050022AB68C5
S2050022AC9399
S2050022AD0724
S2050022AE85A5
S2050022AF0128
S2050022B09395
S2050022B10621
S2050022B2F036
S2050022B30124
S2050022B4E341
S2050022B5DA49
S2050022B6F62C
S2050022B7D051
S2050022B8130D
S2050022B90718
S2050022BA8599
S2050022BBFF1E
S2050022BC33E9
S2050022BD9784
S2050022BEE436
S2050022BF0019
S2050022C063B5
S2050022C1CE49
S2050022C237DF
S2050022C31BFA
S2050022C4B361
S2050022C5898A
S2050022C637DB
S2050022C741D0
S2050022C8937D
S2050022C98788
S2050022CA19F5
S2050022CB000D
S2050022CC63A9
S2050022CDDE2D
S2050022CEF614
S2050022CF42C7
S2050022D09375
S2050022D1897E
S2050022D219ED
S2050022D3FE07
S2050022D49371
S2050022D506FD
S2050022D60002
S2050022D702FF
S2050022D8B34D
S2050022D954AB
S2050022DA37C7
S2050022DB01FC
S2050022DC6399
S2050022DD8C6F
S2050022DED723
S2050022DF00F9
S2050022E09365
S2050022E106F1
S2050022E200F6
S2050022E304F1
S2050022E4B341
S2050022E5876C
S2050022E6F6FC
S2050022E740B1
S2050022E833BD
S2050022E917D8
S2050022EAF7F7
S2050022EB00ED
S2050022EC33B9
S2050022ED37B4
S2050022EEE00A
S2050022EF00E9
S2050022F0B335
S2050022F1E403
S2050022F2E402
S2050022F300E5
S2050022F49351
S2050022F509DA
S2050022F600E2
S2050022F700E1
S2050022F8934D
S2050022F9F7E8
S2050022FA746A
S2050022FB00DD
S2050022FCE3F9
S2050022FD9E3D
S2050022FE07D3
S2050022FFD009
S2050023009344
S205002301874F
S20500230209CC
S20500230300D4
S20500230413C0
S205002305D5FD
S205002306349D
S20500230700D0
S20500230813BC
S20500230907C7
S20500230A09C4
S20500230B00CC
S20500230C6F5C
S20500230D00CA
S20500230E8049
S20500230F02C6
S205002310E3E4
S2050023111CAA
S20500231208BD
S205002313E6DE
S20500231413B0
S20500231515AD
S205002316358C
S20500231700C0
S20500231813AC
S20500231918A6
S20500231AD7E6
S20500231B01BB
S20500231C13A8
S20500231D5565
S20500231E3584
S20500231F00B8
S2050023203384
S205002321684E
S205002322A80D
S20500232300B4
S20500232413A0
S205002325575B
S205002326377A
S20500232700B0
S2050023286F40
S205002329F0BE
S20500232A9F0E
S20500232BE5C7
S20500232C1398
S20500232D1595
S20500232E3574
S20500232F00A8
S2050023301394
S2050023315551
S2050023323570
S20500233300A4
S2050023341390
S205002335188A
S205002336D7CA
S205002337019F
S205002338930C
S2050023390698
S20500233AF0AD
S20500233B7F1D
S20500233C3368
S20500233D6832
S20500233EA8F1
S20500233F0098
S2050023401384
S205002341573F
S205002342375E
S2050023430094
S205002344E3B0
S2050023458E04
S205002346D7BA
S205002347E2AE
S205002348137C
S2050023491777
S20500234AC7C6
S20500234B008C
S20500234C1378
S20500234D5733
S20500234EC7C2
S20500234F0088
S20500235093F4
S205002351F78F
S205002352F78E
S2050023537F05
S2050023541370
S2050023557E04
S205002356146D
S2050023570080
S2050023586F10
S205002359F08E
S20500235A9FDE
S20500235BD1AB
S20500235C93E8
S20500235D86F4
S20500235E1960
S20500235F0078
S20500236093E4
S205002361F77F
S205002362E68F
S2050023637FF5
S2050023646310
S2050023659ED4
S205002366076A
S205002367125E
S205002368B3BC
S2050023696707
S20500236A1756
S20500236B016B
S20500236C6308
S20500236D9AD0
S20500236E0960
S20500236F2444
S2050023706304
S20500237186E0
S205002372075E
S2050023733034
S205002374B3B0
S205002375E77B
S205002376D58C
S205002377015F
S20500237863FC
S2050023799AC4
S20500237A0756
S20500237B302C
S20500237C1348
S20500237D1545
S20500237E3524
S20500237F0058
S2050023801344
S20500238159FD
S2050023823520
S2050023830054
S2050023841340
S205002385183A
S205002386D77A
S205002387014F
S205002388331C
S20500238968E6
S20500238A2825
S20500238B014B
S20500238C1338
S20500238D57F3
S20500238E3712
S20500238F0048
S2050023906FD8
S205002391F056
S2050023929FA6
S205002393FB49
S2050023943310
S20500239588BA
S205002396D869
S20500239741FF
S205002398B38C
S205002399B787
S20500239A0835
S20500239B013B
S20500239C3308
S20500239D0931
S20500239EB782
S20500239F40F8
S2050023A03304
S2050023A1092D
S2050023A2F93C
S2050023A340F4
S2050023A493A0
S2050023A5171B
S2050023A689A8
S2050023A70030
S2050023A8939C
S2050023A9042A
S2050023AA0825
S2050023AB002C
S2050023AC63C8
S2050023ADC268
S2050023AE0722
S2050023AF1216
S2050023B033F4
S2050023B168BE
S2050023B228FD
S2050023B30123
S2050023B4E340
S2050023B51210
S2050023B60819
S2050023B7C060
S2050023B8130C
S2050023B90E10
S2050023BA001D
S2050023BB001C
S2050023BC9388
S2050023BD0713
S2050023BE0019
S2050023BF0018
S2050023C01304
S2050023C1070F
S2050023C20015
S2050023C30014
S2050023C46FA4
S2050023C5F022
S2050023C6DF32
S2050023C7CA46
S2050023C837D8
S2050023C90905
S2050023CA808D
S2050023CBFF0D
S2050023CC13F8
S2050023CD0901
S2050023CEF910
S2050023CFFF09
S2050023D0B354
S2050023D1897D
S2050023D2F90C
S2050023D340C4
S2050023D433D0
S2050023D57989
S2050023D627DA
S2050023D701FF
S2050023D86F90
S2050023D9F00E
S2050023DA9F5E
S2050023DBC339
S2050023DC9368
S2050023DD07F3
S2050023DEF009
S2050023DF7F79
S2050023E033C4
S2050023E16591
S2050023E217DE
S2050023E301F3
S2050023E46390
S2050023E504EE
S2050023E605EC
S2050023E710E0
S2050023E813DC
S2050023E98866
S2050023EAF7F6
S2050023EBFFED
S2050023EC6388
S2050023ED02E8
S2050023EE08E1
S2050023EF1ECA
S2050023F013D4
S2050023F105E1
S2050023F2F0F5
S2050023F37F65
S2050023F4E300
S2050023F5885A
S2050023F6A73A
S2050023F7D60A
S2050023F8934C
S2050023F907D7
S2050023FA805D
S2050023FB03D9
S2050023FC13C8
S2050023FD8456
S2050023FE06D3
S2050023FF00D8
S20500240013C3
S20500240105D0
S20500240210C4
S20500240300D3
S205002404636F
S205002405CA07
S20500240607C9
S20500240703CC
S205002408933B
S20500240907C6
S20500240AF0DC
S20500240B01CA
S20500240C6367
S20500240DC405
S20500240E07C1
S20500240F19AE
S2050024109333
S20500241107BE
S20500241200C4
S20500241302C1
S205002414B30F
S205002415873A
S20500241607B9
S205002417417E
S205002418338B
S20500241915A8
S20500241AF7C5
S20500241B00BB
S20500241CB307
S20500241DD6E3
S20500241E08B0
S20500241F01B6
S205002420B303
S205002421971E
S205002422F8BC
S20500242300B3
S205002424337F
S205002425654C
S205002426D5DB
S20500242700AF
S205002428B3FB
S2050024293776
S20500242AF0BC
S20500242B00AB
S20500242C3377
S20500242D5851
S20500242E07A1
S20500242F01A6
S2050024303373
S2050024316540
S205002432F5AF
S20500243300A3
S205002434B3EF
S205002435851C
S205002436059B
S205002437415E
S205002438336B
S2050024398518
S20500243AAEEE
S20500243B405B
S20500243C3367
S20500243DB7E2
S20500243EAEEA
S20500243F0097
S2050024409303
S2050024410491
S205002442058F
S2050024430093
S205002444335F
S2050024458908
S205002446E5AB
S205002447404F
S20500244893FB
S2050024490984
S20500244A0F7D
S20500244B008B
S20500244C6F1B
S20500244DF099
S20500244E9FE9
S20500244FB5D2
S20500245093F3
S20500245186FF
S205002452077D
S205002453FE85
S205002454136F
S205002455067B
S2050024560080
S205002457027D
S205002458B3CB
S205002459D6A7
S20500245AD5A7
S20500245B007B
S20500245C6317
S20500245D8AEF
S20500245EC7B1
S20500245F0077
S2050024601363
S205002461066F
S2050024620074
S205002463046F
S205002464B3BF
S205002465076A
S205002466F67A
S205002467402F
S205002468B3BB
S20500246997D6
S20500246AF577
S20500246B006B
S20500246CB3B7
S20500246DEE7B
S20500246EFE6A
S20500246F0067
S2050024703333
S2050024713530
S205002472D094
S2050024730162
S205002474332F
S20500247565FC
S205002476D58B
S205002477005F
S2050024786FEF
S205002479F06D
S20500247ADF7D
S20500247BB1AA
S20500247CB7A3
S20500247D0653
S20500247E80D8
S20500247FFF58
S20500248093C3
S20500248186CF
S205002482F65E
S205002483FF54
S205002484B39F
S20500248587CA
S205002486F957
S205002487400F
S205002488331B
S20500248977D6
S20500248AD775
S20500248B004B
S20500248C6FDB
S20500248DF059
S20500248E9FA9
S20500248FEF58
S2050024901333
S2050024911530
S205002492360E
S2050024930043
S205002494132F
S20500249555EC
S205002496350B
S205002497003F
S205002498132B
S20500249987B6
S20500249A0537
S20500249B003B
S20500249C6FCB
S20500249DF049
S20500249E9F99
S20500249FCD6A
S2050024A093A3
S2050024A1072E
S2050024A2F044
S2050024A37FB4
S2050024A4E34F
S2050024A586AB
S2050024A6F63A
S2050024A7DE51
S2050024A8B37B
S2050024A98E9F
S2050024AAD854
S2050024AB012A
S2050024AC33F7
S2050024ADB673
S2050024AE1E0A
S2050024AF0126
S2050024B0B373
S2050024B1071E
S2050024B2B76D
S2050024B30023
S2050024B4B36F
S2050024B5879A
S2050024B6C759
S2050024B7001F
S2050024B8130B
S2050024B99588
S2050024BAF725
S2050024BB011A
S2050024BC9387
S2050024BDDE3B
S2050024BE1EFA
S2050024BF0017
S2050024C0B363
S2050024C164B1
S2050024C2D53F
S2050024C30112
S2050024C413FF
S2050024C5D938
S2050024C617F9
S2050024C7000F
S2050024C8937B
S2050024C98984
S2050024CA0606
S2050024CB000B
S2050024CC6F9B
S2050024CDF019
S2050024CE5FA9
S2050024CFB453
S2050024D033D3
S2050024D1867F
S2050024D21EE6
S2050024D341C2
S2050024D4B34F
S2050024D5877A
S2050024D6E51B
S2050024D740BF
S2050024D833CB
S2050024D9B746
S2050024DACE2E
S2050024DB00FB
S2050024DC9367
S2050024DD04F5
S2050024DE06F2
S2050024DF00F7
S2050024E033C3
S2050024E1896C
S2050024E2E70D
S2050024E340B3
S2050024E413DF
S2050024E5846D
S2050024E606EA
S2050024E700EF
S2050024E86F7F
S2050024E9F0FD
S2050024EA1FCD
S2050024EBAD3E
S2050024EC13D7
S2050024ED16D3
S2050024EE36B2
S2050024EF00E7
S2050024F013D3
S2050024F15590
S2050024F236AE
S2050024F300E3
S2050024F413CF
S2050024F5845D
S2050024F606DA
S2050024F700DF
S2050024F813CB
S2050024F98756
S2050024FA05D7
S2050024FB00DB
S2050024FC6F6B
S2050024FDF0E9
S2050024FE9F39
S2050024FFE3F4
S205002500E3F2
S205002501983C
S20500250207CC
S205002503E0F2
S205002504636E
S20500250506CA
S20500250608C7
S20500250722AC
S20500250813BA
S205002509D7F5
S20500250A3596
S20500250B00CA
S20500250C13B6
S20500250D16B2
S20500250E3691
S20500250F00C6
S2050025109332
S205002511952F
S205002512D5EE
S20500251301C1
S205002514338E
S2050025156759
S205002516B708
S20500251700BE
S20500251813AA
S2050025195666
S20500251A3685
S20500251B00BA
S20500251C3386
S20500251D6751
S20500251EC7F0
S20500251F00B6
S20500252013A2
S2050025218430
S20500252206AD
S20500252300B2
S2050025246F42
S205002525F0C0
S2050025261F90
S205002527C6E8
S205002528B3FA
S2050025298E1E
S20500252AD8D3
S20500252B01A9
S20500252CB3F6
S20500252D05A3
S20500252EB7F0
S20500252F00A6
S2050025303372
S205002531B6EE
S2050025321E85
S20500253301A1
S205002534336E
S2050025358917
S205002536C5DA
S205002537009E
S205002538930A
S2050025391785
S20500253A8912
S20500253B009A
S20500253C9306
S20500253D8414
S20500253E0E89
S20500253F0096
S2050025406332
S205002541D8BC
S205002542078C
S2050025430A88
S20500254493FE
S2050025450987
S205002546206F
S205002547008E
S2050025486F1E
S205002549F09C
S20500254ADFAC
S20500254BBDCD
S20500254CB3D6
S20500254D8EFA
S20500254ED8AF
S20500254F4145
S205002550B3D2
S205002551057F
S205002552B7CC
S2050025534042
S205002554334E
S205002555B6CA
S205002556D8A7
S205002557017D
S20500255893EA
S20500255984F8
S20500255A0E6D
S20500255B007A
S20500255C3346
S20500255D89EF
S20500255EC5B2
S20500255F4036
S20500256093E2
S205002561096B
S2050025621063
S2050025630072
S2050025646F02
S205002565F080
S2050025661F50
S205002567A4CA
S20500256893DA
S20500256986E6
S20500256A0764
S20500256BFE6C
S20500256C1356
S20500256D0662
S20500256E0067
S20500256F0264
S205002570B3B2
S205002571D68E
S205002572D58E
S2050025730062
S20500257463FE
S2050025758AD6
S205002576C798
S205002577005E
S205002578134A
S2050025790656
S20500257A005B
S20500257B0456
S20500257CB3A6
S20500257D0751
S20500257EF661
S20500257F4016
S205002580B3A2
S20500258197BD
S205002582F55E
S2050025830052
S205002584B39E
S205002585EE62
S205002586FE51
S205002587004E
S205002588331A
S2050025893913
S20500258AD07B
S20500258B0149
S20500258C3316
S20500258D69DF
S20500258ED96E
S20500258F0046
S2050025906FD6
S205002591F054
S2050025921F24
S205002593B78B
S20500259493AE
S2050025950739
S2050025960837
S205002597FE40
S20500259893AA
S2050025990636
S20500259A003B
S20500259B0238
S20500259CB386
S20500259D57E1
S20500259EF740
S20500259F0036
S2050025A063D2
S2050025A10A2A
S2050025A2D85B
S2050025A30032
S2050025A4939E
S2050025A5062A
S2050025A6002F
S2050025A7042A
S2050025A8B37A
S2050025A986A6
S2050025AA0625
S2050025AB41E9
S2050025AC33F6
S2050025AD1711
S2050025AED750
S2050025AF0026
S2050025B0B372
S2050025B1E83C
S2050025B2E83B
S2050025B30022
S2050025B433EE
S2050025B535EB
S2050025B6100F
S2050025B7011D
S2050025B833EA
S2050025B965B7
S2050025BAF526
S2050025BB001A
S2050025BC6FAA
S2050025BDF028
S2050025BEDF38
S2050025BFE72F
S2050025C0E332
S2050025C1888C
S2050025C2070C
S2050025C3EC26
S2050025C4B35E
S2050025C5EE22
S2050025C6D53A
S2050025C7010D
S2050025C8E32A
S2050025C9907C
S2050025CA0EFD
S2050025CBBC4E
S2050025CC6F9A
S2050025CDF018
S2050025CE9F68
S2050025CFD432
S2050025D033D2
S2050025D1867E
S2050025D21EE5
S2050025D341C1
S2050025D4B34E
S2050025D5857B
S2050025D6E51A
S2050025D740BE
S2050025D833CA
S2050025D9B745
S2050025DACE2D
S2050025DB00FA
S2050025DC9366
S2050025DD04F4
S2050025DE06F1
S2050025DF00F6
S2050025E033C2
S2050025E1896B
S2050025E2E50E
S2050025E340B2
S2050025E413DE
S2050025E5846C
S2050025E606E9
S2050025E700EE
S2050025E8935A
S2050025E909E3
S2050025EA10DB
S2050025EB00EA
S2050025EC6F7A
S2050025EDF0F8
S2050025EE9F48
S2050025EF9B4B
S2050025F09352
S2050025F107DD
S2050025F210D3
S2050025F300E2
S2050025F46F72
S2050025F5F0F0
S2050025F61FC0
S2050025F7D10D
S2050025F8E3FA
S2050025F900DC
S2050025FA08D3
S2050025FBDCFE
S2050025FC13C6
S2050025FD16C2
S2050025FE36A1
S2050025FF00D6
S2050026009341
S205002601577C
S205002602369C
S20500260300D1
S20500260413BD
S2050026059837
S205002606D5F9
S20500260701CC
S20500260813B9
S2050026099734
S20500260A9535
S20500260B00C9
S20500260C3395
S20500260D685F
S20500260EF8CE
S20500260F00C5
S20500261013B1
S205002611576C
S205002612C7FB
S20500261300C1
S20500261413AD
S2050026158E31
S20500261606B8
S20500261700BD
S2050026189329
S20500261907B4
S20500261A00BA
S20500261B00B9
S20500261C6F49
S20500261DF0C7
S20500261E5F57
S20500261FA510
S2050026203381
S205002621892A
S205002622D8DA
S2050026234170
S205002624B3FD
S205002625B7F8
S2050026262886
S20500262701AC
S2050026283379
S20500262906A5
S20500262AB7F3
S20500262B4069
S20500262C3375
S20500262D06A1
S20500262EF6B0
S20500262F4065
S2050026309311
S205002631178C
S205002632861C
S20500263300A1
S205002634633D
S205002635D2CD
S2050026360797
S2050026370E8F
S2050026383369
S2050026398615
S20500263A1E7C
S20500263B4158
S20500263C3365
S20500263D8710
S20500263EE5B1
S20500263F4055
S205002640B3E1
S205002641BED5
S205002642CEC4
S2050026430091
S205002644335D
S2050026450788
S205002646D7B7
S205002647414C
S20500264893F9
S2050026491774
S20500264A8703
S20500264B0089
S20500264C93F5
S20500264D0483
S20500264E0680
S20500264F0085
S2050026506321
S205002651DEA5
S205002652077B
S205002653126F
S205002654B7C9
S2050026550778
S20500265680FE
S205002657FF7E
S20500265893E9
S20500265987F4
S20500265AF783
S20500265BFF7A
S20500265C3345
S20500265D7700
S20500265EF77F
S20500265F0075
S2050026601361
S20500266184EF
S205002662066C
S2050026630071
S20500266493DD
S2050026650768
S205002666105E
S205002667006D
S2050026686FFD
S205002669F07B
S20500266A1F4B
S20500266B9FCA
S20500266C1355
S20500266D1651
S20500266E3630
S20500266F0065
S2050026701351
S205002671550E
S205002672362C
S2050026730061
S205002674134D
S20500267587D8
S2050026760559
S205002677005D
S2050026786FED
S205002679F06B
S20500267ADF7B
S20500267BCB8E
S20500267C1345
S20500267D1641
S20500267E3620
S20500267F0055
S2050026801341
S20500268159FA
S205002682361C
S2050026830051
S205002684133D
S20500268587C8
S2050026860549
S205002687004D
S2050026886FDD
S205002689F05B
S20500268ADF6B
S20500268BCF7A
S20500268CB395
S20500268D86C1
S20500268ED86E
S20500268F0144
S205002690B391
S205002691073C
S205002692B78B
S2050026930041
S205002694330D
S205002695B689
S2050026961628
S205002697013C
S205002698B389
S20500269987B4
S20500269AC773
S20500269B0039
S20500269C1325
S20500269D97A0
S20500269E87AF
S20500269F0035
S2050026A01321
S2050026A1D85B
S2050026A236FC
S2050026A30031
S2050026A463CD
S2050026A55ED1
S2050026A60727
S2050026A70825
S2050026A837F5
S2050026A90724
S2050026AA80AA
S2050026ABFF2A
S2050026AC1315
S2050026AD0720
S2050026AEF72F
S2050026AFFF26
S2050026B0B371
S2050026B1F72C
S2050026B2E73B
S2050026B30021
S2050026B4130D
S2050026B59788
S2050026B6D747
S2050026B7011C
S2050026B89389
S2050026B99784
S2050026BA9783
S2050026BB0019
S2050026BC33E5
S2050026BD68AF
S2050026BE070F
S2050026BF0114
S2050026C01301
S2050026C1D73C
S2050026C2C74B
S2050026C30011
S2050026C4937D
S2050026C50708
S2050026C610FE
S2050026C7000D
S2050026C86F9D
S2050026C9F01B
S2050026CA9F6B
S2050026CB9A6F
S2050026CC9375
S2050026CD8780
S2050026CE0600
S2050026CFFE07
S2050026D013F1
S2050026D106FD
S2050026D20002
S2050026D302FF
S2050026D4B34D
S2050026D557A8
S2050026D6F707
S2050026D700FD
S2050026D86399
S2050026D98A71
S2050026DAC634
S2050026DB00F9
S2050026DC13E5
S2050026DD06F1
S2050026DE00F6
S2050026DF04F1
S2050026E0B341
S2050026E106ED
S2050026E2D61C
S2050026E340B1
S2050026E433BD
S2050026E517D8
S2050026E6D717
S2050026E700ED
S2050026E8B339
S2050026E9E803
S2050026EAE802
S2050026EB00E9
S2050026EC33B5
S2050026ED39AE
S2050026EE10D6
S2050026EF01E4
S2050026F033B1
S2050026F1697A
S2050026F2F9E9
S2050026F300E1
S2050026F46F71
S2050026F5F0EF
S2050026F69F3F
S2050026F7B32A
S2050026F813C9
S2050026F9D506
S2050026FA34A6
S2050026FB00D9
S2050026FC9345
S2050026FD8750
S2050026FE09CD
S2050026FF00D5
S20500270013C0
S20500270107CB
S20500270209C8
S20500270300D0
S2050027046F60
S205002705F0DE
S2050027061FAE
S205002707C309
S2050027089338
S20500270906C4
S20500270A00C9
S20500270B02C6
S20500270CB314
S20500270D8640
S20500270EF6CF
S20500270F4084
S20500271013B0
S20500271106BC
S20500271200C1
S20500271300C0
S2050027146F50
S205002715F0CE
S2050027169F1E
S2050027178E2E
S2050027183388
S2050027196852
S20500271AC9F0
S20500271B00B8
S20500271CE3D4
S20500271D0EA8
S20500271E08AD
S20500271FC8EC
S20500272013A0
S2050027215959
S2050027223978
S20500272300B0
S205002724931C
S20500272507A7
S20500272600AD
S20500272700AC
S2050027281398
S20500272907A3
S20500272A06A3
S20500272B00A8
S20500272C6F38
S20500272DF0B6
S20500272E9F06
S20500272FC5DF
S2050027301390
S2050027310E94
S20500273200A1
S20500273300A0
S205002734930C
S2050027350797
S205002736F0AD
S2050027377F1D
S2050027383764
S2050027390793
S20500273A0891
S20500273B0098
S20500273C6F28
S20500273DF0A6
S20500273E5F36
S20500273F9301
S2050027401380
S20500274197FB
S205002742D7BA
S205002743018F
S20500274493FC
S20500274597F7
S20500274697F6
S205002747008C
S2050027483358
S2050027496822
S20500274A0782
S20500274B0187
S20500274C1374
S20500274DD7AF
S20500274EC7BE
S20500274F0084
S20500275093F0
S205002751077B
S2050027520081
S2050027530080
S2050027546F10
S205002755F08E
S205002756DF9E
S20500275791EB
S205002758E398
S20500275986F4
S20500275A0772
S20500275BAECA
S20500275C3344
S20500275D086E
S20500275E3F36
S20500275F4133
S20500276093E0
S205002761076B
S2050027620869
S2050027630070
S205002764E38C
S2050027658EE0
S2050027660964
S205002767C6A6
S20500276893D8
S2050027690763
S20500276A80E9
S20500276B0365
S20500276C6304
S20500276DCA9C
S20500276E075E
S20500276F0163
S205002770B7AC
S205002771075B
S20500277280E1
S2050027730060
S205002774332C
S20500277567F7
S205002776F766
S205002777005C
S2050027781348
S20500277984D6
S20500277A0653
S20500277B0058
S20500277C6FE8
S20500277DF066
S20500277EDF76
S20500277FC88C
S2050027801340
S20500278184CE
S205002782064B
S2050027830050
S205002784133C
S2050027850549
S205002786103D
S205002787004C
S2050027886FDC
S205002789F05A
S20500278A1F2A
S20500278BCB7D
S20500278C1334
S20500278D182E
S20500278ED76E
S20500278F0143
S2050027901330
S20500279156EC
S205002792360B
S2050027930040
S205002794330C
S20500279568D6
S205002796C875
S205002797003C
S2050027981328
S20500279957E3
S20500279A3702
S20500279B0038
S20500279C93A4
S20500279D072F
S20500279E0035
S20500279F0034
S2050027A01320
S2050027A184AE
S2050027A2062B
S2050027A30030
S2050027A46FC0
S2050027A5F03E
S2050027A65FCE
S2050027A7BA72
S2050027A8E348
S2050027A98AA0
S2050027AA0722
S2050027ABBA6E
S2050027ACB374
S2050027AD0620
S2050027AE3FE6
S2050027AF41E3
S2050027B063C0
S2050027B1968C
S2050027B20918
S2050027B30020
S2050027B4938C
S2050027B58797
S2050027B60617
S2050027B7001C
S2050027B86FAC
S2050027B9F02A
S2050027BA1FFA
S2050027BBA276
S2050027BC9384
S2050027BD070F
S2050027BE8095
S2050027BF0311
S2050027C01300
S2050027C10909
S2050027C21001
S2050027C30010
S2050027C4E32C
S2050027C5C44A
S2050027C6D736
S2050027C7A666
S2050027C8B754
S2050027C90703
S2050027CA8089
S2050027CB0008
S2050027CC33D4
S2050027CD679F
S2050027CEF70E
S2050027CF0004
S2050027D06F94
S2050027D1F012
S2050027D2DF22
S2050027D3A25E
S2050027D4936C
S2050027D5D727
S2050027D645B8
S2050027D701FB
S2050027D8B744
S2050027D906F4
S2050027DA10E9
S2050027DB00F8
S2050027DC13E4
S2050027DD876F
S2050027DEF6FF
S2050027DFFFF5
S2050027E09360
S2050027E1F7FB
S2050027E2F7FA
S2050027E37F71
S2050027E413DC
S2050027E506E8
S2050027E6E00D
S2050027E73FAD
S2050027E833B8
S2050027E97773
S2050027EAB732
S2050027EB00E8
S2050027EC9354
S2050027EDD511
S2050027EEF5F0
S2050027EF01E3
S2050027F06380
S2050027F15E84
S2050027F2F6EB
S2050027F300E0
S2050027F413CC
S2050027F506D8
S2050027F6D00D
S2050027F7419B
S2050027F86378
S2050027F95E7C
S2050027FAF6E3
S2050027FB00D8
S2050027FC37A0
S2050027FD05D1
S2050027FE00D5
S2050027FF8054
S20500280013BF
S20500280105CC
S205002802F5DB
S205002803FFD0
S205002804339B
S2050028058548
S205002806A527
S20500280700CB
S2050028086763
S2050028098049
S20500280A00C8
S20500280B00C7
S20500280C13B3
S20500280D05C0
S20500280E00C4
S20500280F00C3
S205002810675B
S2050028118041
S20500281200C0
S20500281300BF
S20500281413AB
S20500281506B7
S205002816308C
S2050028174378
S2050028183387
S20500281906B3
S20500281AF6C2
S20500281B4077
S20500281C13A3
S20500281D08AD
S20500281EF0C4
S20500281F01B2
S205002820337F
S205002821674A
S205002822D7D9
S20500282300AF
S205002824634B
S205002825505D
S205002826C8E4
S20500282702A9
S2050028289317
S20500282906A3
S20500282A3078
S20500282B4166
S20500282CB3F3
S20500282D871E
S20500282EF6AE
S20500282F4063
S205002830336F
S205002831574A
S205002832F7A9
S205002833009F
S205002834336B
S2050028350598
S205002836E0BC
S205002837405B
S205002838E3B7
S2050028399CFD
S20500283A0593
S20500283BFC9B
S20500283C1383
S20500283D0590
S20500283E078D
S20500283F0093
S205002840672B
S2050028418011
S2050028420090
S205002843008F
S20500284493FB
S2050028458706
S205002846D7B5
S205002847BECD
S2050028483357
S2050028491772
S20500284AF791
S20500284B0087
S20500284C3353
S20500284D5530
S20500284EC5BF
S20500284F0083
S205002850334F
S205002851671A
S205002852A7D9
S205002853007F
S2050028546F0F
S205002855F08D
S2050028561F5D
S205002857FE7D
S2050028581367
S2050028590673
S20500285A0573
S20500285B0077
S20500285C1363
S20500285D0570
S20500285E0074
S20500285F0073
S20500286093DF
S205002861F67B
S205002862155B
S205002863006F
S205002864630B
S20500286584E9
S2050028660666
S205002867006B
S2050028683337
S2050028690564
S20500286AC5A3
S20500286B0067
S20500286C93D3
S20500286DD590
S20500286E154F
S20500286F0063
S205002870134F
S205002871164B
S205002872164A
S205002873005F
S205002874E37B
S20500287596C7
S2050028760557
S205002877FE5D
S20500287867F3
S20500287980D9
S20500287A0058
S20500287B0057
S20500287C63F3
S20500287D4015
S20500287E054F
S20500287F064D
S20500288063EF
S205002881C68B
S205002882054B
S2050028830649
S205002884133B
S20500288586C7
S2050028860547
S205002887004B
S20500288893B7
S2050028890544
S20500288A0543
S20500288B0047
S20500288C1333
S20500288D0540
S20500288EF054
S20500288FFF44
S20500289063DF
S2050028910C35
S205002892063A
S205002893023D
S20500289493AB
S2050028950637
S205002896102C
S205002897003B
S20500289863D7
S2050028997ABF
S20500289AB682
S20500289B0037
S20500289C63D3
S20500289D58DD
S20500289EC074
S20500289F0033
S2050028A0131F
S2050028A1161B
S2050028A2161A
S2050028A3002F
S2050028A4939B
S2050028A59697
S2050028A61616
S2050028A7002B
S2050028A8E347
S2050028A96ABF
S2050028AAB672
S2050028ABFE29
S2050028AC1313
S2050028AD0520
S2050028AE0024
S2050028AF0023
S2050028B063BF
S2050028B1E63B
S2050028B2C55B
S2050028B3001F
S2050028B4B36B
S2050028B58598
S2050028B6C557
S2050028B740DB
S2050028B833E7
S2050028B965B4
S2050028BAD543
S2050028BB0017
S2050028BC9383
S2050028BDD63F
S2050028BE16FE
S2050028BF0013
S2050028C013FF
S2050028C156BB
S2050028C216FA
S2050028C3000F
S2050028C4E32B
S2050028C59677
S2050028C60606
S2050028C7FE0D
S2050028C867A3
S2050028C98089
S2050028CA0008
S2050028CB0007
S2050028CC9373
S2050028CD8283
S2050028CE0004
S2050028CF0003
S2050028D0EF13
S2050028D1F011
S2050028D25FA1
S2050028D3FB04
S2050028D413EB
S2050028D58578
S2050028D605F7
S2050028D700FB
S2050028D86793
S2050028D98079
S2050028DA02F6
S2050028DB00F7
S2050028DC33C3
S2050028DD05F0
S2050028DEA054
S2050028DF40B3
S2050028E0638F
S2050028E148A9
S2050028E2B040
S2050028E300EF
S2050028E4B33B
S2050028E505E8
S2050028E6B03C
S2050028E740AB
S2050028E86F7B
S2050028E9F0F9
S2050028EADF09
S2050028EBF9EE
S2050028ECB333
S2050028ED05E0
S2050028EEB034
S2050028EF40A3
S2050028F0934F
S2050028F1825F
S2050028F200E0
S2050028F300DF
S2050028F4EFEF
S2050028F5F0ED
S2050028F61FBD
S2050028F7F9E2
S2050028F833A7
S2050028F905D4
S2050028FAA038
S2050028FB4097
S2050028FC676F
S2050028FD8055
S2050028FE02D2
S2050028FF00D3
S205002900933E
S205002901824E
S20500290200CF
S20500290300CE
S205002904636A
S205002905CA02
S20500290605C6
S20500290700CA
S2050029086366
S2050029094C7C
S20500290A05C2
S20500290B00C6
S20500290CEFD6
S20500290DF0D4
S20500290E9F24
S20500290FF7CB
S20500291013AE
S205002911853B
S20500291205BA
S20500291300BE
S2050029146756
S205002915803C
S20500291602B9
S20500291700BA
S205002918B306
S20500291905B3
S20500291AB007
S20500291B4076
S20500291CE3D2
S20500291D585C
S20500291E05AE
S20500291FFEB4
S205002920337E
S20500292105AB
S205002922A00F
S205002923406E
S205002924EFBE
S205002925F0BC
S2050029261F8C
S205002927F6B4
S2050029283376
S20500292905A3
S20500292AB0F7
S20500292B4066
S20500292C673E
S20500292D8024
S20500292E02A1
S20500292F00A2
S205002930B7EA
S2050029310799
S205002932019E
S205002933009E
S205002934633A
S2050029357A22
S205002936F5A6
S2050029370298
S2050029381386
S2050029393761
S20500293A0592
S20500293B1086
S20500293C1382
S20500293D375D
S20500293E177C
S20500293F0092
S205002940137E
S2050029411779
S2050029423758
S205002943008E
S205002944B7D6
S2050029450785
S205002946107B
S205002947008A
S2050029483356
S2050029495533
S20500294AE5A2
S20500294B0086
S20500294C93F2
S20500294D87FD
S20500294E077C
S20500294F047E
S205002950B3CE
S20500295187F9
S205002952A7D8
S205002953007E
S205002954037A
S205002955C5B7
S2050029560774
S205002957007A
S20500295893E6
S2050029590672
S20500295A0077
S20500295B0274
S20500295CB3C2
S20500295D86EE
S20500295EE68D
S20500295F4032
S205002960333E
S20500296185EB
S205002962A6C9
S205002963402E
S2050029646706
S20500296580EC
S205002966006B
S205002967006A
S205002968B7B2
S2050029690761
S20500296A0067
S20500296B0165
S20500296C6302
S20500296D74F0
S20500296EF56E
S20500296F0260
S205002970134E
S2050029710759
S205002972005F
S205002973015D
S205002974B7A6
S2050029750755
S205002976104B
S205002977005A
S2050029783326
S2050029795503
S20500297AE572
S20500297B0056
S20500297C93C2
S20500297D87CD
S20500297E074C
S20500297F044E
S205002980B39E
S20500298187C9
S205002982A7A8
S205002983004E
S205002984034A
S205002985C587
S2050029860744
S205002987004A
S20500298893B6
S2050029890642
S20500298A0047
S20500298B0145
S20500298C3312
S20500298D85BF
S20500298EA69D
S20500298F4002
S20500299067DA
S20500299180C0
S205002992003F
S205002993003E
S205002994132A
S2050029950735
S20500299680BB
S2050029970139
S205002998B782
S2050029990731
S20500299A1027
S20500299B0036
S20500299C3302
S20500299D55DF
S20500299EE54E
S20500299F0032
S2050029A0939E
S2050029A187A9
S2050029A20728
S2050029A3042A
S2050029A4B37A
S2050029A587A5
S2050029A6A784
S2050029A7002A
S2050029A80326
S2050029A9C563
S2050029AA0720
S2050029AB0026
S2050029AC9392
S2050029AD061E
S2050029AE80A3
S2050029AF0022
S2050029B033EE
S2050029B1859B
S2050029B2A679
S2050029B340DE
S2050029B467B6
S2050029B5809C
S2050029B6001B
S2050029B7001A
S2050029B81306
S2050029B90117
S2050029BA0116
S2050029BBFF17
S2050029BC23F2
S2050029BD24F0
S2050029BE8192
S2050029BF0012
S2050029C023EE
S2050029C120F0
S2050029C221EE
S2050029C3010D
S2050029C49776
S2050029C5D735
S2050029C60FFC
S2050029C7000A
S2050029C89376
S2050029C98781
S2050029CAC740
S2050029CB63A3
S2050029CC17EE
S2050029CDD430
S2050029CE0FF4
S2050029CF0002
S2050029D013EE
S2050029D104FC
S2050029D244BB
S2050029D3639B
S2050029D423DA
S2050029D526D6
S2050029D611EA
S2050029D700FA
S2050029D823D6
S2050029D922D6
S2050029DA9166
S2050029DB00F6
S2050029DC33C2
S2050029DD896B
S2050029DE876C
S2050029DF40B2
S2050029E0638E
S2050029E18070
S2050029E28768
S2050029E302EC
S2050029E413DA
S2050029E55993
S2050029E629C2
S2050029E740AA
S2050029E89356
S2050029E904E4
S2050029EA00E7
S2050029EB00E6
S2050029EC8362
S2050029ED27BD
S2050029EE04DF
S2050029EF00E2
S2050029F0934E
S2050029F1845C
S2050029F214CB
S2050029F300DE
S2050029F413CA
S2050029F504D8
S2050029F64497
S2050029F700DA
S2050029F8E7F2
S2050029F98058
S2050029FA07D0
S2050029FB00D6
S2050029FCE3F2
S2050029FDE8EC
S2050029FE24AF
S2050029FFFFD3
S205002A009739
S205002A01D7F8
S205002A020FBF
S205002A0300CD
S205002A049339
S205002A058744
S205002A0607C3
S205002A076069
S205002A0817B1
S205002A09D4F3
S205002A0A0FB7
S205002A0B00C5
S205002A0C13B1
S205002A0D04BF
S205002A0E843E
S205002A0F5F62
S205002A10338D
S205002A118936
S205002A128737
S205002A13407D
S205002A1413A9
S205002A155962
S205002A162991
S205002A174079
S205002A186355
S205002A198E29
S205002A1A872F
S205002A1B00B5
S205002A1C9321
S205002A1D04AF
S205002A1E00B2
S205002A1F00B1
S205002A20832D
S205002A212788
S205002A2204AA
S205002A2300AD
S205002A249319
S205002A258427
S205002A261496
S205002A2700A9
S205002A281395
S205002A2904A3
S205002A2A4462
S205002A2B00A5
S205002A2CE7BD
S205002A2D8023
S205002A2E079B
S205002A2F00A1
S205002A30E3BD
S205002A31E8B7
S205002A32247A
S205002A33FF9E
S205002A348319
S205002A35207B
S205002A36C1D9
S205002A370099
S205002A380395
S205002A392473
S205002A3A8115
S205002A3B0095
S205002A3C8311
S205002A3D246F
S205002A3E4151
S205002A3F0091
S205002A40038D
S205002A412966
S205002A42018D
S205002A43008D
S205002A441379
S205002A45018A
S205002A460189
S205002A470188
S205002A486721
S205002A498007
S205002A4A0086
S205002A4B0085
S205002A4C6321
S205002A4DF68D
S205002A4EA5DD
S205002A4F027F
S205002A50334D
S205002A5187F8
S205002A52C5B9
S205002A53007D
S205002A546319
S205002A557209
S205002A56E595
S205002A570277
S205002A58B3C5
S205002A590770
S205002A5AC5B1
S205002A5B0075
S205002A5C6311
S205002A5D066D
S205002A5E066C
S205002A5F046D
S205002A6083ED
S205002A614629
S205002A62F777
S205002A63FF6E
S205002A6493D9
S205002A6587E4
S205002A66F773
S205002A67FF6A
S205002A681355
S205002A690760
S205002A6AF76F
S205002A6BFF66
S205002A6C2341
S205002A6D80E3
S205002A6ED78B
S205002A6F0061
S205002A70E37D
S205002A711847
S205002A72F569
S205002A73FE5F
S205002A7467F5
S205002A7580DB
S205002A76005A
S205002A770059
S205002A7893C5
S205002A790750
S205002A7AF066
S205002A7B0055
S205002A7C63F1
S205002A7DE86B
S205002A7EC78B
S205002A7F024F
S205002A8093BD
S205002A810748
S205002A820549
S205002A83004D
S205002A8493B9
S205002A850645
S205002A86F654
S205002A87FF4A
S205002A8863E5
S205002A890245
S205002A8A0640
S205002A8B0C39
S205002A8C93B1
S205002A8D86BD
S205002A8E162C
S205002A8F0041
S205002A90B38D
S205002A9186B9
S205002A92D767
S205002A93003D
S205002A940339
S205002A95C774
S205002A960535
S205002A970039
S205002A9893A5
S205002A9987B0
S205002A9A171F
S205002A9B0035
S205002A9C93A1
S205002A9D85AE
S205002A9E151D
S205002A9F0031
S205002AA0A38D
S205002AA18FA0
S205002AA2E747
S205002AA3FE2F
S205002AA4E349
S205002AA59893
S205002AA6D753
S205002AA7FE2B
S205002AA867C1
S205002AA980A7
S205002AAA0026
S205002AAB0025
S205002AACB371
S205002AAD67BC
S205002AAEB56D
S205002AAF0021
S205002AB0938D
S205002AB1F728
S205002AB237E7
S205002AB3001D
S205002AB463B9
S205002AB59685
S205002AB60713
S205002AB70811
S205002AB89385
S205002AB9080F
S205002ABA0610
S205002ABBFF16
S205002ABC9381
S205002ABDF81B
S205002ABE080A
S205002ABFFF12
S205002AC0937D
S205002AC18887
S205002AC20806
S205002AC3010C
S205002AC4B359
S205002AC50605
S205002AC615F5
S205002AC70108
S205002AC813F5
S205002AC98780
S205002ACA0501
S205002ACB0005
S205002ACC9371
S205002ACD07FC
S205002ACE05FD
S205002ACF0001
S205002AD003FD
S205002AD128D7
S205002AD207F7
S205002AD300FD
S205002AD413E9
S205002AD507F4
S205002AD607F3
S205002AD701F8
S205002AD89365
S205002AD98770
S205002ADA07EF
S205002ADB01F4
S205002ADC23D1
S205002ADDA84B
S205002ADE07EB
S205002ADFFFF2
S205002AE003ED
S205002AE128C7
S205002AE247A7
S205002AE3FFEE
S205002AE423C9
S205002AE5AA41
S205002AE607E3
S205002AE7FFEA
S205002AE803E5
S205002AE928BF
S205002AEA875F
S205002AEBFFE6
S205002AEC23C1
S205002AEDAC37
S205002AEE07DB
S205002AEFFFE2
S205002AF003DD
S205002AF128B7
S205002AF2C717
S205002AF3FFDE
S205002AF423B9
S205002AF5AE2D
S205002AF607D3
S205002AF7FFDA
S205002AF8E3F5
S205002AF99C3B
S205002AFAD7FF
S205002AFBFCD9
S205002AFC13C1
S205002AFD785B
S205002AFEC60C
S205002AFF00D1
S205002B00B31C
S205002B018549
S205002B0215B8
S205002B0301CB
S205002B0413B8
S205002B057753
S205002B06F6D3
S205002B0700C8
S205002B086364
S205002B0904C2
S205002B0A08BD
S205002B0B04C0
S205002B0C13B0
S205002B0D08BA
S205002B0EC7FA
S205002B0FFFC1
S205002B1013AC
S205002B117846
S205002B12C8F5
S205002B13FFBD
S205002B1413A8
S205002B1508B2
S205002B164871
S205002B1700B8
S205002B18B304
S205002B19872F
S205002B1A06AF
S205002B1B01B3
S205002B1C13A0
S205002B1D872B
S205002B1E05AC
S205002B1F00B0
S205002B20832C
S205002B212886
S205002B2207A6
S205002B2300AC
S205002B249318
S205002B258624
S205002B264663
S205002B2700A8
S205002B281394
S205002B29079F
S205002B2A475E
S205002B2B00A4
S205002B2C2380
S205002B2DAEF4
S205002B2E168B
S205002B2FFFA1
S205002B30E3BC
S205002B319806
S205002B32F6A7
S205002B33FE9E
S205002B341388
S205002B357624
S205002B363663
S205002B370098
S205002B38B3E4
S205002B398511
S205002B3A0590
S205002B3B0193
S205002B3C6F24
S205002B3DF0A2
S205002B3E9FF2
S205002B3FF49C
S205002B4093FC
S205002B410688
S205002B42F697
S205002B43FF8D
S205002B4493F8
S205002B450783
S205002B460584
S205002B470088
S205002B486F18
S205002B49F096
S205002B4A5F26
S205002B4BF490
S205002B4C671C
S205002B4D8002
S205002B4E0081
S205002B4F0080
S205002B50136C
S205002B510678
S205002B520776
S205002B53007C
S205002B546F0C
S205002B55F08A
S205002B561F5A
S205002B57F385
S205002B581364
S205002B590373
S205002B5AF085
S205002B5B0074
S205002B5C1360
S205002B5D076B
S205002B5E056C
S205002B5F0070
S205002B60630C
S205002B617EF0
S205002B62C3AA
S205002B63026A
S205002B6493D8
S205002B6577F3
S205002B66F772
S205002B670068
S205002B686304
S205002B6990D6
S205002B6A075E
S205002B6B0A5A
S205002B6C6300
S205002B6D92D0
S205002B6E055C
S205002B6F0858
S205002B7093CC
S205002B7176E8
S205002B720657
S205002B73FF5D
S205002B741348
S205002B7576E4
S205002B76F663
S205002B770058
S205002B78B3A4
S205002B7986D0
S205002B7AE66F
S205002B7B0054
S205002B7C2330
S205002B7D2032
S205002B7EB79A
S205002B7F0050
S205002B80232C
S205002B81222C
S205002B82B796
S205002B83004C
S205002B842328
S205002B852426
S205002B86B792
S205002B870048
S205002B882324
S205002B892620
S205002B8AB78E
S205002B8B0044
S205002B8C1330
S205002B8D073B
S205002B8E073A
S205002B8F013F
S205002B90E35C
S205002B9166D8
S205002B92D766
S205002B93FE3E
S205002B9463D8
S205002B951426
S205002B960633
S205002B970038
S205002B9867D0
S205002B9980B6
S205002B9A0035
S205002B9B0034
S205002B9CB380
S205002B9D062C
S205002B9EC36E
S205002B9F40F0
S205002BA0939C
S205002BA19698
S205002BA22607
S205002BA3002C
S205002BA49794
S205002BA50228
S205002BA60029
S205002BA70028
S205002BA8B374
S205002BA986A0
S205002BAA56CF
S205002BAB0024
S205002BAC67BC
S205002BAD80A2
S205002BAEC65B
S205002BAF0020
S205002BB023FC
S205002BB10717
S205002BB2B766
S205002BB3001C
S205002BB4A378
S205002BB50614
S205002BB6B762
S205002BB70018
S205002BB823F4
S205002BB90610
S205002BBAB75E
S205002BBB0014
S205002BBCA370
S205002BBD050D
S205002BBEB75A
S205002BBF0010
S205002BC023EC
S205002BC10509
S205002BC2B756
S205002BC3000C
S205002BC4A368
S205002BC50406
S205002BC6B752
S205002BC70008
S205002BC823E4
S205002BC90402
S205002BCAB74E
S205002BCB0004
S205002BCCA360
S205002BCD03FF
S205002BCEB74A
S205002BCF0000
S205002BD023DC
S205002BD103FB
S205002BD2B746
S205002BD300FC
S205002BD4A358
S205002BD502F8
S205002BD6B742
S205002BD700F8
S205002BD823D4
S205002BD902F4
S205002BDAB73E
S205002BDB00F4
S205002BDCA350
S205002BDD01F1
S205002BDEB73A
S205002BDF00F0
S205002BE023CC
S205002BE101ED
S205002BE2B736
S205002BE300EC
S205002BE4A348
S205002BE500EA
S205002BE6B732
S205002BE700E8
S205002BE823C4
S205002BE900E6
S205002BEAB72E
S205002BEB00E4
S205002BEC677C
S205002BED8062
S205002BEE00E1
S205002BEF00E0
S205002BF0934C
S205002BF1F5E9
S205002BF2F5E8
S205002BF30FCD
S205002BF49348
S205002BF59644
S205002BF68554
S205002BF700D8
S205002BF8B324
S205002BF9E5F1
S205002BFAD500
S205002BFB00D4
S205002BFC9340
S205002BFD963C
S205002BFE05CC
S205002BFF01CF
S205002C00B31B
S205002C01E5E8
S205002C02D5F7
S205002C0300CB
S205002C046F5B
S205002C05F0D9
S205002C06DFE9
S205002C07F6D1
S205002C089333
S205002C09962F
S205002C0A279D
S205002C0B00C3
S205002C0C972B
S205002C0D02BF
S205002C0E00C0
S205002C0F00BF
S205002C10B30B
S205002C118637
S205002C125666
S205002C1300BB
S205002C149327
S205002C158237
S205002C1600B8
S205002C1700B7
S205002C18E7CF
S205002C198035
S205002C1A06AE
S205002C1BFAB9
S205002C1C931F
S205002C1D8031
S205002C1E02AE
S205002C1F00AF
S205002C20931B
S205002C218726
S205002C2207A5
S205002C23FFAC
S205002C243377
S205002C2507A2
S205002C26F7B1
S205002C274067
S205002C283373
S205002C29069F
S205002C2AF6AE
S205002C2B00A3
S205002C2CE3BF
S205002C2D7829
S205002C2EC3DD
S205002C2FF6A9
S205002C306F2F
S205002C31F0AD
S205002C32DFBD
S205002C33F3A8
S205002C34B3E7
S205002C35C7D2
S205002C36A5F3
S205002C370097
S205002C389303
S205002C39F79E
S205002C3A375D
S205002C3B0093
S205002C3CB3DF
S205002C3D0889
S205002C3EC5CB
S205002C3F008F
S205002C40632B
S205002C4194F9
S205002C420785
S205002C430685
S205002C4493F7
S205002C450782
S205002C463058
S205002C470087
S205002C486323
S205002C49F095
S205002C4AC7BD
S205002C4B067D
S205002C4C93EF
S205002C4D770A
S205002C4E354B
S205002C4F007F
S205002C50136B
S205002C510776
S205002C520577
S205002C53007B
S205002C546317
S205002C559ADF
S205002C560771
S205002C570671
S205002C581363
S205002C59F67F
S205002C5AC8AC
S205002C5BFF74
S205002C5CB3BF
S205002C5D066B
S205002C5EE68A
S205002C5F402F
S205002C6093DB
S205002C610766
S205002C62006C
S205002C630269
S205002C646307
S205002C65CE9B
S205002C66D791
S205002C67085F
S205002C6893D3
S205002C6986DF
S205002C6A055F
S205002C6B0063
S205002C6C93CF
S205002C6D075A
S205002C6E0759
S205002C6F005F
S205002C7063FB
S205002C7178E5
S205002C72C795
S205002C730259
S205002C740357
S205002C75A8B1
S205002C760652
S205002C770057
S205002C7893C3
S205002C7987CE
S205002C7A470D
S205002C7B0053
S205002C7C93BF
S205002C7D86CB
S205002C7E460A
S205002C7F004F
S205002C80232B
S205002C81AE9F
S205002C820745
S205002C83FF4C
S205002C84E367
S205002C85E861
S205002C86C781
S205002C87FE49
S205002C8893B3
S205002C89073E
S205002C8AF64E
S205002C8BFF44
S205002C8CB38F
S205002C8D87BA
S205002C8EE759
S205002C8F40FF
S205002C9093AB
S205002C91F746
S205002C92C775
S205002C93FF3C
S205002C9493A7
S205002C9587B2
S205002C9647F1
S205002C970037
S205002C983303
S205002C99072E
S205002C9AF73D
S205002C9B0033
S205002C9CB37F
S205002C9D85AC
S205002C9EF53B
S205002C9F002F
S205002CA063CB
S205002CA168C5
S205002CA21715
S205002CA3012A
S205002CA467C3
S205002CA580A9
S205002CA60028
S205002CA70027
S205002CA81313
S205002CA9071E
S205002CAA051F
S205002CAB0023
S205002CAC63BF
S205002CAD78A9
S205002CAE150B
S205002CAF051A
S205002CB0839B
S205002CB1C756
S205002CB20517
S205002CB3001B
S205002CB41307
S205002CB50712
S205002CB61701
S205002CB70017
S205002CB89383
S205002CB98590
S205002CBA15FF
S205002CBB0013
S205002CBCA36F
S205002CBD0F02
S205002CBEF719
S205002CBFFE11
S205002CC0E32B
S205002CC19875
S205002CC2E824
S205002CC3FE0D
S205002CC467A3
S205002CC58089
S205002CC60008
S205002CC70007
S205002CC88383
S205002CC9C63F
S205002CCA05FF
S205002CCB0003
S205002CCC13EF
S205002CCD07FA
S205002CCE17E9
S205002CCF00FF
S205002CD0936B
S205002CD17786
S205002CD237C5
S205002CD300FB
S205002CD4A357
S205002CD50FEA
S205002CD6D721
S205002CD7FEF9
S205002CD89363
S205002CD98570
S205002CDA15DF
S205002CDB00F3
S205002CDCE30F
S205002CDD8E63
S205002CDE07E9
S205002CDFF6F9
S205002CE0836B
S205002CE1C627
S205002CE205E7
S205002CE300EB
S205002CE413D7
S205002CE507E2
S205002CE617D1
S205002CE700E7
S205002CE89353
S205002CE9776E
S205002CEA37AD
S205002CEB00E3
S205002CECA33F
S205002CED0FD2
S205002CEED709
S205002CEFFEE1
S205002CF0934B
S205002CF18558
S205002CF215C7
S205002CF300DB
S205002CF4E3F7
S205002CF59A3F
S205002CF607D1
S205002CF7FCDB
S205002CF86F67
S205002CF9F0E5
S205002CFA1FB5
S205002CFBF6DD
S205002CFC676B
S205002CFD8051
S205002CFE00D0
S205002CFF00CF
S205002D0013BA
S205002D0101CB
S205002D0201CA
S205002D03FFCB
S205002D0423A6
S205002D0526A2
S205002D068146
S205002D0700C6
S205002D0813B2
S205002D0904C0
S205002D0A00C3
S205002D0B02C0
S205002D0C833E
S205002D0DA31D
S205002D0E05BA
S205002D0F00BE
S205002D10833A
S205002D11A21A
S205002D124576
S205002D1300BA
S205002D148336
S205002D15AF09
S205002D168532
S205002D1700B6
S205002D1803B2
S205002D19AF05
S205002D1AC5EE
S205002D1B00B2
S205002D1C832E
S205002D1DAE02
S205002D1E05AA
S205002D1F01AD
S205002D2003AA
S205002D21AEFE
S205002D224566
S205002D2301A9
S205002D2403A6
S205002D25A305
S205002D268522
S205002D2701A5
S205002D2803A2
S205002D29A8FC
S205002D2AC5DE
S205002D2B01A1
S205002D2C831E
S205002D2DA6FA
S205002D2E059A
S205002D2F029C
S205002D30138A
S205002D310795
S205002D324754
S205002D330298
S205002D34B3E6
S205002D350791
S205002D36E6B1
S205002D374056
S205002D382372
S205002D392E66
S205002D3A771C
S205002D3BFC96
S205002D3C236E
S205002D3D2070
S205002D3E5738
S205002D3FFE90
S205002D40236A
S205002D41226A
S205002D42F794
S205002D43FF8B
S205002D442366
S205002D452464
S205002D46E7A0
S205002D47FF87
S205002D482362
S205002D49265E
S205002D4AD7AC
S205002D4BFF83
S205002D4C235E
S205002D4D2858
S205002D4EC7B8
S205002D4FFF7F
S205002D50235A
S205002D512A52
S205002D526714
S205002D53FE7C
S205002D542356
S205002D552C4C
S205002D560770
S205002D57FF77
S205002D582352
S205002D592E46
S205002D5AD79C
S205002D5BFE74
S205002D5C93DE
S205002D5D85EB
S205002D5E452A
S205002D5F026C
S205002D60E38A
S205002D614626
S205002D62F477
S205002D63FA70
S205002D6493D6
S205002D6586E2
S205002D660562
S205002D670066
S205002D6893D2
S205002D69075D
S205002D6A075C
S205002D6B0062
S205002D6C63FE
S205002D6D78E8
S205002D6EC798
S205002D6F025C
S205002D70035A
S205002D71A8B4
S205002D720655
S205002D73005A
S205002D7493C6
S205002D7587D1
S205002D764710
S205002D770056
S205002D7893C2
S205002D7986CE
S205002D7A460D
S205002D7B0052
S205002D7C232E
S205002D7DAEA2
S205002D7E0748
S205002D7FFF4F
S205002D80E36A
S205002D81E864
S205002D82C784
S205002D83FE4C
S205002D8493B6
S205002D850741
S205002D86F651
S205002D87FF47
S205002D88B392
S205002D8987BD
S205002D8AE75C
S205002D8B4002
S205002D8C93AE
S205002D8DF749
S205002D8EC778
S205002D8FFF3F
S205002D9093AA
S205002D9187B5
S205002D9247F4
S205002D93003A
S205002D943306
S205002D950731
S205002D96F740
S205002D970036
S205002D98B382
S205002D9985AF
S205002D9AF53E
S205002D9B0032
S205002D9C63CE
S205002D9D68C8
S205002D9E1718
S205002D9F012D
S205002DA0032A
S205002DA12408
S205002DA2C16A
S205002DA3002A
S205002DA41316
S205002DA50127
S205002DA60126
S205002DA70125
S205002DA867BE
S205002DA980A4
S205002DAA0023
S205002DAB0022
S205002DAC839E
S205002DADC759
S205002DAE051A
S205002DAF001E
S205002DB0130A
S205002DB10715
S205002DB21704
S205002DB3001A
S205002DB49386
S205002DB58593
S205002DB61502
S205002DB70016
S205002DB8A372
S205002DB90F05
S205002DBAF71C
S205002DBBFE14
S205002DBCE32E
S205002DBD828E
S205002DBEE827
S205002DBFFE10
S205002DC0838A
S205002DC1C745
S205002DC20506
S205002DC3000A
S205002DC413F6
S205002DC50701
S205002DC617F0
S205002DC70006
S205002DC89372
S205002DC9857F
S205002DCA15EE
S205002DCB0002
S205002DCCA35E
S205002DCD0FF1
S205002DCEF708
S205002DCFFE00
S205002DD0E31A
S205002DD19E5E
S205002DD2E813
S205002DD3FCFE
S205002DD46F8A
S205002DD5F008
S205002DD6DF18
S205002DD7FCFA
S205002DD800F5
S205002DD900F4
S205002DDA00F3
S205002DDB00F2
S205002DDC00F1
S205002DDD00F0
S205002DDE00EF
S205002DDF00EE
S205002DE000ED
S205002DE100EC
S205002DE200EB
S205002DE300EA
S205002DE400E9
S205002DE500E8
S205002DE600E7
S205002DE700E6
S205002DE813D2
S205002DE901E3
S205002DEA01E2
S205002DEBFFE3
S205002DEC03DE
S205002DEDA63A
S205002DEE855A
S205002DEF00DE
S205002DF023BA
S205002DF124B8
S205002DF2815A
S205002DF300DA
S205002DF413C6
S205002DF58454
S205002DF605D2
S205002DF700D6
S205002DF88352
S205002DF9A52F
S205002DFA458E
S205002DFB00D2
S205002DFC23AE
S205002DFD22AE
S205002DFE913E
S205002DFF00CE
S205002E009339
S205002E0104C7
S205002E0205C5
S205002E0300C9
S205002E043791
S205002E0505C2
S205002E0610B6
S205002E0700C5
S205002E0813B1
S205002E0905BE
S205002E0A05BD
S205002E0B14AD
S205002E0C239D
S205002E0D2699
S205002E0E11AD
S205002E0F00BD
S205002E10EFCD
S205002E1110AB
S205002E1210AA
S205002E132E8B
S205002E148335
S205002E152691
S205002E164472
S205002E1700B5
S205002E188331
S205002E19258E
S205002E1A842E
S205002E1B00B1
S205002E1C139D
S205002E1D06A9
S205002E1E00AE
S205002E1F02AB
S205002E201399
S205002E218526
S205002E2204A6
S205002E2300A9
S205002E24EFB9
S205002E2500A7
S205002E268026
S205002E27594C
S205002E28EFB5
S205002E2900A3
S205002E2A00A2
S205002E2B5B46
S205002E2CE3BD
S205002E2D0E91
S205002E2E0599
S205002E2FFE9F
S205002E300399
S205002E312477
S205002E328119
S205002E330099
S205002E348315
S205002E352077
S205002E36C1D5
S205002E370095
S205002E388311
S205002E39246F
S205002E3A4151
S205002E3B0091
S205002E3C93FD
S205002E3D058A
S205002E3E0589
S205002E3F008D
S205002E403755
S205002E410586
S205002E42107A
S205002E430089
S205002E441375
S205002E450582
S205002E464541
S205002E47186D
S205002E481371
S205002E490182
S205002E4A0181
S205002E4B0180
S205002E4C6F11
S205002E4D106F
S205002E4E502E
S205002E4F2A53
S205002E501369
S205002E51017A
S205002E520179
S205002E53FF7A
S205002E542355
S205002E552255
S205002E5691E5
S205002E570075
S205002E5893E1
S205002E59046F
S205002E5A056D
S205002E5B0071
S205002E5C3739
S205002E5D056A
S205002E5E105E
S205002E5F006D
S205002E601359
S205002E610566
S205002E6285E5
S205002E631950
S205002E642345
S205002E652443
S205002E6681E5
S205002E670065
S205002E682341
S205002E69263D
S205002E6A1151
S205002E6B0061
S205002E6C134D
S205002E6D84DB
S205002E6E0559
S205002E6F005D
S205002E70EF6D
S205002E71104B
S205002E72104A
S205002E732831
S205002E741345
S205002E750651
S205002E760452
S205002E770055
S205002E7893C1
S205002E79054E
S205002E7AC092
S205002E7B0051
S205002E7C133D
S205002E7D85CA
S205002E7E044A
S205002E7F004D
S205002E80EF5D
S205002E81004B
S205002E82C08A
S205002E834306
S205002E84EF59
S205002E850047
S205002E860046
S205002E874500
S205002E88E361
S205002E890E35
S205002E8A053D
S205002E8BFE43
S205002E8C93AD
S205002E8D053A
S205002E8E0539
S205002E8F003D
S205002E903705
S205002E910536
S205002E92102A
S205002E930039
S205002E941325
S205002E950532
S205002E9685B1
S205002E971B1A
S205002E98EF45
S205002E991023
S205002E9A90A2
S205002E9B250C
S205002E9C83AD
S205002E9D250A
S205002E9E042A
S205002E9F002D
S205002EA037F5
S205002EA10526
S205002EA2101A
S205002EA30029
S205002EA41315
S205002EA50522
S205002EA6C561
S205002EA71C09
S205002EA8EF35
S205002EA91013
S205002EAA9092
S205002EAB24FD
S205002EAC839D
S205002EAD25FA
S205002EAE44DA
S205002EAF001D
S205002EB037E5
S205002EB10516
S205002EB2100A
S205002EB30019
S205002EB41305
S205002EB50512
S205002EB645D1
S205002EB71EF7
S205002EB8EF25
S205002EB91003
S205002EBA9082
S205002EBB23EE
S205002EBC030D
S205002EBD26E9
S205002EBE848A
S205002EBF000D
S205002EC00309
S205002EC124E7
S205002EC28189
S205002EC30009
S205002EC48385
S205002EC520E7
S205002EC6C145
S205002EC70005
S205002EC88381
S205002EC924DF
S205002ECA41C1
S205002ECB0001
S205002ECC37C9
S205002ECD05FA
S205002ECE10EE
S205002ECF00FD
S205002ED013E9
S205002ED105F6
S205002ED2C535
S205002ED31FDA
S205002ED49365
S205002ED505F2
S205002ED606F0
S205002ED700F5
S205002ED813E1
S205002ED901F2
S205002EDA01F1
S205002EDB01F0
S205002EDC6F81
S205002EDD10DF
S205002EDE509E
S205002EDF21CC
S205002EE013D9
S205002EE101EA
S205002EE201E9
S205002EE3FFEA
S205002EE403E5
S205002EE5A641
S205002EE68561
S205002EE700E5
S205002EE823C1
S205002EE924BF
S205002EEA8161
S205002EEB00E1
S205002EEC13CD
S205002EED845B
S205002EEE05D9
S205002EEF00DD
S205002EF08359
S205002EF1A536
S205002EF205D5
S205002EF300D9
S205002EF423B5
S205002EF522B5
S205002EF69145
S205002EF700D5
S205002EF89341
S205002EF904CF
S205002EFA05CD
S205002EFB00D1
S205002EFC3799
S205002EFD05CA
S205002EFE10BE
S205002EFF00CD
S205002F0013B8
S205002F0105C5
S205002F024584
S205002F0322A6
S205002F0423A4
S205002F0526A0
S205002F0611B4
S205002F0700C4
S205002F08EFD4
S205002F0910B2
S205002F0A9031
S205002F0B1EA2
S205002F0C03BC
S205002F0D2698
S205002F0E04B9
S205002F0F00BC
S205002F108338
S205002F112595
S205002F128435
S205002F1300B8
S205002F1413A4
S205002F158531
S205002F1604B1
S205002F1700B4
S205002F18EFC4
S205002F1900B2
S205002F1A4071
S205002F1B3A76
S205002F1CEFC0
S205002F1D00AE
S205002F1E802D
S205002F1F3B71
S205002F20E3C8
S205002F210E9C
S205002F2205A4
S205002F23FEAA
S205002F2403A4
S205002F252482
S205002F268124
S205002F2700A4
S205002F288320
S205002F292082
S205002F2AC1E0
S205002F2B00A0
S205002F2C831C
S205002F2D247A
S205002F2E415C
S205002F2F009C
S205002F309308
S205002F310595
S205002F320594
S205002F330098
S205002F343760
S205002F350591
S205002F361085
S205002F370094
S205002F381380
S205002F39058D
S205002F3A850C
S205002F3B1B75
S205002F3C137C
S205002F3D018D
S205002F3E018C
S205002F3F018B
S205002F406F1C
S205002F41107A
S205002F421079
S205002F431B6D
S205002F441374
S205002F450185
S205002F460184
S205002F47FF85
S205002F488300
S205002F49265C
S205002F4A453C
S205002F4B0080
S205002F4C037C
S205002F4D2658
S205002F4E0578
S205002F4F007C
S205002F502358
S205002F512258
S205002F5291E8
S205002F530078
S205002F5493E4
S205002F5584F2
S205002F560570
S205002F570074
S205002F5883F0
S205002F59254D
S205002F5A85EC
S205002F5B0070
S205002F5C234C
S205002F5D244A
S205002F5E81EC
S205002F5F006C
S205002F601358
S205002F610466
S205002F620564
S205002F630068
S205002F643730
S205002F650561
S205002F661055
S205002F670064
S205002F681350
S205002F69055D
S205002F6A85DC
S205002F6B263A
S205002F6C233C
S205002F6D2638
S205002F6E114C
S205002F6F005C
S205002F70EF6C
S205002F71104A
S205002F721049
S205002F731840
S205002F7493C4
S205002F75074F
S205002F761045
S205002F770054
S205002F7873E0
S205002F7990C2
S205002F7A074A
S205002F7BCC84
S205002F7C133C
S205002F7D0747
S205002F7E004D
S205002F7F004C
S205002F8073D8
S205002F81103A
S205002F820742
S205002F8378D0
S205002F8473D4
S205002F852620
S205002F860045
S205002F8778CC
S205002F8863E0
S205002F8992B0
S205002F8A043D
S205002F8B063A
S205002F8C033C
S205002F8D2717
S205002F8E84B9
S205002F8F003C
S205002F9093A8
S205002F910733
S205002F920039
S205002F930038
S205002F9463D4
S205002F9556E0
S205002F96E055
S205002F970232
S205002F9883B0
S205002F99260C
S205002F9A042D
S205002F9B0030
S205002F9C032C
S205002F9D2707
S205002F9E44E9
S205002F9F002C
S205002FA0B378
S205002FA186A4
S205002FA2F633
S205002FA30028
S205002FA483A4
S205002FA5C660
S205002FA6061F
S205002FA70024
S205002FA833F0
S205002FA9071B
S205002FAAF72A
S205002FAB0020
S205002FAC938C
S205002FAD8797
S205002FAE1706
S205002FAF001C
S205002FB09388
S205002FB1C654
S205002FB2F623
S205002FB3FF19
S205002FB423F4
S205002FB50016
S205002FB6D73E
S205002FB70014
S205002FB80310
S205002FB927EB
S205002FBA848D
S205002FBB0010
S205002FBCE32C
S205002FBDCE40
S205002FBEE726
S205002FBFFC10
S205002FC0F318
S205002FC125E5
S205002FC20009
S205002FC37890
S205002FC40304
S205002FC524E2
S205002FC68184
S205002FC70004
S205002FC88380
S205002FC920E2
S205002FCAC140
S205002FCB0000
S205002FCC837C
S205002FCD24DA
S205002FCE41BC
S205002FCF00FC
S205002FD0B348
S205002FD18575
S205002FD2C534
S205002FD340B8
S205002FD49364
S205002FD58571
S205002FD6B540
S205002FD7FFF5
S205002FD837BC
S205002FD905ED
S205002FDA10E1
S205002FDB00F0
S205002FDC935C
S205002FDDD519
S205002FDE35B8
S205002FDF00EC
S205002FE013D8
S205002FE105E5
S205002FE28564
S205002FE32ABE
S205002FE413D4
S205002FE501E5
S205002FE601E4
S205002FE701E3
S205002FE86F74
S205002FE910D2
S205002FEA9051
S205002FEB10D0
S205002FEC835C
S205002FED26B8
S205002FEE04D9
S205002FEF00DC
S205002FF003D8
S205002FF127B3
S205002FF24495
S205002FF300D8
S205002FF437A0
S205002FF508CE
S205002FF602D3
S205002FF74094
S205002FF823B0
S205002FF920B2
S205002FFAD8F9
S205002FFBFCD4
S205002FFC3798
S205002FFD05C9
S205002FFE02CB
S205002FFF408C
S20500300023A7
S20500300122A7
S205003002E5E3
S205003003FCCB
S2050030048343
S205003005289D
S2050030068440
S20500300700C3
S205003008B70B
S20500300905BC
S20500300A02BE
S20500300B407F
S20500300CB707
S20500300D06B7
S20500300E02BA
S20500300F407B
S2050030103783
S20500301107B2
S20500301202B6
S2050030134077
S2050030142393
S205003015A411
S205003016159F
S205003017FDB6
S205003018238F
S205003019A60B
S20500301AF6BA
S20500301BFCB3
S20500301C139B
S20500301D07A6
S20500301E07A5
S20500301FFDAE
S2050030208327
S2050030212782
S20500302207A1
S20500302300A7
S205003024E3C3
S2050030258E17
S205003026079D
S205003027FEA5
S2050030286F33
S205003029F0B1
S20500302A9F01
S20500302BF9A6
S20500302C3767
S20500302D0598
S20500302E108C
S20500302F009B
S2050030301387
S2050030310198
S2050030320197
S205003033FE99
S2050030341383
S2050030350590
S205003036850F
S2050030372E65
S205003038236F
S2050030392E63
S20500303A117F
S20500303B008F
S20500303C236B
S20500303D2C61
S20500303E810B
S20500303F008B
S2050030402367
S2050030412A5F
S20500304291F7
S2050030430087
S2050030442363
S205003045285D
S2050030462163
S2050030470182
S205003048EF93
S2050030491071
S20500304A90F0
S20500304B0A75
S20500304C3747
S20500304D0578
S20500304E106C
S20500304F007B
S2050030501367
S2050030510574
S2050030524533
S2050030533047
S205003054EF87
S2050030551065
S205003056D0A4
S205003057096A
S205003058373B
S205003059056C
S20500305A1060
S20500305B006F
S20500305C135B
S20500305D0568
S20500305E4527
S20500305F3536
S205003060EF7B
S2050030611059
S2050030621058
S205003063095E
S205003064372F
S2050030650560
S2050030661054
S2050030670063
S205003068134F
S205003069055C
S20500306A055B
S20500306B3827
S20500306CEF6F
S20500306D005D
S20500306E005C
S20500306F1D3E
S2050030701347
S2050030710950
S2050030720553
S2050030730057
S205003074371F
S2050030750550
S2050030761044
S2050030770053
S205003078133F
S205003079054C
S20500307A450B
S20500307B3916
S20500307CEF5F
S20500307D004D
S20500307E004C
S20500307F1C2F
S20500308093B7
S2050030810445
S2050030820543
S2050030830047
S205003084370F
S2050030850540
S2050030861034
S2050030870043
S205003088132F
S205003089053C
S20500308AC57B
S20500308B3A05
S20500308CEF4F
S20500308D003D
S20500308EC07C
S20500308F1D1E
S2050030901327
S2050030910435
S2050030920533
S2050030930037
S20500309437FF
S2050030950530
S2050030961024
S2050030970033
S205003098131F
S205003099052C
S20500309A45EB
S20500309B3CF3
S20500309CEF3F
S20500309D101D
S20500309E50DC
S20500309F0526
S2050030A09397
S2050030A10524
S2050030A241E7
S2050030A30027
S2050030A41313
S2050030A585A0
S2050030A60420
S2050030A70023
S2050030A8EF33
S2050030A9F031
S2050030AA9F81
S2050030ABDA45
S2050030AC938B
S2050030AD0518
S2050030AE41DB
S2050030AF001B
S2050030B01307
S2050030B10514
S2050030B2090F
S2050030B30017
S2050030B4EF27
S2050030B5F025
S2050030B6DF35
S2050030B7E231
S2050030B813FF
S2050030B9050C
S2050030BA41CF
S2050030BB000F
S2050030BC937B
S2050030BD0508
S2050030BE000C
S2050030BF000B
S2050030C0EF1B
S2050030C1F019
S2050030C25FA9
S2050030C3E81F
S2050030C49373
S2050030C50500
S2050030C641C3
S2050030C70003
S2050030C813EF
S2050030C905FC
S2050030CA04FC
S2050030CB00FF
S2050030CCEF0F
S2050030CDF00D
S2050030CEDF1D
S2050030CFD12A
S2050030D013E7
S2050030D105F4
S2050030D209EF
S2050030D300F7
S2050030D4EF07
S2050030D500F5
S2050030D600F4
S2050030D71CD7
S2050030D813DF
S2050030D9856C
S2050030DA04EC
S2050030DB00EF
S2050030DCEFFF
S2050030DD00ED
S2050030DE806C
S2050030DF1BD0
S2050030E013D7
S2050030E105E4
S2050030E204E4
S2050030E300E7
S2050030E4EFF7
S2050030E500E5
S2050030E600E4
S2050030E71BC8
S2050030E837AB
S2050030E905DC
S2050030EA10D0
S2050030EB00DF
S2050030EC13CB
S2050030ED05D8
S2050030EEC517
S2050030EF3D9E
S2050030F0EFEB
S2050030F110C9
S2050030F210C8
S2050030F300D7
S2050030F4379F
S2050030F505D0
S2050030F610C4
S2050030F700D3
S2050030F813BF
S2050030F905CC
S2050030FAC50B
S2050030FB418E
S2050030FCEFDF
S2050030FD00CD
S2050030FE408C
S2050030FF3C8F
S205003100EFDA
S20500310100C8
S20500310200C7
S2050031033D89
S2050031048342
S20500310520A4
S205003106C102
S20500310701C1
S20500310803BE
S205003109249C
S20500310A813E
S20500310B01BD
S20500310C833A
S20500310D2498
S20500310E417A
S20500310F01B9
S20500311003B6
S205003111298F
S20500311201B6
S20500311301B5
S20500311413A2
S20500311505AF
S20500311600B3
S20500311700B2
S205003118139E
S20500311901AF
S20500311A01AE
S20500311B02AC
S20500311C6746
S20500311D802C
S20500311E00AB
S20500311F00AA
S205003120B7F2
S20500312107A1
S2050031221097
S20500312300A6
S205003124376E
S2050031250F95
S2050031261093
S20500312700A2
S205003128831E
S205003129AEF2
S20500312A0798
S20500312B7E20
S20500312C039A
S20500312D2379
S20500312E8F0C
S20500312F7E1C
S2050031309306
S2050031310890
S2050031320097
S2050031331086
S2050031349302
S205003135D8BC
S205003136187B
S2050031370092
S205003138375A
S2050031396E22
S20500313A107F
S20500313B008E
S20500313C93FA
S20500313D0785
S20500313E107B
S20500313F008A
S20500314093F6
S2050031418FF9
S20500314288FF
S205003143FF87
S2050031442362
S205003145A0E4
S205003146FE85
S2050031470082
S20500314893EE
S205003149057B
S20500314A136C
S20500314B007E
S20500314C93EA
S20500314D88F4
S20500314E7803
S20500314FFF7B
S2050031501366
S2050031510672
S2050031520E69
S205003153F086
S2050031540372
S205003155482C
S205003156462D
S2050031570072
S20500315883EE
S205003159462A
S20500315A5619
S20500315B006E
S20500315C036A
S20500315D4725
S20500315E6605
S20500315F006A
S20500316083E6
S2050031614721
S20500316276F1
S2050031630066
S20500316493D2
S20500316596CE
S20500316686DD
S2050031670062
S205003168B3AE
S205003169E67A
S20500316A0659
S20500316B015D
S20500316C134A
S20500316D1745
S20500316E0754
S20500316F0159
S2050031703326
S20500317167F1
S205003172D780
S2050031730056
S20500317493C2
S20500317597BD
S20500317687CC
S2050031770151
S205003178B39E
S205003179E769
S20500317AE768
S20500317B004E
S20500317CE36A
S20500317D8CC0
S20500317EB794
S20500317FFC4E
S20500318063E6
S2050031811434
S2050031821334
S2050031830145
S205003184E362
S20500318588BC
S205003186073C
S205003187FC46
S205003188B78A
S20500318967D9
S20500318A102F
S20500318B003E
S20500318C93AA
S20500318D87B5
S20500318E87B4
S20500318FF04A
S2050031903306
S2050031910335
S205003192F344
S2050031930036
S2050031942312
S2050031952410
S205003196BF74
S2050031977EB4
S205003198230E
S2050031990030
S20500319AA38C
S20500319B002E
S20500319C63CA
S20500319D9696
S20500319EF536
S20500319F0129
S2050031A02306
S2050031A12404
S2050031A20F18
S2050031A37EA8
S2050031A49392
S2050031A5051F
S2050031A60023
S2050031A70022
S2050031A8938E
S2050031A9F729
S2050031AAF52A
S2050031AB0F0F
S2050031AC130A
S2050031ADD745
S2050031AE8596
S2050031AF001A
S2050031B08396
S2050031B146D2
S2050031B20E09
S2050031B3F026
S2050031B41302
S2050031B5779D
S2050031B6F71C
S2050031B70F03
S2050031B823EE
S2050031B90010
S2050031BAFE11
S2050031BBF01E
S2050031BC937A
S2050031BDD735
S2050031BE0506
S2050031BF0109
S2050031C08386
S2050031C146C2
S2050031C21EE9
S2050031C3F016
S2050031C49372
S2050031C5F70D
S2050031C6F70C
S2050031C70FF3
S2050031C8A35E
S2050031C90000
S2050031CAEE11
S2050031CBF00E
S2050031CC03FA
S2050031CD47B5
S2050031CE2ECD
S2050031CFF00A
S2050031D09366
S2050031D1D523
S2050031D28572
S2050031D301F5
S2050031D423D2
S2050031D501F3
S2050031D6FEF5
S2050031D7F002
S2050031D8836E
S2050031D947A9
S2050031DA3EB1
S2050031DBF0FE
S2050031DCA34A
S2050031DD01EB
S2050031DEBE2D
S2050031DFF0FA
S2050031E023C6
S2050031E1A048
S2050031E20ED9
S2050031E300E6
S2050031E4677E
S2050031E58064
S2050031E600E3
S2050031E700E2
S2050031E837AA
S2050031E906DA
S2050031EA10CF
S2050031EB00DE
S2050031EC934A
S2050031ED07D5
S2050031EE00DB
S2050031EF10CA
S2050031F037A2
S2050031F16771
S2050031F210C7
S2050031F300D6
S2050031F48352
S2050031F526AE
S2050031F6468D
S2050031F77E54
S2050031F8933E
S2050031F9D7F9
S2050031FA17B8
S2050031FB00CE
S2050031FC13BA
S2050031FD07C5
S2050031FE07C4
S2050031FFF0DA
S2050032009335
S2050032018542
S205003202873F
S205003203FFC6
S205003204B311
S205003205873C
S205003206E7DB
S20500320700C1
S20500320803BD
S205003209A718
S20500320A4777
S20500320B00BD
S20500320CE3D9
S20500320D0EAD
S20500320ED7E3
S20500320FFEBB
S20500321013A5
S2050032118730
S2050032128630
S20500321300B5
S2050032143381
S205003215872C
S205003216E7CB
S20500321700B1
S20500321803AD
S205003219456A
S20500321A07A7
S20500321B00AD
S20500321C9319
S20500321D8625
S20500321E1694
S20500321F00A9
S2050032202385
S2050032212285
S205003222D6D0
S2050032237E27
S2050032241391
S205003225752E
S205003226F5AD
S2050032270F92
S205003228633D
S2050032299609
S20500322AB6E8
S20500322B009D
S20500322C2379
S20500322D2279
S20500322E0694
S20500322F7E1B
S2050032309305
S2050032310691
S2050032320096
S2050032330095
S2050032342371
S205003235A0F3
S205003236D7BB
S2050032370091
S2050032386729
S205003239800F
S20500323A008E
S20500323B008D
S20500323C93F9
S20500323D0586
S20500323E0585
S20500323F0089
S2050032403751
S2050032410582
S2050032421076
S2050032430085
S2050032441371
S2050032450182
S2050032460181
S205003247FF82
S205003248136D
S2050032490679
S20500324A205E
S20500324B0776
S20500324C1369
S20500324D0576
S20500324E0575
S20500324F4732
S2050032502355
S2050032512651
S2050032521165
S2050032530075
S205003254EF85
S2050032551063
S205003256C0B2
S2050032576908
S205003258EF81
S205003259F07F
S20500325A1F4F
S20500325BF974
S20500325C83E9
S20500325D204B
S20500325EC1A9
S20500325F0069
S2050032601355
S2050032610166
S2050032620165
S2050032630164
S20500326467FD
S20500326580E3
S2050032660062
S2050032670061
S20500326893CD
S205003269055A
S20500326A0559
S20500326B005D
S20500326C3725
S20500326D0556
S20500326E104A
S20500326F0059
S2050032701345
S2050032710156
S2050032720155
S205003273FF56
S2050032741341
S205003275064D
S20500327670E2
S205003277074A
S205003278133D
S205003279054A
S20500327A0549
S20500327B4706
S20500327C2329
S20500327D2625
S20500327E1139
S20500327F0049
S205003280EF59
S2050032811037
S2050032820046
S20500328367DE
S205003284EF55
S205003285F053
S2050032865FE3
S205003287F64B
S20500328883BD
S205003289201F
S20500328AC17D
S20500328B003D
S20500328C1329
S20500328D013A
S20500328E0139
S20500328F0138
S20500329067D1
S20500329180B7
S2050032920036
S2050032930035
S20500329493A1
S205003295052E
S205003296052D
S2050032970031
S20500329837F9
S205003299052A
S20500329A101E
S20500329B002D
S20500329C1319
S20500329D012A
S20500329E0129
S20500329FFF2A
S2050032A01315
S2050032A10522
S2050032A20521
S2050032A349DC
S2050032A42301
S2050032A526FD
S2050032A61111
S2050032A70021
S2050032A8EF31
S2050032A9100F
S2050032AA809E
S2050032AB64B9
S2050032AC8399
S2050032AD20FB
S2050032AEC159
S2050032AF0019
S2050032B01305
S2050032B10512
S2050032B21006
S2050032B30015
S2050032B41301
S2050032B50112
S2050032B60111
S2050032B70110
S2050032B867A9
S2050032B9808F
S2050032BA000E
S2050032BB000D
S2050032BC9379
S2050032BD0605
S2050032BE0604
S2050032BF0009
S2050032C013F5
S2050032C18681
S2050032C20501
S2050032C30005
S2050032C49371
S2050032C505FE
S2050032C605FD
S2050032C70001
S2050032C837C9
S2050032C905FA
S2050032CA10EE
S2050032CB00FD
S2050032CC13E9
S2050032CD05F6
S2050032CE8575
S2050032CF4AAF
S2050032D06F89
S2050032D110E7
S2050032D200F6
S2050032D36293
S2050032D437BD
S2050032D505EE
S2050032D610E2
S2050032D700F1
S2050032D813DD
S2050032D901EE
S2050032DA01ED
S2050032DBFEEF
S2050032DC13D9
S2050032DD05E6
S2050032DE05E5
S2050032DF4D9C
S2050032E023C5
S2050032E12CBB
S2050032E28165
S2050032E300E5
S2050032E423C1
S2050032E52AB9
S2050032E69151
S2050032E700E1
S2050032E823BD
S2050032E928B7
S2050032EA21BD
S2050032EB01DC
S2050032EC23B9
S2050032ED2EAD
S2050032EE11C9
S2050032EF00D9
S2050032F09345
S2050032F104D3
S2050032F24195
S2050032F300D5
S2050032F4EFE5
S2050032F510C3
S2050032F6C012
S2050032F75F72
S2050032F813BD
S2050032F904CB
S2050032FA00CE
S2050032FB00CD
S2050032FC13B9
S2050032FD09C2
S2050032FEF0DA
S2050032FF0FBA
S2050033006F58
S20500330100C6
S2050033028045
S20500330300C4
S20500330413B0
S20500330504BE
S20500330614AD
S20500330700C0
S205003308EFD0
S205003309F0CE
S20500330A1F9E
S20500330BEECE
S20500330C2398
S20500330D803A
S20500330EA415
S20500330F00B8
S2050033109324
S2050033118432
S20500331214A1
S20500331300B4
S205003314E3D0
S205003315189A
S205003316258C
S205003317FFB1
S205003318634C
S205003319109E
S20500331A04A9
S20500331B02AA
S20500331C8328
S20500331D208A
S20500331EC1E8
S20500331F01A7
S2050033201394
S20500332105A1
S20500332204A1
S20500332300A4
S20500332403A0
S205003325247E
S2050033268120
S205003327019F
S205003328831C
S205003329247A
S20500332A415C
S20500332B019B
S20500332C0398
S20500332D2971
S20500332E0198
S20500332F0197
S2050033301384
S2050033310195
S2050033320194
S2050033330292
S205003334672C
S2050033358012
S2050033360091
S2050033370090
S20500333893FC
S2050033390787
S20500333A0489
S20500333B018B
S20500333C3358
S20500333D8406
S20500333E2762
S20500333F0088
S2050033402364
S2050033410A7C
S2050033420481
S205003343FE86
S2050033440380
S205003345473B
S2050033464140
S2050033470080
S205003348631C
S2050033490678
S20500334A0776
S20500334B0676
S20500334C1368
S20500334D0674
S20500334E5128
S20500334F0078
S2050033501364
S2050033510472
S2050033520075
S2050033530074
S2050033541360
S205003355056D
S20500335690E1
S2050033570070
S205003358135C
S2050033590866
S20500335A501D
S20500335B006C
S20500335C6FFC
S20500335D006A
S20500335EC0A9
S20500335F0167
S20500336093D4
S20500336177EF
S205003362F76E
S2050033630F55
S2050033640360
S205003365471B
S205003366065B
S2050033670060
S205003368134C
S205003369144A
S20500336A4419
S20500336B005C
S20500336C1348
S20500336D0654
S20500336E1643
S20500336F0058
S2050033703324
S20500337184D2
S20500337287CE
S2050033730054
S205003374E370
S205003375044E
S205003376074A
S205003377FA56
S20500337893BC
S2050033790747
S20500337A0746
S20500337BFD4F
S20500337C93B8
S20500337D0644
S20500337EF752
S20500337FFB4D
S20500338093B4
S205003381F74F
S205003382F74E
S2050033830F35
S20500338493B0
S205003385F64C
S205003386F64B
S2050033870F31
S205003388E35C
S2050033897EC0
S20500338AF548
S20500338BFC40
S20500338C93A8
S20500338D0535
S20500338EF742
S20500338FF93F
S20500339093A4
S205003391072F
S205003392979E
S205003393FC38
S20500339493A0
S205003395F53D
S205003396F53C
S2050033970F21
S205003398131C
S2050033990727
S20500339A9796
S20500339BFA32
S20500339C9398
S20500339DF733
S20500339EF732
S20500339F0F19
S2050033A0E344
S2050033A172B4
S2050033A2D84D
S2050033A3FC28
S2050033A4E340
S2050033A57EA4
S2050033A6B869
S2050033A7FA26
S2050033A837E8
S2050033A90519
S2050033AA100D
S2050033AB001C
S2050033AC1308
S2050033AD0515
S2050033AE45D4
S2050033AF44D4
S2050033B0EF28
S2050033B11006
S2050033B20015
S2050033B354C0
S2050033B41300
S2050033B5040E
S2050033B60011
S2050033B70010
S2050033B86FA0
S2050033B9F01E
S2050033BA5FAE
S2050033BBF616
S2050033BC13F8
S2050033BD8783
S2050033BE0603
S2050033BF0008
S2050033C09374
S2050033C10600
S2050033C206FF
S2050033C30004
S2050033C413F0
S2050033C5867C
S2050033C605FC
S2050033C70000
S2050033C8936C
S2050033C905F9
S2050033CA05F8
S2050033CB00FC
S2050033CC37C4
S2050033CD05F5
S2050033CE10E9
S2050033CF00F8
S2050033D013E4
S2050033D105F1
S2050033D205F0
S2050033D34FA5
S2050033D46F84
S2050033D510E2
S2050033D6C031
S2050033D7519F
S2050033D837B8
S2050033D905E9
S2050033DA10DD
S2050033DB00EC
S2050033DC13D8
S2050033DD01E9
S2050033DE01E8
S2050033DFFEEA
S2050033E013D4
S2050033E105E1
S2050033E2C520
S2050033E35193
S2050033E423C0
S2050033E52CB6
S2050033E68160
S2050033E700E0
S2050033E823BC
S2050033E92AB4
S2050033EA914C
S2050033EB00DC
S2050033EC23B8
S2050033ED28B2
S2050033EE21B8
S2050033EF01D7
S2050033F023B4
S2050033F12EA8
S2050033F211C4
S2050033F300D4
S2050033F49340
S2050033F504CE
S2050033F64190
S2050033F700D0
S2050033F8EFE0
S2050033F910BE
S2050033FA804D
S2050033FB4F7D
S2050033FC13B8
S2050033FD04C6
S2050033FE00C9
S2050033FF00C8
S20500340013B3
S20500340109BC
S205003402F0D4
S2050034030FB4
S2050034046F53
S20500340500C1
S2050034068040
S20500340700BF
S20500340813AB
S20500340904B9
S20500340A14A8
S20500340B00BB
S20500340CEFCB
S20500340DF0C9
S20500340EDFD9
S20500340FDDDA
S2050034102393
S2050034118035
S205003412A410
S20500341300B3
S205003414931F
S205003415842D
S205003416149C
S20500341700AF
S205003418E3CB
S2050034191895
S20500341A2587
S20500341BFFAC
S20500341C6347
S20500341D1099
S20500341E04A4
S20500341F02A5
S2050034208323
S2050034212085
S205003422C1E3
S20500342301A2
S205003424138F
S205003425059C
S205003426049C
S205003427009F
S205003428039B
S2050034292479
S20500342A811B
S20500342B019A
S20500342C8317
S20500342D2475
S20500342E4157
S20500342F0196
S2050034300393
S205003431296C
S2050034320193
S2050034330192
S205003434137F
S2050034350190
S205003436018F
S205003437028D
S2050034386727
S205003439800D
S20500343A008C
S20500343B008B
S20500343C93F7
S20500343D0782
S20500343E0484
S20500343F0186
S2050034403353
S2050034418401
S205003442275D
S2050034430083
S205003444235F
S2050034450A77
S205003446047C
S205003447FE81
S205003448037B
S2050034494736
S20500344A413B
S20500344B007B
S20500344C6317
S20500344D0673
S20500344E0771
S20500344F0671
S2050034501363
S205003451066F
S2050034525123
S2050034530073
S205003454135F
S205003455046D
S2050034560070
S205003457006F
S205003458135B
S2050034590568
S20500345A90DC
S20500345B006B
S20500345C1357
S20500345D0861
S20500345E5018
S20500345F0067
S2050034606FF7
S2050034610065
S205003462C0A4
S2050034630162
S20500346493CF
S20500346577EA
S205003466F769
S2050034670F50
S205003468035B
S2050034694716
S20500346A0656
S20500346B005B
S20500346C1347
S20500346D1445
S20500346E4414
S20500346F0057
S2050034701343
S205003471064F
S205003472163E
S2050034730053
S205003474331F
S20500347584CD
S20500347687C9
S205003477004F
S205003478E36B
S2050034790449
S20500347A0745
S20500347BFA51
S20500347C93B7
S20500347D0742
S20500347E0741
S20500347FFD4A
S20500348093B3
S205003481063F
S205003482F74D
S205003483FB48
S20500348493AF
S205003485F74A
S205003486F749
S2050034870F30
S20500348893AB
S205003489F647
S20500348AF646
S20500348B0F2C
S20500348CE357
S20500348D7EBB
S20500348EF543
S20500348FFC3B
S20500349093A3
S2050034910530
S205003492F73D
S205003493F93A
S205003494939F
S205003495072A
S2050034969799
S205003497FC33
S205003498939B
S205003499F538
S20500349AF537
S20500349B0F1C
S20500349C1317
S20500349D0722
S20500349E9791
S20500349FFA2D
S2050034A09393
S2050034A1F72E
S2050034A2F72D
S2050034A30F14
S2050034A4E33F
S2050034A572AF
S2050034A6D848
S2050034A7FC23
S2050034A8E33B
S2050034A97E9F
S2050034AAB864
S2050034ABFA21
S2050034AC37E3
S2050034AD0514
S2050034AE1008
S2050034AF0017
S2050034B01303
S2050034B10510
S2050034B245CF
S2050034B344CF
S2050034B4EF23
S2050034B51001
S2050034B6C050
S2050034B743CC
S2050034B813FB
S2050034B90409
S2050034BA000C
S2050034BB000B
S2050034BC6F9B
S2050034BDF019
S2050034BE5FA9
S2050034BFF611
S2050034C09373
S2050034C10500
S2050034C205FF
S2050034C30003
S2050034C437CB
S2050034C505FC
S2050034C610F0
S2050034C700FF
S2050034C813EB
S2050034C905F8
S2050034CAC537
S2050034CB53A8
S2050034CC6F8B
S2050034CD10E9
S2050034CE40B8
S2050034CF42B5
S2050034D037BF
S2050034D105F0
S2050034D210E4
S2050034D300F3
S2050034D413DF
S2050034D501F0
S2050034D601EF
S2050034D7FFF0
S2050034D813DB
S2050034D905E8
S2050034DA45A7
S2050034DB5596
S2050034DC23C7
S2050034DD26C3
S2050034DE11D7
S2050034DF00E7
S2050034E0EFF7
S2050034E110D5
S2050034E200E4
S2050034E341A2
S2050034E4835F
S2050034E520C1
S2050034E6C11F
S2050034E700DF
S2050034E813CB
S2050034E901DC
S2050034EA01DB
S2050034EB01DA
S2050034EC6F6B
S2050034EDF0E9
S2050034EEDFF9
S2050034EFCF08
S2050034F013C3
S2050034F101D4
S2050034F201D3
S2050034F3F6DD
S2050034F423AF
S2050034F52CA5
S2050034F6814F
S2050034F708C7
S2050034F823AB
S2050034F92AA3
S2050034FA913B
S2050034FB08C3
S2050034FC23A7
S2050034FD28A1
S2050034FE21A7
S2050034FF09BE
S20500350023A2
S205003501269E
S2050035023192
S20500350309B9
S205003504239E
S20500350520A0
S205003506615E
S20500350709B5
S205003508239A
S2050035092E8E
S20500350A11AA
S20500350B08B2
S20500350C2396
S20500350D2494
S20500350E4176
S20500350F09AD
S2050035102392
S2050035112292
S2050035125162
S20500351309A9
S205003514238E
S2050035152E82
S205003516713E
S20500351707A7
S205003518238A
S2050035192C80
S20500351A812A
S20500351B07A3
S20500351C2386
S20500351D2880
S20500351EA106
S20500351F079F
S2050035202382
S205003521267E
S205003522B1F2
S205003523079B
S205003524138E
S205003525F8A8
S2050035260798
S205003527049A
S205003528138A
S2050035290498
S20500352A0596
S20500352B009A
S20500352C9306
S20500352D890F
S20500352E0592
S20500352F0096
S2050035309302
S2050035310490
S205003532068D
S2050035330092
S205003534137E
S2050035358907
S2050035360689
S205003537008E
S205003538137A
S2050035390B81
S20500353A0784
S20500353B008A
S20500353C6326
S20500353D1078
S20500353E087F
S20500353F1C6A
S205003540B7CE
S2050035410A7A
S2050035421073
S2050035430082
S20500354493EE
S2050035458AF6
S2050035468AF5
S2050035475628
S205003548136A
S205003549FC80
S20500354A0774
S20500354B0179
S20500354C6316
S20500354D0474
S20500354E0C6B
S20500354F185E
S2050035501362
S205003551076D
S2050035520073
S2050035530171
S205003554234E
S205003555224E
S205003556E18E
S205003557006E
S205003558135A
S2050035590765
S20500355A006B
S20500355B0268
S20500355C93D6
S20500355DF771
S20500355EE780
S20500355FFF67
S2050035602342
S205003561263E
S205003562E182
S2050035630062
S205003564134E
S205003565F769
S2050035662738
S205003567005E
S20500356893CA
S205003569FB61
S20500356A0754
S20500356B0258
S20500356C63F6
S20500356D0E4A
S20500356E0750
S20500356F183E
S20500357063F2
S205003571CA8A
S205003572094A
S2050035732032
S205003574133E
S205003575F759
S2050035764708
S205003577004E
S20500357863EA
S205003579123A
S20500357A0744
S20500357B1E2C
S20500357C93B6
S20500357DF751
S20500357E87C0
S20500357F0046
S2050035802322
S2050035812420
S2050035820142
S2050035830042
S20500358463DE
S20500358588B8
S2050035860738
S205003587003E
S20500358893AA
S2050035890735
S20500358A003B
S20500358B0238
S20500358C1326
S20500358D092F
S20500358EF93E
S20500358FFF37
S2050035902312
S2050035912410
S205003592F142
S2050035930032
S20500359463CE
S2050035958EA2
S2050035960B24
S205003597002E
S205003598939A
S2050035990725
S20500359A002B
S20500359B0129
S20500359C63C6
S20500359D82A6
S20500359EF433
S20500359F2006
S2050035A09392
S2050035A1879D
S2050035A2849F
S2050035A3FF23
S2050035A4938E
S2050035A5B769
S2050035A61708
S2050035A7001E
S2050035A8938A
S2050035A90B11
S2050035AA001B
S2050035AB0218
S2050035AC33E6
S2050035AD090F
S2050035AEF91E
S2050035AF40D6
S2050035B063B2
S2050035B19084
S2050035B2090A
S2050035B316FC
S2050035B4937E
S2050035B50709
S2050035B6000F
S2050035B7030B
S2050035B823EA
S2050035B90EFE
S2050035BAF11A
S2050035BB000A
S2050035BC13F6
S2050035BD0DFB
S2050035BE10F7
S2050035BF0006
S2050035C09372
S2050035C10DF7
S2050035C2C142
S2050035C30101
S2050035C413EE
S2050035C50AF6
S2050035C60DF2
S2050035C700FE
S2050035C8639A
S2050035C954A8
S2050035CA6D8E
S2050035CB01F9
S2050035CC13E6
S2050035CD0AEE
S2050035CE0BEC
S2050035CF00F6
S2050035D08372
S2050035D127CD
S2050035D241B2
S2050035D300F2
S2050035D433BE
S2050035D509E7
S2050035D649A6
S2050035D741AD
S2050035D8638A
S2050035D9905C
S2050035DA07E4
S2050035DB02E8
S2050035DC6386
S2050035DD5A8E
S2050035DE20C7
S2050035DF1FC7
S2050035E013D2
S2050035E106DE
S2050035E209DA
S2050035E300E2
S2050035E413CE
S2050035E505DB
S2050035E604DB
S2050035E700DE
S2050035E8934A
S2050035E905D7
S2050035EA00DB
S2050035EB02D8
S2050035EC33A6
S2050035ED04D4
S2050035EE24B3
S2050035EF01D5
S2050035F0EFE6
S2050035F1F0E4
S2050035F28F44
S2050035F3D6FC
S2050035F413BE
S2050035F509C7
S2050035F6F0DF
S2050035F7FFCF
S2050035F8834A
S2050035F927A5
S2050035FA814A
S2050035FB00CA
S2050035FC6366
S2050035FD8642
S2050035FE07C0
S2050035FF00C6
S20500360023A1
S20500360100C3
S205003602F4CE
S20500360300C1
S20500360413AD
S20500360504BB
S20500360614AA
S20500360700BD
S2050036086359
S2050036098A31
S20500360A0BAF
S20500360B00B9
S20500360C13A5
S20500360D07B0
S20500360E8036
S20500360F00B5
S2050036106351
S2050036118E25
S205003612E4CE
S2050036131899
S205003614139D
S20500361507A8
S20500361600AE
S20500361701AC
S2050036186349
S2050036198A21
S20500361AE4C6
S20500361B1495
S20500361C6345
S20500361D1097
S20500361E0C9A
S20500361F02A3
S2050036206341
S205003621544F
S2050036222082
S2050036231B86
S205003624831D
S205003625257A
S205003626C1DD
S205003627009D
S2050036281389
S2050036290695
S20500362A0991
S20500362B0099
S20500362C1385
S20500362D0592
S20500362E0492
S20500362F0095
S205003630EFA5
S205003631F0A3
S2050036328F03
S205003633D2BF
S205003634335D
S205003635048B
S205003636246A
S205003637018C
S2050036381379
S2050036390982
S20500363AF09A
S20500363BFF8A
S20500363C6325
S20500363D5E29
S20500363E4D39
S20500363F0184
S2050036403351
S2050036410A79
S205003642AAD8
S2050036434140
S205003644136D
S205003645057A
S205003646047A
S205003647007D
S2050036481369
S2050036490675
S20500364A0A70
S20500364B0079
S20500364C93E5
S20500364D0572
S20500364E0076
S20500364F0372
S205003650EF85
S205003651F083
S2050036528FE3
S205003653D0A1
S205003654333D
S205003655046B
S205003656442A
S205003657016C
S205003658B3B9
S20500365987E4
S20500365A3D2D
S20500365B0168
S20500365C1355
S20500365D0760
S20500365E0462
S20500365F0065
S2050036600361
S205003661C69D
S205003662075B
S2050036630061
S20500366493CD
S20500366586D9
S2050036660757
S205003667005D
S2050036681349
S2050036690754
S20500366A1743
S20500366B0059
S20500366CA3B5
S20500366D0F48
S20500366EC78F
S20500366FFE57
S20500367093C1
S20500367187CC
S205003672F75B
S205003673FF52
S205003674E36D
S20500367596B9
S205003676DD71
S205003677FE4F
S20500367893B9
S20500367989C2
S20500367A1931
S20500367B0049
S20500367C3315
S20500367D0443
S20500367E3412
S20500367F0144
S20500368063E1
S2050036815CE7
S2050036822022
S2050036830140
S205003684132D
S205003685053A
S205003686043A
S205003687003D
S2050036881329
S2050036890635
S20500368A0931
S20500368B0039
S20500368C93A5
S20500368D0532
S20500368E0036
S20500368F0233
S205003690EF45
S205003691F043
S2050036928FA3
S205003693CC65
S20500369433FD
S205003695042B
S205003696240A
S205003697012C
S20500369883A9
S205003699200B
S20500369AC169
S20500369B0920
S20500369C1315
S20500369D0522
S20500369E0422
S20500369F0025
S2050036A00321
S2050036A124FF
S2050036A281A1
S2050036A30918
S2050036A4839D
S2050036A524FB
S2050036A641DD
S2050036A70914
S2050036A80319
S2050036A929F2
S2050036AA0119
S2050036AB0910
S2050036AC8395
S2050036AD29EE
S2050036AEC155
S2050036AF080D
S2050036B00311
S2050036B12AE9
S2050036B28191
S2050036B30809
S2050036B4838D
S2050036B52AE5
S2050036B641CD
S2050036B70805
S2050036B80309
S2050036B92BE0
S2050036BA0109
S2050036BB0801
S2050036BC8385
S2050036BD2BDC
S2050036BEC145
S2050036BF07FE
S2050036C00301
S2050036C12CD7
S2050036C28181
S2050036C307FA
S2050036C403FD
S2050036C52DD2
S2050036C601FD
S2050036C707F6
S2050036C88379
S2050036C92DCE
S2050036CAC139
S2050036CB06F3
S2050036CC13E5
S2050036CD01F6
S2050036CE01F5
S2050036CF0AEB
S2050036D0678D
S2050036D18073
S2050036D200F2
S2050036D300F1
S2050036D4935D
S2050036D5F6F9
S2050036D617D7
S2050036D701EC
S2050036D813D9
S2050036D9F7F4
S2050036DA17D3
S2050036DB00E9
S2050036DC23C5
S2050036DD22C5
S2050036DED115
S2050036DF00E5
S2050036E06381
S2050036E10CD7
S2050036E207DB
S2050036E30ED3
S2050036E413CD
S2050036E507D8
S2050036E600DE
S2050036E703DA
S2050036E823B9
S2050036E926B5
S2050036EAE1F9
S2050036EB00D9
S2050036EC13C5
S2050036EDF7E0
S2050036EE27AF
S2050036EF00D5
S2050036F09341
S2050036F1FBD8
S2050036F207CB
S2050036F302CF
S2050036F4636D
S2050036F50AC5
S2050036F607C7
S2050036F700CD
S2050036F86F5D
S2050036F9F0DB
S2050036FA9F2B
S2050036FBE7E2
S2050036FCB711
S2050036FD0ABD
S2050036FE10B6
S2050036FF00C5
S2050037009330
S2050037018A38
S2050037020AB7
S2050037035967
S2050037046F50
S205003705F0CE
S2050037065F5E
S205003707E4D8
S2050037082398
S2050037092496
S20500370A01B8
S20500370B00B8
S20500370C6F48
S20500370DF0C6
S20500370E9F16
S20500370FE8CC
S2050037102390
S2050037112A88
S2050037129120
S20500371307A9
S205003714139C
S2050037158529
S20500371609A4
S20500371700AC
S2050037181398
S2050037190D9D
S20500371A00A9
S20500371B00A8
S20500371C9314
S20500371D0D99
S20500371EC1E4
S20500371F01A3
S2050037209310
S205003721851D
S205003722049D
S20500372300A0
S205003724138C
S2050037250A94
S2050037260598
S205003727009C
S205003728EFAC
S205003729F0AA
S20500372A4F4A
S20500372B9AFE
S20500372C3364
S20500372D8511
S20500372EAAEB
S20500372F0094
S2050037308310
S205003731464C
S205003732058C
S2050037330090
S20500373493FC
S2050037350985
S2050037360D80
S205003737008C
S2050037381378
S2050037390D7D
S20500373A1D6C
S20500373B0088
S20500373CB3D4
S20500373D8CFA
S20500373EADD8
S20500373F0183
S20500374093F0
S20500374185FD
S205003742047D
S2050037430080
S205003744136C
S2050037450579
S2050037460A73
S205003747007C
S205003748A3D8
S2050037498FEB
S20500374ADC9D
S20500374BFE7A
S20500374CEF88
S20500374DF086
S20500374E8FE6
S20500374F93E1
S205003750E390
S20500375178FA
S2050037529AD7
S205003753FC74
S20500375483EC
S2050037552C42
S205003756412C
S2050037570765
S2050037586FFC
S205003759F07A
S20500375ADF8A
S20500375BE682
S20500375C93D4
S20500375D075F
S20500375EB0B5
S20500375F0262
S2050037601350
S2050037610959
S205003762F968
S205003763FF61
S205003764233C
S205003765243A
S205003766F16C
S205003767005C
S2050037686FEC
S205003769F06A
S20500376ADF7A
S20500376BE276
S20500376C1344
S20500376D074F
S20500376E0055
S20500376F0351
S2050037702330
S2050037710052
S205003772E46D
S2050037730050
S205003774133C
S2050037750747
S20500377680CD
S2050037770745
S205003778A3A8
S205003779004A
S20500377AE465
S20500377B0048
S20500377C1334
S20500377D0442
S20500377E2421
S20500377F0044
S2050037806FD4
S205003781F052
S205003782DF62
S205003783E957
S205003784B38C
S2050037850935
S205003786300D
S20500378741FB
S2050037881328
S2050037890931
S20500378AF940
S20500378BFF39
S20500378C63D4
S20500378D989E
S20500378E0B2A
S20500378F0232
S20500379093A0
S205003791072B
S205003792D061
S205003793022E
S205003794230C
S2050037952A04
S205003796919C
S2050037970725
S2050037982308
S2050037992406
S20500379AF138
S20500379B0028
S20500379C6FB8
S20500379DF036
S20500379E9F86
S20500379FF72D
S2050037A01310
S2050037A10919
S2050037A2E938
S2050037A3FF21
S2050037A4938C
S2050037A50B13
S2050037A6001D
S2050037A7021A
S2050037A86FAC
S2050037A9F02A
S2050037AA9F7A
S2050037ABE038
S2050037AC1304
S2050037AD070F
S2050037AE0015
S2050037AF0311
S2050037B023F0
S2050037B10012
S2050037B2E42D
S2050037B30010
S2050037B413FC
S2050037B5040A
S2050037B614F9
S2050037B7000C
S2050037B86F9C
S2050037B9F01A
S2050037BA5FAA
S2050037BBE622
S2050037BC9374
S2050037BD07FF
S2050037BED035
S2050037BF0202
S2050037C023E0
S2050037C124DE
S2050037C2F110
S2050037C30000
S2050037C46F90
S2050037C5F00E
S2050037C65F9E
S2050037C7DD1F
S2050037C813E8
S2050037C909F1
S2050037CAF900
S2050037CBFFF9
S2050037CC6F88
S2050037CDF006
S2050037CE1FD6
S2050037CFE70D
S2050037D013E0
S2050037D109E9
S2050037D2F9F8
S2050037D3FFF1
S2050037D46F80
S2050037D5F0FE
S2050037D65F8E
S2050037D7E20A
S2050037D813D8
S2050037D907E3
S2050037DA00E9
S2050037DB02E6
S2050037DC23C4
S2050037DD22C4
S2050037DE01E4
S2050037DF00E4
S2050037E023C0
S2050037E126BC
S2050037E2E100
S2050037E300E0
S2050037E46F70
S2050037E5F0EE
S2050037E61FBE
S2050037E7D804
S2050037E813C8
S2050037E901D9
S2050037EA01D8
S2050037EBEFE9
S2050037EC23B4
S2050037ED26B0
S2050037EE11C4
S2050037EF10C4
S2050037F023B0
S2050037F122B0
S2050037F29140
S2050037F310C0
S2050037F4834C
S2050037F5C707
S2050037F605C8
S2050037F700CC
S2050037F823A8
S2050037F924A6
S2050037FAA128
S2050037FB00C8
S2050037FCE3E4
S2050037FD8E38
S2050037FE07BE
S2050037FF3E86
S205003800B70B
S20500380108B9
S20500380210B0
S20500380300BF
S205003804239B
S2050038052499
S205003806813B
S20500380710AB
S2050038082397
S2050038092099
S20500380A2197
S20500380B11A6
S20500380C2393
S20500380D2E87
S20500380E3183
S20500380F0FA4
S205003810238F
S2050038112C85
S205003812416F
S2050038130FA0
S205003814238B
S2050038152A83
S205003816515B
S2050038170F9C
S2050038182387
S2050038192881
S20500381A6147
S20500381B0F98
S20500381C2383
S20500381D267F
S20500381E7133
S20500381F0F94
S205003820237F
S205003821247D
S205003822811F
S2050038230F90
S205003824237B
S205003825227B
S205003826910B
S2050038270F8C
S2050038282377
S2050038292079
S20500382AA1F7
S20500382B0F88
S20500382C2373
S20500382D2E67
S20500382EB1E3
S20500382F0D86
S205003830137F
S205003831840D
S205003832058B
S205003833008F
S20500383493FB
S2050038350B82
S2050038360686
S205003837008B
S20500383893F7
S2050038390485
S20500383A0583
S20500383B0087
S20500383C93F3
S20500383D097C
S20500383E5034
S20500383F0281
S205003840136F
S2050038410B76
S2050038420080
S205003843017E
S205003844136B
S20500384589F4
S2050038460874
S2050038475C1F
S20500384893E7
S2050038490A6F
S20500384A90E8
S20500384B0077
S20500384C1363
S20500384D0A6B
S20500384EE094
S20500384F0271
S205003850630F
S20500385180F1
S2050038523739
S2050038530768
S205003854234B
S20500385580ED
S205003856F478
S205003857006B
S20500385883E7
S2050038594722
S20500385A1454
S20500385B0067
S20500385C93D3
S20500385D84E1
S20500385E1450
S20500385F0063
S205003860134F
S205003861045D
S205003862144C
S205003863005F
S205003864E37B
S20500386596C7
S2050038660755
S205003867FE5D
S2050038680357
S2050038692435
S20500386A81D7
S20500386B1047
S20500386C0353
S20500386D292C
S20500386E0153
S20500386F1043
S20500387083CF
S2050038712928
S205003872C18F
S2050038730F40
S205003874034B
S2050038752A23
S20500387681CB
S2050038770F3C
S20500387883C7
S2050038792A1F
S20500387A4107
S20500387B0F38
S20500387C0343
S20500387D2B1A
S20500387E0143
S20500387F0F34
S20500388083BF
S2050038812B16
S205003882C17F
S2050038830E31
S205003884033B
S2050038852C11
S20500388681BB
S2050038870E2D
S20500388883B7
S2050038892C0D
S20500388A41F7
S20500388B0E29
S20500388C0333
S20500388D2D08
S20500388E0133
S20500388F0E25
S20500389083AF
S2050038912D04
S205003892C16F
S2050038930D22
S205003894230B
S20500389580AD
S2050038960428
S205003897002B
S20500389883A7
S2050038992702
S20500389A81A7
S20500389B0027
S20500389C83A3
S20500389D2005
S20500389EC163
S20500389F1013
S2050038A033EF
S2050038A1859C
S2050038A2F42C
S2050038A340DF
S2050038A4839B
S2050038A524F9
S2050038A641DB
S2050038A7100B
S2050038A81307
S2050038A90118
S2050038AA0117
S2050038AB1106
S2050038AC67AF
S2050038AD8095
S2050038AE0014
S2050038AF0013
S2050038B0937F
S2050038B1070A
S2050038B20010
S2050038B3000F
S2050038B4030B
S2050038B548C5
S2050038B614F8
S2050038B7000B
S2050038B89377
S2050038B90CFD
S2050038BA14F4
S2050038BB0007
S2050038BC13F3
S2050038BD07FE
S2050038BE08FC
S2050038BFFE05
S2050038C013EF
S2050038C1778A
S2050038C2F709
S2050038C30FF0
S2050038C4639B
S2050038C56A93
S2050038C6EB11
S2050038C700FB
S2050038C813E7
S2050038C917E2
S2050038CA27D1
S2050038CB00F7
S2050038CC33C3
S2050038CD07EE
S2050038CE27CD
S2050038CF01F2
S2050038D003EF
S2050038D127CA
S2050038D207E9
S2050038D300EF
S2050038D46787
S2050038D500ED
S2050038D607E5
S2050038D700EB
S2050038D813D7
S2050038D907E2
S2050038DA08E0
S2050038DBFDEA
S2050038DC13D3
S2050038DD776E
S2050038DEF7ED
S2050038DF0FD4
S2050038E0637F
S2050038E1FEE3
S2050038E2EAF6
S2050038E310CF
S2050038E413CB
S2050038E507D6
S2050038E6A03C
S2050038E702D9
S2050038E813C7
S2050038E90DCC
S2050038EAF0E8
S2050038EBFFD8
S2050038EC6373
S2050038ED02D3
S2050038EEE8EC
S2050038EF14BF
S2050038F0933F
S2050038F10DC4
S2050038F2F0E0
S2050038F3FFD0
S2050038F4636B
S2050038F50EBF
S2050038F64884
S2050038F70DBE
S2050038F813B7
S2050038F97752
S2050038FAF8D0
S2050038FB0DBA
S2050038FC9333
S2050038FD06BF
S2050038FEC004
S2050038FF04BF
S205003900635E
S2050039010EB2
S205003902D7E8
S20500390308B6
S20500390413AA
S20500390507B5
S205003906F8C3
S205003907FBBF
S20500390813A6
S2050039097741
S20500390AF7C0
S20500390B0FA7
S20500390C9322
S20500390D06AE
S20500390E7043
S20500390F03AF
S205003910634E
S205003911ECC4
S205003912E6C9
S20500391304AA
S205003914B7F6
S20500391506A6
S205003916109B
S20500391700AA
S2050039181396
S2050039191791
S20500391A2780
S20500391B00A6
S20500391C9312
S20500391D861E
S20500391E465D
S20500391F6042
S205003920336E
S2050039210799
S205003922D7C8
S205003923009E
S205003924039A
S2050039252775
S2050039260794
S205003927009A
S2050039286732
S2050039290098
S20500392A0790
S20500392B0096
S20500392C9302
S20500392DE7AD
S20500392E177C
S20500392F0092
S205003930137E
S205003931840C
S2050039320C83
S205003933008E
S2050039346F1E
S205003935F09C
S2050039361F6C
S205003937F892
S20500393893F6
S205003939E7A1
S20500393A0780
S20500393B0185
S20500393C1372
S20500393D8400
S20500393E0C77
S20500393F0082
S2050039406F12
S205003941F090
S2050039425F20
S205003943F787
S20500394493EA
S205003945E795
S2050039464734
S205003947007A
S2050039481366
S20500394984F4
S20500394A0C6B
S20500394B0076
S20500394C6F06
S20500394DF084
S20500394E9FD4
S20500394FF67C
S20500395093DE
S205003951E789
S2050039520768
S205003953026C
S205003954135A
S20500395584E8
S2050039560C5F
S205003957006A
S2050039586FFA
S205003959F078
S20500395ADF88
S20500395BF571
S20500395C93D2
S20500395DE77D
S20500395E87DC
S20500395F0062
S205003960134E
S20500396184DC
S2050039620C53
S205003963005E
S2050039646FEE
S205003965F06C
S2050039661F3C
S205003967F565
S2050039681346
S2050039698CCC
S20500396A0C4B
S20500396B0056
S20500396C93C2
S20500396D074D
S20500396E5003
S20500396F0250
S20500397063EE
S2050039710A46
S205003972F857
S205003973004E
S205003974232A
S20500397580CC
S205003976F457
S205003977004A
S2050039780346
S2050039794800
S20500397A0C3B
S20500397B0046
S20500397C93B2
S20500397D84C0
S20500397E142F
S20500397F0042
S205003980E35E
S205003981043C
S2050039820837
S205003983EE50
S205003984231A
S20500398580BC
S2050039860437
S2050039870139
S20500398883B6
S20500398947F1
S20500398A1C1B
S20500398B0036
S20500398C1322
S20500398D0430
S20500398E1C17
S20500398F0032
S205003990939E
S20500399184AC
S205003992141B
S205003993002E
S205003994E34A
S2050039959E8E
S2050039960724
S205003997EA40
S2050039986FBA
S205003999F038
S20500399A1F08
S20500399BED39
S20500399C9392
S20500399D051F
S20500399E081B
S20500399F0022
S2050039A0031E
S2050039A1C858
S2050039A21C03
S2050039A3001E
S2050039A4938A
S2050039A50616
S2050039A670AB
S2050039A70317
S2050039A81306
S2050039A98C8C
S2050039AA1CFB
S2050039AB0016
S2050039AC1302
S2050039AD070D
S2050039AEF81B
S2050039AFFB17
S2050039B013FE
S2050039B17799
S2050039B2F718
S2050039B30FFF
S2050039B4E32A
S2050039B5EC20
S2050039B6E625
S2050039B7FA10
S2050039B8B752
S2050039B90602
S2050039BA10F7
S2050039BB0006
S2050039BC13F2
S2050039BD17ED
S2050039BE27DC
S2050039BF0002
S2050039C0936E
S2050039C1867A
S2050039C246B9
S2050039C36E90
S2050039C433CA
S2050039C507F5
S2050039C6D724
S2050039C700FA
S2050039C803F6
S2050039C927D1
S2050039CA07F0
S2050039CB00F6
S2050039CC678E
S2050039CD00F4
S2050039CE07EC
S2050039CF00F2
S2050039D003EE
S2050039D1C828
S2050039D21CD3
S2050039D300EE
S2050039D413DA
S2050039D506E6
S2050039D6905B
S2050039D700EA
S2050039D89356
S2050039D98662
S2050039DA1CCB
S2050039DB00E6
S2050039DC13D2
S2050039DD07DD
S2050039DE08DB
S2050039DFFDE5
S2050039E013CE
S2050039E17769
S2050039E2F7E8
S2050039E30FCF
S2050039E4637A
S2050039E5706C
S2050039E6E6F5
S2050039E70AD0
S2050039E813C6
S2050039E907D1
S2050039EAA037
S2050039EB02D4
S2050039EC6372
S2050039ED0CC8
S2050039EEE8EB
S2050039EF0CC6
S2050039F0933E
S2050039F18C44
S2050039F206C9
S2050039F300CE
S2050039F4933A
S2050039F50DBF
S2050039F600CB
S2050039F700CA
S2050039F86F5A
S2050039F9F0D8
S2050039FA1FA8
S2050039FBF0D6
S2050039FC13B2
S2050039FD0DB7
S2050039FE00C3
S2050039FF00C2
S205003A00932D
S205003A0106B9
S205003A02902E
S205003A0300BD
S205003A0413A9
S205003A0517A4
S205003A062D8D
S205003A0700B9
S205003A083385
S205003A0907B0
S205003A0AA70F
S205003A0B01B4
S205003A0C9321
S205003A0D8C27
S205003A0E1C96
S205003A0F00B1
S205003A10139D
S205003A111798
S205003A121797
S205003A1300AD
S205003A143379
S205003A1507A4
S205003A1607A3
S205003A1701A8
S205003A1803A5
S205003A19C8DF
S205003A1A0C9A
S205003A1B00A5
S205003A1C1391
S205003A1D0D96
S205003A1E079B
S205003A1FFDA4
S205003A20138D
S205003A210798
S205003A220896
S205003A23FDA0
S205003A241389
S205003A257724
S205003A26F7A3
S205003A270F8A
S205003A28E3B5
S205003A29FE99
S205003A2AE6B0
S205003A2BFC99
S205003A2C6F25
S205003A2DF0A3
S205003A2E5F33
S205003A2FECA5
S205003A30038D
S205003A31ADE2
S205003A320B83
S205003A33008D
S205003A340389
S205003A354843
S205003A362466
S205003A370089
S205003A3893F5
S205003A390C7B
S205003A3A2462
S205003A3B0085
S205003A3C93F1
S205003A3D8BF8
S205003A3E4B37
S205003A3F0081
S205003A40E39D
S205003A415827
S205003A420D71
S205003A43EA93
S205003A443349
S205003A450D6E
S205003A46A0DA
S205003A474138
S205003A4893E5
S205003A49E790
S205003A4A076F
S205003A4B0174
S205003A4C6F05
S205003A4DF083
S205003A4E5F13
S205003A4FEA87
S205003A50135D
S205003A518CE3
S205003A520C62
S205003A53006D
S205003A541359
S205003A550665
S205003A56A0CA
S205003A570069
S205003A5883E5
S205003A59A5C2
S205003A5A0B5B
S205003A5B0065
S205003A5C93D1
S205003A5D8BD8
S205003A5E4B17
S205003A5F0061
S205003A60134D
S205003A6185DA
S205003A62045A
S205003A63005D
S205003A641349
S205003A6587D4
S205003A660D4D
S205003A670059
S205003A6893C5
S205003A690651
S205003A6A0D49
S205003A6B0055
S205003A6CEF65
S205003A6DF063
S205003A6E5FF3
S205003A6FA8A9
S205003A7083CD
S205003A714708
S205003A721C32
S205003A73004D
S205003A7493B9
S205003A750447
S205003A760545
S205003A770049
S205003A781335
S205003A790443
S205003A7A1C2A
S205003A7B0045
S205003A7CE361
S205003A7D9AA9
S205003A7E073B
S205003A7FDC65
S205003A806FD1
S205003A81F04F
S205003A829F9F
S205003A83DE5F
S205003A8493A9
S205003A850E2D
S205003A86003A
S205003A870039
S205003A881325
S205003A8997A0
S205003A8A2E08
S205003A8B0035
S205003A8C3301
S205003A8D072C
S205003A8ED75B
S205003A8F0130
S205003A90939D
S205003A9186A9
S205003A921618
S205003A93002D
S205003A941319
S205003A951714
S205003A961713
S205003A970029
S205003A9833F5
S205003A990720
S205003A9A071F
S205003A9B0124
S205003A9C0321
S205003A9DC85B
S205003A9E061C
S205003A9F0021
S205003AA0938D
S205003AA10E11
S205003AA20717
S205003AA3FD20
S205003AA41309
S205003AA50714
S205003AA60812
S205003AA7FD1C
S205003AA81305
S205003AA977A0
S205003AAAF71F
S205003AAB0F06
S205003AACE331
S205003AAD7E95
S205003AAEE62C
S205003AAFFC15
S205003AB013FD
S205003AB1C748
S205003AB2FE10
S205003AB3FF0E
S205003AB413F9
S205003AB557B4
S205003AB6F713
S205003AB741C8
S205003AB8B355
S205003AB9FD0A
S205003ABAEE18
S205003ABB0005
S205003ABC9371
S205003ABD8C77
S205003ABE06FC
S205003ABF0001
S205003AC06F91
S205003AC1F00F
S205003AC29F5F
S205003AC3E31A
S205003AC48379
S205003AC5AD4E
S205003AC60BEF
S205003AC700F9
S205003AC803F5
S205003AC9C82F
S205003ACA2CCA
S205003ACB00F5
S205003ACC9361
S205003ACD8B68
S205003ACE4BA7
S205003ACF00F1
S205003AD013DD
S205003AD1C728
S205003AD2FDF1
S205003AD3FFEE
S205003AD413D9
S205003AD55794
S205003AD6F7F3
S205003AD741A8
S205003AD8B335
S205003AD9FDEA
S205003ADAEDF9
S205003ADB00E5
S205003ADC9351
S205003ADD8C57
S205003ADE2CB6
S205003ADF00E1
S205003AE06F71
S205003AE1F0EF
S205003AE29F3F
S205003AE3E1FC
S205003AE413C9
S205003AE507D4
S205003AE6C01A
S205003AE706D3
S205003AE89345
S205003AE9E7F0
S205003AEA27AF
S205003AEB00D5
S205003AECE3F1
S205003AED844F
S205003AEEE5ED
S205003AEFF6DB
S205003AF013BD
S205003AF18748
S205003AF24B83
S205003AF300CD
S205003AF48349
S205003AF5A526
S205003AF60BBF
S205003AF700C9
S205003AF813B5
S205003AF906C1
S205003AFAA026
S205003AFB00C5
S205003AFC9331
S205003AFD0BB8
S205003AFE07BB
S205003AFF00C1
S205003B006F50
S205003B01F0CE
S205003B021F9E
S205003B03F6C6
S205003B0413A8
S205003B058C2E
S205003B060CAD
S205003B0700B8
S205003B0813A4
S205003B0906B0
S205003B0A8035
S205003B0B00B4
S205003B0C6F44
S205003B0DF0C2
S205003B0EDFD2
S205003B0FF4BC
S205003B10139C
S205003B118C22
S205003B120CA1
S205003B1300AC
S205003B141398
S205003B1506A4
S205003B1600A9
S205003B1701A7
S205003B186F38
S205003B19F0B6
S205003B1A1F86
S205003B1BF4B0
S205003B1C1390
S205003B1D8C16
S205003B1E0C95
S205003B1F00A0
S205003B20039C
S205003B21A4FA
S205003B220B92
S205003B23009C
S205003B249308
S205003B258B0F
S205003B264B4E
S205003B270098
S205003B28E3B4
S205003B290492
S205003B2A0491
S205003B2B2E66
S205003B2C0390
S205003B2D474B
S205003B2E048D
S205003B2F0090
S205003B30E3AC
S205003B31048A
S205003B320786
S205003B333854
S205003B34E3A8
S205003B358208
S205003B360D7C
S205003B373850
S205003B381374
S205003B39077F
S205003B3A0481
S205003B3B0084
S205003B3C6F14
S205003B3D0082
S205003B3EC0C1
S205003B3F0080
S205003B40B3CC
S205003B410678
S205003B42B7C6
S205003B43413B
S205003B446318
S205003B4588F2
S205003B4686F3
S205003B470078
S205003B4883F4
S205003B494630
S205003B4A175E
S205003B4B0074
S205003B4C1360
S205003B4D076B
S205003B4E175A
S205003B4F0070
S205003B50E38C
S205003B5198D6
S205003B520667
S205003B53FE6E
S205003B5493D8
S205003B55F773
S205003B560762
S205003B570167
S205003B58B3B4
S205003B590C5A
S205003B5A87DE
S205003B5B4024
S205003B5C6300
S205003B5D8AD8
S205003B5E075A
S205003B5F0A56
S205003B6063FC
S205003B61520C
S205003B6290CD
S205003B630953
S205003B6493C8
S205003B6587D3
S205003B66FC5D
S205003B67FF59
S205003B681344
S205003B69074F
S205003B6A60F5
S205003B6B0054
S205003B6CE370
S205003B6D74DE
S205003B6EF75A
S205003B6F0A46
S205003B70B39C
S205003B71E767
S205003B7284C9
S205003B73004C
S205003B7493B8
S205003B75F753
S205003B763712
S205003B770048
S205003B78E364
S205003B799EA8
S205003B7A073E
S205003B7B083C
S205003B7C93B0
S205003B7D073B
S205003B7E142D
S205003B7F0040
S205003B80330C
S205003B8187B7
S205003B82F449
S205003B8340FC
S205003B841328
S205003B853703
S205003B863702
S205003B870038
S205003B88E354
S205003B89181E
S205003B8A072E
S205003B8B082C
S205003B8C93A0
S205003B8DF53D
S205003B8ECC65
S205003B8FFF31
S205003B90939C
S205003B9187A7
S205003B920429
S205003B93002C
S205003B9433F8
S205003B950624
S205003B96B475
S205003B970028
S205003B980324
S205003B9927FF
S205003B9A0421
S205003B9B0024
S205003B9C1310
S205003B9D041E
S205003B9E44DD
S205003B9F0020
S205003BA0938C
S205003BA18797
S205003BA247D6
S205003BA3001C
S205003BA423F8
S205003BA5AE6C
S205003BA6E732
S205003BA7FE1A
S205003BA8E334
S205003BA918FE
S205003BAA868F
S205003BABFE16
S205003BAC33E0
S205003BAD878B
S205003BAEB45D
S205003BAF0010
S205003BB0B35C
S205003BB18688
S205003BB29479
S205003BB3010B
S205003BB463A8
S205003BB58684
S205003BB69574
S205003BB70305
S205003BB80304
S205003BB945C1
S205003BBA06FF
S205003BBB0004
S205003BBC9370
S205003BBD877B
S205003BBE15EC
S205003BBF0000
S205003BC023DC
S205003BC100FE
S205003BC2A756
S205003BC300FC
S205003BC46398
S205003BC5DE1C
S205003BC69762
S205003BC701F7
S205003BC88374
S205003BC947AF
S205003BCA16DF
S205003BCB00F4
S205003BCC9360
S205003BCD856D
S205003BCE25CC
S205003BCF00F0
S205003BD0A34C
S205003BD100EE
S205003BD2F7F6
S205003BD300EC
S205003BD46388
S205003BD5D614
S205003BD69554
S205003BD701E7
S205003BD88364
S205003BD9479F
S205003BDA26BF
S205003BDB00E4
S205003BDC23C0
S205003BDD01E1
S205003BDEF7EA
S205003BDF00E0
S205003BE0934C
S205003BE1845A
S205003BE206D7
S205003BE300DC
S205003BE413C8
S205003BE504D6
S205003BE61CBD
S205003BE700D8
S205003BE8E3F4
S205003BE9DAFC
S205003BEAAC29
S205003BEB3D97
S205003BECB320
S205003BED0CC6
S205003BEE9D34
S205003BEF418F
S205003BF013BC
S205003BF18549
S205003BF204C9
S205003BF300CC
S205003BF413B8
S205003BF58644
S205003BF60CBD
S205003BF700C8
S205003BF89334
S205003BF905C1
S205003BFA00C5
S205003BFB02C2
S205003BFCEFD4
S205003BFDE0E2
S205003BFEDFE2
S205003BFFF5CB
S205003C00833B
S205003C014776
S205003C021CA0
S205003C0300BB
S205003C04B307
S205003C058435
S205003C069424
S205003C0701B6
S205003C08E3D3
S205003C099421
S205003C0A07AD
S205003C0BC4EF
S205003C0C6F43
S205003C0DF0C1
S205003C0EDFD1
S205003C0FC5EA
S205003C10E3CB
S205003C11D4D9
S205003C12AC00
S205003C133378
S205003C14B3F7
S205003C150D9C
S205003C169D0B
S205003C174166
S205003C181393
S205003C198520
S205003C1A04A0
S205003C1B00A3
S205003C1C138F
S205003C1D861B
S205003C1E0D93
S205003C1F009F
S205003C20930B
S205003C210598
S205003C22009C
S205003C230299
S205003C24EFAB
S205003C25E0B9
S205003C265F39
S205003C27F3A4
S205003C281383
S205003C298D08
S205003C2AFC98
S205003C2BFF94
S205003C2CB3DF
S205003C2D840D
S205003C2EB4DC
S205003C2F018E
S205003C306F1F
S205003C31F09D
S205003C321F6D
S205003C33F398
S205003C341377
S205003C358CFD
S205003C360C7C
S205003C370087
S205003C3893F3
S205003C398BFA
S205003C3A7B09
S205003C3B0083
S205003C3C93EF
S205003C3DFB86
S205003C3E8BF5
S205003C3FFF80
S205003C4093EB
S205003C41F687
S205003C420775
S205003C43017A
S205003C440377
S205003C45A8D1
S205003C460B6D
S205003C470077
S205003C480373
S205003C49A4D1
S205003C4A4B29
S205003C4B0073
S205003C4C93DF
S205003C4D8BE6
S205003C4E8BE5
S205003C4F006F
S205003C50630B
S205003C5184E9
S205003C520666
S205003C537EED
S205003C5493D7
S205003C55F772
S205003C56E781
S205003C57FF68
S205003C5893D3
S205003C59EC79
S205003C5A273D
S205003C5B0063
S205003C5C93CF
S205003C5D075A
S205003C5E0060
S205003C5F015E
S205003C60233B
S205003C612637
S205003C62F16B
S205003C63005B
S205003C6493C7
S205003C650752
S205003C660058
S205003C670255
S205003C682333
S205003C692A2B
S205003C6AF163
S205003C6B0053
S205003C6C133F
S205003C6D054C
S205003C6E0848
S205003C6F004F
S205003C7093BB
S205003C710548
S205003C720448
S205003C73004B
S205003C741337
S205003C750643
S205003C760048
S205003C770047
S205003C7893B3
S205003C79063F
S205003C7A0044
S205003C7B0043
S205003C7C231F
S205003C7D2819
S205003C7E013F
S205003C7F013E
S205003C80EF4F
S205003C81D06D
S205003C825FDD
S205003C839BA0
S205003C840337
S205003C852811
S205003C860137
S205003C870136
S205003C88E353
S205003C894AEB
S205003C8A052F
S205003C8B3003
S205003C8C939F
S205003C8DF73A
S205003C8E4CE4
S205003C8F002F
S205003C90E34B
S205003C91909D
S205003C920725
S205003C93200B
S205003C949397
S205003C95F732
S205003C968C9C
S205003C970027
S205003C982303
S205003C9928FD
S205003C9A0123
S205003C9B0023
S205003C9C63BF
S205003C9D8899
S205003C9E0719
S205003C9F001F
S205003CA0938B
S205003CA10716
S205003CA2001C
S205003CA30219
S205003CA41307
S205003CA50D0C
S205003CA6FD1B
S205003CA7FF18
S205003CA823F3
S205003CA928ED
S205003CAAF123
S205003CAB0013
S205003CAC937F
S205003CAD070A
S205003CAEF020
S205003CAFFF10
S205003CB063AB
S205003CB19479
S205003CB2FD0F
S205003CB3000B
S205003CB49377
S205003CB50DFC
S205003CB660A8
S205003CB70007
S205003CB813F3
S205003CB90500
S205003CBA08FC
S205003CBB0003
S205003CBC936F
S205003CBD07FA
S205003CBE01FF
S205003CBF08F7
S205003CC013EB
S205003CC107F6
S205003CC2C13B
S205003CC302F9
S205003CC49367
S205003CC505F4
S205003CC604F4
S205003CC700F7
S205003CC89363
S205003CC906EF
S205003CCA8173
S205003CCB02F1
S205003CCC13DF
S205003CCD866B
S205003CCE0DE3
S205003CCF00EF
S205003CD0EFFF
S205003CD110DD
S205003CD240AC
S205003CD31DCE
S205003CD403E7
S205003CD527C2
S205003CD6C127
S205003CD702E5
S205003CD813D3
S205003CD908DD
S205003CDA05DF
S205003CDB00E3
S205003CDC934F
S205003CDD07DA
S205003CDE01DF
S205003CDF03DC
S205003CE0637B
S205003CE108D5
S205003CE207D5
S205003CE300DB
S205003CE49347
S205003CE507D2
S205003CE6D008
S205003CE702D5
S205003CE823B3
S205003CE908CD
S205003CEAF1E3
S205003CEB02D1
S205003CEC933F
S205003CED07CA
S205003CEE11BF
S205003CEF03CC
S205003CF003CB
S205003CF14786
S205003CF208C4
S205003CF300CB
S205003CF4E3E7
S205003CF504C5
S205003CF607C1
S205003CF73493
S205003CF88343
S205003CF925A0
S205003CFA8143
S205003CFB02C1
S205003CFC932F
S205003CFD06BB
S205003CFE18A8
S205003CFF00BF
S205003D0013AA
S205003D0105B7
S205003D02E0DB
S205003D0302B8
S205003D04E3D6
S205003D055266
S205003D06B007
S205003D07387E
S205003D083382
S205003D09862E
S205003D0A06AD
S205003D0B4171
S205003D0C139E
S205003D0D06AA
S205003D0EF6B9
S205003D0FFFAF
S205003D10931A
S205003D118626
S205003D121695
S205003D1300AA
S205003D14E3C6
S205003D158424
S205003D16C5E2
S205003D172C7A
S205003D182382
S205003D198024
S205003D1AE7BC
S205003D1B00A2
S205003D1C039E
S205003D1DC7D9
S205003D1EF6A9
S205003D1FFF9F
S205003D20930A
S205003D218715
S205003D221784
S205003D23009A
S205003D24E3B6
S205003D251286
S205003D260790
S205003D27FE98
S205003D282372
S205003D298014
S205003D2A078C
S205003D2B0092
S205003D2C93FE
S205003D2DF799
S205003D2E0C83
S205003D2F028C
S205003D30E3AA
S205003D318C00
S205003D320784
S205003D332466
S205003D348306
S205003D354741
S205003D360186
S205003D370383
S205003D38E3A2
S205003D398004
S205003D3A0D76
S205003D3B1A68
S205003D3CE39E
S205003D3D8CF4
S205003D3E0778
S205003D3F2C52
S205003D40136A
S205003D410676
S205003D42017A
S205003D430377
S205003D4493E6
S205003D450771
S205003D460671
S205003D470076
S205003D4893E2
S205003D49066E
S205003D4A0172
S205003D4B135F
S205003D4C6F02
S205003D4D0070
S205003D4E80EF
S205003D4F006E
S205003D50E38A
S205003D5180EC
S205003D52D794
S205003D532446
S205003D540366
S205003D55C7A1
S205003D561750
S205003D570066
S205003D5893D2
S205003D5987DD
S205003D5A174C
S205003D5B0062
S205003D5CE37E
S205003D5D1A46
S205003D5E0758
S205003D5FFE60
S205003D60332A
S205003D6184D8
S205003D62C794
S205003D63401A
S205003D643326
S205003D650D4B
S205003D668DCA
S205003D674016
S205003D6883D2
S205003D69272D
S205003D6AC192
S205003D6B0052
S205003D6C63EE
S205003D6D90C0
S205003D6E0748
S205003D6F024C
S205003D70E36A
S205003D7156F6
S205003D72A0AB
S205003D732B1F
S205003D741336
S205003D750642
S205003D760D3A
S205003D770046
S205003D781332
S205003D7985BF
S205003D7A043F
S205003D7B0042
S205003D7C93AE
S205003D7D053B
S205003D7E003F
S205003D7F023C
S205003D80B38A
S205003D8184B8
S205003D82A497
S205003D830139
S205003D84EF4A
S205003D85E058
S205003D865FD8
S205003D87DD59
S205003D881322
S205003D890D27
S205003D8AF043
S205003D8BFF33
S205003D8C83AE
S205003D8D2709
S205003D8E012E
S205003D8F012D
S205003D9063CA
S205003D9186A6
S205003D920724
S205003D93002A
S205003D942306
S205003D9580A8
S205003D96F433
S205003D970026
S205003D989392
S205003D9984A0
S205003D9A140F
S205003D9B0022
S205003D9C938E
S205003D9DFC24
S205003D9E0C13
S205003D9F011D
S205003DA063BA
S205003DA1908C
S205003DA20C0F
S205003DA30218
S205003DA4E336
S205003DA558C0
S205003DA6A077
S205003DA72DE9
S205003DA88392
S205003DA925EF
S205003DAA41D2
S205003DAB0111
S205003DAC13FE
S205003DAD060A
S205003DAE0D02
S205003DAF000E
S205003DB013FA
S205003DB18587
S205003DB20407
S205003DB3000A
S205003DB4EF1A
S205003DB5E028
S205003DB65FA8
S205003DB7DA2C
S205003DB8B352
S205003DB98480
S205003DBAA45F
S205003DBB0101
S205003DBC13EE
S205003DBD0DF3
S205003DBEF00F
S205003DBFFFFF
S205003DC0639A
S205003DC15CA0
S205003DC2807B
S205003DC300FA
S205003DC413E6
S205003DC58573
S205003DC604F3
S205003DC700F6
S205003DC813E2
S205003DC906EE
S205003DCA04EF
S205003DCB00F2
S205003DCC935E
S205003DCD05EB
S205003DCE01EE
S205003DCF03EB
S205003DD0EFFE
S205003DD1E00C
S205003DD25F8C
S205003DD3E604
S205003DD4B336
S205003DD58464
S205003DD68463
S205003DD700E6
S205003DD86382
S205003DD95C88
S205003DDAA043
S205003DDB01E1
S205003DDC13CE
S205003DDD855B
S205003DDE04DB
S205003DDF00DE
S205003DE013CA
S205003DE106D6
S205003DE20DCE
S205003DE300DA
S205003DE49346
S205003DE505D3
S205003DE600D7
S205003DE702D4
S205003DE8EFE6
S205003DE9E0F4
S205003DEA1FB4
S205003DEBD7FB
S205003DECB31E
S205003DED844C
S205003DEEA42B
S205003DEF01CD
S205003DF0834A
S205003DF14785
S205003DF21CAF
S205003DF300CA
S205003DF413B6
S205003DF504C4
S205003DF61CAB
S205003DF700C6
S205003DF8E3E2
S205003DF99C28
S205003DFA07BC
S205003DFBA41E
S205003DFC6F52
S205003DFDF0D0
S205003DFEDFE0
S205003DFFA618
S205003E0013A9
S205003E018C2F
S205003E020CAE
S205003E0300B9
S205003E049325
S205003E05F7C0
S205003E0607AF
S205003E0701B4
S205003E089321
S205003E098C27
S205003E0A4B67
S205003E0B00B1
S205003E0C139D
S205003E0D04AB
S205003E0E1C92
S205003E0F00AD
S205003E10E3C9
S205003E118625
S205003E1207A3
S205003E1300A9
S205003E1403A5
S205003E15A700
S205003E160B9B
S205003E1700A5
S205003E189311
S205003E19079C
S205003E1A1092
S205003E1B00A1
S205003E1C138D
S205003E1D851A
S205003E1E148A
S205003E1F009D
S205003E202379
S205003E21801B
S205003E22E4B6
S205003E230099
S205003E24E3B5
S205003E25D8BF
S205003E26A7EF
S205003E271D78
S205003E281381
S205003E29068D
S205003E2AFD95
S205003E2BFF92
S205003E2C93FD
S205003E2D058A
S205003E2E008E
S205003E2F028B
S205003E30EF9D
S205003E31E0AB
S205003E329FEB
S205003E33D2B7
S205003E348305
S205003E354740
S205003E361C6A
S205003E370085
S205003E38B3D1
S205003E3984FF
S205003E3AA4DE
S205003E3B0180
S205003E3C93ED
S205003E3D8BF4
S205003E3E0C72
S205003E3F007D
S205003E40E399
S205003E4198E3
S205003E420773
S205003E43A0D9
S205003E446F09
S205003E45F087
S205003E465F17
S205003E47A2D3
S205003E481361
S205003E498CE7
S205003E4A0C66
S205003E4B0071
S205003E4C135D
S205003E4D0768
S205003E4EF07E
S205003E4FFF6E
S205003E506309
S205003E511655
S205003E52ED7D
S205003E530069
S205003E5493D5
S205003E55E780
S205003E56174F
S205003E570065
S205003E581351
S205003E590D56
S205003E5A80E2
S205003E5B0061
S205003E5C83DD
S205003E5DA5BA
S205003E5E0B53
S205003E5F005D
S205003E601349
S205003E6185D6
S205003E620456
S205003E630059
S205003E641345
S205003E6587D0
S205003E660D49
S205003E670055
S205003E6893C1
S205003E69064D
S205003E6A0D45
S205003E6B0051
S205003E6C133D
S205003E6D0649
S205003E6E004E
S205003E6F014C
S205003E70EF5D
S205003E71F05B
S205003E720F3B
S205003E73E861
S205003E7483C5
S205003E754700
S205003E761C2A
S205003E770045
S205003E7893B1
S205003E798BB8
S205003E7A4BF7
S205003E7B0041
S205003E7C93AD
S205003E7D043B
S205003E7E0539
S205003E7F003D
S205003E801329
S205003E810437
S205003E821C1E
S205003E830039
S205003E84E355
S205003E8596A1
S205003E86072F
S205003E879C99
S205003E886FC5
S205003E89F043
S205003E8A1F13
S205003E8B9E93
S205003E8C939D
S205003E8DE748
S205003E8E0727
S205003E8F0429
S205003E901319
S205003E910625
S205003E92002A
S205003E930128
S205003E946FB9
S205003E95F037
S205003E965FC7
S205003E97BC69
S205003E981311
S205003E99071C
S205003E9AC062
S205003E9B061B
S205003E9C63BD
S205003E9D8897
S205003E9EE539
S205003E9F5EBF
S205003EA08399
S205003EA1A675
S205003EA20B0F
S205003EA30019
S205003EA41305
S205003EA58790
S205003EA64BCB
S205003EA70015
S205003EA823F1
S205003EA926ED
S205003EAAE131
S205003EAB0011
S205003EAC838D
S205003EADCD42
S205003EAE0608
S205003EAF000D
S205003EB063A9
S205003EB18A81
S205003EB20DFD
S205003EB352B7
S205003EB413F5
S205003EB50700
S205003EB630D6
S205003EB706FF
S205003EB863A1
S205003EB954AF
S205003EBAB74B
S205003EBB6B96
S205003EBC936D
S205003EBD05FA
S205003EBE40BE
S205003EBF06F7
S205003EC013E9
S205003EC18576
S205003EC20DED
S205003EC300F9
S205003EC423D5
S205003EC52ACD
S205003EC6D125
S205003EC700F5
S205003EC823D1
S205003EC928CB
S205003ECAF101
S205003ECB00F1
S205003ECCEF01
S205003ECDE00F
S205003ECE5F8F
S205003ECFA34A
S205003ED013D9
S205003ED104E7
S205003ED205E5
S205003ED300E9
S205003ED49355
S205003ED505E2
S205003ED640A6
S205003ED706DF
S205003ED813D1
S205003ED9855E
S205003EDA0DD5
S205003EDB00E1
S205003EDCEFF1
S205003EDDE0FF
S205003EDE1FBF
S205003EDF9A43
S205003EE037A5
S205003EE107D4
S205003EE210CA
S205003EE300D9
S205003EE49345
S205003EE50BCC
S205003EE6874F
S205003EE7567F
S205003EE833A1
S205003EE9874C
S205003EEAAB27
S205003EEB00D1
S205003EEC933D
S205003EED05CA
S205003EEEA02E
S205003EEF00CD
S205003EF013B9
S205003EF105C6
S205003EF204C6
S205003EF300C9
S205003EF48345
S205003EF54C7B
S205003EF607BF
S205003EF700C5
S205003EF8EFD5
S205003EF9E0E3
S205003EFA5F63
S205003EFB9829
S205003EFC338D
S205003EFD8738
S205003EFEAB13
S205003EFF00BD
S205003F0003B8
S205003F014773
S205003F0207B2
S205003F0300B8
S205003F049324
S205003F0505B1
S205003F06A015
S205003F0700B4
S205003F0813A0
S205003F0905AD
S205003F0A04AD
S205003F0B00B0
S205003F0C139C
S205003F0D1797
S205003F0E8726
S205003F0F00AC
S205003F10B3F8
S205003F11ECBE
S205003F12ECBD
S205003F1300A8
S205003F142384
S205003F151096
S205003F169114
S205003F17099B
S205003F18EFB4
S205003F19E0C2
S205003F1A9F02
S205003F1B9E02
S205003F1C831C
S205003F1D2777
S205003F1E019C
S205003F1F019B
S205003F208318
S205003F212674
S205003F224158
S205003F230197
S205003F249304
S205003F250D89
S205003F260590
S205003F270094
S205003F281380
S205003F29078B
S205003F2A4051
S205003F2B0090
S205003F2C93FC
S205003F2D0C82
S205003F2E305D
S205003F2F008C
S205003F301378
S205003F310684
S205003F322069
S205003F330088
S205003F34B3D4
S205003F358DF9
S205003F36BBCA
S205003F370183
S205003F388300
S205003F39C5BD
S205003F3A0D74
S205003F3B0080
S205003F3C136C
S205003F3D0678
S205003F3E0677
S205003F3F0B71
S205003F401368
S205003F410575
S205003F420178
S205003F430276
S205003F443344
S205003F450670
S205003F46A6CF
S205003F470074
S205003F482350
S205003F49086A
S205003F4AB6BB
S205003F4BFA76
S205003F4C135C
S205003F4D86E8
S205003F4E0C61
S205003F4F0B61
S205003F5093D8
S205003F510565
S205003F520168
S205003F530266
S205003F54B3B4
S205003F550D59
S205003F56B6AF
S205003F570064
S205003F581350
S205003F59065C
S205003F5AE081
S205003F5B025E
S205003F5C233C
S205003F5D88D6
S205003F5ECD90
S205003F5FFA62
S205003F600358
S205003F61C496
S205003F621643
S205003F630058
S205003F6463F4
S205003F650A4C
S205003F660451
S205003F673E16
S205003F681340
S205003F69064C
S205003F6A3021
S205003F6B064A
S205003F6C63EC
S205003F6D5AF4
S205003F6E86C7
S205003F6F58F4
S205003F702328
S205003F712A20
S205003F72F158
S205003F730048
S205003F7493B4
S205003F75073F
S205003F76073E
S205003F770B39
S205003F781330
S205003F79073B
S205003F7A0140
S205003F7B023E
S205003F7C330C
S205003F7D88B6
S205003F7EE756
S205003F7F003C
S205003F8093A8
S205003F810535
S205003F8240F9
S205003F830632
S205003F841324
S205003F850531
S205003F860431
S205003F870034
S205003F882310
S205003F892C06
S205003F8AD160
S205003F8B0030
S205003F8C230C
S205003F8D2806
S205003F8E012C
S205003F8F012B
S205003F90EF3C
S205003F91E04A
S205003F92DF4A
S205003F938E9A
S205003F9437F0
S205003F95071F
S205003F961015
S205003F970024
S205003F989390
S205003F990B17
S205003F9A879A
S205003F9B56CA
S205003F9C33EC
S205003F9D8698
S205003F9EAB72
S205003F9F001C
S205003FA00318
S205003FA128F2
S205003FA20118
S205003FA30117
S205003FA40314
S205003FA546D0
S205003FA6060F
S205003FA70014
S205003FA89380
S205003FA9050D
S205003FAA40D1
S205003FAB060A
S205003FAC13FC
S205003FAD0509
S205003FAE0409
S205003FAF000C
S205003FB023E8
S205003FB10802
S205003FB2C841
S205003FB3FA0E
S205003FB4EF18
S205003FB5E026
S205003FB6DF26
S205003FB79470
S205003FB813F0
S205003FB9877B
S205003FBA3CC5
S205003FBB0000
S205003FBC936C
S205003FBD05F9
S205003FBEA05D
S205003FBF00FC
S205003FC013E8
S205003FC104F6
S205003FC205F4
S205003FC300F8
S205003FC423D4
S205003FC528CE
S205003FC6E114
S205003FC700F4
S205003FC8EF04
S205003FC9E012
S205003FCA5F92
S205003FCB8B65
S205003FCC33BC
S205003FCD8668
S205003FCEAB42
S205003FCF00EC
S205003FD003E8
S205003FD146A4
S205003FD206E3
S205003FD300E8
S205003FD413D4
S205003FD505E1
S205003FD604E1
S205003FD700E4
S205003FD89350
S205003FD905DD
S205003FDAA041
S205003FDB00E0
S205003FDC23BC
S205003FDD8955
S205003FDECD10
S205003FDFFAE2
S205003FE0EFEC
S205003FE1E0FA
S205003FE21FBA
S205003FE39246
S205003FE403D4
S205003FE527AF
S205003FE601D4
S205003FE701D3
S205003FE88350
S205003FE927AB
S205003FEA4190
S205003FEB01CF
S205003FEC834C
S205003FED26A8
S205003FEE814C
S205003FEF01CB
S205003FF013B8
S205003FF104C6
S205003FF205C4
S205003FF300C8
S205003FF43394
S205003FF58442
S205003FF68B3A
S205003FF700C4
S205003FF88340
S205003FF9457D
S205003FFA04BD
S205003FFB00C0
S205003FFC13AC
S205003FFD06B8
S205003FFE07B6
S205003FFF0BB1
S20500400013A7
S20500400105B4
S20500400201B7
S20500400302B5
S2050040043383
S20500400506AF
S205004006A60E
S20500400700B3
S205004008931F
S2050040090CA5
S20500400A1799
S20500400B00AF
S20500400C238B
S20500400D08A5
S20500400EB6F6
S20500400FFAB1
S2050040101397
S2050040118722
S2050040120C9C
S2050040130B9C
S2050040141393
S205004015069F
S20500401601A3
S20500401702A1
S205004018336F
S2050040190899
S20500401AC7D9
S20500401B009F
S20500401C138B
S20500401D0796
S20500401EE0BC
S20500401F0299
S2050040202377
S2050040210891
S205004022E8B0
S205004023FA9D
S2050040240393
S205004025C4D1
S205004026266E
S2050040270093
S20500402893FF
S2050040298D04
S20500402A1C74
S20500402B008F
S20500402C632B
S20500402D028B
S20500402E0488
S20500402F3655
S2050040301377
S2050040310683
S2050040323058
S2050040330681
S2050040346323
S205004035562F
S20500403686FE
S205004037463D
S205004038136F
S205004039077A
S20500403A017F
S20500403B027D
S20500403C235B
S20500403D2855
S20500403EF18B
S20500403F007B
S20500404093E7
S2050040410574
S2050040424038
S2050040430671
S20500404493E3
S20500404587EE
S2050040460D67
S2050040470B68
S205004048135F
S205004049056C
S20500404A046C
S20500404B006F
S20500404CB3BB
S20500404D8DE0
S20500404EE785
S20500404F006B
S2050040502347
S2050040512A3F
S205004052D197
S2050040530067
S2050040542343
S2050040552C39
S2050040560163
S2050040570162
S205004058EF73
S205004059E081
S20500405A5F01
S20500405B82DD
S20500405C3727
S20500405D0756
S20500405E104C
S20500405F005B
S20500406093C7
S2050040610B4E
S20500406287D1
S2050040635601
S2050040643323
S20500406586CF
S205004066ABA9
S2050040670053
S205004068034F
S205004069470A
S20500406A064A
S20500406B004F
S20500406C93BB
S20500406D0548
S20500406E400C
S20500406F0645
S2050040701337
S2050040710544
S2050040720444
S2050040730047
S2050040742323
S20500407588BD
S205004076ED57
S205004077FA49
S205004078EF53
S205004079E061
S20500407A9FA1
S20500407B88B7
S20500407C93AB
S20500407D0538
S20500407EA09C
S20500407F003B
S2050040801327
S2050040810435
S2050040820533
S2050040830037
S205004084EF47
S205004085E055
S2050040868FA5
S205004087FF34
S20500408833FF
S20500408987AA
S20500408AAB85
S20500408B002F
S20500408C032B
S20500408D47E6
S20500408E0725
S20500408F002B
S2050040900327
S2050040912801
S20500409281A7
S2050040930126
S2050040941313
S2050040950520
S2050040960420
S2050040970023
S205004098938F
S205004099051C
S20500409AA080
S20500409B001F
S20500409C23FB
S20500409D0914
S20500409EE834
S20500409FFA21
S2050040A0EF2B
S2050040A1E039
S2050040A21FF9
S2050040A38691
S2050040A48393
S2050040A527EE
S2050040A60113
S2050040A70112
S2050040A8838F
S2050040A926EB
S2050040AA41CF
S2050040AB010E
S2050040AC937B
S2050040AD8D80
S2050040AE3CD0
S2050040AF000B
S2050040B013F7
S2050040B10405
S2050040B20503
S2050040B30007
S2050040B433D3
S2050040B58481
S2050040B68B79
S2050040B70003
S2050040B8837F
S2050040B945BC
S2050040BA04FC
S2050040BB00FF
S2050040BC13EB
S2050040BD8776
S2050040BE0DEF
S2050040BF0BF0
S2050040C013E7
S2050040C106F3
S2050040C201F7
S2050040C302F5
S2050040C433C3
S2050040C506EF
S2050040C6C72D
S2050040C700F3
S2050040C8935F
S2050040C98C65
S2050040CA1DD3
S2050040CB00EF
S2050040CC23CB
S2050040CD08E5
S2050040CEB636
S2050040CFFAF1
S2050040D013D7
S2050040D18762
S2050040D20CDC
S2050040D30BDC
S2050040D413D3
S2050040D506DF
S2050040D601E3
S2050040D702E1
S2050040D833AF
S2050040D906DB
S2050040DAC719
S2050040DB00DF
S2050040DC13CB
S2050040DD07D6
S2050040DEE0FC
S2050040DF02D9
S2050040E023B7
S2050040E108D1
S2050040E2E6F2
S2050040E3FADD
S2050040E48353
S2050040E5CD08
S2050040E6369E
S2050040E700D3
S2050040E813BF
S2050040E9874A
S2050040EA1CB4
S2050040EB00CF
S2050040EC636B
S2050040ED8E3F
S2050040EE0DBF
S2050040EF2C9F
S2050040F09337
S2050040F106C3
S2050040F23098
S2050040F306C1
S2050040F46363
S2050040F5D2F3
S2050040F6B60E
S2050040F74D76
S2050040F8239F
S2050040F92A97
S2050040FAF1CF
S2050040FB00BF
S2050040FC932B
S2050040FD05B8
S2050040FE407C
S2050040FF06B5
S2050041009326
S20500410107B1
S20500410207B0
S2050041030BAB
S20500410413A2
S205004105852F
S2050041060DA6
S20500410700B2
S205004108139E
S20500410907A9
S20500410A01AE
S20500410B02AC
S20500410C337A
S20500410D8428
S20500410EE7C4
S20500410F00AA
S2050041102386
S2050041112C7C
S205004112C1E6
S20500411300A6
S205004114EFB6
S205004115E0C4
S2050041168F14
S205004117F6AC
S205004118376A
S2050041190799
S20500411A108F
S20500411B009E
S20500411C930A
S20500411D0B91
S20500411E8714
S20500411F5644
S2050041203366
S2050041218711
S205004122ABEC
S2050041230096
S2050041240392
S205004125474D
S205004126078C
S2050041270092
S20500412893FE
S205004129058B
S20500412A404F
S20500412B0688
S20500412C137A
S20500412D8507
S20500412E0D7E
S20500412F008A
S2050041302366
S2050041310880
S205004132E4A3
S205004133FA8C
S205004134EF96
S205004135E0A4
S205004136CFB4
S205004137FC86
S205004138136E
S20500413987F9
S20500413A3C43
S20500413B007E
S20500413C93EA
S20500413D0577
S20500413EA0DB
S20500413F007A
S2050041402356
S2050041412850
S205004142E196
S2050041430076
S2050041441362
S2050041450470
S205004146056E
S2050041470072
S205004148EF82
S205004149E090
S20500414A4F20
S20500414BF37B
S20500414CB3BA
S20500414D86E6
S20500414EABC0
S20500414F006A
S20500415083E6
S205004151C6A2
S2050041520661
S2050041530066
S2050041540362
S205004155263E
S20500415681E2
S2050041570161
S20500415893CE
S205004159055B
S20500415AA0BF
S20500415B005E
S20500415C134A
S20500415D0557
S20500415E0457
S20500415F005A
S2050041602336
S205004161094F
S205004162D681
S205004163FA5C
S205004164EF66
S205004165E074
S205004166CF84
S205004167F959
S205004168034E
S2050041692729
S20500416A014E
S20500416B014D
S20500416C83CA
S20500416D2725
S20500416E410A
S20500416F0149
S20500417093B6
S2050041710D3B
S2050041720542
S2050041730046
S205004174B392
S2050041758DB7
S205004176BB88
S2050041770141
S205004178033E
S205004179C67A
S20500417A0D32
S20500417B003E
S20500417C93AA
S20500417D0636
S20500417E0734
S20500417F0B2F
S20500418093A6
S2050041810533
S2050041820136
S2050041830234
S205004184B382
S20500418586AE
S205004186B67D
S2050041870032
S205004188131E
S205004189042C
S20500418A1718
S20500418B002E
S20500418C230A
S20500418D88A4
S20500418EC665
S20500418FFA30
S2050041909396
S205004191F731
S2050041920720
S2050041930125
S20500419463C2
S2050041959292
S205004196071C
S2050041970220
S20500419863BE
S2050041995AC6
S20500419AA47B
S20500419B67B7
S20500419C33EA
S20500419D0D0F
S20500419E8D8E
S20500419F40DA
S2050041A01306
S2050041A10612
S2050041A20D0A
S2050041A30016
S2050041A41302
S2050041A5858F
S2050041A6040F
S2050041A70012
S2050041A8937E
S2050041A9050B
S2050041AA000F
S2050041AB020C
S2050041ACB35A
S2050041AD8488
S2050041AEA467
S2050041AF0109
S2050041B0EF1A
S2050041B1E028
S2050041B29F68
S2050041B39A6C
S2050041B413F2
S2050041B50DF7
S2050041B6F40F
S2050041B7FF03
S2050041B813EE
S2050041B906FA
S2050041BA04FB
S2050041BB00FE
S2050041BC936A
S2050041BD05F7
S2050041BE01FA
S2050041BF08F2
S2050041C013E6
S2050041C18573
S2050041C204F3
S2050041C300F6
S2050041C4EF06
S2050041C5E014
S2050041C61FD4
S2050041C7A74B
S2050041C833BE
S2050041C9856B
S2050041CA846B
S2050041CB00EE
S2050041CC638A
S2050041CD5498
S2050041CEA447
S2050041CF5F8B
S2050041D033B6
S2050041D106E2
S2050041D28D5A
S2050041D340A6
S2050041D49352
S2050041D505DF
S2050041D600E3
S2050041D702E0
S2050041D8EFF2
S2050041D9E000
S2050041DA1FC0
S2050041DB9846
S2050041DCB32A
S2050041DD8458
S2050041DEA437
S2050041DF01D9
S2050041E08356
S2050041E14791
S2050041E21CBB
S2050041E300D6
S2050041E48352
S2050041E52BA9
S2050041E6C112
S2050041E700D2
S2050041E813BE
S2050041E904CC
S2050041EA1CB3
S2050041EB00CE
S2050041EC636A
S2050041ED923A
S2050041EE07C4
S2050041EFE6E4
S2050041F06F5A
S2050041F1F0D8
S2050041F28F38
S2050041F3E7DF
S2050041F413B2
S2050041F507BD
S2050041F6C003
S2050041F706BC
S2050041F8932E
S2050041F9E7D9
S2050041FA07B8
S2050041FB04BA
S2050041FCE3DA
S2050041FD922A
S2050041FEE5D6
S2050041FFCAF0
S2050042003781
S20500420107B0
S20500420210A6
S20500420300B5
S20500420403B1
S205004205A60D
S2050042060BA7
S20500420700B1
S205004208139D
S20500420907A8
S20500420A07A7
S20500420B5954
S20500420C9319
S20500420D8B20
S20500420E4B5F
S20500420F00A9
S2050042108325
S2050042114661
S20500421206A0
S20500421300A5
S2050042149311
S205004215059E
S205004216A002
S205004217039E
S205004218237D
S205004219019E
S20500421AB1ED
S20500421B0895
S20500421C1389
S20500421DF5A6
S20500421EF6A4
S20500421F0099
S2050042203365
S2050042210592
S205004222A7EF
S2050042230095
S2050042249301
S205004225D6BD
S205004226464C
S2050042270091
S205004228038D
S205004229454A
S20500422A0589
S20500422B008D
S20500422CB3D9
S20500422D0685
S20500422ED7B3
S20500422F0089
S2050042308305
S205004231C6C1
S2050042320680
S2050042330085
S2050042341371
S205004235156E
S20500423685FD
S2050042370081
S20500423893ED
S205004239F788
S20500423A0777
S20500423B017C
S20500423CB3C9
S20500423DE695
S20500423EA6D4
S20500423F0079
S2050042402355
S2050042411067
S205004242D1A5
S205004243086D
S20500424483F1
S205004245462D
S205004246165C
S2050042470071
S205004248A3CD
S205004249026D
S20500424AB1BD
S20500424B0865
S20500424C1359
S20500424DD596
S20500424E4624
S20500424F0069
S20500425093D5
S205004251F671
S205004252F670
S2050042530065
S2050042543331
S205004255055E
S205004256A7BB
S2050042570061
S205004258B3AD
S2050042590659
S20500425AD787
S20500425B005D
S20500425C0359
S20500425D4516
S20500425E0555
S20500425F0059
S20500426083D5
S205004261C691
S2050042620650
S2050042630055
S205004264A3B1
S2050042650152
S205004266A1B1
S2050042670849
S205004268232D
S205004269024D
S20500426AD17D
S20500426B0845
S20500426C83C9
S20500426D4605
S20500426E2624
S20500426F0049
S2050042702325
S2050042710443
S205004272B195
S205004273083D
S2050042741331
S205004275D56E
S20500427646FC
S2050042770041
S20500427893AD
S205004279F649
S20500427AF648
S20500427B003D
S20500427C3309
S20500427D0536
S20500427EA793
S20500427F0039
S205004280B385
S2050042810631
S205004282D75F
S2050042830035
S2050042840331
S20500428545EE
S205004286052D
S2050042870031
S20500428883AD
S205004289C669
S20500428A0628
S20500428B002D
S20500428C2309
S20500428D0328
S20500428EA189
S20500428F0821
S205004290A385
S2050042910324
S205004292D155
S205004293081D
S20500429483A1
S20500429546DD
S20500429636EC
S2050042970021
S205004298A37D
S205004299051A
S20500429AB16D
S20500429B0815
S20500429C1309
S20500429DD546
S20500429E46D4
S20500429F0019
S2050042A09385
S2050042A1F621
S2050042A2F620
S2050042A30015
S2050042A433E1
S2050042A5050E
S2050042A6A76B
S2050042A70011
S2050042A8B35D
S2050042A90609
S2050042AAD737
S2050042AB000D
S2050042AC8389
S2050042ADC645
S2050042AE0604
S2050042AF0009
S2050042B00305
S2050042B145C2
S2050042B20501
S2050042B30005
S2050042B423E1
S2050042B505FE
S2050042B6D131
S2050042B708F9
S2050042B8A35D
S2050042B904FB
S2050042BAA15D
S2050042BB08F5
S2050042BC8379
S2050042BD46B5
S2050042BE46B4
S2050042BF00F9
S2050042C023D5
S2050042C107F0
S2050042C2B145
S2050042C308ED
S2050042C49361
S2050042C5D51E
S2050042C646AC
S2050042C700F1
S2050042C8935D
S2050042C9F6F9
S2050042CAF6F8
S2050042CB00ED
S2050042CCB339
S2050042CD05E6
S2050042CEB733
S2050042CF00E9
S2050042D0B335
S2050042D106E1
S2050042D2D70F
S2050042D300E5
S2050042D48361
S2050042D5C61D
S2050042D606DC
S2050042D700E1
S2050042D8835D
S2050042D9C51A
S2050042DA05D9
S2050042DB00DD
S2050042DCA339
S2050042DD06D5
S2050042DED109
S2050042DF08D1
S2050042E023B5
S2050042E106D1
S2050042E2B125
S2050042E308CD
S2050042E48351
S2050042E5468D
S2050042E6567C
S2050042E700D1
S2050042E813BD
S2050042E9D6F9
S2050042EA4688
S2050042EB00CD
S2050042EC3399
S2050042ED06C5
S2050042EEC703
S2050042EF00C9
S2050042F003C5
S2050042F14681
S2050042F206C0
S2050042F300C5
S2050042F49331
S2050042F5F6CD
S2050042F6F6CC
S2050042F700C1
S2050042F8338D
S2050042F907B8
S2050042FAD7E7
S2050042FB00BD
S2050042FCA319
S2050042FD07B4
S2050042FEC1F9
S2050042FF08B1
S20500430003B4
S205004301476F
S20500430207AE
S20500430300B4
S2050043042390
S20500430508AA
S205004306E1D0
S20500430708A8
S205004308634C
S2050043099A14
S20500430A07A6
S20500430B1498
S20500430C9318
S20500430D07A3
S20500430E1099
S20500430F01A7
S2050043106344
S205004311D4D2
S205004312A7FE
S205004313158F
S2050043141390
S205004315049E
S205004316FDA4
S205004317FEA2
S205004318138C
S2050043190698
S20500431A0499
S20500431B009C
S20500431C9308
S20500431D0595
S20500431E0099
S20500431F0296
S2050043201384
S2050043218511
S2050043220491
S2050043230094
S205004324EFA4
S205004325E0B2
S2050043265F32
S205004327830D
S205004328335C
S2050043298509
S20500432A8409
S20500432B008C
S20500432C1378
S20500432D0684
S20500432E1079
S20500432F0187
S20500433093F4
S2050043310581
S2050043320184
S205004333087C
S205004334EF94
S205004335E0A2
S2050043361F62
S20500433790F0
S205004338B3CC
S20500433984FA
S20500433AA4D9
S20500433B017B
S20500433C83F8
S20500433DC7B3
S20500433E2C4D
S20500433F0078
S2050043401364
S20500434184F2
S2050043422C49
S2050043430074
S2050043446310
S20500434596DC
S205004346076A
S205004347D0A0
S2050043486F00
S205004349F07E
S20500434A0F5E
S20500434BD29A
S20500434C93D8
S20500434DE783
S20500434E0762
S20500434F0464
S2050043501354
S2050043518CDA
S2050043520C59
S2050043530064
S2050043546FF4
S205004355F072
S205004356DF82
S205004357B4AC
S205004358134C
S2050043590658
S20500435A015C
S20500435B025A
S20500435C1348
S20500435D0753
S20500435E0752
S20500435F0B4D
S2050043603324
S205004361074F
S205004362C78E
S2050043630054
S20500436493C0
S2050043658CC6
S2050043662C25
S2050043670050
S205004368133C
S2050043690648
S20500436A004D
S20500436B0349
S20500436C2328
S20500436D0842
S20500436EC782
S20500436FFA4E
S2050043701334
S20500437187BF
S2050043720C39
S2050043730B39
S2050043741330
S205004375063C
S2050043760140
S205004377023E
S205004378330C
S2050043790836
S20500437AC776
S20500437B003C
S20500437C1328
S20500437D0733
S20500437EE059
S20500437F0236
S2050043802314
S205004381082E
S205004382E84D
S205004383FA3A
S2050043840330
S205004385C46E
S205004386260B
S2050043870030
S205004388939C
S2050043898DA1
S20500438A1C11
S20500438B002C
S20500438CE348
S20500438D1218
S20500438E0425
S20500438FCA5E
S2050043901314
S205004391879F
S2050043920D18
S2050043930B19
S2050043941310
S205004395061C
S2050043960120
S205004397021E
S20500439833EC
S2050043990717
S20500439AC756
S20500439B001C
S20500439C9388
S20500439D8C8E
S20500439E2CED
S20500439F0018
S2050043A01304
S2050043A10610
S2050043A20015
S2050043A30311
S2050043A423F0
S2050043A5080A
S2050043A6C74A
S2050043A7FA16
S2050043A813FC
S2050043A98787
S2050043AA0C01
S2050043AB0B01
S2050043AC13F8
S2050043AD0604
S2050043AE0108
S2050043AF0206
S2050043B033D4
S2050043B10600
S2050043B2C73E
S2050043B30004
S2050043B413F0
S2050043B507FB
S2050043B6E021
S2050043B702FE
S2050043B823DC
S2050043B908F6
S2050043BAE617
S2050043BBFA02
S2050043BC8378
S2050043BDCD2D
S2050043BE36C3
S2050043BF00F8
S2050043C013E4
S2050043C1876F
S2050043C21CD9
S2050043C300F4
S2050043C4E310
S2050043C5965C
S2050043C60DE4
S2050043C7D21E
S2050043C8935C
S2050043C906E8
S2050043CA01EC
S2050043CB02EA
S2050043CC13D8
S2050043CD07E3
S2050043CE07E2
S2050043CF0BDD
S2050043D033B4
S2050043D107DF
S2050043D2D70E
S2050043D300E4
S2050043D49350
S2050043D506DC
S2050043D600E1
S2050043D703DD
S2050043D813CC
S2050043D9845A
S2050043DA2CB1
S2050043DB00DC
S2050043DC23B8
S2050043DD08D2
S2050043DED702
S2050043DFFADE
S2050043E06F68
S2050043E1F0E6
S2050043E21FB6
S2050043E3DBF9
S2050043E413C0
S2050043E507CB
S2050043E600D1
S2050043E703CD
S2050043E823AC
S2050043E900CE
S2050043EAE1EC
S2050043EB08C4
S2050043EC9338
S2050043ED0CBE
S2050043EE10B9
S2050043EF00C8
S2050043F013B4
S2050043F107BF
S2050043F220A5
S2050043F300C4
S2050043F46F54
S2050043F5F0D2
S2050043F69F22
S2050043F7B50B
S2050043F8932C
S2050043F904BA
S2050043FA05B8
S2050043FB00BC
S2050043FC2398
S2050043FD803A
S2050043FE04B5
S2050043FF00B8
S2050044008333
S2050044012095
S205004402C1F3
S20500440310A3
S205004404832F
S205004405248D
S205004406416F
S205004407109F
S205004408139B
S20500440905A8
S20500440A00AC
S20500440B00AB
S20500440C1397
S20500440D01A8
S20500440E01A7
S20500440F1196
S205004410673F
S2050044118025
S20500441200A4
S20500441300A3
S205004414930F
S205004415079A
S205004416148C
S205004417009F
S205004418B3EB
S2050044198617
S20500441A9408
S20500441B019A
S20500441C6F2B
S20500441D0099
S20500441E8018
S20500441F0097
S2050044209303
S205004421870E
S205004422177D
S2050044230093
S205004424038F
S205004425C7CA
S205004426F799
S205004427FF90
S20500442893FB
S2050044298409
S20500442A1478
S20500442B008B
S20500442CA3E7
S20500442D8FFA
S20500442EE4A4
S20500442FFE89
S205004430E3A3
S20500443198ED
S205004432D4B0
S205004433FE85
S2050044346F13
S205004435F091
S205004436CFB1
S205004437FA85
S20500443893EB
S205004439F687
S20500443A1765
S20500443B007B
S20500443C93E7
S20500443DEC8D
S20500443E2751
S20500443F0077
S20500444093E3
S205004441F77E
S205004442175D
S2050044430172
S205004444234F
S205004445264B
S205004446F17F
S205004447006F
S205004448630B
S20500444982EB
S20500444A0666
S20500444B3833
S20500444C93D7
S20500444D0762
S20500444E0068
S20500444F0364
S2050044502343
S2050044512A3B
S205004452F173
S2050044530063
S2050044546FF3
S205004455F071
S2050044569FC1
S20500445781DE
S205004458134B
S2050044590D50
S20500445AFD5F
S20500445BFF5C
S20500445C1347
S20500445D0653
S20500445E1048
S20500445F0156
S20500446093C3
S2050044610550
S2050044620153
S205004463084B
S205004464133F
S20500446585CC
S205004466044C
S205004467004F
S205004468EF5F
S205004469E06D
S20500446ACF7D
S20500446BFC4F
S20500446C1337
S20500446D0445
S20500446E1038
S20500446F0146
S2050044701333
S20500447185C0
S2050044721430
S2050044730142
S20500447463DF
S20500447556EB
S205004476A49C
S20500447747F8
S205004478132B
S2050044790637
S20500447AFD3F
S20500447BFE3D
S20500447C93A7
S20500447D0534
S20500447E0038
S20500447F0235
S205004480EF47
S205004481E055
S2050044828FA5
S205004483ED46
S205004484B37F
S20500448584AD
S205004486A48C
S205004487012E
S2050044886FBF
S205004489F03D
S20500448A5FCD
S20500448BEB40
S20500448C37F3
S20500448D0722
S20500448E1018
S20500448F0027
S2050044900323
S205004491A67F
S2050044920B19
S2050044930023
S205004494130F
S205004495071A
S2050044968799
S20500449756C9
S205004498938B
S2050044998B92
S20500449A4BD1
S20500449B001B
S20500449C6FAB
S20500449DF029
S20500449E5FB9
S20500449FD740
S2050044A01303
S2050044A1070E
S2050044A29084
S2050044A30013
S2050044A463AF
S2050044A550C1
S2050044A68789
S2050044A71EF1
S2050044A813FB
S2050044A90706
S2050044AA010B
S2050044AB0209
S2050044AC23E7
S2050044AD28E1
S2050044AEF117
S2050044AF0007
S2050044B09373
S2050044B10500
S2050044B2A064
S2050044B30003
S2050044B4936F
S2050044B5877A
S2050044B60DF3
S2050044B70BF4
S2050044B813EB
S2050044B905F8
S2050044BA04F8
S2050044BB00FB
S2050044BCB347
S2050044BD8D6C
S2050044BEE711
S2050044BF00F7
S2050044C023D3
S2050044C12ACB
S2050044C2D123
S2050044C300F3
S2050044C4EF03
S2050044C5E011
S2050044C68F61
S2050044C7BB34
S2050044C837B7
S2050044C907E6
S2050044CA10DC
S2050044CB00EB
S2050044CC9357
S2050044CD0BDE
S2050044CE8761
S2050044CF5691
S2050044D033B3
S2050044D1865F
S2050044D2AB39
S2050044D300E3
S2050044D403DF
S2050044D5479A
S2050044D606DA
S2050044D700DF
S2050044D813CB
S2050044D905D8
S2050044DA04D8
S2050044DB00DB
S2050044DC9347
S2050044DD05D4
S2050044DEA038
S2050044DF00D7
S2050044E023B3
S2050044E1884D
S2050044E2EDE7
S2050044E3FAD9
S2050044E4EFE3
S2050044E5E0F1
S2050044E6CF01
S2050044E7C10E
S2050044E8933B
S2050044E98C41
S2050044EA2CA0
S2050044EB00CB
S2050044EC8347
S2050044ED27A2
S2050044EE01C7
S2050044EF01C6
S2050044F08343
S2050044F1269F
S2050044F24183
S2050044F301C2
S2050044F413AF
S2050044F504BD
S2050044F605BB
S2050044F700BF
S2050044F8932B
S2050044F98D30
S2050044FA0CB0
S2050044FB00BB
S2050044FC6F4B
S2050044FDF0C9
S2050044FE9F19
S2050044FFBBFC
S20500450013A2
S20500450106AE
S2050045029023
S20500450300B2
S205004504634E
S2050045055A56
S2050045068629
S2050045071698
S205004508238A
S2050045092884
S20500450AF1BA
S20500450B00AA
S20500450C9316
S20500450D05A3
S20500450EA007
S20500450F00A6
S2050045109312
S205004511079D
S205004512079C
S2050045130B97
S205004514138E
S205004515059B
S205004516049B
S205004517009E
S205004518138A
S2050045190795
S20500451A019A
S20500451B0298
S20500451CB3E6
S20500451D8D0B
S20500451EE7B0
S20500451F0096
S2050045202372
S2050045212A6A
S205004522D1C2
S2050045230092
S205004524EFA2
S205004525E0B0
S2050045268F00
S205004527B5D9
S2050045283756
S2050045290785
S20500452A107B
S20500452B008A
S20500452C93F6
S20500452D0B7D
S20500452E8700
S20500452F5630
S2050045303352
S20500453186FE
S205004532ABD8
S2050045330082
S205004534037E
S2050045354739
S2050045360679
S205004537007E
S205004538136A
S2050045390577
S20500453A0477
S20500453B007A
S20500453C93E6
S20500453D0573
S20500453EA0D7
S20500453F0076
S2050045402352
S20500454188EC
S205004542ED86
S205004543FA78
S205004544EF82
S205004545E090
S205004546CFA0
S205004547BBB3
S20500454893DA
S2050045498CE0
S20500454A2C3F
S20500454B006A
S20500454C83E6
S20500454D2741
S20500454E0166
S20500454F0165
S20500455083E2
S205004551263E
S2050045524122
S2050045530161
S205004554134E
S205004555045C
S205004556055A
S205004557005E
S205004558134A
S20500455987D5
S20500455A0C4F
S20500455B005A
S20500455C6FEA
S20500455DF068
S20500455E9FB8
S20500455FA9AD
S2050045601342
S205004561074D
S20500456290C3
S2050045630052
S20500456463EE
S2050045655EF2
S205004566B798
S2050045670F3F
S20500456893BA
S2050045690547
S20500456AA0AB
S20500456B004A
S20500456C1336
S20500456D85C3
S20500456E0D3A
S20500456F0046
S2050045702322
S2050045712A1A
S205004572D172
S2050045730042
S205004574231E
S2050045752818
S205004576F14E
S205004577003E
S205004578EF4E
S205004579E05C
S20500457A4FEC
S20500457BB08A
S20500457C3702
S20500457D0731
S20500457E1027
S20500457F0036
S20500458093A2
S2050045810B29
S20500458287AC
S20500458356DC
S20500458433FE
S20500458587A9
S205004586AB84
S205004587002E
S205004588032A
S20500458947E5
S20500458A0724
S20500458B002A
S20500458C1316
S20500458D85A3
S20500458E0D1A
S20500458F0026
S2050045909392
S205004591051F
S205004592A083
S2050045930022
S20500459423FE
S2050045950020
S205004596E13E
S2050045970816
S205004598EF2E
S205004599E03C
S20500459A8F8C
S20500459BB664
S20500459C8396
S20500459D27F1
S20500459E0116
S20500459F0115
S2050045A08392
S2050045A126EE
S2050045A241D2
S2050045A30111
S2050045A4937E
S2050045A50D03
S2050045A6050A
S2050045A7000E
S2050045A813FA
S2050045A90705
S2050045AA30DB
S2050045AB000A
S2050045AC9376
S2050045AD0CFC
S2050045AE20E7
S2050045AF0006
S2050045B013F2
S2050045B106FE
S2050045B210F3
S2050045B30002
S2050045B46F92
S2050045B5F010
S2050045B61FE0
S2050045B79866
S2050045B8936A
S2050045B906F6
S2050045BA906B
S2050045BB00FA
S2050045BC6396
S2050045BDDC1C
S2050045BEB641
S2050045BF09ED
S2050045C023D2
S2050045C128CC
S2050045C2F102
S2050045C300F2
S2050045C4935E
S2050045C505EB
S2050045C6A04F
S2050045C700EE
S2050045C8935A
S2050045C907E5
S2050045CA07E4
S2050045CB0BDF
S2050045CC13D6
S2050045CD8563
S2050045CE0DDA
S2050045CF00E6
S2050045D013D2
S2050045D107DD
S2050045D201E2
S2050045D302E0
S2050045D413CE
S2050045D5845C
S2050045D62CB3
S2050045D700DE
S2050045D8B32A
S2050045D98C50
S2050045DAE7F4
S2050045DB00DA
S2050045DCEFEA
S2050045DDE0F8
S2050045DE0FC8
S2050045DFAA2C
S2050045E0379E
S2050045E107CD
S2050045E210C3
S2050045E300D2
S2050045E4933E
S2050045E50BC5
S2050045E68748
S2050045E75678
S2050045E8B31A
S2050045E98646
S2050045EAAB20
S2050045EB00CA
S2050045EC03C6
S2050045EDC701
S2050045EE06C1
S2050045EF00C6
S2050045F013B2
S2050045F1853F
S2050045F20DB6
S2050045F300C2
S2050045F4932E
S2050045F505BB
S2050045F6A01F
S2050045F700BE
S2050045F8239A
S2050045F98834
S2050045FAECCF
S2050045FBFAC0
S2050045FCEFCA
S2050045FDE0D8
S2050045FE4F68
S2050045FFB006
S2050046008331
S205004601278C
S20500460201B1
S20500460301B0
S205004604931D
S2050046050DA2
S20500460605A9
S20500460700AD
S2050046081399
S20500460907A4
S20500460A04A6
S20500460B00A9
S20500460C6F39
S20500460DF0B7
S20500460E9F07
S20500460FB6EF
S205004610376D
S205004611049F
S2050046121092
S20500461300A1
S205004614138D
S205004615049B
S205004616841A
S2050046175B42
S2050046186F2D
S205004619F0AB
S20500461ACFCB
S20500461BD1C8
S20500461C9305
S20500461D0790
S20500461E1086
S20500461F0095
S2050046206331
S205004621DEB5
S205004622A7EB
S2050046230F82
S205004624137D
S2050046250D82
S205004626FD91
S205004627FF8E
S2050046281379
S2050046290685
S20500462A0D7D
S20500462B0089
S20500462C1375
S20500462D8502
S20500462E0482
S20500462F0085
S20500463093F1
S205004631057E
S2050046320082
S205004633027F
S205004634B3CD
S20500463584FB
S205004636A4DA
S205004637017C
S205004638EF8D
S205004639E09B
S20500463A0F6B
S20500463BD2A7
S20500463C1365
S20500463D0D6A
S20500463E0076
S20500463F0075
S2050046406F05
S205004641F083
S2050046424F23
S205004643FD74
S20500464493DD
S205004645E788
S2050046462747
S205004647006D
S2050046481359
S20500464987E4
S20500464A4B1F
S20500464B0069
S20500464C1355
S20500464D8CDB
S20500464E0C5A
S20500464F0065
S2050046506FF5
S205004651F073
S2050046524F13
S205004653CA97
S205004654B7A9
S2050046550659
S205004656104E
S205004657005D
S20500465893C9
S2050046598BD0
S20500465A86D4
S20500465B5603
S20500465C6FE9
S20500465DF067
S20500465E9FB7
S20500465FB1A4
S205004660B79D
S205004661054E
S2050046621042
S2050046630051
S205004664133D
S2050046650748
S205004666202E
S205004667004D
S20500466893B9
S2050046690C3F
S20500466A103A
S20500466B0049
S20500466C1335
S20500466D0641
S20500466E0046
S20500466F0045
S20500467093B1
S2050046718BB8
S20500467285BD
S20500467356EB
S2050046746FD1
S205004675F04F
S2050046761F1F
S2050046778CB1
S2050046783705
S2050046790635
S20500467A102A
S20500467B0039
S20500467C93A5
S20500467D0B2C
S20500467E86B0
S20500467F56DF
S2050046806FC5
S205004681F043
S2050046825FD3
S205004683979A
S20500468437F9
S2050046850728
S205004686101E
S205004687002D
S2050046889399
S2050046890B20
S20500468A87A3
S20500468B56D3
S20500468C6FB9
S20500468DF037
S20500468E9F87
S20500468FA283
S2050046909391
S205004691071C
S205004692B072
S205004693021F
S205004694130D
S2050046950D12
S205004696FD21
S205004697FF1E
S20500469823F9
S20500469928F3
S20500469AF129
S20500469B0019
S20500469C6FA9
S20500469DF027
S20500469E0F07
S20500469FE134
S2050046A01301
S2050046A18C87
S2050046A20C06
S2050046A30011
S2050046A46FA1
S2050046A5F01F
S2050046A6CF3F
S2050046A7FF0E
S2050046A89379
S2050046A9E724
S2050046AA0703
S2050046AB0405
S2050046AC13F5
S2050046AD8C7B
S2050046AE0CFA
S2050046AF0005
S2050046B013F1
S2050046B106FD
S2050046B20002
S2050046B30100
S2050046B46F91
S2050046B5F00F
S2050046B64FAF
S2050046B7BA43
S2050046B89369
S2050046B9FCFF
S2050046BA07F3
S2050046BB01F8
S2050046BC6395
S2050046BD8A6D
S2050046BE0CEA
S2050046BFD421
S2050046C09361
S2050046C10CE7
S2050046C200F2
S2050046C300F1
S2050046C46F81
S2050046C5F0FF
S2050046C60FDF
S2050046C7D21B
S2050046C8A349
S2050046C9806B
S2050046CA07E3
S2050046CB00E9
S2050046CC9355
S2050046CDF7F0
S2050046CE0CDA
S2050046CF02E3
S2050046D06381
S2050046D18C57
S2050046D207DB
S2050046D30AD7
S2050046D4835D
S2050046D54798
S2050046D601DD
S2050046D703DA
S2050046D86379
S2050046D98853
S2050046DA07D3
S2050046DB20B9
S2050046DC13C5
S2050046DD06D1
S2050046DE01D5
S2050046DF03D2
S2050046E013C1
S2050046E108CB
S2050046E206CC
S2050046E300D1
S2050046E413BD
S2050046E507C8
S2050046E6E0EE
S2050046E702CB
S2050046E89339
S2050046E905C6
S2050046EA507A
S2050046EB06C3
S2050046EC9335
S2050046ED06C1
S2050046EE5076
S2050046EF04C1
S2050046F06361
S2050046F18A39
S2050046F2E7DB
S2050046F3E4DD
S2050046F4635D
S2050046F58639
S2050046F6B707
S2050046F704B9
S2050046F86359
S2050046F98437
S2050046FAD7E3
S2050046FB04B5
S2050046FC8335
S2050046FD4770
S2050046FE189E
S2050046FF00B5
S20500470013A0
S20500470108AA
S2050047021899
S20500470300B0
S205004704E3CC
S2050047059618
S20500470607A6
S205004707FEAE
S2050047089318
S20500470907A3
S20500470AE0C9
S20500470B02A6
S20500470C2384
S20500470D00A6
S20500470EF8AD
S20500470F00A4
S2050047108320
S205004711475B
S20500471201A0
S205004713039D
S205004714A3FC
S205004715009E
S2050047160895
S205004717009C
S2050047186F2C
S205004719F0AA
S20500471A4F4A
S20500471BE2B6
S20500471C8314
S20500471DA7EF
S20500471E0B8A
S20500471F0094
S2050047209300
S205004721840E
S205004722147D
S2050047230090
S20500472493FC
S2050047258B03
S2050047260C81
S205004727008C
S205004728A3E8
S2050047298FFB
S20500472AF495
S20500472BFE8A
S20500472C8304
S20500472D473F
S20500472E1C69
S20500472F0084
S2050047306320
S20500473190F2
S205004732077A
S20500473392EE
S2050047346F10
S205004735F08E
S2050047364F2E
S20500473793E9
S2050047381368
S2050047390D6D
S20500473AFD7C
S20500473BFF79
S20500473C6F08
S20500473DF086
S20500473E4F26
S20500473FC2B2
S2050047400370
S205004741472B
S2050047420869
S2050047430070
S20500474493DC
S2050047450668
S2050047460865
S205004747105C
S20500474893D8
S2050047490763
S20500474A0861
S20500474B0068
S20500474C6304
S20500474D1650
S20500474E075E
S20500474F0064
S2050047506FF4
S2050047510062
S2050047520061
S205004753035D
S20500475463FC
S20500475588D6
S205004756D786
S205004757005C
S2050047580358
S205004759C793
S20500475A1742
S20500475B0058
S20500475C93C4
S20500475D87CF
S20500475E173E
S20500475F0054
S205004760E370
S2050047611A38
S205004762074A
S205004763FE52
S205004764331C
S20500476586C8
S2050047660746
S205004767410B
S20500476863E8
S2050047695CEE
S20500476AC089
S20500476B0048
S20500476C93B4
S20500476D0541
S20500476E182D
S20500476F0044
S2050047701330
S205004771053D
S2050047722819
S2050047730040
S205004774231C
S2050047752C12
S205004776013C
S205004777013B
S205004778EF4C
S205004779E05A
S20500477A4FEA
S20500477BAD8B
S20500477C0334
S20500477D280E
S20500477E81B4
S20500477F0133
S20500478093A0
S205004781072B
S205004782E051
S205004783022E
S205004784230C
S205004785002E
S205004786F835
S205004787002C
S20500478883A8
S20500478947E3
S20500478A0128
S20500478B0325
S20500478C6FB8
S20500478DF036
S20500478E0F16
S20500478FDB49
S2050047901310
S2050047910D15
S2050047920D14
S205004793F030
S205004794130C
S205004795041A
S205004796001D
S205004797100C
S2050047986FAC
S205004799F02A
S20500479A0F0A
S20500479BDD3B
S20500479CB760
S20500479D070F
S20500479E0015
S20500479F8094
S2050047A033E0
S2050047A1C44E
S2050047A2878A
S2050047A30010
S2050047A4937C
S2050047A50707
S2050047A6D03D
S2050047A7020A
S2050047A813F8
S2050047A90DFD
S2050047AAFD0C
S2050047ABFF09
S2050047AC23E4
S2050047AD28DE
S2050047AEF114
S2050047AF0004
S2050047B06F94
S2050047B1F012
S2050047B2CF32
S2050047B3CF31
S2050047B4936C
S2050047B504FA
S2050047B605F8
S2050047B700FC
S2050047B86F8C
S2050047B9F00A
S2050047BA9F5A
S2050047BBA256
S2050047BC8374
S2050047BD47AF
S2050047BE1CD9
S2050047BF00F4
S2050047C06390
S2050047C1846E
S2050047C207EA
S2050047C300F0
S2050047C46F80
S2050047C5F0FE
S2050047C6CF1E
S2050047C78864
S2050047C86F7C
S2050047C9F0FA
S2050047CA0FDA
S2050047CB8A5E
S2050047CC9354
S2050047CD07DF
S2050047CE00E5
S2050047CF02E2
S2050047D023C0
S2050047D126BC
S2050047D201E0
S2050047D300E0
S2050047D423BC
S2050047D52AB4
S2050047D6F1EC
S2050047D700DC
S2050047D86F6C
S2050047D9F0EA
S2050047DA4F8A
S2050047DBC90F
S2050047DCA334
S2050047DD8056
S2050047DEE7EE
S2050047DF00D4
S2050047E003D0
S2050047E1C70B
S2050047E2F6DB
S2050047E3FFD1
S2050047E423AC
S2050047E5804E
S2050047E6A726
S2050047E700CC
S2050047E89338
S2050047E98743
S2050047EA27A2
S2050047EB00C8
S2050047EC6364
S2050047ED1EA8
S2050047EE07BE
S2050047EFD0F4
S2050047F06F54
S2050047F1F0D2
S2050047F28F32
S2050047F3D3ED
S2050047F4833C
S2050047F54777
S2050047F61CA1
S2050047F700BC
S2050047F89328
S2050047F98B2F
S2050047FA0CAD
S2050047FB00B8
S2050047FC9324
S2050047FD04B2
S2050047FE05B0
S2050047FF00B4
S205004800634F
S205004801842D
S20500480207A9
S20500480300AF
S2050048046F3F
S205004805F0BD
S205004806CFDD
S2050048078427
S2050048086F3B
S205004809F0B9
S20500480A0F99
S20500480B8621
S20500480C1393
S20500480D0D98
S20500480EFDA7
S20500480FFFA4
S2050048106F33
S205004811F0B1
S2050048129F01
S2050048139A05
S205004814138B
S2050048150499
S205004816009C
S205004817009B
S2050048186F2B
S205004819F0A9
S20500481A0F89
S20500481BD5C2
S20500481C8313
S20500481D276E
S20500481E0193
S20500481F0192
S205004820632F
S2050048218E03
S2050048220789
S205004823048B
S205004824236B
S205004825800D
S205004826F498
S205004827008B
S20500482893F7
S205004829FC8D
S20500482A0C7C
S20500482B0186
S20500482C93F3
S20500482D8401
S20500482E1470
S20500482F0083
S205004830631F
S20500483192EF
S2050048320C74
S205004833047B
S205004834136B
S2050048350D70
S205004836ED8F
S205004837FF7C
S2050048386F0B
S205004839F089
S20500483A8FE9
S20500483BD89F
S20500483C1363
S20500483D076E
S20500483E0074
S20500483F0370
S205004840234F
S20500484180F1
S205004842E789
S205004843006F
S205004844E38B
S20500484582EB
S2050048460D5F
S205004847E883
S2050048481357
S20500484987E2
S20500484A2741
S20500484B0067
S20500484C93D3
S20500484D065F
S20500484EE084
S20500484F0261
S205004850A3BF
S20500485180E1
S205004852D789
S205004853005F
S205004854134B
S2050048550558
S2050048560755
S205004857005B
S2050048581347
S20500485986D3
S20500485A0D4B
S20500485B0057
S20500485C93C3
S20500485D0550
S20500485E0054
S20500485F0350
S205004860EF63
S205004861E071
S2050048628FC1
S205004863AFA0
S205004864331B
S2050048650746
S205004866B597
S205004867014A
S2050048682327
S2050048690049
S20500486A0741
S20500486B0047
S20500486C83C3
S20500486D47FE
S20500486E0143
S20500486F0340
S2050048706FD3
S205004871F051
S205004872CF71
S205004873CC73
S205004874132B
S2050048750D30
S205004876FD3F
S205004877FF3C
S2050048786FCB
S205004879F049
S20500487A8FA9
S20500487BD463
S20500487C1323
S20500487D0D28
S20500487EED47
S20500487FFF34
S20500488063CF
S20500488142EF
S20500488280B0
S205004883D45B
S2050048846FBF
S205004885F03D
S205004886CF5D
S205004887D655
S2050048889397
S2050048890623
S20500488A0028
S20500488B0324
S20500488C2303
S20500488D80A5
S20500488ED74D
S20500488F0023
S205004890938F
S205004891061B
S205004892E040
S205004893021D
S205004894A37B
S205004895809D
S205004896D745
S205004897001B
S20500489833E7
S2050048990415
S20500489AB068
S20500489B40D7
S20500489C9383
S20500489D878E
S20500489E27ED
S20500489F0013
S2050048A063AF
S2050048A1848D
S2050048A2050B
S2050048A3020D
S2050048A413FB
S2050048A58588
S2050048A60705
S2050048A7000B
S2050048A813F7
S2050048A90603
S2050048AA0404
S2050048AB0007
S2050048AC9373
S2050048AD0500
S2050048AE0004
S2050048AF0300
S2050048B023DF
S2050048B12ED3
S2050048B2E11F
S2050048B300FF
S2050048B423DB
S2050048B52CD1
S2050048B601FB
S2050048B701FA
S2050048B8EF0B
S2050048B9E019
S2050048BA0FE9
S2050048BBAA4D
S2050048BC03F3
S2050048BD27CE
S2050048BEC133
S2050048BF01F2
S2050048C003EF
S2050048C128C9
S2050048C2816F
S2050048C301EE
S2050048C4B33B
S2050048C507E6
S2050048C68567
S2050048C700EB
S2050048C813D7
S2050048C908E1
S2050048CA18D0
S2050048CB00E7
S2050048CC23C3
S2050048CD8065
S2050048CEE7FD
S2050048CF00E3
S2050048D003DF
S2050048D1479A
S2050048D208D8
S2050048D300DF
S2050048D4934B
S2050048D58756
S2050048D617C5
S2050048D700DB
S2050048D8E3F7
S2050048D918C1
S2050048DA07D1
S2050048DBFED9
S2050048DC6F67
S2050048DDF0E5
S2050048DECF05
S2050048DFC40F
S2050048E0933F
S2050048E104CD
S2050048E205CB
S2050048E300CF
S2050048E46F5F
S2050048E5F0DD
S2050048E69F2D
S2050048E7A526
S2050048E813B7
S2050048E908C1
S2050048EA01C7
S2050048EB03C4
S2050048EC6F57
S2050048EDF0D5
S2050048EEDFE5
S2050048EFE1E2
S2050048F013AF
S2050048F101C0
S2050048F201BF
S2050048F3BC03
S2050048F413AB
S2050048F503BA
S2050048F6417B
S2050048F74279
S2050048F82397
S2050048F92A8F
S2050048FA9127
S2050048FB4077
S2050048FC9323
S2050048FD04B1
S2050048FE01B3
S2050048FF01B2
S205004900238E
S205004901228E
S205004902B1FE
S205004903426C
S205004904238A
S2050049052488
S205004906C1EA
S2050049074268
S2050049089316
S20500490905A3
S20500490A05A2
S20500490B00A6
S20500490C1392
S20500490D069E
S20500490E03A0
S20500490F00A2
S205004910138E
S205004911851B
S205004912049B
S205004913009E
S205004914237A
S2050049152E6E
S205004916118A
S205004917405A
S2050049182376
S2050049192672
S20500491AD1C6
S20500491B4254
S20500491C2372
S20500491D286C
S20500491EE1B2
S20500491F4250
S205004920236E
S2050049212A66
S205004922F19E
S205004923424C
S205004924236A
S2050049252C60
S205004926018A
S2050049274347
S2050049282366
S2050049292E5A
S20500492A1176
S20500492B4343
S20500492C2362
S20500492D265E
S20500492E6122
S20500492F0082
S205004930EF92
S205004931E0A0
S2050049329FE0
S205004933EB93
S205004934037A
S2050049354537
S205004936017A
S2050049370179
S2050049386316
S2050049390E6A
S20500493A0572
S20500493B0274
S20500493C2352
S20500493D2C48
S20500493E81F2
S20500493F4032
S205004940135E
S20500494184EC
S205004942046B
S205004943006E
S205004944EF7E
S205004945E08C
S205004946CF9C
S205004947FD6D
S2050049480366
S2050049494523
S20500494A1453
S20500494B0066
S20500494C93D2
S20500494D075D
S20500494E045F
S20500494F0062
S205004950134E
S205004951045C
S205004952144B
S205004953005E
S205004954E37A
S2050049551844
S2050049560556
S205004957FE5C
S2050049580356
S2050049592434
S20500495A81D6
S20500495B4115
S20500495C83D2
S20500495D2034
S20500495EC192
S20500495F4111
S205004960331E
S20500496185CB
S20500496297B8
S205004963400E
S205004964133A
S2050049650547
S2050049661536
S205004967004A
S20500496883C6
S2050049692424
S20500496A4106
S20500496B4105
S20500496C1332
S20500496D0143
S20500496E0142
S20500496F44FE
S20500497067DA
S20500497180C0
S205004972003F
S205004973003E
S20500497483BA
S205004975201C
S205004976C17A
S20500497741F9
S20500497883B6
S2050049792414
S20500497A41F6
S20500497B41F5
S20500497C1322
S20500497D052F
S20500497E0033
S20500497F0032
S205004980131E
S205004981012F
S205004982012E
S20500498344EA
S20500498467C6
S20500498580AC
S205004986002B
S205004987002A
S2050049881316
S2050049890127
S20500498A0126
S20500498BF92D
S20500498C2302
S20500498D2400
S20500498E81A2
S20500498F061C
S20500499023FE
S20500499122FE
S205004992918E
S2050049930618
S20500499423FA
S20500499520FC
S20500499621FA
S2050049970713
S20500499823F6
S2050049992EEA
S20500499A31E6
S20500499B0511
S20500499C23F2
S20500499D2CE8
S20500499E41D2
S20500499F050D
S2050049A023EE
S2050049A126EA
S2050049A211FE
S2050049A30608
S2050049A423EA
S2050049A52AE2
S2050049A651BA
S2050049A70505
S2050049A823E6
S2050049A928E0
S2050049AA61A6
S2050049AB0501
S2050049AC23E2
S2050049AD26DE
S2050049AE7192
S2050049AF05FD
S2050049B023DE
S2050049B122DE
S2050049B2916E
S2050049B305F9
S2050049B423DA
S2050049B52ECE
S2050049B6B14A
S2050049B703F7
S2050049B89366
S2050049B908F0
S2050049BAE017
S2050049BB04F2
S2050049BC23D2
S2050049BD2EC6
S2050049BE01F2
S2050049BF01F1
S2050049C0935E
S2050049C109E7
S2050049C205EA
S2050049C300EE
S2050049C413DA
S2050049C58468
S2050049C605E6
S2050049C700EA
S2050049C813D6
S2050049C98A5E
S2050049CA06E1
S2050049CB00E6
S2050049CC9352
S2050049CD04E0
S2050049CE07DC
S2050049CF00E2
S2050049D013CE
S2050049D18957
S2050049D207D8
S2050049D300DE
S2050049D4637A
S2050049D5DC00
S2050049D6C813
S2050049D71AC0
S2050049D89346
S2050049D907D1
S2050049DAE0F7
S2050049DB04D2
S2050049DC23B2
S2050049DD2CA8
S2050049DEF1E2
S2050049DF00D2
S2050049E013BE
S2050049E1854B
S2050049E209C6
S2050049E300CE
S2050049E4933A
S2050049E505C7
S2050049E604C7
S2050049E700CA
S2050049E813B6
S2050049E906C2
S2050049EA00C7
S2050049EB00C6
S2050049EC9332
S2050049ED06BE
S2050049EE00C3
S2050049EF00C2
S2050049F0EFD2
S2050049F1C000
S2050049F25F60
S2050049F3C4FA
S2050049F413AA
S2050049F507B5
S2050049F600BB
S2050049F700BA
S2050049F86356
S2050049F95860
S2050049FA05B2
S2050049FB00B6
S2050049FCB7FE
S2050049FD07AD
S2050049FE00B3
S2050049FF8032
S205004A00337D
S205004A01C4EB
S205004A028727
S205004A0300AD
S205004A041399
S205004A0507A4
S205004A06109A
S205004A0700A9
S205004A089315
S205004A0905A2
S205004A0A04A2
S205004A0B00A5
S205004A0C2381
S205004A0DA003
S205004A0EE4BE
S205004A0F00A1
S205004A10138D
S205004A110699
S205004A12019D
S205004A13029B
S205004A141389
S205004A158516
S205004A160991
S205004A170099
S205004A18EFA9
S205004A19B0E7
S205004A1A8F07
S205004A1BF2A3
S205004A1C0391
S205004A1D2B68
S205004A1E0191
S205004A1F028F
S205004A20830D
S205004A212B64
S205004A22414D
S205004A23028B
S205004A2493F9
S205004A258407
S205004A260585
S205004A270089
S205004A281375
S205004A290483
S205004A2A0581
S205004A2B0085
S205004A2C1371
S205004A2D067D
S205004A2E0082
S205004A2F0081
S205004A3093ED
S205004A310679
S205004A32007E
S205004A33007D
S205004A341369
S205004A350576
S205004A360B6F
S205004A370079
S205004A3893E5
S205004A3985F2
S205004A3A0B6B
S205004A3B0075
S205004A3CEF85
S205004A3DC0B3
S205004A3EDF93
S205004A3FA6CB
S205004A40630D
S205004A410C63
S205004A420569
S205004A432C41
S205004A44B7B5
S205004A450C5F
S205004A46105A
S205004A470069
S205004A4883E5
S205004A49A7C0
S205004A4A8CDA
S205004A4B7CE9
S205004A4C0361
S205004A4DA8BB
S205004A4ECC96
S205004A4F7CE5
S205004A50B7A9
S205004A510659
S205004A52104E
S205004A53005D
S205004A542339
S205004A55203B
S205004A56F169
S205004A570059
S205004A5883D5
S205004A59A7B0
S205004A5A0650
S205004A5B7DD8
S205004A5C2331
S205004A5D2231
S205004A5E0151
S205004A5F0150
S205004A60034D
S205004A61A8A7
S205004A624608
S205004A637DD0
S205004A642329
S205004A652427
S205004A66F159
S205004A670049
S205004A6893B5
S205004A690740
S205004A6A093D
S205004A6B0540
S205004A6C2321
S205004A6D241F
S205004A6E81C1
S205004A6F053C
S205004A70231D
S205004A71201F
S205004A72A19D
S205004A730538
S205004A742319
S205004A752615
S205004A760139
S205004A770138
S205004A782315
S205004A792A0D
S205004A7AF145
S205004A7B0035
S205004A7C93A1
S205004A7D8DA6
S205004A7E072B
S205004A7F0031
S205004A80939D
S205004A810C23
S205004A82002E
S205004A830528
S205004A840329
S205004A852605
S205004A860129
S205004A870029
S205004A8883A5
S205004A892601
S205004A8A41E5
S205004A8B0025
S205004A8C1311
S205004A8D051E
S205004A8E0B17
S205004A8F0021
S205004A90938D
S205004A91859A
S205004A920B13
S205004A93001D
S205004A94EF2D
S205004A95C05B
S205004A96CF4B
S205004A979683
S205004A981305
S205004A990611
S205004A9A0115
S205004A9B0213
S205004A9CEF25
S205004A9DB063
S205004A9E4FC3
S205004A9FEA27
S205004AA0030D
S205004AA126E9
S205004AA2818D
S205004AA3000D
S205004AA48389
S205004AA526E5
S205004AA6C149
S205004AA70009
S205004AA823E5
S205004AA924E3
S205004AAAA165
S205004AAB0203
S205004AAC23E1
S205004AAD26DD
S205004AAEB151
S205004AAF02FF
S205004AB0EF11
S205004AB1B04F
S205004AB29F5F
S205004AB38875
S205004AB403F9
S205004AB526D5
S205004AB601F9
S205004AB700F9
S205004AB88375
S205004AB926D1
S205004ABA41B5
S205004ABB00F5
S205004ABC13E1
S205004ABD8C67
S205004ABE0DE5
S205004ABF00F1
S205004AC0935D
S205004AC18D62
S205004AC2FDF1
S205004AC3FFEE
S205004AC4EFFD
S205004AC5C02B
S205004AC69F4B
S205004AC7C722
S205004AC8EFF9
S205004AC9D017
S205004ACADF07
S205004ACBD015
S205004ACC03E1
S205004ACD2BB8
S205004ACE01E1
S205004ACF02DF
S205004AD0835D
S205004AD12BB4
S205004AD2419D
S205004AD302DB
S205004AD413C9
S205004AD505D6
S205004AD605D5
S205004AD703D6
S205004AD8B325
S205004AD9894E
S205004ADABC1A
S205004ADB4194
S205004ADC23B1
S205004ADD8053
S205004ADEAD25
S205004ADF00D1
S205004AE013BD
S205004AE106C9
S205004AE200CE
S205004AE300CD
S205004AE49339
S205004AE506C5
S205004AE600CA
S205004AE700C9
S205004AE813B5
S205004AE905C2
S205004AEA0BBB
S205004AEB00C5
S205004AEC9331
S205004AED853E
S205004AEE0BB7
S205004AEF00C1
S205004AF013AD
S205004AF18D32
S205004AF20DB1
S205004AF300BD
S205004AF49329
S205004AF50AB1
S205004AF609B1
S205004AF700B9
S205004AF8B305
S205004AF9892E
S205004AFA298D
S205004AFB01B4
S205004AFCEFC5
S205004AFDC0F3
S205004AFEDFD3
S205004AFF9A17
S205004B00E3CC
S205004B01129C
S205004B0205A8
S205004B03F8B4
S205004B048328
S205004B052783
S205004B064168
S205004B0701A7
S205004B086344
S205004B09FEA8
S205004B0AFDA8
S205004B0B366E
S205004B0CB3F0
S205004B0D079B
S205004B0EB9E8
S205004B0F415F
S205004B10930C
S205004B118618
S205004B12F7A6
S205004B130498
S205004B141388
S205004B150793
S205004B166039
S205004B170098
S205004B186334
S205004B197422
S205004B1AD7BE
S205004B1B088C
S205004B1C3360
S205004B1D672B
S205004B1EB9D8
S205004B1F018F
S205004B20137C
S205004B217717
S205004B223756
S205004B23008C
S205004B246328
S205004B251E6C
S205004B260782
S205004B270682
S205004B283354
S205004B290C7A
S205004B2A89FC
S205004B2B4143
S205004B2C1370
S205004B2D3C46
S205004B2E3C45
S205004B2F0080
S205004B30631C
S205004B311866
S205004B320C71
S205004B330676
S205004B3493E8
S205004B3587F3
S205004B360772
S205004B370573
S205004B381364
S205004B39F680
S205004B3AC7AE
S205004B3BFF75
S205004B3CB3C0
S205004B3D066C
S205004B3EB6BB
S205004B3F016F
S205004B40036C
S205004B412747
S205004B420D60
S205004B43006C
S205004B441358
S205004B450D5D
S205004B464D1C
S205004B470068
S205004B4893D4
S205004B498ADC
S205004B4A4A1B
S205004B4B0064
S205004B4C2340
S205004B4DAEB4
S205004B4EEA77
S205004B4FFE62
S205004B50E37C
S205004B5198C6
S205004B52A6B7
S205004B53FF5D
S205004B543328
S205004B550753
S205004B56C990
S205004B570058
S205004B5863F4
S205004B590452
S205004B5AF65F
S205004B5B064E
S205004B5C83D0
S205004B5DC58D
S205004B5E064B
S205004B5F0050
S205004B60034C
S205004B612529
S205004B62410C
S205004B63014B
S205004B641338
S205004B6586C4
S205004B661633
S205004B670048
S205004B682324
S205004B690046
S205004B6AB78E
S205004B6B0044
S205004B6C63E0
S205004B6D7AC8
S205004B6EA69B
S205004B6F043C
S205004B7083BC
S205004B71C579
S205004B721627
S205004B73003C
S205004B741328
S205004B7586B4
S205004B762613
S205004B770038
S205004B78A394
S205004B790036
S205004B7AB77E
S205004B7B0034
S205004B7C63D0
S205004B7D72C0
S205004B7EA68B
S205004B7F042C
S205004B8083AC
S205004B81C668
S205004B822607
S205004B83002C
S205004B842308
S205004B850129
S205004B86D752
S205004B870028
S205004B886FB8
S205004B890026
S205004B8A80A5
S205004B8B0321
S205004B8C9390
S205004B8D46DC
S205004B8EF62B
S205004B8FFF21
S205004B90938C
S205004B91D648
S205004B92F627
S205004B9341DB
S205004B94B368
S205004B9577A3
S205004B96D643
S205004B970018
S205004B9823F4
S205004B992CEA
S205004B9AF124
S205004B9B0014
S205004B9C6FA4
S205004B9DF022
S205004B9E5FB2
S205004B9FE42C
S205004BA013FC
S205004BA10707
S205004BA20904
S205004BA3000C
S205004BA48388
S205004BA5C644
S205004BA60DFC
S205004BA70008
S205004BA89374
S205004BA98D79
S205004BAA1DE8
S205004BAB0004
S205004BAC13F0
S205004BAD07FB
S205004BAE17EA
S205004BAF0000
S205004BB0A35C
S205004BB10FEF
S205004BB2D726
S205004BB3FEFE
S205004BB48378
S205004BB526D4
S205004BB641B8
S205004BB701F7
S205004BB8E314
S205004BB99660
S205004BBAB63F
S205004BBBFFF5
S205004BBC9360
S205004BBD876B
S205004BBE07EA
S205004BBF05EB
S205004BC003EC
S205004BC12CC2
S205004BC2816C
S205004BC304E8
S205004BC403E8
S205004BC52DBD
S205004BC601E8
S205004BC704E4
S205004BC8B334
S205004BC90ADC
S205004BCAF9EC
S205004BCB00E4
S205004BCC8360
S205004BCD27BB
S205004BCE8160
S205004BCF01DF
S205004BD0B32C
S205004BD10DD1
S205004BD2F9E4
S205004BD300DC
S205004BD48358
S205004BD527B3
S205004BD6C118
S205004BD701D7
S205004BD86374
S205004BD99442
S205004BDA07CE
S205004BDB00D4
S205004BDCB320
S205004BDD8D45
S205004BDE3D94
S205004BDF01CF
S205004BE023AC
S205004BE120AE
S205004BE23A93
S205004BE301CB
S205004BE46368
S205004BE5E6E4
S205004BE62D9C
S205004BE71FA9
S205004BE89334
S205004BE909BD
S205004BEA09BC
S205004BEB05BF
S205004BEC6360
S205004BEDEED4
S205004BEE5D64
S205004BEF05BB
S205004BF0B708
S205004BF10CB2
S205004BF210AD
S205004BF300BC
S205004BF46358
S205004BF5FAC0
S205004BF63A7F
S205004BF705B3
S205004BF803B4
S205004BF9AB0B
S205004BFA8C29
S205004BFB7C38
S205004BFC8330
S205004BFDAB07
S205004BFECCE5
S205004BFF7C34
S205004C006F3F
S205004C0100AD
S205004C02802C
S205004C0300AB
S205004C046347
S205004C058A1F
S205004C06594F
S205004C071D8A
S205004C089313
S205004C09861F
S205004C0A0B99
S205004C0B00A3
S205004C0C138F
S205004C0D059C
S205004C0E049C
S205004C0F009F
S205004C10930B
S205004C118518
S205004C120498
S205004C13009B
S205004C141387
S205004C150693
S205004C160B8D
S205004C170097
S205004C18EFA7
S205004C19C0D5
S205004C1A5F35
S205004C1BB2E1
S205004C1C137F
S205004C1D068B
S205004C1E810F
S205004C1F028D
S205004C20EF9F
S205004C21B0DD
S205004C220F7D
S205004C23D2B9
S205004C241377
S205004C250485
S205004C260583
S205004C270087
S205004C2893F3
S205004C298401
S205004C2A057F
S205004C2B0083
S205004C2C037F
S205004C2D255C
S205004C2E81FF
S205004C2F027D
S205004C3083FB
S205004C312558
S205004C32C1BB
S205004C330279
S205004C3493E7
S205004C358AEF
S205004C361A5E
S205004C370077
S205004C38EF87
S205004C39D0A5
S205004C3ADF95
S205004C3BB9BA
S205004C3C135F
S205004C3D056C
S205004C3E056B
S205004C3F036C
S205004C40A3CB
S205004C418FDE
S205004C42AAC2
S205004C43FE6D
S205004C44E387
S205004C45F079
S205004C465D0B
S205004C47FD6A
S205004C486303
S205004C49F86D
S205004C4A3D27
S205004C4B194A
S205004C4C83DF
S205004C4DC79A
S205004C4E0D53
S205004C4F005F
S205004C50134B
S205004C510756
S205004C5290CC
S205004C530358
S205004C5493C7
S205004C5587D2
S205004C565701
S205004C570057
S205004C5893C3
S205004C59F75E
S205004C5AF75D
S205004C5B0F44
S205004C5C232F
S205004C5D80D1
S205004C5EFD53
S205004C5F004F
S205004C6063EB
S205004C617ECF
S205004C62F755
S205004C630645
S205004C6483C7
S205004C652722
S205004C66C187
S205004C670146
S205004C6863E3
S205004C6992B3
S205004C6A073D
S205004C6B182B
S205004C6C93AF
S205004C6D87BA
S205004C6E0D33
S205004C6F003F
S205004C70132B
S205004C710637
S205004C72003C
S205004C730338
S205004C7493A7
S205004C750534
S205004C7690A8
S205004C770334
S205004C782313
S205004C7980B5
S205004C7AC76D
S205004C7B0033
S205004C7C63CF
S205004C7D64CD
S205004C7EF937
S205004C7F1C13
S205004C80131B
S205004C810726
S205004C82101C
S205004C830328
S205004C842307
S205004C8580A9
S205004C86E741
S205004C870027
S205004C880323
S205004C8927FE
S205004C8A0A1A
S205004C8B0023
S205004C8C130F
S205004C8D071A
S205004C8E1709
S205004C8F001F
S205004C9023FB
S205004C9120FD
S205004C92EA32
S205004C93001B
S205004C9463B7
S205004C9574A5
S205004C96B95F
S205004C970116
S205004C9823F3
S205004C998095
S205004C9ACD47
S205004C9B0013
S205004C9C838F
S205004C9DC64B
S205004C9E0709
S205004C9F000F
S205004CA013FB
S205004CA10706
S205004CA2907C
S205004CA30308
S205004CA49377
S205004CA58D7C
S205004CA61DEB
S205004CA70007
S205004CA863A3
S205004CA97A8B
S205004CAAD72D
S205004CAB0201
S205004CAC13EF
S205004CAD06FB
S205004CAE10F0
S205004CAF03FC
S205004CB0936B
S205004CB105F8
S205004CB200FC
S205004CB303F8
S205004CB49367
S205004CB506F3
S205004CB69068
S205004CB703F4
S205004CB823D3
S205004CB98075
S205004CBAC72D
S205004CBB00F3
S205004CBC03EF
S205004CBD27CA
S205004CBE0AE6
S205004CBF00EF
S205004CC013DB
S205004CC107E6
S205004CC217D5
S205004CC300EB
S205004CC423C7
S205004CC520C9
S205004CC6EAFE
S205004CC700E7
S205004CC86383
S205004CC97471
S205004CCAB92B
S205004CCB01E2
S205004CCC23BF
S205004CCD8061
S205004CCEBD23
S205004CCF00DF
S205004CD003DB
S205004CD1C716
S205004CD207D5
S205004CD300DB
S205004CD49347
S205004CD58D4C
S205004CD61DBB
S205004CD700D7
S205004CD8E3F3
S205004CD9E0F5
S205004CDAE6EE
S205004CDBFED5
S205004CDC23AF
S205004CDD8051
S205004CDE0DC3
S205004CDF00CF
S205004CE0834B
S205004CE120AD
S205004CE2C10B
S205004CE306C5
S205004CE403C7
S205004CE524A5
S205004CE68147
S205004CE706C1
S205004CE88343
S205004CE924A1
S205004CEA4183
S205004CEB06BD
S205004CEC833F
S205004CED2998
S205004CEEC1FF
S205004CEF05BA
S205004CF003BB
S205004CF12A93
S205004CF2813B
S205004CF305B6
S205004CF48337
S205004CF52A8F
S205004CF64177
S205004CF705B2
S205004CF803B3
S205004CF92B8A
S205004CFA01B3
S205004CFB05AE
S205004CFC832F
S205004CFD2B86
S205004CFEC1EF
S205004CFF04AB
S205004D00832A
S205004D012C80
S205004D02416A
S205004D0304A6
S205004D048326
S205004D052D7B
S205004D06C1E6
S205004D0703A3
S205004D081392
S205004D09059F
S205004D0A099A
S205004D0B00A2
S205004D0C039E
S205004D0D2977
S205004D0E019E
S205004D0F0698
S205004D10138A
S205004D11019B
S205004D12019A
S205004D130793
S205004D146732
S205004D158018
S205004D160097
S205004D170096
S205004D181382
S205004D19058F
S205004D1A048F
S205004D1B0092
S205004D1C93FE
S205004D1D850B
S205004D1E048B
S205004D1F008E
S205004D20137A
S205004D210686
S205004D22008B
S205004D23008A
S205004D2493F6
S205004D250682
S205004D260087
S205004D270086
S205004D28EF96
S205004D29C0C4
S205004D2ADFA4
S205004D2B8002
S205004D2C631E
S205004D2D5A26
S205004D2EA0DF
S205004D2F0A74
S205004D30B7C6
S205004D310C70
S205004D32106B
S205004D33007A
S205004D340376
S205004D35A6D2
S205004D368CEB
S205004D377CFA
S205004D3883F2
S205004D39A6CE
S205004D3ACCA7
S205004D3B7CF6
S205004D3C135E
S205004D3D056B
S205004D3E046B
S205004D3F006E
S205004D4093DA
S205004D4185E7
S205004D420467
S205004D43006A
S205004D442346
S205004D452048
S205004D46A1C6
S205004D470561
S205004D48EF76
S205004D49C0A4
S205004D4A5F04
S205004D4B9FC3
S205004D4CB7AA
S205004D4D0759
S205004D4E104F
S205004D4F005E
S205004D50035A
S205004D51ABB1
S205004D5287D4
S205004D537DDD
S205004D5483D6
S205004D55ABAD
S205004D56C790
S205004D577DD9
S205004D581342
S205004D590D47
S205004D5A054E
S205004D5B0052
S205004D5C133E
S205004D5D064A
S205004D5E0B44
S205004D5F004E
S205004D6093BA
S205004D6186C6
S205004D620B40
S205004D63004A
S205004D6493B6
S205004D658ABE
S205004D660542
S205004D670046
S205004D68EF56
S205004D69C084
S205004D6ADF64
S205004D6B8CB6
S205004D6C93AE
S205004D6D0937
S205004D6E003F
S205004D6F003E
S205004D7063DA
S205004D7150EC
S205004D720536
S205004D731228
S205004D742316
S205004D752414
S205004D7681B6
S205004D770531
S205004D780332
S205004D79AC88
S205004D7A8CA7
S205004D7B7CB6
S205004D7C83AE
S205004D7DAC84
S205004D7ECC63
S205004D7F7CB2
S205004D80131A
S205004D810527
S205004D820D1E
S205004D83002A
S205004D849396
S205004D8585A3
S205004D860A1D
S205004D870026
S205004D881312
S205004D89061E
S205004D8A0C17
S205004D8B0022
S205004D8C938E
S205004D8D869A
S205004D8E0C13
S205004D8F001E
S205004D90EF2E
S205004D91C05C
S205004D92DF3C
S205004D939A80
S205004D941306
S205004D950612
S205004D960B0C
S205004D970016
S205004D989382
S205004D99868E
S205004D9A0B08
S205004D9B0012
S205004D9C13FE
S205004D9D040C
S205004D9E0D02
S205004D9F000E
S205004DA0937A
S205004DA18488
S205004DA20A01
S205004DA3000A
S205004DA49376
S205004DA5897F
S205004DA6F90E
S205004DA7FF07
S205004DA813F2
S205004DA90DF7
S205004DAA05FE
S205004DAB0002
S205004DAC936E
S205004DAD8A76
S205004DAE05FA
S205004DAF00FE
S205004DB0EF0E
S205004DB1C03C
S205004DB25F9C
S205004DB38872
S205004DB4E316
S205004DB546B2
S205004DB605F2
S205004DB7FCFA
S205004DB823D2
S205004DB924D0
S205004DBAA152
S205004DBB03EF
S205004DBC23CE
S205004DBD26CA
S205004DBE519E
S205004DBF03EB
S205004DC003EA
S205004DC12CC0
S205004DC2816A
S205004DC304E6
S205004DC403E6
S205004DC52DBB
S205004DC601E6
S205004DC704E2
S205004DC89352
S205004DC90ADA
S205004DCA09DA
S205004DCB00E2
S205004DCC6F72
S205004DCDF0F0
S205004DCE1FC0
S205004DCFE0FE
S205004DD023BA
S205004DD100DC
S205004DD209D2
S205004DD300DA
S205004DD46F6A
S205004DD5F0E8
S205004DD6DFF8
S205004DD7F0E6
S205004DD8A332
S205004DD907CD
S205004DDA09CA
S205004DDB04CE
S205004DDC6F62
S205004DDDF0E0
S205004DDE5F70
S205004DDFF0DE
S205004DE0933A
S205004DE10AC2
S205004DE209C2
S205004DE300CA
S205004DE49336
S205004DE509BF
S205004DE600C7
S205004DE700C6
S205004DE86F56
S205004DE9F0D4
S205004DEA5F64
S205004DEBDEE4
S205004DEC932E
S205004DED8739
S205004DEE0DB2
S205004DEF00BE
S205004DF0932A
S205004DF105B7
S205004DF200BB
S205004DF303B7
S205004DF413A6
S205004DF506B2
S205004DF69027
S205004DF703B3
S205004DF82392
S205004DF98034
S205004DFAB7FC
S205004DFB00B2
S205004DFC634E
S205004DFD644C
S205004DFEF9B6
S205004DFF06A8
S205004E001399
S205004E0107A4
S205004E02109A
S205004E0303A6
S205004E042385
S205004E058027
S205004E06E7BF
S205004E0700A5
S205004E0803A1
S205004E09277C
S205004E0A0A98
S205004E0B00A1
S205004E0C930D
S205004E0D059A
S205004E0E900E
S205004E0F039A
S205004E101389
S205004E110695
S205004E12108A
S205004E130396
S205004E141385
S205004E150790
S205004E16177F
S205004E170095
S205004E182371
S205004E192073
S205004E1AEAA8
S205004E1B0091
S205004E1C038D
S205004E1DC7C8
S205004E1E0787
S205004E1F008D
S205004E2093F9
S205004E210685
S205004E2290FA
S205004E230386
S205004E24E3A5
S205004E25FC8B
S205004E26E5A1
S205004E27EA9B
S205004E282361
S205004E298003
S205004E2AC7BB
S205004E2B0081
S205004E2C037D
S205004E2D2758
S205004E2E0A74
S205004E2F007D
S205004E301369
S205004E310774
S205004E321763
S205004E330079
S205004E342355
S205004E352057
S205004E36EA8C
S205004E370075
S205004E380371
S205004E39C7AC
S205004E3A076B
S205004E3B0071
S205004E3CE38D
S205004E3DE689
S205004E3EE688
S205004E3FFE6F
S205004E406FFD
S205004E41F07B
S205004E42DF8B
S205004E43E980
S205004E440365
S205004E45C7A0
S205004E46F76F
S205004E47FF66
S205004E4893D1
S205004E4986DD
S205004E4AF76B
S205004E4BFF62
S205004E4C134D
S205004E4D0758
S205004E4E1747
S205004E4F005D
S205004E501349
S205004E5177E4
S205004E52F763
S205004E530F4A
S205004E54A3B5
S205004E558FC8
S205004E56E76F
S205004E57FE57
S205004E58E371
S205004E59F261
S205004E5AE56D
S205004E5BE869
S205004E5C93BD
S205004E5D87C8
S205004E5E0648
S205004E5F004D
S205004E606FDD
S205004E61F05B
S205004E629FAB
S205004E63E168
S205004E640345
S205004E65C780
S205004E66F74F
S205004E67FF46
S205004E6893B1
S205004E6986BD
S205004E6AF74B
S205004E6BFF42
S205004E6C132D
S205004E6D0738
S205004E6E1727
S205004E6F003D
S205004E701329
S205004E7177C4
S205004E72F743
S205004E730F2A
S205004E74A395
S205004E758FA8
S205004E76E74F
S205004E77FE37
S205004E78E351
S205004E7972C1
S205004E7AE64C
S205004E7BE64B
S205004E7C939D
S205004E7D87A8
S205004E7E0628
S205004E7F002D
S205004E806FBD
S205004E81F03B
S205004E829F8B
S205004E83F732
S205004E840325
S205004E852CFB
S205004E8681A5
S205004E870421
S205004E880321
S205004E892DF6
S205004E8A0121
S205004E8B041D
S205004E8C6FB1
S205004E8DF02F
S205004E8E1FFF
S205004E8FD449
S205004E9023F9
S205004E9124F7
S205004E92A179
S205004E930316
S205004E9423F5
S205004E9526F1
S205004E9651C5
S205004E970312
S205004E980311
S205004E992DE6
S205004E9A0111
S205004E9B040D
S205004E9C937D
S205004E9D0A05
S205004E9E0905
S205004E9F000D
S205004EA06F9D
S205004EA1F01B
S205004EA2DF2B
S205004EA3D237
S205004EA413F5
S205004EA508FF
S205004EA60006
S205004EA70005
S205004EA86F95
S205004EA9F013
S205004EAA1FE3
S205004EABAE53
S20510000010DA
S2051000010FDA
S20510000200E8
S20510000300E7
S205100004BC2A
S2051000050DD8
S20510000600E4
S20510000700E3
S205100008687A
S2051000090DD4
S20510000A00E0
S20510000B00DF
S20510000CBC22
S20510000D0ECF
S20510000E00DC
S20510000F00DB
S2051000106872
S2051000110DCC
S20510001200D8
S20510001300D7
S205100014CC0A
S2051000150DC8
S20510001600D4
S20510001700D3
S205100018686A
S2051000190DC4
S20510001A00D0
S20510001B00CF
S20510001CBC12
S20510001D0EBF
S20510001E00CC
S20510001F00CB
S205100020BC0E
S2051000210DBC
S20510002200C8
S20510002300C7
S205100024BC0A
S2051000250DB8
S20510002600C4
S20510002700C3
S205100028CCF6
S2051000290DB4
S20510002A00C0
S20510002B00BF
S20510002CBC02
S20510002D0EAF
S20510002E00BC
S20510002F00BB
S2051000304872
S2051000310EAB
S20510003200B8
S20510003300B7
S205100034486E
S2051000350EA7
S20510003600B4
S20510003700B3
S205100038486A
S2051000390EA3
S20510003A00B0
S20510003B00AF
S20510003CCCE2
S20510003D0DA0
S20510003E00AC
S20510003F00AB
S20510004000AA
S20510004101A8
S20510004202A6
S20510004302A5
S20510004403A3
S20510004503A2
S20510004603A1
S20510004703A0
S205100048049E
S205100049049D
S20510004A049C
S20510004B049B
S20510004C049A
S20510004D0499
S20510004E0498
S20510004F0497
S2051000500595
S2051000510594
S2051000520593
S2051000530592
S2051000540591
S2051000550590
S205100056058F
S205100057058E
S205100058058D
S205100059058C
S20510005A058B
S20510005B058A
S20510005C0589
S20510005D0588
S20510005E0587
S20510005F0586
S2051000600684
S2051000610683
S2051000620682
S2051000630681
S2051000640680
S205100065067F
S205100066067E
S205100067067D
S205100068067C
S205100069067B
S20510006A067A
S20510006B0679
S20510006C0678
S20510006D0677
S20510006E0676
S20510006F0675
S2051000700674
S2051000710673
S2051000720672
S2051000730671
S2051000740670
S205100075066F
S205100076066E
S205100077066D
S205100078066C
S205100079066B
S20510007A066A
S20510007B0669
S20510007C0668
S20510007D0667
S20510007E0666
S20510007F0665
S2051000800763
S2051000810762
S2051000820761
S2051000830760
S205100084075F
S205100085075E
S205100086075D
S205100087075C
S205100088075B
S205100089075A
S20510008A0759
S20510008B0758
S20510008C0757
S20510008D0756
S20510008E0755
S20510008F0754
S2051000900753
S2051000910752
S2051000920751
S2051000930750
S205100094074F
S205100095074E
S205100096074D
S205100097074C
S205100098074B
S205100099074A
S20510009A0749
S20510009B0748
S20510009C0747
S20510009D0746
S20510009E0745
S20510009F0744
S2051000A00743
S2051000A10742
S2051000A20741
S2051000A30740
S2051000A4073F
S2051000A5073E
S2051000A6073D
S2051000A7073C
S2051000A8073B
S2051000A9073A
S2051000AA0739
S2051000AB0738
S2051000AC0737
S2051000AD0736
S2051000AE0735
S2051000AF0734
S2051000B00733
S2051000B10732
S2051000B20731
S2051000B30730
S2051000B4072F
S2051000B5072E
S2051000B6072D
S2051000B7072C
S2051000B8072B
S2051000B9072A
S2051000BA0729
S2051000BB0728
S2051000BC0727
S2051000BD0726
S2051000BE0725
S2051000BF0724
S2051000C00822
S2051000C10821
S2051000C20820
S2051000C3081F
S2051000C4081E
S2051000C5081D
S2051000C6081C
S2051000C7081B
S2051000C8081A
S2051000C90819
S2051000CA0818
S2051000CB0817
S2051000CC0816
S2051000CD0815
S2051000CE0814
S2051000CF0813
S2051000D00812
S2051000D10811
S2051000D20810
S2051000D3080F
S2051000D4080E
S2051000D5080D
S2051000D6080C
S2051000D7080B
S2051000D8080A
S2051000D90809
S2051000DA0808
S2051000DB0807
S2051000DC0806
S2051000DD0805
S2051000DE0804
S2051000DF0803
S2051000E00802
S2051000E10801
S2051000E20800
S2051000E308FF
S2051000E408FE
S2051000E508FD
S2051000E608FC
S2051000E708FB
S2051000E808FA
S2051000E908F9
S2051000EA08F8
S2051000EB08F7
S2051000EC08F6
S2051000ED08F5
S2051000EE08F4
S2051000EF08F3
S2051000F008F2
S2051000F108F1
S2051000F208F0
S2051000F308EF
S2051000F408EE
S2051000F508ED
S2051000F608EC
S2051000F708EB
S2051000F808EA
S2051000F908E9
S2051000FA08E8
S2051000FB08E7
S2051000FC08E6
S2051000FD08E5
S2051000FE08E4
S2051000FF08E3
S20510010008E1
S20510010108E0
S20510010208DF
S20510010308DE
S20510010408DD
S20510010508DC
S20510010608DB
S20510010708DA
S20510010808D9
S20510010908D8
S20510010A08D7
S20510010B08D6
S20510010C08D5
S20510010D08D4
S20510010E08D3
S20510010F08D2
S20510011008D1
S20510011108D0
S20510011208CF
S20510011308CE
S20510011408CD
S20510011508CC
S20510011608CB
S20510011708CA
S20510011808C9
S20510011908C8
S20510011A08C7
S20510011B08C6
S20510011C08C5
S20510011D08C4
S20510011E08C3
S20510011F08C2
S20510012008C1
S20510012108C0
S20510012208BF
S20510012308BE
S20510012408BD
S20510012508BC
S20510012608BB
S20510012708BA
S20510012808B9
S20510012908B8
S20510012A08B7
S20510012B08B6
S20510012C08B5
S20510012D08B4
S20510012E08B3
S20510012F08B2
S20510013008B1
S20510013108B0
S20510013208AF
S20510013308AE
S20510013408AD
S20510013508AC
S20510013608AB
S20510013708AA
S20510013808A9
S20510013908A8
S20510013A08A7
S20510013B08A6
S20510013C08A5
S20510013D08A4
S20510013E08A3
S20510013F08A2
S2051001404465
S2051001417533
S2051001426D3A
S2051001437036
S205100144693C
S2051001456E36
S205100146673C
S2051001472082
S2051001487829
S2051001496D33
S20510014A653A
S20510014B6D31
S20510014C207D
S20510014D6438
S20510014E613A
S20510014F7426
S2051001506138
S2051001512078
S2051001526136
S2051001537422
S2051001542075
S2051001556133
S205100156642F
S205100157642E
S205100158721F
S205100159652B
S20510015A731C
S20510015B731B
S20510015C3A53
S20510015D206C
S20510015E305B
S20510015F7812
S2051001602564
S2051001613058
S205100162384F
S205100163780E
S2051001642065
S2051001652C58
S2051001662063
S2051001676220
S2051001687908
S205100169740C
S20510016A651A
S20510016B205E
S20510016C6C11
S20510016D6517
S20510016E6E0D
S20510016F6713
S2051001707405
S2051001716810
S2051001722057
S2051001732551
S2051001746411
S2051001752054
S205100176284B
S205100177640E
S205100178650C
S205100179630D
S20510017A6906
S20510017B6D01
S20510017C610C
S20510017D6C00
S20510017E2942
S20510017F0A60
S2051001800069
S2051001810068
S2051001820067
S2051001830066
S2051001844421
S20510018575EF
S2051001866DF6
S20510018770F2
S20510018865FC
S20510018964FC
S20510018A203F
S20510018B2539
S20510018C64F9
S20510018D203C
S20510018E62F9
S20510018F79E1
S20510019074E5
S20510019165F3
S20510019273E4
S2051001930A4C
S2051001940055
S2051001950054
S2051001960053
S2051001970052
S2051001980A47
S2051001994C04
S20510019A6FE0
S20510019B61ED
S20510019C64E9
S20510019D69E3
S20510019E6EDD
S20510019F67E3
S2051001A02029
S2051001A14305
S2051001A26FD8
S2051001A36ED8
S2051001A466DF
S2051001A569DB
S2051001A667DC
S2051001A775CD
S2051001A872CF
S2051001A961DF
S2051001AA74CB
S2051001AB69D5
S2051001AC6FCE
S2051001AD6ECE
S2051001AE201B
S2051001AF66D4
S2051001B069D0
S2051001B16CCC
S2051001B265D2
S2051001B30A2C
S2051001B40A2B
S2051001B50034
S2051001B60033
S2051001B70032
S2051001B84CE5
S2051001B96FC1
S2051001BA61CE
S2051001BB64CA
S2051001BC65C8
S2051001BD64C8
S2051001BE200B
S2051001BF2505
S2051001C064C5
S2051001C12008
S2051001C262C5
S2051001C379AD
S2051001C474B1
S2051001C565BF
S2051001C673B0
S2051001C70A18
S2051001C80021
S2051001C90020
S2051001CA001F
S2051001CB001E
S2051001CC78A5
S2051001CD6DAF
S2051001CE65B6
S2051001CF6DAD
S2051001D05FBA
S2051001D173A5
S2051001D272A5
S2051001D363B3
S2051001D45FB6
S2051001D561B3
S2051001D664AF
S2051001D764AE
S2051001D8729F
S2051001D93AD6
S2051001DA20EF
S2051001DB30DE
S2051001DC7895
S2051001DD25E7
S2051001DE30DB
S2051001DF38D2
S2051001E07891
S2051001E10AFE
S2051001E20007
S2051001E30006
S2051001E4788D
S2051001E56D97
S2051001E6659E
S2051001E76D95
S2051001E85FA2
S2051001E9649C
S2051001EA738C
S2051001EB748A
S2051001EC5F9E
S2051001ED619B
S2051001EE6497
S2051001EF6496
S2051001F07287
S2051001F13ABE
S2051001F220D7
S2051001F330C6
S2051001F4787D
S2051001F525CF
S2051001F630C3
S2051001F738BA
S2051001F87879
S2051001F90AE6
S2051001FA00EF
S2051001FB00EE
S2051001FC7875
S2051001FD6D7F
S2051001FE6388
S2051001FF5F8B
S2051002006E7A
S2051002017572
S2051002026D79
S2051002035F86
S2051002046282
S205100205796A
S205100206746E
S205100207657C
S205100208736D
S2051002093AA5
S20510020A20BE
S20510020B30AD
S20510020C7864
S20510020D25B6
S20510020E30AA
S20510020F38A1
S2051002107860
S20510021120B7
S20510021228AE
S20510021325B0
S2051002146470
S20510021520B3
S205100216646E
S205100217656C
S205100218636D
S2051002196966
S20510021A6D61
S20510021B616C
S20510021C6C60
S20510021D29A2
S20510021E0AC0
S20510021F0ABF
S20510022000C8
S20510022100C7
S20510022200C6
S20510022300C5
S2051002244C78
S2051002256F54
S2051002266161
S205100227645D
S2051002286957
S2051002296E51
S20510022A6757
S20510022B209D
S20510022C6953
S20510022D6E4D
S20510022E704A
S20510022F7544
S2051002307444
S2051002312097
S2051002327442
S2051002336550
S2051002347341
S205100235743F
S2051002362092
S205100237644D
S205100238614F
S205100239743B
S20510023A614D
S20510023B3A73
S20510023C208C
S20510023D7437
S20510023E6F3B
S20510023F2089
S2051002407830
S2051002416D3A
S2051002426541
S2051002436D38
S2051002442084
S2051002456142
S205100246643E
S205100247643D
S205100248722E
S205100249653A
S20510024A732B
S20510024B732A
S20510024C207C
S20510024D2576
S20510024E3862
S20510024F7821
S2051002502078
S2051002512C6B
S2051002522076
S2051002536233
S205100254791B
S205100255741F
S205100256652D
S2051002572071
S2051002586C24
S205100259652A
S20510025A6E20
S20510025B6726
S20510025C7418
S20510025D6823
S20510025E206A
S20510025F3A4F
S2051002602068
S2051002612562
S2051002626422
S2051002630A7B
S2051002640084
S2051002650083
S2051002660082
S2051002670081
S205100268532D
S205100269740B
S20510026A611D
S20510026B720B
S20510026C7408
S20510026D6912
S20510026E6E0C
S20510026F6712
S2051002702058
S20510027178FF
S2051002726D09
S2051002736510
S2051002746D07
S2051002752053
S205100276630F
S2051002776F02
S2051002787000
S20510027979F6
S20510027A204E
S20510027B6FFE
S20510027C6606
S20510027D204B
S20510027E2545
S20510027F6405
S2051002802048
S2051002816205
S20510028279ED
S20510028374F1
S20510028465FF
S20510028573F0
S2051002862042
S20510028766FB
S20510028872EE
S2051002896FF0
S20510028A6DF1
S20510028B203D
S20510028C61FB
S20510028D64F7
S20510028E64F6
S20510028F72E7
S2051002902038
S2051002913027
S20510029278DE
S2051002932530
S2051002943024
S205100295381B
S20510029678DA
S2051002972031
S20510029874DC
S2051002996FE0
S20510029A202E
S20510029B61EC
S20510029C64E8
S20510029D64E7
S20510029E72D8
S20510029F2029
S2051002A03018
S2051002A178CF
S2051002A22521
S2051002A33015
S2051002A4380C
S2051002A578CB
S2051002A60A38
S2051002A70041
S2051002A80A36
S2051002A90A35
S2051002AA201E
S2051002AB2A13
S2051002AC2A12
S2051002AD2A11
S2051002AE201A
S2051002AF4DEC
S2051002B065D3
S2051002B161D6
S2051002B273C3
S2051002B375C0
S2051002B472C2
S2051002B565CE
S2051002B664CE
S2051002B72011
S2051002B865CB
S2051002B978B7
S2051002BA65C9
S2051002BB63CA
S2051002BC75B7
S2051002BD74B7
S2051002BE69C1
S2051002BF6FBA
S2051002C06EBA
S2051002C12007
S2051002C274B2
S2051002C369BC
S2051002C46DB7
S2051002C565BE
S2051002C63AE8
S2051002C72001
S2051002C825FB
S2051002C964BB
S2051002CA20FE
S2051002CB4BD2
S2051002CC35E7
S2051002CD20FB
S2051002CE65B5
S2051002CF66B3
S2051002D066B2
S2051002D165B2
S2051002D263B3
S2051002D374A1
S2051002D469AB
S2051002D5769D
S2051002D665AD
S2051002D720F1
S2051002D863AD
S2051002D97996
S2051002DA63AB
S2051002DB6CA1
S2051002DC65A7
S2051002DD7398
S2051002DE20EA
S2051002DF2ADF
S2051002E02ADE
S2051002E12ADD
S2051002E20AFC
S2051002E30AFB
S2051002E40004
S2051002E50003
S2051002E60002
S2051002E70001
S2051002E80AF6
S2051002E948B7
S2051002EA45B9
S2051002EB4CB1
S2051002EC4CB0
S2051002ED4FAC
S2051002EE20DA
S2051002EF4DAC
S2051002F045B3
S2051002F14DAA
S2051002F220D6
S2051002F343B2
S2051002F44FA5
S2051002F550A3
S2051002F65999
S2051002F720D1
S2051002F8529E
S2051002F945AA
S2051002FA46A8
S2051002FB45A8
S2051002FC529A
S2051002FD45A6
S2051002FE4E9C
S2051002FF43A6
S20510030045A2
S2051003010ADC
S20510030200E5
S20510030300E4
S2051003040AD9
S2051003054E94
S205100306657C
S2051003077769
S20510030820BF
S205100309746A
S20510030A6578
S20510030B7369
S20510030C7467
S20510030D20BA
S20510030E6E6B
S20510030F6F69
S2051003107463
S20510031120B6
S205100312676E
S205100313656F
S2051003146E65
S205100315656D
S205100316725F
S205100317616F
S205100318745B
S2051003196569
S20510031A6469
S20510031B2CA0
S20510031C20AB
S20510031D7951
S20510031E6F5A
S20510031F7553
S20510032020A7
S2051003216D59
S2051003226164
S205100323794B
S20510032420A3
S205100325675B
S205100326655C
S2051003276E52
S205100328655A
S205100329724C
S20510032A615C
S20510032B7448
S20510032C6556
S20510032D209A
S20510032E6E4B
S20510032F6553
S2051003307740
S2051003312096
S2051003327441
S205100333654F
S2051003347340
S205100335743E
S2051003362091
S205100337664A
S205100338723D
S2051003396F3F
S20510033A6D40
S20510033B208C
S20510033C7239
S20510033D7535
S20510033E6E3B
S20510033F7335
S2051003407037
S2051003416145
S2051003426342
S205100343653F
S2051003442083
S2051003457032
S205100346722F
S2051003476F31
S2051003486D32
S205100349702E
S20510034A7429
S20510034B207C
S20510034C6239
S20510034D7921
S20510034E3A5F
S20510034F0A8E
S2051003500097
S2051003510096
S2051003520095
S2051003530094
S2051003547023
S2051003557919
S205100356741D
S2051003576828
S2051003586F20
S2051003596E20
S20510035A335A
S20510035B206C
S20510035C612A
S20510035D701A
S20510035E7019
S20510035F5F29
S2051003607314
S2051003617214
S2051003626322
S2051003635F25
S205100364641F
S2051003656919
S205100366720F
S2051003672F51
S2051003686718
S2051003696519
S20510036A6E0F
S20510036B5F1D
S20510036C7803
S20510036D6D0D
S20510036E6514
S20510036F6D0B
S2051003706314
S2051003717006
S20510037279FC
S2051003735F15
S20510037474FF
S205100375650D
S20510037673FE
S20510037774FC
S2051003782E41
S20510037970FE
S20510037A79F4
S20510037B3A32
S20510037C0A61
S20510037D006A
S20510037E0069
S20510037F0068
S20510038078EF
S2051003816DF9
S2051003826500
S2051003836DF7
S2051003846300
S20510038570F2
S20510038679E8
S2051003875F01
S20510038874EB
S20510038965F9
S20510038A73EA
S20510038B74E8
S20510038C5FFC
S20510038D69F1
S20510038E6EEB
S20510038F2E2A
S20510039074E3
S20510039178DE
S20510039274E1
S2051003930054
S20510039478DB
S2051003956DE5
S20510039665EC
S2051003976DE3
S20510039863EC
S20510039970DE
S20510039A79D4
S20510039B5FED
S20510039C74D7
S20510039D65E5
S20510039E73D6
S20510039F74D4
S2051003A05FE8
S2051003A163E3
S2051003A26FD6
S2051003A36ED6
S2051003A466DD
S2051003A569D9
S2051003A667DA
S2051003A72E12
S2051003A874CB
S2051003A978C6
S2051003AA74C9
S2051003AB003C
S2051003AC78C3
S2051003AD6DCD
S2051003AE65D4
S2051003AF6DCB
S2051003B063D4
S2051003B170C6
S2051003B279BC
S2051003B35FD5
S2051003B474BF
S2051003B565CD
S2051003B673BE
S2051003B774BC
S2051003B85FD0
S2051003B96FBF
S2051003BA75B8
S2051003BB74B8
S2051003BC2EFD
S2051003BD74B6
S2051003BE78B1
S2051003BF74B4
S2051003C00027
S2051003C10026
S2051003C20025
S2051003C30024
S2051003C40A19
S2051003C541E1
S2051003C663BE
S2051003C763BD
S2051003C865BA
S2051003C96CB2
S2051003CA65B8
S2051003CB72AA
S2051003CC61BA
S2051003CD74A6
S2051003CE6FAA
S2051003CF72A6
S2051003D020F7
S2051003D144D2
S2051003D269AC
S2051003D373A1
S2051003D461B2
S2051003D562B0
S2051003D66CA5
S2051003D765AB
S2051003D864AB
S2051003D90A04
S2051003DA000D
S2051003DB000C
S2051003DC0A01
S2051003DD43C7
S2051003DE68A1
S2051003DF65A3
S2051003E063A4
S2051003E16B9B
S2051003E220E5
S2051003E3768E
S2051003E461A2
S2051003E56C96
S2051003E6758C
S2051003E7659B
S2051003E8738C
S2051003E920DE
S2051003EA619C
S2051003EB7488
S2051003EC20DB
S2051003ED7882
S2051003EE6D8C
S2051003EF6593
S2051003F06D8A
S2051003F16393
S2051003F27085
S2051003F3797B
S2051003F45F94
S2051003F5747E
S2051003F6658C
S2051003F7737D
S2051003F8747B
S2051003F95F8F
S2051003FA6F7E
S2051003FB7577
S2051003FC7477
S2051003FD2EBC
S2051003FE7475
S2051003FF7870
S2051004007472
S20510040120C5
S205100402766E
S2051004037370
S2051004042EB4
S20510040520C1
S2051004067868
S2051004076D72
S2051004086579
S2051004096D70
S20510040A6379
S20510040B706B
S20510040C7961
S20510040D5F7A
S20510040E7464
S20510040F6572
S2051004107363
S2051004117461
S2051004125F75
S205100413696A
S2051004146E64
S2051004152EA3
S205100416745C
S2051004177857
S205100418745A
S2051004190AC3
S20510041A00CC
S20510041B00CB
S20510041C705A
S20510041D7950
S20510041E7454
S20510041F685F
S2051004206F57
S2051004216E57
S2051004223391
S20510042320A3
S2051004246161
S2051004257051
S2051004267050
S2051004275F60
S205100428734B
S205100429724B
S20510042A6359
S20510042B5F5C
S20510042C6456
S20510042D6950
S20510042E7246
S20510042F2F88
S2051004306353
S205100431684D
S205100432654F
S2051004336350
S2051004346B47
S2051004355F52
S2051004367838
S2051004376D42
S2051004386549
S2051004396D40
S20510043A6349
S20510043B703B
S20510043C7931
S20510043D2E7B
S20510043E7038
S20510043F792E
S20510044000A6
S20510044100A5
S20510044200A4
S20510044300A3
S2051004440A98
S205100445455C
S205100446524E
S205100447524D
S2051004484F4F
S205100449524B
S20510044A207C
S20510044B7229
S20510044C6535
S20510044D6138
S20510044E6434
S20510044F692E
S2051004506E28
S205100451672E
S2051004522074
S205100453692A
S2051004546E24
S205100455741D
S2051004566F21
S205100457206F
S2051004586826
S2051004596528
S20510045A7814
S20510045B206B
S20510045C6129
S20510045D2069
S20510045E6E1A
S20510045F6F18
S2051004606E18
S2051004612065
S205100462681C
S205100463651E
S205100464780A
S2051004652061
S205100466631D
S2051004676817
S205100468611D
S205100469720B
S20510046A2E4E
S20510046B0A71
S20510046C007A
S20510046D0079
S20510046E0078
S20510046F0077
S2051004702452
S2051004717005
S20510047279FB
S2051004737300
S205100474680A
S205100475650C
S2051004766C04
S2051004776C03
S205100478204E
S2051004796FFE
S20510047A70FC
S20510047B6506
S20510047C6EFC
S20510047D4623
S20510047E69FF
S20510047F6CFB
S2051004806501
S205100481283D
S2051004822242
S205100483253E
S20510048473EF
S205100485223F
S2051004862C34
S2051004872738
S2051004882539
S20510048963FA
S20510048A2735
S20510048B2932
S20510048C0A50
S20510048D0059
S20510048E0058
S20510048F0057
S2051004902432
S20510049170E5
S20510049279DB
S20510049373E0
S20510049468EA
S20510049565EC
S2051004966CE4
S2051004976CE3
S205100498202E
S20510049963EA
S20510049A6CE0
S20510049B6FDC
S20510049C73D7
S20510049D65E4
S20510049E4602
S20510049F69DE
S2051004A06CDA
S2051004A165E0
S2051004A2281C
S2051004A3251E
S2051004A464DE
S2051004A52918
S2051004A60A36
S2051004A7003F
S2051004A8241A
S2051004A970CD
S2051004AA79C3
S2051004AB73C8
S2051004AC68D2
S2051004AD65D4
S2051004AE6CCC
S2051004AF6CCB
S2051004B02016
S2051004B173C2
S2051004B26FC5
S2051004B363D0
S2051004B453DF
S2051004B574BD
S2051004B661CF
S2051004B772BD
S2051004B874BA
S2051004B946E7
S2051004BA67C5
S2051004BB65C6
S2051004BC74B6
S2051004BD48E1
S2051004BE65C3
S2051004BF78AF
S2051004C046E0
S2051004C128FD
S2051004C225FF
S2051004C364BF
S2051004C42CF6
S2051004C525FC
S2051004C664BC
S2051004C72CF3
S2051004C830EE
S2051004C978A5
S2051004CA25F7
S2051004CB78A3
S2051004CC29F1
S2051004CD0A0F
S2051004CE0018
S2051004CF0017
S2051004D024F2
S2051004D170A5
S2051004D2799B
S2051004D373A0
S2051004D468AA
S2051004D565AC
S2051004D66CA4
S2051004D76CA3
S2051004D820EE
S2051004D9739A
S2051004DA6F9D
S2051004DB63A8
S2051004DC43C7
S2051004DD68A1
S2051004DE65A3
S2051004DF63A4
S2051004E06B9B
S2051004E146BF
S2051004E2679D
S2051004E3659E
S2051004E4748E
S2051004E548B9
S2051004E6659B
S2051004E77887
S2051004E846B8
S2051004E928D5
S2051004EA29D3
S2051004EB0AF1
S2051004EC00FA
S2051004ED00F9
S2051004EE00F8
S2051004EF00F7
S2051004F024D2
S2051004F17085
S2051004F2797B
S2051004F37380
S2051004F4688A
S2051004F5658C
S2051004F66C84
S2051004F76C83
S2051004F820CE
S2051004F9737A
S2051004FA6F7D
S2051004FB6388
S2051004FC5397
S2051004FD7475
S2051004FE6187
S2051004FF7275
S2051005007471
S205100501469E
S2051005027073
S205100503756D
S205100504746D
S2051005054898
S205100506657A
S2051005077866
S2051005084697
S20510050928B4
S20510050A25B6
S20510050B6476
S20510050C2CAD
S20510050D25B3
S20510050E6473
S20510050F2CAA
S20510051025B0
S2051005116470
S2051005122CA7
S20510051330A2
S2051005147859
S20510051525AB
S2051005167857
S20510051729A5
S2051005180AC3
S20510051900CC
S20510051A00CB
S20510051B00CA
S20510051C24A5
S20510051D7058
S20510051E794E
S20510051F7353
S205100520685D
S205100521655F
S2051005226C57
S2051005236C56
S20510052420A1
S205100525734D
S2051005266F50
S205100527635B
S205100528437A
S2051005296854
S20510052A6556
S20510052B6357
S20510052C6B4E
S20510052D4672
S20510052E7047
S20510052F7541
S2051005307441
S205100531486C
S205100532654E
S205100533783A
S205100534466B
S2051005352888
S2051005362986
S2051005370AA4
S20510053800AD
S20510053900AC
S20510053A00AB
S20510053B00AA
S20510053C2485
S20510053D7038
S20510053E792E
S20510053F7333
S205100540683D
S205100541653F
S2051005426C37
S2051005436C36
S2051005442081
S205100545732D
S2051005467926
S205100547732B
S205100548435A
S205100549613B
S20510054A6C2F
S20510054B6C2E
S20510054C2871
S20510054D2276
S20510054E2572
S20510054F7323
S2051005502273
S205100551296B
S2051005520A89
S2051005530092
S205100554246D
S2051005557020
S2051005567916
S205100557731B
S2051005586825
S2051005596527
S20510055A6C1F
S20510055B6C1E
S20510055C2069
S20510055D7117
S20510055E7512
S20510055F691D
S2051005607411
S2051005614143
S2051005627013
S2051005637012
S2051005642859
S2051005652957
S2051005660A75
S205100567007E
S205100568304D
S205100569314B
S20510056A3249
S20510056B3347
S20510056C3445
S20510056D3543
S20510056E3641
S20510056F373F
S205100570383D
S205100571393B
S2051005726112
S2051005736210
S205100574630E
S205100575640C
S205100576650A
S2051005776608
S2051005786706
S2051005796804
S20510057A6902
S20510057B6A00
S20510057C6BFE
S20510057D6CFC
S20510057E6DFA
S20510057F6EF8
S2051005806FF6
S20510058170F4
S20510058271F2
S20510058372F0
S20510058473EE
S20510058574EC
S20510058675EA
S20510058776E8
S20510058877E6
S20510058978E4
S20510058A79E2
S20510058B7AE0
S20510058C0059
S20510058D0058
S20510058E0057
S20510058F0056
S2051005903025
S2051005913123
S2051005923221
S205100593331F
S205100594341D
S205100595351B
S2051005963619
S2051005973717
S2051005983815
S2051005993913
S20510059A410A
S20510059B4208
S20510059C4306
S20510059D4404
S20510059E4502
S20510059F4600
S2051005A047FE
S2051005A148FC
S2051005A249FA
S2051005A34AF8
S2051005A44BF6
S2051005A54CF4
S2051005A64DF2
S2051005A74EF0
S2051005A84FEE
S2051005A950EC
S2051005AA51EA
S2051005AB52E8
S2051005AC53E6
S2051005AD54E4
S2051005AE55E2
S2051005AF56E0
S2051005B057DE
S2051005B158DC
S2051005B259DA
S2051005B35AD8
S2051005B40031
S2051005B50030
S2051005B6002F
S2051005B7002E
S2051005B83CF1
S2051005B94EDE
S2051005BA55D6
S2051005BB4CDE
S2051005BC4CDD
S2051005BD3EEA
S2051005BE0027
S2051005BF0026
S2051005C05CC9
S2051005C139EB
S2051005C20023
S2051005C30022
S2051005C4D849
S2051005C538E8
S2051005C6001F
S2051005C7001E
S2051005C8D845
S2051005C938E4
S2051005CA001B
S2051005CB001A
S2051005CC50C9
S2051005CD39DF
S2051005CE0017
S2051005CF0016
S2051005D0D83D
S2051005D138DC
S2051005D20013
S2051005D30012
S2051005D4D839
S2051005D538D8
S2051005D6000F
S2051005D7000E
S2051005D8D835
S2051005D938D4
S2051005DA000B
S2051005DB000A
S2051005DCD831
S2051005DD38D0
S2051005DE0007
S2051005DF0006
S2051005E0D82D
S2051005E138CC
S2051005E20003
S2051005E30002
S2051005E4D829
S2051005E538C8
S2051005E600FF
S2051005E700FE
S2051005E8D825
S2051005E938C4
S2051005EA00FB
S2051005EB00FA
S2051005EC44B5
S2051005ED39BF
S2051005EE00F7
S2051005EF00F6
S2051005F0D81D
S2051005F138BC
S2051005F200F3
S2051005F300F2
S2051005F438B9
S2051005F539B7
S2051005F600EF
S2051005F700EE
S2051005F8D815
S2051005F938B4
S2051005FA00EB
S2051005FB00EA
S2051005FCD811
S2051005FD38B0
S2051005FE00E7
S2051005FF00E6
S2051006002CB8
S20510060139AA
S20510060200E2
S20510060300E1
S2051006044C94
S205100605439C
S20510060600DE
S20510060700DD
S2051006086874
S20510060939A2
S20510060A00DA
S20510060B00D9
S20510060C6870
S20510060D399E
S20510060E00D6
S20510060F00D5
S205100610686C
S205100611399A
S20510061200D2
S20510061300D1
S2051006146868
S2051006153996
S20510061600CE
S20510061700CD
S2051006186864
S2051006193992
S20510061A00CA
S20510061B00C9
S20510061C6860
S20510061D398E
S20510061E00C6
S20510061F00C5
S205100620685C
S205100621398A
S20510062200C2
S20510062300C1
S2051006246858
S2051006253986
S20510062600BE
S20510062700BD
S2051006286854
S2051006293982
S20510062A00BA
S20510062B00B9
S20510062C6850
S20510062D397E
S20510062E00B6
S20510062F00B5
S205100630684C
S205100631397A
S20510063200B2
S20510063300B1
S2051006346848
S2051006353976
S20510063600AE
S20510063700AD
S2051006386844
S2051006393972
S20510063A00AA
S20510063B00A9
S20510063C6840
S20510063D396E
S20510063E00A6
S20510063F00A5
S205100640683C
S205100641396A
S20510064200A2
S20510064300A1
S2051006446838
S2051006453966
S205100646009E
S205100647009D
S2051006486834
S2051006493962
S20510064A009A
S20510064B0099
S20510064C6830
S20510064D395E
S20510064E0096
S20510064F0095
S205100650682C
S205100651395A
S2051006520092
S2051006530091
S2051006546828
S2051006553956
S205100656008E
S205100657008D
S2051006586824
S2051006593952
S20510065A008A
S20510065B0089
S20510065C6820
S20510065D394E
S20510065E0086
S20510065F0085
S205100660A8DC
S205100661463D
S2051006620082
S2051006630081
S2051006646818
S2051006653946
S205100666007E
S205100667007D
S2051006686814
S2051006693942
S20510066A007A
S20510066B0079
S20510066C6810
S20510066D393E
S20510066E0076
S20510066F0075
S205100670680C
S205100671393A
S2051006720072
S2051006730071
S2051006746808
S2051006753936
S205100676006E
S205100677006D
S2051006786804
S2051006793932
S20510067A006A
S20510067B0069
S20510067C6800
S20510067D392E
S20510067E0066
S20510067F0065
S20510068068FC
S205100681392A
S2051006820062
S2051006830061
S205100684A0C0
S2051006854619
S205100686005E
S205100687005D
S20510068868F4
S2051006893922
S20510068A005A
S20510068B0059
S20510068C0058
S20510068D3E19
S20510068E0056
S20510068F0055
S2051006904410
S205100691460D
S2051006920052
S2051006930051
S20510069468E8
S2051006953916
S205100696004E
S205100697004D
S2051006983418
S2051006993C0F
S20510069A004A
S20510069B0049
S20510069C68E0
S20510069D390E
S20510069E0046
S20510069F0045
S2051006A068DC
S2051006A1390A
S2051006A20042
S2051006A30041
S2051006A444FC
S2051006A546F9
S2051006A6003E
S2051006A7003D
S2051006A868D4
S2051006A93902
S2051006AA003A
S2051006AB0039
S2051006AC68D0
S2051006AD39FE
S2051006AE0036
S2051006AF0035
S2051006B068CC
S2051006B139FA
S2051006B20032
S2051006B30031
S2051006B468C8
S2051006B539F6
S2051006B6002E
S2051006B7002D
S2051006B868C4
S2051006B939F2
S2051006BA002A
S2051006BB0029
S2051006BC0424
S2051006BD3BEC
S2051006BE0026
S2051006BF0025
S2051006C048DC
S2051006C13EE5
S2051006C20022
S2051006C30021
S2051006C468B8
S2051006C539E6
S2051006C6001E
S2051006C7001D
S2051006C868B4
S2051006C939E2
S2051006CA001A
S2051006CB0019
S2051006CC1CFC
S2051006CD3BDC
S2051006CE0016
S2051006CF0015
S2051006D068AC
S2051006D139DA
S2051006D20012
S2051006D30011
S2051006D450C0
S2051006D53AD5
S2051006D6000E
S2051006D7000D
S2051006D868A4
S2051006D939D2
S2051006DA000A
S2051006DB0009
S2051006DC68A0
S2051006DD39CE
S2051006DE0006
S2051006DF0005
S2051006E010F4
S2051006E13BC8
S2051006E20002
S2051006E30001
S2051006E4F40C
S2051006E541BE
S2051006E600FE
S2051006E700FD
S2051006E86C90
S2051006E939C2
S2051006EA00FA
S2051006EB00F9
S2051006EC6C8C
S2051006ED39BE
S2051006EE00F6
S2051006EF00F5
S2051006F06C88
S2051006F139BA
S2051006F200F2
S2051006F300F1
S2051006F46C84
S2051006F539B6
S2051006F600EE
S2051006F700ED
S2051006F86C80
S2051006F939B2
S2051006FA00EA
S2051006FB00E9
S2051006FC6C7C
S2051006FD39AE
S2051006FE00E6
S2051006FF00E5
S2051007006C77
S20510070139A9
S20510070200E1
S20510070300E0
S2051007046C73
S20510070539A5
S20510070600DD
S20510070700DC
S2051007086C6F
S20510070939A1
S20510070A00D9
S20510070B00D8
S20510070C6C6B
S20510070D399D
S20510070E00D5
S20510070F00D4
S2051007106C67
S2051007113999
S20510071200D1
S20510071300D0
S2051007146C63
S2051007153995
S20510071600CD
S20510071700CC
S2051007186C5F
S2051007193991
S20510071A00C9
S20510071B00C8
S20510071C6C5B
S20510071D398D
S20510071E00C5
S20510071F00C4
S2051007206C57
S2051007213989
S20510072200C1
S20510072300C0
S2051007246C53
S2051007253985
S20510072600BD
S20510072700BC
S2051007286C4F
S2051007293981
S20510072A00B9
S20510072B00B8
S20510072C6C4B
S20510072D397D
S20510072E00B5
S20510072F00B4
S2051007306C47
S2051007313979
S20510073200B1
S20510073300B0
S2051007346C43
S2051007353975
S20510073600AD
S20510073700AC
S2051007386C3F
S2051007393971
S20510073A00A9
S20510073B00A8
S20510073C6C3B
S20510073D396D
S20510073E00A5
S20510073F00A4
S2051007408C17
S2051007413E64
S20510074200A1
S20510074300A0
S2051007446C33
S2051007453965
S205100746009D
S205100747009C
S2051007486C2F
S2051007493961
S20510074A0099
S20510074B0098
S20510074C6C2B
S20510074D395D
S20510074E0095
S20510074F0094
S2051007506C27
S2051007513959
S2051007520091
S2051007530090
S2051007546C23
S2051007553955
S205100756008D
S205100757008C
S2051007586C1F
S2051007593951
S20510075A0089
S20510075B0088
S20510075C6C1B
S20510075D394D
S20510075E0085
S20510075F0084
S2051007606C17
S2051007613949
S2051007620081
S2051007630080
S20510076498E7
S2051007653E40
S205100766007D
S205100767007C
S2051007686C0F
S2051007693941
S20510076A0079
S20510076B0078
S20510076C0473
S20510076D3E38
S20510076E0075
S20510076F0074
S205100770E48F
S2051007713A38
S2051007720071
S2051007730070
S2051007746C03
S2051007753935
S205100776006D
S205100777006C
S2051007783833
S2051007793C2E
S20510077A0069
S20510077B0068
S20510077C6CFB
S20510077D392D
S20510077E0065
S20510077F0064
S2051007806CF7
S2051007813929
S2051007820061
S2051007830060
S205100784E47B
S2051007853A24
S205100786005D
S205100787005C
S2051007886CEF
S2051007893921
S20510078A0059
S20510078B0058
S20510078C6CEB
S20510078D391D
S20510078E0055
S20510078F0054
S2051007906CE7
S2051007913919
S2051007920051
S2051007930050
S2051007946CE3
S2051007953915
S205100796004D
S205100797004C
S2051007986CDF
S2051007993911
S20510079A0049
S20510079B0048
S20510079C083F
S20510079D3B0B
S20510079E0045
S20510079F0044
S2051007A04CF7
S2051007A13E04
S2051007A20041
S2051007A30040
S2051007A46CD3
S2051007A53905
S2051007A6003D
S2051007A7003C
S2051007A86CCF
S2051007A93901
S2051007AA0039
S2051007AB0038
S2051007AC2017
S2051007AD3BFB
S2051007AE0035
S2051007AF0034
S2051007B06CC7
S2051007B139F9
S2051007B20031
S2051007B30030
S2051007B454DB
S2051007B53AF4
S2051007B6002D
S2051007B7002C
S2051007B86CBF
S2051007B939F1
S2051007BA0029
S2051007BB0028
S2051007BC6CBB
S2051007BD39ED
S2051007BE0025
S2051007BF0024
S2051007C0140F
S2051007C13BE7
S2051007C20021
S2051007C30020
S2051007C8001B
S2051007C9001A
S2051007CA0019
S2051007CB0018
S2051007CC0017
S2051007CD0016
S2051007CE24F1
S2051007CF40D4
S2051007D0B85B
S2051007D11EF4
S2051007D2858C
S2051007D3EB25
S2051007D451BE
S2051007D5B856
S2051007D69E6F
S2051007D73FCD
S2051007D8000B
S2051007D9000A
S2051007DA0009
S2051007DB0008
S2051007DC0007
S2051007DD0006
S2051007DEF015
S2051007DF3FC5
S2051007E014EF
S2051007E10002
S2051007E20001
S2051007E38080
S80400008477
