S00F0000736F6C655F7265662E73313996
S20500000013E7
S20500000100F9
S20500000200F8
S20500000300F7
S20500000413E3
S20500000500F5
S20500000600F4
S20500000700F3
S20500000813DF
S20500000900F1
S20500000A00F0
S20500000B00EF
S20500000C13DB
S20500000D00ED
S20500000E00EC
S20500000F00EB
S20500001013D7
S20500001100E9
S20500001200E8
S20500001300E7
S20500001413D3
S20500001500E5
S20500001600E4
S20500001700E3
S20500001813CF
S20500001900E1
S20500001A00E0
S20500001B00DF
S20500001C13CB
S20500001D00DD
S20500001E00DC
S20500001F00DB
S20500002013C7
S20500002100D9
S20500002200D8
S20500002300D7
S20500002413C3
S20500002500D5
S20500002600D4
S20500002700D3
S20500002813BF
S20500002900D1
S20500002A00D0
S20500002B00CF
S20500002C13BB
S20500002D00CD
S20500002E00CC
S20500002F00CB
S20500003013B7
S20500003100C9
S20500003200C8
S20500003300C7
S20500003413B3
S20500003500C5
S20500003600C4
S20500003700C3
S20500003813AF
S20500003900C1
S20500003A00C0
S20500003B00BF
S20500003C13AB
S20500003D00BD
S20500003E00BC
S20500003F00BB
S20500004013A7
S20500004100B9
S20500004200B8
S20500004300B7
S20500004413A3
S20500004500B5
S20500004600B4
S20500004700B3
S205000048139F
S20500004900B1
S20500004A00B0
S20500004B00AF
S20500004C139B
S20500004D00AD
S20500004E00AC
S20500004F00AB
S2050000501397
S20500005100A9
S20500005200A8
S20500005300A7
S2050000541393
S20500005500A5
S20500005600A4
S20500005700A3
S205000058138F
S20500005900A1
S20500005A00A0
S20500005B009F
S20500005C138B
S20500005D009D
S20500005E009C
S20500005F009B
S2050000601387
S2050000610099
S2050000620098
S2050000630097
S2050000641383
S2050000650095
S2050000660094
S2050000670093
S205000068137F
S2050000690091
S20500006A0090
S20500006B008F
S20500006C137B
S20500006D008D
S20500006E008C
S20500006F008B
S2050000701377
S2050000710089
S2050000720088
S2050000730087
S2050000741373
S2050000750085
S2050000760084
S2050000770083
S205000078136F
S2050000790081
S20500007A0080
S20500007B007F
S20500007C136B
S20500007D007D
S20500007E007C
S20500007F007B
S2050000806F0B
S2050000810079
S2050000824038
S2050000830077
S20500008493E3
S2050000850075
S2050000860074
S2050000870073
S205000088135F
S20500008981F0
S20500008A0070
S20500008B006F
S20500008C93DB
S20500008D81EC
S20500008E006C
S20500008F006B
S2050000901357
S20500009182E7
S2050000920068
S2050000930067
S20500009493D3
S20500009582E3
S2050000960064
S2050000970063
S205000098134F
S20500009983DE
S20500009A0060
S20500009B005F
S20500009C93CB
S20500009D83DA
S20500009E005C
S20500009F005B
S2050000A01347
S2050000A184D5
S2050000A20058
S2050000A30057
S2050000A493C3
S2050000A584D1
S2050000A60054
S2050000A70053
S2050000A8133F
S2050000A985CC
S2050000AA0050
S2050000AB004F
S2050000AC93BB
S2050000AD85C8
S2050000AE004C
S2050000AF004B
S2050000B01337
S2050000B186C3
S2050000B20048
S2050000B30047
S2050000B493B3
S2050000B586BF
S2050000B60044
S2050000B70043
S2050000B8132F
S2050000B987BA
S2050000BA0040
S2050000BB003F
S2050000BC93AB
S2050000BD87B6
S2050000BE003C
S2050000BF003B
S2050000C01327
S2050000C188B1
S2050000C20038
S2050000C30037
S2050000C493A3
S2050000C588AD
S2050000C60034
S2050000C70033
S2050000C8131F
S2050000C989A8
S2050000CA0030
S2050000CB002F
S2050000CC939B
S2050000CD89A4
S2050000CE002C
S2050000CF002B
S2050000D01317
S2050000D18A9F
S2050000D20028
S2050000D30027
S2050000D49393
S2050000D58A9B
S2050000D60024
S2050000D70023
S2050000D8130F
S2050000D98B96
S2050000DA0020
S2050000DB001F
S2050000DC938B
S2050000DD8B92
S2050000DE001C
S2050000DF001B
S2050000E01307
S2050000E18C8D
S2050000E20018
S2050000E30017
S2050000E49383
S2050000E58C89
S2050000E60014
S2050000E70013
S2050000E813FF
S2050000E98D84
S2050000EA0010
S2050000EB000F
S2050000EC937B
S2050000ED8D80
S2050000EE000C
S2050000EF000B
S2050000F013F7
S2050000F18E7B
S2050000F20008
S2050000F30007
S2050000F49373
S2050000F58E77
S2050000F60004
S2050000F70003
S2050000F813EF
S2050000F98F72
S2050000FA0000
S2050000FB00FF
S2050000FC936B
S2050000FD8F6E
S2050000FE00FC
S2050000FF00FB
S20500010017E2
S2050001016197
S20500010210E7
S20500010300F6
S20500010413E2
S20500010501F3
S20500010601F2
S205000107DF13
S20500010817DA
S2050001090DE3
S20500010A10DF
S20500010B00EE
S20500010C13DA
S20500010D0DDF
S20500010E4D9E
S20500010F5E8C
S2050001109752
S2050001110DDB
S20500011210D7
S20500011300E6
S2050001149352
S2050001158D57
S2050001168D56
S2050001175E84
S205000118637E
S2050001195888
S20500011ABD22
S20500011B01DD
S20500011C23BA
S20500011D20BC
S20500011E0DCE
S20500011F00DA
S20500012013C6
S2050001210DCB
S2050001224D8A
S20500012300D6
S205000124E3F2
S205000125DCF8
S205000126AD26
S205000127FFD3
S205000128EFE2
S20500012920B0
S20500012A10BF
S20500012B09C5
S20500012C13BA
S20500012D05C7
S20500012E00CB
S20500012F00CA
S2050001309336
S20500013105C3
S20500013200C7
S20500013300C6
S205000134EFD6
S20500013520A4
S20500013610B3
S205000137784A
S205000138EFD2
S20500013900C0
S20500013A00BF
S20500013B00BE
S20500013C6756
S20500013D803C
S20500013E00BB
S20500013F00BA
S2050001409326
S205000141D7E1
S2050001424572
S2050001434175
S20500014413A2
S20500014501B3
S20500014601B2
S205000147FFB3
S205000148931E
S205000149F7B9
S20500014AF7B8
S20500014B7F2F
S20500014C238A
S20500014D2488
S20500014E812A
S20500014F00AA
S2050001502386
S2050001512286
S2050001529116
S20500015300A6
S2050001542382
S2050001552084
S2050001562182
S20500015701A1
S205000158237E
S205000159267A
S20500015A118E
S20500015B009E
S20500015C138A
S20500015D8715
S20500015E1784
S20500015FC0DA
S2050001609306
S2050001610692
S2050001623067
S2050001630195
S2050001641382
S2050001658410
S205000166058E
S2050001670092
S20500016893FE
S205000169048C
S20500016A058A
S20500016B008E
S20500016C137A
S20500016D0983
S20500016E0685
S20500016F008A
S2050001706326
S205000171CCBC
S205000172E6A1
S2050001730482
S2050001746322
S2050001754A3A
S205000176077C
S2050001771072
S205000178B7CA
S2050001790779
S20500017A106F
S20500017B007E
S20500017C93EA
S20500017D87F5
S20500017EF784
S20500017FFF7B
S205000180B3C6
S205000181D7A1
S205000182E790
S2050001834036
S2050001843342
S205000185F77D
S205000186B7BC
S2050001870072
S205000188333E
S2050001896709
S20500018AA7C8
S20500018B006E
S20500018C630A
S20500018D1A52
S20500018E0764
S20500018F0664
S20500019093D6
S2050001910761
S2050001920463
S2050001930066
S205000194B7AE
S205000195065E
S2050001960063
S20500019780E2
S205000198233E
S2050001992040
S20500019A99C6
S20500019B005E
S20500019C332A
S20500019DF468
S20500019E86D5
S20500019F005A
S2050001A02336
S2050001A12236
S2050001A2F95E
S2050001A30056
S2050001A493C2
S2050001A50450
S2050001A60053
S2050001A70052
S2050001A883CE
S2050001A92030
S2050001AAC18E
S2050001AB004E
S2050001AC93BA
S2050001AD0547
S2050001AE0447
S2050001AF004A
S2050001B00346
S2050001B12424
S2050001B281C6
S2050001B30046
S2050001B40342
S2050001B5291B
S2050001B60142
S2050001B70042
S2050001B8132E
S2050001B985BB
S2050001BA043B
S2050001BB003E
S2050001BC83BA
S2050001BD2418
S2050001BE41FA
S2050001BF003A
S2050001C01326
S2050001C10137
S2050001C20136
S2050001C30135
S2050001C467CE
S2050001C580B4
S2050001C60033
S2050001C70032
S2050001C8939E
S2050001C9062A
S2050001CA30FF
S2050001CB032B
S2050001CC63CA
S2050001CDC26A
S2050001CEE645
S2050001CF0822
S2050001D01316
S2050001D10721
S2050001D2F037
S2050001D3FF27
S2050001D49392
S2050001D5879D
S2050001D6D74C
S2050001D7BE64
S2050001D8B36E
S2050001D957C9
S2050001DAF728
S2050001DB001E
S2050001DC33EA
S2050001DDF725
S2050001DEA774
S2050001DF001A
S2050001E0E336
S2050001E10810
S2050001E20710
S2050001E3FA1C
S2050001E49382
S2050001E5C74D
S2050001E6F71C
S2050001E7FF13
S2050001E8B35E
S2050001E9F719
S2050001EAA768
S2050001EB000E
S2050001EC13FA
S2050001ED8884
S2050001EE0704
S2050001EF000A
S2050001F013F6
S2050001F18682
S2050001F20700
S2050001F30006
S2050001F49372
S2050001F5887C
S2050001F605FE
S2050001F70002
S2050001F8936E
S2050001F9867A
S2050001FA05FA
S2050001FB00FE
S2050001FC6F8E
S2050001FD00FC
S2050001FE00FB
S2050001FF02F8
S2050002009365
S205000201C730
S205000202F7FF
S205000203FFF6
S20500020413E1
S20500020507EC
S20500020600F2
S20500020700F1
S205000208B33D
S205000209F7F8
S20500020AB737
S20500020B00ED
S20500020C13D9
S20500020D08E3
S20500020E07E3
S20500020F00E9
S20500021013D5
S20500021106E1
S20500021207DF
S20500021300E5
S2050002149351
S205000215885B
S20500021607DB
S20500021700E1
S205000218934D
S2050002198659
S20500021A07D7
S20500021B00DD
S20500021C23B9
S20500021D20BB
S20500021E09D1
S20500021F01D8
S20500022023B5
S20500022122B5
S20500022219BD
S20500022301D4
S205000224EFE5
S20500022510C3
S2050002269042
S2050002274A87
S20500022813BD
S205000229844B
S20500022A05C9
S20500022B00CD
S20500022C8349
S20500022D20AB
S20500022EC109
S20500022F00C9
S2050002309335
S20500023105C2
S20500023204C2
S20500023300C5
S20500023403C1
S205000235249F
S2050002368141
S20500023700C1
S205000238932D
S20500023904BB
S20500023A05B9
S20500023B00BD
S20500023C03B9
S20500023D2992
S20500023E01B9
S20500023F00B9
S20500024013A5
S2050002418532
S20500024204B2
S20500024300B5
S2050002448331
S205000245248F
S2050002464171
S20500024700B1
S205000248139D
S20500024901AE
S20500024A01AD
S20500024B01AC
S20500024C6745
S20500024D802B
S20500024E00AA
S20500024F00A9
S2050002502385
S2050002512087
S205000252A9FD
S20500025300A5
S2050002542381
S2050002552281
S205000256B9E9
S20500025700A1
S205000258EFB1
S205000259009F
S20500025A009E
S20500025B0796
S20500025C6339
S20500025D1E7D
S20500025E0595
S20500025F0495
S2050002601385
S2050002618611
S2050002620492
S2050002630095
S2050002641381
S205000265850E
S205000266048E
S2050002670091
S20500026893FD
S2050002690689
S20500026A048A
S20500026B008D
S20500026C93F9
S20500026D0586
S20500026E0486
S20500026F0089
S205000270EF99
S2050002710087
S2050002728006
S2050002730C79
S20500027493F1
S205000275047F
S205000276057D
S2050002770081
S205000278136D
S20500027984FB
S20500027A0579
S20500027B007D
S20500027C2359
S20500027D205B
S20500027EA9D1
S20500027F0079
S2050002802355
S2050002812255
S205000282B9BD
S2050002830075
S2050002846F05
S205000285F083
S2050002865F13
S205000287F27F
S205000288B7B9
S2050002890768
S20500028A006E
S20500028B80ED
S20500028C83E9
S20500028D204B
S20500028EC1A9
S20500028F0069
S205000290B3B5
S205000291F770
S205000292B7AF
S2050002930065
S20500029493D1
S205000295055E
S205000296045E
S2050002970061
S205000298035D
S205000299243B
S20500029A81DD
S20500029B005D
S20500029C2339
S20500029D203B
S20500029E0654
S20500029F0059
S2050002A02335
S2050002A12235
S2050002A2F660
S2050002A30055
S2050002A40351
S2050002A5292A
S2050002A60151
S2050002A70051
S2050002A8133D
S2050002A985CA
S2050002AA044A
S2050002AB004D
S2050002AC83C9
S2050002AD2427
S2050002AE4109
S2050002AF0049
S2050002B01335
S2050002B10146
S2050002B20145
S2050002B30144
S2050002B467DD
S2050002B580C3
S2050002B60042
S2050002B70041
S2050002B8B789
S2050002B90738
S2050002BA003E
S2050002BB80BD
S2050002BC3309
S2050002BDF447
S2050002BE87B3
S2050002BF0039
S2050002C093A5
S2050002C10433
S2050002C20036
S2050002C30035
S2050002C46FC5
S2050002C5F043
S2050002C65FD3
S2050002C7EE43
S2050002C833FD
S2050002C967C8
S2050002CAB579
S2050002CB002D
S2050002CC9399
S2050002CD0724
S2050002CE0525
S2050002CF0029
S2050002D063C5
S2050002D10C1B
S2050002D2071F
S2050002D30421
S2050002D437ED
S2050002D5071C
S2050002D60022
S2050002D780A1
S2050002D863BD
S2050002D9829D
S2050002DAE539
S2050002DB0419
S2050002DC9389
S2050002DD0615
S2050002DEF723
S2050002DFFF1A
S2050002E0B365
S2050002E1F621
S2050002E2B660
S2050002E30015
S2050002E437DD
S2050002E5080B
S2050002E6F022
S2050002E7FF12
S2050002E833DD
S2050002E98887
S2050002EA0608
S2050002EB010C
S2050002ECB755
S2050002ED0803
S2050002EEE02A
S2050002EF7F8A
S2050002F013F5
S2050002F10502
S2050002F240C6
S2050002F30005
S2050002F463A1
S2050002F562A1
S2050002F618EA
S2050002F703FE
S2050002F837C9
S2050002F908F7
S2050002FA10EE
S2050002FB00FD
S2050002FC13E9
S2050002FD05F6
S2050002FE30CA
S2050002FF00F9
S2050003006394
S205000301EC0A
S20500030205F0
S20500030301F3
S20500030433C0
S20500030507EB
S205000306B73A
S20500030700F0
S205000308638C
S2050003096886
S20500030A07E6
S20500030B01EB
S20500030C37B4
S20500030D07E3
S20500030EF0F9
S20500030F7F69
S20500031013D4
S20500031105E1
S20500031200E5
S20500031300E4
S2050003146380
S2050003158E54
S205000316E6FB
S20500031700E0
S2050003186778
S205000319805E
S20500031A00DD
S20500031B00DC
S20500031C33A8
S20500031D35A5
S20500031EA039
S20500031F00D8
S20500032013C4
S20500032105D1
S20500032225B0
S20500032300D4
S205000324676C
S2050003258052
S20500032600D1
S20500032700D0
S20500032813BC
S20500032905C9
S20500032A20AD
S20500032B00CC
S20500032C6764
S20500032D804A
S20500032E00C9
S20500032F00C8
S20500033013B4
S205000331B511
S20500033217AE
S20500033300C4
S205000334675C
S2050003358042
S20500033600C1
S20500033700C0
S205000338B708
S20500033907B7
S20500033A10AD
S20500033B00BC
S20500033C13A8
S20500033D01B9
S20500033E01B8
S20500033FFEBA
S2050003409324
S2050003418E28
S205000342F7BE
S205000343FFB5
S2050003443380
S205000345F8BA
S205000346BEF3
S20500034700B0
S205000348B3FC
S205000349F7B7
S20500034ADECF
S20500034B00AC
S20500034C1398
S20500034DD3D7
S20500034E4663
S20500034F01A7
S2050003502384
S205000351287E
S2050003522184
S20500035301A3
S2050003541390
S205000355D9C9
S205000356455C
S205000357019F
S205000358930C
S2050003599707
S20500035A3766
S20500035B009C
S20500035C2378
S20500035D2C6E
S20500035E8118
S20500035F0098
S2050003601384
S205000361187E
S205000362385D
S2050003630094
S2050003641380
S205000365D4BE
S205000366F59C
S205000367018F
S205000368137C
S2050003695737
S20500036AD5B8
S20500036B018B
S20500036C93F8
S20500036D5832
S20500036ED6B3
S20500036F0187
S2050003701374
S205000371790D
S205000372F98C
S2050003737F05
S2050003741370
S205000375730F
S205000376F38E
S2050003777F01
S205000378235C
S2050003792E50
S20500037A116C
S20500037B007C
S20500037C2358
S20500037D2A50
S20500037E91E8
S20500037F0078
S2050003802354
S2050003812650
S2050003823144
S2050003830173
S20500038493E0
S205000385D69C
S205000386F67B
S205000387016F
S205000388B3BC
S205000389E886
S20500038AF875
S20500038B006C
S20500038C3338
S20500038D6703
S20500038E0762
S20500038F0167
S20500039093D4
S2050003911551
S2050003923530
S2050003930064
S2050003941350
S2050003951F43
S205000396362B
S2050003970060
S205000398B3AC
S2050003990757
S20500039A69F4
S20500039B401C
S20500039C63F8
S20500039D0456
S20500039ED485
S20500039F1E3A
S2050003A063F4
S2050003A15204
S2050003A2F065
S2050003A3163E
S2050003A463F0
S2050003A5064C
S2050003A6034E
S2050003A72828
S2050003A893BC
S2050003A90648
S2050003AAF05D
S2050003AB7FCD
S2050003AC63E8
S2050003AD0644
S2050003AED970
S2050003AF4206
S2050003B093B4
S2050003B10640
S2050003B280C5
S2050003B30341
S2050003B41330
S2050003B5063C
S2050003B61031
S2050003B70040
S2050003B863DC
S2050003B9CE70
S2050003BAF647
S2050003BB023A
S2050003BCB784
S2050003BD0634
S2050003BE80B9
S2050003BF0038
S2050003C0B384
S2050003C1E84E
S2050003C2D85D
S2050003C30034
S2050003C493A0
S2050003C5062C
S2050003C6F041
S2050003C7012F
S2050003C863CC
S2050003C9CE60
S2050003CAF637
S2050003CB52DA
S2050003CC9398
S2050003CD0624
S2050003CE0029
S2050003CF0226
S2050003D0B374
S2050003D186A0
S2050003D2F62F
S2050003D340E4
S2050003D433F0
S2050003D5968C
S2050003D6D849
S2050003D70020
S2050003D833EC
S2050003D955C9
S2050003DAFF1E
S2050003DB001C
S2050003DCB368
S2050003DD1604
S2050003DEDF3A
S2050003DF0018
S2050003E033E4
S2050003E166B0
S2050003E2A66F
S2050003E30014
S2050003E4B360
S2050003E536DC
S2050003E6D041
S2050003E70010
S2050003E8B35C
S2050003E9D836
S2050003EAF815
S2050003EB000C
S2050003EC33D8
S2050003ED66A4
S2050003EED633
S2050003EF0008
S2050003F033D4
S2050003F107FF
S2050003F217EE
S2050003F341C3
S2050003F433D0
S2050003F5867C
S2050003F6C53C
S2050003F740C0
S2050003F8B34C
S2050003F9B549
S2050003FAC538
S2050003FB00FC
S2050003FC9368
S2050003FD04F6
S2050003FE06F3
S2050003FF00F8
S205000400B343
S20500040109EC
S205000402B73D
S20500040340B3
S205000404935F
S205000405975A
S2050004068967
S20500040700EF
S205000408638B
S205000409DA13
S20500040A07E5
S20500040B32B9
S20500040CB733
S20500040D07E2
S20500040E8068
S20500040F00E7
S2050004109353
S205000411875E
S205000412F7ED
S205000413FFE4
S205000414B32F
S205000415F9E8
S205000416F9E7
S20500041700DF
S205000418637B
S2050004198855
S20500041A09D3
S20500041B2CAF
S20500041C13C7
S20500041D8554
S20500041E09CF
S20500041F00D7
S205000420EFE7
S20500042120B5
S20500042200D4
S2050004235182
S205000424933F
S20500042507CA
S205000426854B
S205000427FFD0
S205000428933B
S20500042906C7
S20500042A00CC
S20500042B02C9
S20500042C3397
S20500042D8742
S20500042EF6D2
S20500042F4087
S2050004303393
S205000431D7EE
S205000432E4E0
S20500043300C3
S205000434B30F
S2050004359928
S205000436F9C7
S20500043700BF
S205000438338B
S2050004396756
S20500043A3785
S20500043B01BA
S20500043CB307
S20500043D9425
S20500043EF4C4
S20500043F00B7
S2050004406353
S205000441C8ED
S205000442278D
S2050004434B68
S205000444B3FF
S205000445872A
S2050004462789
S205000447416E
S205000448931B
S2050004498726
S20500044A1795
S20500044B00AB
S20500044CB3F7
S20500044D8623
S20500044EF6B2
S20500044F4067
S2050004503373
S205000451960F
S205000452D4D0
S20500045300A3
S205000454B3EF
S205000455D9C8
S205000456F4AC
S205000457009F
S205000458336B
S2050004593667
S20500045AC0DC
S20500045B009B
S20500045C3367
S20500045D6633
S20500045E3662
S20500045F0196
S205000460B3E3
S205000461167F
S205000462D7BD
S2050004630093
S205000464B3DF
S205000465E4AD
S205000466C6CA
S205000467008F
S205000468B3DB
S2050004695934
S20500046AF795
S20500046B008B
S20500046C1377
S20500046D0980
S20500046E0088
S20500046F0087
S20500047093F3
S205000471F78E
S2050004727410
S2050004730083
S205000474631F
S2050004758001
S2050004760779
S205000477027D
S20500047893EB
S205000479F786
S20500047AF488
S20500047B007B
S20500047C1367
S20500047D0772
S20500047E4038
S20500047F0077
S2050004806313
S2050004818AEB
S205000482E78D
S2050004830073
S20500048493DF
S20500048587EA
S205000486442C
S205000487006F
S205000488333B
S205000489B6B7
S20500048A97D5
S20500048B006B
S20500048CB3B7
S20500048D89E0
S20500048EC99F
S20500048F0067
S20500049093D3
S20500049184E1
S205000492075D
S2050004930063
S20500049493CF
S20500049597CA
S20500049689D7
S205000497005F
S20500049863FB
S205000499DA83
S20500049A0755
S20500049B6EED
S20500049C93C7
S20500049D0752
S20500049E193F
S20500049F0057
S2050004A01343
S2050004A1074E
S2050004A2F064
S2050004A37FD4
S2050004A4133F
S2050004A50E43
S2050004A6044C
S2050004A7004F
S2050004A863EB
S2050004A986C7
S2050004AAE765
S2050004AB2A21
S2050004AC3713
S2050004AD0742
S2050004AE80C8
S2050004AFFF48
S2050004B01333
S2050004B1073E
S2050004B2F74D
S2050004B3FF44
S2050004B4330F
S2050004B5F74A
S2050004B6E957
S2050004B7003F
S2050004B893AB
S2050004B9F746
S2050004BAF745
S2050004BB7FBC
S2050004BC1327
S2050004BD1821
S2050004BED761
S2050004BF0136
S2050004C01323
S2050004C1D65F
S2050004C23400
S2050004C30033
S2050004C4131F
S2050004C5171A
S2050004C69799
S2050004C7002F
S2050004C833FB
S2050004C968C5
S2050004CAC864
S2050004CB002B
S2050004CC1317
S2050004CD57D2
S2050004CEC761
S2050004CF0027
S2050004D083A3
S2050004D12005
S2050004D2C163
S2050004D30122
S2050004D4031F
S2050004D524FD
S2050004D6819F
S2050004D7011E
S2050004D8938B
S2050004D99786
S2050004DA47D5
S2050004DB011A
S2050004DCB367
S2050004DDE732
S2050004DEE731
S2050004DF0017
S2050004E01303
S2050004E117FE
S2050004E2FE16
S2050004E30112
S2050004E4B35F
S2050004E5E72A
S2050004E6E729
S2050004E7000F
S2050004E8838B
S2050004E924E9
S2050004EA41CB
S2050004EB010A
S2050004EC0307
S2050004ED29E0
S2050004EE0107
S2050004EF0106
S2050004F08383
S2050004F129DC
S2050004F2C143
S2050004F30003
S2050004F413EF
S2050004F505FC
S2050004F608F8
S2050004F700FF
S2050004F8936B
S2050004F98578
S2050004FA07F5
S2050004FB00FB
S2050004FC13E7
S2050004FD01F8
S2050004FE01F7
S2050004FF02F5
S205000500678E
S2050005018074
S20500050200F3
S20500050300F2
S205000504638E
S2050005058C64
S20500050607E8
S20500050714DA
S205000508B33A
S20500050907E5
S20500050A23C8
S20500050B41A9
S20500050C6386
S20500050D12D6
S20500050E09DE
S20500050F3CAA
S20500051033B2
S205000511657F
S205000512B72C
S20500051300E2
S205000514637E
S20500051504DC
S20500051605DA
S2050005174C92
S20500051813CA
S2050005198557
S20500051AF7E4
S20500051BFFDB
S20500051C6376
S20500051D02D6
S20500051E05D2
S20500051F6076
S20500052013C2
S20500052108CC
S205000522F0E3
S2050005237F53
S205000524636E
S205000525864A
S20500052607C8
S2050005275777
S205000528933A
S20500052907C5
S20500052A804B
S20500052B03C7
S20500052C13B6
S20500052D06C2
S20500052E10B7
S20500052F00C6
S2050005306362
S205000531CCF8
S205000532A71C
S20500053302C0
S205000534932E
S20500053507B9
S20500053605BA
S20500053700BE
S20500053813AA
S20500053906B6
S20500053AF0CB
S20500053B01B9
S20500053C6356
S20500053D4C6C
S20500053EF6C1
S20500053F5660
S20500054013A2
S20500054105AF
S20500054200B3
S20500054302B0
S205000544337E
S20500054505AB
S205000546F5BA
S205000547406E
S205000548337A
S2050005491696
S20500054AA704
S20500054B00AA
S20500054C3376
S20500054DD8D0
S20500054EF5B2
S20500054F00A6
S2050005503372
S205000551950F
S205000552A5FE
S20500055300A2
S205000554336E
S205000555663A
S2050005560699
S205000557019D
S205000558336A
S2050005593567
S20500055AA0FB
S20500055B009A
S20500055C3366
S20500055D5741
S20500055EF7A0
S20500055F0096
S2050005603362
S205000561662E
S205000562A6ED
S2050005630092
S205000564B3DE
S2050005658808
S205000566E8A7
S205000567404E
S205000568335A
S2050005690686
S20500056ACFBC
S20500056B404A
S20500056C3356
S20500056D3751
S20500056ECFB8
S20500056F0086
S20500057093F2
S2050005710480
S205000572067D
S2050005730082
S205000574B3CE
S20500057589F7
S205000576E897
S205000577403E
S205000578136A
S2050005790973
S20500057A0378
S20500057B007A
S20500057C1366
S20500057D84F4
S20500057E0671
S20500057F0076
S2050005806F06
S205000581F084
S2050005825F14
S205000583E88A
S205000584630E
S2050005855020
S205000586F07F
S2050005871E50
S205000588630A
S205000589105C
S20500058A0368
S20500058B1456
S20500058CB3B6
S20500058DE682
S20500058EE87F
S20500058F0165
S2050005906302
S2050005918CD8
S205000592065D
S205000593263C
S20500059493CE
S20500059586DA
S205000596F768
S205000597FF5F
S20500059863FA
S20500059980DC
S20500059A0655
S20500059B4812
S20500059C1346
S20500059D0652
S20500059EF067
S20500059F7FD7
S2050005A063F2
S2050005A18CC8
S2050005A2C78C
S2050005A32230
S2050005A493BE
S2050005A50749
S2050005A680CF
S2050005A7034B
S2050005A893BA
S2050005A90943
S2050005AA103B
S2050005AB004A
S2050005AC63E6
S2050005ADCC7C
S2050005AED770
S2050005AF0244
S2050005B093B2
S2050005B187BD
S2050005B2063D
S2050005B30042
S2050005B493AE
S2050005B5063A
S2050005B6F04F
S2050005B7013D
S2050005B863DA
S2050005B9C07C
S2050005BAF645
S2050005BB4AF0
S2050005BC93A6
S2050005BD0632
S2050005BE0037
S2050005BF0234
S2050005C0B382
S2050005C186AE
S2050005C2F63D
S2050005C340F2
S2050005C4B37E
S2050005C59997
S2050005C6D857
S2050005C7002E
S2050005C833FA
S2050005C956D6
S2050005CAFF2C
S2050005CB002A
S2050005CCB376
S2050005CD1612
S2050005CEDF48
S2050005CF0026
S2050005D0B372
S2050005D1E93B
S2050005D2C95A
S2050005D30022
S2050005D4B36E
S2050005D536EA
S2050005D6D04F
S2050005D7001E
S2050005D8B36A
S2050005D9D844
S2050005DAF823
S2050005DB001A
S2050005DCB366
S2050005DDE92F
S2050005DED93E
S2050005DF0016
S2050005E033E2
S2050005E1070D
S2050005E217FC
S2050005E30111
S2050005E4B35E
S2050005E5858B
S2050005E6B956
S2050005E7000E
S2050005E8B35A
S2050005E9B953
S2050005EA35D6
S2050005EB0109
S2050005EC9376
S2050005ED8484
S2050005EE0502
S2050005EF0006
S2050005F0B352
S2050005F1897B
S2050005F2E91A
S2050005F30002
S2050005F4936E
S2050005F59769
S2050005F68976
S2050005F700FE
S2050005F8639A
S2050005F9D22A
S2050005FA07F4
S2050005FB14E6
S2050005FC13E6
S2050005FD09EF
S2050005FE19DE
S2050005FF00F6
S2050006009361
S20500060107EC
S205000602F002
S2050006037F72
S205000604638D
S2050006050CE3
S205000606F9F5
S20500060736B7
S205000608B735
S20500060907E4
S20500060A806A
S20500060BFFEA
S20500060C9355
S20500060D8760
S20500060EF7EF
S20500060FFFE6
S20500061013D1
S205000611F6ED
S20500061214CE
S20500061300E1
S205000614B32D
S205000615F7E8
S205000616F9E5
S20500061700DD
S20500061813C9
S205000619D704
S20500061A14C6
S20500061B00D9
S20500061C33A5
S20500061D6770
S20500061EC70F
S20500061F00D5
S20500062013C1
S205000621963D
S205000622F7DB
S20500062301D0
S205000624B31D
S205000625646B
S205000626E6E8
S20500062700CD
S2050006289339
S205000629D9F2
S20500062A17B3
S20500062B00C9
S20500062C6F59
S20500062DF0D7
S20500062E5F67
S20500062FE4E1
S205000630B311
S205000631E6DD
S205000632E8DA
S20500063301C0
S205000634635D
S2050006358A35
S20500063606B8
S2050006371CA1
S2050006389329
S2050006398635
S20500063AF7C3
S20500063BFFBA
S20500063C6355
S20500063D8037
S20500063E06B0
S20500063F4075
S20500064013A1
S20500064106AD
S205000642F0C2
S2050006437F32
S205000644634D
S2050006458A25
S205000646C7E7
S2050006471895
S2050006489319
S20500064907A4
S20500064A802A
S20500064B03A6
S20500064C1395
S20500064D06A1
S20500064E1096
S20500064F00A5
S205000650E3C1
S205000651C2E1
S205000652D7CB
S205000653DAC7
S205000654930D
S2050006558718
S2050006560698
S205000657009D
S2050006586F2D
S205000659F0AB
S20500065ADFBB
S20500065BD6C3
S20500065C1385
S20500065D088F
S20500065E197D
S20500065F0095
S2050006601381
S205000661781B
S205000662E8AA
S2050006637F12
S205000664632D
S2050006651C73
S2050006660886
S205000667226B
S2050006683359
S2050006696328
S20500066AB7D3
S20500066B0089
S20500066C3355
S20500066DE89F
S20500066EE89E
S20500066F0184
S2050006706321
S2050006711073
S2050006720979
S2050006733849
S205000674631D
S2050006750E71
S205000676037B
S2050006774637
S2050006786319
S2050006790675
S20500067A0872
S20500067B4039
S20500067CB3C5
S20500067D89EE
S20500067EE591
S20500067F4134
S2050006803341
S205000681B5BE
S205000682353D
S2050006830170
S205000684333D
S2050006850669
S2050006861757
S205000687412C
S2050006883339
S2050006890665
S20500068AA6C4
S20500068B4029
S20500068C1355
S20500068D1552
S20500068E86E0
S20500068F0065
S2050006906301
S2050006915E05
S205000692055D
S2050006935011
S205000694B3AD
S205000695055A
S205000696BF9F
S205000697401D
S2050006983329
S20500069987D4
S20500069AE872
S20500069B4019
S20500069C3325
S20500069D3F18
S20500069EBF97
S20500069F0055
S2050006A03321
S2050006A1074C
S2050006A2E76B
S2050006A34110
S2050006A4133D
S2050006A51639
S2050006A687C7
S2050006A7004D
S2050006A893B9
S2050006A984C7
S2050006AA0545
S2050006AB0049
S2050006AC63E5
S2050006AD5EE9
S2050006AE0640
S2050006AF52F3
S2050006B0B78D
S2050006B1073C
S2050006B280C2
S2050006B3FF42
S2050006B493AD
S2050006B587B8
S2050006B6F747
S2050006B7FF3E
S2050006B83309
S2050006B977C4
S2050006BAF743
S2050006BB0039
S2050006BC1325
S2050006BD8EA9
S2050006BE0630
S2050006BF0035
S2050006C093A1
S2050006C1072C
S2050006C21022
S2050006C30031
S2050006C46FC1
S2050006C5F03F
S2050006C69F8F
S2050006C7DF4E
S2050006C89399
S2050006C90625
S2050006CAF03A
S2050006CB7FAA
S2050006CC63C5
S2050006CD0621
S2050006CED94D
S2050006CF1015
S2050006D09391
S2050006D1061D
S2050006D280A2
S2050006D3031E
S2050006D4938D
S2050006D50916
S2050006D6100E
S2050006D7001D
S2050006D8E339
S2050006D9C655
S2050006DAF624
S2050006DBF029
S2050006DCB761
S2050006DD0611
S2050006DE8096
S2050006DF0015
S2050006E0B361
S2050006E1E82B
S2050006E2D83A
S2050006E30011
S2050006E46FA1
S2050006E5F01F
S2050006E61FEF
S2050006E7ED20
S2050006E813F9
S2050006E98586
S2050006EA0406
S2050006EB0009
S2050006ECEF19
S2050006ED20E7
S2050006EE40C6
S2050006EF24E1
S2050006F09371
S2050006F107FC
S2050006F2857D
S2050006F30100
S2050006F4936D
S2050006F506F9
S2050006F6F00E
S2050006F701FC
S2050006F8E319
S2050006F9D823
S2050006FAF604
S2050006FBD227
S2050006FC13E5
S2050006FD07F0
S2050006FE8571
S2050006FFFFF6
S20500070033C0
S205000701975B
S205000702E40D
S20500070300F0
S205000704638C
S205000705C628
S20500070627C6
S20500070723C9
S20500070833B8
S2050007098961
S20500070A27C2
S20500070B41A7
S20500070C9354
S20500070D07DF
S20500070E19CC
S20500070F00E4
S2050007106380
S205000711D60C
S205000712F6EB
S2050007134898
S20500071413CC
S20500071509D5
S20500071619C4
S205000717FEDE
S2050007189348
S20500071906D4
S20500071A00D9
S20500071B02D6
S20500071CB324
S20500071D5482
S20500071E27AE
S20500071F01D3
S2050007206370
S2050007218C46
S205000722D7FA
S20500072300D0
S205000724933C
S20500072506C8
S20500072600CD
S20500072704C8
S205000728B318
S2050007298743
S20500072AF6D3
S20500072B4088
S20500072C3394
S20500072D17AF
S20500072EF7CE
S20500072F00C4
S2050007303390
S205000731378B
S205000732E0E1
S20500073300C0
S205000734B30C
S205000735E4DA
S205000736E4D9
S20500073700BC
S20500073813A8
S20500073909B1
S20500073A00B9
S20500073B00B8
S20500073C9324
S20500073DF7BF
S20500073E7441
S20500073F00B4
S205000740E3D0
S2050007419C16
S20500074207AA
S205000743D2DE
S205000744931C
S20500074507A7
S20500074609A4
S20500074700AC
S2050007481398
S205000749D6D4
S20500074A3475
S20500074B00A8
S20500074C1394
S20500074D871F
S20500074E099C
S20500074F00A4
S2050007506F34
S20500075100A2
S20500075200A1
S2050007530C94
S205000754930C
S2050007550797
S205000756F0AD
S2050007577F1D
S2050007581388
S2050007590793
S20500075A0099
S20500075B0098
S20500075C1384
S20500075D088E
S20500075E0095
S20500075F0094
S2050007606F24
S205000761F0A2
S2050007621F72
S205000763D7B9
S205000764632C
S2050007658A04
S2050007660786
S2050007670C80
S205000768B3D8
S2050007690783
S20500076A2366
S20500076B4147
S20500076C6324
S20500076D0284
S20500076E097C
S20500076F1E66
S20500077093F0
S205000771067C
S205000772F091
S2050007737F01
S205000774631C
S2050007750876
S205000776D3AA
S205000777324A
S20500077893E8
S2050007790674
S20500077A80F9
S20500077B0375
S20500077C93E4
S20500077D096D
S20500077E1065
S20500077F0074
S2050007806310
S205000781CEA4
S205000782F67B
S205000783026E
S205000784B7B8
S2050007850668
S20500078680ED
S205000787006C
S2050007883338
S2050007896703
S20500078AD792
S20500078B0068
S20500078C93D4
S20500078D0660
S20500078EF075
S20500078F0163
S2050007906300
S205000791C89A
S205000792F66B
S2050007933C24
S20500079493CC
S2050007950658
S205000796005D
S205000797025A
S205000798B3A8
S20500079986D4
S20500079AF663
S20500079B4018
S20500079CB3A4
S20500079D193D
S20500079ED77E
S20500079F0054
S2050007A03320
S2050007A1D67C
S2050007A2F55C
S2050007A30050
S2050007A4B39C
S2050007A596B8
S2050007A6D578
S2050007A7004C
S2050007A8B398
S2050007A9E961
S2050007AAC980
S2050007AB0048
S2050007ACB394
S2050007AD3610
S2050007AED075
S2050007AF0044
S2050007B03310
S2050007B157EB
S2050007B2F74A
S2050007B30040
S2050007B4B38C
S2050007B5E955
S2050007B6D964
S2050007B7003C
S2050007B8B388
S2050007B988B2
S2050007BAE851
S2050007BB0038
S2050007BC3304
S2050007BD87AF
S2050007BEE94C
S2050007BF0133
S2050007C0B380
S2050007C139F9
S2050007C237FA
S2050007C3012F
S2050007C4939C
S2050007C5042A
S2050007C60726
S2050007C7002C
S2050007C8B378
S2050007C989A1
S2050007CA1910
S2050007CB0127
S2050007CC1314
S2050007CD091D
S2050007CE0322
S2050007CF0024
S2050007D06FB4
S2050007D1F032
S2050007D25FC2
S2050007D3E23E
S2050007D463BC
S2050007D5100E
S2050007D60815
S2050007D7021A
S2050007D81308
S2050007D91604
S2050007DA35E4
S2050007DB0018
S2050007DC1304
S2050007DD56C0
S2050007DE36DF
S2050007DF0014
S2050007E01300
S2050007E118FA
S2050007E2D73A
S2050007E3010F
S2050007E433DC
S2050007E568A6
S2050007E6C845
S2050007E7000C
S2050007E813F8
S2050007E957B3
S2050007EA37D2
S2050007EB0008
S2050007EC33D4
S2050007ED679F
S2050007EE07FE
S2050007EF0103
S2050007F063A0
S2050007F106FC
S2050007F207FA
S2050007F318E8
S2050007F413EC
S2050007F50EF0
S2050007F600FD
S2050007F700FC
S2050007F89368
S2050007F907F3
S2050007FAF009
S2050007FB7F79
S2050007FC37C0
S2050007FD07EF
S2050007FE08ED
S2050007FF00F4
S20500080013DF
S20500080108E9
S20500080200F0
S20500080300EF
S2050008046F7F
S205000805F0FD
S205000806DF0D
S205000807CC1F
S20500080813D7
S20500080916D3
S20500080A35B3
S20500080B00E7
S20500080C13D3
S20500080D568F
S20500080E36AE
S20500080F00E3
S20500081013CF
S20500081118C9
S205000812D709
S20500081301DE
S205000814934B
S20500081506D7
S205000816F0EC
S2050008177F5C
S20500081833A7
S2050008196871
S20500081AC810
S20500081B00D7
S20500081C13C3
S20500081D577E
S20500081E379D
S20500081F00D3
S205000820E3EF
S205000821864B
S205000822D7F9
S205000823FCD3
S20500082413BB
S20500082517B6
S205000826C705
S20500082700CB
S20500082813B7
S2050008295772
S20500082AC701
S20500082B00C7
S20500082C9333
S20500082DF7CE
S20500082EF7CD
S20500082F7F44
S20500083013AF
S2050008310EB3
S20500083204BC
S20500083300BF
S2050008346F4F
S205000835F0CD
S205000836DFDD
S205000837C9F2
S2050008389327
S20500083906B3
S20500083A199F
S20500083B00B7
S20500083C13A3
S20500083DF8BD
S20500083EE6CE
S20500083F7F34
S205000840634F
S2050008411899
S20500084208A8
S205000843149B
S205000844B3FB
S2050008456647
S205000846B7F5
S20500084700AB
S2050008486347
S2050008491C8D
S20500084A099F
S20500084B287F
S20500084C6343
S20500084D8223
S20500084E069E
S20500084F3073
S205000850B3EF
S205000851E6BB
S205000852E8B8
S205000853019E
S205000854633B
S2050008558815
S2050008560696
S2050008572279
S205000858B3E7
S2050008598712
S20500085AE5B3
S20500085B0196
S20500085CB3E3
S20500085DB5E0
S20500085EB7DD
S20500085F0093
S205000860335F
S205000861078A
S2050008621779
S205000863018E
S205000864335B
S2050008650786
S205000866B7D5
S205000867008B
S2050008681377
S205000869D8B1
S20500086A3751
S20500086B0087
S20500086C93F3
S20500086D176E
S20500086E87FD
S20500086F0083
S205000870136F
S2050008710E73
S205000872047C
S205000873007F
S205000874631B
S205000875DE9F
S2050008760775
S2050008773447
S205000878B7C3
S2050008790772
S20500087A80F8
S20500087BFF78
S20500087C93E3
S20500087D87EE
S20500087EF77D
S20500087FFF74
S205000880333F
S20500088177FA
S205000882F779
S205000883006F
S20500088493DB
S2050008851756
S205000886D795
S205000887016A
S2050008881357
S2050008895712
S20500088A3731
S20500088B0067
S20500088C3333
S20500088DE87D
S20500088E075D
S20500088F0162
S205000890332F
S20500089177EA
S205000892D789
S205000893015E
S20500089493CB
S2050008950756
S205000896104C
S205000897005B
S2050008986FEB
S205000899F069
S20500089A9FB9
S20500089BC394
S20500089C3323
S20500089D88CD
S20500089EE56F
S20500089F4112
S2050008A0B39F
S2050008A1B79A
S2050008A2054B
S2050008A3014E
S2050008A4B39B
S2050008A50944
S2050008A61735
S2050008A7410A
S2050008A8B397
S2050008A989C0
S2050008AAF94F
S2050008AB4007
S2050008AC93B3
S2050008AD97AE
S2050008AE89BB
S2050008AF0043
S2050008B093AF
S2050008B1043D
S2050008B20838
S2050008B3003F
S2050008B463DB
S2050008B5C677
S2050008B60735
S2050008B7102B
S2050008B83307
S2050008B968D1
S2050008BA3800
S2050008BB0136
S2050008BCE353
S2050008BD1E17
S2050008BE082C
S2050008BFB47F
S2050008C0131F
S2050008C10E23
S2050008C20030
S2050008C3002F
S2050008C4939B
S2050008C50726
S2050008C6002C
S2050008C7002B
S2050008C81317
S2050008C90722
S2050008CA0028
S2050008CB0027
S2050008CC6FB7
S2050008CDF035
S2050008CE5FC5
S2050008CFC063
S2050008D0130F
S2050008D1051C
S2050008D2F030
S2050008D37FA0
S2050008D463BB
S2050008D50E0F
S2050008D6A379
S2050008D71A01
S2050008D81307
S2050008D90514
S2050008DA8098
S2050008DB0314
S2050008DC1303
S2050008DD060F
S2050008DE1004
S2050008DF0013
S2050008E0E32F
S2050008E144CD
S2050008E2F51B
S2050008E3C847
S2050008E437D7
S2050008E50607
S2050008E6808C
S2050008E7000B
S2050008E833D7
S2050008E967A2
S2050008EAC741
S2050008EB0007
S2050008EC6F97
S2050008EDF015
S2050008EEDF25
S2050008EFC43F
S2050008F0B74B
S2050008F109F8
S2050008F28080
S2050008F3FF00
S2050008F4936B
S2050008F58974
S2050008F6F903
S2050008F7FFFC
S2050008F833C7
S2050008F909F0
S2050008FAF9FF
S2050008FB40B7
S2050008FCB343
S2050008FD797C
S2050008FE37BD
S2050008FF01F2
S2050009006F82
S205000901F000
S2050009021FD0
S205000903B737
S205000904935A
S2050009058666
S20500090607E4
S205000907FEEC
S20500090813D6
S20500090906E2
S20500090A00E7
S20500090B02E4
S20500090CB332
S20500090DD60E
S20500090ED80B
S20500090F00E2
S205000910637E
S2050009118A56
S205000912C718
S20500091300DE
S20500091413CA
S20500091506D6
S20500091600DB
S20500091704D6
S205000918B326
S20500091907D1
S20500091AF6E1
S20500091B4096
S20500091CB322
S20500091D973D
S20500091EF8DB
S20500091F00D2
S205000920339E
S2050009216F61
S205000922FFD0
S20500092300CE
S205000924339A
S2050009253696
S205000926E0EB
S20500092701C9
S2050009283396
S2050009296662
S20500092AD6F1
S20500092B00C6
S20500092C6F56
S20500092DF0D4
S20500092E9F24
S20500092FAC16
S205000930B70A
S20500093106BA
S205000932803F
S205000933FFBF
S205000934932A
S2050009358636
S205000936F6C5
S205000937FFBB
S205000938B306
S20500093907B1
S20500093AF9BE
S20500093B4076
S20500093C3382
S20500093D773D
S20500093ED7DC
S20500093F00B2
S205000940139E
S2050009411898
S205000942D7D8
S20500094301AD
S205000944337A
S2050009456844
S2050009463873
S20500094701A9
S2050009481396
S2050009495751
S20500094A3770
S20500094B00A6
S20500094C6F36
S20500094DF0B4
S20500094E9F04
S20500094FEDB5
S205000950B3EE
S205000951663A
S205000952B7E8
S205000953009E
S205000954633A
S2050009558616
S2050009560695
S2050009571E7C
S2050009589306
S2050009598612
S20500095AF7A0
S20500095BFF97
S20500095C6332
S20500095D8E06
S20500095E068D
S20500095F0A88
S205000960137E
S205000961058B
S205000962F09F
S2050009637F0F
S205000964632A
S205000965800C
S205000966A7E4
S2050009671476
S20500096893F6
S2050009690781
S20500096A8007
S20500096B0383
S20500096C93F2
S20500096D097B
S20500096E1073
S20500096F0082
S205000970E39E
S205000971C6BA
S205000972D7A8
S205000973E49A
S20500097493EA
S20500097587F5
S2050009760675
S205000977007A
S2050009786F0A
S205000979F088
S20500097A5F18
S20500097BE195
S20500097C1362
S20500097D0E66
S20500097E046F
S20500097F0072
S20500098093DE
S2050009810769
S205000982F07F
S2050009837FEF
S205000984135A
S2050009850765
S205000986006B
S205000987006A
S2050009881356
S2050009890860
S20500098A0067
S20500098B0066
S20500098C6FF6
S20500098DF074
S20500098E5F04
S20500098FB4AE
S20500099093CE
S2050009910759
S205000992F06F
S2050009937FDF
S205000994E37A
S20500099584D8
S205000996F665
S205000997FE5C
S2050009983326
S2050009998FC9
S20500099AE572
S20500099B0155
S20500099CB3A2
S20500099D351F
S20500099EBF94
S20500099F0052
S2050009A0B39E
S2050009A10749
S2050009A21738
S2050009A3014D
S2050009A4B39A
S2050009A587C5
S2050009A6B794
S2050009A7004A
S2050009A81336
S2050009A996B2
S2050009AAF750
S2050009AB0145
S2050009AC1332
S2050009AD5FE5
S2050009AE1F24
S2050009AF0042
S2050009B0B38E
S2050009B164DC
S2050009B2E659
S2050009B3013D
S2050009B493AA
S2050009B5D963
S2050009B61724
S2050009B7003A
S2050009B81326
S2050009B989AF
S2050009BA0631
S2050009BB0036
S2050009BC6FC6
S2050009BDF044
S2050009BE5FD4
S2050009BFAB87
S2050009C033FE
S2050009C1062A
S2050009C2BF70
S2050009C340EE
S2050009C4B37A
S2050009C587A5
S2050009C6E843
S2050009C740EA
S2050009C833F6
S2050009C937F1
S2050009CACF58
S2050009CB0026
S2050009CC9392
S2050009CD0420
S2050009CE061D
S2050009CF0022
S2050009D0B36E
S2050009D18997
S2050009D2E738
S2050009D340DE
S2050009D4130A
S2050009D58498
S2050009D60615
S2050009D7001A
S2050009D86FAA
S2050009D9F028
S2050009DA1FF8
S2050009DBA472
S2050009DC1302
S2050009DD16FE
S2050009DE36DD
S2050009DF0012
S2050009E013FE
S2050009E156BA
S2050009E236D9
S2050009E3000E
S2050009E413FA
S2050009E58488
S2050009E60605
S2050009E7000A
S2050009E813F6
S2050009E98781
S2050009EA08FF
S2050009EB0006
S2050009EC6F96
S2050009EDF014
S2050009EE5FA4
S2050009EFE220
S2050009F0E31E
S2050009F112EE
S2050009F203FC
S2050009F3DE20
S2050009F4639A
S2050009F506F6
S2050009F608F3
S2050009F71CDE
S2050009F813E6
S2050009F9D721
S2050009FA38BF
S2050009FB00F6
S2050009FC13E2
S2050009FD16DE
S2050009FE36BD
S2050009FF00F2
S205000A00935D
S205000A019857
S205000A02D816
S205000A0301EC
S205000A0433B9
S205000A056784
S205000A0617D3
S205000A0701E8
S205000A0813D5
S205000A095691
S205000A0A36B0
S205000A0B00E5
S205000A0C33B1
S205000A0D677C
S205000A0EC71B
S205000A0F00E1
S205000A1013CD
S205000A11845B
S205000A1206D8
S205000A1300DD
S205000A146F6D
S205000A15F0EB
S205000A16DFFB
S205000A17DDFC
S205000A1833A5
S205000A198F48
S205000A1AE5F1
S205000A1B01D4
S205000A1CB321
S205000A1D08CB
S205000A1E17BB
S205000A1F01D0
S205000A20B31D
S205000A21359A
S205000A22BF0F
S205000A2300CD
S205000A24B319
S205000A258942
S205000A26B812
S205000A2700C9
S205000A289335
S205000A299730
S205000A2A893D
S205000A2B00C5
S205000A2C9331
S205000A2D04BF
S205000A2E0FB3
S205000A2F00C1
S205000A30635D
S205000A31D4EB
S205000A3207B7
S205000A330EAF
S205000A3413A9
S205000A3509B2
S205000A36209A
S205000A3700B9
S205000A386F49
S205000A39F0C7
S205000A3A1F97
S205000A3BBDF8
S205000A3C3381
S205000A3D8F24
S205000A3EE5CD
S205000A3F4170
S205000A40B3FD
S205000A4108A7
S205000A421797
S205000A43416C
S205000A44B3F9
S205000A45B5F6
S205000A46E5C5
S205000A4701A8
S205000A489315
S205000A4904A3
S205000A4A0F97
S205000A4B00A5
S205000A4CB3F1
S205000A4D891A
S205000A4EB8EA
S205000A4F4061
S205000A50138D
S205000A510996
S205000A52108E
S205000A53009D
S205000A546F2D
S205000A55F0AB
S205000A561F7B
S205000A579BFE
S205000A589305
S205000A598611
S205000A5A078F
S205000A5BFE97
S205000A5C1381
S205000A5D068D
S205000A5E0092
S205000A5F028F
S205000A60B3DD
S205000A61D6B9
S205000A62D8B6
S205000A63008D
S205000A646329
S205000A658A01
S205000A66C7C3
S205000A670089
S205000A681375
S205000A690681
S205000A6A0086
S205000A6B0481
S205000A6CB3D1
S205000A6D077C
S205000A6EF68C
S205000A6F4041
S205000A70B3CD
S205000A7197E8
S205000A72F886
S205000A73007D
S205000A743349
S205000A756F0C
S205000A76FF7B
S205000A770079
S205000A78B3C5
S205000A79393E
S205000A7AE096
S205000A7B0174
S205000A7CB3C1
S205000A7DE98A
S205000A7ED999
S205000A7F0071
S205000A806F01
S205000A81F07F
S205000A825F0F
S205000A83B6B7
S205000A841359
S205000A851655
S205000A863535
S205000A870069
S205000A8893D5
S205000A89590E
S205000A8A3630
S205000A8B0065
S205000A8C6FF5
S205000A8DF073
S205000A8E5F03
S205000A8FEB76
S205000A90134D
S205000A911649
S205000A923628
S205000A93005D
S205000A941349
S205000A955605
S205000A963624
S205000A970059
S205000A981345
S205000A9984D3
S205000A9A0650
S205000A9B0055
S205000A9C1341
S205000A9D87CC
S205000A9E084A
S205000A9F0051
S205000AA06FE1
S205000AA1F05F
S205000AA21F2F
S205000AA3D479
S205000AA41339
S205000AA51635
S205000AA63614
S205000AA70049
S205000AA81335
S205000AA956F1
S205000AAA3610
S205000AAB0045
S205000AAC1331
S205000AAD87BC
S205000AAE083A
S205000AAF0041
S205000AB06FD1
S205000AB1F04F
S205000AB21F1F
S205000AB3D36A
S205000AB41329
S205000AB585B6
S205000AB60733
S205000AB7FE3B
S205000AB81325
S205000AB90631
S205000ABA0036
S205000ABB0233
S205000ABC3301
S205000ABD55DE
S205000ABEA78B
S205000ABF0031
S205000AC063CD
S205000AC18AA5
S205000AC2C767
S205000AC3002D
S205000AC41319
S205000AC50625
S205000AC6002A
S205000AC70425
S205000AC8B375
S205000AC90720
S205000ACAF630
S205000ACB40E5
S205000ACCB371
S205000ACD170C
S205000ACEF72B
S205000ACF0021
S205000AD0B36D
S205000AD1E53A
S205000AD2F529
S205000AD3001D
S205000AD433E9
S205000AD536E5
S205000AD6B06A
S205000AD70019
S205000AD833E5
S205000AD966B1
S205000ADAA670
S205000ADB0015
S205000ADC6FA5
S205000ADDF023
S205000ADEDF33
S205000ADFA869
S205000AE0E32D
S205000AE1828D
S205000AE20608
S205000AE3FC11
S205000AE433D9
S205000AE5EF1C
S205000AE6E822
S205000AE70108
S205000AE8E325
S205000AE916F1
S205000AEA0FF7
S205000AEBD035
S205000AEC6F95
S205000AEDF013
S205000AEEDF23
S205000AEFCE33
S205000AF0E31D
S205000AF108F7
S205000AF208F6
S205000AF3DC21
S205000AF413E9
S205000AF518E3
S205000AF636C4
S205000AF700F9
S205000AF89365
S205000AF99760
S205000AFAD81E
S205000AFB01F4
S205000AFC13E1
S205000AFD589B
S205000AFE38BA
S205000AFF00F1
S205000B0013DC
S205000B01D717
S205000B0238B5
S205000B0300EC
S205000B0433B8
S205000B056882
S205000B06F8F1
S205000B0700E8
S205000B0833B4
S205000B09776F
S205000B0AD70E
S205000B0B01E3
S205000B0C13D0
S205000B0D8E54
S205000B0E06DB
S205000B0F00E0
S205000B10934C
S205000B1107D7
S205000B1200DD
S205000B1300DC
S205000B146F6C
S205000B15F0EA
S205000B16DFFA
S205000B179B3D
S205000B189344
S205000B1907CF
S205000B1A10C5
S205000B1B00D4
S205000B1C6F64
S205000B1DF0E2
S205000B1EDFF2
S205000B1FC20E
S205000B20B31C
S205000B2105C9
S205000B22BF0E
S205000B23408C
S205000B24B318
S205000B258842
S205000B26E8E1
S205000B274088
S205000B283394
S205000B29378F
S205000B2ABF06
S205000B2B00C4
S205000B2C9330
S205000B2D843E
S205000B2E05BC
S205000B2F00C0
S205000B30B30C
S205000B318935
S205000B32E8D5
S205000B33407C
S205000B3413A8
S205000B358436
S205000B3606B3
S205000B3700B8
S205000B3813A4
S205000B3909AD
S205000B3A10A5
S205000B3B00B4
S205000B3C6F44
S205000B3DF0C2
S205000B3E9F12
S205000B3F8C24
S205000B40139C
S205000B411698
S205000B423677
S205000B4300AC
S205000B441398
S205000B455654
S205000B463673
S205000B4700A8
S205000B481394
S205000B49871F
S205000B4A089D
S205000B4B00A4
S205000B4C6F34
S205000B4DF0B2
S205000B4E5F42
S205000B4FCCD4
S205000B50138C
S205000B511688
S205000B523667
S205000B53009C
S205000B549308
S205000B555941
S205000B563663
S205000B570098
S205000B581384
S205000B59870F
S205000B5A088D
S205000B5B0094
S205000B5C6F24
S205000B5DF0A2
S205000B5E5F32
S205000B5FDEB2
S205000B6093FC
S205000B618608
S205000B620786
S205000B63FE8E
S205000B641378
S205000B650684
S205000B660089
S205000B670286
S205000B68B3D4
S205000B695630
S205000B6AD7AE
S205000B6B0084
S205000B6C6320
S205000B6D8AF8
S205000B6EC7BA
S205000B6F0080
S205000B70136C
S205000B710678
S205000B72007D
S205000B730478
S205000B74B3C8
S205000B750773
S205000B76F683
S205000B774038
S205000B78B3C4
S205000B79175F
S205000B7AF77E
S205000B7B0074
S205000B7CB3C0
S205000B7DE58D
S205000B7EF57C
S205000B7F0070
S205000B80B3BC
S205000B813935
S205000B82B0BD
S205000B83006C
S205000B84B3B8
S205000B85E981
S205000B86D990
S205000B870068
S205000B886FF8
S205000B89F076
S205000B8A5F06
S205000B8BC3A1
S205000B8C1350
S205000B8DD68C
S205000B8E342D
S205000B8F0060
S205000B9093CC
S205000B910757
S205000B920954
S205000B93005C
S205000B941348
S205000B9587D3
S205000B960950
S205000B970058
S205000B986FE8
S205000B99F066
S205000B9A9FB6
S205000B9BC78D
S205000B9C93C0
S205000B9D064C
S205000B9E0051
S205000B9F024E
S205000BA0B39C
S205000BA186C8
S205000BA2F657
S205000BA3400C
S205000BA41338
S205000BA50644
S205000BA60049
S205000BA70048
S205000BA86FD8
S205000BA9F056
S205000BAA5FE6
S205000BAB8BB9
S205000BAC3310
S205000BADE85A
S205000BAEC978
S205000BAF0040
S205000BB0E35C
S205000BB10836
S205000BB20835
S205000BB3D06C
S205000BB493A8
S205000BB5D961
S205000BB63900
S205000BB70038
S205000BB81324
S205000BB9072F
S205000BBA062F
S205000BBB0034
S205000BBC6FC4
S205000BBDF042
S205000BBE5FD2
S205000BBFD858
S205000BC0131C
S205000BC10E20
S205000BC2002D
S205000BC3002C
S205000BC49398
S205000BC50723
S205000BC6F039
S205000BC77FA9
S205000BC837F0
S205000BC9071F
S205000BCA081D
S205000BCB0024
S205000BCC6FB4
S205000BCDF032
S205000BCE5FC2
S205000BCF9090
S205000BD0938C
S205000BD11707
S205000BD2D746
S205000BD3011B
S205000BD41308
S205000BD557C3
S205000BD637E2
S205000BD70018
S205000BD833E4
S205000BD9E82E
S205000BDA070E
S205000BDB0113
S205000BDC33E0
S205000BDD779B
S205000BDED73A
S205000BDF010F
S205000BE0937C
S205000BE10707
S205000BE2000D
S205000BE3000C
S205000BE46F9C
S205000BE5F01A
S205000BE6DF2A
S205000BE78E7A
S205000BE813F4
S205000BE918EE
S205000BEAD72E
S205000BEB0103
S205000BEC9370
S205000BEDD52D
S205000BEE35CC
S205000BEF0000
S205000BF033CC
S205000BF16896
S205000BF2B845
S205000BF300FC
S205000BF413E8
S205000BF557A3
S205000BF637C2
S205000BF700F8
S205000BF813E4
S205000BF98472
S205000BFA06EF
S205000BFB00F4
S205000BFC6F84
S205000BFDF002
S205000BFE9F52
S205000BFFC22E
S205000C0013DB
S205000C0101EC
S205000C0201EB
S205000C03FBF0
S205000C049357
S205000C05D712
S205000C0645A3
S205000C0701E6
S205000C0823C3
S205000C0924C1
S205000C0A8163
S205000C0B04DF
S205000C0C23BF
S205000C0D22BF
S205000C0E914F
S205000C0F04DB
S205000C1023BB
S205000C1120BD
S205000C1221BB
S205000C1305D6
S205000C1423B7
S205000C152CAD
S205000C164197
S205000C1703D4
S205000C1823B3
S205000C192AAB
S205000C1A5183
S205000C1B03D0
S205000C1C933F
S205000C1D943D
S205000C1EC50B
S205000C1F00CF
S205000C2023AB
S205000C2126A7
S205000C2211BB
S205000C2304C7
S205000C2423A7
S205000C252E9B
S205000C263197
S205000C2703C4
S205000C2823A3
S205000C29289D
S205000C2A6163
S205000C2B03C0
S205000C2C239F
S205000C2D269B
S205000C2E714F
S205000C2F03BC
S205000C30239B
S205000C312499
S205000C32813B
S205000C3303B8
S205000C349327
S205000C35F7C2
S205000C36F7C1
S205000C377F38
S205000C3813A3
S205000C3904B1
S205000C3A05AF
S205000C3B00B3
S205000C3C139F
S205000C3D0AA7
S205000C3E06AA
S205000C3F00AF
S205000C40139B
S205000C418924
S205000C4206A6
S205000C4300AB
S205000C449317
S205000C45D4D5
S205000C46C4E4
S205000C4700A7
S205000C489313
S205000C49DACB
S205000C4AF5AF
S205000C4B01A2
S205000C4C633F
S205000C4D8A17
S205000C4E0799
S205000C4F1887
S205000C50138B
S205000C510796
S205000C52F0AC
S205000C537F1C
S205000C546337
S205000C558811
S205000C56E7B1
S205000C57088F
S205000C581383
S205000C595B3A
S205000C5AD5BF
S205000C5B0192
S205000C5C93FF
S205000C5D94FD
S205000C5E345C
S205000C5F008F
S205000C60B3DB
S205000C616429
S205000C629BF1
S205000C63008B
S205000C643753
S205000C650782
S205000C668008
S205000C670087
S205000C683353
S205000C69EB9A
S205000C6AE4A0
S205000C6B0083
S205000C6C93EF
S205000C6D1B66
S205000C6E354B
S205000C6F007F
S205000C7093EB
S205000C7189F4
S205000C721765
S205000C73C0BB
S205000C7493E7
S205000C750475
S205000C760078
S205000C770077
S205000C781363
S205000C790C69
S205000C7A0074
S205000C7B0073
S205000C7C93DF
S205000C7D571A
S205000C7E4927
S205000C7F016E
S205000C80135B
S205000C811459
S205000C82C9A3
S205000C83006B
S205000C8493D7
S205000C85F772
S205000C86F771
S205000C877FE8
S205000C881353
S205000C895411
S205000C8AC4A0
S205000C8B0063
S205000C8C134F
S205000C8D5908
S205000C8EF967
S205000C8F015E
S205000C9063FB
S205000C9182DB
S205000C920755
S205000C930853
S205000C941347
S205000C950752
S205000C96F068
S205000C977FD8
S205000C9863F3
S205000C998ACB
S205000C9AE76D
S205000C9B183B
S205000C9C133F
S205000C9D143D
S205000C9E341C
S205000C9F004F
S205000CA0133B
S205000CA157F6
S205000CA2DA72
S205000CA3014A
S205000CA43317
S205000CA567E2
S205000CA687C1
S205000CA70047
S205000CA893B3
S205000CA987BE
S205000CAA172D
S205000CABC083
S205000CAC370B
S205000CAD043D
S205000CAE80C0
S205000CAF003F
S205000CB0B38B
S205000CB189B4
S205000CB2F943
S205000CB340FB
S205000CB43307
S205000CB564D5
S205000CB687B1
S205000CB70037
S205000CB81323
S205000CB9181D
S205000CBA3AFA
S205000CBB0033
S205000CBC939F
S205000CBD072A
S205000CBE0030
S205000CBF002F
S205000CC0131B
S205000CC10726
S205000CC2F03C
S205000CC3002B
S205000CC433F7
S205000CC5CA5F
S205000CC62AFE
S205000CC70126
S205000CC863C3
S205000CC964C1
S205000CCA978D
S205000CCB24FF
S205000CCC37EB
S205000CCD071A
S205000CCE1010
S205000CCF001F
S205000CD0130B
S205000CD10716
S205000CD20715
S205000CD3001B
S205000CD49387
S205000CD59485
S205000CD624F4
S205000CD70017
S205000CD8B363
S205000CD98491
S205000CDAE430
S205000CDB0013
S205000CDC030F
S205000CDDA76A
S205000CDE040C
S205000CDF000F
S205000CE067A7
S205000CE1000D
S205000CE20705
S205000CE3000B
S205000CE433D7
S205000CE5EB1E
S205000CE6A464
S205000CE70007
S205000CE863A3
S205000CE91EE7
S205000CEA0BF9
S205000CEB1CE7
S205000CEC936F
S205000CED57AA
S205000CEE49B7
S205000CEF01FE
S205000CF013EB
S205000CF114E9
S205000CF2C933
S205000CF300FB
S205000CF49367
S205000CF5F702
S205000CF6F701
S205000CF77F78
S205000CF89363
S205000CF90BEA
S205000CFA00F4
S205000CFB00F3
S205000CFC935F
S205000CFD04ED
S205000CFE8070
S205000CFF00EF
S205000D00935A
S205000D0109E3
S205000D02F0FB
S205000D037F6B
S205000D0413D6
S205000D050CDC
S205000D0620C7
S205000D0700E6
S205000D0813D2
S205000D095490
S205000D0AC41F
S205000D0B00E2
S205000D0C13CE
S205000D0D5987
S205000D0EF9E6
S205000D0F01DD
S205000D10E3FA
S205000D11924A
S205000D1207D4
S205000D13F8E2
S205000D1433A6
S205000D156870
S205000D164493
S205000D1701D5
S205000D186372
S205000D1902D2
S205000D1A08CB
S205000D1B1CB6
S205000D1C636E
S205000D1D06CA
S205000D1E04CB
S205000D1F5C72
S205000D2013BA
S205000D2105C7
S205000D2204C7
S205000D2300CA
S205000D24EFDA
S205000D2510B8
S205000D26D0F7
S205000D274086
S205000D289332
S205000D2907BD
S205000D2A05BE
S205000D2B00C2
S205000D2C932E
S205000D2D06BA
S205000D2E556A
S205000D2FFFBF
S205000D3013AA
S205000D3107B5
S205000D32D0EB
S205000D3301B9
S205000D3413A6
S205000D358830
S205000D368730
S205000D37FFB7
S205000D383382
S205000D3907AD
S205000D3AD7DC
S205000D3B4072
S205000D3C337E
S205000D3D149C
S205000D3E04AB
S205000D3F01AD
S205000D40337A
S205000D415755
S205000D42EAC1
S205000D4300AA
S205000D443376
S205000D456444
S205000D468720
S205000D4700A6
S205000D483372
S205000D49188C
S205000D4A0A99
S205000D4B01A1
S205000D4CB3EE
S205000D4D8719
S205000D4E3768
S205000D4F019D
S205000D50930A
S205000D518913
S205000D523764
S205000D533F5B
S205000D549306
S205000D550791
S205000D560097
S205000D570096
S205000D586F26
S205000D59F0A4
S205000D5A9FF4
S205000D5BF69C
S205000D5C335E
S205000D5D0789
S205000D5EF798
S205000D5F404E
S205000D6093FA
S205000D610686
S205000D62800B
S205000D630387
S205000D646326
S205000D65D0B8
S205000D66E6A1
S205000D676026
S205000D6893F2
S205000D69077D
S205000D6A0083
S205000D6B0082
S205000D6C93EE
S205000D6D067A
S205000D6E007F
S205000D6F007E
S205000D70136A
S205000D710775
S205000D72007B
S205000D73007A
S205000D7483F6
S205000D752058
S205000D76C1B6
S205000D770472
S205000D780372
S205000D792450
S205000D7A81F2
S205000D7B046E
S205000D7C93DE
S205000D7D97D9
S205000D7E4728
S205000D7F016D
S205000D80B3BA
S205000D81E785
S205000D82D794
S205000D83006A
S205000D8493D6
S205000D851652
S205000D86FA6D
S205000D870165
S205000D88B3B2
S205000D89E77D
S205000D8AD78C
S205000D8B0062
S205000D8C83DE
S205000D8D243C
S205000D8E411E
S205000D8F045A
S205000D90035A
S205000D912933
S205000D92015A
S205000D930456
S205000D9483D6
S205000D95292F
S205000D96C196
S205000D970353
S205000D980352
S205000D992A2A
S205000D9A81D2
S205000D9B034F
S205000D9C83CE
S205000D9D2A26
S205000D9E410E
S205000D9F034B
S205000DA0034A
S205000DA12B21
S205000DA2014A
S205000DA30347
S205000DA483C6
S205000DA52B1D
S205000DA6C186
S205000DA70244
S205000DA80342
S205000DA92C18
S205000DAA81C2
S205000DAB0240
S205000DAC132E
S205000DAD053B
S205000DAE0738
S205000DAF003E
S205000DB093AA
S205000DB185B7
S205000DB20734
S205000DB3003A
S205000DB41326
S205000DB50137
S205000DB60136
S205000DB70531
S205000DB867CE
S205000DB980B4
S205000DBA0033
S205000DBB0032
S205000DBC939E
S205000DBD0729
S205000DBEF03F
S205000DBF7FAF
S205000DC0939A
S205000DC10626
S205000DC2002B
S205000DC3002A
S205000DC41316
S205000DC50721
S205000DC60027
S205000DC70026
S205000DC86FB6
S205000DC9F034
S205000DCADF44
S205000DCBFA28
S205000DCC130E
S205000DCD0A16
S205000DCE001F
S205000DCF001E
S205000DD0938A
S205000DD10715
S205000DD2F02B
S205000DD37F9B
S205000DD4B762
S205000DD50612
S205000DD6080F
S205000DD70016
S205000DD81302
S205000DD9070D
S205000DDA0013
S205000DDB0012
S205000DDC6FA2
S205000DDDF020
S205000DDE9F70
S205000DDFF915
S205000DE033DA
S205000DE1EB21
S205000DE2A467
S205000DE3000A
S205000DE463A6
S205000DE50CFC
S205000DE60BFC
S205000DE710F6
S205000DE863A2
S205000DE98480
S205000DEA04FF
S205000DEB52B0
S205000DEC13EE
S205000DED857B
S205000DEE04FB
S205000DEF00FE
S205000DF0EF0E
S205000DF110EC
S205000DF210EB
S205000DF334C6
S205000DF413E6
S205000DF507F1
S205000DF605F2
S205000DF700F6
S205000DF89362
S205000DF907ED
S205000DFA559E
S205000DFBFFF3
S205000DFC13DE
S205000DFD0BE5
S205000DFED01F
S205000DFF01ED
S205000E009359
S205000E010BE0
S205000E028763
S205000E03FFEA
S205000E0433B5
S205000E050BDC
S205000E06FBEB
S205000E0740A5
S205000E08B331
S205000E09944F
S205000E0A746E
S205000E0B01E0
S205000E0C33AD
S205000E0D5B84
S205000E0E647A
S205000E0F01DC
S205000E1033A9
S205000E116B70
S205000E129B3F
S205000E1300D9
S205000E14B325
S205000E151BBC
S205000E167462
S205000E1701D4
S205000E189341
S205000E1907CC
S205000E1AD002
S205000E1BC011
S205000E1CB31D
S205000E1D8946
S205000E1EE7E7
S205000E1F408D
S205000E209339
S205000E2104C7
S205000E2200CA
S205000E2300C9
S205000E2413B5
S205000E250CBB
S205000E2600C6
S205000E2700C5
S205000E286F55
S205000E29F0D3
S205000E2A5F63
S205000E2BE5DC
S205000E2C338D
S205000E2D6857
S205000E2E447A
S205000E2F01BC
S205000E309329
S205000E318932
S205000E3219A1
S205000E338039
S205000E346355
S205000E351C9B
S205000E3608AE
S205000E370AAB
S205000E389321
S205000E39E4CF
S205000E3A248E
S205000E3B00B1
S205000E3C139D
S205000E3D04AB
S205000E3E00AE
S205000E3F00AD
S205000E409319
S205000E4107A4
S205000E42208A
S205000E4300A9
S205000E446F39
S205000E45F0B7
S205000E46DFC7
S205000E47E7BE
S205000E481391
S205000E49891A
S205000E4A0A98
S205000E4B00A1
S205000E4C138D
S205000E4D049B
S205000E4E0B93
S205000E4F009D
S205000E501389
S205000E518813
S205000E520B8F
S205000E530099
S205000E549305
S205000E550790
S205000E562076
S205000E570095
S205000E586331
S205000E59088B
S205000E5AFC96
S205000E5B6031
S205000E5C93FD
S205000E5D0788
S205000E5E305E
S205000E5F008D
S205000E60E3A9
S205000E610685
S205000E62FC8E
S205000E63F693
S205000E6493F5
S205000E650780
S205000E661076
S205000E670085
S205000E681371
S205000E690A79
S205000E6A0979
S205000E6B0081
S205000E6CE39D
S205000E6D0E71
S205000E6EFC82
S205000E6FEE8F
S205000E7093E9
S205000E7187F4
S205000E72F981
S205000E733F3A
S205000E746315
S205000E755225
S205000E76F086
S205000E773C39
S205000E781361
S205000E7977FC
S205000E7A78FA
S205000E7B0071
S205000E7C630D
S205000E7D1659
S205000E7E0767
S205000E7F5C11
S205000E801359
S205000E811754
S205000E8274F6
S205000E830069
S205000E846305
S205000E855A0D
S205000E86075F
S205000E870065
S205000E88B7AD
S205000E89075C
S205000E8A0062
S205000E8BFF62
S205000E8C93CD
S205000E8D87D8
S205000E8EF767
S205000E8FFF5E
S205000E903329
S205000E9174E7
S205000E92F466
S205000E930059
S205000E9493C5
S205000E9587D0
S205000E96094D
S205000E974015
S205000E981341
S205000E99074C
S205000E9AE072
S205000E9B7FD2
S205000E9CE36D
S205000E9D400F
S205000E9EF757
S205000E9FF25B
S205000EA01339
S205000EA158F3
S205000EA23812
S205000EA30049
S205000EA41335
S205000EA51730
S205000EA6D472
S205000EA70144
S205000EA893B1
S205000EA9162D
S205000EAA94AE
S205000EAB0041
S205000EAC330D
S205000EAD67D8
S205000EAE0737
S205000EAF013C
S205000EB093A9
S205000EB1D665
S205000EB2C674
S205000EB30039
S205000EB493A5
S205000EB5F740
S205000EB6F73F
S205000EB77FB6
S205000EB86FC5
S205000EB9F043
S205000EBADF53
S205000EBBEB46
S205000EBC131D
S205000EBD8CA3
S205000EBE0727
S205000EBF002D
S205000EC06FBD
S205000EC1F03B
S205000EC25FCB
S205000EC3F930
S205000EC41315
S205000EC58B9C
S205000EC60422
S205000EC70025
S205000EC89391
S205000EC90B18
S205000ECA051D
S205000ECB0021
S205000ECC938D
S205000ECD041B
S205000ECEC05E
S205000ECF001D
S205000ED09389
S205000ED10912
S205000ED2F02A
S205000ED37F9A
S205000ED41305
S205000ED50C0B
S205000ED630E6
S205000ED70015
S205000ED86FA5
S205000ED9F023
S205000EDA5FB3
S205000EDBDA37
S205000EDC937D
S205000EDDE42B
S205000EDE14FA
S205000EDF000D
S205000EE013F9
S205000EE10407
S205000EE2000A
S205000EE30009
S205000EE49375
S205000EE50700
S205000EE610F6
S205000EE70005
S205000EE86F95
S205000EE9F013
S205000EEA9F63
S205000EEBDD24
S205000EEC936D
S205000EEDE41B
S205000EEE34CA
S205000EEF00FD
S205000EF013E9
S205000EF108F3
S205000EF20AF0
S205000EF300F9
S205000EF49365
S205000EF507F0
S205000EF630C6
S205000EF700F5
S205000EF86F85
S205000EF9F003
S205000EFA9F53
S205000EFBDC15
S205000EFC935D
S205000EFD0BE4
S205000EFE00EE
S205000EFF00ED
S205000F009358
S205000F0104E6
S205000F0240A9
S205000F0300E8
S205000F049354
S205000F0509DD
S205000F0600E5
S205000F0700E4
S205000F0813D0
S205000F090CD6
S205000F0A10D1
S205000F0B00E0
S205000F0C6F70
S205000F0DF0EE
S205000F0E1FBE
S205000F0FD705
S205000F1023B8
S205000F1122B8
S205000F129148
S205000F1303D5
S205000F1423B4
S205000F1520B6
S205000F16A134
S205000F1703D1
S205000F1823B0
S205000F192EA4
S205000F1AB120
S205000F1B01CF
S205000F1C636C
S205000F1D6A64
S205000F1E6469
S205000F1F3B91
S205000F206368
S205000F2106C4
S205000F228B3E
S205000F233A8E
S205000F249334
S205000F25893D
S205000F26F9CC
S205000F27FFC5
S205000F2813B0
S205000F298C36
S205000F2A0BB6
S205000F2B00C0
S205000F2C932C
S205000F2D04BA
S205000F2E0BB2
S205000F2F00BC
S205000F3013A8
S205000F310DAD
S205000F3200B9
S205000F3300B8
S205000F349324
S205000F355C5A
S205000F36882D
S205000F3701B3
S205000F3813A0
S205000F39149E
S205000F3A842D
S205000F3B00B0
S205000F3C139C
S205000F3D5955
S205000F3E04A9
S205000F3F01AB
S205000F40B3F8
S205000F41ECBE
S205000F428C1D
S205000F4300A8
S205000F449314
S205000F4505A1
S205000F46099C
S205000F4700A4
S205000F481390
S205000F49851D
S205000F4A049D
S205000F4B00A0
S205000F4C138C
S205000F4D9B03
S205000F4E0C91
S205000F4F019B
S205000F509308
S205000F511A80
S205000F528811
S205000F530098
S205000F541384
S205000F555B3B
S205000F560B8A
S205000F570193
S205000F58EFA4
S205000F591082
S205000F5AD0C1
S205000F5B127E
S205000F5C93FC
S205000F5D0589
S205000F5E0588
S205000F5F008C
S205000F601378
S205000F610486
S205000F620584
S205000F630088
S205000F641374
S205000F650581
S205000F660B7A
S205000F670084
S205000F68EF94
S205000F691072
S205000F6A1071
S205000F6B0F71
S205000F6C93EC
S205000F6D0777
S205000F6E0578
S205000F6F007C
S205000F7093E8
S205000F710575
S205000F720970
S205000F730078
S205000F741364
S205000F7585F1
S205000F760471
S205000F770074
S205000F7893E0
S205000F7984EE
S205000F7A076A
S205000F7B0070
S205000F7CEF80
S205000F7D105E
S205000F7E105D
S205000F7F1557
S205000F801358
S205000F811555
S205000F820564
S205000F830167
S205000F8493D4
S205000F85570F
S205000F860C59
S205000F870163
S205000F88B3B0
S205000F89E77B
S205000F8AA7BA
S205000F8B0060
S205000F8C63FC
S205000F8DFA64
S205000F8E97C6
S205000F8F005C
S205000F90B3A8
S205000F9187D3
S205000F92FC5D
S205000F930058
S205000F941344
S205000F95074F
S205000F96F461
S205000F97FF55
S205000F9863F0
S205000F99FE54
S205000F9A97BA
S205000F9B3B15
S205000F9C133C
S205000F9D044A
S205000F9E0746
S205000F9F004C
S205000FA0B398
S205000FA184C6
S205000FA297B2
S205000FA34008
S205000FA493B4
S205000FA50541
S205000FA6093C
S205000FA70044
S205000FA81330
S205000FA985BD
S205000FAA043D
S205000FAB0040
S205000FACEF50
S205000FAD102E
S205000FAE90AD
S205000FAF0D2F
S205000FB093A8
S205000FB10535
S205000FB20534
S205000FB30038
S205000FB493A4
S205000FB50B2B
S205000FB60530
S205000FB70034
S205000FB81320
S205000FB9052D
S205000FBA0B26
S205000FBB0030
S205000FBCEF40
S205000FBD101E
S205000FBED05D
S205000FBF0923
S205000FC09398
S205000FC10723
S205000FC20524
S205000FC30028
S205000FC49394
S205000FC50521
S205000FC6091C
S205000FC70024
S205000FC81310
S205000FC9859D
S205000FCA041D
S205000FCB0020
S205000FCC938C
S205000FCD849A
S205000FCE0716
S205000FCF001C
S205000FD0EF2C
S205000FD1100A
S205000FD2D049
S205000FD30F09
S205000FD49384
S205000FD517FF
S205000FD60C09
S205000FD70113
S205000FD81300
S205000FD915FD
S205000FDA050C
S205000FDB010F
S205000FDC937C
S205000FDDD737
S205000FDE0706
S205000FDF010B
S205000FE0B358
S205000FE1E723
S205000FE2A762
S205000FE30008
S205000FE463A4
S205000FE5FA0C
S205000FE6976E
S205000FE70004
S205000FE8B350
S205000FE9877B
S205000FEAFC05
S205000FEB0000
S205000FEC13EC
S205000FED8777
S205000FEEFB02
S205000FEFFFFD
S205000FF06398
S205000FF1FA00
S205000FF29762
S205000FF335C3
S205000FF49364
S205000FF50BEB
S205000FF607EE
S205000FF700F4
S205000FF837BC
S205000FF903EF
S205000FFA01F0
S205000FFB00F0
S205000FFC13DC
S205000FFD14DA
S205000FFE04E9
S205000FFF01EB
S20500100033B7
S2050010016485
S2050010027474
S20500100301E6
S2050010049353
S2050010050DD8
S205001006F3F1
S205001007FFE4
S205001008B32F
S2050010097869
S20500100AB42C
S20500100B01DE
S20500100CB32B
S20500100DFDE0
S20500100EBA22
S20500100F01DA
S205001010B327
S2050010118B4E
S2050010129741
S2050010134097
S20500101413C3
S205001015DCF9
S2050010160ACA
S20500101701D2
S205001018933F
S205001019577A
S20500101A04CC
S20500101B01CE
S20500101C13BB
S20500101D8548
S20500101E08C4
S20500101F00CB
S2050010209337
S2050010218544
S2050010220DBB
S20500102300C7
S205001024EFD7
S20500102510B5
S2050010265074
S20500102703C0
S20500102813AF
S20500102908B9
S20500102A05BB
S20500102B00BF
S20500102C932B
S20500102D05B8
S20500102E0CB0
S20500102F00BB
S20500103013A7
S2050010318534
S20500103208B0
S20500103300B7
S205001034EFC7
S20500103510A5
S2050010365064
S20500103702B1
S205001038931F
S20500103908A9
S20500103A05AB
S20500103B00AF
S20500103C931B
S20500103D8528
S20500103E0D9F
S20500103F00AB
S2050010401397
S2050010418524
S20500104207A1
S20500104300A7
S205001044EFB7
S2050010451095
S2050010465054
S20500104701A2
S205001048138F
S2050010490E93
S20500104A059B
S20500104B009F
S20500104C930B
S20500104D0598
S20500104E0C90
S20500104F009B
S2050010501387
S2050010518514
S2050010520791
S2050010530097
S205001054EFA7
S2050010551085
S2050010565044
S2050010570093
S20500105893FF
S205001059573A
S20500105A0888
S20500105B018E
S20500105CB3DB
S20500105D8805
S20500105EC8C4
S20500105F018A
S205001060B3D7
S2050010618702
S2050010621771
S2050010630186
S2050010646323
S205001065F491
S205001066C7BD
S2050010670182
S205001068334F
S205001069057C
S20500106A651B
S20500106B007F
S20500106C3747
S20500106D0677
S20500106E017B
S20500106F007B
S2050010701367
S2050010710673
S205001072F682
S205001073FF78
S205001074B3C3
S205001075F481
S205001076C7AD
S2050010770073
S20500107893DF
S205001079D69B
S20500107A0769
S20500107B016E
S20500107C93DB
S20500107D94D9
S20500107E0468
S20500107F016A
S2050010803337
S20500108178F1
S205001082C8A0
S2050010830067
S205001084B3B3
S20500108587DE
S205001086A6BE
S2050010870063
S205001088B3AF
S20500108984DD
S20500108A045C
S20500108B015E
S20500108C63FB
S20500108DEA73
S20500108EFB61
S20500108F203B
S20500109063F7
S20500109186D3
S205001092FB5D
S2050010932037
S205001094B3A3
S2050010950451
S2050010969DB7
S2050010974013
S205001098B39F
S2050010998BC6
S20500109AFB55
S20500109B400F
S20500109C331B
S20500109D3D10
S20500109E9DAF
S20500109F004B
S2050010A0B397
S2050010A18BBE
S2050010A2AB9D
S2050010A34106
S2050010A463E3
S2050010A58ABB
S2050010A67CC8
S2050010A7370C
S2050010A893AF
S2050010A9053C
S2050010AA0937
S2050010AB003F
S2050010AC132B
S2050010AD85B8
S2050010AE0B31
S2050010AF003B
S2050010B0EF4B
S2050010B11029
S2050010B240F8
S2050010B37DBA
S2050010B493A3
S2050010B50530
S2050010B6052F
S2050010B70033
S2050010B8230F
S2050010B9260B
S2050010BAA18F
S2050010BB002F
S2050010BC131B
S2050010BD0D20
S2050010BE0527
S2050010BF002B
S2050010C01317
S2050010C10524
S2050010C20B1D
S2050010C30027
S2050010C4EF37
S2050010C51015
S2050010C640E4
S2050010C779AA
S2050010C8938F
S2050010C9071A
S2050010CA051B
S2050010CB001F
S2050010CC938B
S2050010CD0518
S2050010CE0913
S2050010CF001B
S2050010D01307
S2050010D18594
S2050010D20B0D
S2050010D30017
S2050010D49383
S2050010D58B8A
S2050010D6070D
S2050010D70013
S2050010D8EF23
S2050010D91001
S2050010DA40D0
S2050010DB7F90
S2050010DC13FB
S2050010DD15F8
S2050010DE0507
S2050010DF010A
S2050010E09377
S2050010E1D732
S2050010E20404
S2050010E30106
S2050010E4B353
S2050010E5E71E
S2050010E6A75D
S2050010E70003
S2050010E8639F
S2050010E9F011
S2050010EA7789
S2050010EB03FC
S2050010ECB34B
S2050010ED8776
S2050010EEFC00
S2050010EF00FB
S2050010F09367
S2050010F106F3
S2050010F2FDFB
S2050010F3FFF8
S2050010F46393
S2050010F5E213
S2050010F6975D
S2050010F737BC
S2050010F8638F
S2050010F9F001
S2050010FA7779
S2050010FB37B8
S2050010FC13DB
S2050010FD07E6
S2050010FEEDFF
S2050010FFFFEC
S20500110023C6
S20500110126C2
S205001102E106
S20500110300E6
S205001104B332
S205001105875D
S205001106974C
S20500110701E1
S205001108B32E
S2050011098B55
S20500110A7768
S20500110B419D
S20500110C934A
S20500110D05D7
S20500110E09D2
S20500110F00DA
S20500111013C6
S2050011118553
S2050011120BCC
S20500111300D6
S205001114EFE6
S20500111510C4
S20500111600D3
S205001117775B
S205001118933E
S20500111905CB
S20500111A05CA
S20500111B00CE
S20500111C13BA
S20500111D0DBF
S20500111E05C6
S20500111F00CA
S20500112013B6
S20500112105C3
S2050011220BBC
S20500112300C6
S205001124EFD6
S20500112510B4
S2050011264083
S205001127734F
S205001128932E
S20500112907B9
S20500112A05BA
S20500112B00BE
S20500112C932A
S20500112D05B7
S20500112E09B2
S20500112F00BA
S20500113013A6
S2050011318533
S2050011320BAC
S20500113300B6
S20500113413A2
S205001135892B
S20500113607AC
S20500113700B2
S205001138931E
S205001139941C
S20500113A04AB
S20500113B01AD
S20500113CEFBE
S20500113D109C
S20500113E00AB
S20500113F7931
S2050011401396
S2050011411593
S20500114205A2
S20500114301A5
S2050011449312
S205001145D4D0
S205001146049F
S20500114701A1
S205001148B3EE
S205001149E4BC
S20500114AA4FB
S20500114B009E
S20500114C633A
S20500114DFE9E
S20500114E2477
S20500114F0199
S205001150B3E6
S2050011518414
S2050011529CFB
S2050011530096
S2050011549302
S205001155078D
S205001156FD96
S205001157FF93
S205001158632E
S205001159E4AC
S20500115A94FB
S20500115B315D
S20500115C632A
S20500115DF29A
S20500115E2467
S20500115F3159
S2050011601376
S2050011610D7B
S205001162ED9A
S205001163FF87
S205001164B3D2
S2050011658400
S20500116694EF
S2050011670181
S20500116883FE
S2050011692759
S20500116AC1BE
S20500116B007E
S20500116CB3CA
S20500116D84F8
S20500116E2457
S20500116F4139
S20500117093E6
S20500117185F3
S2050011720D6A
S2050011730076
S2050011741362
S20500117598DC
S205001176076C
S2050011770171
S205001178333E
S2050011796808
S20500117AA8C7
S20500117B016D
S20500117C135A
S20500117D1359
S20500117E0863
S20500117F0169
S2050011801356
S2050011815315
S2050011820364
S2050011830165
S20500118493D2
S205001185570D
S205001186085B
S2050011870161
S205001188134E
S205001189055B
S20500118A035C
S20500118B005E
S20500118CEF6E
S20500118D104C
S20500118EC09B
S20500118F6CEE
S20500119093C6
S2050011910850
S2050011920552
S2050011930056
S20500119493C2
S205001195054F
S2050011960C47
S2050011970052
S205001198133E
S205001199054B
S20500119A034C
S20500119B004E
S20500119CEF5E
S20500119D103C
S20500119EC08B
S20500119F6BDF
S2050011A01336
S2050011A10345
S2050011A20542
S2050011A30046
S2050011A493B2
S2050011A585BF
S2050011A60D36
S2050011A70042
S2050011A8132E
S2050011A985BB
S2050011AA0738
S2050011AB003E
S2050011ACEF4E
S2050011AD102C
S2050011AEC07B
S2050011AF6AD0
S2050011B01326
S2050011B10E2A
S2050011B20532
S2050011B30036
S2050011B493A2
S2050011B5052F
S2050011B60C27
S2050011B70032
S2050011B8131E
S2050011B985AB
S2050011BA0728
S2050011BB002E
S2050011BCEF3E
S2050011BD101C
S2050011BEC06B
S2050011BF69C1
S2050011C09396
S2050011C1D751
S2050011C2081F
S2050011C30125
S2050011C433F2
S2050011C50321
S2050011C6C360
S2050011C70121
S2050011C8B36E
S2050011C98799
S2050011CA67B8
S2050011CB001E
S2050011CC63BA
S2050011CDF626
S2050011CEC754
S2050011CF0119
S2050011D037E2
S2050011D10711
S2050011D20116
S2050011D30016
S2050011D433E2
S2050011D5050F
S2050011D6E52E
S2050011D70012
S2050011D8B75A
S2050011D9060A
S2050011DA010E
S2050011DB000E
S2050011DC937A
S2050011DD8686
S2050011DEF615
S2050011DFFF0B
S2050011E013F6
S2050011E1D731
S2050011E20700
S2050011E30105
S2050011E4B352
S2050011E5F70D
S2050011E6D72C
S2050011E70002
S2050011E8936E
S2050011E99769
S2050011EA07F8
S2050011EB01FD
S2050011ECB34A
S2050011EDF804
S2050011EED823
S2050011EF00FA
S2050011F033C6
S2050011F107F1
S2050011F2A750
S2050011F300F6
S2050011F4B342
S2050011F5876D
S2050011F617DC
S2050011F701F1
S2050011F8638E
S2050011F9E010
S2050011FAE40B
S2050011FB02EC
S2050011FC638A
S2050011FD8C60
S2050011FEE407
S2050011FF00EA
S2050012008365
S2050012012CBB
S20500120241A5
S20500120302E3
S20500120403E1
S2050012052DB6
S20500120601E1
S20500120702DF
S205001208835D
S2050012092DB2
S20500120AC11D
S20500120B01DC
S20500120C13C9
S20500120D6873
S20500120E18C2
S20500120F00D9
S2050012106F69
S205001211F0E7
S2050012121FB7
S205001213C60F
S2050012146371
S2050012158A49
S20500121607CB
S2050012171CB5
S205001218B31D
S205001219844B
S20500121A9C32
S20500121B00CD
S20500121C13B9
S20500121D06C5
S20500121EF8D2
S20500121FFFCA
S2050012209335
S2050012218641
S20500122204C2
S20500122300C5
S2050012246361
S205001225ECD7
S205001226942E
S2050012271BA6
S205001228635D
S205001229EAD5
S20500122AE4DA
S20500122B2499
S20500122C6359
S20500122D8833
S20500122EE4D6
S20500122F2693
S20500123013A5
S20500123108AF
S20500123206B0
S20500123300B5
S2050012346F45
S205001235F0C3
S205001236DFD3
S205001237FCB5
S205001238139D
S20500123907A8
S20500123A109E
S20500123B00AD
S20500123CE3C9
S20500123D901B
S20500123E07A3
S20500123FB2F7
S2050012409315
S2050012418720
S205001242E9BD
S2050012434164
S205001244B3F1
S205001245168D
S205001246F8AA
S20500124700A1
S205001248B3ED
S2050012493669
S20500124AD0CE
S20500124B009D
S20500124CB3E9
S20500124D1784
S20500124EF4A6
S20500124F0099
S205001250B3E5
S205001251E7B0
S205001252F6A0
S2050012530095
S2050012543361
S205001255583B
S205001256E8AA
S2050012570091
S205001258335D
S2050012596827
S20500125AF896
S20500125B008D
S20500125C93F9
S20500125D7714
S20500125E7812
S20500125F0089
S2050012603355
S2050012615433
S205001262E4A2
S2050012630085
S2050012646321
S2050012658003
S205001266077B
S205001267027F
S20500126893ED
S2050012697708
S20500126AF886
S20500126B007D
S20500126C1369
S20500126D0774
S20500126E403A
S20500126F0079
S2050012706315
S2050012718AED
S205001272E78F
S2050012730075
S20500127493E1
S205001275076C
S205001276482A
S2050012770071
S205001278333D
S205001279B8B7
S20500127A0767
S20500127B016C
S20500127C3339
S20500127D0467
S20500127E0466
S20500127F0168
S2050012801355
S20500128188DF
S205001282075F
S2050012830065
S2050012841351
S205001285164D
S20500128684DE
S2050012870061
S20500128893CD
S2050012890758
S20500128A104E
S20500128B005D
S20500128C93C9
S20500128D0655
S20500128E005A
S20500128F0059
S2050012901345
S2050012910750
S2050012920056
S2050012930055
S205001294E371
S2050012954013
S205001296064C
S205001297AEA3
S2050012986FE1
S205001299004F
S20500129A80CE
S20500129B123B
S20500129CE369
S20500129D7CCF
S20500129E9DAD
S20500129FDE6B
S2050012A0B395
S2050012A10641
S2050012A25DE9
S2050012A30144
S2050012A43311
S2050012A5B68D
S2050012A6A69C
S2050012A70140
S2050012A8B38D
S2050012A9053A
S2050012AA96A8
S2050012AB013C
S2050012ACB389
S2050012AD8BB0
S2050012AEBB7F
S2050012AF0039
S2050012B01325
S2050012B18DAA
S2050012B20630
S2050012B30035
S2050012B493A1
S2050012B5052E
S2050012B6F43E
S2050012B7FF32
S2050012B863CD
S2050012B9FE31
S2050012BA7CB2
S2050012BB0726
S2050012BC63C9
S2050012BDE04B
S2050012BEFB2F
S2050012BF1415
S2050012C063C5
S2050012C18C9B
S2050012C277AF
S2050012C31312
S2050012C41311
S2050012C5849F
S2050012C6051D
S2050012C70021
S2050012C86FB1
S2050012C9F02F
S2050012CADF3F
S2050012CBDC41
S2050012CCE339
S2050012CDEC2F
S2050012CE0B0F
S2050012CFC554
S2050012D01305
S2050012D11CFB
S2050012D2FB1B
S2050012D30114
S2050012D41301
S2050012D5D73C
S2050012D61BF7
S2050012D70011
S2050012D8937D
S2050012D954BB
S2050012DA1BF3
S2050012DB000D
S2050012DC33D9
S2050012DD6C9F
S2050012DEEC1E
S2050012DF0009
S2050012E013F5
S2050012E19D6A
S2050012E2FB0B
S2050012E30104
S2050012E46F95
S2050012E5F013
S2050012E61FE3
S2050012E7C53C
S2050012E813ED
S2050012E905FA
S2050012EA0AF4
S2050012EB00FD
S2050012ECEF0D
S2050012ED10EB
S2050012EE40BA
S2050012EF6495
S2050012F09365
S2050012F106F1
S2050012F255A1
S2050012F301F4
S2050012F413E1
S2050012F507EC
S2050012F6C032
S2050012F701F0
S2050012F8935D
S2050012F907E8
S2050012FA05E9
S2050012FB02EB
S2050012FCE309
S2050012FD5A91
S2050012FED713
S2050012FFA247
S20500130013D4
S20500130105E1
S2050013028560
S205001303FFE5
S20500130413D0
S20500130508DA
S20500130600E1
S20500130700E0
S20500130833AC
S20500130914CA
S20500130AAA33
S20500130B00DC
S20500130C6F6C
S20500130DF0EA
S20500130E1FBA
S20500130FA434
S205001310EFE8
S20500131110C6
S20500131200D5
S2050013136272
S2050013149340
S20500131507CB
S205001316557C
S20500131701CF
S205001318933C
S20500131906C8
S20500131AC00D
S20500131B01CB
S20500131C13B8
S20500131D07C3
S20500131E05C4
S20500131F02C6
S205001320E3E4
S205001321DEE8
S205001322F6CF
S205001323AC18
S2050013249330
S20500132504BE
S205001326853C
S205001327FFC1
S205001328338C
S2050013291BA3
S20500132A9429
S20500132B00BC
S20500132C9328
S20500132D0BAF
S20500132E00B9
S20500132F00B8
S2050013306F48
S205001331F0C6
S2050013329F16
S205001333AE06
S205001334E3D0
S205001335981A
S2050013367C35
S205001337F9B7
S205001338E3CC
S20500133902AC
S20500133A06A7
S20500133BF8B4
S20500133C1398
S20500133D8426
S20500133E05A4
S20500133F00A8
S2050013406F38
S205001341F0B6
S2050013425F46
S205001343D5CF
S205001344E3C0
S205001345F8AA
S205001346970A
S205001347CAD6
S205001348930C
S2050013498B13
S20500134AEBB2
S20500134BFF9D
S20500134CB3E8
S20500134D8713
S20500134E9702
S20500134F0197
S2050013506F28
S205001351F0A6
S2050013529FF6
S205001353CACA
S205001354E3B0
S205001355F49E
S20500135697FA
S205001357C4CC
S205001358137C
S205001359048A
S20500135AE4A9
S20500135BFF8D
S20500135CB3D8
S20500135D8703
S20500135E97F2
S20500135F0187
S2050013606F18
S205001361F096
S2050013621F66
S205001363C4C0
S20500136493F0
S205001365067C
S205001366F091
S205001367017F
S205001368E39C
S205001369DCA2
S20500136AE697
S20500136BEC90
S20500136C93E8
S20500136D0674
S20500136E1069
S20500136FFE7A
S205001370B3C4
S20500137186F0
S205001372F67F
S2050013734034
S20500137493E0
S205001375076B
S2050013760071
S205001377026E
S205001378B3BC
S2050013795618
S20500137AD499
S20500137B006C
S20500137C6308
S20500137D0862
S20500137EF772
S20500137F0068
S20500138093D4
S20500138187DF
S205001382E97C
S2050013834321
S205001384B3B0
S205001385174B
S205001386F46D
S2050013870060
S205001388332C
S20500138968F6
S20500138AF865
S20500138B005C
S20500138C3328
S20500138D3822
S20500138E0059
S20500138F0157
S2050013903324
S20500139168EE
S205001392D87D
S2050013930054
S2050013941340
S20500139577DB
S20500139678D9
S2050013970050
S20500139893BC
S2050013990648
S20500139A004D
S20500139B004C
S20500139C63E8
S20500139D0842
S20500139E0742
S20500139F0246
S2050013A093B4
S2050013A177CF
S2050013A2F84D
S2050013A30044
S2050013A41330
S2050013A5073B
S2050013A64001
S2050013A70040
S2050013A8132C
S2050013A9043A
S2050013AA003D
S2050013AB003C
S2050013AC63D8
S2050013AD8AB0
S2050013AEE752
S2050013AF0038
S2050013B093A4
S2050013B1072F
S2050013B248ED
S2050013B30034
S2050013B43300
S2050013B5B87A
S2050013B6072A
S2050013B7012F
S2050013B833FC
S2050013B934FA
S2050013BA002D
S2050013BB012B
S2050013BC1318
S2050013BD88A2
S2050013BE0722
S2050013BF0028
S2050013C09394
S2050013C11610
S2050013C29491
S2050013C30024
S2050013C41310
S2050013C5170B
S2050013C6D44D
S2050013C7011F
S2050013C8938C
S2050013C9D648
S2050013CAC657
S2050013CB001C
S2050013CC1308
S2050013CD58C2
S2050013CE38E1
S2050013CF0018
S2050013D033E4
S2050013D167AF
S2050013D2E82D
S2050013D30014
S2050013D49380
S2050013D5070B
S2050013D60011
S2050013D70010
S2050013D86FA0
S2050013D9F01E
S2050013DADF2E
S2050013DB9973
S2050013DC13F8
S2050013DD0802
S2050013DE0603
S2050013DF0008
S2050013E0E324
S2050013E19076
S2050013E2E61F
S2050013E3E222
S2050013E4E320
S2050013E59E64
S2050013E657AA
S2050013E7E11F
S2050013E8837C
S2050013E92CD2
S2050013EA41BC
S2050013EB02FA
S2050013EC03F8
S2050013ED2DCD
S2050013EE01F8
S2050013EF02F6
S2050013F08374
S2050013F12DC9
S2050013F2C134
S2050013F301F3
S2050013F46F84
S2050013F5F002
S2050013F6DF12
S2050013F7A749
S2050013F8E30C
S2050013F9F6F8
S2050013FA9657
S2050013FBEC00
S2050013FCB338
S2050013FD8664
S2050013FEDA0F
S2050013FF00E8
S20500140033B3
S205001401B62F
S205001402568E
S20500140301E2
S20500140433AF
S20500140506DB
S205001406964A
S20500140701DE
S20500140813CB
S20500140904D9
S20500140AE4F8
S20500140BFFDC
S20500140C13C7
S20500140D8D4C
S20500140E06D2
S20500140F00D7
S205001410B323
S2050014118B4A
S205001412CB09
S20500141300D3
S2050014146F63
S205001415F0E1
S2050014161FB1
S205001417C807
S20500141813BB
S20500141907C6
S20500141A20AC
S20500141BC00B
S20500141C8347
S20500141D2C9D
S20500141E4187
S20500141F02C5
S20500142003C3
S2050014212D98
S20500142201C3
S20500142302C1
S205001424833F
S2050014252D94
S205001426C1FF
S20500142701BE
S205001428932B
S2050014298736
S20500142AF9C3
S20500142B3F7C
S20500142C13A7
S20500142D08B1
S20500142EF0C8
S20500142FFFB8
S205001430E3D3
S205001431C4F1
S205001432E9CB
S205001433E0D3
S205001434139F
S20500143507AA
S2050014364868
S20500143700AF
S205001438337B
S2050014393875
S20500143A07A5
S20500143B01AA
S20500143C3377
S20500143D04A5
S20500143E04A4
S20500143F01A6
S2050014401393
S205001441089D
S205001442079D
S20500144300A3
S2050014446F33
S205001445F0B1
S205001446DFC1
S205001447A3FC
S205001448138B
S2050014497726
S20500144AF8A4
S20500144B009B
S20500144C9307
S20500144D0693
S20500144E4058
S20500144F0097
S205001450E3B3
S205001451088D
S205001452D7BD
S205001453A2F1
S2050014546F23
S205001455F0A1
S2050014561F71
S205001457FE91
S205001458236B
S2050014592667
S20500145AD1BB
S20500145B008B
S20500145C6F1B
S20500145DF099
S20500145EDFA9
S20500145FCABD
S2050014601373
S2050014618DF8
S205001462077D
S2050014630083
S2050014646F13
S205001465F091
S2050014665F21
S205001467D0AF
S205001468136B
S2050014690A73
S20500146A0973
S20500146B007B
S20500146C93E7
S20500146D0772
S20500146EF088
S20500146F7FF8
S20500147093E3
S205001471066F
S2050014720074
S2050014730073
S205001474135F
S205001475076A
S2050014760070
S205001477006F
S2050014786FFF
S205001479F07D
S20500147ADF8D
S20500147B8FDC
S20500147C1357
S20500147D96D3
S20500147E1A4E
S20500147F0067
S205001480B3B3
S205001481362F
S205001482560E
S2050014830162
S205001484B3AF
S20500148586DB
S20500148696CA
S205001487015E
S205001488B3AB
S20500148986D7
S20500148AD488
S20500148B005B
S20500148C1347
S20500148D0851
S20500148EE870
S20500148FFF58
S20500149093C3
S2050014910A4B
S205001492064E
S2050014930053
S205001494E36F
S20500149588C9
S205001496E66A
S205001497F45B
S2050014986FDF
S205001499F05D
S20500149A9FAD
S20500149BD675
S20500149CE367
S20500149DE069
S20500149EFA4E
S20500149FFE49
S2050014A01333
S2050014A1083D
S2050014A2063E
S2050014A30043
S2050014A46FD3
S2050014A5F051
S2050014A61F21
S2050014A7F44B
S2050014A8132B
S2050014A9D766
S2050014AA45F7
S2050014AB013A
S2050014ACB783
S2050014AD0732
S2050014AE1028
S2050014AF0037
S2050014B093A3
S2050014B187AE
S2050014B2F73D
S2050014B3FF34
S2050014B4131F
S2050014B5D859
S2050014B646EA
S2050014B7012E
S2050014B8131B
S2050014B977B6
S2050014BAF735
S2050014BB7FAC
S2050014BC1317
S2050014BD0326
S2050014BEF038
S2050014BF7FA8
S2050014C033F3
S2050014C1FE27
S2050014C2B76D
S2050014C30023
S2050014C4938F
S2050014C50819
S2050014C6051B
S2050014C7001F
S2050014C8B36B
S2050014C9F726
S2050014CAD745
S2050014CB001B
S2050014CC9387
S2050014CDD544
S2050014CEF523
S2050014CF0116
S2050014D01303
S2050014D1789D
S2050014D2F81C
S2050014D37F94
S2050014D4937F
S2050014D5D63B
S2050014D6F61A
S2050014D7010E
S2050014D813FB
S2050014D90508
S2050014DA10FC
S2050014DB000B
S2050014DC63A7
S2050014DD0CFD
S2050014DE67A1
S2050014DF0007
S2050014E063A3
S2050014E108FD
S2050014E2689C
S2050014E30003
S2050014E4639F
S2050014E514ED
S2050014E607F9
S2050014E701FE
S2050014E8639B
S2050014E906F7
S2050014EAFEFE
S2050014EB02F9
S2050014EC6793
S2050014ED8079
S2050014EE00F8
S2050014EF00F7
S2050014F0678F
S2050014F18075
S2050014F200F4
S2050014F300F3
S2050014F4E30F
S2050014F51CD5
S2050014F6E808
S2050014F7FEF1
S2050014F8B33B
S2050014F96786
S2050014FAFEEE
S2050014FB00EB
S2050014FCB337
S2050014FDE702
S2050014FEC721
S2050014FF00E7
S205001500B332
S205001501E7FD
S20500150217CC
S20500150301E1
S205001504E3FE
S205001505944C
S20500150607D8
S205001507FEE0
S205001508B32A
S2050015098557
S20500150AD506
S20500150B409A
S20500150C33A6
S20500150D35A3
S20500150EB027
S20500150F00D6
S205001510676E
S2050015118054
S20500151200D3
S20500151300D2
S205001514E3EE
S2050015159C34
S205001516C807
S205001517FCD2
S205001518636A
S2050015198A42
S20500151AD5F6
S20500151B00CA
S20500151CE3E6
S20500151D18B0
S20500151E07C0
S20500151FFCCA
S2050015203392
S2050015216E56
S2050015221EA5
S20500152301C1
S205001524338E
S205001525358B
S205001526C0FF
S20500152701BD
S2050015286756
S205001529803C
S20500152A00BB
S20500152B00BA
S20500152C13A6
S20500152D05B3
S20500152E00B7
S20500152F00B6
S205001530674E
S2050015318034
S20500153200B3
S20500153300B2
S205001534931E
S205001535D8D8
S205001536456A
S20500153701AD
S205001538B7F6
S20500153907A5
S20500153A109B
S20500153B00AA
S20500153C9316
S20500153D8721
S20500153EF7B0
S20500153FFFA7
S2050015401392
S205001541D7CD
S205001542465D
S20500154301A1
S205001544930E
S205001545F8A8
S205001546F8A7
S2050015477F1F
S205001548138A
S2050015490E8E
S20500154AF0AB
S20500154B7F1B
S20500154C3366
S20500154DF3A5
S20500154EB7E0
S20500154F0096
S2050015501382
S205001551088C
S205001552058E
S2050015530092
S20500155493FE
S2050015550E82
S205001556058A
S205001557008E
S205001558B3DA
S205001559F795
S20500155AD7B4
S20500155B008A
S20500155C93F6
S20500155DD5B3
S20500155EF592
S20500155F0185
S2050015601372
S2050015610F75
S205001562067D
S2050015630082
S205001564136E
S205001565750B
S205001566F788
S2050015677FFF
S20500156893EA
S205001569D6A6
S20500156AF685
S20500156B0179
S20500156C6316
S20500156D88F0
S20500156EC8AF
S20500156F0571
S2050015706312
S2050015710470
S205001572C5AE
S205001573036F
S205001574630E
S2050015759AD6
S2050015760867
S2050015770668
S205001578333A
S2050015796804
S20500157A0368
S20500157B0169
S20500157C6306
S20500157D1058
S20500157E0562
S20500157F0660
S2050015803332
S205001581E67E
S205001582C79C
S2050015830062
S20500158463FE
S2050015850C54
S2050015860659
S2050015870856
S20500158863FA
S205001589124A
S20500158A0853
S20500158B0A50
S20500158C1346
S20500158D0553
S20500158E1047
S20500158F0056
S20500159063F2
S20500159182D2
S205001592064D
S205001593084A
S20500159467EA
S20500159580D0
S205001596004F
S205001597004E
S205001598331A
S205001599E666
S20500159AC784
S20500159B004A
S20500159C63E6
S20500159D1434
S20500159E0641
S20500159F083E
S2050015A063E2
S2050015A196AE
S2050015A2083B
S2050015A30042
S2050015A4330E
S2050015A563DD
S2050015A6033C
S2050015A7013D
S2050015A8E35A
S2050015A9023A
S2050015AA0338
S2050015ABFE3C
S2050015AC63D6
S2050015AD80B8
S2050015AED562
S2050015AF0630
S2050015B063D2
S2050015B192A2
S2050015B2052E
S2050015B3062C
S2050015B4131E
S2050015B5052B
S2050015B6101F
S2050015B7002E
S2050015B867C6
S2050015B980AC
S2050015BA002B
S2050015BB002A
S2050015BC33F6
S2050015BD63C5
S2050015BE0324
S2050015BF0125
S2050015C063C2
S2050015C11212
S2050015C20320
S2050015C3061C
S2050015C4E33E
S2050015C5160A
S2050015C6150A
S2050015C7FF1F
S2050015C8B36A
S2050015C9E735
S2050015CAC754
S2050015CB001A
S2050015CC63B6
S2050015CD9C7C
S2050015CE0710
S2050015CF0412
S2050015D0E332
S2050015D19084
S2050015D2D53E
S2050015D3FE14
S2050015D413FE
S2050015D5050B
S2050015D6000F
S2050015D7000E
S2050015D867A6
S2050015D9808C
S2050015DA000B
S2050015DB000A
S2050015DCE326
S2050015DD0800
S2050015DE08FF
S2050015DFFA0C
S2050015E0E322
S2050015E1986C
S2050015E2D52E
S2050015E3FC06
S2050015E46F92
S2050015E50000
S2050015E6807F
S2050015E702FC
S2050015E8E31A
S2050015E904F8
S2050015EA05F6
S2050015EBFCFE
S2050015ECE316
S2050015ED9266
S2050015EED522
S2050015EFFCFA
S2050015F0E312
S2050015F140B4
S2050015F215DE
S2050015F3FDF5
S2050015F4638E
S2050015F5CC24
S2050015F6A847
S2050015F700EE
S2050015F8E30A
S2050015F9EC00
S2050015FA6784
S2050015FBFAF0
S2050015FC6386
S2050015FD18D0
S2050015FEF3F4
S2050015FF00E6
S205001600E301
S205001601687B
S205001602DF03
S205001603FBE6
S20500160413CD
S20500160505DA
S20500160600DE
S20500160700DD
S205001608E3F9
S205001609F6E5
S20500160AEEEC
S20500160BF9E0
S20500160C13C5
S20500160D05D2
S20500160E10C6
S20500160F00D5
S205001610E3F1
S2050016119241
S20500161205CD
S205001613F8D9
S20500161413BD
S20500161505CA
S205001616F0DE
S205001617FFCE
S2050016186765
S205001619804B
S20500161A00CA
S20500161B00C9
S20500161CE3E5
S20500161D1AAD
S20500161E08BE
S20500161FF8CD
S205001620675D
S2050016218043
S20500162200C2
S20500162300C1
S20500162413AD
S20500162505BA
S205001626E0DE
S205001627FFBE
S2050016286755
S205001629803B
S20500162A00BA
S20500162B00B9
S20500162CE3D5
S20500162D8631
S20500162ED5E1
S20500162FFCB9
S2050016306F45
S205001631F0C3
S2050016321F93
S205001633F8B9
S205001634931D
S205001635D8D7
S2050016364569
S20500163701AC
S205001638B7F5
S20500163907A4
S20500163A109A
S20500163B00A9
S20500163C9315
S20500163D8720
S20500163EF7AF
S20500163FFFA6
S2050016401391
S205001641D7CC
S205001642465C
S20500164301A0
S205001644930D
S205001645F8A7
S205001646F8A6
S2050016477F1E
S2050016481389
S2050016490398
S20500164AF0AA
S20500164B7F1A
S20500164C3365
S20500164DFE99
S20500164EB7DF
S20500164F0095
S2050016501381
S205001651088B
S205001652058D
S2050016530091
S20500165493FD
S2050016550E81
S2050016560589
S205001657008D
S205001658B3D9
S205001659F794
S20500165AD7B3
S20500165B0089
S20500165C93F5
S20500165DD5B2
S20500165EF591
S20500165F0184
S2050016601371
S2050016610F74
S205001662067C
S2050016630081
S205001664136D
S205001665750A
S205001666F787
S2050016677FFE
S20500166893E9
S205001669D6A5
S20500166AF684
S20500166B0178
S20500166C6315
S20500166D8AED
S20500166E680E
S20500166F0471
S2050016706311
S205001671046F
S205001672650D
S205001673026F
S205001674630D
S20500167598D7
S2050016760866
S2050016770667
S2050016783339
S2050016796803
S20500167A0E5C
S20500167B0168
S20500167C6305
S20500167D1E49
S20500167E0561
S20500167F085D
S2050016803331
S205001681E67D
S205001682C79B
S2050016830061
S20500168463FD
S205001685045B
S2050016860658
S2050016870A53
S20500168863F9
S2050016891645
S20500168A0852
S20500168B0A4F
S20500168C1345
S20500168D0552
S20500168E1046
S20500168F0055
S20500169063F1
S20500169180D3
S205001692064C
S2050016930849
S20500169467E9
S20500169580CF
S205001696004E
S205001697004D
S2050016983319
S205001699E665
S20500169AC783
S20500169B0049
S20500169C1335
S20500169D0542
S20500169E2026
S20500169F0045
S2050016A0E361
S2050016A11A29
S2050016A2063C
S2050016A3FE43
S2050016A463DD
S2050016A596A9
S2050016A60836
S2050016A7003D
S2050016A83309
S2050016A96ECD
S2050016AA0E2C
S2050016AB0138
S2050016ACE355
S2050016AD0037
S2050016AE0E28
S2050016AFFE37
S2050016B063D1
S2050016B18CA7
S2050016B2D55D
S2050016B3042D
S2050016B463CD
S2050016B59E91
S2050016B60529
S2050016B70429
S2050016B81319
S2050016B90526
S2050016BA101A
S2050016BB0029
S2050016BC67C1
S2050016BD80A7
S2050016BE0026
S2050016BF0025
S2050016C033F1
S2050016C16EB5
S2050016C20E14
S2050016C30120
S2050016C463BD
S2050016C5100F
S2050016C60E10
S2050016C70617
S2050016C8E339
S2050016C91605
S2050016CA1505
S2050016CBFF1A
S2050016CCB365
S2050016CDE730
S2050016CEC74F
S2050016CF0015
S2050016D01301
S2050016D1050E
S2050016D220F2
S2050016D30011
S2050016D4E32D
S2050016D5907F
S2050016D60707
S2050016D7FC11
S2050016D8E329
S2050016D99E6D
S2050016DAD535
S2050016DBFC0D
S2050016DC13F5
S2050016DD0502
S2050016DE0006
S2050016DF0005
S2050016E0679D
S2050016E18083
S2050016E20002
S2050016E30001
S2050016E4E31D
S2050016E508F7
S2050016E605F9
S2050016E7FC01
S2050016E8E319
S2050016E99665
S2050016EAD525
S2050016EBFCFD
S2050016ECE315
S2050016ED44B3
S2050016EE15E1
S2050016EFFDF8
S2050016F06391
S2050016F1CC27
S2050016F2A84A
S2050016F300F1
S2050016F4E30D
S2050016F5E00F
S2050016F6C727
S2050016F7FDF0
S2050016F86389
S2050016F918D3
S2050016FAFEEC
S2050016FB00E9
S2050016FCE305
S2050016FD6C7B
S2050016FEDF07
S2050016FFFBEA
S20500170013D0
S20500170105DD
S20500170200E1
S20500170300E0
S205001704E3FC
S205001705F8E6
S205001706EEEF
S205001707F9E3
S20500170813C8
S20500170905D5
S20500170A10C9
S20500170B00D8
S20500170CE3F4
S20500170D9442
S20500170E05D0
S20500170FF8DC
S20500171013C0
S20500171105CD
S205001712F0E1
S205001713FFD1
S2050017146768
S205001715804E
S20500171600CD
S20500171700CC
S205001718E3E8
S2050017190AC0
S20500171A08C1
S20500171BF6D2
S20500171CE3E4
S20500171D9C2A
S20500171ED5F0
S20500171FF8CC
S2050017206F54
S205001721F0D2
S2050017229F22
S205001723FEC2
S20500172413AC
S20500172505B9
S205001726209D
S20500172700BC
S2050017286754
S205001729803A
S20500172A00B9
S20500172B00B8
S20500172CE3D4
S20500172D14A2
S20500172E08AD
S20500172FF8BC
S205001730674C
S2050017318032
S20500173200B1
S20500173300B0
S205001734E3CC
S205001735802E
S205001736D5D8
S205001737FCB0
S2050017386F3C
S205001739F0BA
S20500173ADFCA
S20500173BF7B1
S20500173C1394
S20500173D01A5
S20500173E01A4
S20500173FFDA7
S2050017409310
S205001741D7CB
S205001742455C
S205001743019F
S205001744237C
S205001745247A
S205001746811C
S205001747029A
S2050017482378
S2050017492278
S20500174A9108
S20500174B0296
S20500174C2374
S20500174D2076
S20500174E2174
S20500174F0391
S2050017502370
S2050017512E64
S2050017523160
S205001753018F
S205001754236C
S2050017552A64
S205001756513C
S205001757018B
S20500175893F8
S20500175994F6
S20500175AC5C4
S20500175B0088
S20500175C2364
S20500175D2660
S20500175E1174
S20500175F0282
S2050017602360
S2050017612C56
S2050017624140
S205001763017F
S205001764235C
S2050017652856
S205001766611C
S205001767017B
S2050017682358
S2050017692654
S20500176A7108
S20500176B0177
S20500176C2354
S20500176D2452
S20500176E81F4
S20500176F0173
S20500177093E0
S205001771F77B
S205001772F77A
S2050017737FF1
S205001774135C
S205001775046A
S2050017760568
S205001777006C
S20500177893D8
S2050017790A60
S20500177A0663
S20500177B0068
S20500177C93D4
S20500177D89DD
S20500177E065F
S20500177F0064
S20500178093D0
S205001781D48E
S205001782C49D
S2050017830060
S205001784134C
S205001785D985
S205001786F568
S205001787015B
S20500178863F8
S20500178980DA
S20500178A0752
S20500178B4E0A
S20500178C1344
S20500178D074F
S20500178EF065
S20500178F7FD5
S20500179063F0
S20500179186CC
S205001792E76A
S2050017930A46
S20500179493BC
S20500179596B8
S2050017963419
S205001797004C
S2050017981338
S20500179957F3
S20500179AD574
S20500179B0147
S20500179C3314
S20500179D67DF
S20500179ED76E
S20500179F0044
S2050017A0B78C
S2050017A1063C
S2050017A280C1
S2050017A30040
S2050017A4B38C
S2050017A564DA
S2050017A6D766
S2050017A7003C
S2050017A81328
S2050017A91A20
S2050017AA3504
S2050017AB0038
S2050017AC1324
S2050017AD8CAA
S2050017AE171E
S2050017AFC074
S2050017B01320
S2050017B10B27
S2050017B20031
S2050017B30030
S2050017B4939C
S2050017B50B23
S2050017B6002D
S2050017B7002C
S2050017B89398
S2050017B9D753
S2050017BA49E0
S2050017BB0127
S2050017BC1314
S2050017BD978F
S2050017BEC95C
S2050017BF0024
S2050017C09390
S2050017C1F72B
S2050017C2F72A
S2050017C37FA1
S2050017C4130C
S2050017C58E90
S2050017C60A13
S2050017C7001C
S2050017C81308
S2050017C954C6
S2050017CAC752
S2050017CB0018
S2050017CC9384
S2050017CDD93D
S2050017CEF91C
S2050017CF0113
S2050017D063B0
S2050017D18092
S2050017D2070A
S2050017D30A06
S2050017D413FC
S2050017D50707
S2050017D6F01D
S2050017D77F8D
S2050017D863A8
S2050017D98E7C
S2050017DAE722
S2050017DB14F4
S2050017DC13F4
S2050017DD17EF
S2050017DE34D1
S2050017DF0004
S2050017E09370
S2050017E1D62C
S2050017E2DA27
S2050017E301FF
S2050017E4B34C
S2050017E5E618
S2050017E6E617
S2050017E700FC
S2050017E89368
S2050017E98773
S2050017EA17E2
S2050017EBC038
S2050017EC37C0
S2050017ED07EF
S2050017EE8075
S2050017EF00F4
S2050017F033C0
S2050017F1E40E
S2050017F2E60B
S2050017F300F0
S2050017F413DC
S2050017F59E50
S2050017F63AB3
S2050017F700EC
S2050017F833B8
S2050017F98367
S2050017FA8762
S2050017FB01E7
S2050017FC9354
S2050017FD06E0
S2050017FE00E5
S2050017FF00E4
S205001800934F
S20500180107DA
S205001802A040
S20500180300DF
S205001804934B
S20500180508D5
S20500180613C9
S20500180700DB
S2050018086377
S205001809CC0D
S20500180A6771
S20500180B0BCC
S20500180CB323
S20500180D4590
S20500180E399B
S20500180F01D2
S205001810933F
S20500181107CA
S20500181220B0
S20500181300CF
S20500181413BB
S2050018158845
S20500181605C7
S20500181700CB
S2050018186367
S205001819C603
S20500181A6761
S20500181B15B2
S20500181C13B3
S20500181D0BBA
S20500181EFBC9
S20500181FFFC4
S20500182013AF
S20500182107BA
S20500182210B0
S20500182300BF
S205001824635B
S205001825605D
S2050018266755
S20500182717A4
S2050018286357
S2050018298633
S20500182AF6C2
S20500182B486F
S20500182C9323
S20500182D04B1
S20500182E04B0
S20500182F00B3
S205001830139F
S2050018310AA7
S2050018320EA2
S20500183300AF
S205001834931B
S2050018358B22
S20500183606A6
S20500183700AB
S2050018386F3B
S20500183900A9
S20500183AC0E8
S20500183B099E
S20500183C3373
S20500183DEABB
S20500183EA400
S20500183F00A3
S205001840633F
S205001841148D
S2050018420A96
S2050018434857
S205001844930B
S205001845D7C6
S2050018464953
S205001847019A
S2050018481387
S2050018499702
S20500184AC9CF
S20500184B0097
S20500184C9303
S20500184DF79E
S20500184EF79D
S20500184F7F14
S20500185093FF
S205001851048D
S2050018520090
S205001853008F
S205001854137B
S2050018550B82
S205001856800C
S205001857008B
S2050018581377
S2050018590C7D
S20500185AF098
S20500185B7F08
S20500185C93F3
S20500185D0B7A
S20500185E2064
S20500185F0083
S205001860136F
S2050018618EF3
S2050018620A76
S205001863007F
S205001864136B
S2050018655429
S205001866C7B5
S205001867007B
S20500186893E7
S205001869D9A0
S20500186AF97F
S20500186B0176
S20500186CE393
S20500186D94E1
S20500186E076D
S20500186FF67D
S205001870B3BF
S205001871670A
S205001872541C
S205001873016E
S205001874630B
S2050018758EDF
S2050018760765
S2050018774625
S2050018786307
S2050018790C5D
S20500187A0464
S20500187B5413
S20500187C1353
S20500187D0560
S20500187E0460
S20500187F0063
S205001880EF73
S2050018811051
S2050018820060
S2050018830B54
S205001884134B
S205001885035A
S2050018860557
S205001887005B
S2050018881347
S2050018890752
S20500188A5503
S20500188BFF58
S20500188C93C3
S20500188D074E
S20500188ED084
S20500188F0152
S205001890133F
S2050018910E43
S20500189283CD
S205001893FF50
S205001894B39B
S20500189587C6
S205001896E765
S205001897400B
S205001898B397
S205001899D772
S20500189AFA4E
S20500189B0047
S20500189C3313
S20500189D172E
S20500189EC480
S20500189F0142
S2050018A0330F
S2050018A1E45D
S2050018A2E759
S2050018A3003F
S2050018A4330B
S2050018A59E9F
S2050018A6CA72
S2050018A7013A
S2050018A83307
S2050018A90336
S2050018AA6CCC
S2050018AB40F7
S2050018AC1323
S2050018AD0332
S2050018AED361
S2050018AFC073
S2050018B0939F
S2050018B1072A
S2050018B2A090
S2050018B3002F
S2050018B4939B
S2050018B50627
S2050018B6002C
S2050018B7002B
S2050018B89397
S2050018B90821
S2050018BA1315
S2050018BB0027
S2050018BCE343
S2050018BDD84D
S2050018BE67BD
S2050018BFF52E
S2050018C0938F
S2050018C1051C
S2050018C20917
S2050018C3001F
S2050018C4938B
S2050018C50716
S2050018C620FC
S2050018C7001B
S2050018C863B7
S2050018C98693
S2050018CAFB1D
S2050018CB3ED9
S2050018CC9383
S2050018CD070E
S2050018CE30E4
S2050018CF0013
S2050018D063AF
S2050018D18889
S2050018D2FB15
S2050018D354BB
S2050018D4937B
S2050018D50706
S2050018D610FC
S2050018D7000B
S2050018D813F7
S2050018D98881
S2050018DA0503
S2050018DB0007
S2050018DC63A3
S2050018DD966F
S2050018DEFB09
S2050018DF52B1
S2050018E0936F
S2050018E107FA
S2050018E20000
S2050018E300FF
S2050018E4936B
S2050018E506F7
S2050018E600FC
S2050018E700FB
S2050018E813E7
S2050018E907F2
S2050018EA00F8
S2050018EB00F7
S2050018EC8373
S2050018ED20D5
S2050018EEC133
S2050018EF02F1
S2050018F003EF
S2050018F124CD
S2050018F2816F
S2050018F302ED
S2050018F4935B
S2050018F59756
S2050018F647A5
S2050018F701EA
S2050018F8B337
S2050018F9E702
S2050018FAD711
S2050018FB00E7
S2050018FC13D3
S2050018FD18CD
S2050018FEF8EC
S2050018FF01E2
S205001900B32E
S205001901E7F9
S20500190207D8
S20500190301DD
S205001904835A
S20500190524B8
S205001906419A
S20500190702D8
S20500190803D6
S20500190929AF
S20500190A01D6
S20500190B02D4
S20500190C8352
S20500190D29AB
S20500190EC112
S20500190F01D1
S20500191003CE
S2050019112AA6
S205001912814E
S20500191301CD
S205001914834A
S2050019152AA2
S205001916418A
S20500191701C9
S20500191803C6
S2050019192B9D
S20500191A01C6
S20500191B01C5
S20500191C8342
S20500191D2B99
S20500191EC102
S20500191F00C2
S20500192003BE
S2050019212C94
S205001922813E
S20500192300BE
S20500192413AA
S20500192505B7
S20500192607B4
S20500192700BA
S2050019289326
S2050019298533
S20500192A07B0
S20500192B00B6
S20500192C13A2
S20500192D01B3
S20500192E01B2
S20500192F03AF
S205001930674A
S2050019318030
S20500193200AF
S20500193300AE
S205001934337A
S2050019356745
S2050019365457
S20500193701A9
S2050019381396
S20500193903A5
S20500193AFCAB
S20500193B7F27
S20500193C6342
S20500193D069E
S20500193E079C
S20500193F3C66
S205001940376A
S2050019411789
S205001942009F
S205001943009E
S205001944336A
S2050019454854
S2050019463962
S2050019470199
S2050019481386
S2050019490791
S20500194A0790
S20500194B8016
S20500194C1382
S20500194D6B29
S20500194E3B58
S20500194F0092
S20500195093FE
S205001951068A
S205001952A0EF
S205001953008E
S20500195493FA
S2050019550587
S2050019560883
S205001957008A
S205001958B3D6
S2050019590880
S20500195AEC9B
S20500195B0086
S20500195C6322
S20500195DCCB8
S20500195E661D
S20500195F433F
S20500196093EE
S205001961067A
S205001962304F
S205001963007E
S205001964136A
S2050019650676
S205001966106B
S205001967007A
S2050019683346
S2050019691662
S20500196A6611
S20500196B0175
S20500196C1362
S20500196D77FD
S20500196E066D
S20500196F531F
S205001970E38E
S2050019711A56
S2050019720768
S205001973F47A
S20500197493DA
S20500197577F5
S2050019760665
S2050019772446
S2050019786306
S20500197990D8
S20500197A0760
S20500197B481E
S20500197C1352
S20500197D76EE
S20500197E86DD
S20500197F085A
S20500198063FE
S2050019811E42
S2050019820659
S2050019833826
S205001984B7A6
S2050019850F4D
S205001986015A
S205001987005A
S20500198893C6
S20500198982D6
S20500198AFF58
S20500198BFF57
S20500198C3322
S20500198D7FD5
S20500198E5AF9
S20500198F0052
S205001990B39E
S20500199172DE
S2050019925EF1
S205001993004E
S205001994133A
S2050019955AF2
S2050019960A41
S2050019970149
S2050019981336
S2050019995EEA
S20500199A0E39
S20500199B0145
S20500199C1332
S20500199D053F
S20500199E0F34
S20500199F0042
S2050019A093AE
S2050019A185BB
S2050019A2023D
S2050019A3003E
S2050019A4EF4E
S2050019A5003C
S2050019A650EB
S2050019A76BCF
S2050019A81326
S2050019A90731
S2050019AA0532
S2050019AB0036
S2050019AC93A2
S2050019AD052F
S2050019AE0E25
S2050019AF0032
S2050019B0131E
S2050019B1052B
S2050019B20F20
S2050019B3002E
S2050019B4EF3E
S2050019B5002C
S2050019B650DB
S2050019B76AC0
S2050019B89396
S2050019B90721
S2050019BA0522
S2050019BB0026
S2050019BC9392
S2050019BD859F
S2050019BE0221
S2050019BF0022
S2050019C0130E
S2050019C1051B
S2050019C20A15
S2050019C3001E
S2050019C4EF2E
S2050019C5001C
S2050019C650CB
S2050019C769B1
S2050019C89386
S2050019C90E0A
S2050019CA0512
S2050019CB0016
S2050019CC9382
S2050019CD050F
S2050019CE0E05
S2050019CF0012
S2050019D013FE
S2050019D1050B
S2050019D20A05
S2050019D3000E
S2050019D4EF1E
S2050019D5000C
S2050019D650BB
S2050019D768A2
S2050019D8B356
S2050019D98682
S2050019DAD730
S2050019DB0105
S2050019DC9372
S2050019DD53B1
S2050019DE07FC
S2050019DF0101
S2050019E0B34E
S2050019E1837D
S2050019E2D32C
S2050019E300FE
S2050019E4936A
S2050019E507F5
S2050019E605F6
S2050019E700FA
S2050019E86396
S2050019E9F404
S2050019EAD324
S2050019EB01F5
S2050019ECB342
S2050019ED07ED
S2050019EEF5FE
S2050019EF01F1
S2050019F0B73A
S2050019F109E7
S2050019F201EE
S2050019F300EE
S2050019F413DA
S2050019F58963
S2050019F6F9F2
S2050019F7FFEB
S2050019F8B336
S2050019F9FEEA
S2050019FA23C4
S2050019FB01E5
S2050019FC33B2
S2050019FD776D
S2050019FE27BC
S2050019FF01E1
S205001A00934D
S205001A019E41
S205001A020ED0
S205001A0301DC
S205001A0433A9
S205001A057962
S205001A0624B6
S205001A0701D8
S205001A089345
S205001A09D304
S205001A0A03D3
S205001A0B01D4
S205001A0CB321
S205001A0D8E45
S205001A0EEEE4
S205001A0F00D1
S205001A1013BD
S205001A11547B
S205001A1204CA
S205001A1301CC
S205001A1413B9
S205001A1505C6
S205001A160FBB
S205001A1700C9
S205001A189335
S205001A1905C2
S205001A1A09BD
S205001A1B00C5
S205001A1CEFD5
S205001A1D00C3
S205001A1ED0F2
S205001A1F635E
S205001A20932D
S205001A210FB0
S205001A2205B9
S205001A2300BD
S205001A249329
S205001A2505B6
S205001A2604B6
S205001A2700B9
S205001A2813A5
S205001A2905B2
S205001A2A0FA7
S205001A2B00B5
S205001A2CEFC5
S205001A2D00B3
S205001A2ED0E2
S205001A2F624F
S205001A30139D
S205001A3107A8
S205001A3205A9
S205001A3300AD
S205001A349319
S205001A3505A6
S205001A3609A1
S205001A3700A9
S205001A381395
S205001A3905A2
S205001A3A0A9C
S205001A3B00A5
S205001A3CEFB5
S205001A3D00A3
S205001A3ED0D2
S205001A3F6140
S205001A40138D
S205001A410F90
S205001A420599
S205001A43009D
S205001A449309
S205001A450596
S205001A460496
S205001A470099
S205001A481385
S205001A490592
S205001A4A0A8C
S205001A4B0095
S205001A4CEFA5
S205001A4D0093
S205001A4ED0C2
S205001A4F6031
S205001A5093FD
S205001A51D6B9
S205001A520F7F
S205001A53018C
S205001A543359
S205001A550784
S205001A56E7A3
S205001A570188
S205001A58B3D5
S205001A598601
S205001A5AE6A0
S205001A5B0085
S205001A5C6321
S205001A5DF48F
S205001A5EE69C
S205001A5F0180
S205001A60334D
S205001A61057A
S205001A623549
S205001A63017C
S205001A643745
S205001A650A71
S205001A660179
S205001A670079
S205001A681365
S205001A690F68
S205001A6AFA7C
S205001A6BFF76
S205001A6C3341
S205001A6DF77C
S205001A6EE68C
S205001A6F0170
S205001A70B3BD
S205001A71FF70
S205001A72EF7F
S205001A73016C
S205001A741359
S205001A751754
S205001A760763
S205001A770168
S205001A783335
S205001A790760
S205001A7AF76F
S205001A7B0164
S205001A7C3331
S205001A7DFF64
S205001A7EE47E
S205001A7F0160
S205001A8093CD
S205001A81D689
S205001A820658
S205001A83015C
S205001A84B3A9
S205001A858FCC
S205001A86A6B4
S205001A870059
S205001A88B3A5
S205001A8983D4
S205001A8AE373
S205001A8B0055
S205001A8C93C1
S205001A8DD47F
S205001A8E044E
S205001A8F0150
S205001A90133D
S205001A91054A
S205001A920F3F
S205001A93004D
S205001A9493B9
S205001A9585C6
S205001A960248
S205001A970049
S205001A98EF59
S205001A990047
S205001A9A1036
S205001A9B5CE9
S205001A9C93B1
S205001A9D0A39
S205001A9E053D
S205001A9F0041
S205001AA093AD
S205001AA1053A
S205001AA20E30
S205001AA3003D
S205001AA41329
S205001AA50536
S205001AA60F2B
S205001AA70039
S205001AA8EF49
S205001AA90037
S205001AAA1026
S205001AAB5BDA
S205001AAC93A1
S205001AAD092A
S205001AAE052D
S205001AAF0031
S205001AB0939D
S205001AB185AA
S205001AB2022C
S205001AB3002D
S205001AB41319
S205001AB585A6
S205001AB60426
S205001AB70029
S205001AB8EF39
S205001AB90027
S205001ABA1016
S205001ABB5ACB
S205001ABC9391
S205001ABD0221
S205001ABE051D
S205001ABF0021
S205001AC0938D
S205001AC1051A
S205001AC20E10
S205001AC3001D
S205001AC41309
S205001AC58596
S205001AC60416
S205001AC70019
S205001AC8EF29
S205001AC90017
S205001ACA1006
S205001ACB59BC
S205001ACC1301
S205001ACDD63D
S205001ACE0A08
S205001ACF0110
S205001AD0B35D
S205001AD18986
S205001AD259B5
S205001AD3000D
S205001AD433D9
S205001AD50605
S205001AD636D4
S205001AD70108
S205001AD863A5
S205001AD97493
S205001ADA56B0
S205001ADB0005
S205001ADC33D1
S205001ADD05FE
S205001ADE45BD
S205001ADF0100
S205001AE037C9
S205001AE10AF5
S205001AE201FD
S205001AE300FD
S205001AE49369
S205001AE506F5
S205001AE6FA00
S205001AE7FFFA
S205001AE8B345
S205001AE97285
S205001AEAD620
S205001AEB00F5
S205001AECB341
S205001AEDFAF9
S205001AEEDA18
S205001AEF00F1
S205001AF013DD
S205001AF15699
S205001AF206E8
S205001AF301EC
S205001AF49359
S205001AF59259
S205001AF602E8
S205001AF701E8
S205001AF833B5
S205001AF90ED9
S205001AFAA640
S205001AFB00E5
S205001AFCB331
S205001AFD8261
S205001AFE5290
S205001AFF01E0
S205001B0013CC
S205001B0105D9
S205001B020FCE
S205001B0300DC
S205001B049348
S205001B0505D5
S205001B0609D0
S205001B0700D8
S205001B08EFE8
S205001B0900D6
S205001B0A10C5
S205001B0B557F
S205001B0C9340
S205001B0D09C9
S205001B0E05CC
S205001B0F00D0
S205001B10933C
S205001B1105C9
S205001B1204C9
S205001B1300CC
S205001B1413B8
S205001B1505C5
S205001B160FBA
S205001B1700C8
S205001B18EFD8
S205001B1900C6
S205001B1A10B5
S205001B1B5470
S205001B1C13B0
S205001B1D0FB3
S205001B1E05BC
S205001B1F00C0
S205001B20932C
S205001B2105B9
S205001B2209B4
S205001B2300BC
S205001B2413A8
S205001B258535
S205001B2604B5
S205001B2700B8
S205001B28EFC8
S205001B2900B6
S205001B2A10A5
S205001B2B5361
S205001B2C13A0
S205001B2D09A9
S205001B2E05AC
S205001B2F00B0
S205001B30931C
S205001B3105A9
S205001B3204A9
S205001B3300AC
S205001B341398
S205001B358525
S205001B3604A5
S205001B3700A8
S205001B38EFB8
S205001B3900A6
S205001B3A1095
S205001B3B5252
S205001B3CB3F0
S205001B3D069C
S205001B3E2F72
S205001B3F019F
S205001B40930C
S205001B41D5C9
S205001B420994
S205001B43019B
S205001B443368
S205001B458416
S205001B46D5C4
S205001B470098
S205001B481384
S205001B490F87
S205001B4A0590
S205001B4B0094
S205001B4C6330
S205001B4D741E
S205001B4E246D
S205001B4F018F
S205001B50335C
S205001B510F7F
S205001B524548
S205001B53018B
S205001B543754
S205001B550684
S205001B560188
S205001B570088
S205001B581374
S205001B590680
S205001B5AF68F
S205001B5BFF85
S205001B5CB3D0
S205001B5D760C
S205001B5EC4BD
S205001B5F0080
S205001B60B3CC
S205001B61F985
S205001B62C9B4
S205001B63007C
S205001B6493E8
S205001B6596E4
S205001B660673
S205001B670177
S205001B68B3C4
S205001B6987EF
S205001B6A77FE
S205001B6B0074
S205001B6CB3C0
S205001B6D86EC
S205001B6E363B
S205001B6F016F
S205001B70B3BC
S205001B7185E9
S205001B72F677
S205001B73016B
S205001B743338
S205001B75B7B3
S205001B76E782
S205001B770068
S205001B783334
S205001B7987DF
S205001B7AE580
S205001B7B0064
S205001B7CB3B0
S205001B7D82E0
S205001B7E570A
S205001B7F0060
S205001B80332C
S205001B810658
S205001B82C796
S205001B83015B
S205001B84B3A8
S205001B85B7A3
S205001B86F267
S205001B870058
S205001B88B3A4
S205001B89074F
S205001B8AF65F
S205001B8B0054
S205001B8CB3A0
S205001B8DB69C
S205001B8ED57C
S205001B8F0050
S205001B90B39C
S205001B913519
S205001B92B796
S205001B93004C
S205001B94B398
S205001B95E664
S205001B96B693
S205001B970048
S205001B983314
S205001B99370F
S205001B9AE65F
S205001B9B0044
S205001B9C93B0
S205001B9D55ED
S205001B9E043D
S205001B9F013F
S205001BA0330C
S205001BA1B688
S205001BA2C776
S205001BA3003C
S205001BA4B388
S205001BA586B4
S205001BA6B683
S205001BA70038
S205001BA81324
S205001BA99A9C
S205001BAA92A3
S205001BAB0034
S205001BAC3300
S205001BAD67CB
S205001BAEC76A
S205001BAF0030
S205001BB033FC
S205001BB10727
S205001BB2D756
S205001BB3002C
S205001BB433F8
S205001BB56AC0
S205001BB6DA4F
S205001BB70127
S205001BB833F4
S205001BB9071F
S205001BBAE73E
S205001BBB0123
S205001BBC33F0
S205001BBD3AE8
S205001BBE40E1
S205001BBF011F
S205001BC0938C
S205001BC1D24C
S205001BC272AB
S205001BC3011B
S205001BC41308
S205001BC51703
S205001BC69782
S205001BC70018
S205001BC89384
S205001BC9D640
S205001BCA779E
S205001BCB0113
S205001BCC33E0
S205001BCD6AA8
S205001BCE5AB7
S205001BCF0010
S205001BD0937C
S205001BD19777
S205001BD29776
S205001BD3000C
S205001BD433D8
S205001BD56AA0
S205001BD6FA0F
S205001BD70008
S205001BD89374
S205001BD917EF
S205001BDA778E
S205001BDB0004
S205001BDCB350
S205001BDD649E
S205001BDED72A
S205001BDF0000
S205001BE0639C
S205001BE1D02E
S205001BE207F6
S205001BE302FA
S205001BE49368
S205001BE557A3
S205001BE61ADF
S205001BE700F8
S205001BE813E4
S205001BE97A7C
S205001BEA1ADB
S205001BEB00F4
S205001BEC13E0
S205001BED975B
S205001BEEF4FD
S205001BEF01EF
S205001BF0B33C
S205001BF1E707
S205001BF247A6
S205001BF301EB
S205001BF433B8
S205001BF5EA00
S205001BF6E702
S205001BF700E8
S205001BF89354
S205001BF9D412
S205001BFA14D1
S205001BFB00E4
S205001BFC13D0
S205001BFD835F
S205001BFE08D9
S205001BFF00E0
S205001C00934B
S205001C0107D6
S205001C02F3E9
S205001C033F9C
S205001C046377
S205001C055683
S205001C06F0E8
S205001C0712C5
S205001C0813C3
S205001C09775E
S205001C0A7A5A
S205001C0B00D3
S205001C0C636F
S205001C0D00D1
S205001C0E07C9
S205001C0F02CD
S205001C1013BB
S205001C117756
S205001C12FAD2
S205001C1300CB
S205001C149337
S205001C1506C3
S205001C164088
S205001C1700C7
S205001C186363
S205001C190ABB
S205001C1AD7ED
S205001C1B00C3
S205001C1C13AF
S205001C1D07BA
S205001C1E4A76
S205001C1F00BF
S205001C20338B
S205001C213A83
S205001C224775
S205001C2301BA
S205001C24B307
S205001C258435
S205001C264474
S205001C2701B6
S205001C2813A3
S205001C290AAB
S205001C2A07AD
S205001C2B00B3
S205001C2C139F
S205001C2D971A
S205001C2E743C
S205001C2F00AF
S205001C30634B
S205001C315A53
S205001C3207A5
S205001C3300AB
S205001C34B7F3
S205001C3507A2
S205001C3600A8
S205001C37FFA8
S205001C389313
S205001C39871E
S205001C3AF7AD
S205001C3BFFA4
S205001C3CB3EF
S205001C3DF4AD
S205001C3EF4AC
S205001C3F009F
S205001C40930B
S205001C410796
S205001C420399
S205001C43405B
S205001C441387
S205001C450792
S205001C46E0B8
S205001C477F18
S205001C486333
S205001C494451
S205001C4AF79D
S205001C4B1C77
S205001C4C137F
S205001C4D5A37
S205001C4E3A56
S205001C4F008F
S205001C50137B
S205001C5197F6
S205001C52D4B8
S205001C53018A
S205001C5493F7
S205001C5596F3
S205001C5694F4
S205001C570087
S205001C583353
S205001C59671E
S205001C5A473D
S205001C5B0182
S205001C5C93EF
S205001C5DD6AB
S205001C5EC6BA
S205001C5F007F
S205001C6093EB
S205001C61F786
S205001C62F785
S205001C637FFC
S205001C646F0B
S205001C65F089
S205001C669FD9
S205001C67C8AF
S205001C683343
S205001C69EA8B
S205001C6AA4D0
S205001C6B0073
S205001C6C630F
S205001C6D0869
S205001C6E0A66
S205001C6F0669
S205001C70630B
S205001C718EDF
S205001C720468
S205001C731259
S205001C741357
S205001C7585E4
S205001C760464
S205001C770067
S205001C78EF77
S205001C790065
S205001C7A90D4
S205001C7B4B18
S205001C7C134F
S205001C7D075A
S205001C7E055B
S205001C7F005F
S205001C8093CB
S205001C810657
S205001C825507
S205001C83FF5C
S205001C8493C7
S205001C850752
S205001C86D088
S205001C870156
S205001C881343
S205001C890A4B
S205001C8A87CD
S205001C8BFF54
S205001C8CB39F
S205001C8D87CA
S205001C8ED779
S205001C8F400F
S205001C90B39B
S205001C9157F6
S205001C92F458
S205001C93004B
S205001C94B397
S205001C9596B3
S205001C964404
S205001C970146
S205001C98B393
S205001C99E461
S205001C9AD76D
S205001C9B0043
S205001C9C330F
S205001C9D1A27
S205001C9E44FC
S205001C9F013E
S205001CA093AB
S205001CA10736
S205001CA2D06C
S205001CA3C07B
S205001CA43307
S205001CA58CAD
S205001CA6E751
S205001CA740F7
S205001CA81323
S205001CA90B2A
S205001CAA0034
S205001CAB0033
S205001CAC939F
S205001CAD0B26
S205001CAE0030
S205001CAF002F
S205001CB06FBF
S205001CB1F03D
S205001CB29F8D
S205001CB3B07B
S205001CB41317
S205001CB588A1
S205001CB60523
S205001CB70027
S205001CB89393
S205001CB9071E
S205001CBAF034
S205001CBB7FA4
S205001CBC938F
S205001CBD061B
S205001CBE0020
S205001CBF001F
S205001CC0130B
S205001CC10716
S205001CC2001C
S205001CC3001B
S205001CC46FAB
S205001CC5F029
S205001CC69F79
S205001CC7C255
S205001CC81303
S205001CC90A0B
S205001CCA050F
S205001CCB0013
S205001CCC13FF
S205001CCD0B06
S205001CCEC050
S205001CCF000F
S205001CD013FB
S205001CD10C01
S205001CD2F01C
S205001CD37F8C
S205001CD49377
S205001CD50BFE
S205001CD630D8
S205001CD70007
S205001CD86F97
S205001CD9F015
S205001CDA1FE5
S205001CDBAE55
S205001CDC936F
S205001CDD04FD
S205001CDE0000
S205001CDF00FF
S205001CE013EB
S205001CE10BF2
S205001CE240BC
S205001CE300FB
S205001CE413E7
S205001CE50CED
S205001CE600F8
S205001CE700F7
S205001CE89363
S205001CE90BEA
S205001CEA10E4
S205001CEB00F3
S205001CEC6F83
S205001CEDF001
S205001CEEDF11
S205001CEFAC43
S205001CF013DB
S205001CF16B82
S205001CF21BD1
S205001CF300EB
S205001CF413D7
S205001CF503E6
S205001CF60CDC
S205001CF700E7
S205001CF813D3
S205001CF904E1
S205001CFA00E4
S205001CFB00E3
S205001CFC13CF
S205001CFD0ED3
S205001CFE00E0
S205001CFF00DF
S205001D00934A
S205001D0106D6
S205001D0210CB
S205001D0300DA
S205001D046F6A
S205001D05F0E8
S205001D06DFF8
S205001D07AF27
S205001D0813C2
S205001D096B69
S205001D0A2BA8
S205001D0B00D2
S205001D0C13BE
S205001D0D04CC
S205001D0E00CF
S205001D0F00CE
S205001D1013BA
S205001D110EBE
S205001D1200CB
S205001D1300CA
S205001D149336
S205001D1506C2
S205001D1620A7
S205001D1700C6
S205001D186F56
S205001D19F0D4
S205001D1A9F24
S205001D1BAE14
S205001D1C932E
S205001D1D04BC
S205001D1E04BB
S205001D1F00BE
S205001D2013AA
S205001D210AB2
S205001D220EAD
S205001D2300BA
S205001D249326
S205001D258B2D
S205001D2606B1
S205001D2700B6
S205001D289322
S205001D29852F
S205001D2A09AA
S205001D2B00B2
S205001D2C6F42
S205001D2DF0C0
S205001D2E9F10
S205001D2FB9F5
S205001D30139A
S205001D3107A5
S205001D32109B
S205001D3300AA
S205001D346346
S205001D359018
S205001D3607A0
S205001D371096
S205001D381392
S205001D3903A1
S205001D3AE3C0
S205001D3B4161
S205001D3C336E
S205001D3D168A
S205001D3E6A35
S205001D3F009E
S205001D40336A
S205001D413666
S205001D42C0DB
S205001D43009A
S205001D443366
S205001D459305
S205001D466433
S205001D470096
S205001D483362
S205001D495A3A
S205001D4AEAA9
S205001D4B0092
S205001D4C335E
S205001D4D662A
S205001D4E6629
S205001D4F008E
S205001D50335A
S205001D516626
S205001D524645
S205001D530189
S205001D5493F6
S205001D557711
S205001D567611
S205001D570086
S205001D58B3D2
S205001D59D5AF
S205001D5AE49F
S205001D5B0082
S205001D5C631E
S205001D5D8000
S205001D5E0778
S205001D5F027C
S205001D6093EA
S205001D617705
S205001D62F685
S205001D63007A
S205001D641366
S205001D650771
S205001D664037
S205001D670076
S205001D686312
S205001D698AEA
S205001D6AE78C
S205001D6B0072
S205001D6C93DE
S205001D6D0769
S205001D6E4629
S205001D6F006E
S205001D70333A
S205001D71B6B6
S205001D72C7A4
S205001D73006A
S205001D74B3B6
S205001D7585E3
S205001D76C5A2
S205001D770066
S205001D781352
S205001D7986DE
S205001D7A075C
S205001D7B0062
S205001D7C134E
S205001D7D95CB
S205001D7E85DA
S205001D7F005E
S205001D8093CA
S205001D810755
S205001D82104B
S205001D83005A
S205001D8493C6
S205001D850652
S205001D860057
S205001D870056
S205001D881342
S205001D89074D
S205001D8A0053
S205001D8B0052
S205001D8CE36E
S205001D8D4010
S205001D8E054A
S205001D8FB698
S205001D906FDE
S205001D91004C
S205001D92C08B
S205001D93103A
S205001D941336
S205001D950741
S205001D96F057
S205001D970046
S205001D9863E2
S205001D991034
S205001D9AEB58
S205001D9B1230
S205001D9C132E
S205001D9D0838
S205001D9E003F
S205001D9F003E
S205001DA0B786
S205001DA10636
S205001DA20833
S205001DA3003A
S205001DA41326
S205001DA50731
S205001DA60037
S205001DA70036
S205001DA86FC6
S205001DA9F044
S205001DAA5FD4
S205001DABB47E
S205001DACEF42
S205001DAD0030
S205001DAE50DF
S205001DAF38F6
S205001DB0939A
S205001DB10626
S205001DB255D6
S205001DB30129
S205001DB49396
S205001DB50721
S205001DB6C067
S205001DB70125
S205001DB81312
S205001DB9071D
S205001DBA051E
S205001DBB0220
S205001DBCE33E
S205001DBDD44C
S205001DBED748
S205001DBFEC32
S205001DC0130A
S205001DC10517
S205001DC28596
S205001DC3FF1B
S205001DC41306
S205001DC50A0E
S205001DC60017
S205001DC70016
S205001DC8B362
S205001DC91400
S205001DCAA46F
S205001DCB0012
S205001DCC6FA2
S205001DCDF020
S205001DCE5FB0
S205001DCFED21
S205001DD013FA
S205001DD18587
S205001DD20A01
S205001DD3000A
S205001DD4EF1A
S205001DD50008
S205001DD6D037
S205001DD735D1
S205001DD813F2
S205001DD907FD
S205001DDA55AE
S205001DDB0101
S205001DDC936E
S205001DDD07F9
S205001DDEC03F
S205001DDF01FD
S205001DE013EA
S205001DE103F9
S205001DE205F6
S205001DE302F8
S205001DE4E316
S205001DE5D424
S205001DE6E710
S205001DE7AA4C
S205001DE813E2
S205001DE905EF
S205001DEA856E
S205001DEBFFF3
S205001DEC13DE
S205001DED0EE2
S205001DEE00EF
S205001DEF00EE
S205001DF033BA
S205001DF19458
S205001DF2AA41
S205001DF300EA
S205001DF46F7A
S205001DF5F0F8
S205001DF65F88
S205001DF7AB3B
S205001DF813D2
S205001DF908DC
S205001DFA00E3
S205001DFB00E2
S205001DFC934E
S205001DFD07D9
S205001DFEF0EF
S205001DFF7F5F
S205001E00B725
S205001E0106D5
S205001E0208D2
S205001E0300D9
S205001E046F69
S205001E05F0E7
S205001E069F37
S205001E07AE27
S205001E0813C1
S205001E098350
S205001E0A08CA
S205001E0B00D1
S205001E0C6F61
S205001E0DF0DF
S205001E0E5F6F
S205001E0FDFEE
S205001E109339
S205001E1107C4
S205001E12F0DA
S205001E137F4A
S205001E149335
S205001E1506C1
S205001E1600C6
S205001E1700C5
S205001E1813B1
S205001E1907BC
S205001E1A00C2
S205001E1B00C1
S205001E1C6F51
S205001E1DF0CF
S205001E1E1F9F
S205001E1FAD10
S205001E2013A9
S205001E2108B3
S205001E2200BA
S205001E2300B9
S205001E249325
S205001E2507B0
S205001E26F0C6
S205001E277F36
S205001E28B7FD
S205001E2906AD
S205001E2A08AA
S205001E2B00B1
S205001E2C139D
S205001E2D07A8
S205001E2E00AE
S205001E2F00AD
S205001E306F3D
S205001E31F0BB
S205001E32DFCB
S205001E33ABFE
S205001E343375
S205001E3507A0
S205001E36F7AF
S205001E374065
S205001E389311
S205001E39069D
S205001E3A8022
S205001E3B039E
S205001E3CE3BD
S205001E3DC2DD
S205001E3EE6B8
S205001E3FAAF3
S205001E409309
S205001E410695
S205001E42F0AA
S205001E430198
S205001E44E3B5
S205001E45DABD
S205001E46E6B0
S205001E47EEA7
S205001E489301
S205001E49068D
S205001E4A1082
S205001E4BFE93
S205001E4CB3DD
S205001E4D8708
S205001E4EF698
S205001E4F404D
S205001E5093F9
S205001E510685
S205001E52008A
S205001E530287
S205001E54B3D5
S205001E55D7B0
S205001E56F492
S205001E570085
S205001E586321
S205001E59087B
S205001E5AD7AB
S205001E5B0081
S205001E5C136D
S205001E5D037C
S205001E5EE39B
S205001E5F433A
S205001E603349
S205001E6193E8
S205001E626416
S205001E630079
S205001E643345
S205001E656A0D
S205001E666A0C
S205001E670075
S205001E683341
S205001E69363D
S205001E6A4032
S205001E6B0170
S205001E6C333D
S205001E6D6609
S205001E6EF678
S205001E6F006D
S205001E701359
S205001E7177F4
S205001E7276F4
S205001E730069
S205001E7493D5
S205001E750661
S205001E760066
S205001E770065
S205001E786301
S205001E79085B
S205001E7A075B
S205001E7B025F
S205001E7C93CD
S205001E7D77E8
S205001E7EF668
S205001E7F005D
S205001E801349
S205001E810754
S205001E82401A
S205001E830059
S205001E8493C5
S205001E850552
S205001E860056
S205001E870055
S205001E8863F1
S205001E898AC9
S205001E8AE76B
S205001E8B0051
S205001E8C93BD
S205001E8D0748
S205001E8E4608
S205001E8F004D
S205001E903319
S205001E91B695
S205001E92C783
S205001E930049
S205001E94B395
S205001E953512
S205001E96C086
S205001E970045
S205001E981331
S205001E9986BD
S205001E9A073B
S205001E9B0041
S205001E9C93AD
S205001E9D96A9
S205001E9E95A9
S205001E9F003D
S205001EA01329
S205001EA197A4
S205001EA2D565
S205001EA30138
S205001EA493A5
S205001EA5D661
S205001EA6C670
S205001EA70035
S205001EA81321
S205001EA956DD
S205001EAA36FC
S205001EAB0031
S205001EAC33FD
S205001EAD67C8
S205001EAEE648
S205001EAF002D
S205001EB09399
S205001EB10724
S205001EB2002A
S205001EB30029
S205001EB46FB9
S205001EB5F037
S205001EB69F87
S205001EB7A382
S205001EB89391
S205001EB9041F
S205001EBA041E
S205001EBB0021
S205001EBC130D
S205001EBD8A95
S205001EBE0A14
S205001EBF001D
S205001EC09389
S205001EC10B10
S205001EC230EA
S205001EC30019
S205001EC49385
S205001EC58592
S205001EC6090D
S205001EC70015
S205001EC86FA5
S205001EC9F023
S205001ECADF33
S205001ECB9F72
S205001ECCB759
S205001ECD0708
S205001ECE10FE
S205001ECF000D
S205001ED09379
S205001ED18784
S205001ED2F713
S205001ED3FF0A
S205001ED413F5
S205001ED50106
S205001ED60105
S205001ED7FE07
S205001ED8B351
S205001ED9F80B
S205001EDAB74B
S205001EDB0001
S205001EDC33CD
S205001EDDF807
S205001EDED727
S205001EDF00FD
S205001EE09369
S205001EE1D724
S205001EE246B4
S205001EE301F8
S205001EE49365
S205001EE5985F
S205001EE638BE
S205001EE700F5
S205001EE823D1
S205001EE92CC7
S205001EEA8171
S205001EEB00F1
S205001EEC23CD
S205001EED26C9
S205001EEE31BD
S205001EEF01EC
S205001EF013D9
S205001EF1D417
S205001EF2F5F5
S205001EF301E8
S205001EF49355
S205001EF5D90E
S205001EF645A1
S205001EF701E4
S205001EF813D1
S205001EF9578C
S205001EFAD50D
S205001EFB01E0
S205001EFC13CD
S205001EFD18C7
S205001EFE38A6
S205001EFF00DD
S205001F009348
S205001F015585
S205001F02D603
S205001F0301D7
S205001F0423B4
S205001F052EA8
S205001F0611C4
S205001F0700D4
S205001F0823B0
S205001F092AA8
S205001F0A9140
S205001F0B00D0
S205001F0C23AC
S205001F0D28A6
S205001F0E21AC
S205001F0F01CB
S205001F1013B8
S205001F11FFCB
S205001F12F7D2
S205001F137F49
S205001F1413B4
S205001F1503C3
S205001F16F0D5
S205001F177F45
S205001F183390
S205001F19675B
S205001F1A17AA
S205001F1B01BF
S205001F1C932C
S205001F1DF9C5
S205001F1EF9C4
S205001F1F7F3D
S205001F2013A8
S205001F210EAC
S205001F2204B5
S205001F2300B8
S205001F249324
S205001F25189E
S205001F263580
S205001F2700B4
S205001F289320
S205001F29D6DC
S205001F2AF6BB
S205001F2B01AF
S205001F2CB3FC
S205001F2DE5C9
S205001F2E05A8
S205001F2F01AB
S205001F309318
S205001F311E8C
S205001F323673
S205001F3300A8
S205001F346344
S205001F350C9A
S205001F366F36
S205001F372084
S205001F389310
S205001F39C6DC
S205001F3A168B
S205001F3B00A0
S205001F3CB3EC
S205001F3D8717
S205001F3EE9B4
S205001F3F415B
S205001F406338
S205001F410298
S205001F42D4C5
S205001F431682
S205001F44E3B4
S205001F455A3C
S205001F46F0A5
S205001F470094
S205001F486330
S205001F490A88
S205001F4A0F82
S205001F4B246C
S205001F4C632C
S205001F4D840A
S205001F4E6924
S205001F4F3C50
S205001F5093F8
S205001F510684
S205001F528009
S205001F530385
S205001F541374
S205001F550581
S205001F561075
S205001F570084
S205001F586320
S205001F59CEB4
S205001F5AF68B
S205001F5B027E
S205001F5CB7C8
S205001F5D0678
S205001F5E80FD
S205001F5F007C
S205001F60B3C8
S205001F61E595
S205001F62D5A4
S205001F630078
S205001F6493E4
S205001F650670
S205001F66F085
S205001F670173
S205001F686310
S205001F69C4AE
S205001F6AF67B
S205001F6B4E22
S205001F6C93DC
S205001F6D0668
S205001F6E006D
S205001F6F026A
S205001F70B3B8
S205001F7186E4
S205001F72F673
S205001F734028
S205001F743334
S205001F7595D1
S205001F76D590
S205001F770064
S205001F783330
S205001F79D68C
S205001F7AFE63
S205001F7B0060
S205001F7CB3AC
S205001F7D96C8
S205001F7EDE7F
S205001F7F005C
S205001F803328
S205001F8165F5
S205001F82C594
S205001F830058
S205001F84B3A4
S205001F853620
S205001F86D085
S205001F870054
S205001F88B3A0
S205001F89D77B
S205001F8AF55C
S205001F8B0050
S205001F8C331C
S205001F8D65E9
S205001F8ED578
S205001F8F004C
S205001F903318
S205001F910743
S205001F92F752
S205001F934008
S205001F943314
S205001F9585C1
S205001F96A89D
S205001F974004
S205001F983310
S205001F99B68C
S205001F9AA899
S205001F9B0040
S205001F9C93AC
S205001F9D043A
S205001F9E0538
S205001F9F003C
S205001FA03308
S205001FA10931
S205001FA2C772
S205001FA340F8
S205001FA493A4
S205001FA5171F
S205001FA689AC
S205001FA70034
S205001FA863D0
S205001FA9D85A
S205001FAA072A
S205001FAB34FC
S205001FACB778
S205001FAD0727
S205001FAE80AD
S205001FAF002C
S205001FB09398
S205001FB187A3
S205001FB2F732
S205001FB3FF29
S205001FB433F4
S205001FB579AD
S205001FB6F92C
S205001FB70024
S205001FB863C0
S205001FB9061C
S205001FBA0918
S205001FBB2EF2
S205001FBC130C
S205001FBD0519
S205001FBE0914
S205001FBF001C
S205001FC0EF2C
S205001FC1001A
S205001FC21009
S205001FC31701
S205001FC49384
S205001FC5070F
S205001FC68590
S205001FC7FF15
S205001FC89380
S205001FC9060C
S205001FCA0011
S205001FCB020E
S205001FCC33DC
S205001FCD8787
S205001FCEF617
S205001FCF40CC
S205001FD033D8
S205001FD1D733
S205001FD2E425
S205001FD30008
S205001FD433D4
S205001FD519ED
S205001FD6F90C
S205001FD70004
S205001FD833D0
S205001FD9679B
S205001FDA27DA
S205001FDB01FF
S205001FDCB34C
S205001FDD946A
S205001FDEF409
S205001FDF00FC
S205001FE06398
S205001FE1C436
S205001FE237C2
S205001FE33FB9
S205001FE4B344
S205001FE5876F
S205001FE637BE
S205001FE741B3
S205001FE89360
S205001FE9876B
S205001FEA17DA
S205001FEB00F0
S205001FECB33C
S205001FED8668
S205001FEEF6F7
S205001FEF40AC
S205001FF033B8
S205001FF19654
S205001FF2D415
S205001FF300E8
S205001FF433B4
S205001FF5D90D
S205001FF6F4F1
S205001FF700E4
S205001FF833B0
S205001FF936AC
S205001FFAC021
S205001FFB00E0
S205001FFC33AC
S205001FFD6678
S205001FFEC914
S205001FFF00DC
S205002000B327
S20500200116C3
S205002002D701
S20500200300D7
S205002004B323
S205002005E4F1
S205002006C60E
S20500200700D3
S205002008339F
S2050020095978
S20500200AF7D9
S20500200B00CF
S20500200C933B
S20500200D09C4
S20500200E00CC
S20500200F00CB
S2050020109337
S205002011F7D2
S2050020127454
S20500201300C7
S2050020146363
S2050020158045
S20500201607BD
S20500201702C1
S205002018932F
S205002019F7CA
S20500201AF4CC
S20500201B00BF
S20500201C13AB
S20500201D07B6
S20500201E407C
S20500201F00BB
S2050020206357
S2050020218A2F
S205002022E7D1
S20500202300B7
S2050020249323
S205002025872E
S2050020264470
S20500202700B3
S205002028337F
S205002029B5FC
S20500202A9719
S20500202B00AF
S20500202C337B
S20500202D09A4
S20500202EA903
S20500202F00AB
S2050020309317
S2050020318425
S20500203207A1
S20500203300A7
S2050020349313
S205002035178E
S205002036891B
S20500203700A3
S205002038633F
S205002039D0D1
S20500203A0799
S20500203B6C33
S20500203C930B
S20500203D8716
S20500203E1983
S20500203F009B
S2050020401387
S2050020410792
S205002042F0A8
S2050020437F18
S2050020446333
S205002045860F
S205002046E7AD
S205002047246F
S205002048375B
S205002049078A
S20500204A8010
S20500204BFF90
S20500204C137B
S20500204D0786
S20500204EF795
S20500204FFF8C
S2050020503357
S2050020517712
S205002052E99F
S2050020530087
S20500205493F3
S205002055F78E
S205002056F78D
S2050020577F04
S205002058136F
S2050020591869
S20500205AD7A9
S20500205B017E
S20500205C136B
S20500205DD5A8
S20500205E3448
S20500205F007B
S2050020601367
S2050020611762
S20500206297E1
S2050020630077
S2050020643343
S205002065680D
S205002066A8CC
S2050020670073
S205002068135F
S205002069571A
S20500206AC7A9
S20500206B006F
S20500206C135B
S20500206D7EEF
S20500206E1458
S20500206F006B
S20500207083E7
S2050020712049
S205002072C1A7
S2050020730166
S2050020740363
S2050020752441
S20500207681E3
S2050020770162
S20500207893CF
S20500207997CA
S20500207A4719
S20500207B015E
S20500207CB3AB
S20500207DE776
S20500207EE775
S20500207F005B
S2050020801347
S2050020811742
S205002082FE5A
S2050020830156
S205002084B3A3
S205002085E76E
S205002086E76D
S2050020870053
S20500208883CF
S205002089242D
S20500208A410F
S20500208B014E
S20500208C034B
S20500208D2924
S20500208E014B
S20500208F014A
S20500209083C7
S2050020912920
S205002092C187
S2050020930047
S2050020941333
S2050020950540
S205002096083C
S2050020970043
S20500209893AF
S20500209985BC
S20500209A0739
S20500209B003F
S20500209C132B
S20500209D013C
S20500209E013B
S20500209F0239
S2050020A067D3
S2050020A180B9
S2050020A20038
S2050020A30037
S2050020A463D3
S2050020A552E3
S2050020A6F044
S2050020A770C3
S2050020A863CF
S2050020A9161B
S2050020AA0F21
S2050020AB1C13
S2050020ACB37B
S2050020ADE647
S2050020AED557
S2050020AF012A
S2050020B063C7
S2050020B18E9B
S2050020B20622
S2050020B32601
S2050020B49393
S2050020B5869F
S2050020B6F72D
S2050020B7FF24
S2050020B863BF
S2050020B98899
S2050020BA061A
S2050020BB46D9
S2050020BC63BB
S2050020BD8C91
S2050020BE67B5
S2050020BF24F7
S2050020C09387
S2050020C10712
S2050020C28098
S2050020C30314
S2050020C41303
S2050020C5090C
S2050020C61004
S2050020C70013
S2050020C863AF
S2050020C9CC45
S2050020CAD739
S2050020CB020D
S2050020CC937B
S2050020CD8786
S2050020CE0606
S2050020CF000B
S2050020D09377
S2050020D10603
S2050020D2F018
S2050020D30106
S2050020D463A3
S2050020D5CA3B
S2050020D6F60E
S2050020D748BB
S2050020D8936F
S2050020D906FB
S2050020DA0000
S2050020DB02FD
S2050020DCB34B
S2050020DD8677
S2050020DEF606
S2050020DF40BB
S2050020E033C7
S2050020E19960
S2050020E2D523
S2050020E300F7
S2050020E433C3
S2050020E5D61F
S2050020E6FEF6
S2050020E700F3
S2050020E8B33F
S2050020E9965B
S2050020EADE12
S2050020EB00EF
S2050020EC33BB
S2050020ED6984
S2050020EEC923
S2050020EF00EB
S2050020F0B337
S2050020F136B3
S2050020F2D018
S2050020F300E7
S2050020F4B333
S2050020F5D70E
S2050020F6F5EF
S2050020F700E3
S2050020F833AF
S2050020F96978
S2050020FAD907
S2050020FB00DF
S2050020FC33AB
S2050020FD07D6
S2050020FEF7E5
S2050020FF00DB
S20500210033A6
S20500210106D2
S20500210219BE
S20500210301D5
S20500210433A2
S205002105399B
S20500210626AD
S20500210701D1
S205002108933E
S20500210904CC
S20500210A06C9
S20500210B00CE
S20500210C339A
S20500210D09C3
S20500210EE9E2
S20500210F00CA
S2050021109336
S20500211117B1
S205002112893E
S20500211300C6
S2050021146362
S205002115D2F2
S20500211607BC
S2050021171EA4
S205002118932E
S2050021198937
S20500211A19A6
S20500211B00BE
S20500211C932A
S20500211D07B5
S20500211EF0CB
S20500211F7F3B
S2050021206356
S2050021218830
S205002122F9BE
S20500212316A0
S205002124B7FE
S20500212507AD
S2050021268033
S205002127FFB3
S205002128931E
S2050021298729
S20500212AF7B8
S20500212BFFAF
S20500212C139A
S20500212DF5B7
S20500212E1497
S20500212F00AA
S205002130B3F6
S2050021317731
S205002132F9AE
S20500213300A6
S2050021341392
S205002135D7CD
S205002136148F
S20500213700A2
S205002138336E
S2050021396739
S20500213AA7F8
S20500213B009E
S20500213C138A
S20500213D9507
S20500213EF7A4
S20500213F0199
S205002140B3E6
S2050021416434
S205002142E5B2
S2050021430096
S2050021441382
S205002145D9BB
S205002146177C
S2050021470092
S2050021486F22
S205002149F0A0
S20500214A9FF0
S20500214BECA2
S20500214C335A
S20500214DE8A4
S20500214ED5B6
S20500214F0189
S2050021501376
S2050021518305
S205002152196E
S2050021538006
S2050021546322
S205002155087C
S205002156087B
S205002157067C
S205002158631E
S2050021590A76
S20500215AD4AB
S20500215B0678
S20500215C631A
S20500215D0478
S20500215E0378
S20500215F0E6C
S2050021606316
S2050021618EEA
S205002162096E
S2050021632650
S2050021641362
S205002165155F
S205002166363D
S2050021670072
S205002168135E
S205002169551B
S20500216A353A
S20500216B006E
S20500216C135A
S20500216D84E8
S20500216E0665
S20500216F006A
S2050021701356
S20500217187E1
S2050021720562
S2050021730066
S2050021741352
S205002175184C
S205002176D78C
S2050021770161
S205002178332E
S20500217968F8
S20500217AA8B7
S20500217B005E
S20500217C134A
S20500217D5705
S20500217E3724
S20500217F005A
S2050021803326
S20500218167F1
S2050021820750
S2050021830155
S20500218463F2
S205002185064E
S205002186074C
S2050021871042
S205002188133E
S2050021890E42
S20500218A004F
S20500218B004E
S20500218C93BA
S20500218D0745
S20500218EF05B
S20500218F7FCB
S2050021903712
S2050021910741
S205002192083F
S2050021930046
S2050021941332
S205002195083C
S2050021960043
S2050021970042
S2050021986FD2
S205002199F050
S20500219A9FA0
S20500219BED51
S20500219CB38A
S20500219DE656
S20500219ED566
S20500219F0139
S2050021A063D6
S2050021A186B2
S2050021A20631
S2050021A3181E
S2050021A493A2
S2050021A586AE
S2050021A6F73C
S2050021A7FF33
S2050021A863CE
S2050021A982AE
S2050021AA0629
S2050021AB3AF4
S2050021AC63CA
S2050021AD84A8
S2050021AE67C4
S2050021AF1614
S2050021B09396
S2050021B10721
S2050021B280A7
S2050021B30323
S2050021B41312
S2050021B5051F
S2050021B61013
S2050021B70022
S2050021B8E33E
S2050021B9CE52
S2050021BAD748
S2050021BBDC42
S2050021BC938A
S2050021BD8795
S2050021BE0615
S2050021BF001A
S2050021C06FAA
S2050021C1F028
S2050021C25FB8
S2050021C3DA3C
S2050021C49382
S2050021C5C64E
S2050021C616FD
S2050021C70012
S2050021C8E32E
S2050021C91AF6
S2050021CAD43B
S2050021CBF816
S2050021CC63AA
S2050021CD0804
S2050021CE0308
S2050021CF18F2
S2050021D063A6
S2050021D19078
S2050021D209FE
S2050021D32CDA
S2050021D49372
S2050021D507FD
S2050021D6F013
S2050021D77F83
S2050021D8B34E
S2050021D9669A
S2050021DA17E8
S2050021DB01FD
S2050021DC639A
S2050021DD8874
S2050021DE06F5
S2050021DF48B2
S2050021E09366
S2050021E18672
S2050021E2F700
S2050021E3FFF7
S2050021E46392
S2050021E58272
S2050021E606ED
S2050021E734BE
S2050021E813DE
S2050021E905EB
S2050021EAF0FF
S2050021EB7F6F
S2050021EC638A
S2050021ED826A
S2050021EEA744
S2050021EF2AC0
S2050021F09356
S2050021F107E1
S2050021F28067
S2050021F303E3
S2050021F413D2
S2050021F509DB
S2050021F610D3
S2050021F700E2
S2050021F8637E
S2050021F9CA16
S2050021FAD708
S2050021FB02DC
S2050021FC934A
S2050021FD07D5
S2050021FEF0EB
S2050021FF01D9
S2050022006375
S205002201C611
S205002202D7FF
S2050022034C89
S2050022049341
S20500220507CC
S20500220600D2
S20500220702CF
S205002208B31D
S2050022098748
S20500220AD7F7
S20500220B408D
S20500220C3399
S20500220D19B2
S20500220EF7D3
S20500220F00C9
S2050022103395
S205002211D6F1
S205002212D8EE
S20500221300C5
S205002214B311
S205002215972C
S205002216F8CA
S20500221700C1
S205002218338D
S2050022196956
S20500221AC9F5
S20500221B00BD
S20500221CB309
S20500221D3784
S20500221EF0CA
S20500221F00B9
S205002220B305
S2050022215661
S205002222D7DF
S20500222300B5
S2050022243381
S205002225694A
S205002226F9B9
S20500222700B1
S205002228B3FD
S205002229852A
S20500222AD5D9
S20500222B00AD
S20500222C3379
S20500222D07A4
S20500222ED9D1
S20500222F01A8
S2050022303375
S205002231396E
S205002232277F
S20500223301A4
S2050022349311
S205002235049F
S205002236079B
S20500223700A1
S205002238336D
S2050022390996
S20500223AB9E5
S20500223B009D
S20500223C9309
S20500223D0992
S20500223E0F8B
S20500223F0099
S2050022406F29
S205002241F0A7
S2050022421F77
S205002243EDA8
S2050022449301
S205002245870C
S2050022461979
S2050022470091
S20500224893FD
S205002249F798
S20500224AE7A7
S20500224B7F0E
S20500224C6329
S20500224D94F7
S20500224E0783
S20500224F1475
S2050022503355
S205002251E89F
S205002252D5B1
S2050022530184
S205002254B3D1
S205002255671C
S205002256176B
S2050022570180
S205002258631D
S20500225994EB
S20500225A0975
S20500225B2A53
S20500225C6319
S20500225D8EED
S20500225E0773
S20500225F3841
S2050022606315
S2050022611067
S205002262086E
S2050022633C39
S2050022641361
S205002265155E
S205002266353D
S2050022670071
S205002268135D
S2050022695916
S20500226A3539
S20500226B006D
S20500226C93D9
S20500226D0764
S20500226E006A
S20500226F0069
S2050022706FF9
S2050022710067
S2050022724026
S2050022731154
S2050022746301
S20500227580E3
S20500227669F9
S2050022770A57
S20500227893CD
S2050022790659
S20500227A80DE
S20500227B035A
S20500227C1349
S20500227D0952
S20500227E104A
S20500227F0059
S205002280E375
S205002281C097
S205002282F660
S205002283E86D
S205002284B79D
S205002285064D
S20500228680D2
S2050022870051
S205002288B39D
S205002289E56A
S20500228AD579
S20500228B004D
S20500228C6FDD
S20500228DF05B
S20500228E5FEB
S20500228FE465
S2050022901335
S2050022917EC9
S2050022921432
S2050022930045
S20500229493B1
S205002295073C
S205002296F052
S2050022977FC2
S205002298132D
S2050022990738
S20500229A003E
S20500229B003D
S20500229C1329
S20500229D0833
S20500229E003A
S20500229F0039
S2050022A06FC9
S2050022A1F047
S2050022A21F17
S2050022A3DD58
S2050022A41321
S2050022A585AE
S2050022A6042E
S2050022A70031
S2050022A8EF41
S2050022A9002F
S2050022AA80AE
S2050022AB68C5
S2050022AC9399
S2050022AD0724
S2050022AE85A5
S2050022AF0128
S2050022B09395
S2050022B10621
S2050022B2F036
S2050022B30124
S2050022B4E341
S2050022B5DA49
S2050022B6F62C
S2050022B7D051
S2050022B8130D
S2050022B90718
S2050022BA8599
S2050022BBFF1E
S2050022BC33E9
S2050022BD9784
S2050022BEE436
S2050022BF0019
S2050022C063B5
S2050022C1CE49
S2050022C237DF
S2050022C31BFA
S2050022C4B361
S2050022C5898A
S2050022C637DB
S2050022C741D0
S2050022C8937D
S2050022C98788
S2050022CA19F5
S2050022CB000D
S2050022CC63A9
S2050022CDDE2D
S2050022CEF614
S2050022CF42C7
S2050022D09375
S2050022D1897E
S2050022D219ED
S2050022D3FE07
S2050022D49371
S2050022D506FD
S2050022D60002
S2050022D702FF
S2050022D8B34D
S2050022D954AB
S2050022DA37C7
S2050022DB01FC
S2050022DC6399
S2050022DD8C6F
S2050022DED723
S2050022DF00F9
S2050022E09365
S2050022E106F1
S2050022E200F6
S2050022E304F1
S2050022E4B341
S2050022E5876C
S2050022E6F6FC
S2050022E740B1
S2050022E833BD
S2050022E917D8
S2050022EAF7F7
S2050022EB00ED
S2050022EC33B9
S2050022ED37B4
S2050022EEE00A
S2050022EF00E9
S2050022F0B335
S2050022F1E403
S2050022F2E402
S2050022F300E5
S2050022F49351
S2050022F509DA
S2050022F600E2
S2050022F700E1
S2050022F8934D
S2050022F9F7E8
S2050022FA746A
S2050022FB00DD
S2050022FCE3F9
S2050022FD9E3D
S2050022FE07D3
S2050022FFD009
S2050023009344
S205002301874F
S20500230209CC
S20500230300D4
S20500230413C0
S205002305D5FD
S205002306349D
S20500230700D0
S20500230813BC
S20500230907C7
S20500230A09C4
S20500230B00CC
S20500230C6F5C
S20500230D00CA
S20500230E8049
S20500230F02C6
S205002310E3E4
S2050023111CAA
S20500231208BD
S205002313E6DE
S20500231413B0
S20500231515AD
S205002316358C
S20500231700C0
S20500231813AC
S20500231918A6
S20500231AD7E6
S20500231B01BB
S20500231C13A8
S20500231D5565
S20500231E3584
S20500231F00B8
S2050023203384
S205002321684E
S205002322A80D
S20500232300B4
S20500232413A0
S205002325575B
S205002326377A
S20500232700B0
S2050023286F40
S205002329F0BE
S20500232A9F0E
S20500232BE5C7
S20500232C1398
S20500232D1595
S20500232E3574
S20500232F00A8
S2050023301394
S2050023315551
S2050023323570
S20500233300A4
S2050023341390
S205002335188A
S205002336D7CA
S205002337019F
S205002338930C
S2050023390698
S20500233AF0AD
S20500233B7F1D
S20500233C3368
S20500233D6832
S20500233EA8F1
S20500233F0098
S2050023401384
S205002341573F
S205002342375E
S2050023430094
S205002344E3B0
S2050023458E04
S205002346D7BA
S205002347E2AE
S205002348137C
S2050023491777
S20500234AC7C6
S20500234B008C
S20500234C1378
S20500234D5733
S20500234EC7C2
S20500234F0088
S20500235093F4
S205002351F78F
S205002352F78E
S2050023537F05
S2050023541370
S2050023557E04
S205002356146D
S2050023570080
S2050023586F10
S205002359F08E
S20500235A9FDE
S20500235BD1AB
S20500235C93E8
S20500235D86F4
S20500235E1960
S20500235F0078
S20500236093E4
S205002361F77F
S205002362E68F
S2050023637FF5
S2050023646310
S2050023659ED4
S205002366076A
S205002367125E
S205002368B3BC
S2050023696707
S20500236A1756
S20500236B016B
S20500236C6308
S20500236D9AD0
S20500236E0960
S20500236F2444
S2050023706304
S20500237186E0
S205002372075E
S2050023733034
S205002374B3B0
S205002375E77B
S205002376D58C
S205002377015F
S20500237863FC
S2050023799AC4
S20500237A0756
S20500237B302C
S20500237C1348
S20500237D1545
S20500237E3524
S20500237F0058
S2050023801344
S20500238159FD
S2050023823520
S2050023830054
S2050023841340
S205002385183A
S205002386D77A
S205002387014F
S205002388331C
S20500238968E6
S20500238A2825
S20500238B014B
S20500238C1338
S20500238D57F3
S20500238E3712
S20500238F0048
S2050023906FD8
S205002391F056
S2050023929FA6
S205002393FB49
S2050023943310
S20500239588BA
S205002396D869
S20500239741FF
S205002398B38C
S205002399B787
S20500239A0835
S20500239B013B
S20500239C3308
S20500239D0931
S20500239EB782
S20500239F40F8
S2050023A03304
S2050023A1092D
S2050023A2F93C
S2050023A340F4
S2050023A493A0
S2050023A5171B
S2050023A689A8
S2050023A70030
S2050023A8939C
S2050023A9042A
S2050023AA0825
S2050023AB002C
S2050023AC63C8
S2050023ADC268
S2050023AE0722
S2050023AF1216
S2050023B033F4
S2050023B168BE
S2050023B228FD
S2050023B30123
S2050023B4E340
S2050023B51210
S2050023B60819
S2050023B7C060
S2050023B8130C
S2050023B90E10
S2050023BA001D
S2050023BB001C
S2050023BC9388
S2050023BD0713
S2050023BE0019
S2050023BF0018
S2050023C01304
S2050023C1070F
S2050023C20015
S2050023C30014
S2050023C46FA4
S2050023C5F022
S2050023C6DF32
S2050023C7CA46
S2050023C837D8
S2050023C90905
S2050023CA808D
S2050023CBFF0D
S2050023CC13F8
S2050023CD0901
S2050023CEF910
S2050023CFFF09
S2050023D0B354
S2050023D1897D
S2050023D2F90C
S2050023D340C4
S2050023D433D0
S2050023D57989
S2050023D627DA
S2050023D701FF
S2050023D86F90
S2050023D9F00E
S2050023DA9F5E
S2050023DBC339
S2050023DC9368
S2050023DD07F3
S2050023DEF009
S2050023DF7F79
S2050023E033C4
S2050023E16591
S2050023E217DE
S2050023E301F3
S2050023E46390
S2050023E504EE
S2050023E605EC
S2050023E710E0
S2050023E813DC
S2050023E98866
S2050023EAF7F6
S2050023EBFFED
S2050023EC6388
S2050023ED02E8
S2050023EE08E1
S2050023EF1ECA
S2050023F013D4
S2050023F105E1
S2050023F2F0F5
S2050023F37F65
S2050023F4E300
S2050023F5885A
S2050023F6A73A
S2050023F7D60A
S2050023F8934C
S2050023F907D7
S2050023FA805D
S2050023FB03D9
S2050023FC13C8
S2050023FD8456
S2050023FE06D3
S2050023FF00D8
S20500240013C3
S20500240105D0
S20500240210C4
S20500240300D3
S205002404636F
S205002405CA07
S20500240607C9
S20500240703CC
S205002408933B
S20500240907C6
S20500240AF0DC
S20500240B01CA
S20500240C6367
S20500240DC405
S20500240E07C1
S20500240F19AE
S2050024109333
S20500241107BE
S20500241200C4
S20500241302C1
S205002414B30F
S205002415873A
S20500241607B9
S205002417417E
S205002418338B
S20500241915A8
S20500241AF7C5
S20500241B00BB
S20500241CB307
S20500241DD6E3
S20500241E08B0
S20500241F01B6
S205002420B303
S205002421971E
S205002422F8BC
S20500242300B3
S205002424337F
S205002425654C
S205002426D5DB
S20500242700AF
S205002428B3FB
S2050024293776
S20500242AF0BC
S20500242B00AB
S20500242C3377
S20500242D5851
S20500242E07A1
S20500242F01A6
S2050024303373
S2050024316540
S205002432F5AF
S20500243300A3
S205002434B3EF
S205002435851C
S205002436059B
S205002437415E
S205002438336B
S2050024398518
S20500243AAEEE
S20500243B405B
S20500243C3367
S20500243DB7E2
S20500243EAEEA
S20500243F0097
S2050024409303
S2050024410491
S205002442058F
S2050024430093
S205002444335F
S2050024458908
S205002446E5AB
S205002447404F
S20500244893FB
S2050024490984
S20500244A0F7D
S20500244B008B
S20500244C6F1B
S20500244DF099
S20500244E9FE9
S20500244FB5D2
S20500245093F3
S20500245186FF
S205002452077D
S205002453FE85
S205002454136F
S205002455067B
S2050024560080
S205002457027D
S205002458B3CB
S205002459D6A7
S20500245AD5A7
S20500245B007B
S20500245C6317
S20500245D8AEF
S20500245EC7B1
S20500245F0077
S2050024601363
S205002461066F
S2050024620074
S205002463046F
S205002464B3BF
S205002465076A
S205002466F67A
S205002467402F
S205002468B3BB
S20500246997D6
S20500246AF577
S20500246B006B
S20500246CB3B7
S20500246DEE7B
S20500246EFE6A
S20500246F0067
S2050024703333
S2050024713530
S205002472D094
S2050024730162
S205002474332F
S20500247565FC
S205002476D58B
S205002477005F
S2050024786FEF
S205002479F06D
S20500247ADF7D
S20500247BB1AA
S20500247CB7A3
S20500247D0653
S20500247E80D8
S20500247FFF58
S20500248093C3
S20500248186CF
S205002482F65E
S205002483FF54
S205002484B39F
S20500248587CA
S205002486F957
S205002487400F
S205002488331B
S20500248977D6
S20500248AD775
S20500248B004B
S20500248C6FDB
S20500248DF059
S20500248E9FA9
S20500248FEF58
S2050024901333
S2050024911530
S205002492360E
S2050024930043
S205002494132F
S20500249555EC
S205002496350B
S205002497003F
S205002498132B
S20500249987B6
S20500249A0537
S20500249B003B
S20500249C6FCB
S20500249DF049
S20500249E9F99
S20500249FCD6A
S2050024A093A3
S2050024A1072E
S2050024A2F044
S2050024A37FB4
S2050024A4E34F
S2050024A586AB
S2050024A6F63A
S2050024A7DE51
S2050024A8B37B
S2050024A98E9F
S2050024AAD854
S2050024AB012A
S2050024AC33F7
S2050024ADB673
S2050024AE1E0A
S2050024AF0126
S2050024B0B373
S2050024B1071E
S2050024B2B76D
S2050024B30023
S2050024B4B36F
S2050024B5879A
S2050024B6C759
S2050024B7001F
S2050024B8130B
S2050024B99588
S2050024BAF725
S2050024BB011A
S2050024BC9387
S2050024BDDE3B
S2050024BE1EFA
S2050024BF0017
S2050024C0B363
S2050024C164B1
S2050024C2D53F
S2050024C30112
S2050024C413FF
S2050024C5D938
S2050024C617F9
S2050024C7000F
S2050024C8937B
S2050024C98984
S2050024CA0606
S2050024CB000B
S2050024CC6F9B
S2050024CDF019
S2050024CE5FA9
S2050024CFB453
S2050024D033D3
S2050024D1867F
S2050024D21EE6
S2050024D341C2
S2050024D4B34F
S2050024D5877A
S2050024D6E51B
S2050024D740BF
S2050024D833CB
S2050024D9B746
S2050024DACE2E
S2050024DB00FB
S2050024DC9367
S2050024DD04F5
S2050024DE06F2
S2050024DF00F7
S2050024E033C3
S2050024E1896C
S2050024E2E70D
S2050024E340B3
S2050024E413DF
S2050024E5846D
S2050024E606EA
S2050024E700EF
S2050024E86F7F
S2050024E9F0FD
S2050024EA1FCD
S2050024EBAD3E
S2050024EC13D7
S2050024ED16D3
S2050024EE36B2
S2050024EF00E7
S2050024F013D3
S2050024F15590
S2050024F236AE
S2050024F300E3
S2050024F413CF
S2050024F5845D
S2050024F606DA
S2050024F700DF
S2050024F813CB
S2050024F98756
S2050024FA05D7
S2050024FB00DB
S2050024FC6F6B
S2050024FDF0E9
S2050024FE9F39
S2050024FFE3F4
S205002500E3F2
S205002501983C
S20500250207CC
S205002503E0F2
S205002504636E
S20500250506CA
S20500250608C7
S20500250722AC
S20500250813BA
S205002509D7F5
S20500250A3596
S20500250B00CA
S20500250C13B6
S20500250D16B2
S20500250E3691
S20500250F00C6
S2050025109332
S205002511952F
S205002512D5EE
S20500251301C1
S205002514338E
S2050025156759
S205002516B708
S20500251700BE
S20500251813AA
S2050025195666
S20500251A3685
S20500251B00BA
S20500251C3386
S20500251D6751
S20500251EC7F0
S20500251F00B6
S20500252013A2
S2050025218430
S20500252206AD
S20500252300B2
S2050025246F42
S205002525F0C0
S2050025261F90
S205002527C6E8
S205002528B3FA
S2050025298E1E
S20500252AD8D3
S20500252B01A9
S20500252CB3F6
S20500252D05A3
S20500252EB7F0
S20500252F00A6
S2050025303372
S205002531B6EE
S2050025321E85
S20500253301A1
S205002534336E
S2050025358917
S205002536C5DA
S205002537009E
S205002538930A
S2050025391785
S20500253A8912
S20500253B009A
S20500253C9306
S20500253D8414
S20500253E0E89
S20500253F0096
S2050025406332
S205002541D8BC
S205002542078C
S2050025430A88
S20500254493FE
S2050025450987
S205002546206F
S205002547008E
S2050025486F1E
S205002549F09C
S20500254ADFAC
S20500254BBDCD
S20500254CB3D6
S20500254D8EFA
S20500254ED8AF
S20500254F4145
S205002550B3D2
S205002551057F
S205002552B7CC
S2050025534042
S205002554334E
S205002555B6CA
S205002556D8A7
S205002557017D
S20500255893EA
S20500255984F8
S20500255A0E6D
S20500255B007A
S20500255C3346
S20500255D89EF
S20500255EC5B2
S20500255F4036
S20500256093E2
S205002561096B
S2050025621063
S2050025630072
S2050025646F02
S205002565F080
S2050025661F50
S205002567A4CA
S20500256893DA
S20500256986E6
S20500256A0764
S20500256BFE6C
S20500256C1356
S20500256D0662
S20500256E0067
S20500256F0264
S205002570B3B2
S205002571D68E
S205002572D58E
S2050025730062
S20500257463FE
S2050025758AD6
S205002576C798
S205002577005E
S205002578134A
S2050025790656
S20500257A005B
S20500257B0456
S20500257CB3A6
S20500257D0751
S20500257EF661
S20500257F4016
S205002580B3A2
S20500258197BD
S205002582F55E
S2050025830052
S205002584B39E
S205002585EE62
S205002586FE51
S205002587004E
S205002588331A
S2050025893913
S20500258AD07B
S20500258B0149
S20500258C3316
S20500258D69DF
S20500258ED96E
S20500258F0046
S2050025906FD6
S205002591F054
S2050025921F24
S205002593B78B
S20500259493AE
S2050025950739
S2050025960837
S205002597FE40
S20500259893AA
S2050025990636
S20500259A003B
S20500259B0238
S20500259CB386
S20500259D57E1
S20500259EF740
S20500259F0036
S2050025A063D2
S2050025A10A2A
S2050025A2D85B
S2050025A30032
S2050025A4939E
S2050025A5062A
S2050025A6002F
S2050025A7042A
S2050025A8B37A
S2050025A986A6
S2050025AA0625
S2050025AB41E9
S2050025AC33F6
S2050025AD1711
S2050025AED750
S2050025AF0026
S2050025B0B372
S2050025B1E83C
S2050025B2E83B
S2050025B30022
S2050025B433EE
S2050025B535EB
S2050025B6100F
S2050025B7011D
S2050025B833EA
S2050025B965B7
S2050025BAF526
S2050025BB001A
S2050025BC6FAA
S2050025BDF028
S2050025BEDF38
S2050025BFE72F
S2050025C0E332
S2050025C1888C
S2050025C2070C
S2050025C3EC26
S2050025C4B35E
S2050025C5EE22
S2050025C6D53A
S2050025C7010D
S2050025C8E32A
S2050025C9907C
S2050025CA0EFD
S2050025CBBC4E
S2050025CC6F9A
S2050025CDF018
S2050025CE9F68
S2050025CFD432
S2050025D033D2
S2050025D1867E
S2050025D21EE5
S2050025D341C1
S2050025D4B34E
S2050025D5857B
S2050025D6E51A
S2050025D740BE
S2050025D833CA
S2050025D9B745
S2050025DACE2D
S2050025DB00FA
S2050025DC9366
S2050025DD04F4
S2050025DE06F1
S2050025DF00F6
S2050025E033C2
S2050025E1896B
S2050025E2E50E
S2050025E340B2
S2050025E413DE
S2050025E5846C
S2050025E606E9
S2050025E700EE
S2050025E8935A
S2050025E909E3
S2050025EA10DB
S2050025EB00EA
S2050025EC6F7A
S2050025EDF0F8
S2050025EE9F48
S2050025EF9B4B
S2050025F09352
S2050025F107DD
S2050025F210D3
S2050025F300E2
S2050025F46F72
S2050025F5F0F0
S2050025F61FC0
S2050025F7D10D
S2050025F8E3FA
S2050025F900DC
S2050025FA08D3
S2050025FBDCFE
S2050025FC13C6
S2050025FD16C2
S2050025FE36A1
S2050025FF00D6
S2050026009341
S205002601577C
S205002602369C
S20500260300D1
S20500260413BD
S2050026059837
S205002606D5F9
S20500260701CC
S20500260813B9
S2050026099734
S20500260A9535
S20500260B00C9
S20500260C3395
S20500260D685F
S20500260EF8CE
S20500260F00C5
S20500261013B1
S205002611576C
S205002612C7FB
S20500261300C1
S20500261413AD
S2050026158E31
S20500261606B8
S20500261700BD
S2050026189329
S20500261907B4
S20500261A00BA
S20500261B00B9
S20500261C6F49
S20500261DF0C7
S20500261E5F57
S20500261FA510
S2050026203381
S205002621892A
S205002622D8DA
S2050026234170
S205002624B3FD
S205002625B7F8
S2050026262886
S20500262701AC
S2050026283379
S20500262906A5
S20500262AB7F3
S20500262B4069
S20500262C3375
S20500262D06A1
S20500262EF6B0
S20500262F4065
S2050026309311
S205002631178C
S205002632861C
S20500263300A1
S205002634633D
S205002635D2CD
S2050026360797
S2050026370E8F
S2050026383369
S2050026398615
S20500263A1E7C
S20500263B4158
S20500263C3365
S20500263D8710
S20500263EE5B1
S20500263F4055
S205002640B3E1
S205002641BED5
S205002642CEC4
S2050026430091
S205002644335D
S2050026450788
S205002646D7B7
S205002647414C
S20500264893F9
S2050026491774
S20500264A8703
S20500264B0089
S20500264C93F5
S20500264D0483
S20500264E0680
S20500264F0085
S2050026506321
S205002651DEA5
S205002652077B
S205002653126F
S205002654B7C9
S2050026550778
S20500265680FE
S205002657FF7E
S20500265893E9
S20500265987F4
S20500265AF783
S20500265BFF7A
S20500265C3345
S20500265D7700
S20500265EF77F
S20500265F0075
S2050026601361
S20500266184EF
S205002662066C
S2050026630071
S20500266493DD
S2050026650768
S205002666105E
S205002667006D
S2050026686FFD
S205002669F07B
S20500266A1F4B
S20500266B9FCA
S20500266C1355
S20500266D1651
S20500266E3630
S20500266F0065
S2050026701351
S205002671550E
S205002672362C
S2050026730061
S205002674134D
S20500267587D8
S2050026760559
S205002677005D
S2050026786FED
S205002679F06B
S20500267ADF7B
S20500267BCB8E
S20500267C1345
S20500267D1641
S20500267E3620
S20500267F0055
S2050026801341
S20500268159FA
S205002682361C
S2050026830051
S205002684133D
S20500268587C8
S2050026860549
S205002687004D
S2050026886FDD
S205002689F05B
S20500268ADF6B
S20500268BCF7A
S20500268CB395
S20500268D86C1
S20500268ED86E
S20500268F0144
S205002690B391
S205002691073C
S205002692B78B
S2050026930041
S205002694330D
S205002695B689
S2050026961628
S205002697013C
S205002698B389
S20500269987B4
S20500269AC773
S20500269B0039
S20500269C1325
S20500269D97A0
S20500269E87AF
S20500269F0035
S2050026A01321
S2050026A1D85B
S2050026A236FC
S2050026A30031
S2050026A463CD
S2050026A55ED1
S2050026A60727
S2050026A70825
S2050026A837F5
S2050026A90724
S2050026AA80AA
S2050026ABFF2A
S2050026AC1315
S2050026AD0720
S2050026AEF72F
S2050026AFFF26
S2050026B0B371
S2050026B1F72C
S2050026B2E73B
S2050026B30021
S2050026B4130D
S2050026B59788
S2050026B6D747
S2050026B7011C
S2050026B89389
S2050026B99784
S2050026BA9783
S2050026BB0019
S2050026BC33E5
S2050026BD68AF
S2050026BE070F
S2050026BF0114
S2050026C01301
S2050026C1D73C
S2050026C2C74B
S2050026C30011
S2050026C4937D
S2050026C50708
S2050026C610FE
S2050026C7000D
S2050026C86F9D
S2050026C9F01B
S2050026CA9F6B
S2050026CB9A6F
S2050026CC9375
S2050026CD8780
S2050026CE0600
S2050026CFFE07
S2050026D013F1
S2050026D106FD
S2050026D20002
S2050026D302FF
S2050026D4B34D
S2050026D557A8
S2050026D6F707
S2050026D700FD
S2050026D86399
S2050026D98A71
S2050026DAC634
S2050026DB00F9
S2050026DC13E5
S2050026DD06F1
S2050026DE00F6
S2050026DF04F1
S2050026E0B341
S2050026E106ED
S2050026E2D61C
S2050026E340B1
S2050026E433BD
S2050026E517D8
S2050026E6D717
S2050026E700ED
S2050026E8B339
S2050026E9E803
S2050026EAE802
S2050026EB00E9
S2050026EC33B5
S2050026ED39AE
S2050026EE10D6
S2050026EF01E4
S2050026F033B1
S2050026F1697A
S2050026F2F9E9
S2050026F300E1
S2050026F46F71
S2050026F5F0EF
S2050026F69F3F
S2050026F7B32A
S2050026F813C9
S2050026F9D506
S2050026FA34A6
S2050026FB00D9
S2050026FC9345
S2050026FD8750
S2050026FE09CD
S2050026FF00D5
S20500270013C0
S20500270107CB
S20500270209C8
S20500270300D0
S2050027046F60
S205002705F0DE
S2050027061FAE
S205002707C309
S2050027089338
S20500270906C4
S20500270A00C9
S20500270B02C6
S20500270CB314
S20500270D8640
S20500270EF6CF
S20500270F4084
S20500271013B0
S20500271106BC
S20500271200C1
S20500271300C0
S2050027146F50
S205002715F0CE
S2050027169F1E
S2050027178E2E
S2050027183388
S2050027196852
S20500271AC9F0
S20500271B00B8
S20500271CE3D4
S20500271D0EA8
S20500271E08AD
S20500271FC8EC
S20500272013A0
S2050027215959
S2050027223978
S20500272300B0
S205002724931C
S20500272507A7
S20500272600AD
S20500272700AC
S2050027281398
S20500272907A3
S20500272A06A3
S20500272B00A8
S20500272C6F38
S20500272DF0B6
S20500272E9F06
S20500272FC5DF
S2050027301390
S2050027310E94
S20500273200A1
S20500273300A0
S205002734930C
S2050027350797
S205002736F0AD
S2050027377F1D
S2050027383764
S2050027390793
S20500273A0891
S20500273B0098
S20500273C6F28
S20500273DF0A6
S20500273E5F36
S20500273F9301
S2050027401380
S20500274197FB
S205002742D7BA
S205002743018F
S20500274493FC
S20500274597F7
S20500274697F6
S205002747008C
S2050027483358
S2050027496822
S20500274A0782
S20500274B0187
S20500274C1374
S20500274DD7AF
S20500274EC7BE
S20500274F0084
S20500275093F0
S205002751077B
S2050027520081
S2050027530080
S2050027546F10
S205002755F08E
S205002756DF9E
S20500275791EB
S205002758E398
S20500275986F4
S20500275A0772
S20500275BAECA
S20500275C3344
S20500275D086E
S20500275E3F36
S20500275F4133
S20500276093E0
S205002761076B
S2050027620869
S2050027630070
S205002764E38C
S2050027658EE0
S2050027660964
S205002767C6A6
S20500276893D8
S2050027690763
S20500276A80E9
S20500276B0365
S20500276C6304
S20500276DCA9C
S20500276E075E
S20500276F0163
S205002770B7AC
S205002771075B
S20500277280E1
S2050027730060
S205002774332C
S20500277567F7
S205002776F766
S205002777005C
S2050027781348
S20500277984D6
S20500277A0653
S20500277B0058
S20500277C6FE8
S20500277DF066
S20500277EDF76
S20500277FC88C
S2050027801340
S20500278184CE
S205002782064B
S2050027830050
S205002784133C
S2050027850549
S205002786103D
S205002787004C
S2050027886FDC
S205002789F05A
S20500278A1F2A
S20500278BCB7D
S20500278C1334
S20500278D182E
S20500278ED76E
S20500278F0143
S2050027901330
S20500279156EC
S205002792360B
S2050027930040
S205002794330C
S20500279568D6
S205002796C875
S205002797003C
S2050027981328
S20500279957E3
S20500279A3702
S20500279B0038
S20500279C93A4
S20500279D072F
S20500279E0035
S20500279F0034
S2050027A01320
S2050027A184AE
S2050027A2062B
S2050027A30030
S2050027A46FC0
S2050027A5F03E
S2050027A65FCE
S2050027A7BA72
S2050027A8E348
S2050027A98AA0
S2050027AA0722
S2050027ABBA6E
S2050027ACB374
S2050027AD0620
S2050027AE3FE6
S2050027AF41E3
S2050027B063C0
S2050027B1968C
S2050027B20918
S2050027B30020
S2050027B4938C
S2050027B58797
S2050027B60617
S2050027B7001C
S2050027B86FAC
S2050027B9F02A
S2050027BA1FFA
S2050027BBA276
S2050027BC9384
S2050027BD070F
S2050027BE8095
S2050027BF0311
S2050027C01300
S2050027C10909
S2050027C21001
S2050027C30010
S2050027C4E32C
S2050027C5C44A
S2050027C6D736
S2050027C7A666
S2050027C8B754
S2050027C90703
S2050027CA8089
S2050027CB0008
S2050027CC33D4
S2050027CD679F
S2050027CEF70E
S2050027CF0004
S2050027D06F94
S2050027D1F012
S2050027D2DF22
S2050027D3A25E
S2050027D4936C
S2050027D5D727
S2050027D645B8
S2050027D701FB
S2050027D8B744
S2050027D906F4
S2050027DA10E9
S2050027DB00F8
S2050027DC13E4
S2050027DD876F
S2050027DEF6FF
S2050027DFFFF5
S2050027E09360
S2050027E1F7FB
S2050027E2F7FA
S2050027E37F71
S2050027E413DC
S2050027E506E8
S2050027E6E00D
S2050027E73FAD
S2050027E833B8
S2050027E97773
S2050027EAB732
S2050027EB00E8
S2050027EC9354
S2050027EDD511
S2050027EEF5F0
S2050027EF01E3
S2050027F06380
S2050027F15E84
S2050027F2F6EB
S2050027F300E0
S2050027F413CC
S2050027F506D8
S2050027F6D00D
S2050027F7419B
S2050027F86378
S2050027F95E7C
S2050027FAF6E3
S2050027FB00D8
S2050027FC37A0
S2050027FD05D1
S2050027FE00D5
S2050027FF8054
S20500280013BF
S20500280105CC
S205002802F5DB
S205002803FFD0
S205002804339B
S2050028058548
S205002806A527
S20500280700CB
S2050028086763
S2050028098049
S20500280A00C8
S20500280B00C7
S20500280C13B3
S20500280D05C0
S20500280E00C4
S20500280F00C3
S205002810675B
S2050028118041
S20500281200C0
S20500281300BF
S20500281413AB
S20500281506B7
S205002816308C
S2050028174378
S2050028183387
S20500281906B3
S20500281AF6C2
S20500281B4077
S20500281C13A3
S20500281D08AD
S20500281EF0C4
S20500281F01B2
S205002820337F
S205002821674A
S205002822D7D9
S20500282300AF
S205002824634B
S205002825505D
S205002826C8E4
S20500282702A9
S2050028289317
S20500282906A3
S20500282A3078
S20500282B4166
S20500282CB3F3
S20500282D871E
S20500282EF6AE
S20500282F4063
S205002830336F
S205002831574A
S205002832F7A9
S205002833009F
S205002834336B
S2050028350598
S205002836E0BC
S205002837405B
S205002838E3B7
S2050028399CFD
S20500283A0593
S20500283BFC9B
S20500283C1383
S20500283D0590
S20500283E078D
S20500283F0093
S205002840672B
S2050028418011
S2050028420090
S205002843008F
S20500284493FB
S2050028458706
S205002846D7B5
S205002847BECD
S2050028483357
S2050028491772
S20500284AF791
S20500284B0087
S20500284C3353
S20500284D5530
S20500284EC5BF
S20500284F0083
S205002850334F
S205002851671A
S205002852A7D9
S205002853007F
S2050028546F0F
S205002855F08D
S2050028561F5D
S205002857FE7D
S2050028581367
S2050028590673
S20500285A0573
S20500285B0077
S20500285C1363
S20500285D0570
S20500285E0074
S20500285F0073
S20500286093DF
S205002861F67B
S205002862155B
S205002863006F
S205002864630B
S20500286584E9
S2050028660666
S205002867006B
S2050028683337
S2050028690564
S20500286AC5A3
S20500286B0067
S20500286C93D3
S20500286DD590
S20500286E154F
S20500286F0063
S205002870134F
S205002871164B
S205002872164A
S205002873005F
S205002874E37B
S20500287596C7
S2050028760557
S205002877FE5D
S20500287867F3
S20500287980D9
S20500287A0058
S20500287B0057
S20500287C63F3
S20500287D4015
S20500287E054F
S20500287F064D
S20500288063EF
S205002881C68B
S205002882054B
S2050028830649
S205002884133B
S20500288586C7
S2050028860547
S205002887004B
S20500288893B7
S2050028890544
S20500288A0543
S20500288B0047
S20500288C1333
S20500288D0540
S20500288EF054
S20500288FFF44
S20500289063DF
S2050028910C35
S205002892063A
S205002893023D
S20500289493AB
S2050028950637
S205002896102C
S205002897003B
S20500289863D7
S2050028997ABF
S20500289AB682
S20500289B0037
S20500289C63D3
S20500289D58DD
S20500289EC074
S20500289F0033
S2050028A0131F
S2050028A1161B
S2050028A2161A
S2050028A3002F
S2050028A4939B
S2050028A59697
S2050028A61616
S2050028A7002B
S2050028A8E347
S2050028A96ABF
S2050028AAB672
S2050028ABFE29
S2050028AC1313
S2050028AD0520
S2050028AE0024
S2050028AF0023
S2050028B063BF
S2050028B1E63B
S2050028B2C55B
S2050028B3001F
S2050028B4B36B
S2050028B58598
S2050028B6C557
S2050028B740DB
S2050028B833E7
S2050028B965B4
S2050028BAD543
S2050028BB0017
S2050028BC9383
S2050028BDD63F
S2050028BE16FE
S2050028BF0013
S2050028C013FF
S2050028C156BB
S2050028C216FA
S2050028C3000F
S2050028C4E32B
S2050028C59677
S2050028C60606
S2050028C7FE0D
S2050028C867A3
S2050028C98089
S2050028CA0008
S2050028CB0007
S2050028CC9373
S2050028CD8283
S2050028CE0004
S2050028CF0003
S2050028D0EF13
S2050028D1F011
S2050028D25FA1
S2050028D3FB04
S2050028D413EB
S2050028D58578
S2050028D605F7
S2050028D700FB
S2050028D86793
S2050028D98079
S2050028DA02F6
S2050028DB00F7
S2050028DC33C3
S2050028DD05F0
S2050028DEA054
S2050028DF40B3
S2050028E0638F
S2050028E148A9
S2050028E2B040
S2050028E300EF
S2050028E4B33B
S2050028E505E8
S2050028E6B03C
S2050028E740AB
S2050028E86F7B
S2050028E9F0F9
S2050028EADF09
S2050028EBF9EE
S2050028ECB333
S2050028ED05E0
S2050028EEB034
S2050028EF40A3
S2050028F0934F
S2050028F1825F
S2050028F200E0
S2050028F300DF
S2050028F4EFEF
S2050028F5F0ED
S2050028F61FBD
S2050028F7F9E2
S2050028F833A7
S2050028F905D4
S2050028FAA038
S2050028FB4097
S2050028FC676F
S2050028FD8055
S2050028FE02D2
S2050028FF00D3
S205002900933E
S205002901824E
S20500290200CF
S20500290300CE
S205002904636A
S205002905CA02
S20500290605C6
S20500290700CA
S2050029086366
S2050029094C7C
S20500290A05C2
S20500290B00C6
S20500290CEFD6
S20500290DF0D4
S20500290E9F24
S20500290FF7CB
S20500291013AE
S205002911853B
S20500291205BA
S20500291300BE
S2050029146756
S205002915803C
S20500291602B9
S20500291700BA
S205002918B306
S20500291905B3
S20500291AB007
S20500291B4076
S20500291CE3D2
S20500291D585C
S20500291E05AE
S20500291FFEB4
S205002920337E
S20500292105AB
S205002922A00F
S205002923406E
S205002924EFBE
S205002925F0BC
S2050029261F8C
S205002927F6B4
S2050029283376
S20500292905A3
S20500292AB0F7
S20500292B4066
S20500292C673E
S20500292D8024
S20500292E02A1
S20500292F00A2
S205002930B7EA
S2050029310799
S205002932019E
S205002933009E
S205002934633A
S2050029357A22
S205002936F5A6
S2050029370298
S2050029381386
S2050029393761
S20500293A0592
S20500293B1086
S20500293C1382
S20500293D375D
S20500293E177C
S20500293F0092
S205002940137E
S2050029411779
S2050029423758
S205002943008E
S205002944B7D6
S2050029450785
S205002946107B
S205002947008A
S2050029483356
S2050029495533
S20500294AE5A2
S20500294B0086
S20500294C93F2
S20500294D87FD
S20500294E077C
S20500294F047E
S205002950B3CE
S20500295187F9
S205002952A7D8
S205002953007E
S205002954037A
S205002955C5B7
S2050029560774
S205002957007A
S20500295893E6
S2050029590672
S20500295A0077
S20500295B0274
S20500295CB3C2
S20500295D86EE
S20500295EE68D
S20500295F4032
S205002960333E
S20500296185EB
S205002962A6C9
S205002963402E
S2050029646706
S20500296580EC
S205002966006B
S205002967006A
S205002968B7B2
S2050029690761
S20500296A0067
S20500296B0165
S20500296C6302
S20500296D74F0
S20500296EF56E
S20500296F0260
S205002970134E
S2050029710759
S205002972005F
S205002973015D
S205002974B7A6
S2050029750755
S205002976104B
S205002977005A
S2050029783326
S2050029795503
S20500297AE572
S20500297B0056
S20500297C93C2
S20500297D87CD
S20500297E074C
S20500297F044E
S205002980B39E
S20500298187C9
S205002982A7A8
S205002983004E
S205002984034A
S205002985C587
S2050029860744
S205002987004A
S20500298893B6
S2050029890642
S20500298A0047
S20500298B0145
S20500298C3312
S20500298D85BF
S20500298EA69D
S20500298F4002
S20500299067DA
S20500299180C0
S205002992003F
S205002993003E
S205002994132A
S2050029950735
S20500299680BB
S2050029970139
S205002998B782
S2050029990731
S20500299A1027
S20500299B0036
S20500299C3302
S20500299D55DF
S20500299EE54E
S20500299F0032
S2050029A0939E
S2050029A187A9
S2050029A20728
S2050029A3042A
S2050029A4B37A
S2050029A587A5
S2050029A6A784
S2050029A7002A
S2050029A80326
S2050029A9C563
S2050029AA0720
S2050029AB0026
S2050029AC9392
S2050029AD061E
S2050029AE80A3
S2050029AF0022
S2050029B033EE
S2050029B1859B
S2050029B2A679
S2050029B340DE
S2050029B467B6
S2050029B5809C
S2050029B6001B
S2050029B7001A
S2050029B81306
S2050029B90117
S2050029BA0116
S2050029BBFF17
S2050029BC23F2
S2050029BD24F0
S2050029BE8192
S2050029BF0012
S2050029C023EE
S2050029C120F0
S2050029C221EE
S2050029C3010D
S2050029C49776
S2050029C5D735
S2050029C60FFC
S2050029C7000A
S2050029C89376
S2050029C98781
S2050029CAC740
S2050029CB63A3
S2050029CC17EE
S2050029CDD430
S2050029CE0FF4
S2050029CF0002
S2050029D013EE
S2050029D104FC
S2050029D244BB
S2050029D3639B
S2050029D423DA
S2050029D526D6
S2050029D611EA
S2050029D700FA
S2050029D823D6
S2050029D922D6
S2050029DA9166
S2050029DB00F6
S2050029DC33C2
S2050029DD896B
S2050029DE876C
S2050029DF40B2
S2050029E0638E
S2050029E18070
S2050029E28768
S2050029E302EC
S2050029E413DA
S2050029E55993
S2050029E629C2
S2050029E740AA
S2050029E89356
S2050029E904E4
S2050029EA00E7
S2050029EB00E6
S2050029EC8362
S2050029ED27BD
S2050029EE04DF
S2050029EF00E2
S2050029F0934E
S2050029F1845C
S2050029F214CB
S2050029F300DE
S2050029F413CA
S2050029F504D8
S2050029F64497
S2050029F700DA
S2050029F8E7F2
S2050029F98058
S2050029FA07D0
S2050029FB00D6
S2050029FCE3F2
S2050029FDE8EC
S2050029FE24AF
S2050029FFFFD3
S205002A009739
S205002A01D7F8
S205002A020FBF
S205002A0300CD
S205002A049339
S205002A058744
S205002A0607C3
S205002A076069
S205002A0817B1
S205002A09D4F3
S205002A0A0FB7
S205002A0B00C5
S205002A0C13B1
S205002A0D04BF
S205002A0E843E
S205002A0F5F62
S205002A10338D
S205002A118936
S205002A128737
S205002A13407D
S205002A1413A9
S205002A155962
S205002A162991
S205002A174079
S205002A186355
S205002A198E29
S205002A1A872F
S205002A1B00B5
S205002A1C9321
S205002A1D04AF
S205002A1E00B2
S205002A1F00B1
S205002A20832D
S205002A212788
S205002A2204AA
S205002A2300AD
S205002A249319
S205002A258427
S205002A261496
S205002A2700A9
S205002A281395
S205002A2904A3
S205002A2A4462
S205002A2B00A5
S205002A2CE7BD
S205002A2D8023
S205002A2E079B
S205002A2F00A1
S205002A30E3BD
S205002A31E8B7
S205002A32247A
S205002A33FF9E
S205002A348319
S205002A35207B
S205002A36C1D9
S205002A370099
S205002A380395
S205002A392473
S205002A3A8115
S205002A3B0095
S205002A3C8311
S205002A3D246F
S205002A3E4151
S205002A3F0091
S205002A40038D
S205002A412966
S205002A42018D
S205002A43008D
S205002A441379
S205002A45018A
S205002A460189
S205002A470188
S205002A486721
S205002A498007
S205002A4A0086
S205002A4B0085
S205002A4C6321
S205002A4DF68D
S205002A4EA5DD
S205002A4F027F
S205002A50334D
S205002A5187F8
S205002A52C5B9
S205002A53007D
S205002A546319
S205002A557209
S205002A56E595
S205002A570277
S205002A58B3C5
S205002A590770
S205002A5AC5B1
S205002A5B0075
S205002A5C6311
S205002A5D066D
S205002A5E066C
S205002A5F046D
S205002A6083ED
S205002A614629
S205002A62F777
S205002A63FF6E
S205002A6493D9
S205002A6587E4
S205002A66F773
S205002A67FF6A
S205002A681355
S205002A690760
S205002A6AF76F
S205002A6BFF66
S205002A6C2341
S205002A6D80E3
S205002A6ED78B
S205002A6F0061
S205002A70E37D
S205002A711847
S205002A72F569
S205002A73FE5F
S205002A7467F5
S205002A7580DB
S205002A76005A
S205002A770059
S205002A7893C5
S205002A790750
S205002A7AF066
S205002A7B0055
S205002A7C63F1
S205002A7DE86B
S205002A7EC78B
S205002A7F024F
S205002A8093BD
S205002A810748
S205002A820549
S205002A83004D
S205002A8493B9
S205002A850645
S205002A86F654
S205002A87FF4A
S205002A8863E5
S205002A890245
S205002A8A0640
S205002A8B0C39
S205002A8C93B1
S205002A8D86BD
S205002A8E162C
S205002A8F0041
S205002A90B38D
S205002A9186B9
S205002A92D767
S205002A93003D
S205002A940339
S205002A95C774
S205002A960535
S205002A970039
S205002A9893A5
S205002A9987B0
S205002A9A171F
S205002A9B0035
S205002A9C93A1
S205002A9D85AE
S205002A9E151D
S205002A9F0031
S205002AA0A38D
S205002AA18FA0
S205002AA2E747
S205002AA3FE2F
S205002AA4E349
S205002AA59893
S205002AA6D753
S205002AA7FE2B
S205002AA867C1
S205002AA980A7
S205002AAA0026
S205002AAB0025
S205002AACB371
S205002AAD67BC
S205002AAEB56D
S205002AAF0021
S205002AB0938D
S205002AB1F728
S205002AB237E7
S205002AB3001D
S205002AB463B9
S205002AB59685
S205002AB60713
S205002AB70811
S205002AB89385
S205002AB9080F
S205002ABA0610
S205002ABBFF16
S205002ABC9381
S205002ABDF81B
S205002ABE080A
S205002ABFFF12
S205002AC0937D
S205002AC18887
S205002AC20806
S205002AC3010C
S205002AC4B359
S205002AC50605
S205002AC615F5
S205002AC70108
S205002AC813F5
S205002AC98780
S205002ACA0501
S205002ACB0005
S205002ACC9371
S205002ACD07FC
S205002ACE05FD
S205002ACF0001
S205002AD003FD
S205002AD128D7
S205002AD207F7
S205002AD300FD
S205002AD413E9
S205002AD507F4
S205002AD607F3
S205002AD701F8
S205002AD89365
S205002AD98770
S205002ADA07EF
S205002ADB01F4
S205002ADC23D1
S205002ADDA84B
S205002ADE07EB
S205002ADFFFF2
S205002AE003ED
S205002AE128C7
S205002AE247A7
S205002AE3FFEE
S205002AE423C9
S205002AE5AA41
S205002AE607E3
S205002AE7FFEA
S205002AE803E5
S205002AE928BF
S205002AEA875F
S205002AEBFFE6
S205002AEC23C1
S205002AEDAC37
S205002AEE07DB
S205002AEFFFE2
S205002AF003DD
S205002AF128B7
S205002AF2C717
S205002AF3FFDE
S205002AF423B9
S205002AF5AE2D
S205002AF607D3
S205002AF7FFDA
S205002AF8E3F5
S205002AF99C3B
S205002AFAD7FF
S205002AFBFCD9
S205002AFC13C1
S205002AFD785B
S205002AFEC60C
S205002AFF00D1
S205002B00B31C
S205002B018549
S205002B0215B8
S205002B0301CB
S205002B0413B8
S205002B057753
S205002B06F6D3
S205002B0700C8
S205002B086364
S205002B0904C2
S205002B0A08BD
S205002B0B04C0
S205002B0C13B0
S205002B0D08BA
S205002B0EC7FA
S205002B0FFFC1
S205002B1013AC
S205002B117846
S205002B12C8F5
S205002B13FFBD
S205002B1413A8
S205002B1508B2
S205002B164871
S205002B1700B8
S205002B18B304
S205002B19872F
S205002B1A06AF
S205002B1B01B3
S205002B1C13A0
S205002B1D872B
S205002B1E05AC
S205002B1F00B0
S205002B20832C
S205002B212886
S205002B2207A6
S205002B2300AC
S205002B249318
S205002B258624
S205002B264663
S205002B2700A8
S205002B281394
S205002B29079F
S205002B2A475E
S205002B2B00A4
S205002B2C2380
S205002B2DAEF4
S205002B2E168B
S205002B2FFFA1
S205002B30E3BC
S205002B319806
S205002B32F6A7
S205002B33FE9E
S205002B341388
S205002B357624
S205002B363663
S205002B370098
S205002B38B3E4
S205002B398511
S205002B3A0590
S205002B3B0193
S205002B3C6F24
S205002B3DF0A2
S205002B3E9FF2
S205002B3FF49C
S205002B4093FC
S205002B410688
S205002B42F697
S205002B43FF8D
S205002B4493F8
S205002B450783
S205002B460584
S205002B470088
S205002B486F18
S205002B49F096
S205002B4A5F26
S205002B4BF490
S205002B4C671C
S205002B4D8002
S205002B4E0081
S205002B4F0080
S205002B50136C
S205002B510678
S205002B520776
S205002B53007C
S205002B546F0C
S205002B55F08A
S205002B561F5A
S205002B57F385
S205002B581364
S205002B590373
S205002B5AF085
S205002B5B0074
S205002B5C1360
S205002B5D076B
S205002B5E056C
S205002B5F0070
S205002B60630C
S205002B617EF0
S205002B62C3AA
S205002B63026A
S205002B6493D8
S205002B6577F3
S205002B66F772
S205002B670068
S205002B686304
S205002B6990D6
S205002B6A075E
S205002B6B0A5A
S205002B6C6300
S205002B6D92D0
S205002B6E055C
S205002B6F0858
S205002B7093CC
S205002B7176E8
S205002B720657
S205002B73FF5D
S205002B741348
S205002B7576E4
S205002B76F663
S205002B770058
S205002B78B3A4
S205002B7986D0
S205002B7AE66F
S205002B7B0054
S205002B7C2330
S205002B7D2032
S205002B7EB79A
S205002B7F0050
S205002B80232C
S205002B81222C
S205002B82B796
S205002B83004C
S205002B842328
S205002B852426
S205002B86B792
S205002B870048
S205002B882324
S205002B892620
S205002B8AB78E
S205002B8B0044
S205002B8C1330
S205002B8D073B
S205002B8E073A
S205002B8F013F
S205002B90E35C
S205002B9166D8
S205002B92D766
S205002B93FE3E
S205002B9463D8
S205002B951426
S205002B960633
S205002B970038
S205002B9867D0
S205002B9980B6
S205002B9A0035
S205002B9B0034
S205002B9CB380
S205002B9D062C
S205002B9EC36E
S205002B9F40F0
S205002BA0939C
S205002BA19698
S205002BA22607
S205002BA3002C
S205002BA49794
S205002BA50228
S205002BA60029
S205002BA70028
S205002BA8B374
S205002BA986A0
S205002BAA56CF
S205002BAB0024
S205002BAC67BC
S205002BAD80A2
S205002BAEC65B
S205002BAF0020
S205002BB023FC
S205002BB10717
S205002BB2B766
S205002BB3001C
S205002BB4A378
S205002BB50614
S205002BB6B762
S205002BB70018
S205002BB823F4
S205002BB90610
S205002BBAB75E
S205002BBB0014
S205002BBCA370
S205002BBD050D
S205002BBEB75A
S205002BBF0010
S205002BC023EC
S205002BC10509
S205002BC2B756
S205002BC3000C
S205002BC4A368
S205002BC50406
S205002BC6B752
S205002BC70008
S205002BC823E4
S205002BC90402
S205002BCAB74E
S205002BCB0004
S205002BCCA360
S205002BCD03FF
S205002BCEB74A
S205002BCF0000
S205002BD023DC
S205002BD103FB
S205002BD2B746
S205002BD300FC
S205002BD4A358
S205002BD502F8
S205002BD6B742
S205002BD700F8
S205002BD823D4
S205002BD902F4
S205002BDAB73E
S205002BDB00F4
S205002BDCA350
S205002BDD01F1
S205002BDEB73A
S205002BDF00F0
S205002BE023CC
S205002BE101ED
S205002BE2B736
S205002BE300EC
S205002BE4A348
S205002BE500EA
S205002BE6B732
S205002BE700E8
S205002BE823C4
S205002BE900E6
S205002BEAB72E
S205002BEB00E4
S205002BEC677C
S205002BED8062
S205002BEE00E1
S205002BEF00E0
S205002BF0934C
S205002BF1F5E9
S205002BF2F5E8
S205002BF30FCD
S205002BF49348
S205002BF59644
S205002BF68554
S205002BF700D8
S205002BF8B324
S205002BF9E5F1
S205002BFAD500
S205002BFB00D4
S205002BFC9340
S205002BFD963C
S205002BFE05CC
S205002BFF01CF
S205002C00B31B
S205002C01E5E8
S205002C02D5F7
S205002C0300CB
S205002C046F5B
S205002C05F0D9
S205002C06DFE9
S205002C07F6D1
S205002C089333
S205002C09962F
S205002C0A279D
S205002C0B00C3
S205002C0C972B
S205002C0D02BF
S205002C0E00C0
S205002C0F00BF
S205002C10B30B
S205002C118637
S205002C125666
S205002C1300BB
S205002C149327
S205002C158237
S205002C1600B8
S205002C1700B7
S205002C18E7CF
S205002C198035
S205002C1A06AE
S205002C1BFAB9
S205002C1C931F
S205002C1D8031
S205002C1E02AE
S205002C1F00AF
S205002C20931B
S205002C218726
S205002C2207A5
S205002C23FFAC
S205002C243377
S205002C2507A2
S205002C26F7B1
S205002C274067
S205002C283373
S205002C29069F
S205002C2AF6AE
S205002C2B00A3
S205002C2CE3BF
S205002C2D7829
S205002C2EC3DD
S205002C2FF6A9
S205002C306F2F
S205002C31F0AD
S205002C32DFBD
S205002C33F3A8
S205002C34B3E7
S205002C35C7D2
S205002C36A5F3
S205002C370097
S205002C389303
S205002C39F79E
S205002C3A375D
S205002C3B0093
S205002C3CB3DF
S205002C3D0889
S205002C3EC5CB
S205002C3F008F
S205002C40632B
S205002C4194F9
S205002C420785
S205002C430685
S205002C4493F7
S205002C450782
S205002C463058
S205002C470087
S205002C486323
S205002C49F095
S205002C4AC7BD
S205002C4B067D
S205002C4C93EF
S205002C4D770A
S205002C4E354B
S205002C4F007F
S205002C50136B
S205002C510776
S205002C520577
S205002C53007B
S205002C546317
S205002C559ADF
S205002C560771
S205002C570671
S205002C581363
S205002C59F67F
S205002C5AC8AC
S205002C5BFF74
S205002C5CB3BF
S205002C5D066B
S205002C5EE68A
S205002C5F402F
S205002C6093DB
S205002C610766
S205002C62006C
S205002C630269
S205002C646307
S205002C65CE9B
S205002C66D791
S205002C67085F
S205002C6893D3
S205002C6986DF
S205002C6A055F
S205002C6B0063
S205002C6C93CF
S205002C6D075A
S205002C6E0759
S205002C6F005F
S205002C7063FB
S205002C7178E5
S205002C72C795
S205002C730259
S205002C740357
S205002C75A8B1
S205002C760652
S205002C770057
S205002C7893C3
S205002C7987CE
S205002C7A470D
S205002C7B0053
S205002C7C93BF
S205002C7D86CB
S205002C7E460A
S205002C7F004F
S205002C80232B
S205002C81AE9F
S205002C820745
S205002C83FF4C
S205002C84E367
S205002C85E861
S205002C86C781
S205002C87FE49
S205002C8893B3
S205002C89073E
S205002C8AF64E
S205002C8BFF44
S205002C8CB38F
S205002C8D87BA
S205002C8EE759
S205002C8F40FF
S205002C9093AB
S205002C91F746
S205002C92C775
S205002C93FF3C
S205002C9493A7
S205002C9587B2
S205002C9647F1
S205002C970037
S205002C983303
S205002C99072E
S205002C9AF73D
S205002C9B0033
S205002C9CB37F
S205002C9D85AC
S205002C9EF53B
S205002C9F002F
S205002CA063CB
S205002CA168C5
S205002CA21715
S205002CA3012A
S205002CA467C3
S205002CA580A9
S205002CA60028
S205002CA70027
S205002CA81313
S205002CA9071E
S205002CAA051F
S205002CAB0023
S205002CAC63BF
S205002CAD78A9
S205002CAE150B
S205002CAF051A
S205002CB0839B
S205002CB1C756
S205002CB20517
S205002CB3001B
S205002CB41307
S205002CB50712
S205002CB61701
S205002CB70017
S205002CB89383
S205002CB98590
S205002CBA15FF
S205002CBB0013
S205002CBCA36F
S205002CBD0F02
S205002CBEF719
S205002CBFFE11
S205002CC0E32B
S205002CC19875
S205002CC2E824
S205002CC3FE0D
S205002CC467A3
S205002CC58089
S205002CC60008
S205002CC70007
S205002CC88383
S205002CC9C63F
S205002CCA05FF
S205002CCB0003
S205002CCC13EF
S205002CCD07FA
S205002CCE17E9
S205002CCF00FF
S205002CD0936B
S205002CD17786
S205002CD237C5
S205002CD300FB
S205002CD4A357
S205002CD50FEA
S205002CD6D721
S205002CD7FEF9
S205002CD89363
S205002CD98570
S205002CDA15DF
S205002CDB00F3
S205002CDCE30F
S205002CDD8E63
S205002CDE07E9
S205002CDFF6F9
S205002CE0836B
S205002CE1C627
S205002CE205E7
S205002CE300EB
S205002CE413D7
S205002CE507E2
S205002CE617D1
S205002CE700E7
S205002CE89353
S205002CE9776E
S205002CEA37AD
S205002CEB00E3
S205002CECA33F
S205002CED0FD2
S205002CEED709
S205002CEFFEE1
S205002CF0934B
S205002CF18558
S205002CF215C7
S205002CF300DB
S205002CF4E3F7
S205002CF59A3F
S205002CF607D1
S205002CF7FCDB
S205002CF86F67
S205002CF9F0E5
S205002CFA1FB5
S205002CFBF6DD
S205002CFC676B
S205002CFD8051
S205002CFE00D0
S205002CFF00CF
S205002D0013BA
S205002D0101CB
S205002D0201CA
S205002D03FFCB
S205002D0423A6
S205002D0526A2
S205002D068146
S205002D0700C6
S205002D0813B2
S205002D0904C0
S205002D0A00C3
S205002D0B02C0
S205002D0C833E
S205002D0DA31D
S205002D0E05BA
S205002D0F00BE
S205002D10833A
S205002D11A21A
S205002D124576
S205002D1300BA
S205002D148336
S205002D15AF09
S205002D168532
S205002D1700B6
S205002D1803B2
S205002D19AF05
S205002D1AC5EE
S205002D1B00B2
S205002D1C832E
S205002D1DAE02
S205002D1E05AA
S205002D1F01AD
S205002D2003AA
S205002D21AEFE
S205002D224566
S205002D2301A9
S205002D2403A6
S205002D25A305
S205002D268522
S205002D2701A5
S205002D2803A2
S205002D29A8FC
S205002D2AC5DE
S205002D2B01A1
S205002D2C831E
S205002D2DA6FA
S205002D2E059A
S205002D2F029C
S205002D30138A
S205002D310795
S205002D324754
S205002D330298
S205002D34B3E6
S205002D350791
S205002D36E6B1
S205002D374056
S205002D382372
S205002D392E66
S205002D3A771C
S205002D3BFC96
S205002D3C236E
S205002D3D2070
S205002D3E5738
S205002D3FFE90
S205002D40236A
S205002D41226A
S205002D42F794
S205002D43FF8B
S205002D442366
S205002D452464
S205002D46E7A0
S205002D47FF87
S205002D482362
S205002D49265E
S205002D4AD7AC
S205002D4BFF83
S205002D4C235E
S205002D4D2858
S205002D4EC7B8
S205002D4FFF7F
S205002D50235A
S205002D512A52
S205002D526714
S205002D53FE7C
S205002D542356
S205002D552C4C
S205002D560770
S205002D57FF77
S205002D582352
S205002D592E46
S205002D5AD79C
S205002D5BFE74
S205002D5C93DE
S205002D5D85EB
S205002D5E452A
S205002D5F026C
S205002D60E38A
S205002D614626
S205002D62F477
S205002D63FA70
S205002D6493D6
S205002D6586E2
S205002D660562
S205002D670066
S205002D6893D2
S205002D69075D
S205002D6A075C
S205002D6B0062
S205002D6C63FE
S205002D6D78E8
S205002D6EC798
S205002D6F025C
S205002D70035A
S205002D71A8B4
S205002D720655
S205002D73005A
S205002D7493C6
S205002D7587D1
S205002D764710
S205002D770056
S205002D7893C2
S205002D7986CE
S205002D7A460D
S205002D7B0052
S205002D7C232E
S205002D7DAEA2
S205002D7E0748
S205002D7FFF4F
S205002D80E36A
S205002D81E864
S205002D82C784
S205002D83FE4C
S205002D8493B6
S205002D850741
S205002D86F651
S205002D87FF47
S205002D88B392
S205002D8987BD
S205002D8AE75C
S205002D8B4002
S205002D8C93AE
S205002D8DF749
S205002D8EC778
S205002D8FFF3F
S205002D9093AA
S205002D9187B5
S205002D9247F4
S205002D93003A
S205002D943306
S205002D950731
S205002D96F740
S205002D970036
S205002D98B382
S205002D9985AF
S205002D9AF53E
S205002D9B0032
S205002D9C63CE
S205002D9D68C8
S205002D9E1718
S205002D9F012D
S205002DA0032A
S205002DA12408
S205002DA2C16A
S205002DA3002A
S205002DA41316
S205002DA50127
S205002DA60126
S205002DA70125
S205002DA867BE
S205002DA980A4
S205002DAA0023
S205002DAB0022
S205002DAC839E
S205002DADC759
S205002DAE051A
S205002DAF001E
S205002DB0130A
S205002DB10715
S205002DB21704
S205002DB3001A
S205002DB49386
S205002DB58593
S205002DB61502
S205002DB70016
S205002DB8A372
S205002DB90F05
S205002DBAF71C
S205002DBBFE14
S205002DBCE32E
S205002DBD828E
S205002DBEE827
S205002DBFFE10
S205002DC0838A
S205002DC1C745
S205002DC20506
S205002DC3000A
S205002DC413F6
S205002DC50701
S205002DC617F0
S205002DC70006
S205002DC89372
S205002DC9857F
S205002DCA15EE
S205002DCB0002
S205002DCCA35E
S205002DCD0FF1
S205002DCEF708
S205002DCFFE00
S205002DD0E31A
S205002DD19E5E
S205002DD2E813
S205002DD3FCFE
S205002DD46F8A
S205002DD5F008
S205002DD6DF18
S205002DD7FCFA
S205002DD800F5
S205002DD900F4
S205002DDA00F3
S205002DDB00F2
S205002DDC00F1
S205002DDD00F0
S205002DDE00EF
S205002DDF00EE
S205002DE000ED
S205002DE100EC
S205002DE200EB
S205002DE300EA
S205002DE400E9
S205002DE500E8
S205002DE600E7
S205002DE700E6
S205002DE813D2
S205002DE901E3
S205002DEA01E2
S205002DEBFBE7
S205002DEC23BE
S205002DED2EB2
S205002DEE31AE
S205002DEF03DB
S205002DF0835A
S205002DF129B3
S205002DF24596
S205002DF300DA
S205002DF423B6
S205002DF526B2
S205002DF611C6
S205002DF704D2
S205002DF86372
S205002DF95282
S205002DFA30A3
S205002DFB17BB
S205002DFC23AE
S205002DFD24AC
S205002DFE814E
S205002DFF04CA
S205002E0013B9
S205002E0104C7
S205002E024585
S205002E0301C8
S205002E0423A5
S205002E0522A5
S205002E069135
S205002E0704C1
S205002E0823A1
S205002E0920A3
S205002E0A21A1
S205002E0B05BC
S205002E0C239D
S205002E0D2C93
S205002E0E417D
S205002E0F03BA
S205002E102399
S205002E112497
S205002E128139
S205002E1303B6
S205002E142395
S205002E152A8D
S205002E165165
S205002E1703B2
S205002E1813A1
S205002E190CA7
S205002E1A06AC
S205002E1B00B1
S205002E1C238D
S205002E1D2887
S205002E1E614D
S205002E1F03AA
S205002E202389
S205002E212685
S205002E227139
S205002E2303A6
S205002E242385
S205002E252285
S205002E269115
S205002E2703A2
S205002E282381
S205002E292083
S205002E2AA101
S205002E2B039E
S205002E2C237D
S205002E2D2E71
S205002E2EB1ED
S205002E2F019C
S205002E301389
S205002E310992
S205002E320595
S205002E330099
S205002E341385
S205002E358A0D
S205002E360591
S205002E370095
S205002E383361
S205002E39068D
S205002E3A345E
S205002E3B0190
S205002E3C137D
S205002E3D0788
S205002E3E048A
S205002E3F008D
S205002E4093F9
S205002E410487
S205002E42F09A
S205002E430782
S205002E448305
S205002E454740
S205002E46077F
S205002E470085
S205002E481371
S205002E49077C
S205002E4A176B
S205002E4B0081
S205002E4C93ED
S205002E4D96E9
S205002E4E87F7
S205002E4F017C
S205002E5093E9
S205002E51D6A5
S205002E5286F4
S205002E534138
S205002E546315
S205002E55D4A3
S205002E56D4A2
S205002E570075
S205002E5893E1
S205002E5987EC
S205002E5A046E
S205002E5B0071
S205002E5C93DD
S205002E5D94DB
S205002E5E87E7
S205002E5F016C
S205002E6093D9
S205002E61D497
S205002E6284E6
S205002E634128
S205002E64E385
S205002E651057
S205002E66E680
S205002E67FE67
S205002E6883E1
S205002E69263D
S205002E6A89D9
S205002E6B0061
S205002E6C3729
S205002E6D134C
S205002E6E005E
S205002E6F005D
S205002E70B7A5
S205002E710853
S205002E72104A
S205002E730059
S205002E7493C5
S205002E759FB8
S205002E760650
S205002E770154
S205002E7893C1
S205002E79DF74
S205002E7A0F43
S205002E7B0150
S205002E7C93BD
S205002E7D054A
S205002E7E0A44
S205002E7F004D
S205002E803319
S205002E810F3C
S205002E823A10
S205002E830148
S205002E841335
S205002E85083F
S205002E860442
S205002E870045
S205002E8893B1
S205002E890A39
S205002E8A0042
S205002E8B0041
S205002E8C132D
S205002E8D053A
S205002E8E003E
S205002E8F003D
S205002E9093A9
S205002E910E2D
S205002E92F04A
S205002E930336
S205002E941325
S205002E950334
S205002E960333
S205002E97E154
S205002E981321
S205002E990E25
S205002E9A0032
S205002E9B0130
S205002E9C939D
S205002E9D88A7
S205002E9E88A6
S205002E9F4AE3
S205002EA06FBD
S205002EA1002B
S205002EA2C06A
S205002EA30425
S205002EA49395
S205002EA557D0
S205002EA62BFB
S205002EA740E5
S205002EA89391
S205002EA952D1
S205002EAA2BF7
S205002EAB0021
S205002EAC130D
S205002EAD0619
S205002EAE100E
S205002EAF0E0F
S205002EB09389
S205002EB19784
S205002EB21703
S205002EB30019
S205002EB4B365
S205002EB58790
S205002EB6F81E
S205002EB70015
S205002EB89381
S205002EB9858E
S205002EBA15FD
S205002EBB0011
S205002EBC63AD
S205002EBD8689
S205002EBEC24C
S205002EBF010C
S205002EC00309
S205002EC1D635
S205002EC20703
S205002EC30009
S205002EC433D5
S205002EC516F1
S205002EC67690
S205002EC70005
S205002EC88381
S205002EC907FC
S205002ECA08FA
S205002ECB0001
S205002ECC13ED
S205002ECD08F7
S205002ECE18E6
S205002ECF00FD
S205002ED0B349
S205002ED18774
S205002ED29763
S205002ED340B9
S205002ED49365
S205002ED59265
S205002ED617DF
S205002ED700F5
S205002ED833C1
S205002ED917DC
S205002EDAF7FB
S205002EDB00F1
S205002EDC33BD
S205002EDD16D9
S205002EDE5698
S205002EDF00ED
S205002EE033B9
S205002EE105E6
S205002EE2E505
S205002EE300E9
S205002EE4B335
S205002EE58A5D
S205002EE6CA1C
S205002EE700E5
S205002EE86381
S205002EE902E1
S205002EEABF23
S205002EEB08D9
S205002EEC03DD
S205002EEDC718
S205002EEE05D9
S205002EEF00DD
S205002EF013C9
S205002EF106D5
S205002EF203D7
S205002EF300D9
S205002EF49345
S205002EF503D4
S205002EF600D6
S205002EF700D5
S205002EF833A1
S205002EF907CC
S205002EFAF7DB
S205002EFB4190
S205002EFC13BD
S205002EFD17B8
S205002EFE07C7
S205002EFF01CC
S205002F0013B8
S205002F015773
S205002F0207C2
S205002F034187
S205002F049334
S205002F055274
S205002F06F7CE
S205002F074084
S205002F08B310
S205002F09477B
S205002F0A576A
S205002F0B00C0
S205002F0CB30C
S205002F0D8737
S205002F0E5766
S205002F0F407C
S205002F109328
S205002F11F7C3
S205002F12F7C2
S205002F130FA9
S205002F1413A4
S205002F158B2B
S205002F16278E
S205002F1700B4
S205002F189320
S205002F198230
S205002F1A872A
S205002F1B00B0
S205002F1CE3CC
S205002F1DF4BA
S205002F1EFEAF
S205002F1FF8B4
S205002F209318
S205002F21D7D3
S205002F224267
S205002F234068
S205002F249314
S205002F2503A3
S205002F264065
S205002F2700A4
S205002F289310
S205002F29D2D0
S205002F2A425F
S205002F2B00A0
S205002F2C6F30
S205002F2DF0AE
S205002F2E5F3E
S205002F2FF8A4
S205002F300398
S205002F312476
S205002F328118
S205002F330494
S205002F348314
S205002F352472
S205002F364154
S205002F370490
S205002F380390
S205002F392969
S205002F3A0190
S205002F3B048C
S205002F3C038C
S205002F3D2A64
S205002F3E810C
S205002F3F0389
S205002F408308
S205002F412A60
S205002F424148
S205002F430385
S205002F440384
S205002F452B5B
S205002F460184
S205002F470381
S205002F488300
S205002F492B57
S205002F4AC1C0
S205002F4B027E
S205002F4C037C
S205002F4D2C52
S205002F4E81FC
S205002F4F027A
S205002F5083F8
S205002F512C4E
S205002F524138
S205002F530276
S205002F540374
S205002F552D49
S205002F560174
S205002F570272
S205002F5883F0
S205002F592D45
S205002F5AC1B0
S205002F5B016F
S205002F5C83EC
S205002F5D204E
S205002F5EC1AC
S205002F5F0468
S205002F6083E8
S205002F612941
S205002F62C1A8
S205002F630365
S205002F641354
S205002F650165
S205002F660164
S205002F67055F
S205002F6867FC
S205002F6980E2
S205002F6A0061
S205002F6B0060
S205002F6C93CC
S205002F6D85D9
S205002F6E0954
S205002F6F005C
S205002F702338
S205002F712238
S205002F72D188
S205002F730058
S205002F74EF68
S205002F75F066
S205002F769FB6
S205002F7790C4
S205002F781340
S205002F790B47
S205002F7A054C
S205002F7B0050
S205002F7C93BC
S205002F7DD579
S205002F7E4904
S205002F7F400C
S205002F801338
S205002F8185C5
S205002F820A3F
S205002F830048
S205002F84EF58
S205002F85F056
S205002F869FA6
S205002F878FB5
S205002F88B390
S205002F89073B
S205002F8A6BD6
S205002F8B033D
S205002F8C132C
S205002F8D0737
S205002F8EF04D
S205002F8F0F2D
S205002F9083B8
S205002F912614
S205002F9241F8
S205002F930038
S205002F943304
S205002F950531
S205002F96F540
S205002F9740F4
S205002F9893A0
S205002F9947EB
S205002F9AF53C
S205002F9BFF31
S205002F9C939C
S205002F9DD757
S205002F9EF736
S205002F9F41EB
S205002FA033F8
S205002FA175B5
S205002FA2F534
S205002FA30028
S205002FA41314
S205002FA555D1
S205002FA685A0
S205002FA740E4
S205002FA863C0
S205002FA942E0
S205002FAAA77A
S205002FAB1010
S205002FAC130C
S205002FAD0519
S205002FAE8598
S205002FAF24F8
S205002FB01308
S205002FB11505
S205002FB21504
S205002FB30018
S205002FB433E4
S205002FB50511
S205002FB6A96C
S205002FB70014
S205002FB80310
S205002FB953BF
S205002FBA45CC
S205002FBB0010
S205002FBC937C
S205002FBD0509
S205002FBE000D
S205002FBF000C
S205002FC0B754
S205002FC12DDD
S205002FC20009
S205002FC30008
S205002FC49374
S205002FC50BFB
S205002FC640C5
S205002FC70004
S205002FC8B74C
S205002FC90AF8
S205002FCA10F1
S205002FCB0000
S205002FCC13EC
S205002FCD0DF1
S205002FCE00FD
S205002FCFF804
S205002FD09368
S205002FD10CEE
S205002FD2F009
S205002FD307F1
S205002FD4B344
S205002FD507EF
S205002FD6BA3B
S205002FD700F4
S205002FD803F0
S205002FD9C62C
S205002FDA07EA
S205002FDB00F0
S205002FDC836C
S205002FDD07E7
S205002FDE04E9
S205002FDF00EC
S205002FE09358
S205002FE19654
S205002FE206E3
S205002FE301E7
S205002FE49354
S205002FE5D610
S205002FE606DF
S205002FE741A3
S205002FE8B330
S205002FE9875B
S205002FEA974A
S205002FEB40A0
S205002FECB32C
S205002FED06D8
S205002FEED607
S205002FEF409C
S205002FF0B328
S205002FF19644
S205002FF2F6E3
S205002FF300D8
S205002FF433A4
S205002FF58551
S205002FF6666F
S205002FF74193
S205002FF833A0
S205002FF905CD
S205002FFA656C
S205002FFB02CE
S205002FFC834C
S205002FFD28A6
S205002FFEC904
S205002FFF00CC
S20500300003C7
S2050030014782
S20500300204C4
S20500300318AF
S20500300403C3
S205003005289D
S20500300609BB
S20500300701C2
S205003008833F
S205003009477A
S20500300A04BC
S20500300B308F
S20500300C338B
S20500300D07B6
S20500300E17A5
S20500300F417A
S205003010B307
S2050030118732
S20500301207B1
S2050030134176
S2050030143383
S20500301508AD
S205003016E5CF
S20500301702B1
S205003018337F
S205003019159C
S20500301AE5CB
S20500301B02AD
S20500301CB3FB
S20500301D08A5
S20500301EB8F4
S20500301F01AA
S2050030203377
S205003021B8F1
S20500302208A0
S20500302301A6
S2050030249313
S205003025D8CD
S205003026E8BC
S20500302700A3
S205003028336F
S2050030290899
S20500302AA8F8
S20500302B009F
S20500302C138B
S20500302D1885
S20500302E2874
S20500302F019A
S205003030B3E7
S2050030316831
S2050030321880
S2050030330196
S2050030343363
S205003035880D
S205003036177D
S2050030370192
S205003038632F
S205003039D8B9
S20500303ABBD5
S20500303B028D
S20500303CB3DB
S20500303D0786
S20500303EBCD0
S20500303F008B
S2050030406327
S2050030415435
S205003042A8E0
S2050030430186
S2050030441373
S205003045087D
S2050030460084
S205003047F88B
S205003048631F
S205003049D4AD
S20500304A0C74
S20500304B017E
S20500304C136B
S20500304D0875
S20500304EF08C
S20500304F0774
S2050030502357
S20500305180F9
S2050030520771
S2050030530176
S20500305493E3
S20500305585F0
S205003056155F
S2050030570073
S205003058135F
S205003059046D
S20500305A145C
S20500305B006F
S20500305CE38B
S20500305D8AE3
S20500305EB9B3
S20500305FEC7F
S20500306083E7
S2050030612643
S20500306289DF
S2050030630067
S2050030646FF7
S205003065F075
S2050030661F45
S205003067F76C
S205003068035F
S205003069A5BC
S20500306ACA96
S20500306B6EF1
S20500306C63FB
S20500306D0A53
S20500306E0557
S20500306F005B
S205003070E377
S20500307196C3
S20500307275E3
S205003073FD5A
S20500307493C3
S205003075074E
S2050030761044
S2050030770053
S205003078232F
S205003079A6AB
S20500307AFA56
S20500307B6EE1
S20500307C6FDF
S20500307DF05D
S20500307E1F2D
S20500307FFC4F
S2050030803713
S2050030810544
S2050030821038
S2050030830047
S2050030841333
S2050030850540
S205003086053F
S205003087142F
S205003088231F
S205003089261B
S20500308A61DF
S20500308B003F
S20500308C231B
S20500308D2419
S20500308E013B
S20500308F013A
S2050030902317
S2050030912217
S205003092B187
S2050030930037
S205003094EF47
S2050030951025
S2050030961024
S2050030971C17
S20500309883AF
S205003099250C
S20500309A41EF
S20500309B002F
S20500309C032B
S20500309D230A
S20500309EC16B
S20500309F002B
S2050030A00327
S2050030A12801
S2050030A281A7
S2050030A30027
S2050030A4E343
S2050030A59C89
S2050030A675AF
S2050030A7F92A
S2050030A86FB3
S2050030A9F031
S2050030AADF41
S2050030ABFC23
S2050030AC130B
S2050030AD0518
S2050030AEF02C
S2050030AF0F0C
S2050030B06FAB
S2050030B1F029
S2050030B2DF39
S2050030B3EF28
S2050030B437DF
S2050030B50510
S2050030B61004
S2050030B70013
S2050030B813FF
S2050030B90110
S2050030BA010F
S2050030BBFE11
S2050030BC13FB
S2050030BD0508
S2050030BE8587
S2050030BF16F5
S2050030C023E7
S2050030C12EDB
S2050030C211F7
S2050030C30007
S2050030C423E3
S2050030C526DF
S2050030C631D3
S2050030C70102
S2050030C823DF
S2050030C924DD
S2050030CA41BF
S2050030CB01FE
S2050030CC23DB
S2050030CD2CD1
S2050030CE817B
S2050030CF00FB
S2050030D023D7
S2050030D122D7
S2050030D251A7
S2050030D301F6
S2050030D423D3
S2050030D520D5
S2050030D66193
S2050030D701F2
S2050030D8EF03
S2050030D910E1
S2050030DAD020
S2050030DB17D8
S2050030DC37B7
S2050030DD05E8
S2050030DE10DC
S2050030DF00EB
S2050030E013D7
S2050030E105E4
S2050030E245A3
S2050030E318CF
S2050030E4EFF7
S2050030E510D5
S2050030E610D4
S2050030E717CC
S2050030E837AB
S2050030E905DC
S2050030EA10D0
S2050030EB00DF
S2050030EC13CB
S2050030ED05D8
S2050030EE4597
S2050030EF1DBE
S2050030F0EFEB
S2050030F110C9
S2050030F25088
S2050030F316C1
S2050030F4379F
S2050030F505D0
S2050030F610C4
S2050030F700D3
S2050030F813BF
S2050030F905CC
S2050030FAC50B
S2050030FB1FB0
S2050030FCEFDF
S2050030FD00CD
S2050030FE408C
S2050030FF2AA1
S2050031009336
S20500310109BF
S20500310205C2
S20500310300C6
S205003104378E
S20500310505BF
S20500310610B3
S20500310700C2
S20500310813AE
S20500310905BB
S20500310A05BA
S20500310B219D
S20500310CEFCE
S20500310D00BC
S20500310E00BB
S20500310F2C8E
S20500311013A6
S2050031110AAE
S20500311205B2
S20500311300B6
S205003114377E
S20500311505AF
S20500311610A3
S20500311700B2
S205003118139E
S20500311905AB
S20500311A456A
S20500311B228C
S20500311CEFBE
S20500311D109C
S20500311E901B
S20500311F1397
S2050031203772
S20500312105A3
S2050031221097
S20500312300A6
S205003124B7EE
S205003125059F
S20500312600A3
S2050031274062
S205003128138E
S205003129059B
S20500312AC5DA
S20500312B237B
S20500312CEFAE
S20500312D108C
S20500312E900B
S20500312F1288
S2050031303762
S2050031310692
S2050031320097
S2050031334056
S2050031349302
S205003135058F
S2050031364053
S2050031376929
S205003138137E
S205003139850B
S20500313A0986
S20500313B008E
S20500313CEF9E
S20500313D008C
S20500313E404B
S20500313F2E5C
S205003140EF9A
S2050031410088
S2050031428007
S2050031432F57
S205003144E3A2
S2050031450E76
S205003146057E
S205003147FE84
S205003148374A
S205003149047C
S20500314A007F
S20500314B403E
S20500314C83FA
S20500314D2656
S20500314E4437
S20500314F007A
S2050031500376
S2050031512652
S2050031520473
S2050031530076
S20500315493E2
S205003155056F
S205003156056E
S2050031570072
S205003158373A
S205003159056B
S20500315A105F
S20500315B006E
S20500315C135A
S20500315D0567
S20500315E85E6
S20500315F2644
S205003160EF7A
S2050031611058
S2050031625017
S2050031630F57
S20500316493D2
S205003165075D
S2050031661053
S2050031670062
S20500316873EE
S20500316990D0
S20500316A0758
S20500316BCC92
S20500316C93CA
S20500316D0755
S20500316E005B
S20500316F005A
S20500317073E6
S20500317190C8
S2050031720750
S20500317378DE
S20500317473E2
S2050031752B29
S2050031760053
S20500317778DA
S205003178133E
S2050031790B45
S20500317A3B14
S20500317B004E
S20500317C83CA
S20500317D2A22
S20500317E0447
S20500317F004A
S20500318063E6
S2050031815AEE
S20500318250F7
S205003183073F
S2050031842322
S2050031852A1A
S20500318691B2
S2050031870042
S205003188231E
S2050031892818
S20500318A211E
S20500318B013D
S20500318CB786
S20500318D1428
S20500318E003B
S20500318F40FA
S2050031903702
S205003191092F
S2050031920037
S20500319340F6
S2050031941322
S2050031950430
S2050031960033
S2050031970032
S205003198131E
S2050031990927
S20500319A0926
S20500319B6AC4
S20500319C939A
S20500319D84A8
S20500319E0427
S20500319F82A8
S2050031A01316
S2050031A10622
S2050031A2091E
S2050031A30026
S2050031A49392
S2050031A5051F
S2050031A60023
S2050031A7180A
S2050031A8130E
S2050031A9859B
S2050031AA0916
S2050031AB001E
S2050031ACEF2E
S2050031AD001C
S2050031AE40DB
S2050031AF27F3
S2050031B0EF2A
S2050031B10018
S2050031B28097
S2050031B328EE
S2050031B4E332
S2050031B50E06
S2050031B6050E
S2050031B7FE14
S2050031B813FE
S2050031B9868A
S2050031BA040B
S2050031BB000E
S2050031BC937A
S2050031BD0507
S2050031BE0902
S2050031BF000A
S2050031C037D2
S2050031C10503
S2050031C20007
S2050031C340C6
S2050031C4EF16
S2050031C5F014
S2050031C65FA4
S2050031C7C240
S2050031C8936E
S2050031C9867A
S2050031CA04FB
S2050031CB00FE
S2050031CC13EA
S2050031CD06F6
S2050031CE00FB
S2050031CF02F8
S2050031D09366
S2050031D105F3
S2050031D200F7
S2050031D318DE
S2050031D413E2
S2050031D505EF
S2050031D60AE9
S2050031D700F2
S2050031D8EF02
S2050031D900F0
S2050031DA806F
S2050031DB34BA
S2050031DCEFFE
S2050031DD00EC
S2050031DE00EB
S2050031DF36B4
S2050031E0E306
S2050031E10EDA
S2050031E205E2
S2050031E3FEE8
S2050031E413D2
S2050031E504E0
S2050031E614CF
S2050031E700E2
S2050031E8E3FE
S2050031E99C44
S2050031EA8A55
S2050031EBFAE4
S2050031EC835A
S2050031ED24B8
S2050031EE419A
S2050031EF01D9
S2050031F003D6
S2050031F129AF
S2050031F201D6
S2050031F301D5
S2050031F4F3E2
S2050031F527AD
S2050031F600D3
S2050031F7785A
S2050031F8933E
S2050031F98749
S2050031FAE7E8
S2050031FBFFCF
S2050031FCB31A
S2050031FD8745
S2050031FE6764
S2050031FF4189
S20500320013B5
S205003201D4F3
S205003202F7CF
S2050032034184
S20500320413B1
S205003205744F
S205003206744E
S20500320700C1
S205003208338D
S20500320904BB
S20500320AF4CA
S20500320B00BD
S20500320C13A9
S20500320D5467
S20500320E3486
S20500320F4079
S2050032109325
S2050032118532
S2050032120AAC
S20500321300B5
S20500321413A1
S20500321505AE
S20500321604AE
S20500321700B1
S205003218EFC1
S205003219F0BF
S20500321A4F5F
S20500321BE6C7
S20500321C1399
S20500321D06A5
S20500321E05A5
S20500321F00A9
S2050032203771
S20500322105A2
S2050032221096
S20500322300A5
S2050032249311
S205003225861D
S2050032260A98
S20500322700A1
S205003228930D
S205003229059A
S20500322A049A
S20500322B009D
S20500322C1389
S20500322D0596
S20500322E8515
S20500322F2970
S205003230EFA9
S2050032311087
S2050032325046
S2050032330293
S2050032341381
S205003235850E
S2050032360989
S2050032370091
S205003238EFA1
S205003239008F
S20500323A008E
S20500323B1C71
S20500323C1379
S20500323D0586
S20500323E0A80
S20500323F0089
S205003240EF99
S2050032410087
S2050032428006
S2050032431B6A
S205003244374D
S205003245057E
S2050032461072
S2050032470081
S205003248136D
S205003249057A
S20500324A4539
S20500324B2E4F
S20500324CEF8D
S20500324D106B
S20500324E90EA
S20500324F0079
S2050032503741
S2050032510572
S2050032521066
S2050032530075
S2050032541361
S205003255056E
S20500325685ED
S2050032573041
S205003258EF81
S205003259006F
S20500325AC0AE
S20500325B3C31
S20500325CEF7D
S20500325D006B
S20500325E80EA
S20500325F3D2C
S20500326083E5
S2050032612047
S205003262C1A5
S2050032630164
S2050032640361
S205003265243F
S20500326681E1
S2050032670160
S20500326883DD
S2050032692936
S20500326AC19D
S20500326B005D
S20500326C0359
S20500326D2A31
S20500326E81D9
S20500326F0059
S20500327083D5
S2050032712A2D
S2050032724115
S2050032730055
S2050032740351
S2050032752B28
S2050032760151
S2050032770051
S205003278133D
S205003279054A
S20500327A004E
S20500327B004D
S20500327C1339
S20500327D014A
S20500327E0149
S20500327F0247
S20500328067E1
S20500328180C7
S2050032820046
S2050032830045
S205003284B78D
S205003285073C
S2050032861032
S2050032870041
S2050032883709
S2050032890F30
S20500328A102E
S20500328B003D
S20500328C83B9
S20500328DAE8D
S20500328E87B3
S20500328F6ECB
S2050032900335
S2050032912314
S2050032924FE7
S2050032936FC6
S20500329493A1
S205003295082B
S2050032960032
S2050032971021
S205003298939D
S205003299D857
S20500329A1816
S20500329B002D
S20500329C37F5
S20500329D6EBD
S20500329E101A
S20500329F0029
S2050032A09395
S2050032A10720
S2050032A21016
S2050032A30025
S2050032A49391
S2050032A58F94
S2050032A6889A
S2050032A7FF22
S2050032A823FD
S2050032A9A07F
S2050032AAFE20
S2050032AB001D
S2050032AC9389
S2050032AD0516
S2050032AE1307
S2050032AF0019
S2050032B09385
S2050032B1888F
S2050032B2789E
S2050032B3FF16
S2050032B41301
S2050032B5060D
S2050032B60E04
S2050032B7F021
S2050032B8030D
S2050032B948C7
S2050032BA46C8
S2050032BB000D
S2050032BC8389
S2050032BD46C5
S2050032BE56B4
S2050032BF0009
S2050032C00305
S2050032C147C0
S2050032C266A0
S2050032C30005
S2050032C48381
S2050032C547BC
S2050032C6768C
S2050032C70001
S2050032C8936D
S2050032C99669
S2050032CA8678
S2050032CB00FD
S2050032CCB349
S2050032CDE615
S2050032CE06F4
S2050032CF01F8
S2050032D013E5
S2050032D117E0
S2050032D207EF
S2050032D301F4
S2050032D433C1
S2050032D5678C
S2050032D6D71B
S2050032D700F1
S2050032D8935D
S2050032D99758
S2050032DA8767
S2050032DB01EC
S2050032DCB339
S2050032DDE704
S2050032DEE703
S2050032DF00E9
S2050032E0E305
S2050032E18C5B
S2050032E2B72F
S2050032E3FCE9
S2050032E46381
S2050032E514CF
S2050032E613CF
S2050032E701E0
S2050032E8E3FD
S2050032E98857
S2050032EA07D7
S2050032EBFCE1
S2050032ECB725
S2050032ED6774
S2050032EE10CA
S2050032EF00D9
S2050032F09345
S2050032F18750
S2050032F2874F
S2050032F3F0E5
S2050032F433A1
S2050032F503D0
S2050032F6F3DF
S2050032F700D1
S2050032F823AD
S2050032F92AA5
S2050032FABF0F
S2050032FB6E5F
S2050032FC23A9
S2050032FD00CB
S2050032FEA327
S2050032FF00C9
S2050033006364
S2050033019630
S205003302F5D0
S20500330301C3
S20500330423A0
S2050033052A98
S2050033060FB2
S2050033076E52
S205003308932C
S20500330905B9
S20500330A00BD
S20500330B00BC
S20500330C9328
S20500330DF7C3
S20500330EF5C4
S20500330F0FA9
S20500331013A4
S205003311D7DF
S2050033128530
S20500331300B4
S2050033148330
S205003315466C
S2050033160EA3
S205003317F0C0
S205003318139C
S2050033197737
S20500331AF7B6
S20500331B0F9D
S20500331C2388
S20500331D00AA
S20500331EFEAB
S20500331FF0B8
S2050033209314
S205003321D7CF
S20500332205A0
S20500332301A3
S2050033248320
S205003325465C
S2050033261E83
S205003327F0B0
S205003328930C
S205003329F7A7
S20500332AF7A6
S20500332B0F8D
S20500332CA3F8
S20500332D009A
S20500332EEEAB
S20500332FF0A8
S2050033300394
S205003331474F
S2050033322E67
S205003333F0A4
S2050033349300
S205003335D5BD
S205003336850C
S205003337018F
S205003338236C
S205003339018D
S20500333AFE8F
S20500333BF09C
S20500333C8308
S20500333D4743
S20500333E3E4B
S20500333FF098
S205003340A3E4
S2050033410185
S205003342BEC7
S205003343F094
S2050033442360
S205003345A0E2
S2050033460E73
S2050033470080
S2050033486718
S20500334980FE
S20500334A007D
S20500334B007C
S20500334C3744
S20500334D0674
S20500334E1069
S20500334F0078
S20500335093E4
S205003351076F
S2050033520075
S2050033531064
S205003354373C
S205003355670B
S2050033561061
S2050033570070
S20500335883EC
S2050033592648
S20500335A0667
S20500335B6FFD
S20500335C93D8
S20500335DD793
S20500335E1752
S20500335F0068
S2050033601354
S205003361075F
S205003362075E
S205003363F074
S20500336493D0
S20500336585DD
S20500336687DA
S205003367FF61
S205003368B3AC
S20500336987D7
S20500336AE776
S20500336B005C
S20500336C0358
S20500336DA7B3
S20500336E4712
S20500336F0058
S205003370E374
S2050033710E48
S205003372D77E
S205003373FE56
S2050033741340
S20500337587CB
S20500337686CB
S2050033770050
S205003378331C
S20500337987C7
S20500337AE766
S20500337B004C
S20500337C0348
S20500337D4505
S20500337E0742
S20500337F0048
S20500338093B4
S20500338186C0
S205003382162F
S2050033830044
S2050033842320
S205003385281A
S205003386D66B
S2050033876ED2
S205003388132C
S20500338975C9
S20500338AF548
S20500338B0F2D
S20500338C63D8
S20500338D96A4
S20500338EB683
S20500338F0038
S2050033902314
S205003391280E
S205003392062F
S2050033936EC6
S20500339493A0
S205003395062C
S2050033960031
S2050033970030
S205003398230C
S205003399A08E
S20500339AD756
S20500339B002C
S20500339C67C4
S20500339D80AA
S20500339E0029
S20500339F0028
S2050033A09394
S2050033A10521
S2050033A20520
S2050033A30024
S2050033A437EC
S2050033A5051D
S2050033A61011
S2050033A70020
S2050033A8130C
S2050033A9011D
S2050033AA011C
S2050033ABFF1D
S2050033AC1308
S2050033AD0614
S2050033AE20F9
S2050033AF0711
S2050033B01304
S2050033B10511
S2050033B28590
S2050033B335DF
S2050033B423F0
S2050033B526EC
S2050033B61100
S2050033B70010
S2050033B8EF20
S2050033B910FE
S2050033BAC04D
S2050033BB69A3
S2050033BCEF1C
S2050033BDF01A
S2050033BE1FEA
S2050033BFF90F
S2050033C08384
S2050033C120E6
S2050033C2C144
S2050033C30004
S2050033C413F0
S2050033C50101
S2050033C60100
S2050033C701FF
S2050033C86798
S2050033C9807E
S2050033CA00FD
S2050033CB00FC
S2050033CC9368
S2050033CD05F5
S2050033CE05F4
S2050033CF00F8
S2050033D037C0
S2050033D105F1
S2050033D210E5
S2050033D300F4
S2050033D413E0
S2050033D501F1
S2050033D601F0
S2050033D7FFF1
S2050033D813DC
S2050033D906E8
S2050033DA707D
S2050033DB07E5
S2050033DC13D8
S2050033DD05E5
S2050033DE8564
S2050033DF35B3
S2050033E023C4
S2050033E126C0
S2050033E211D4
S2050033E300E4
S2050033E4EFF4
S2050033E510D2
S2050033E600E1
S2050033E76779
S2050033E8EFF0
S2050033E9F0EE
S2050033EA5F7E
S2050033EBF6E6
S2050033EC8358
S2050033ED20BA
S2050033EEC118
S2050033EF00D8
S2050033F013C4
S2050033F101D5
S2050033F201D4
S2050033F301D3
S2050033F4676C
S2050033F58052
S2050033F600D1
S2050033F700D0
S2050033F8933C
S2050033F905C9
S2050033FA05C8
S2050033FB00CC
S2050033FC3794
S2050033FD05C5
S2050033FE10B9
S2050033FF00C8
S20500340013B3
S20500340101C4
S20500340201C3
S205003403FFC4
S20500340413AF
S20500340505BC
S205003406853B
S2050034073788
S205003408239B
S2050034092697
S20500340A11AB
S20500340B00BB
S20500340CEFCB
S20500340D10A9
S20500340E8038
S20500340F6453
S2050034108333
S2050034112095
S205003412C1F3
S20500341300B3
S205003414139F
S20500341505AC
S20500341610A0
S20500341700AF
S205003418139B
S20500341901AC
S20500341A01AB
S20500341B01AA
S20500341C6743
S20500341D8029
S20500341E00A8
S20500341F00A7
S2050034209313
S205003421069F
S205003422069E
S20500342300A3
S205003424138F
S205003425861B
S205003426059B
S205003427009F
S205003428930B
S2050034290598
S20500342A0597
S20500342B009B
S20500342C3763
S20500342D0594
S20500342E1088
S20500342F0097
S2050034301383
S2050034310590
S205003432058F
S205003433395A
S2050034346F23
S2050034351081
S2050034360090
S205003437622D
S2050034383757
S2050034390588
S20500343A107C
S20500343B008B
S20500343C1377
S20500343D0188
S20500343E0187
S20500343FFE89
S2050034401373
S2050034410580
S20500344285FF
S2050034433B48
S205003444235F
S2050034452C55
S20500344681FF
S205003447007F
S205003448235B
S2050034492A53
S20500344A91EB
S20500344B007B
S20500344C2357
S20500344D2851
S20500344E2157
S20500344F0176
S2050034502353
S2050034512E47
S2050034521163
S2050034530073
S20500345493DF
S205003455046D
S205003456412F
S205003457006F
S205003458EF7F
S205003459105D
S20500345AC0AC
S20500345B5F0C
S20500345C1357
S20500345D0465
S20500345E0068
S20500345F0067
S2050034601353
S205003461095C
S205003462F074
S2050034630F54
S2050034646FF3
S2050034650061
S20500346680E0
S205003467005F
S205003468134B
S2050034690459
S20500346A1448
S20500346B005B
S20500346CEF6B
S20500346DF069
S20500346E1F39
S20500346FEE69
S2050034702333
S20500347180D5
S205003472A4B0
S2050034730053
S20500347493BF
S20500347584CD
S205003476143C
S205003477004F
S205003478E36B
S2050034791835
S20500347A2527
S20500347BFF4C
S20500347C63E7
S20500347D1039
S20500347E0444
S20500347F0245
S20500348083C3
S2050034812025
S205003482C183
S2050034830142
S205003484132F
S205003485053C
S205003486043C
S205003487003F
S205003488033B
S2050034892419
S20500348A81BB
S20500348B013A
S20500348C83B7
S20500348D2415
S20500348E41F7
S20500348F0136
S2050034900333
S205003491290C
S2050034920133
S2050034930132
S205003494131F
S2050034950130
S205003496012F
S205003497022D
S20500349867C7
S20500349980AD
S20500349A002C
S20500349B002B
S20500349C9397
S20500349D0722
S20500349E0424
S20500349F0126
S2050034A033F3
S2050034A184A1
S2050034A227FD
S2050034A30023
S2050034A423FF
S2050034A50A17
S2050034A6041C
S2050034A7FE21
S2050034A8031B
S2050034A947D6
S2050034AA41DB
S2050034AB001B
S2050034AC63B7
S2050034AD0613
S2050034AE0711
S2050034AF0611
S2050034B01303
S2050034B1060F
S2050034B251C3
S2050034B30013
S2050034B413FF
S2050034B5040D
S2050034B60010
S2050034B7000F
S2050034B813FB
S2050034B90508
S2050034BA907C
S2050034BB000B
S2050034BC13F7
S2050034BD0801
S2050034BE50B8
S2050034BF0007
S2050034C06F97
S2050034C10005
S2050034C2C044
S2050034C30102
S2050034C4936F
S2050034C5778A
S2050034C6F709
S2050034C70FF0
S2050034C803FB
S2050034C947B6
S2050034CA06F6
S2050034CB00FB
S2050034CC13E7
S2050034CD14E5
S2050034CE44B4
S2050034CF00F7
S2050034D013E3
S2050034D106EF
S2050034D216DE
S2050034D300F3
S2050034D433BF
S2050034D5846D
S2050034D68769
S2050034D700EF
S2050034D8E30B
S2050034D904E9
S2050034DA07E5
S2050034DBFAF1
S2050034DC9357
S2050034DD07E2
S2050034DE07E1
S2050034DFFDEA
S2050034E09353
S2050034E106DF
S2050034E2F7ED
S2050034E3FBE8
S2050034E4934F
S2050034E5F7EA
S2050034E6F7E9
S2050034E70FD0
S2050034E8934B
S2050034E9F6E7
S2050034EAF6E6
S2050034EB0FCC
S2050034ECE3F7
S2050034ED7E5B
S2050034EEF5E3
S2050034EFFCDB
S2050034F09343
S2050034F105D0
S2050034F2F7DD
S2050034F3F9DA
S2050034F4933F
S2050034F507CA
S2050034F69739
S2050034F7FCD3
S2050034F8933B
S2050034F9F5D8
S2050034FAF5D7
S2050034FB0FBC
S2050034FC13B7
S2050034FD07C2
S2050034FE9731
S2050034FFFACD
S2050035009332
S205003501F7CD
S205003502F7CC
S2050035030FB3
S205003504E3DE
S205003505724E
S205003506D8E7
S205003507FCC2
S205003508E3DA
S2050035097E3E
S20500350AB803
S20500350BFAC0
S20500350C3782
S20500350D05B3
S20500350E10A7
S20500350F00B6
S20500351013A2
S20500351105AF
S205003512C5EE
S2050035133280
S205003514EFC2
S20500351510A0
S20500351600AF
S205003517545A
S205003518139A
S20500351904A8
S20500351A00AB
S20500351B00AA
S20500351C6F3A
S20500351DF0B8
S20500351E5F48
S20500351FF6B0
S2050035201392
S205003521871D
S205003522069D
S20500352300A2
S205003524930E
S205003525069A
S2050035260699
S205003527009E
S205003528138A
S2050035298616
S20500352A0596
S20500352B009A
S20500352C9306
S20500352D0593
S20500352E0592
S20500352F0096
S205003530375E
S205003531058F
S2050035321083
S2050035330092
S205003534137E
S205003535058B
S205003536850A
S2050035373D51
S2050035386F1E
S205003539107C
S20500353AC0CB
S20500353B5139
S20500353C3752
S20500353D0583
S20500353E1077
S20500353F0086
S2050035401372
S2050035410183
S2050035420182
S205003543FE84
S205003544136E
S205003545057B
S205003546453A
S205003547403E
S205003548235A
S2050035492C50
S20500354A81FA
S20500354B007A
S20500354C2356
S20500354D2A4E
S20500354E91E6
S20500354F0076
S2050035502352
S205003551284C
S2050035522152
S2050035530171
S205003554234E
S2050035552E42
S205003556115E
S205003557006E
S20500355893DA
S2050035590468
S20500355A412A
S20500355B006A
S20500355CEF7A
S20500355D1058
S20500355E80E7
S20500355F4F17
S2050035601352
S2050035610460
S2050035620063
S2050035630062
S205003564134E
S2050035650957
S205003566F06F
S2050035670F4F
S2050035686FEE
S205003569005C
S20500356A80DB
S20500356B005A
S20500356C1346
S20500356D0454
S20500356E1443
S20500356F0056
S205003570EF66
S205003571F064
S205003572DF74
S205003573DD75
S205003574232E
S20500357580D0
S205003576A4AB
S205003577004E
S20500357893BA
S20500357984C8
S20500357A1437
S20500357B004A
S20500357CE366
S20500357D1830
S20500357E2522
S20500357FFF47
S20500358063E2
S2050035811034
S205003582043F
S2050035830240
S20500358483BE
S2050035852020
S205003586C17E
S205003587013D
S205003588132A
S2050035890537
S20500358A0437
S20500358B003A
S20500358C0336
S20500358D2414
S20500358E81B6
S20500358F0135
S20500359083B2
S2050035912410
S20500359241F2
S2050035930131
S205003594032E
S2050035952907
S205003596012E
S205003597012D
S205003598131A
S205003599012B
S20500359A012A
S20500359B0228
S20500359C67C2
S20500359D80A8
S20500359E0027
S20500359F0026
S2050035A09392
S2050035A1071D
S2050035A2041F
S2050035A30121
S2050035A433EE
S2050035A5849C
S2050035A627F8
S2050035A7001E
S2050035A823FA
S2050035A90A12
S2050035AA0417
S2050035ABFE1C
S2050035AC0316
S2050035AD47D1
S2050035AE41D6
S2050035AF0016
S2050035B063B2
S2050035B1060E
S2050035B2070C
S2050035B3060C
S2050035B413FE
S2050035B5060A
S2050035B651BE
S2050035B7000E
S2050035B813FA
S2050035B90408
S2050035BA000B
S2050035BB000A
S2050035BC13F6
S2050035BD0503
S2050035BE9077
S2050035BF0006
S2050035C013F2
S2050035C108FC
S2050035C250B3
S2050035C30002
S2050035C46F92
S2050035C50000
S2050035C6C03F
S2050035C701FD
S2050035C8936A
S2050035C97785
S2050035CAF704
S2050035CB0FEB
S2050035CC03F6
S2050035CD47B1
S2050035CE06F1
S2050035CF00F6
S2050035D013E2
S2050035D114E0
S2050035D244AF
S2050035D300F2
S2050035D413DE
S2050035D506EA
S2050035D616D9
S2050035D700EE
S2050035D833BA
S2050035D98468
S2050035DA8764
S2050035DB00EA
S2050035DCE306
S2050035DD04E4
S2050035DE07E0
S2050035DFFAEC
S2050035E09352
S2050035E107DD
S2050035E207DC
S2050035E3FDE5
S2050035E4934E
S2050035E506DA
S2050035E6F7E8
S2050035E7FBE3
S2050035E8934A
S2050035E9F7E5
S2050035EAF7E4
S2050035EB0FCB
S2050035EC9346
S2050035EDF6E2
S2050035EEF6E1
S2050035EF0FC7
S2050035F0E3F2
S2050035F17E56
S2050035F2F5DE
S2050035F3FCD6
S2050035F4933E
S2050035F505CB
S2050035F6F7D8
S2050035F7F9D5
S2050035F8933A
S2050035F907C5
S2050035FA9734
S2050035FBFCCE
S2050035FC9336
S2050035FDF5D3
S2050035FEF5D2
S2050035FF0FB7
S20500360013B1
S20500360107BC
S205003602972B
S205003603FAC7
S205003604932D
S205003605F7C8
S205003606F7C7
S2050036070FAE
S205003608E3D9
S2050036097249
S20500360AD8E2
S20500360BFCBD
S20500360CE3D5
S20500360D7E39
S20500360EB8FE
S20500360FFABB
S205003610377D
S20500361105AE
S20500361210A2
S20500361300B1
S205003614139D
S20500361505AA
S205003616C5E9
S205003617327B
S205003618EFBD
S205003619109B
S20500361AC0EA
S20500361B4366
S20500361C1395
S20500361D04A3
S20500361E00A6
S20500361F00A5
S2050036206F35
S205003621F0B3
S2050036225F43
S205003623F6AB
S205003624930D
S205003625059A
S2050036260599
S205003627009D
S2050036283765
S2050036290596
S20500362A108A
S20500362B0099
S20500362C1385
S20500362D0592
S20500362E4551
S20500362F4253
S2050036306F25
S2050036311083
S2050036324052
S205003633424F
S2050036343759
S205003635058A
S205003636107E
S205003637008D
S2050036381379
S205003639018A
S20500363A0189
S20500363BFF8A
S20500363C1375
S20500363D0582
S20500363EC5C1
S20500363F4342
S2050036402361
S205003641265D
S2050036421171
S2050036430081
S205003644EF91
S205003645106F
S205003646007E
S205003647413C
S20500364883F9
S205003649205B
S20500364AC1B9
S20500364B0079
S20500364C1365
S20500364D0176
S20500364E0175
S20500364F0174
S2050036506F05
S205003651F083
S205003652DF93
S205003653CFA2
S205003654135D
S205003655016E
S205003656016D
S205003657F677
S2050036582349
S2050036592C3F
S20500365A81E9
S20500365B0861
S20500365C2345
S20500365D2A3D
S20500365E91D5
S20500365F085D
S2050036602341
S205003661283B
S2050036622141
S2050036630958
S205003664233D
S2050036652639
S205003666312D
S2050036670954
S2050036682339
S205003669203B
S20500366A61F9
S20500366B0950
S20500366C2335
S20500366D2E29
S20500366E1145
S20500366F084D
S2050036702331
S205003671242F
S2050036724111
S2050036730948
S205003674232D
S205003675222D
S20500367651FD
S2050036770944
S2050036782329
S2050036792E1D
S20500367A71D9
S20500367B0742
S20500367C2325
S20500367D2C1B
S20500367E81C5
S20500367F073E
S2050036802321
S205003681281B
S205003682A1A1
S205003683073A
S205003684231D
S2050036852619
S205003686B18D
S2050036870736
S2050036881329
S205003689F843
S20500368A0733
S20500368B0435
S20500368C1325
S20500368D0433
S20500368E0531
S20500368F0035
S20500369093A1
S20500369189AA
S205003692052D
S2050036930031
S205003694939D
S205003695042B
S2050036960628
S205003697002D
S2050036981319
S20500369989A2
S20500369A0624
S20500369B0029
S20500369C1315
S20500369D0B1C
S20500369E071F
S20500369F0025
S2050036A063C1
S2050036A11013
S2050036A2081A
S2050036A31C05
S2050036A4B769
S2050036A50A15
S2050036A6100E
S2050036A7001D
S2050036A89389
S2050036A98A91
S2050036AA0A10
S2050036AB45D4
S2050036AC1305
S2050036ADFC1B
S2050036AE070F
S2050036AF0114
S2050036B063B1
S2050036B1040F
S2050036B20C06
S2050036B318F9
S2050036B413FD
S2050036B50708
S2050036B6000E
S2050036B7010C
S2050036B823E9
S2050036B922E9
S2050036BAE129
S2050036BB0009
S2050036BC13F5
S2050036BD0700
S2050036BE0006
S2050036BF0203
S2050036C09371
S2050036C1F70C
S2050036C2E71B
S2050036C3FF02
S2050036C423DD
S2050036C526D9
S2050036C6E11D
S2050036C700FD
S2050036C813E9
S2050036C9F704
S2050036CA27D3
S2050036CB00F9
S2050036CC9365
S2050036CDFBFC
S2050036CE07EF
S2050036CF02F3
S2050036D06391
S2050036D10EE5
S2050036D207EB
S2050036D318D9
S2050036D4638D
S2050036D5CA25
S2050036D609E5
S2050036D720CD
S2050036D813D9
S2050036D9F7F4
S2050036DA47A3
S2050036DB00E9
S2050036DC6385
S2050036DD12D5
S2050036DE07DF
S2050036DF1EC7
S2050036E09351
S2050036E1F7EC
S2050036E2875B
S2050036E300E1
S2050036E423BD
S2050036E524BB
S2050036E601DD
S2050036E700DD
S2050036E86379
S2050036E98853
S2050036EA07D3
S2050036EB00D9
S2050036EC9345
S2050036ED07D0
S2050036EE00D6
S2050036EF02D3
S2050036F013C1
S2050036F109CA
S2050036F2F9D9
S2050036F3FFD2
S2050036F423AD
S2050036F524AB
S2050036F6F1DD
S2050036F700CD
S2050036F86369
S2050036F98E3D
S2050036FA0BBF
S2050036FB00C9
S2050036FC9335
S2050036FD07C0
S2050036FE00C6
S2050036FF01C4
S2050037006360
S2050037018240
S205003702F4CD
S20500370320A0
S205003704932C
S2050037058737
S2050037068439
S205003707FFBD
S2050037089328
S205003709B703
S20500370A17A2
S20500370B00B8
S20500370C9324
S20500370D0BAB
S20500370E00B5
S20500370F02B2
S2050037103380
S20500371109A9
S205003712F9B8
S2050037134070
S205003714634C
S205003715901E
S20500371609A4
S2050037171696
S2050037189318
S20500371907A3
S20500371A00A9
S20500371B03A5
S20500371C2384
S20500371D0E98
S20500371EF1B4
S20500371F00A4
S2050037201390
S2050037210D95
S2050037221091
S20500372300A0
S205003724930C
S2050037250D91
S205003726C1DC
S205003727019B
S2050037281388
S2050037290A90
S20500372A0D8C
S20500372B0098
S20500372C6334
S20500372D5442
S20500372E6D28
S20500372F0193
S2050037301380
S2050037310A88
S2050037320B86
S2050037330090
S205003734830C
S2050037352767
S205003736414C
S205003737008C
S2050037383358
S2050037390981
S20500373A4940
S20500373B4147
S20500373C6324
S20500373D90F6
S20500373E077E
S20500373F0282
S2050037406320
S2050037415A28
S2050037422061
S2050037431F61
S205003744136C
S2050037450678
S2050037460974
S205003747007C
S2050037481368
S2050037490575
S20500374A0475
S20500374B0078
S20500374C93E4
S20500374D0571
S20500374E0075
S20500374F0272
S2050037503340
S205003751046E
S205003752244D
S205003753016F
S205003754EF80
S205003755F07E
S2050037564F1E
S205003757C0AC
S2050037581358
S2050037590961
S20500375AF079
S20500375BFF69
S20500375C83E4
S20500375D273F
S20500375E81E4
S20500375F0064
S2050037606300
S20500376186DC
S205003762075A
S2050037630060
S205003764233C
S205003765005E
S205003766F469
S205003767005C
S2050037681348
S2050037690456
S20500376A1445
S20500376B0058
S20500376C63F4
S20500376D8ACC
S20500376E0B4A
S20500376F0054
S2050037701340
S205003771074B
S20500377280D1
S2050037730050
S20500377463EC
S2050037758EC0
S205003776E469
S2050037771834
S2050037781338
S2050037790743
S20500377A0049
S20500377B0147
S20500377C63E4
S20500377D8ABC
S20500377EE461
S20500377F1430
S20500378063E0
S2050037811032
S2050037820C35
S205003783023E
S20500378463DC
S20500378554EA
S205003786201D
S2050037871B21
S20500378883B8
S2050037892515
S20500378AC178
S20500378B0038
S20500378C1324
S20500378D0630
S20500378E092C
S20500378F0034
S2050037901320
S205003791052D
S205003792042D
S2050037930030
S205003794EF40
S205003795F03E
S2050037964FDE
S205003797BC70
S20500379833F8
S2050037990426
S20500379A2405
S20500379B0127
S20500379C1314
S20500379D091D
S20500379EF035
S20500379FFF25
S2050037A063C0
S2050037A15EC4
S2050037A24DD4
S2050037A3011F
S2050037A433EC
S2050037A50A14
S2050037A6AA73
S2050037A741DB
S2050037A81308
S2050037A90515
S2050037AA0415
S2050037AB0018
S2050037AC1304
S2050037AD0610
S2050037AE0A0B
S2050037AF0014
S2050037B09380
S2050037B1050D
S2050037B20011
S2050037B3030D
S2050037B4EF20
S2050037B5F01E
S2050037B64FBE
S2050037B7BA52
S2050037B833D8
S2050037B90406
S2050037BA44C5
S2050037BB0107
S2050037BCB354
S2050037BD877F
S2050037BE3DC8
S2050037BF0103
S2050037C013F0
S2050037C107FB
S2050037C204FD
S2050037C30000
S2050037C403FC
S2050037C5C638
S2050037C607F6
S2050037C700FC
S2050037C89368
S2050037C98674
S2050037CA07F2
S2050037CB00F8
S2050037CC13E4
S2050037CD07EF
S2050037CE17DE
S2050037CF00F4
S2050037D0A350
S2050037D10FE3
S2050037D2C72A
S2050037D3FEF2
S2050037D4935C
S2050037D58767
S2050037D6F7F6
S2050037D7FFED
S2050037D8E308
S2050037D99654
S2050037DADD0C
S2050037DBFEEA
S2050037DC9354
S2050037DD895D
S2050037DE19CC
S2050037DF00E4
S2050037E033B0
S2050037E104DE
S2050037E234AD
S2050037E301DF
S2050037E4637C
S2050037E55C82
S2050037E620BD
S2050037E701DB
S2050037E813C8
S2050037E905D5
S2050037EA04D5
S2050037EB00D8
S2050037EC13C4
S2050037ED06D0
S2050037EE09CC
S2050037EF00D4
S2050037F09340
S2050037F105CD
S2050037F200D1
S2050037F302CE
S2050037F4EFE0
S2050037F5F0DE
S2050037F64F7E
S2050037F7B616
S2050037F83398
S2050037F904C6
S2050037FA24A5
S2050037FB01C7
S2050037FC8344
S2050037FD20A6
S2050037FEC104
S2050037FF09BB
S20500380013AF
S20500380105BC
S20500380204BC
S20500380300BF
S20500380403BB
S2050038052499
S205003806813B
S20500380709B2
S2050038088337
S2050038092495
S20500380A4177
S20500380B09AE
S20500380C03B3
S20500380D298C
S20500380E01B3
S20500380F09AA
S205003810832F
S2050038112988
S205003812C1EF
S20500381308A7
S20500381403AB
S2050038152A83
S205003816812B
S20500381708A3
S2050038188327
S2050038192A7F
S20500381A4167
S20500381B089F
S20500381C03A3
S20500381D2B7A
S20500381E01A3
S20500381F089B
S205003820831F
S2050038212B76
S205003822C1DF
S2050038230798
S205003824039B
S2050038252C71
S205003826811B
S2050038270794
S2050038280397
S2050038292D6C
S20500382A0197
S20500382B0790
S20500382C8313
S20500382D2D68
S20500382EC1D3
S20500382F068D
S205003830137F
S2050038310190
S205003832018F
S2050038330A85
S2050038346727
S205003835800D
S205003836008C
S205003837008B
S20500383893F7
S205003839F693
S20500383A1771
S20500383B0186
S20500383C1373
S20500383DF78E
S20500383E176D
S20500383F0083
S205003840235F
S205003841225F
S205003842D1AF
S205003843007F
S205003844631B
S2050038450C71
S2050038460775
S2050038470E6D
S2050038481367
S2050038490772
S20500384A0078
S20500384B0374
S20500384C2353
S20500384D264F
S20500384EE193
S20500384F0073
S205003850135F
S205003851F77A
S2050038522749
S205003853006F
S20500385493DB
S205003855FB72
S2050038560765
S2050038570269
S2050038586307
S2050038590A5F
S20500385A0761
S20500385B0067
S20500385C6FF7
S20500385DF075
S20500385E9FC5
S20500385FE77C
S205003860B7AB
S2050038610A57
S2050038621050
S205003863005F
S20500386493CB
S2050038658AD3
S2050038668AD2
S2050038674714
S2050038686FEB
S205003869F069
S20500386A5FF9
S20500386BE473
S20500386C2333
S20500386D2431
S20500386E0153
S20500386F0053
S2050038706FE3
S205003871F061
S2050038729FB1
S205003873E867
S205003874232B
S2050038752A23
S20500387691BB
S2050038770744
S2050038781337
S20500387985C4
S20500387A093F
S20500387B0047
S20500387C1333
S20500387D0D38
S20500387E0044
S20500387F0043
S20500388093AF
S2050038810D34
S205003882C17F
S205003883013E
S20500388493AB
S20500388585B8
S2050038860438
S205003887003B
S2050038881327
S2050038890A2F
S20500388A0533
S20500388B0037
S20500388CEF47
S20500388DF045
S20500388E0F25
S20500388F84AF
S20500389033FF
S20500389185AC
S205003892AA86
S205003893002F
S20500389483AB
S20500389546E7
S2050038960527
S205003897002B
S2050038989397
S2050038990920
S20500389A0D1B
S20500389B0027
S20500389C1313
S20500389D0D18
S20500389E1D07
S20500389F0023
S2050038A0B36F
S2050038A18C95
S2050038A2AD73
S2050038A3011E
S2050038A4938B
S2050038A58598
S2050038A60418
S2050038A7001B
S2050038A81307
S2050038A90514
S2050038AA0A0E
S2050038AB0017
S2050038ACA373
S2050038AD8F86
S2050038AEDC38
S2050038AFFE15
S2050038B0EF23
S2050038B1E031
S2050038B25FB1
S2050038B3FD12
S2050038B4E32B
S2050038B57895
S2050038B69A72
S2050038B7FC0F
S2050038B88387
S2050038B92CDD
S2050038BA41C7
S2050038BB0700
S2050038BC6F97
S2050038BDF015
S2050038BEDF25
S2050038BFE61D
S2050038C0936F
S2050038C107FA
S2050038C2B050
S2050038C302FD
S2050038C413EB
S2050038C509F4
S2050038C6F903
S2050038C7FFFC
S2050038C823D7
S2050038C924D5
S2050038CAF107
S2050038CB00F7
S2050038CC6F87
S2050038CDF005
S2050038CEDF15
S2050038CFE211
S2050038D013DF
S2050038D107EA
S2050038D200F0
S2050038D303EC
S2050038D423CB
S2050038D500ED
S2050038D6E408
S2050038D700EB
S2050038D813D7
S2050038D907E2
S2050038DA8068
S2050038DB07E0
S2050038DCA343
S2050038DD00E5
S2050038DEE400
S2050038DF00E3
S2050038E013CF
S2050038E104DD
S2050038E224BC
S2050038E300DF
S2050038E46F6F
S2050038E5F0ED
S2050038E6DFFD
S2050038E7E9F2
S2050038E8B327
S2050038E909D0
S2050038EA30A8
S2050038EB4196
S2050038EC13C3
S2050038ED09CC
S2050038EEF9DB
S2050038EFFFD4
S2050038F0636F
S2050038F19839
S2050038F20BC5
S2050038F302CD
S2050038F4933B
S2050038F507C6
S2050038F6D0FC
S2050038F702C9
S2050038F823A7
S2050038F92A9F
S2050038FA9137
S2050038FB07C0
S2050038FC23A3
S2050038FD24A1
S2050038FEF1D3
S2050038FF00C3
S2050039006F52
S205003901F0D0
S2050039029F20
S205003903F7C7
S20500390413AA
S20500390509B3
S205003906E9D2
S205003907FFBB
S2050039089326
S2050039090BAD
S20500390A00B7
S20500390B02B4
S20500390C6F46
S20500390DF0C4
S20500390E9F14
S20500390FE0D2
S205003910139E
S20500391107A9
S20500391200AF
S20500391303AB
S205003914238A
S20500391500AC
S205003916E4C7
S20500391700AA
S2050039181396
S20500391904A4
S20500391A1493
S20500391B00A6
S20500391C6F36
S20500391DF0B4
S20500391E5F44
S20500391FE6BC
S205003920930E
S2050039210799
S205003922D0CF
S205003923029C
S205003924237A
S2050039252478
S205003926F1AA
S205003927009A
S2050039286F2A
S205003929F0A8
S20500392A5F38
S20500392BDDB9
S20500392C1382
S20500392D098B
S20500392EF99A
S20500392FFF93
S2050039306F22
S205003931F0A0
S2050039321F70
S205003933E7A7
S205003934137A
S2050039350983
S205003936F992
S205003937FF8B
S2050039386F1A
S205003939F098
S20500393A5F28
S20500393BE2A4
S20500393C1372
S20500393D077D
S20500393E0083
S20500393F0280
S205003940235E
S205003941225E
S205003942017E
S205003943007E
S205003944235A
S2050039452656
S205003946E19A
S205003947007A
S2050039486F0A
S205003949F088
S20500394A1F58
S20500394BD89E
S20500394C1362
S20500394D0173
S20500394E0172
S20500394FEF83
S205003950234E
S205003951264A
S205003952115E
S205003953105E
S205003954234A
S205003955224A
S20500395691DA
S205003957105A
S20500395883E6
S205003959C7A1
S20500395A0562
S20500395B0066
S20500395C2342
S20500395D2440
S20500395EA1C2
S20500395F0062
S205003960E37E
S2050039618ED2
S2050039620758
S2050039633E20
S205003964B7A6
S2050039650854
S205003966104B
S205003967005A
S2050039682336
S2050039692434
S20500396A81D6
S20500396B1046
S20500396C2332
S20500396D2034
S20500396E2132
S20500396F1141
S205003970232E
S2050039712E22
S205003972311E
S2050039730F3F
S205003974232A
S2050039752C20
S205003976410A
S2050039770F3B
S2050039782326
S2050039792A1E
S20500397A51F6
S20500397B0F37
S20500397C2322
S20500397D281C
S20500397E61E2
S20500397F0F33
S205003980231E
S205003981261A
S20500398271CE
S2050039830F2F
S205003984231A
S2050039852418
S20500398681BA
S2050039870F2B
S2050039882316
S2050039892216
S20500398A91A6
S20500398B0F27
S20500398C2312
S20500398D2014
S20500398EA192
S20500398F0F23
S205003990230E
S2050039912E02
S205003992B17E
S2050039930D21
S205003994131A
S20500399584A8
S2050039960526
S205003997002A
S2050039989396
S2050039990B1D
S20500399A0621
S20500399B0026
S20500399C9392
S20500399D0420
S20500399E051E
S20500399F0022
S2050039A0938E
S2050039A10917
S2050039A250CF
S2050039A3021C
S2050039A4130A
S2050039A50B11
S2050039A6001B
S2050039A70119
S2050039A81306
S2050039A9898F
S2050039AA888F
S2050039AB4CCA
S2050039AC9382
S2050039AD0A0A
S2050039AE9083
S2050039AF0012
S2050039B013FE
S2050039B10A06
S2050039B2E02F
S2050039B3020C
S2050039B463AA
S2050039B5808C
S2050039B637D4
S2050039B70703
S2050039B823E6
S2050039B98088
S2050039BAF413
S2050039BB0006
S2050039BC8382
S2050039BD47BD
S2050039BE14EF
S2050039BF0002
S2050039C0936E
S2050039C1847C
S2050039C214EB
S2050039C300FE
S2050039C413EA
S2050039C504F8
S2050039C614E7
S2050039C700FA
S2050039C8E316
S2050039C99662
S2050039CA07F0
S2050039CBFEF8
S2050039CC03F2
S2050039CD24D0
S2050039CE8172
S2050039CF10E2
S2050039D003EE
S2050039D129C7
S2050039D201EE
S2050039D310DE
S2050039D4836A
S2050039D529C3
S2050039D6C12A
S2050039D70FDB
S2050039D803E6
S2050039D92ABE
S2050039DA8166
S2050039DB0FD7
S2050039DC8362
S2050039DD2ABA
S2050039DE41A2
S2050039DF0FD3
S2050039E003DE
S2050039E12BB5
S2050039E201DE
S2050039E30FCF
S2050039E4835A
S2050039E52BB1
S2050039E6C11A
S2050039E70ECC
S2050039E803D6
S2050039E92CAC
S2050039EA8156
S2050039EB0EC8
S2050039EC8352
S2050039ED2CA8
S2050039EE4192
S2050039EF0EC4
S2050039F003CE
S2050039F12DA3
S2050039F201CE
S2050039F30EC0
S2050039F4834A
S2050039F52D9F
S2050039F6C10A
S2050039F70DBD
S2050039F823A6
S2050039F98048
S2050039FA04C3
S2050039FB00C6
S2050039FC8342
S2050039FD279D
S2050039FE8142
S2050039FF00C2
S205003A00833D
S205003A01209F
S205003A02C1FD
S205003A0310AD
S205003A043389
S205003A058536
S205003A06F4C6
S205003A074079
S205003A088335
S205003A092493
S205003A0A4175
S205003A0B10A5
S205003A0C13A1
S205003A0D01B2
S205003A0E01B1
S205003A0F11A0
S205003A106749
S205003A11802F
S205003A1200AE
S205003A1300AD
S205003A149319
S205003A1507A4
S205003A1600AA
S205003A1700A9
S205003A1803A5
S205003A19485F
S205003A1A1492
S205003A1B00A5
S205003A1C9311
S205003A1D0C97
S205003A1E148E
S205003A1F00A1
S205003A20138D
S205003A210798
S205003A220896
S205003A23FE9F
S205003A241389
S205003A257724
S205003A26F7A3
S205003A270F8A
S205003A286335
S205003A296A2D
S205003A2AEBAB
S205003A2B0095
S205003A2C1381
S205003A2D177C
S205003A2E276B
S205003A2F0091
S205003A30335D
S205003A310788
S205003A322767
S205003A33018C
S205003A340389
S205003A352764
S205003A360783
S205003A370089
S205003A386721
S205003A390087
S205003A3A077F
S205003A3B0085
S205003A3C1371
S205003A3D077C
S205003A3E087A
S205003A3FFD84
S205003A40136D
S205003A417708
S205003A42F787
S205003A430F6E
S205003A446319
S205003A45FE7D
S205003A46EA90
S205003A471069
S205003A481365
S205003A490770
S205003A4AA0D6
S205003A4B0273
S205003A4C1361
S205003A4D0D66
S205003A4EF082
S205003A4FFF72
S205003A50630D
S205003A51026D
S205003A52E886
S205003A531459
S205003A5493D9
S205003A550D5E
S205003A56F07A
S205003A57FF6A
S205003A586305
S205003A590E59
S205003A5A481E
S205003A5B0D58
S205003A5C1351
S205003A5D77EC
S205003A5EF86A
S205003A5F0D54
S205003A6093CD
S205003A610659
S205003A62C09E
S205003A630459
S205003A6463F9
S205003A650E4D
S205003A66D783
S205003A670851
S205003A681345
S205003A690750
S205003A6AF85E
S205003A6BFB5A
S205003A6C1341
S205003A6D77DC
S205003A6EF75B
S205003A6F0F42
S205003A7093BD
S205003A710649
S205003A7270DE
S205003A73034A
S205003A7463E9
S205003A75EC5F
S205003A76E664
S205003A770445
S205003A78B791
S205003A790641
S205003A7A1036
S205003A7B0045
S205003A7C1331
S205003A7D172C
S205003A7E271B
S205003A7F0041
S205003A8093AD
S205003A8186B9
S205003A82C678
S205003A8350ED
S205003A843309
S205003A850734
S205003A86D763
S205003A870039
S205003A880335
S205003A892710
S205003A8A072F
S205003A8B0035
S205003A8C67CD
S205003A8D0033
S205003A8E072B
S205003A8F0031
S205003A90939D
S205003A91E748
S205003A921717
S205003A93002D
S205003A941319
S205003A9584A7
S205003A960C1E
S205003A970029
S205003A986FB9
S205003A99F037
S205003A9A1F07
S205003A9BF82D
S205003A9C9391
S205003A9DE73C
S205003A9E071B
S205003A9F0120
S205003AA0130D
S205003AA1849B
S205003AA20C12
S205003AA3001D
S205003AA46FAD
S205003AA5F02B
S205003AA65FBB
S205003AA7F722
S205003AA89385
S205003AA9E730
S205003AAA47CF
S205003AAB0015
S205003AAC1301
S205003AAD848F
S205003AAE0C06
S205003AAF0011
S205003AB06FA1
S205003AB1F01F
S205003AB29F6F
S205003AB3F617
S205003AB49379
S205003AB5E724
S205003AB60703
S205003AB70207
S205003AB813F5
S205003AB98483
S205003ABA0CFA
S205003ABB0005
S205003ABC6F95
S205003ABDF013
S205003ABEDF23
S205003ABFF50C
S205003AC0936D
S205003AC1E718
S205003AC28777
S205003AC300FD
S205003AC413E9
S205003AC58477
S205003AC60CEE
S205003AC700F9
S205003AC86F89
S205003AC9F007
S205003ACA1FD7
S205003ACBF500
S205003ACC13E1
S205003ACD8C67
S205003ACE0CE6
S205003ACF00F1
S205003AD0935D
S205003AD107E8
S205003AD2509E
S205003AD302EB
S205003AD46389
S205003AD50AE1
S205003AD6F8F2
S205003AD700E9
S205003AD823C5
S205003AD98067
S205003ADAF4F2
S205003ADB00E5
S205003ADC03E1
S205003ADD489B
S205003ADE0CD6
S205003ADF00E1
S205003AE0934D
S205003AE1845B
S205003AE214CA
S205003AE300DD
S205003AE4E3F9
S205003AE504D7
S205003AE608D2
S205003AE7EEEB
S205003AE823B5
S205003AE98057
S205003AEA04D2
S205003AEB01D4
S205003AEC8351
S205003AED478C
S205003AEE1CB6
S205003AEF00D1
S205003AF013BD
S205003AF104CB
S205003AF21CB2
S205003AF300CD
S205003AF49339
S205003AF58447
S205003AF614B6
S205003AF700C9
S205003AF8E3E5
S205003AF99E29
S205003AFA07BF
S205003AFBEADB
S205003AFC6F55
S205003AFDF0D3
S205003AFE1FA3
S205003AFFEDD4
S205003B00932C
S205003B0105B9
S205003B0208B5
S205003B0300BC
S205003B0403B8
S205003B05C8F2
S205003B061C9D
S205003B0700B8
S205003B089324
S205003B0906B0
S205003B0A7045
S205003B0B03B1
S205003B0C13A0
S205003B0D8C26
S205003B0E1C95
S205003B0F00B0
S205003B10139C
S205003B1107A7
S205003B12F8B5
S205003B13FBB1
S205003B141398
S205003B157733
S205003B16F7B2
S205003B170F99
S205003B18E3C4
S205003B19ECBA
S205003B1AE6BF
S205003B1BFAAA
S205003B1CB7EC
S205003B1D069C
S205003B1E1091
S205003B1F00A0
S205003B20138C
S205003B211787
S205003B222776
S205003B23009C
S205003B249308
S205003B258614
S205003B26C6D3
S205003B275E3A
S205003B283364
S205003B29078F
S205003B2AD7BE
S205003B2B0094
S205003B2C0390
S205003B2D276B
S205003B2E078A
S205003B2F0090
S205003B306728
S205003B31008E
S205003B320786
S205003B33008C
S205003B340388
S205003B35C8C2
S205003B361C6D
S205003B370088
S205003B381374
S205003B390680
S205003B3A90F5
S205003B3B0084
S205003B3C93F0
S205003B3D86FC
S205003B3E1C65
S205003B3F0080
S205003B40136C
S205003B410777
S205003B420875
S205003B43FD7F
S205003B441368
S205003B457703
S205003B46F782
S205003B470F69
S205003B486314
S205003B497006
S205003B4AE68F
S205003B4B0A6A
S205003B4C1360
S205003B4D076B
S205003B4EA0D1
S205003B4F026E
S205003B50630C
S205003B510C62
S205003B52E885
S205003B530C60
S205003B5493D8
S205003B558CDE
S205003B560663
S205003B570068
S205003B5893D4
S205003B590D59
S205003B5A0065
S205003B5B0064
S205003B5C6FF4
S205003B5DF072
S205003B5E1F42
S205003B5FF070
S205003B60134C
S205003B610D51
S205003B62005D
S205003B63005C
S205003B6493C8
S205003B650654
S205003B6690C9
S205003B670058
S205003B681344
S205003B69173F
S205003B6A2D28
S205003B6B0054
S205003B6C3320
S205003B6D074B
S205003B6EA7AA
S205003B6F014F
S205003B7093BC
S205003B718CC2
S205003B721C31
S205003B73004C
S205003B741338
S205003B751733
S205003B761732
S205003B770048
S205003B783314
S205003B79073F
S205003B7A073E
S205003B7B0143
S205003B7C0340
S205003B7DC87A
S205003B7E0C35
S205003B7F0040
S205003B80132C
S205003B810D31
S205003B820736
S205003B83FD3F
S205003B841328
S205003B850733
S205003B860831
S205003B87FD3B
S205003B881324
S205003B8977BF
S205003B8AF73E
S205003B8B0F25
S205003B8CE350
S205003B8DFE34
S205003B8EE64B
S205003B8FFC34
S205003B906FC0
S205003B91F03E
S205003B925FCE
S205003B93EC40
S205003B940328
S205003B95AD7D
S205003B960B1E
S205003B970028
S205003B980324
S205003B9948DE
S205003B9A2401
S205003B9B0024
S205003B9C9390
S205003B9D0C16
S205003B9E24FD
S205003B9F0020
S205003BA0938C
S205003BA18B93
S205003BA24BD2
S205003BA3001C
S205003BA4E338
S205003BA558C2
S205003BA60D0C
S205003BA7EA2E
S205003BA833E4
S205003BA90D09
S205003BAAA075
S205003BAB41D3
S205003BAC9380
S205003BADE72B
S205003BAE070A
S205003BAF010F
S205003BB06FA0
S205003BB1F01E
S205003BB25FAE
S205003BB3EA22
S205003BB413F8
S205003BB58C7E
S205003BB60CFD
S205003BB70008
S205003BB813F4
S205003BB90600
S205003BBAA065
S205003BBB0004
S205003BBC8380
S205003BBDA55D
S205003BBE0BF6
S205003BBF0000
S205003BC0936C
S205003BC18B73
S205003BC24BB2
S205003BC300FC
S205003BC413E8
S205003BC58575
S205003BC604F5
S205003BC700F8
S205003BC813E4
S205003BC9876F
S205003BCA0DE8
S205003BCB00F4
S205003BCC9360
S205003BCD06EC
S205003BCE0DE4
S205003BCF00F0
S205003BD0EF00
S205003BD1F0FE
S205003BD25F8E
S205003BD3A844
S205003BD48368
S205003BD547A3
S205003BD61CCD
S205003BD700E8
S205003BD89354
S205003BD904E2
S205003BDA05E0
S205003BDB00E4
S205003BDC13D0
S205003BDD04DE
S205003BDE1CC5
S205003BDF00E0
S205003BE0E3FC
S205003BE19A44
S205003BE207D6
S205003BE3DC00
S205003BE46F6C
S205003BE5F0EA
S205003BE69F3A
S205003BE7DEFA
S205003BE89344
S205003BE90EC8
S205003BEA00D5
S205003BEB00D4
S205003BEC13C0
S205003BED973B
S205003BEE2EA3
S205003BEF00D0
S205003BF0339C
S205003BF107C7
S205003BF2D7F6
S205003BF301CB
S205003BF49338
S205003BF58644
S205003BF616B3
S205003BF700C8
S205003BF813B4
S205003BF917AF
S205003BFA17AE
S205003BFB00C4
S205003BFC3390
S205003BFD07BB
S205003BFE07BA
S205003BFF01BF
S205003C0003BB
S205003C01C8F5
S205003C0206B6
S205003C0300BB
S205003C049327
S205003C050EAB
S205003C0607B1
S205003C07FDBA
S205003C0813A3
S205003C0907AE
S205003C0A08AC
S205003C0BFDB6
S205003C0C139F
S205003C0D773A
S205003C0EF7B9
S205003C0F0FA0
S205003C10E3CB
S205003C117E2F
S205003C12E6C6
S205003C13FCAF
S205003C141397
S205003C15C7E2
S205003C16FEAA
S205003C17FFA8
S205003C181393
S205003C19574E
S205003C1AF7AD
S205003C1B4162
S205003C1CB3EF
S205003C1DFDA4
S205003C1EEEB2
S205003C1F009F
S205003C20930B
S205003C218C11
S205003C220696
S205003C23009B
S205003C246F2B
S205003C25F0A9
S205003C269FF9
S205003C27E3B4
S205003C288313
S205003C29ADE8
S205003C2A0B89
S205003C2B0093
S205003C2C038F
S205003C2DC8C9
S205003C2E2C64
S205003C2F008F
S205003C3093FB
S205003C318B02
S205003C324B41
S205003C33008B
S205003C341377
S205003C35C7C2
S205003C36FD8B
S205003C37FF88
S205003C381373
S205003C39572E
S205003C3AF78D
S205003C3B4142
S205003C3CB3CF
S205003C3DFD84
S205003C3EED93
S205003C3F007F
S205003C4093EB
S205003C418CF1
S205003C422C50
S205003C43007B
S205003C446F0B
S205003C45F089
S205003C469FD9
S205003C47E196
S205003C481363
S205003C49076E
S205003C4AC0B4
S205003C4B066D
S205003C4C93DF
S205003C4DE78A
S205003C4E2749
S205003C4F006F
S205003C50E38B
S205003C5184E9
S205003C52E587
S205003C53F675
S205003C541357
S205003C5587E2
S205003C564B1D
S205003C570067
S205003C5883E3
S205003C59A5C0
S205003C5A0B59
S205003C5B0063
S205003C5C134F
S205003C5D065B
S205003C5EA0C0
S205003C5F005F
S205003C6093CB
S205003C610B52
S205003C620755
S205003C63005B
S205003C646FEB
S205003C65F069
S205003C661F39
S205003C67F661
S205003C681343
S205003C698CC9
S205003C6A0C48
S205003C6B0053
S205003C6C133F
S205003C6D064B
S205003C6E80D0
S205003C6F004F
S205003C706FDF
S205003C71F05D
S205003C72DF6D
S205003C73F457
S205003C741337
S205003C758CBD
S205003C760C3C
S205003C770047
S205003C781333
S205003C79063F
S205003C7A0044
S205003C7B0142
S205003C7C6FD3
S205003C7DF051
S205003C7E1F21
S205003C7FF44B
S205003C80132B
S205003C818CB1
S205003C820C30
S205003C83003B
S205003C840337
S205003C85A495
S205003C860B2D
S205003C870037
S205003C8893A3
S205003C898BAA
S205003C8A4BE9
S205003C8B0033
S205003C8CE34F
S205003C8D042D
S205003C8E042C
S205003C8F2E01
S205003C90032B
S205003C9147E6
S205003C920428
S205003C93002B
S205003C94E347
S205003C950425
S205003C960721
S205003C9738EF
S205003C98E343
S205003C9982A3
S205003C9A0D17
S205003C9B38EB
S205003C9C130F
S205003C9D071A
S205003C9E041C
S205003C9F001F
S205003CA06FAF
S205003CA1001D
S205003CA2C05C
S205003CA3001B
S205003CA4B367
S205003CA50613
S205003CA6B761
S205003CA741D6
S205003CA863B3
S205003CA9888D
S205003CAA868E
S205003CAB0013
S205003CAC838F
S205003CAD46CB
S205003CAE17F9
S205003CAF000F
S205003CB013FB
S205003CB10706
S205003CB217F5
S205003CB3000B
S205003CB4E327
S205003CB59871
S205003CB60602
S205003CB7FE09
S205003CB89373
S205003CB9F70E
S205003CBA07FD
S205003CBB0102
S205003CBCB34F
S205003CBD0CF5
S205003CBE8779
S205003CBF40BF
S205003CC0639B
S205003CC18A73
S205003CC207F5
S205003CC30AF1
S205003CC46397
S205003CC552A7
S205003CC69068
S205003CC709EE
S205003CC89363
S205003CC9876E
S205003CCAFCF8
S205003CCBFFF4
S205003CCC13DF
S205003CCD07EA
S205003CCE6090
S205003CCF00EF
S205003CD0E30B
S205003CD17479
S205003CD2F7F5
S205003CD30AE1
S205003CD4B337
S205003CD5E702
S205003CD68464
S205003CD700E7
S205003CD89353
S205003CD9F7EE
S205003CDA37AD
S205003CDB00E3
S205003CDCE3FF
S205003CDD9E43
S205003CDE07D9
S205003CDF08D7
S205003CE0934B
S205003CE107D6
S205003CE214C8
S205003CE300DB
S205003CE433A7
S205003CE58752
S205003CE6F4E4
S205003CE74097
S205003CE813C3
S205003CE9379E
S205003CEA379D
S205003CEB00D3
S205003CECE3EF
S205003CED18B9
S205003CEE07C9
S205003CEF08C7
S205003CF0933B
S205003CF1F5D8
S205003CF2CC00
S205003CF3FFCC
S205003CF49337
S205003CF58742
S205003CF604C4
S205003CF700C7
S205003CF83393
S205003CF906BF
S205003CFAB410
S205003CFB00C3
S205003CFC03BF
S205003CFD279A
S205003CFE04BC
S205003CFF00BF
S205003D0013AA
S205003D0104B8
S205003D024477
S205003D0300BA
S205003D049326
S205003D058731
S205003D064770
S205003D0700B6
S205003D082392
S205003D09AE06
S205003D0AE7CC
S205003D0BFEB4
S205003D0CE3CE
S205003D0D1898
S205003D0E8629
S205003D0FFEB0
S205003D10337A
S205003D118725
S205003D12B4F7
S205003D1300AA
S205003D14B3F6
S205003D158622
S205003D169413
S205003D1701A5
S205003D186342
S205003D19861E
S205003D1A950E
S205003D1B039F
S205003D1C039E
S205003D1D455B
S205003D1E0699
S205003D1F009E
S205003D20930A
S205003D218715
S205003D221586
S205003D23009A
S205003D242376
S205003D250098
S205003D26A7F0
S205003D270096
S205003D286332
S205003D29DEB6
S205003D2A97FC
S205003D2B0191
S205003D2C830E
S205003D2D4749
S205003D2E1679
S205003D2F008E
S205003D3093FA
S205003D318507
S205003D322566
S205003D33008A
S205003D34A3E6
S205003D350088
S205003D36F790
S205003D370086
S205003D386322
S205003D39D6AE
S205003D3A95EE
S205003D3B0181
S205003D3C83FE
S205003D3D4739
S205003D3E2659
S205003D3F007E
S205003D40235A
S205003D41017B
S205003D42F784
S205003D43007A
S205003D4493E6
S205003D4584F4
S205003D460671
S205003D470076
S205003D481362
S205003D490470
S205003D4A1C57
S205003D4B0072
S205003D4CE38E
S205003D4DDA96
S205003D4EACC3
S205003D4F3D31
S205003D50B3BA
S205003D510C60
S205003D529DCE
S205003D534129
S205003D541356
S205003D5585E3
S205003D560463
S205003D570066
S205003D581352
S205003D5986DE
S205003D5A0C57
S205003D5B0062
S205003D5C93CE
S205003D5D055B
S205003D5E005F
S205003D5F025C
S205003D60EF6E
S205003D61E07C
S205003D629FBC
S205003D63DF7B
S205003D6483D6
S205003D654711
S205003D661C3B
S205003D670056
S205003D68B3A2
S205003D6984D0
S205003D6A94BF
S205003D6B0151
S205003D6CE36E
S205003D6D94BC
S205003D6E0748
S205003D6FC48A
S205003D706FDE
S205003D71F05C
S205003D72DF6C
S205003D73C585
S205003D74E366
S205003D75D474
S205003D76AC9B
S205003D773313
S205003D78B392
S205003D790D37
S205003D7A9DA6
S205003D7B4101
S205003D7C132E
S205003D7D85BB
S205003D7E043B
S205003D7F003E
S205003D80132A
S205003D8186B6
S205003D820D2E
S205003D83003A
S205003D8493A6
S205003D850533
S205003D860037
S205003D870234
S205003D88EF46
S205003D89E054
S205003D8A1F14
S205003D8BDD55
S205003D8C131E
S205003D8D8DA3
S205003D8EFC33
S205003D8FFF2F
S205003D90B37A
S205003D9184A8
S205003D92B477
S205003D930129
S205003D946FBA
S205003D95F038
S205003D961F08
S205003D97F333
S205003D981312
S205003D998C98
S205003D9A0C17
S205003D9B0022
S205003D9C938E
S205003D9D8B95
S205003D9E7BA4
S205003D9F001E
S205003DA0938A
S205003DA1FB21
S205003DA28B90
S205003DA3FF1B
S205003DA49386
S205003DA5F622
S205003DA60710
S205003DA70115
S205003DA80312
S205003DA9A86C
S205003DAA0B08
S205003DAB0012
S205003DAC030E
S205003DADA46C
S205003DAE4BC4
S205003DAF000E
S205003DB0937A
S205003DB18B81
S205003DB28B80
S205003DB3000A
S205003DB463A6
S205003DB58484
S205003DB60601
S205003DB77E88
S205003DB89372
S205003DB9F70D
S205003DBAE71C
S205003DBBFF03
S205003DBC936E
S205003DBDEC14
S205003DBE27D8
S205003DBF00FE
S205003DC0936A
S205003DC107F5
S205003DC200FB
S205003DC301F9
S205003DC423D6
S205003DC526D2
S205003DC6F106
S205003DC700F6
S205003DC89362
S205003DC907ED
S205003DCA00F3
S205003DCB02F0
S205003DCC23CE
S205003DCD2AC6
S205003DCEF1FE
S205003DCF00EE
S205003DD013DA
S205003DD105E7
S205003DD208E3
S205003DD300EA
S205003DD49356
S205003DD505E3
S205003DD604E3
S205003DD700E6
S205003DD813D2
S205003DD906DE
S205003DDA00E3
S205003DDB00E2
S205003DDC934E
S205003DDD06DA
S205003DDE00DF
S205003DDF00DE
S205003DE023BA
S205003DE128B4
S205003DE201DA
S205003DE301D9
S205003DE4EFEA
S205003DE5D008
S205003DE61FB8
S205003DE78551
S205003DE803D2
S205003DE928AC
S205003DEA01D2
S205003DEB01D1
S205003DECE3EE
S205003DED4A86
S205003DEE05CA
S205003DEF309E
S205003DF0933A
S205003DF1F7D5
S205003DF24C7F
S205003DF300CA
S205003DF4E3E6
S205003DF59038
S205003DF607C0
S205003DF720A6
S205003DF89332
S205003DF9F7CD
S205003DFA8C37
S205003DFB00C2
S205003DFC239E
S205003DFD2898
S205003DFE01BE
S205003DFF00BE
S205003E006359
S205003E018833
S205003E0207B3
S205003E0300B9
S205003E049325
S205003E0507B0
S205003E0600B6
S205003E0702B3
S205003E0813A1
S205003E090DA6
S205003E0AFDB5
S205003E0BFFB2
S205003E0C238D
S205003E0D2887
S205003E0EF1BD
S205003E0F00AD
S205003E109319
S205003E1107A4
S205003E12F0BA
S205003E13FFAA
S205003E146345
S205003E159413
S205003E16FDA9
S205003E1700A5
S205003E189311
S205003E190D96
S205003E1A6042
S205003E1B00A1
S205003E1C138D
S205003E1D059A
S205003E1E0896
S205003E1F009D
S205003E209309
S205003E210794
S205003E220199
S205003E230891
S205003E241385
S205003E250790
S205003E26C1D5
S205003E270293
S205003E289301
S205003E29058E
S205003E2A048E
S205003E2B0091
S205003E2C93FD
S205003E2D0689
S205003E2E810D
S205003E2F028B
S205003E301379
S205003E318605
S205003E320D7D
S205003E330089
S205003E34EF99
S205003E351077
S205003E364046
S205003E371D68
S205003E380381
S205003E39275C
S205003E3AC1C1
S205003E3B027F
S205003E3C136D
S205003E3D0877
S205003E3E0579
S205003E3F007D
S205003E4093E9
S205003E410774
S205003E420179
S205003E430376
S205003E446315
S205003E45086F
S205003E46076F
S205003E470075
S205003E4893E1
S205003E49076C
S205003E4AD0A2
S205003E4B026F
S205003E4C234D
S205003E4D0867
S205003E4EF17D
S205003E4F026B
S205003E5093D9
S205003E510764
S205003E521159
S205003E530366
S205003E540365
S205003E554720
S205003E56085E
S205003E570065
S205003E58E381
S205003E59045F
S205003E5A075B
S205003E5B342D
S205003E5C83DD
S205003E5D253A
S205003E5E81DD
S205003E5F025B
S205003E6093C9
S205003E610655
S205003E621842
S205003E630059
S205003E641345
S205003E650552
S205003E66E076
S205003E670253
S205003E68E371
S205003E695201
S205003E6AB0A2
S205003E6B3819
S205003E6C331D
S205003E6D86C9
S205003E6E0648
S205003E6F410C
S205003E701339
S205003E710645
S205003E72F654
S205003E73FF4A
S205003E7493B5
S205003E7586C1
S205003E761630
S205003E770045
S205003E78E361
S205003E7984BF
S205003E7AC57D
S205003E7B2C15
S205003E7C231D
S205003E7D80BF
S205003E7EE757
S205003E7F003D
S205003E800339
S205003E81C774
S205003E82F644
S205003E83FF3A
S205003E8493A5
S205003E8587B0
S205003E86171F
S205003E870035
S205003E88E351
S205003E891221
S205003E8A072B
S205003E8BFE33
S205003E8C230D
S205003E8D80AF
S205003E8E0727
S205003E8F002D
S205003E909399
S205003E91F734
S205003E920C1E
S205003E930227
S205003E94E345
S205003E958C9B
S205003E96071F
S205003E972401
S205003E9883A1
S205003E9947DC
S205003E9A0121
S205003E9B031E
S205003E9CE33D
S205003E9D809F
S205003E9E0D11
S205003E9F1A03
S205003EA0E339
S205003EA18C8F
S205003EA20713
S205003EA32CED
S205003EA41305
S205003EA50611
S205003EA60115
S205003EA70312
S205003EA89381
S205003EA9070C
S205003EAA060C
S205003EAB0011
S205003EAC937D
S205003EAD0609
S205003EAE010D
S205003EAF13FA
S205003EB06F9D
S205003EB1000B
S205003EB2808A
S205003EB30009
S205003EB4E325
S205003EB58087
S205003EB6D72F
S205003EB724E1
S205003EB80301
S205003EB9C73C
S205003EBA17EB
S205003EBB0001
S205003EBC936D
S205003EBD8778
S205003EBE17E7
S205003EBF00FD
S205003EC0E319
S205003EC11AE1
S205003EC207F3
S205003EC3FEFB
S205003EC433C5
S205003EC58473
S205003EC6C72F
S205003EC740B5
S205003EC833C1
S205003EC90DE6
S205003ECA8D65
S205003ECB40B1
S205003ECC836D
S205003ECD27C8
S205003ECEC12D
S205003ECF00ED
S205003ED06389
S205003ED1905B
S205003ED207E3
S205003ED302E7
S205003ED4E305
S205003ED55691
S205003ED6A046
S205003ED72BBA
S205003ED813D1
S205003ED906DD
S205003EDA0DD5
S205003EDB00E1
S205003EDC13CD
S205003EDD855A
S205003EDE04DA
S205003EDF00DD
S205003EE09349
S205003EE105D6
S205003EE200DA
S205003EE302D7
S205003EE4B325
S205003EE58453
S205003EE6A432
S205003EE701D4
S205003EE8EFE5
S205003EE9E0F3
S205003EEA1FB3
S205003EEBC70A
S205003EEC13BD
S205003EED0DC2
S205003EEEF0DE
S205003EEFFFCE
S205003EF08349
S205003EF127A4
S205003EF201C9
S205003EF301C8
S205003EF46365
S205003EF58641
S205003EF607BF
S205003EF700C5
S205003EF823A1
S205003EF98043
S205003EFAF4CE
S205003EFB00C1
S205003EFC932D
S205003EFD843B
S205003EFE14AA
S205003EFF00BD
S205003F009328
S205003F01FCBE
S205003F020CAD
S205003F0301B7
S205003F046354
S205003F059026
S205003F060CA9
S205003F0702B2
S205003F08E3D0
S205003F09585A
S205003F0AA011
S205003F0B2D83
S205003F0C832C
S205003F0D2589
S205003F0E416C
S205003F0F01AB
S205003F101398
S205003F1106A4
S205003F120D9C
S205003F1300A8
S205003F141394
S205003F158521
S205003F1604A1
S205003F1700A4
S205003F18EFB4
S205003F19E0C2
S205003F1A1F82
S205003F1BC4DC
S205003F1CB3EC
S205003F1D841A
S205003F1EA4F9
S205003F1F019B
S205003F201388
S205003F210D8D
S205003F22F0A9
S205003F23FF99
S205003F246334
S205003F255C3A
S205003F268015
S205003F270094
S205003F281380
S205003F29850D
S205003F2A048D
S205003F2B0090
S205003F2C137C
S205003F2D0688
S205003F2E0489
S205003F2F008C
S205003F3093F8
S205003F310585
S205003F320188
S205003F330385
S205003F34EF98
S205003F35E0A6
S205003F361F66
S205003F37D0B4
S205003F38B3D0
S205003F3984FE
S205003F3A84FD
S205003F3B0080
S205003F3C631C
S205003F3D5C22
S205003F3EA0DD
S205003F3F017B
S205003F401368
S205003F4185F5
S205003F420475
S205003F430078
S205003F441364
S205003F450670
S205003F460D68
S205003F470074
S205003F4893E0
S205003F49056D
S205003F4A0071
S205003F4B026E
S205003F4CEF80
S205003F4DE08E
S205003F4EDF8E
S205003F4FC0AC
S205003F50B3B8
S205003F5184E6
S205003F52A4C5
S205003F530167
S205003F5483E4
S205003F55471F
S205003F561C49
S205003F570064
S205003F581350
S205003F59045E
S205003F5A1C45
S205003F5B0060
S205003F5CE37C
S205003F5D9CC2
S205003F5E0756
S205003F5FA4B8
S205003F606FEC
S205003F61F06A
S205003F62DF7A
S205003F63A6B2
S205003F641344
S205003F658CCA
S205003F660C49
S205003F670054
S205003F6893C0
S205003F69F75B
S205003F6A074A
S205003F6B014F
S205003F6C93BC
S205003F6D8CC2
S205003F6E4B02
S205003F6F004C
S205003F701338
S205003F710446
S205003F721C2D
S205003F730048
S205003F74E364
S205003F7586C0
S205003F76073E
S205003F770044
S205003F780340
S205003F79A79B
S205003F7A0B36
S205003F7B0040
S205003F7C93AC
S205003F7D0737
S205003F7E102D
S205003F7F003C
S205003F801328
S205003F8185B5
S205003F821425
S205003F830038
S205003F842314
S205003F8580B6
S205003F86E451
S205003F870034
S205003F88E350
S205003F89D85A
S205003F8AA78A
S205003F8B1D13
S205003F8C131C
S205003F8D0628
S205003F8EFD30
S205003F8FFF2D
S205003F909398
S205003F910525
S205003F920029
S205003F930226
S205003F94EF38
S205003F95E046
S205003F965FC6
S205003F97BC68
S205003F9883A0
S205003F9947DB
S205003F9A1C05
S205003F9B0020
S205003F9CB36C
S205003F9D849A
S205003F9EA479
S205003F9F011B
S205003FA09388
S205003FA18B8F
S205003FA20C0D
S205003FA30018
S205003FA4E334
S205003FA5987E
S205003FA6070E
S205003FA7A074
S205003FA86FA4
S205003FA9F022
S205003FAA5FB2
S205003FABA26E
S205003FAC13FC
S205003FAD8C82
S205003FAE0C01
S205003FAF000C
S205003FB013F8
S205003FB10703
S205003FB2F019
S205003FB3FF09
S205003FB463A4
S205003FB516F0
S205003FB6ED18
S205003FB70004
S205003FB89370
S205003FB9E71B
S205003FBA17EA
S205003FBB0000
S205003FBC13EC
S205003FBD0DF1
S205003FBE807D
S205003FBF00FC
S205003FC08378
S205003FC1A555
S205003FC20BEE
S205003FC300F8
S205003FC413E4
S205003FC58571
S205003FC604F1
S205003FC700F4
S205003FC813E0
S205003FC9876B
S205003FCA0DE4
S205003FCB00F0
S205003FCC935C
S205003FCD06E8
S205003FCE0DE0
S205003FCF00EC
S205003FD013D8
S205003FD106E4
S205003FD200E9
S205003FD301E7
S205003FD4EFF8
S205003FD5F0F6
S205003FD60FD6
S205003FD7E8FC
S205003FD88360
S205003FD9479B
S205003FDA1CC5
S205003FDB00E0
S205003FDC934C
S205003FDD8B53
S205003FDE4B92
S205003FDF00DC
S205003FE09348
S205003FE104D6
S205003FE205D4
S205003FE300D8
S205003FE413C4
S205003FE504D2
S205003FE61CB9
S205003FE700D4
S205003FE8E3F0
S205003FE9963C
S205003FEA07CA
S205003FEB9C34
S205003FEC6F60
S205003FEDF0DE
S205003FEE1FAE
S205003FEF9E2E
S205003FF09338
S205003FF1E7E3
S205003FF207C2
S205003FF304C4
S205003FF413B4
S205003FF506C0
S205003FF600C5
S205003FF701C3
S205003FF86F54
S205003FF9F0D2
S205003FFA5F62
S205003FFBBC04
S205003FFC13AC
S205003FFD07B7
S205003FFEC0FD
S205003FFF06B6
S2050040006357
S2050040018831
S205004002E5D3
S2050040035E59
S2050040048333
S205004005A60F
S2050040060BA9
S20500400700B3
S205004008139F
S205004009872A
S20500400A4B65
S20500400B00AF
S20500400C238B
S20500400D2687
S20500400EE1CB
S20500400F00AB
S2050040108327
S205004011CDDC
S20500401206A2
S20500401300A7
S2050040146343
S2050040158A1B
S2050040160D97
S2050040175251
S205004018138F
S205004019079A
S20500401A3070
S20500401B0699
S20500401C633B
S20500401D5449
S20500401EB7E5
S20500401F6B30
S2050040209307
S2050040210594
S2050040224058
S2050040230691
S2050040241383
S2050040258510
S2050040260D87
S2050040270093
S205004028236F
S2050040292A67
S20500402AD1BF
S20500402B008F
S20500402C236B
S20500402D2865
S20500402EF19B
S20500402F008B
S205004030EF9B
S205004031E0A9
S2050040321F69
S2050040338DFA
S2050040341373
S2050040350481
S205004036057F
S2050040370083
S20500403893EF
S205004039057C
S20500403A4040
S20500403B0679
S20500403C136B
S20500403D85F8
S20500403E0D6F
S20500403F007B
S205004040EF8B
S205004041E099
S205004042DF99
S20500404383F4
S205004044373F
S205004045076E
S2050040461064
S2050040470073
S20500404893DF
S2050040490B66
S20500404A0769
S20500404B452A
S20500404C333B
S20500404D87E6
S20500404EABC1
S20500404F006B
S20500405093D7
S2050040510564
S205004052A0C8
S2050040530067
S2050040541353
S2050040550560
S2050040560460
S2050040570063
S20500405883DF
S2050040594C15
S20500405A0759
S20500405B005F
S20500405CEF6F
S20500405DE07D
S20500405E1F3D
S20500405F82D9
S2050040603327
S20500406187D2
S205004062ABAD
S2050040630057
S2050040640353
S205004065470E
S205004066074D
S2050040670053
S20500406893BF
S205004069054C
S20500406AA0B0
S20500406B004F
S20500406C133B
S20500406D0548
S20500406E0448
S20500406F004B
S2050040701337
S2050040711732
S20500407287C1
S2050040730047
S205004074B393
S205004075EC59
S205004076EC58
S2050040770043
S205004078231F
S2050040791031
S20500407A91AF
S20500407B0936
S20500407CEF4F
S20500407DE05D
S20500407E5FDD
S20500407F88B3
S20500408083B7
S2050040812712
S2050040820137
S2050040830136
S20500408483B3
S205004085260F
S20500408641F3
S2050040870132
S205004088939F
S2050040890D24
S20500408A052B
S20500408B002F
S20500408C131B
S20500408D0726
S20500408E40EC
S20500408F002B
S2050040909397
S2050040910C1D
S20500409230F8
S2050040930027
S2050040941313
S205004095061F
S2050040962004
S2050040970023
S205004098B36F
S2050040998D94
S20500409ABB65
S20500409B011E
S20500409C839B
S20500409DC558
S20500409E0D0F
S20500409F001B
S2050040A01307
S2050040A10613
S2050040A20612
S2050040A30B0C
S2050040A41303
S2050040A50510
S2050040A60113
S2050040A70211
S2050040A833DF
S2050040A9060B
S2050040AAA66A
S2050040AB000F
S2050040AC23EB
S2050040AD0805
S2050040AEB656
S2050040AFFA11
S2050040B013F7
S2050040B18683
S2050040B20CFC
S2050040B30BFC
S2050040B49373
S2050040B50500
S2050040B60103
S2050040B70201
S2050040B8B34F
S2050040B90DF4
S2050040BAB64A
S2050040BB00FF
S2050040BC13EB
S2050040BD06F7
S2050040BEE01C
S2050040BF02F9
S2050040C023D7
S2050040C18871
S2050040C2CD2B
S2050040C3FAFD
S2050040C403F3
S2050040C5C431
S2050040C616DE
S2050040C700F3
S2050040C8638F
S2050040C90AE7
S2050040CA04EC
S2050040CB3EB1
S2050040CC13DB
S2050040CD06E7
S2050040CE30BC
S2050040CF06E5
S2050040D06387
S2050040D15A8F
S2050040D28662
S2050040D3588F
S2050040D423C3
S2050040D52ABB
S2050040D6F1F3
S2050040D700E3
S2050040D8934F
S2050040D907DA
S2050040DA07D9
S2050040DB0BD4
S2050040DC13CB
S2050040DD07D6
S2050040DE01DB
S2050040DF02D9
S2050040E033A7
S2050040E18851
S2050040E2E7F1
S2050040E300D7
S2050040E49343
S2050040E505D0
S2050040E64094
S2050040E706CD
S2050040E813BF
S2050040E905CC
S2050040EA04CC
S2050040EB00CF
S2050040EC23AB
S2050040ED2CA1
S2050040EED1FB
S2050040EF00CB
S2050040F023A7
S2050040F128A1
S2050040F201C7
S2050040F301C6
S2050040F4EFD7
S2050040F5E0E5
S2050040F68F35
S2050040F7F8CB
S2050040F8378B
S2050040F907BA
S2050040FA10B0
S2050040FB00BF
S2050040FC932B
S2050040FD0BB2
S2050040FE07B5
S2050040FF4576
S2050041003386
S2050041018632
S205004102AB0C
S20500410300B6
S20500410403B2
S205004105288C
S20500410601B2
S20500410701B1
S20500410803AE
S205004109466A
S20500410A06A9
S20500410B00AE
S20500410C931A
S20500410D05A7
S20500410E406B
S20500410F06A4
S2050041101396
S20500411105A3
S20500411204A3
S20500411300A6
S2050041142382
S205004115089C
S205004116C8DB
S205004117FAA8
S205004118EFB2
S205004119E0C0
S20500411A8F10
S20500411BFEA0
S20500411C138A
S20500411D8715
S20500411E3C5F
S20500411F009A
S2050041209306
S2050041210593
S205004122A0F7
S2050041230096
S2050041241382
S2050041250490
S205004126058E
S2050041270092
S205004128236E
S2050041292868
S20500412AE1AE
S20500412B008E
S20500412CEF9E
S20500412DE0AC
S20500412E0F7C
S20500412FF595
S2050041303356
S2050041318602
S205004132ABDC
S2050041330086
S2050041340382
S205004135463E
S205004136067D
S2050041370082
S205004138136E
S205004139057B
S20500413A047B
S20500413B007E
S20500413C93EA
S20500413D0577
S20500413EA0DB
S20500413F007A
S2050041402356
S20500414189EF
S205004142CDAA
S205004143FA7C
S205004144EF86
S205004145E094
S205004146CFA4
S205004147FB77
S205004148036E
S2050041492749
S20500414A016E
S20500414B016D
S20500414C83EA
S20500414D2745
S20500414E412A
S20500414F0169
S20500415083E6
S2050041512642
S20500415281E6
S2050041530165
S2050041541352
S2050041550460
S205004156055E
S2050041570062
S205004158332E
S20500415984DC
S20500415A8BD4
S20500415B005E
S20500415C83DA
S20500415D4517
S20500415E0457
S20500415F005A
S2050041601346
S2050041610652
S2050041620750
S2050041630B4B
S2050041641342
S205004165054F
S2050041660152
S2050041670250
S205004168331E
S205004169064A
S20500416AA6A9
S20500416B004E
S20500416C93BA
S20500416D0C40
S20500416E1734
S20500416F004A
S2050041702326
S2050041710840
S205004172B691
S205004173FA4C
S2050041741332
S20500417587BD
S2050041760C37
S2050041770B37
S205004178132E
S205004179063A
S20500417A013E
S20500417B023C
S20500417C330A
S20500417D0834
S20500417EC774
S20500417F003A
S2050041801326
S2050041810731
S205004182E057
S2050041830234
S2050041842312
S205004185082C
S205004186E84B
S205004187FA38
S205004188032E
S205004189C46C
S20500418A2609
S20500418B002E
S20500418C939A
S20500418D8D9F
S20500418E1C0F
S20500418F002A
S20500419063C6
S2050041910226
S2050041920423
S20500419336F0
S2050041941312
S205004195061E
S20500419630F3
S205004197061C
S20500419863BE
S20500419956CA
S20500419A8699
S20500419B46D8
S20500419C130A
S20500419D0715
S20500419E011A
S20500419F0218
S2050041A023F6
S2050041A128F0
S2050041A2F126
S2050041A30016
S2050041A49382
S2050041A5050F
S2050041A640D3
S2050041A7060C
S2050041A8937E
S2050041A98789
S2050041AA0D02
S2050041AB0B03
S2050041AC13FA
S2050041AD0507
S2050041AE0407
S2050041AF000A
S2050041B0B356
S2050041B18D7B
S2050041B2E720
S2050041B30006
S2050041B423E2
S2050041B52ADA
S2050041B6D132
S2050041B70002
S2050041B823DE
S2050041B92CD4
S2050041BA01FE
S2050041BB01FD
S2050041BCEF0E
S2050041BDE01C
S2050041BE0FEC
S2050041BFEC0E
S2050041C037C2
S2050041C107F1
S2050041C210E7
S2050041C300F6
S2050041C49362
S2050041C50BE9
S2050041C607EC
S2050041C745AD
S2050041C833BE
S2050041C9866A
S2050041CAAB44
S2050041CB00EE
S2050041CC03EA
S2050041CD47A5
S2050041CE06E5
S2050041CF00EA
S2050041D09356
S2050041D105E3
S2050041D240A7
S2050041D306E0
S2050041D413D2
S2050041D505DF
S2050041D604DF
S2050041D700E2
S2050041D823BE
S2050041D98858
S2050041DAEDF2
S2050041DBFAE4
S2050041DCEFEE
S2050041DDE0FC
S2050041DE4F8C
S2050041DFF2E8
S2050041E09346
S2050041E105D3
S2050041E2A037
S2050041E300D6
S2050041E413C2
S2050041E504D0
S2050041E605CE
S2050041E700D2
S2050041E8EFE2
S2050041E9E0F0
S2050041EA4F80
S2050041EBE9E5
S2050041EC339A
S2050041ED8745
S2050041EEAB20
S2050041EF00CA
S2050041F003C6
S2050041F14781
S2050041F207C0
S2050041F300C6
S2050041F403C2
S2050041F5289C
S2050041F68142
S2050041F701C1
S2050041F813AE
S2050041F905BB
S2050041FA04BB
S2050041FB00BE
S2050041FC932A
S2050041FD05B7
S2050041FEA01B
S2050041FF00BA
S2050042002395
S20500420109AE
S205004202E8CE
S205004203FABB
S205004204EFC5
S205004205E0D3
S205004206CFE3
S205004207EFC2
S205004208832D
S2050042092788
S20500420A01AD
S20500420B01AC
S20500420C8329
S20500420D2685
S20500420E4169
S20500420F01A8
S2050042109315
S2050042118D1A
S2050042123C6A
S20500421300A5
S2050042141391
S205004215049F
S205004216059D
S20500421700A1
S205004218336D
S205004219841B
S20500421A8B13
S20500421B009D
S20500421C8319
S20500421D4556
S20500421E0496
S20500421F0099
S2050042201385
S2050042218710
S2050042220D89
S2050042230B8A
S2050042241381
S205004225068D
S2050042260191
S205004227028F
S205004228335D
S2050042290689
S20500422AC7C7
S20500422B008D
S20500422C93F9
S20500422D8CFF
S20500422E1D6D
S20500422F0089
S2050042302365
S205004231087F
S205004232B6D0
S205004233FA8B
S2050042341371
S20500423587FC
S2050042360C76
S2050042370B76
S205004238136D
S2050042390679
S20500423A017D
S20500423B027B
S20500423C3349
S20500423D0675
S20500423EC7B3
S20500423F0079
S2050042401365
S2050042410770
S205004242E096
S2050042430273
S2050042442351
S205004245086B
S205004246E68C
S205004247FA77
S20500424883ED
S205004249CDA2
S20500424A3638
S20500424B006D
S20500424C1359
S20500424D87E4
S20500424E1C4E
S20500424F0069
S2050042506305
S2050042518ED9
S2050042520D59
S2050042532C39
S20500425493D1
S205004255065D
S2050042563032
S205004257065B
S20500425863FD
S205004259D28D
S20500425AB6A8
S20500425B4D10
S20500425C2339
S20500425D2A31
S20500425EF169
S20500425F0059
S20500426093C5
S2050042610552
S2050042624016
S205004263064F
S20500426493C1
S205004265074C
S205004266074B
S2050042670B46
S205004268133D
S20500426985CA
S20500426A0D41
S20500426B004D
S20500426C1339
S20500426D0744
S20500426E0149
S20500426F0247
S2050042703315
S20500427184C3
S205004272E75F
S2050042730045
S2050042742321
S2050042752C17
S205004276C181
S2050042770041
S205004278EF51
S205004279E05F
S20500427A4FEF
S20500427BE05D
S20500427C3705
S20500427D0734
S20500427E102A
S20500427F0039
S20500428093A5
S2050042810B2C
S205004282072F
S20500428345F0
S2050042843301
S20500428587AC
S205004286AB87
S2050042870031
S205004288032D
S20500428947E8
S20500428A0727
S20500428B002D
S20500428C9399
S20500428D0526
S20500428E40EA
S20500428F0623
S2050042901315
S20500429185A2
S2050042920D19
S2050042930025
S2050042942301
S205004295081B
S205004296E43E
S205004297FA27
S205004298EF31
S205004299E03F
S20500429A8F8F
S20500429BE637
S20500429C1309
S20500429D8794
S20500429E3CDE
S20500429F0019
S2050042A09385
S2050042A10512
S2050042A2A076
S2050042A30015
S2050042A423F1
S2050042A528EB
S2050042A6E131
S2050042A70011
S2050042A813FD
S2050042A9040B
S2050042AA0509
S2050042AB000D
S2050042ACEF1D
S2050042ADE02B
S2050042AE0FFB
S2050042AFDD2C
S2050042B0B355
S2050042B18681
S2050042B2AB5B
S2050042B30005
S2050042B48381
S2050042B5C63D
S2050042B606FC
S2050042B70001
S2050042B803FD
S2050042B926D9
S2050042BA817D
S2050042BB01FC
S2050042BC9369
S2050042BD05F6
S2050042BEA05A
S2050042BF00F9
S2050042C013E5
S2050042C105F2
S2050042C204F2
S2050042C300F5
S2050042C423D1
S2050042C509EA
S2050042C6D61C
S2050042C7FAF7
S2050042C8EF01
S2050042C9E00F
S2050042CA8F5F
S2050042CBE30A
S2050042CC03E9
S2050042CD27C4
S2050042CE01E9
S2050042CF01E8
S2050042D08365
S2050042D127C0
S2050042D241A5
S2050042D301E4
S2050042D49351
S2050042D50DD6
S2050042D605DD
S2050042D700E1
S2050042D8B32D
S2050042D98D52
S2050042DABB23
S2050042DB01DC
S2050042DC03D9
S2050042DDC615
S2050042DE0DCD
S2050042DF00D9
S2050042E09345
S2050042E106D1
S2050042E207CF
S2050042E30BCA
S2050042E49341
S2050042E505CE
S2050042E601D1
S2050042E702CF
S2050042E8B31D
S2050042E98649
S2050042EAB618
S2050042EB00CD
S2050042EC13B9
S2050042ED04C7
S2050042EE17B3
S2050042EF00C9
S2050042F023A5
S2050042F1883F
S2050042F2C600
S2050042F3FACB
S2050042F49331
S2050042F5F7CC
S2050042F607BB
S2050042F701C0
S2050042F8635D
S2050042F9922D
S2050042FA07B7
S2050042FB02BB
S2050042FC6359
S2050042FD5A61
S2050042FEA416
S2050042FF6752
S2050043003384
S2050043010DA9
S2050043028D28
S2050043034074
S20500430413A0
S20500430506AC
S2050043060DA4
S20500430700B0
S205004308139C
S2050043098529
S20500430A04A9
S20500430B00AC
S20500430C9318
S20500430D05A5
S20500430E00A9
S20500430F02A6
S205004310B3F4
S2050043118422
S205004312A401
S20500431301A3
S205004314EFB4
S205004315E0C2
S2050043165F42
S205004317841C
S205004318138C
S2050043190D91
S20500431AF4A9
S20500431BFF9D
S20500431C1388
S20500431D0694
S20500431E0495
S20500431F0098
S2050043209304
S2050043210591
S2050043220194
S205004323088C
S2050043241380
S205004325850D
S205004326048D
S2050043270090
S205004328EFA0
S205004329E0AE
S20500432ADFAE
S20500432B90FC
S20500432C3358
S20500432D8505
S20500432E8405
S20500432F0088
S2050043306324
S2050043315432
S205004332A4E1
S2050043335F25
S2050043343350
S205004335067C
S2050043368DF4
S2050043374040
S20500433893EC
S2050043390579
S20500433A007D
S20500433B027A
S20500433CEF8C
S20500433DE09A
S20500433EDF9A
S20500433F81F7
S205004340B3C4
S20500434184F2
S205004342A4D1
S2050043430173
S20500434483F0
S205004345472B
S2050043461C55
S2050043470070
S20500434883EC
S2050043492B43
S20500434AC1AC
S20500434B006C
S20500434C1358
S20500434D0466
S20500434E1C4D
S20500434F0068
S2050043506304
S20500435192D4
S205004352075E
S205004353E67E
S2050043546FF4
S205004355F072
S2050043568FD2
S205004357E779
S205004358134C
S2050043590757
S20500435AC09D
S20500435B0656
S20500435C93C8
S20500435DE773
S20500435E0752
S20500435F0454
S205004360E374
S20500436192C4
S205004362E570
S205004363CA8A
S205004364371C
S205004365074B
S2050043661041
S2050043670050
S205004368034C
S205004369A6A8
S20500436A0B42
S20500436B004C
S20500436C1338
S20500436D0743
S20500436E87C2
S20500436F4701
S20500437093B4
S2050043718BBB
S2050043724BFA
S2050043730044
S20500437483C0
S20500437546FC
S205004376063B
S2050043770040
S20500437893AC
S2050043790539
S20500437AA09D
S20500437B0339
S20500437C2318
S20500437D0139
S20500437EB188
S20500437F0830
S2050043801324
S205004381F541
S205004382F63F
S2050043830034
S2050043843300
S205004385052D
S205004386A78A
S2050043870030
S205004388939C
S205004389D658
S20500438A46E7
S20500438B002C
S20500438C0328
S20500438D45E5
S20500438E0524
S20500438F0028
S205004390B374
S2050043910620
S205004392D74E
S2050043930024
S20500439483A0
S205004395C65C
S205004396061B
S2050043970020
S205004398130C
S2050043991509
S20500439A8598
S20500439B001C
S20500439C9388
S20500439DF723
S20500439E0712
S20500439F0117
S2050043A0B364
S2050043A1E630
S2050043A2A66F
S2050043A30014
S2050043A423F0
S2050043A51002
S2050043A6D140
S2050043A70808
S2050043A8838C
S2050043A946C8
S2050043AA16F7
S2050043AB000C
S2050043ACA368
S2050043AD0208
S2050043AEB158
S2050043AF0800
S2050043B013F4
S2050043B1D531
S2050043B246BF
S2050043B30004
S2050043B49370
S2050043B5F60C
S2050043B6F60B
S2050043B70000
S2050043B833CC
S2050043B905F9
S2050043BAA756
S2050043BB00FC
S2050043BCB348
S2050043BD06F4
S2050043BED722
S2050043BF00F8
S2050043C003F4
S2050043C145B1
S2050043C205F0
S2050043C300F4
S2050043C48370
S2050043C5C62C
S2050043C606EB
S2050043C700F0
S2050043C8A34C
S2050043C901ED
S2050043CAA14C
S2050043CB08E4
S2050043CC23C8
S2050043CD02E8
S2050043CED118
S2050043CF08E0
S2050043D08364
S2050043D146A0
S2050043D226BF
S2050043D300E4
S2050043D423C0
S2050043D504DE
S2050043D6B130
S2050043D708D8
S2050043D813CC
S2050043D9D509
S2050043DA4697
S2050043DB00DC
S2050043DC9348
S2050043DDF6E4
S2050043DEF6E3
S2050043DF00D8
S2050043E033A4
S2050043E105D1
S2050043E2A72E
S2050043E300D4
S2050043E4B320
S2050043E506CC
S2050043E6D7FA
S2050043E700D0
S2050043E803CC
S2050043E94589
S2050043EA05C8
S2050043EB00CC
S2050043EC8348
S2050043EDC604
S2050043EE06C3
S2050043EF00C8
S2050043F023A4
S2050043F103C3
S2050043F2A124
S2050043F308BC
S2050043F4A320
S2050043F503BF
S2050043F6D1F0
S2050043F708B8
S2050043F8833C
S2050043F94678
S2050043FA3687
S2050043FB00BC
S2050043FCA318
S2050043FD05B5
S2050043FEB108
S2050043FF08B0
S20500440013A3
S205004401D5E0
S205004402466E
S20500440300B3
S205004404931F
S205004405F6BB
S205004406F6BA
S20500440700AF
S205004408337B
S20500440905A8
S20500440AA705
S20500440B00AB
S20500440CB3F7
S20500440D06A3
S20500440ED7D1
S20500440F00A7
S2050044108323
S205004411C6DF
S205004412069E
S20500441300A3
S205004414039F
S205004415455C
S205004416059B
S205004417009F
S205004418237B
S2050044190598
S20500441AD1CB
S20500441B0893
S20500441CA3F7
S20500441D0495
S20500441EA1F7
S20500441F088F
S2050044208313
S205004421464F
S205004422464E
S2050044230093
S205004424236F
S205004425078A
S205004426B1DF
S2050044270887
S20500442893FB
S205004429D5B8
S20500442A4646
S20500442B008B
S20500442C93F7
S20500442DF693
S20500442EF692
S20500442F0087
S205004430B3D3
S2050044310580
S205004432B7CD
S2050044330083
S205004434B3CF
S205004435067B
S205004436D7A9
S205004437007F
S20500443883FB
S205004439C6B7
S20500443A0676
S20500443B007B
S20500443C83F7
S20500443DC5B4
S20500443E0573
S20500443F0077
S205004440A3D3
S205004441066F
S205004442D1A3
S205004443086B
S205004444234F
S205004445066B
S205004446B1BF
S2050044470867
S20500444883EB
S2050044494627
S20500444A5616
S20500444B006B
S20500444C1357
S20500444DD693
S20500444E4622
S20500444F0067
S2050044503333
S205004451065F
S205004452C79D
S2050044530063
S205004454035F
S205004455461B
S205004456065A
S205004457005F
S20500445893CB
S205004459F667
S20500445AF666
S20500445B005B
S20500445C3327
S20500445D0752
S20500445ED781
S20500445F0057
S205004460A3B3
S205004461074E
S205004462C193
S205004463084B
S205004464034F
S205004465470A
S2050044660749
S205004467004F
S205004468232B
S2050044690845
S20500446AE16B
S20500446B0843
S20500446C63E7
S20500446D9AAF
S20500446E0741
S20500446F1433
S20500447093B3
S205004471073E
S2050044721034
S2050044730142
S20500447463DF
S205004475D46D
S205004476A799
S205004477152A
S205004478132B
S2050044790439
S20500447AFD3F
S20500447BFE3D
S20500447C1327
S20500447D0633
S20500447E0434
S20500447F0037
S20500448093A3
S2050044810530
S2050044820034
S2050044830231
S205004484131F
S20500448585AC
S205004486042C
S205004487002F
S205004488EF3F
S205004489E04D
S20500448A0F1D
S20500448BED3E
S20500448C33F7
S20500448D85A4
S20500448E84A4
S20500448F0027
S2050044901313
S205004491061F
S2050044921014
S2050044930122
S205004494938F
S205004495051C
S205004496011F
S2050044970817
S205004498EF2F
S205004499E03D
S20500449ACF4D
S20500449BF922
S20500449CB367
S20500449D8495
S20500449EA474
S20500449F0116
S2050044A08393
S2050044A1C74E
S2050044A22CE8
S2050044A30013
S2050044A413FF
S2050044A5848D
S2050044A62CE4
S2050044A7000F
S2050044A863AB
S2050044A99677
S2050044AA0705
S2050044ABD03B
S2050044AC6F9B
S2050044ADF019
S2050044AE0FF9
S2050044AFD235
S2050044B09373
S2050044B1E71E
S2050044B207FD
S2050044B304FF
S2050044B413EF
S2050044B58C75
S2050044B60CF4
S2050044B700FF
S2050044B86F8F
S2050044B9F00D
S2050044BADF1D
S2050044BBB447
S2050044BC13E7
S2050044BD06F3
S2050044BE01F7
S2050044BF02F5
S2050044C013E3
S2050044C107EE
S2050044C207ED
S2050044C30BE8
S2050044C433BF
S2050044C507EA
S2050044C6C729
S2050044C700EF
S2050044C8935B
S2050044C98C61
S2050044CA2CC0
S2050044CB00EB
S2050044CC13D7
S2050044CD06E3
S2050044CE00E8
S2050044CF03E4
S2050044D023C3
S2050044D108DD
S2050044D2C71D
S2050044D3FAE9
S2050044D413CF
S2050044D5875A
S2050044D60CD4
S2050044D70BD4
S2050044D813CB
S2050044D906D7
S2050044DA01DB
S2050044DB02D9
S2050044DC33A7
S2050044DD08D1
S2050044DEC711
S2050044DF00D7
S2050044E013C3
S2050044E107CE
S2050044E2E0F4
S2050044E302D1
S2050044E423AF
S2050044E508C9
S2050044E6E8E8
S2050044E7FAD5
S2050044E803CB
S2050044E9C409
S2050044EA26A6
S2050044EB00CB
S2050044EC9337
S2050044ED8D3C
S2050044EE1CAC
S2050044EF00C7
S2050044F0E3E3
S2050044F112B3
S2050044F204C0
S2050044F3CAF9
S2050044F413AF
S2050044F5873A
S2050044F60DB3
S2050044F70BB4
S2050044F813AB
S2050044F906B7
S2050044FA01BB
S2050044FB02B9
S2050044FC3387
S2050044FD07B2
S2050044FEC7F1
S2050044FF00B7
S2050045009322
S2050045018C28
S2050045022C87
S20500450300B2
S205004504139E
S20500450506AA
S20500450600AF
S20500450703AB
S205004508238A
S20500450908A4
S20500450AC7E4
S20500450BFAB0
S20500450C1396
S20500450D8721
S20500450E0C9B
S20500450F0B9B
S2050045101392
S205004511069E
S20500451201A2
S20500451302A0
S205004514336E
S205004515069A
S205004516C7D8
S205004517009E
S205004518138A
S2050045190795
S20500451AE0BB
S20500451B0298
S20500451C2376
S20500451D0890
S20500451EE6B1
S20500451FFA9C
S2050045208312
S205004521CDC7
S205004522365D
S2050045230092
S205004524137E
S2050045258709
S2050045261C73
S205004527008E
S205004528E3AA
S20500452996F6
S20500452A0D7E
S20500452BD2B8
S20500452C93F6
S20500452D0682
S20500452E0186
S20500452F0284
S2050045301372
S205004531077D
S205004532077C
S2050045330B77
S205004534334E
S2050045350779
S205004536D7A8
S205004537007E
S20500453893EA
S2050045390676
S20500453A007B
S20500453B0377
S20500453C1366
S20500453D84F4
S20500453E2C4B
S20500453F0076
S2050045402352
S205004541086C
S205004542D79C
S205004543FA78
S2050045446F02
S205004545F080
S2050045461F50
S205004547DB93
S205004548135A
S2050045490765
S20500454A006B
S20500454B0367
S20500454C2346
S20500454D0068
S20500454EE186
S20500454F085E
S20500455093D2
S2050045510C58
S2050045521053
S2050045530062
S205004554134E
S2050045550759
S205004556203F
S205004557005E
S2050045586FEE
S205004559F06C
S20500455A9FBC
S20500455BB5A5
S20500455C93C6
S20500455D0454
S20500455E0552
S20500455F0056
S2050045602332
S20500456180D4
S205004562044F
S2050045630052
S20500456483CE
S2050045652030
S205004566C18E
S205004567103E
S20500456883CA
S2050045692428
S20500456A410A
S20500456B103A
S20500456C1336
S20500456D0543
S20500456E0047
S20500456F0046
S2050045701332
S2050045710143
S2050045720142
S2050045731131
S20500457467DA
S20500457580C0
S205004576003F
S205004577003E
S20500457893AA
S2050045790735
S20500457A1427
S20500457B003A
S20500457CB386
S20500457D86B2
S20500457E94A3
S20500457F0135
S2050045806FC6
S2050045810034
S20500458280B3
S2050045830032
S205004584939E
S20500458587A9
S2050045861718
S205004587002E
S205004588032A
S205004589C765
S20500458AF734
S20500458BFF2B
S20500458C9396
S20500458D84A4
S20500458E1413
S20500458F0026
S205004590A382
S2050045918F95
S205004592E43F
S205004593FE24
S205004594E33E
S2050045959888
S205004596D44B
S205004597FE20
S2050045986FAE
S205004599F02C
S20500459ACF4C
S20500459BFA20
S20500459C9386
S20500459DF622
S20500459E1700
S20500459F0016
S2050045A09382
S2050045A1EC28
S2050045A227EC
S2050045A30012
S2050045A4937E
S2050045A5F719
S2050045A617F8
S2050045A7010D
S2050045A823EA
S2050045A926E6
S2050045AAF11A
S2050045AB000A
S2050045AC63A6
S2050045AD8286
S2050045AE0601
S2050045AF38CE
S2050045B09372
S2050045B107FD
S2050045B20003
S2050045B303FF
S2050045B423DE
S2050045B52AD6
S2050045B6F10E
S2050045B700FE
S2050045B86F8E
S2050045B9F00C
S2050045BA9F5C
S2050045BB8179
S2050045BC13E6
S2050045BD0DEB
S2050045BEFDFA
S2050045BFFFF7
S2050045C013E2
S2050045C106EE
S2050045C210E3
S2050045C301F1
S2050045C4935E
S2050045C505EB
S2050045C601EE
S2050045C708E6
S2050045C813DA
S2050045C98567
S2050045CA04E7
S2050045CB00EA
S2050045CCEFFA
S2050045CDE008
S2050045CE8F58
S2050045CFE600
S2050045D013D2
S2050045D104E0
S2050045D210D3
S2050045D301E1
S2050045D413CE
S2050045D5855B
S2050045D614CB
S2050045D701DD
S2050045D8637A
S2050045D95686
S2050045DAA437
S2050045DB4793
S2050045DC13C6
S2050045DD06D2
S2050045DEFDDA
S2050045DFFED8
S2050045E09342
S2050045E105CF
S2050045E200D3
S2050045E302D0
S2050045E4EFE2
S2050045E5E0F0
S2050045E64F80
S2050045E7D7F7
S2050045E8B31A
S2050045E98448
S2050045EAA427
S2050045EB01C9
S2050045EC6F5A
S2050045EDF0D8
S2050045EE5F68
S2050045EFEBDB
S2050045F0378E
S2050045F107BD
S2050045F210B3
S2050045F300C2
S2050045F403BE
S2050045F5A61A
S2050045F60BB4
S2050045F700BE
S2050045F813AA
S2050045F907B5
S2050045FA07B4
S2050045FB4575
S2050045FC9326
S2050045FD8B2D
S2050045FE4B6C
S2050045FF00B6
S2050046006F45
S205004601F0C3
S2050046025F53
S205004603D7DA
S205004604139D
S20500460507A8
S205004606901E
S20500460700AD
S2050046086349
S205004609505B
S20500460A8723
S20500460B1E8B
S20500460C1395
S20500460D07A0
S20500460E01A5
S20500460F02A3
S2050046102381
S205004611287B
S205004612F1B1
S20500461300A1
S205004614930D
S205004615059A
S205004616A0FE
S205004617009D
S2050046189309
S2050046198714
S20500461A0D8D
S20500461B0B8E
S20500461C1385
S20500461D0592
S20500461E0492
S20500461F0095
S205004620B3E1
S2050046218D06
S205004622E7AB
S2050046230091
S205004624236D
S2050046252A65
S205004626D1BD
S205004627008D
S205004628EF9D
S205004629E0AB
S20500462A4F3B
S20500462BA5E4
S20500462C3751
S20500462D0780
S20500462E1076
S20500462F0085
S20500463093F1
S2050046310B78
S205004632077B
S205004633453C
S205004634334D
S20500463586F9
S205004636ABD3
S205004637007D
S2050046380379
S2050046394734
S20500463A0674
S20500463B0079
S20500463C1365
S20500463D0572
S20500463E0472
S20500463F0075
S20500464093E1
S205004641056E
S205004642A0D2
S2050046430071
S205004644234D
S20500464588E7
S205004646ED81
S205004647FA73
S205004648EF7D
S205004649E08B
S20500464A8FDB
S20500464BABBE
S20500464C93D5
S20500464D8CDB
S20500464E2C3A
S20500464F0065
S20500465083E1
S205004651273C
S2050046520161
S2050046530160
S20500465483DD
S2050046552639
S205004656411D
S205004657015C
S2050046581349
S2050046590457
S20500465A0555
S20500465B0059
S20500465C93C5
S20500465D8DCA
S20500465E0C4A
S20500465F0055
S2050046606FE5
S205004661F063
S2050046629FB3
S205004663BB96
S205004664133D
S2050046650649
S20500466690BE
S205004667004D
S20500466863E9
S2050046695AF1
S20500466A86C4
S20500466B1633
S20500466C2325
S20500466D281F
S20500466EF155
S20500466F0045
S20500467093B1
S205004671053E
S205004672A0A2
S2050046730041
S20500467493AD
S2050046750738
S2050046760737
S2050046770B32
S2050046781329
S2050046790536
S20500467A0436
S20500467B0039
S20500467C1325
S20500467D0730
S20500467E0135
S20500467F0233
S205004680B381
S2050046818DA6
S205004682E74B
S2050046830031
S205004684230D
S2050046852A05
S205004686D15D
S205004687002D
S205004688EF3D
S205004689E04B
S20500468A4FDB
S20500468B9F8A
S20500468C37F1
S20500468D0720
S20500468E1016
S20500468F0025
S2050046909391
S2050046910B18
S205004692071B
S20500469345DC
S20500469433ED
S2050046958699
S205004696AB73
S205004697001D
S2050046980319
S20500469947D4
S20500469A0614
S20500469B0019
S20500469C1305
S20500469D0512
S20500469E0412
S20500469F0015
S2050046A09381
S2050046A1050E
S2050046A2A072
S2050046A30011
S2050046A423ED
S2050046A58887
S2050046A6ED21
S2050046A7FA13
S2050046A8EF1D
S2050046A9E02B
S2050046AA8F7B
S2050046ABA564
S2050046AC9375
S2050046AD8C7B
S2050046AE2CDA
S2050046AF0005
S2050046B08381
S2050046B127DC
S2050046B20101
S2050046B30100
S2050046B4837D
S2050046B526D9
S2050046B641BD
S2050046B701FC
S2050046B813E9
S2050046B904F7
S2050046BA05F5
S2050046BB00F9
S2050046BC13E5
S2050046BD8770
S2050046BE0CEA
S2050046BF00F5
S2050046C06F85
S2050046C1F003
S2050046C29F53
S2050046C3A948
S2050046C413DD
S2050046C507E8
S2050046C6905E
S2050046C700ED
S2050046C86389
S2050046C95E8D
S2050046CAB733
S2050046CB0FDA
S2050046CC9355
S2050046CD05E2
S2050046CEA046
S2050046CF00E5
S2050046D013D1
S2050046D1855E
S2050046D20DD5
S2050046D300E1
S2050046D423BD
S2050046D52AB5
S2050046D6D10D
S2050046D700DD
S2050046D823B9
S2050046D928B3
S2050046DAF1E9
S2050046DB00D9
S2050046DCEFE9
S2050046DDE0F7
S2050046DE0FC7
S2050046DF9A3B
S2050046E0379D
S2050046E107CC
S2050046E210C2
S2050046E300D1
S2050046E4933D
S2050046E50BC4
S2050046E607C7
S2050046E74588
S2050046E83399
S2050046E98744
S2050046EAAB1F
S2050046EB00C9
S2050046EC03C5
S2050046ED4780
S2050046EE07BF
S2050046EF00C5
S2050046F013B1
S2050046F1853E
S2050046F20DB5
S2050046F300C1
S2050046F4932D
S2050046F505BA
S2050046F6A01E
S2050046F700BD
S2050046F82399
S2050046F900BB
S2050046FAE1D9
S2050046FB08B1
S2050046FCEFC9
S2050046FDE0D7
S2050046FE4F67
S2050046FFA015
S2050047008330
S205004701278B
S20500470201B0
S20500470301AF
S205004704832C
S2050047052688
S205004706416C
S20500470701AB
S2050047089318
S2050047090D9D
S20500470A05A4
S20500470B00A8
S20500470C1394
S20500470D079F
S20500470E3075
S20500470F00A4
S2050047109310
S2050047110C96
S2050047122081
S20500471300A0
S205004714138C
S2050047150698
S205004716108D
S205004717009C
S2050047186F2C
S205004719F0AA
S20500471A1F7A
S20500471B9800
S20500471C9304
S20500471D0690
S20500471E9005
S20500471F0094
S2050047206330
S205004721DCB6
S205004722B6DB
S2050047230987
S205004724236C
S2050047252866
S205004726F19C
S205004727008C
S20500472893F8
S2050047290585
S20500472AA0E9
S20500472B0088
S20500472C93F4
S20500472D077F
S20500472E077E
S20500472F0B79
S2050047301370
S20500473185FD
S2050047320D74
S2050047330080
S205004734136C
S2050047350777
S205004736017C
S205004737027A
S2050047381368
S20500473984F6
S20500473A2C4D
S20500473B0078
S20500473CB3C4
S20500473D8CEA
S20500473EE78E
S20500473F0074
S205004740EF84
S205004741E092
S205004742CFA2
S20500474393DD
S2050047443738
S2050047450767
S205004746105D
S205004747006C
S20500474893D8
S2050047490B5F
S20500474A0762
S20500474B4523
S20500474CB3B4
S20500474D86E0
S20500474EABBA
S20500474F0064
S2050047500360
S205004751C79B
S205004752065B
S2050047530060
S205004754134C
S20500475585D9
S2050047560D50
S205004757005C
S20500475893C8
S2050047590555
S20500475AA0B9
S20500475B0058
S20500475C2334
S20500475D88CE
S20500475EEC69
S20500475FFA5A
S205004760EF64
S205004761E072
S2050047620F42
S2050047639AB6
S20500476483CC
S2050047652727
S205004766014C
S205004767014B
S20500476893B8
S2050047690D3D
S20500476A0544
S20500476B0048
S20500476C1334
S20500476D073F
S20500476E0441
S20500476F0044
S2050047706FD4
S205004771F052
S2050047729FA2
S205004773B68A
S2050047743708
S205004775043A
S205004776102D
S205004777003C
S2050047781328
S2050047790436
S20500477A0435
S20500477B4AEE
S20500477C6FC8
S20500477DF046
S20500477ECF66
S20500477FD163
S20500478093A0
S205004781072B
S2050047821021
S2050047830030
S20500478463CC
S205004785DE50
S205004786A786
S2050047870F1D
S2050047881318
S2050047890D1D
S20500478AFD2C
S20500478BFF29
S20500478C1314
S20500478D0620
S20500478E0D18
S20500478F0024
S2050047901310
S205004791859D
S205004792041D
S2050047930020
S205004794938C
S2050047950519
S205004796001D
S205004797021A
S205004798B368
S2050047998496
S20500479AA475
S20500479B0117
S20500479CEF28
S20500479DE036
S20500479ECF46
S20500479FBB59
S2050047A01300
S2050047A10D05
S2050047A20011
S2050047A30010
S2050047A46FA0
S2050047A5F01E
S2050047A64FBE
S2050047A7FD0F
S2050047A89378
S2050047A9E723
S2050047AA27E2
S2050047AB0008
S2050047AC13F4
S2050047AD877F
S2050047AE4BBA
S2050047AF0004
S2050047B013F0
S2050047B18C76
S2050047B20CF5
S2050047B30000
S2050047B46F90
S2050047B5F00E
S2050047B64FAE
S2050047B7CA32
S2050047B8B744
S2050047B906F4
S2050047BA10E9
S2050047BB00F8
S2050047BC9364
S2050047BD8B6B
S2050047BE06EF
S2050047BF45AF
S2050047C06F84
S2050047C1F002
S2050047C29F52
S2050047C3B13F
S2050047C4B738
S2050047C505E9
S2050047C610DD
S2050047C700EC
S2050047C813D8
S2050047C907E3
S2050047CA20C9
S2050047CB00E8
S2050047CC9354
S2050047CD0CDA
S2050047CE10D5
S2050047CF00E4
S2050047D013D0
S2050047D106DC
S2050047D200E1
S2050047D300E0
S2050047D4934C
S2050047D58B53
S2050047D605D8
S2050047D74597
S2050047D86F6C
S2050047D9F0EA
S2050047DA1FBA
S2050047DB8C4C
S2050047DC37A0
S2050047DD06D0
S2050047DE10C5
S2050047DF00D4
S2050047E09340
S2050047E10BC7
S2050047E206CB
S2050047E3458B
S2050047E46F60
S2050047E5F0DE
S2050047E65F6E
S2050047E79735
S2050047E83794
S2050047E907C3
S2050047EA10B9
S2050047EB00C8
S2050047EC9334
S2050047ED0BBB
S2050047EE07BE
S2050047EF457F
S2050047F06F54
S2050047F1F0D2
S2050047F29F22
S2050047F3A21E
S2050047F4932C
S2050047F507B7
S2050047F6B00D
S2050047F702BA
S2050047F813A8
S2050047F90DAD
S2050047FAFDBC
S2050047FBFFB9
S2050047FC2394
S2050047FD288E
S2050047FEF1C4
S2050047FF00B4
S2050048006F43
S205004801F0C1
S2050048020FA1
S205004803E1CE
S205004804139B
S2050048058C21
S2050048060CA0
S20500480700AB
S2050048086F3B
S205004809F0B9
S20500480ACFD9
S20500480BFFA8
S20500480C9313
S20500480DE7BE
S20500480E079D
S20500480F049F
S205004810138F
S2050048118C15
S2050048120C94
S205004813009F
S205004814138B
S2050048150697
S205004816009C
S205004817019A
S2050048186F2B
S205004819F0A9
S20500481A4F49
S20500481BBADD
S20500481C9303
S20500481DFC99
S20500481E078D
S20500481F0192
S205004820632F
S2050048218A07
S2050048220C84
S205004823D4BB
S20500482493FB
S2050048250C81
S205004826008C
S205004827008B
S2050048286F1B
S205004829F099
S20500482A0F79
S20500482BD2B5
S20500482CA3E3
S20500482D8005
S20500482E077D
S20500482F0083
S20500483093EF
S205004831F78A
S2050048320C74
S205004833027D
S205004834631B
S2050048358CF1
S2050048360775
S2050048370A71
S20500483883F7
S2050048394732
S20500483A0177
S20500483B0374
S20500483C6313
S20500483D88ED
S20500483E076D
S20500483F2053
S205004840135F
S205004841066B
S205004842016F
S205004843036C
S205004844135B
S2050048450865
S2050048460666
S205004847006B
S2050048481357
S2050048490762
S20500484AE088
S20500484B0265
S20500484C93D3
S20500484D0560
S20500484E5014
S20500484F065D
S20500485093CF
S205004851065B
S2050048525010
S205004853045B
S20500485463FB
S2050048558AD3
S205004856E775
S205004857E477
S20500485863F7
S20500485986D3
S20500485AB7A1
S20500485B0453
S20500485C63F3
S20500485D84D1
S20500485ED77D
S20500485F044F
S20500486083CF
S205004861470A
S2050048621838
S205004863004F
S205004864133B
S2050048650845
S2050048661834
S205004867004B
S205004868E367
S20500486996B3
S20500486A0741
S20500486BFE49
S20500486C93B3
S20500486D073E
S20500486EE064
S20500486F0241
S205004870231F
S2050048710041
S205004872F848
S205004873003F
S20500487483BB
S20500487547F6
S205004876013B
S2050048770338
S205004878A397
S2050048790039
S20500487A0830
S20500487B0037
S20500487C6FC7
S20500487DF045
S20500487E4FE5
S20500487FE251
S20500488083AF
S205004881A78A
S2050048820B25
S205004883002F
S205004884939B
S20500488584A9
S2050048861418
S205004887002B
S2050048889397
S2050048898B9E
S20500488A0C1C
S20500488B0027
S20500488CA383
S20500488D8F96
S20500488EF430
S20500488FFE25
S205004890839F
S20500489147DA
S2050048921C04
S205004893001F
S20500489463BB
S205004895908D
S2050048960715
S2050048979289
S2050048986FAB
S205004899F029
S20500489A4FC9
S20500489B9384
S20500489C1303
S20500489D0D08
S20500489EFD17
S20500489FFF14
S2050048A06FA3
S2050048A1F021
S2050048A24FC1
S2050048A3C24D
S2050048A4030B
S2050048A547C6
S2050048A60804
S2050048A7000B
S2050048A89377
S2050048A90603
S2050048AA0800
S2050048AB10F7
S2050048AC9373
S2050048AD07FE
S2050048AE08FC
S2050048AF0003
S2050048B0639F
S2050048B116EB
S2050048B207F9
S2050048B300FF
S2050048B46F8F
S2050048B500FD
S2050048B600FC
S2050048B703F8
S2050048B86397
S2050048B98871
S2050048BAD721
S2050048BB00F7
S2050048BC03F3
S2050048BDC72E
S2050048BE17DD
S2050048BF00F3
S2050048C0935F
S2050048C1876A
S2050048C217D9
S2050048C300EF
S2050048C4E30B
S2050048C51AD3
S2050048C607E5
S2050048C7FEED
S2050048C833B7
S2050048C98663
S2050048CA07E1
S2050048CB41A6
S2050048CC6383
S2050048CD5C89
S2050048CEC024
S2050048CF00E3
S2050048D0934F
S2050048D105DC
S2050048D218C8
S2050048D300DF
S2050048D413CB
S2050048D505D8
S2050048D628B4
S2050048D700DB
S2050048D823B7
S2050048D92CAD
S2050048DA01D7
S2050048DB01D6
S2050048DCEFE7
S2050048DDE0F5
S2050048DE0FC5
S2050048DF973C
S2050048E003CF
S2050048E128A9
S2050048E2814F
S2050048E301CE
S2050048E4933B
S2050048E507C6
S2050048E6E0EC
S2050048E702C9
S2050048E823A7
S2050048E900C9
S2050048EAF8D0
S2050048EB00C7
S2050048EC8343
S2050048ED477E
S2050048EE01C3
S2050048EF03C0
S2050048F06F53
S2050048F1F0D1
S2050048F20FB1
S2050048F3DBE4
S2050048F413AB
S2050048F50DB0
S2050048F60DAF
S2050048F7F0CB
S2050048F813A7
S2050048F904B5
S2050048FA00B8
S2050048FB10A7
S2050048FC6F47
S2050048FDF0C5
S2050048FE0FA5
S2050048FFDDD6
S205004900B7FA
S20500490107A9
S20500490200AF
S205004903802E
S205004904337A
S205004905C4E8
S2050049068724
S20500490700AA
S2050049089316
S20500490907A1
S20500490AD0D7
S20500490B02A4
S20500490C1392
S20500490D0D97
S20500490EFDA6
S20500490FFFA3
S205004910237E
S2050049112878
S205004912F1AE
S205004913009E
S2050049146F2E
S205004915F0AC
S205004916CFCC
S205004917CFCB
S2050049189306
S2050049190494
S20500491A0592
S20500491B0096
S20500491C6F26
S20500491DF0A4
S20500491E9FF4
S20500491FA2F0
S205004920830E
S2050049214749
S2050049221C73
S205004923008E
S205004924632A
S2050049258408
S2050049260784
S205004927008A
S2050049286F1A
S205004929F098
S20500492ACFB8
S20500492B88FE
S20500492C6F16
S20500492DF094
S20500492E0F74
S20500492F8AF8
S20500493093EE
S2050049310779
S205004932007F
S205004933027C
S205004934235A
S2050049352656
S205004936017A
S205004937007A
S2050049382356
S2050049392A4E
S20500493AF186
S20500493B0076
S20500493C6F06
S20500493DF084
S20500493E4F24
S20500493FC9A9
S205004940A3CE
S20500494180F0
S205004942E788
S205004943006E
S205004944036A
S205004945C7A5
S205004946F675
S205004947FF6B
S2050049482346
S20500494980E8
S20500494AA7C0
S20500494B0066
S20500494C93D2
S20500494D87DD
S20500494E273C
S20500494F0062
S20500495063FE
S2050049511E42
S2050049520758
S205004953D08E
S2050049546FEE
S205004955F06C
S2050049568FCC
S205004957D387
S20500495883D6
S2050049594711
S20500495A1C3B
S20500495B0056
S20500495C93C2
S20500495D8BC9
S20500495E0C47
S20500495F0052
S20500496093BE
S205004961044C
S205004962054A
S205004963004E
S20500496463EA
S20500496584C8
S2050049660744
S205004967004A
S2050049686FDA
S205004969F058
S20500496ACF78
S20500496B84C2
S20500496C6FD6
S20500496DF054
S20500496E0F34
S20500496F86BC
S205004970132E
S2050049710D33
S205004972FD42
S205004973FF3F
S2050049746FCE
S205004975F04C
S2050049769F9C
S2050049779AA0
S2050049781326
S2050049790434
S20500497A0037
S20500497B0036
S20500497C6FC6
S20500497DF044
S20500497E0F24
S20500497FD55D
S20500498083AE
S2050049812709
S205004982012E
S205004983012D
S20500498463CA
S2050049858E9E
S2050049860724
S2050049870426
S2050049882306
S20500498980A8
S20500498AF433
S20500498B0026
S20500498C9392
S20500498DFC28
S20500498E0C17
S20500498F0121
S205004990938E
S205004991849C
S205004992140B
S205004993001E
S20500499463BA
S205004995928A
S2050049960C0F
S2050049970416
S2050049981306
S2050049990D0B
S20500499AED2A
S20500499BFF17
S20500499C6FA6
S20500499DF024
S20500499E8F84
S20500499FD83A
S2050049A013FE
S2050049A10709
S2050049A2000F
S2050049A3030B
S2050049A423EA
S2050049A5808C
S2050049A6E724
S2050049A7000A
S2050049A8E326
S2050049A98286
S2050049AA0DFA
S2050049ABE81E
S2050049AC13F2
S2050049AD877D
S2050049AE27DC
S2050049AF0002
S2050049B0936E
S2050049B106FA
S2050049B2E01F
S2050049B302FC
S2050049B4A35A
S2050049B5807C
S2050049B6D724
S2050049B700FA
S2050049B813E6
S2050049B905F3
S2050049BA07F0
S2050049BB00F6
S2050049BC13E2
S2050049BD866E
S2050049BE0DE6
S2050049BF00F2
S2050049C0935E
S2050049C105EB
S2050049C200EF
S2050049C303EB
S2050049C4EFFE
S2050049C5E00C
S2050049C64F9C
S2050049C79951
S2050049C833B6
S2050049C907E1
S2050049CAB532
S2050049CB01E5
S2050049CC23C2
S2050049CD00E4
S2050049CE07DC
S2050049CF00E2
S2050049D0835E
S2050049D14799
S2050049D201DE
S2050049D303DB
S2050049D46F6E
S2050049D5F0EC
S2050049D6CF0C
S2050049D7CC0E
S2050049D813C6
S2050049D90DCB
S2050049DAFDDA
S2050049DBFFD7
S2050049DC6F66
S2050049DDF0E4
S2050049DE8F44
S2050049DFD4FE
S2050049E013BE
S2050049E10DC3
S2050049E2EDE2
S2050049E3FFCF
S2050049E4636A
S2050049E5428A
S2050049E6804B
S2050049E7D4F6
S2050049E86F5A
S2050049E9F0D8
S2050049EACFF8
S2050049EBD6F0
S2050049EC9332
S2050049ED06BE
S2050049EE00C3
S2050049EF03BF
S2050049F0239E
S2050049F18040
S2050049F2D7E8
S2050049F300BE
S2050049F4932A
S2050049F506B6
S2050049F6E0DB
S2050049F702B8
S2050049F8A316
S2050049F98038
S2050049FAD7E0
S2050049FB00B6
S2050049FC3382
S2050049FD04B0
S2050049FEB003
S2050049FF4072
S205004A00931D
S205004A018728
S205004A022787
S205004A0300AD
S205004A046349
S205004A058427
S205004A0605A5
S205004A0702A7
S205004A081395
S205004A098522
S205004A0A079F
S205004A0B00A5
S205004A0C1391
S205004A0D069D
S205004A0E049E
S205004A0F00A1
S205004A10930D
S205004A11059A
S205004A12009E
S205004A13039A
S205004A142379
S205004A152E6D
S205004A16E1B9
S205004A170099
S205004A182375
S205004A192C6B
S205004A1A0195
S205004A1B0194
S205004A1CEFA5
S205004A1DE0B3
S205004A1ECFC3
S205004A1F93FE
S205004A20038D
S205004A212768
S205004A22C1CD
S205004A23018C
S205004A240389
S205004A252863
S205004A268109
S205004A270188
S205004A28B3D5
S205004A290780
S205004A2A8501
S205004A2B0085
S205004A2C1371
S205004A2D087B
S205004A2E186A
S205004A2F0081
S205004A30235D
S205004A3180FF
S205004A32E797
S205004A33007D
S205004A340379
S205004A354734
S205004A360872
S205004A370079
S205004A3893E5
S205004A3987F0
S205004A3A175F
S205004A3B0075
S205004A3CE391
S205004A3D185B
S205004A3E076B
S205004A3FFE73
S205004A406F01
S205004A41F07F
S205004A42CF9F
S205004A43C4A9
S205004A4493D9
S205004A450467
S205004A460565
S205004A470069
S205004A486FF9
S205004A49F077
S205004A4A9FC7
S205004A4BA5C0
S205004A4C1351
S205004A4D085B
S205004A4E0161
S205004A4F035E
S205004A506FF1
S205004A51F06F
S205004A52DF7F
S205004A53E17C
S205004A541349
S205004A55015A
S205004A560159
S205004A57BC9D
S205004A581345
S205004A590354
S205004A5A4115
S205004A5B4213
S205004A5C2331
S205004A5D2A29
S205004A5E91C1
S205004A5F4011
S205004A6093BD
S205004A61044B
S205004A62014D
S205004A63014C
S205004A642329
S205004A652229
S205004A66B199
S205004A674207
S205004A682325
S205004A692423
S205004A6AC185
S205004A6B4203
S205004A6C93B1
S205004A6D053E
S205004A6E053D
S205004A6F0041
S205004A70132D
S205004A710639
S205004A72033B
S205004A73003D
S205004A741329
S205004A7585B6
S205004A760436
S205004A770039
S205004A782315
S205004A792E09
S205004A7A1125
S205004A7B40F5
S205004A7C2311
S205004A7D260D
S205004A7ED161
S205004A7F42EF
S205004A80230D
S205004A812807
S205004A82E14D
S205004A8342EB
S205004A842309
S205004A852A01
S205004A86F139
S205004A8742E7
S205004A882305
S205004A892CFB
S205004A8A0125
S205004A8B43E2
S205004A8C2301
S205004A8D2EF5
S205004A8E1111
S205004A8F43DE
S205004A9023FD
S205004A9126F9
S205004A9261BD
S205004A93001D
S205004A94EF2D
S205004A95E03B
S205004A969F7B
S205004A97EB2E
S205004A980315
S205004A9945D2
S205004A9A0115
S205004A9B0114
S205004A9C63B1
S205004A9D0E05
S205004A9E050D
S205004A9F020F
S205004AA023ED
S205004AA12CE3
S205004AA2818D
S205004AA340CD
S205004AA413F9
S205004AA58487
S205004AA60406
S205004AA70009
S205004AA8EF19
S205004AA9E027
S205004AAACF37
S205004AABFD08
S205004AAC0301
S205004AAD45BE
S205004AAE14EE
S205004AAF0001
S205004AB0936D
S205004AB107F8
S205004AB204FA
S205004AB300FD
S205004AB413E9
S205004AB504F7
S205004AB614E6
S205004AB700F9
S205004AB8E315
S205004AB918DF
S205004ABA05F1
S205004ABBFEF7
S205004ABC03F1
S205004ABD24CF
S205004ABE8171
S205004ABF41B0
S205004AC0836D
S205004AC120CF
S205004AC2C12D
S205004AC341AC
S205004AC433B9
S205004AC58566
S205004AC69753
S205004AC740A9
S205004AC813D5
S205004AC905E2
S205004ACA15D1
S205004ACB00E5
S205004ACC8361
S205004ACD24BF
S205004ACE41A1
S205004ACF41A0
S205004AD013CD
S205004AD101DE
S205004AD201DD
S205004AD34499
S205004AD46775
S205004AD5805B
S205004AD600DA
S205004AD700D9
S205004AD88355
S205004AD920B7
S205004ADAC115
S205004ADB4194
S205004ADC8351
S205004ADD24AF
S205004ADE4191
S205004ADF4190
S205004AE013BD
S205004AE105CA
S205004AE200CE
S205004AE300CD
S205004AE413B9
S205004AE501CA
S205004AE601C9
S205004AE74485
S205004AE86761
S205004AE98047
S205004AEA00C6
S205004AEB00C5
S205004AEC13B1
S205004AED01C2
S205004AEE01C1
S205004AEFF9C8
S205004AF0239D
S205004AF1249B
S205004AF2813D
S205004AF306B7
S205004AF42399
S205004AF52299
S205004AF69129
S205004AF706B3
S205004AF82395
S205004AF92097
S205004AFA2195
S205004AFB07AE
S205004AFC2391
S205004AFD2E85
S205004AFE3181
S205004AFF05AC
S205004B00238C
S205004B012C82
S205004B02416C
S205004B0305A7
S205004B042388
S205004B052684
S205004B061198
S205004B0706A2
S205004B082384
S205004B092A7C
S205004B0A5154
S205004B0B059F
S205004B0C2380
S205004B0D287A
S205004B0E6140
S205004B0F059B
S205004B10237C
S205004B112678
S205004B12712C
S205004B130597
S205004B142378
S205004B152278
S205004B169108
S205004B170593
S205004B182374
S205004B192E68
S205004B1AB1E4
S205004B1B0391
S205004B1C9300
S205004B1D088A
S205004B1EE0B1
S205004B1F048C
S205004B20236C
S205004B212E60
S205004B22018C
S205004B23018B
S205004B2493F8
S205004B250981
S205004B260584
S205004B270088
S205004B281374
S205004B298402
S205004B2A0580
S205004B2B0084
S205004B2C1370
S205004B2D8AF8
S205004B2E067B
S205004B2F0080
S205004B3093EC
S205004B31047A
S205004B320776
S205004B33007C
S205004B341368
S205004B3589F1
S205004B360772
S205004B370078
S205004B386314
S205004B39DC9A
S205004B3AC8AD
S205004B3B1A5A
S205004B3C93E0
S205004B3D076B
S205004B3EE091
S205004B3F046C
S205004B40234C
S205004B412C42
S205004B42F17C
S205004B43006C
S205004B441358
S205004B4585E5
S205004B460960
S205004B470068
S205004B4893D4
S205004B490561
S205004B4A0461
S205004B4B0064
S205004B4C1350
S205004B4D065C
S205004B4E0061
S205004B4F0060
S205004B5093CC
S205004B510658
S205004B52005D
S205004B53005C
S205004B54EF6C
S205004B55C09A
S205004B561F3A
S205004B57AEAA
S205004B581344
S205004B59074F
S205004B5A0055
S205004B5B0054
S205004B5C63F0
S205004B5D58FA
S205004B5E054C
S205004B5F0050
S205004B60B798
S205004B610747
S205004B62004D
S205004B6380CC
S205004B643318
S205004B65C486
S205004B6687C2
S205004B670048
S205004B681334
S205004B69073F
S205004B6A1035
S205004B6B0044
S205004B6C93B0
S205004B6D053D
S205004B6E043D
S205004B6F0040
S205004B70231C
S205004B71A09E
S205004B72E459
S205004B73003C
S205004B741328
S205004B750634
S205004B760138
S205004B770236
S205004B781324
S205004B7985B1
S205004B7A092C
S205004B7B0034
S205004B7CEF44
S205004B7DB082
S205004B7E4FE2
S205004B7FDC54
S205004B80032C
S205004B812B03
S205004B82012C
S205004B83022A
S205004B8483A8
S205004B852BFF
S205004B8641E8
S205004B870226
S205004B889394
S205004B8984A2
S205004B8A0520
S205004B8B0024
S205004B8C1310
S205004B8D041E
S205004B8E051C
S205004B8F0020
S205004B90130C
S205004B910618
S205004B92001D
S205004B93001C
S205004B949388
S205004B950614
S205004B960019
S205004B970018
S205004B981304
S205004B990511
S205004B9A0B0A
S205004B9B0014
S205004B9C9380
S205004B9D858D
S205004B9E0B06
S205004B9F0010
S205004BA0EF20
S205004BA1C04E
S205004BA29F6E
S205004BA3907C
S205004BA463A8
S205004BA50CFE
S205004BA60504
S205004BA72CDC
S205004BA8B750
S205004BA90CFA
S205004BAA10F5
S205004BAB0004
S205004BAC8380
S205004BADA75B
S205004BAE0CF5
S205004BAF6D93
S205004BB003FC
S205004BB1A856
S205004BB24CB1
S205004BB36D8F
S205004BB4B744
S205004BB506F4
S205004BB610E9
S205004BB700F8
S205004BB823D4
S205004BB920D6
S205004BBAF104
S205004BBB00F4
S205004BBC8370
S205004BBDA74B
S205004BBE866B
S205004BBF6D83
S205004BC023CC
S205004BC122CC
S205004BC201EC
S205004BC301EB
S205004BC403E8
S205004BC5A842
S205004BC6C623
S205004BC76D7B
S205004BC823C4
S205004BC924C2
S205004BCAF1F4
S205004BCB00E4
S205004BCC9350
S205004BCD07DB
S205004BCE09D8
S205004BCF05DB
S205004BD023BC
S205004BD124BA
S205004BD2815C
S205004BD305D7
S205004BD423B8
S205004BD520BA
S205004BD6A138
S205004BD705D3
S205004BD823B4
S205004BD926B0
S205004BDA01D4
S205004BDB01D3
S205004BDC23B0
S205004BDD2AA8
S205004BDEF1E0
S205004BDF00D0
S205004BE0933C
S205004BE18D41
S205004BE207C6
S205004BE300CC
S205004BE49338
S205004BE50CBE
S205004BE600C9
S205004BE705C3
S205004BE803C4
S205004BE926A0
S205004BEA01C4
S205004BEB00C4
S205004BEC8340
S205004BED269C
S205004BEE4180
S205004BEF00C0
S205004BF013AC
S205004BF105B9
S205004BF20BB2
S205004BF300BC
S205004BF49328
S205004BF58535
S205004BF60BAE
S205004BF700B8
S205004BF8EFC8
S205004BF9C0F6
S205004BFA8F26
S205004BFB8034
S205004BFC13A0
S205004BFD06AC
S205004BFE01B0
S205004BFF02AE
S205004C00EFBF
S205004C01B0FD
S205004C020F9D
S205004C03D4D7
S205004C0403A7
S205004C052683
S205004C068127
S205004C0700A7
S205004C088323
S205004C09267F
S205004C0AC1E3
S205004C0B00A3
S205004C0C237F
S205004C0D247D
S205004C0EA1FF
S205004C0F029D
S205004C10237B
S205004C112677
S205004C12B1EB
S205004C130299
S205004C14EFAB
S205004C15B0E9
S205004C164F49
S205004C17F2A5
S205004C180393
S205004C19266F
S205004C1A0193
S205004C1B0093
S205004C1C830F
S205004C1D266B
S205004C1E414F
S205004C1F008F
S205004C20137B
S205004C218C01
S205004C220D7F
S205004C23008B
S205004C2493F7
S205004C258DFC
S205004C26FD8B
S205004C27FF88
S205004C28EF97
S205004C29C0C5
S205004C2A5F25
S205004C2BB1D2
S205004C2CEF93
S205004C2DD0B1
S205004C2E9FE1
S205004C2FBAC5
S205004C30037B
S205004C312B52
S205004C32017B
S205004C330279
S205004C3483F7
S205004C352B4E
S205004C364137
S205004C370275
S205004C381363
S205004C390570
S205004C3A056F
S205004C3B0370
S205004C3CB3BF
S205004C3D89E8
S205004C3EBCB4
S205004C3F412E
S205004C40234B
S205004C4180ED
S205004C42ADBF
S205004C43006B
S205004C441357
S205004C450663
S205004C460068
S205004C470067
S205004C4893D3
S205004C49065F
S205004C4A0064
S205004C4B0063
S205004C4C134F
S205004C4D055C
S205004C4E0B55
S205004C4F005F
S205004C5093CB
S205004C5185D8
S205004C520B51
S205004C53005B
S205004C541347
S205004C558DCC
S205004C560D4B
S205004C570057
S205004C5893C3
S205004C590A4B
S205004C5A094B
S205004C5B0053
S205004C5CB39F
S205004C5D89C8
S205004C5E2927
S205004C5F014E
S205004C60EF5F
S205004C61C08D
S205004C629FAD
S205004C6384C7
S205004C64E367
S205004C651237
S205004C660543
S205004C67F84F
S205004C6883C3
S205004C69271E
S205004C6A4103
S205004C6B0142
S205004C6C63DF
S205004C6DFE43
S205004C6EFD43
S205004C6F3609
S205004C70B38B
S205004C710736
S205004C72B983
S205004C7341FA
S205004C7493A7
S205004C7586B3
S205004C76F741
S205004C770433
S205004C781323
S205004C79072E
S205004C7A60D4
S205004C7B0033
S205004C7C63CF
S205004C7D74BD
S205004C7ED759
S205004C7F0827
S205004C8033FB
S205004C8167C6
S205004C82B973
S205004C83012A
S205004C841317
S205004C8577B2
S205004C8637F1
S205004C870027
S205004C8863C3
S205004C891E07
S205004C8A071D
S205004C8B061D
S205004C8C33EF
S205004C8D0C15
S205004C8E8997
S205004C8F41DE
S205004C90130B
S205004C913CE1
S205004C923CE0
S205004C93001B
S205004C9463B7
S205004C951801
S205004C960C0C
S205004C970611
S205004C989383
S205004C99878E
S205004C9A070D
S205004C9B050E
S205004C9C13FF
S205004C9DF61B
S205004C9EC749
S205004C9FFF10
S205004CA0B35B
S205004CA10607
S205004CA2B656
S205004CA3010A
S205004CA40307
S205004CA527E2
S205004CA60DFB
S205004CA70007
S205004CA813F3
S205004CA90DF8
S205004CAA4DB7
S205004CAB0003
S205004CAC936F
S205004CAD8A77
S205004CAE4AB6
S205004CAF00FF
S205004CB023DB
S205004CB1AE4F
S205004CB2EA12
S205004CB3FEFD
S205004CB4E317
S205004CB59861
S205004CB6A652
S205004CB7FFF8
S205004CB833C3
S205004CB907EE
S205004CBAC92B
S205004CBB00F3
S205004CBC638F
S205004CBD04ED
S205004CBEF6FA
S205004CBF06E9
S205004CC0836B
S205004CC1C528
S205004CC206E6
S205004CC300EB
S205004CC403E7
S205004CC525C4
S205004CC641A7
S205004CC701E6
S205004CC813D3
S205004CC9865F
S205004CCA16CE
S205004CCB00E3
S205004CCC23BF
S205004CCD00E1
S205004CCEB729
S205004CCF00DF
S205004CD0637B
S205004CD17A63
S205004CD2A636
S205004CD304D7
S205004CD48357
S205004CD5C514
S205004CD616C2
S205004CD700D7
S205004CD813C3
S205004CD9864F
S205004CDA26AE
S205004CDB00D3
S205004CDCA32F
S205004CDD00D1
S205004CDEB719
S205004CDF00CF
S205004CE0636B
S205004CE1725B
S205004CE2A626
S205004CE304C7
S205004CE48347
S205004CE5C603
S205004CE626A2
S205004CE700C7
S205004CE823A3
S205004CE901C4
S205004CEAD7ED
S205004CEB00C3
S205004CEC6F53
S205004CED00C1
S205004CEE8040
S205004CEF03BC
S205004CF0932B
S205004CF14677
S205004CF2F6C6
S205004CF3FFBC
S205004CF49327
S205004CF5D6E3
S205004CF6F6C2
S205004CF74176
S205004CF8B303
S205004CF9773E
S205004CFAD6DE
S205004CFB00B3
S205004CFC238F
S205004CFD2C85
S205004CFEF1BF
S205004CFF00AF
S205004D006F3E
S205004D01F0BC
S205004D025F4C
S205004D03E4C6
S205004D041396
S205004D0507A1
S205004D06099E
S205004D0700A6
S205004D088322
S205004D09C6DE
S205004D0A0D96
S205004D0B00A2
S205004D0C930E
S205004D0D8D13
S205004D0E1D82
S205004D0F009E
S205004D10138A
S205004D110795
S205004D121784
S205004D13009A
S205004D14A3F6
S205004D150F89
S205004D16D7C0
S205004D17FE98
S205004D188312
S205004D19266E
S205004D1A4152
S205004D1B0191
S205004D1CE3AE
S205004D1D96FA
S205004D1EB6D9
S205004D1FFF8F
S205004D2093FA
S205004D218705
S205004D220784
S205004D230585
S205004D240386
S205004D252C5C
S205004D268106
S205004D270482
S205004D280382
S205004D292D57
S205004D2A0182
S205004D2B047E
S205004D2CB3CE
S205004D2D0A76
S205004D2EF986
S205004D2F007E
S205004D3083FA
S205004D312755
S205004D3281FA
S205004D330179
S205004D34B3C6
S205004D350D6B
S205004D36F97E
S205004D370076
S205004D3883F2
S205004D39274D
S205004D3AC1B2
S205004D3B0171
S205004D3C630E
S205004D3D94DC
S205004D3E0768
S205004D3F006E
S205004D40B3BA
S205004D418DDF
S205004D423D2E
S205004D430169
S205004D442346
S205004D452048
S205004D463A2D
S205004D470165
S205004D486302
S205004D49E67E
S205004D4A2D36
S205004D4B1F43
S205004D4C93CE
S205004D4D0957
S205004D4E0956
S205004D4F0559
S205004D5063FA
S205004D51EE6E
S205004D525DFE
S205004D530555
S205004D54B7A2
S205004D550C4C
S205004D561047
S205004D570056
S205004D5863F2
S205004D59FA5A
S205004D5A3A19
S205004D5B054D
S205004D5C034E
S205004D5DABA5
S205004D5E0C43
S205004D5F6DE1
S205004D6083CA
S205004D61ABA1
S205004D624CFF
S205004D636DDD
S205004D646FDA
S205004D650048
S205004D6680C7
S205004D670046
S205004D6863E2
S205004D698ABA
S205004D6A59EA
S205004D6B1D25
S205004D6C93AE
S205004D6D86BA
S205004D6E0B34
S205004D6F003E
S205004D70132A
S205004D710537
S205004D720437
S205004D73003A
S205004D7493A6
S205004D7585B3
S205004D760433
S205004D770036
S205004D781322
S205004D79062E
S205004D7A0B28
S205004D7B0032
S205004D7CEF42
S205004D7DC070
S205004D7E1F10
S205004D7F9C92
S205004D80131A
S205004D810626
S205004D8281AA
S205004D830228
S205004D84EF3A
S205004D85B078
S205004D86CF58
S205004D87BB6B
S205004D881312
S205004D890420
S205004D8A051E
S205004D8B0022
S205004D8C938E
S205004D8D849C
S205004D8E051A
S205004D8F001E
S205004D90031A
S205004D9125F7
S205004D92819A
S205004D930218
S205004D948396
S205004D9525F3
S205004D96C156
S205004D970214
S205004D989382
S205004D998A8A
S205004D9A1AF9
S205004D9B0012
S205004D9CEF22
S205004D9DD040
S205004D9E9F70
S205004D9FA36B
S205004DA013FA
S205004DA10507
S205004DA20506
S205004DA30307
S205004DA4A366
S205004DA58F79
S205004DA6AA5D
S205004DA7FE08
S205004DA8E322
S205004DA9F014
S205004DAA5DA6
S205004DABFD05
S205004DAC639E
S205004DADF808
S205004DAE3DC2
S205004DAF19E5
S205004DB0837A
S205004DB1C735
S205004DB20DEE
S205004DB300FA
S205004DB413E6
S205004DB507F1
S205004DB69067
S205004DB703F3
S205004DB89362
S205004DB9876D
S205004DBA579C
S205004DBB00F2
S205004DBC935E
S205004DBDF7F9
S205004DBEF7F8
S205004DBF0FDF
S205004DC023CA
S205004DC1806C
S205004DC2FDEE
S205004DC300EA
S205004DC46386
S205004DC57E6A
S205004DC6F7F0
S205004DC706E0
S205004DC88362
S205004DC927BD
S205004DCAC122
S205004DCB01E1
S205004DCC637E
S205004DCD924E
S205004DCE07D8
S205004DCF18C6
S205004DD0934A
S205004DD18755
S205004DD20DCE
S205004DD300DA
S205004DD413C6
S205004DD506D2
S205004DD600D7
S205004DD703D3
S205004DD89342
S205004DD905CF
S205004DDA9043
S205004DDB03CF
S205004DDC23AE
S205004DDD8050
S205004DDEC708
S205004DDF00CE
S205004DE0636A
S205004DE16468
S205004DE2F9D2
S205004DE31CAE
S205004DE413B6
S205004DE507C1
S205004DE610B7
S205004DE703C3
S205004DE823A2
S205004DE98044
S205004DEAE7DC
S205004DEB00C2
S205004DEC03BE
S205004DED2799
S205004DEE0AB5
S205004DEF00BE
S205004DF013AA
S205004DF107B5
S205004DF217A4
S205004DF300BA
S205004DF42396
S205004DF52098
S205004DF6EACD
S205004DF700B6
S205004DF86352
S205004DF97440
S205004DFAB9FA
S205004DFB01B1
S205004DFC238E
S205004DFD8030
S205004DFECDE2
S205004DFF00AE
S205004E008329
S205004E01C6E5
S205004E0207A3
S205004E0300A9
S205004E041395
S205004E0507A0
S205004E069016
S205004E0703A2
S205004E089311
S205004E098D16
S205004E0A1D85
S205004E0B00A1
S205004E0C633D
S205004E0D7A25
S205004E0ED7C7
S205004E0F029B
S205004E101389
S205004E110695
S205004E12108A
S205004E130396
S205004E149305
S205004E150592
S205004E160096
S205004E170392
S205004E189301
S205004E19068D
S205004E1A9002
S205004E1B038E
S205004E1C236D
S205004E1D800F
S205004E1EC7C7
S205004E1F008D
S205004E200389
S205004E212764
S205004E220A80
S205004E230089
S205004E241375
S205004E250780
S205004E26176F
S205004E270085
S205004E282361
S205004E292063
S205004E2AEA98
S205004E2B0081
S205004E2C631D
S205004E2D740B
S205004E2EB9C5
S205004E2F017C
S205004E302359
S205004E3180FB
S205004E32BDBD
S205004E330079
S205004E340375
S205004E35C7B0
S205004E36076F
S205004E370075
S205004E3893E1
S205004E398DE6
S205004E3A1D55
S205004E3B0071
S205004E3CE38D
S205004E3DE08F
S205004E3EE688
S205004E3FFE6F
S205004E402349
S205004E4180EB
S205004E420D5D
S205004E430069
S205004E4483E5
S205004E452047
S205004E46C1A5
S205004E47065F
S205004E480361
S205004E49243F
S205004E4A81E1
S205004E4B065B
S205004E4C83DD
S205004E4D243B
S205004E4E411D
S205004E4F0657
S205004E5083D9
S205004E512932
S205004E52C199
S205004E530554
S205004E540355
S205004E552A2D
S205004E5681D5
S205004E570550
S205004E5883D1
S205004E592A29
S205004E5A4111
S205004E5B054C
S205004E5C034D
S205004E5D2B24
S205004E5E014D
S205004E5F0548
S205004E6083C9
S205004E612B20
S205004E62C189
S205004E630445
S205004E6483C5
S205004E652C1B
S205004E664105
S205004E670441
S205004E6883C1
S205004E692D16
S205004E6AC181
S205004E6B033E
S205004E6C132D
S205004E6D053A
S205004E6E0935
S205004E6F003D
S205004E700339
S205004E712912
S205004E720139
S205004E730633
S205004E741325
S205004E750136
S205004E760135
S205004E77072E
S205004E7867CD
S205004E7980B3
S205004E7A0032
S205004E7B0031
S205004E7C131D
S205004E7D052A
S205004E7E042A
S205004E7F002D
S205004E809399
S205004E8185A6
S205004E820426
S205004E830029
S205004E841315
S205004E850621
S205004E860026
S205004E870025
S205004E889391
S205004E89061D
S205004E8A0022
S205004E8B0021
S205004E8CEF31
S205004E8DC05F
S205004E8E8F8F
S205004E8FEA33
S205004E9063B9
S205004E915AC1
S205004E92A07A
S205004E930A0F
S205004E94B761
S205004E950C0B
S205004E961006
S205004E970015
S205004E980311
S205004E99A66D
S205004E9A0C06
S205004E9B6DA4
S205004E9C838D
S205004E9DA669
S205004E9E4CC2
S205004E9F6DA0
S205004EA013F9
S205004EA10506
S205004EA20406
S205004EA30009
S205004EA49375
S205004EA58582
S205004EA60402
S205004EA70005
S205004EA823E1
S205004EA920E3
S205004EAAA161
S205004EAB05FC
S205004EACEF11
S205004EADC03F
S205004EAE1FDF
S205004EAF8974
S205004EB0B745
S205004EB107F4
S205004EB210EA
S205004EB300F9
S205004EB403F5
S205004EB5AB4C
S205004EB607EF
S205004EB76E87
S205004EB88371
S205004EB9AB48
S205004EBA47AB
S205004EBB6E83
S205004EBC13DD
S205004EBD0DE2
S205004EBE05E9
S205004EBF00ED
S205004EC013D9
S205004EC106E5
S205004EC20BDF
S205004EC300E9
S205004EC49355
S205004EC58661
S205004EC60BDB
S205004EC700E5
S205004EC89351
S205004EC98A59
S205004ECA05DD
S205004ECB00E1
S205004ECCEFF1
S205004ECDC01F
S205004ECE8F4F
S205004ECFF6E7
S205004ED09349
S205004ED109D2
S205004ED200DA
S205004ED300D9
S205004ED46375
S205004ED55087
S205004ED605D1
S205004ED712C3
S205004ED823B1
S205004ED924AF
S205004EDA8151
S205004EDB05CC
S205004EDC03CD
S205004EDDAC23
S205004EDE0CC2
S205004EDF6D60
S205004EE08349
S205004EE1AC1F
S205004EE24C7E
S205004EE36D5C
S205004EE413B5
S205004EE505C2
S205004EE60DB9
S205004EE700C5
S205004EE89331
S205004EE9853E
S205004EEA0AB8
S205004EEB00C1
S205004EEC13AD
S205004EED06B9
S205004EEE0CB2
S205004EEF00BD
S205004EF09329
S205004EF18635
S205004EF20CAE
S205004EF300B9
S205004EF4EFC9
S205004EF5C0F7
S205004EF69F17
S205004EF78431
S205004EF813A1
S205004EF906AD
S205004EFA0BA7
S205004EFB00B1
S205004EFC931D
S205004EFD8629
S205004EFE0BA3
S205004EFF00AD
S205004F001398
S205004F0104A6
S205004F020D9C
S205004F0300A8
S205004F049314
S205004F058422
S205004F060A9B
S205004F0700A4
S205004F089310
S205004F098919
S205004F0AF9A8
S205004F0BFFA1
S205004F0C138C
S205004F0D0D91
S205004F0E0598
S205004F0F009C
S205004F109308
S205004F118A10
S205004F120594
S205004F130098
S205004F14EFA8
S205004F15C0D6
S205004F160F86
S205004F17F2A2
S205004F18E3B0
S205004F19464C
S205004F1A058C
S205004F1BFC94
S205004F1C236C
S205004F1D246A
S205004F1EA1EC
S205004F1F0389
S205004F202368
S205004F212664
S205004F225138
S205004F230385
S205004F240384
S205004F252C5A
S205004F268104
S205004F270480
S205004F280380
S205004F292D55
S205004F2A0180
S205004F2B047C
S205004F2C93EC
S205004F2D0A74
S205004F2E0974
S205004F2F007C
S205004F306F0C
S205004F31F08A
S205004F321F5A
S205004F33E098
S205004F342354
S205004F350076
S205004F36096C
S205004F370074
S205004F386F04
S205004F39F082
S205004F3ADF92
S205004F3BF080
S205004F3CA3CC
S205004F3D0767
S205004F3E0964
S205004F3F0468
S205004F406FFC
S205004F41F07A
S205004F425F0A
S205004F43F078
S205004F4493D4
S205004F450A5C
S205004F46095C
S205004F470064
S205004F4893D0
S205004F490959
S205004F4A0061
S205004F4B0060
S205004F4C6FF0
S205004F4DF06E
S205004F4E5FFE
S205004F4FDE7E
S205004F5093C8
S205004F5187D3
S205004F520D4C
S205004F530058
S205004F5493C4
S205004F550551
S205004F560055
S205004F570351
S205004F581340
S205004F59064C
S205004F5A90C1
S205004F5B034D
S205004F5C232C
S205004F5D80CE
S205004F5EB796
S205004F5F004C
S205004F6063E8
S205004F6164E6
S205004F62F950
S205004F630642
S205004F641334
S205004F65073F
S205004F661035
S205004F670341
S205004F682320
S205004F6980C2
S205004F6AE75A
S205004F6B0040
S205004F6C033C
S205004F6D2717
S205004F6E0A33
S205004F6F003C
S205004F7093A8
S205004F710535
S205004F7290A9
S205004F730335
S205004F741324
S205004F750630
S205004F761025
S205004F770331
S205004F781320
S205004F79072B
S205004F7A171A
S205004F7B0030
S205004F7C230C
S205004F7D200E
S205004F7EEA43
S205004F7F002C
S205004F800328
S205004F81C763
S205004F820722
S205004F830028
S205004F849394
S205004F850620
S205004F869095
S205004F870321
S205004F88E340
S205004F89FC26
S205004F8AE53C
S205004F8BEA36
S205004F8C23FC
S205004F8D809E
S205004F8EC756
S205004F8F001C
S205004F900318
S205004F9127F3
S205004F920A0F
S205004F930018
S205004F941304
S205004F95070F
S205004F9617FE
S205004F970014
S205004F9823F0
S205004F9920F2
S205004F9AEA27
S205004F9B0010
S205004F9C030C
S205004F9DC747
S205004F9E0706
S205004F9F000C
S205004FA0E328
S205004FA1E624
S205004FA2E623
S205004FA3FE0A
S205004FA46F98
S205004FA5F016
S205004FA6DF26
S205004FA7E91B
S205004FA80300
S205004FA9C73B
S205004FAAF70A
S205004FABFF01
S205004FAC936C
S205004FAD8678
S205004FAEF706
S205004FAFFFFD
S205004FB013E8
S205004FB107F3
S205004FB217E2
S205004FB300F8
S205004FB413E4
S205004FB5777F
S205004FB6F7FE
S205004FB70FE5
S205004FB8A350
S205004FB98F63
S205004FBAE70A
S205004FBBFEF2
S205004FBCE30C
S205004FBDF2FC
S205004FBEE508
S205004FBFE804
S205004FC09358
S205004FC18763
S205004FC206E3
S205004FC300E8
S205004FC46F78
S205004FC5F0F6
S205004FC69F46
S205004FC7E103
S205004FC803E0
S205004FC9C71B
S205004FCAF7EA
S205004FCBFFE1
S205004FCC934C
S205004FCD8658
S205004FCEF7E6
S205004FCFFFDD
S205004FD013C8
S205004FD107D3
S205004FD217C2
S205004FD300D8
S205004FD413C4
S205004FD5775F
S205004FD6F7DE
S205004FD70FC5
S205004FD8A330
S205004FD98F43
S205004FDAE7EA
S205004FDBFED2
S205004FDCE3EC
S205004FDD725C
S205004FDEE6E7
S205004FDFE6E6
S205004FE09338
S205004FE18743
S205004FE206C3
S205004FE300C8
S205004FE46F58
S205004FE5F0D6
S205004FE69F26
S205004FE7F7CD
S205004FE803C0
S205004FE92C96
S205004FEA8140
S205004FEB04BC
S205004FEC03BC
S205004FED2D91
S205004FEE01BC
S205004FEF04B8
S205004FF06F4C
S205004FF1F0CA
S205004FF21F9A
S205004FF3D4E4
S205004FF42394
S205004FF52492
S205004FF6A114
S205004FF703B1
S205004FF82390
S205004FF9268C
S205004FFA5160
S205004FFB03AD
S205004FFC03AC
S205004FFD2D81
S205004FFE01AC
S205004FFF04A8
S2050050009317
S2050050010A9F
S205005002099F
S20500500300A7
S2050050046F37
S205005005F0B5
S205005006DFC5
S205005007D2D1
S205005008138F
S2050050090899
S20500500A00A0
S20500500B009F
S20500500C6F2F
S20500500DF0AD
S20500500E1F7D
S20500500FAEED
S20510000010DA
S2051000010FDA
S20510000200E8
S20510000300E7
S205100004BC2A
S2051000050DD8
S20510000600E4
S20510000700E3
S205100008687A
S2051000090DD4
S20510000A00E0
S20510000B00DF
S20510000CBC22
S20510000D0ECF
S20510000E00DC
S20510000F00DB
S2051000106872
S2051000110DCC
S20510001200D8
S20510001300D7
S205100014CC0A
S2051000150DC8
S20510001600D4
S20510001700D3
S205100018686A
S2051000190DC4
S20510001A00D0
S20510001B00CF
S20510001CBC12
S20510001D0EBF
S20510001E00CC
S20510001F00CB
S205100020BC0E
S2051000210DBC
S20510002200C8
S20510002300C7
S205100024BC0A
S2051000250DB8
S20510002600C4
S20510002700C3
S205100028CCF6
S2051000290DB4
S20510002A00C0
S20510002B00BF
S20510002CBC02
S20510002D0EAF
S20510002E00BC
S20510002F00BB
S2051000304872
S2051000310EAB
S20510003200B8
S20510003300B7
S205100034486E
S2051000350EA7
S20510003600B4
S20510003700B3
S205100038486A
S2051000390EA3
S20510003A00B0
S20510003B00AF
S20510003CCCE2
S20510003D0DA0
S20510003E00AC
S20510003F00AB
S20510004000AA
S20510004101A8
S20510004202A6
S20510004302A5
S20510004403A3
S20510004503A2
S20510004603A1
S20510004703A0
S205100048049E
S205100049049D
S20510004A049C
S20510004B049B
S20510004C049A
S20510004D0499
S20510004E0498
S20510004F0497
S2051000500595
S2051000510594
S2051000520593
S2051000530592
S2051000540591
S2051000550590
S205100056058F
S205100057058E
S205100058058D
S205100059058C
S20510005A058B
S20510005B058A
S20510005C0589
S20510005D0588
S20510005E0587
S20510005F0586
S2051000600684
S2051000610683
S2051000620682
S2051000630681
S2051000640680
S205100065067F
S205100066067E
S205100067067D
S205100068067C
S205100069067B
S20510006A067A
S20510006B0679
S20510006C0678
S20510006D0677
S20510006E0676
S20510006F0675
S2051000700674
S2051000710673
S2051000720672
S2051000730671
S2051000740670
S205100075066F
S205100076066E
S205100077066D
S205100078066C
S205100079066B
S20510007A066A
S20510007B0669
S20510007C0668
S20510007D0667
S20510007E0666
S20510007F0665
S2051000800763
S2051000810762
S2051000820761
S2051000830760
S205100084075F
S205100085075E
S205100086075D
S205100087075C
S205100088075B
S205100089075A
S20510008A0759
S20510008B0758
S20510008C0757
S20510008D0756
S20510008E0755
S20510008F0754
S2051000900753
S2051000910752
S2051000920751
S2051000930750
S205100094074F
S205100095074E
S205100096074D
S205100097074C
S205100098074B
S205100099074A
S20510009A0749
S20510009B0748
S20510009C0747
S20510009D0746
S20510009E0745
S20510009F0744
S2051000A00743
S2051000A10742
S2051000A20741
S2051000A30740
S2051000A4073F
S2051000A5073E
S2051000A6073D
S2051000A7073C
S2051000A8073B
S2051000A9073A
S2051000AA0739
S2051000AB0738
S2051000AC0737
S2051000AD0736
S2051000AE0735
S2051000AF0734
S2051000B00733
S2051000B10732
S2051000B20731
S2051000B30730
S2051000B4072F
S2051000B5072E
S2051000B6072D
S2051000B7072C
S2051000B8072B
S2051000B9072A
S2051000BA0729
S2051000BB0728
S2051000BC0727
S2051000BD0726
S2051000BE0725
S2051000BF0724
S2051000C00822
S2051000C10821
S2051000C20820
S2051000C3081F
S2051000C4081E
S2051000C5081D
S2051000C6081C
S2051000C7081B
S2051000C8081A
S2051000C90819
S2051000CA0818
S2051000CB0817
S2051000CC0816
S2051000CD0815
S2051000CE0814
S2051000CF0813
S2051000D00812
S2051000D10811
S2051000D20810
S2051000D3080F
S2051000D4080E
S2051000D5080D
S2051000D6080C
S2051000D7080B
S2051000D8080A
S2051000D90809
S2051000DA0808
S2051000DB0807
S2051000DC0806
S2051000DD0805
S2051000DE0804
S2051000DF0803
S2051000E00802
S2051000E10801
S2051000E20800
S2051000E308FF
S2051000E408FE
S2051000E508FD
S2051000E608FC
S2051000E708FB
S2051000E808FA
S2051000E908F9
S2051000EA08F8
S2051000EB08F7
S2051000EC08F6
S2051000ED08F5
S2051000EE08F4
S2051000EF08F3
S2051000F008F2
S2051000F108F1
S2051000F208F0
S2051000F308EF
S2051000F408EE
S2051000F508ED
S2051000F608EC
S2051000F708EB
S2051000F808EA
S2051000F908E9
S2051000FA08E8
S2051000FB08E7
S2051000FC08E6
S2051000FD08E5
S2051000FE08E4
S2051000FF08E3
S20510010008E1
S20510010108E0
S20510010208DF
S20510010308DE
S20510010408DD
S20510010508DC
S20510010608DB
S20510010708DA
S20510010808D9
S20510010908D8
S20510010A08D7
S20510010B08D6
S20510010C08D5
S20510010D08D4
S20510010E08D3
S20510010F08D2
S20510011008D1
S20510011108D0
S20510011208CF
S20510011308CE
S20510011408CD
S20510011508CC
S20510011608CB
S20510011708CA
S20510011808C9
S20510011908C8
S20510011A08C7
S20510011B08C6
S20510011C08C5
S20510011D08C4
S20510011E08C3
S20510011F08C2
S20510012008C1
S20510012108C0
S20510012208BF
S20510012308BE
S20510012408BD
S20510012508BC
S20510012608BB
S20510012708BA
S20510012808B9
S20510012908B8
S20510012A08B7
S20510012B08B6
S20510012C08B5
S20510012D08B4
S20510012E08B3
S20510012F08B2
S20510013008B1
S20510013108B0
S20510013208AF
S20510013308AE
S20510013408AD
S20510013508AC
S20510013608AB
S20510013708AA
S20510013808A9
S20510013908A8
S20510013A08A7
S20510013B08A6
S20510013C08A5
S20510013D08A4
S20510013E08A3
S20510013F08A2
S2051001404465
S2051001414266
S2051001424760
S2051001432086
S2051001446342
S205100145683C
S205100146257E
S205100147643E
S2051001483A67
S2051001492080
S20510014A7629
S20510014B613D
S20510014C6C31
S20510014D3D5F
S20510014E2576
S20510014F6436
S2051001502079
S2051001517820
S205100152692E
S2051001533D59
S2051001542570
S2051001556430
S2051001562073
S205100157672B
S2051001583D54
S205100159256B
S20510015A642B
S20510015B206E
S20510015C622B
S20510015D3D4F
S20510015E2566
S20510015F6426
S2051001602069
S205100161790F
S2051001623D4A
S2051001632561
S2051001646421
S2051001650A7A
S2051001660083
S2051001670082
S2051001680A77
S2051001694838
S20510016A453A
S20510016B4C32
S20510016C4C31
S20510016D4F2D
S20510016E205B
S20510016F4C2E
S2051001704138
S205100171591F
S2051001724532
S2051001735224
S2051001744E27
S2051001754F25
S2051001765221
S2051001774D25
S2051001782051
S205100179521E
S20510017A452A
S20510017B4628
S20510017C4528
S20510017D521A
S20510017E4526
S20510017F4E1C
S2051001804326
S2051001814523
S2051001820A5D
S2051001830066
S2051001840A5B
S2051001854E16
S20510018665FE
S20510018777EB
S2051001882041
S20510018974EC
S20510018A65FA
S20510018B73EB
S20510018C74E9
S20510018D203C
S20510018E6EED
S20510018F6FEB
S20510019074E5
S2051001912038
S20510019267F0
S20510019365F1
S2051001946EE7
S20510019565EF
S20510019672E1
S20510019761F1
S20510019874DD
S20510019965EB
S20510019A64EB
S20510019B2C22
S20510019C202D
S20510019D79D3
S20510019E6FDC
S20510019F75D5
S2051001A02029
S2051001A16DDB
S2051001A261E6
S2051001A379CD
S2051001A42025
S2051001A567DD
S2051001A665DE
S2051001A76ED4
S2051001A865DC
S2051001A972CE
S2051001AA61DE
S2051001AB74CA
S2051001AC65D8
S2051001AD201C
S2051001AE6ECD
S2051001AF65D5
S2051001B077C2
S2051001B12018
S2051001B274C3
S2051001B365D1
S2051001B473C2
S2051001B574C0
S2051001B62013
S2051001B766CC
S2051001B872BF
S2051001B96FC1
S2051001BA6DC2
S2051001BB200E
S2051001BC72BB
S2051001BD75B7
S2051001BE6EBD
S2051001BF73B7
S2051001C070B9
S2051001C161C7
S2051001C263C4
S2051001C365C1
S2051001C42005
S2051001C570B4
S2051001C672B1
S2051001C76FB3
S2051001C86DB4
S2051001C970B0
S2051001CA74AB
S2051001CB20FE
S2051001CC62BB
S2051001CD79A3
S2051001CE3AE1
S2051001CF0A10
S2051001D00019
S2051001D10018
S2051001D20017
S2051001D30016
S2051001D470A5
S2051001D5799B
S2051001D6749F
S2051001D768AA
S2051001D86FA2
S2051001D96EA2
S2051001DA33DC
S2051001DB20EE
S2051001DC61AC
S2051001DD709C
S2051001DE709B
S2051001DF5FAB
S2051001E07396
S2051001E17296
S2051001E263A4
S2051001E35FA7
S2051001E464A1
S2051001E5699B
S2051001E67291
S2051001E72FD3
S2051001E8679A
S2051001E9659B
S2051001EA6E91
S2051001EB5F9F
S2051001EC738A
S2051001ED6F8D
S2051001EE6C8F
S2051001EF6595
S2051001F05F9A
S2051001F17484
S2051001F26592
S2051001F37383
S2051001F47481
S2051001F52EC6
S2051001F67083
S2051001F77979
S2051001F80AE7
S2051001F900F0
S2051001FA00EF
S2051001FB00EE
S2051001FC737A
S2051001FD6F7D
S2051001FE6C7F
S2051001FF6585
S2051002005F89
S2051002017473
S2051002026581
S2051002037372
S2051002047470
S2051002055F84
S2051002066979
S2051002076E73
S2051002082EB2
S205100209746B
S20510020A7866
S20510020B7469
S20510020C00DC
S20510020D00DB
S20510020E00DA
S20510020F00D9
S2051002107365
S2051002116F68
S2051002126C6A
S2051002136570
S2051002145F75
S205100215745F
S205100216656D
S205100217735E
S205100218745C
S2051002195F70
S20510021A6F5F
S20510021B7558
S20510021C7458
S20510021D2E9D
S20510021E7456
S20510021F7851
S2051002207454
S20510022100C7
S20510022200C6
S20510022300C5
S2051002240ABA
S2051002254182
S205100226635F
S205100227635E
S205100228655B
S2051002296C53
S20510022A6559
S20510022B724B
S20510022C615B
S20510022D7447
S20510022E6F4B
S20510022F7247
S2051002302098
S2051002314473
S205100232694D
S2051002337342
S2051002346153
S2051002356251
S2051002366C46
S205100237654C
S205100238644C
S2051002390AA5
S20510023A00AE
S20510023B00AD
S20510023C0AA2
S20510023D4C5F
S20510023E6F3B
S20510023F6148
S2051002406444
S205100241693E
S2051002426E38
S205100243673E
S2051002442084
S2051002455350
S2051002466F33
S2051002476C35
S205100248653B
S205100249534C
S20510024A6836
S20510024B613C
S20510024C722A
S20510024D6536
S20510024E6436
S20510024F2079
S205100250692F
S2051002516E29
S2051002527422
S2051002536F26
S2051002542074
S205100255583B
S2051002564D45
S205100257454C
S2051002584D43
S205100259206F
S20510025A612D
S20510025B7419
S20510025C206C
S20510025D305B
S20510025E7812
S20510025F2564
S2051002603058
S205100261384F
S205100262780E
S2051002630A7B
S2051002640084
S2051002650083
S2051002660082
S2051002670081
S2051002684C34
S2051002696F10
S20510026A611D
S20510026B6419
S20510026C6517
S20510026D6417
S20510026E205A
S20510026F2554
S2051002706414
S2051002712057
S2051002726214
S20510027379FC
S2051002747400
S205100275650E
S20510027673FF
S2051002772051
S2051002782848
S2051002796E01
S20510027A75F9
S20510027B6D00
S20510027C5F0D
S20510027D76F5
S20510027E6505
S20510027F6306
S20510028074F4
S2051002816FF8
S20510028272F4
S20510028373F2
S2051002843D27
S205100285253E
S20510028664FE
S2051002872C35
S2051002882040
S20510028963FC
S20510028A68F6
S20510028B61FC
S20510028C6EEE
S20510028D6EED
S20510028E65F5
S20510028F6CED
S20510029073E5
S2051002913D1A
S2051002922531
S20510029364F1
S205100294292B
S2051002950A49
S2051002960052
S2051002970051
S2051002980A46
S2051002990A45
S20510029A202E
S20510029B2A23
S20510029C2A22
S20510029D2A21
S20510029E202A
S20510029F54F5
S2051002A06FD9
S2051002A174D3
S2051002A261E5
S2051002A36CD9
S2051002A43A0A
S2051002A52023
S2051002A6251D
S2051002A764DD
S2051002A82020
S2051002A94BF4
S2051002AA3509
S2051002AB201D
S2051002AC63D9
S2051002AD79C2
S2051002AE63D7
S2051002AF6CCD
S2051002B065D3
S2051002B173C4
S2051002B22016
S2051002B37CB9
S2051002B42014
S2051002B550E3
S2051002B665CD
S2051002B772BF
S2051002B82D03
S2051002B976B9
S2051002BA65C9
S2051002BB63CA
S2051002BC74B8
S2051002BD6FBC
S2051002BE72B8
S2051002BF2009
S2051002C061C7
S2051002C176B1
S2051002C267BF
S2051002C33AEB
S2051002C42004
S2051002C525FE
S2051002C664BE
S2051002C72001
S2051002C863BD
S2051002C979A6
S2051002CA63BB
S2051002CB6CB1
S2051002CC65B7
S2051002CD73A8
S2051002CE20FA
S2051002CF28F1
S2051002D025F3
S2051002D164B3
S2051002D220F6
S2051002D3769F
S2051002D465AF
S2051002D563B0
S2051002D6749E
S2051002D76FA2
S2051002D8729E
S2051002D9739C
S2051002DA29E5
S2051002DB20ED
S2051002DC2AE2
S2051002DD2AE1
S2051002DE2AE0
S2051002DF0AFF
S2051002E00AFE
S2051002E10007
S2051002E20006
S2051002E30005
S2051002E40AFA
S2051002E543C0
S2051002E6689A
S2051002E7659C
S2051002E8639D
S2051002E96B94
S2051002EA20DE
S2051002EB6F8E
S2051002EC7587
S2051002ED7487
S2051002EE708A
S2051002EF7584
S2051002F07484
S2051002F120D7
S2051002F27680
S2051002F37382
S2051002F420D4
S2051002F5678C
S2051002F66F83
S2051002F76C85
S2051002F8648C
S2051002F9658A
S2051002FA6E80
S2051002FB20CD
S2051002FC727A
S2051002FD6586
S2051002FE6684
S2051002FF6584
S2051003007275
S2051003016581
S2051003026E77
S2051003036381
S205100304657E
S2051003050AD8
S20510030600E1
S20510030700E0
S205100308706F
S2051003097965
S20510030A7469
S20510030B6874
S20510030C6F6C
S20510030D6E6C
S20510030E33A6
S20510030F20B8
S2051003106176
S2051003117066
S2051003127065
S2051003135F75
S2051003147360
S2051003157260
S205100316636E
S2051003175F71
S205100318646B
S2051003196965
S20510031A725B
S20510031B2F9D
S20510031C6368
S20510031D6862
S20510031E6564
S20510031F6365
S2051003206B5C
S2051003215F67
S2051003227352
S2051003236F55
S2051003246C57
S205100325655D
S2051003262E93
S2051003277050
S2051003287946
S20510032900BE
S20510032A00BD
S20510032B00BC
S20510032C0AB1
S20510032D4575
S20510032E5267
S20510032F5266
S2051003304F68
S2051003315264
S2051003322095
S2051003337242
S205100334654E
S2051003356151
S205100336644D
S2051003376947
S2051003386E41
S2051003396747
S20510033A208D
S20510033B6943
S20510033C6E3D
S20510033D7436
S20510033E6F3A
S20510033F2088
S205100340683F
S2051003416541
S205100342782D
S2051003432084
S2051003446142
S2051003452082
S2051003466E33
S2051003476F31
S2051003486E31
S205100349207E
S20510034A6835
S20510034B6537
S20510034C7823
S20510034D207A
S20510034E6336
S20510034F6830
S2051003506136
S2051003517224
S2051003522E67
S2051003530A8A
S2051003540093
S2051003550092
S2051003560091
S2051003570090
S205100358246B
S205100359701E
S20510035A7914
S20510035B7319
S20510035C6823
S20510035D6525
S20510035E6C1D
S20510035F6C1C
S2051003602067
S2051003616F17
S2051003627015
S205100363651F
S2051003646E15
S205100365463C
S2051003666918
S2051003676C14
S205100368651A
S2051003692856
S20510036A225B
S20510036B2557
S20510036C7308
S20510036D2258
S20510036E2C4D
S20510036F2751
S2051003702552
S2051003716313
S205100372274E
S205100373294B
S2051003740A69
S2051003750072
S2051003760071
S2051003770070
S205100378244B
S20510037970FE
S20510037A79F4
S20510037B73F9
S20510037C6803
S20510037D6505
S20510037E6CFD
S20510037F6CFC
S2051003802047
S2051003816303
S2051003826CF9
S2051003836FF5
S20510038473F0
S20510038565FD
S205100386461B
S20510038769F7
S2051003886CF3
S20510038965F9
S20510038A2835
S20510038B2537
S20510038C64F7
S20510038D2931
S20510038E0A4F
S20510038F0058
S2051003902433
S20510039170E6
S20510039279DC
S20510039373E1
S20510039468EB
S20510039565ED
S2051003966CE5
S2051003976CE4
S205100398202F
S20510039973DB
S20510039A6FDE
S20510039B63E9
S20510039C53F8
S20510039D74D6
S20510039E61E8
S20510039F72D6
S2051003A074D3
S2051003A14600
S2051003A267DE
S2051003A365DF
S2051003A474CF
S2051003A548FA
S2051003A665DC
S2051003A778C8
S2051003A846F9
S2051003A92816
S2051003AA2518
S2051003AB64D8
S2051003AC2C0F
S2051003AD2515
S2051003AE64D5
S2051003AF2C0C
S2051003B03007
S2051003B178BE
S2051003B22510
S2051003B378BC
S2051003B4290A
S2051003B50A28
S2051003B60031
S2051003B70030
S2051003B8240B
S2051003B970BE
S2051003BA79B4
S2051003BB73B9
S2051003BC68C3
S2051003BD65C5
S2051003BE6CBD
S2051003BF6CBC
S2051003C02007
S2051003C173B3
S2051003C26FB6
S2051003C363C1
S2051003C443E0
S2051003C568BA
S2051003C665BC
S2051003C763BD
S2051003C86BB4
S2051003C946D8
S2051003CA67B6
S2051003CB65B7
S2051003CC74A7
S2051003CD48D2
S2051003CE65B4
S2051003CF78A0
S2051003D046D1
S2051003D128EE
S2051003D229EC
S2051003D30A0A
S2051003D40013
S2051003D50012
S2051003D60011
S2051003D70010
S2051003D824EB
S2051003D9709E
S2051003DA7994
S2051003DB7399
S2051003DC68A3
S2051003DD65A5
S2051003DE6C9D
S2051003DF6C9C
S2051003E020E7
S2051003E17393
S2051003E26F96
S2051003E363A1
S2051003E453B0
S2051003E5748E
S2051003E661A0
S2051003E7728E
S2051003E8748B
S2051003E946B8
S2051003EA708D
S2051003EB7587
S2051003EC7487
S2051003ED48B2
S2051003EE6594
S2051003EF7880
S2051003F046B1
S2051003F128CE
S2051003F225D0
S2051003F36490
S2051003F42CC7
S2051003F525CD
S2051003F6648D
S2051003F72CC4
S2051003F825CA
S2051003F9648A
S2051003FA2CC1
S2051003FB30BC
S2051003FC7873
S2051003FD25C5
S2051003FE7871
S2051003FF29BF
S2051004000ADC
S20510040100E5
S20510040200E4
S20510040300E3
S20510040424BE
S2051004057071
S2051004067967
S205100407736C
S2051004086876
S2051004096578
S20510040A6C70
S20510040B6C6F
S20510040C20BA
S20510040D7366
S20510040E6F69
S20510040F6374
S2051004104393
S205100411686D
S205100412656F
S2051004136370
S2051004146B67
S205100415468B
S2051004167060
S205100417755A
S205100418745A
S2051004194885
S20510041A6567
S20510041B7853
S20510041C4684
S20510041D28A1
S20510041E299F
S20510041F0ABD
S20510042000C6
S20510042100C5
S20510042200C4
S20510042300C3
S205100424249E
S2051004257051
S2051004267947
S205100427734C
S2051004286856
S2051004296558
S20510042A6C50
S20510042B6C4F
S20510042C209A
S20510042D7346
S20510042E793F
S20510042F7344
S2051004304373
S2051004316154
S2051004326C48
S2051004336C47
S205100434288A
S205100435228F
S205100436258B
S205100437733C
S205100438228C
S2051004392984
S20510043A0AA2
S20510043B00AB
S20510043C2486
S20510043D7039
S20510043E792F
S20510043F7334
S205100440683E
S2051004416540
S2051004426C38
S2051004436C37
S2051004442082
S2051004457130
S205100446752B
S2051004476936
S205100448742A
S205100449415C
S20510044A702C
S20510044B702B
S20510044C2872
S20510044D2970
S20510044E0A8E
S20510044F0097
S2051004503066
S2051004513164
S2051004523262
S2051004533360
S205100454345E
S205100455355C
S205100456365A
S2051004573758
S2051004583856
S2051004593954
S20510045A612B
S20510045B6229
S20510045C6327
S20510045D6425
S20510045E6523
S20510045F6621
S205100460671F
S205100461681D
S205100462691B
S2051004636A19
S2051004646B17
S2051004656C15
S2051004666D13
S2051004676E11
S2051004686F0F
S205100469700D
S20510046A710B
S20510046B7209
S20510046C7307
S20510046D7405
S20510046E7503
S20510046F7601
S20510047077FF
S20510047178FD
S20510047279FB
S2051004737AF9
S2051004740072
S2051004750071
S2051004760070
S205100477006F
S205100478303E
S205100479313C
S20510047A323A
S20510047B3338
S20510047C3436
S20510047D3534
S20510047E3632
S20510047F3730
S205100480382E
S205100481392C
S2051004824123
S2051004834221
S205100484431F
S205100485441D
S205100486451B
S2051004874619
S2051004884717
S2051004894815
S20510048A4913
S20510048B4A11
S20510048C4B0F
S20510048D4C0D
S20510048E4D0B
S20510048F4E09
S2051004904F07
S2051004915005
S2051004925103
S2051004935201
S20510049453FF
S20510049554FD
S20510049655FB
S20510049756F9
S20510049857F7
S20510049958F5
S20510049A59F3
S20510049B5AF1
S20510049C004A
S20510049D0049
S20510049E0048
S20510049F0047
S2051004A03C0A
S2051004A14EF7
S2051004A255EF
S2051004A34CF7
S2051004A44CF6
S2051004A53E03
S2051004A60040
S2051004A7003F
S2051004A8003E
S2051004A9003D
S2051004AA013B
S2051004AB003B
S2051004AC0436
S2051004AD0039
S2051004AE092F
S2051004AF0037
S2051004B01026
S2051004B10035
S2051004B2191B
S2051004B30033
S2051004B4240E
S2051004B50031
S2051004B631FF
S2051004B7002F
S2051004B840EE
S2051004B9002D
S2051004BA51DB
S2051004BB002B
S2051004BC64C6
S2051004BD0029
S2051004BE79AF
S2051004BF0027
S2051004C09096
S2051004C10025
S2051004C2A97B
S2051004C30023
S2051004C4C45E
S2051004C50021
S2051004C6E13F
S2051004C7001F
S2051004C8C05E
S2051004C93AE3
S2051004CA001C
S2051004CB001B
S2051004CC3CDE
S2051004CD3ADF
S2051004CE0018
S2051004CF0017
S2051004D03CDA
S2051004D13ADB
S2051004D20014
S2051004D30013
S2051004D4B45E
S2051004D53AD7
S2051004D60010
S2051004D7000F
S2051004D83CD2
S2051004D93AD3
S2051004DA000C
S2051004DB000B
S2051004DC3CCE
S2051004DD3ACF
S2051004DE0008
S2051004DF0007
S2051004E03CCA
S2051004E13ACB
S2051004E20004
S2051004E30003
S2051004E43CC6
S2051004E53AC7
S2051004E60000
S2051004E700FF
S2051004E83CC2
S2051004E93AC3
S2051004EA00FC
S2051004EB00FB
S2051004EC3CBE
S2051004ED3ABF
S2051004EE00F8
S2051004EF00F7
S2051004F03CBA
S2051004F13ABB
S2051004F200F4
S2051004F300F3
S2051004F4A84A
S2051004F53AB7
S2051004F600F0
S2051004F700EF
S2051004F83CB2
S2051004F93AB3
S2051004FA00EC
S2051004FB00EB
S2051004FC9C4E
S2051004FD3AAF
S2051004FE00E8
S2051004FF00E7
S2051005003CA9
S2051005013AAA
S20510050200E3
S20510050300E2
S2051005043CA5
S2051005053AA6
S20510050600DF
S20510050700DE
S205100508904D
S2051005093AA2
S20510050A00DB
S20510050B00DA
S20510050CB029
S20510050D4494
S20510050E00D7
S20510050F00D6
S205100510CC09
S2051005113A9A
S20510051200D3
S20510051300D2
S205100514CC05
S2051005153A96
S20510051600CF
S20510051700CE
S205100518CC01
S2051005193A92
S20510051A00CB
S20510051B00CA
S20510051CCCFD
S20510051D3A8E
S20510051E00C7
S20510051F00C6
S205100520CCF9
S2051005213A8A
S20510052200C3
S20510052300C2
S205100524CCF5
S2051005253A86
S20510052600BF
S20510052700BE
S205100528CCF1
S2051005293A82
S20510052A00BB
S20510052B00BA
S20510052CCCED
S20510052D3A7E
S20510052E00B7
S20510052F00B6
S205100530CCE9
S2051005313A7A
S20510053200B3
S20510053300B2
S205100534CCE5
S2051005353A76
S20510053600AF
S20510053700AE
S205100538CCE1
S2051005393A72
S20510053A00AB
S20510053B00AA
S20510053CCCDD
S20510053D3A6E
S20510053E00A7
S20510053F00A6
S205100540CCD9
S2051005413A6A
S20510054200A3
S20510054300A2
S205100544CCD5
S2051005453A66
S205100546009F
S205100547009E
S205100548CCD1
S2051005493A62
S20510054A009B
S20510054B009A
S20510054CCCCD
S20510054D3A5E
S20510054E0097
S20510054F0096
S205100550CCC9
S2051005513A5A
S2051005520093
S2051005530092
S205100554CCC5
S2051005553A56
S205100556008F
S205100557008E
S205100558CCC1
S2051005593A52
S20510055A008B
S20510055B008A
S20510055CCCBD
S20510055D3A4E
S20510055E0087
S20510055F0086
S205100560CCB9
S2051005613A4A
S2051005620083
S2051005630082
S205100564CCB5
S2051005653A46
S205100566007F
S205100567007E
S2051005680C71
S2051005694834
S20510056A007B
S20510056B007A
S20510056CCCAD
S20510056D3A3E
S20510056E0077
S20510056F0076
S205100570CCA9
S2051005713A3A
S2051005720073
S2051005730072
S205100574CCA5
S2051005753A36
S205100576006F
S205100577006E
S205100578CCA1
S2051005793A32
S20510057A006B
S20510057B006A
S20510057CCC9D
S20510057D3A2E
S20510057E0067
S20510057F0066
S205100580CC99
S2051005813A2A
S2051005820063
S2051005830062
S205100584CC95
S2051005853A26
S205100586005F
S205100587005E
S205100588CC91
S2051005893A22
S20510058A005B
S20510058B005A
S20510058C0455
S20510058D4810
S20510058E0057
S20510058F0056
S205100590CC89
S2051005913A1A
S2051005920053
S2051005930052
S20510059464ED
S2051005953F11
S205100596004F
S205100597004E
S205100598A8A5
S2051005994705
S20510059A004B
S20510059B004A
S20510059CCC7D
S20510059D3A0E
S20510059E0047
S20510059F0046
S2051005A098AD
S2051005A13D07
S2051005A20043
S2051005A30042
S2051005A4CC75
S2051005A53A06
S2051005A6003F
S2051005A7003E
S2051005A8CC71
S2051005A93A02
S2051005AA003B
S2051005AB003A
S2051005ACA891
S2051005AD47F1
S2051005AE0037
S2051005AF0036
S2051005B0CC69
S2051005B13AFA
S2051005B20033
S2051005B30032
S2051005B4CC65
S2051005B53AF6
S2051005B6002F
S2051005B7002E
S2051005B8CC61
S2051005B93AF2
S2051005BA002B
S2051005BB002A
S2051005BCCC5D
S2051005BD3AEE
S2051005BE0027
S2051005BF0026
S2051005C0CC59
S2051005C13AEA
S2051005C20023
S2051005C30022
S2051005C468B9
S2051005C53CE4
S2051005C6001F
S2051005C7001E
S2051005C8AC71
S2051005C93FDD
S2051005CA001B
S2051005CB001A
S2051005CCCC4D
S2051005CD3ADE
S2051005CE0017
S2051005CF0016
S2051005D0CC49
S2051005D13ADA
S2051005D20013
S2051005D30012
S2051005D48091
S2051005D53CD4
S2051005D6000F
S2051005D7000E
S2051005D8CC41
S2051005D93AD2
S2051005DA000B
S2051005DB000A
S2051005DCB455
S2051005DD3BCD
S2051005DE0007
S2051005DF0006
S2051005E0CC39
S2051005E13ACA
S2051005E20003
S2051005E30002
S2051005E4CC35
S2051005E53AC6
S2051005E600FF
S2051005E700FE
S2051005E87489
S2051005E93CC0
S2051005EA00FB
S2051005EB00FA
S2051005EC58A1
S2051005ED43B5
S2051005EE00F7
S2051005EF00F6
S2051005F0D025
S2051005F13ABA
S2051005F200F3
S2051005F300F2
S2051005F4D021
S2051005F53AB6
S2051005F600EF
S2051005F700EE
S2051005F8D01D
S2051005F93AB2
S2051005FA00EB
S2051005FB00EA
S2051005FCD019
S2051005FD3AAE
S2051005FE00E7
S2051005FF00E6
S205100600D014
S2051006013AA9
S20510060200E2
S20510060300E1
S205100604D010
S2051006053AA5
S20510060600DE
S20510060700DD
S205100608D00C
S2051006093AA1
S20510060A00DA
S20510060B00D9
S20510060CD008
S20510060D3A9D
S20510060E00D6
S20510060F00D5
S205100610D004
S2051006113A99
S20510061200D2
S20510061300D1
S205100614D000
S2051006153A95
S20510061600CE
S20510061700CD
S205100618D0FC
S2051006193A91
S20510061A00CA
S20510061B00C9
S20510061CD0F8
S20510061D3A8D
S20510061E00C6
S20510061F00C5
S205100620D0F4
S2051006213A89
S20510062200C2
S20510062300C1
S205100624D0F0
S2051006253A85
S20510062600BE
S20510062700BD
S205100628D0EC
S2051006293A81
S20510062A00BA
S20510062B00B9
S20510062CD0E8
S20510062D3A7D
S20510062E00B6
S20510062F00B5
S205100630D0E4
S2051006313A79
S20510063200B2
S20510063300B1
S205100634D0E0
S2051006353A75
S20510063600AE
S20510063700AD
S205100638D0DC
S2051006393A71
S20510063A00AA
S20510063B00A9
S20510063CD0D8
S20510063D3A6D
S20510063E00A6
S20510063F00A5
S205100640D0D4
S2051006413A69
S20510064200A2
S20510064300A1
S205100644D0D0
S2051006453A65
S205100646009E
S205100647009D
S205100648F0AC
S2051006493F5C
S20510064A009A
S20510064B0099
S20510064CD0C8
S20510064D3A5D
S20510064E0096
S20510064F0095
S205100650D0C4
S2051006513A59
S2051006520092
S2051006530091
S205100654D0C0
S2051006553A55
S205100656008E
S205100657008D
S205100658D0BC
S2051006593A51
S20510065A008A
S20510065B0089
S20510065CD0B8
S20510065D3A4D
S20510065E0086
S20510065F0085
S205100660D0B4
S2051006613A49
S2051006620082
S2051006630081
S205100664D0B0
S2051006653A45
S205100666007E
S205100667007D
S205100668D0AC
S2051006693A41
S20510066A007A
S20510066B0079
S20510066CFC7C
S20510066D3F38
S20510066E0076
S20510066F0075
S205100670D0A4
S2051006713A39
S2051006720072
S2051006730071
S2051006746808
S2051006753F30
S205100676006E
S205100677006D
S2051006784824
S2051006793C2F
S20510067A006A
S20510067B0069
S20510067CD098
S20510067D3A2D
S20510067E0066
S20510067F0065
S2051006809CC8
S2051006813D26
S2051006820062
S2051006830061
S205100684D090
S2051006853A25
S205100686005E
S205100687005D
S205100688D08C
S2051006893A21
S20510068A005A
S20510068B0059
S20510068C4810
S20510068D3C1B
S20510068E0056
S20510068F0055
S205100690D084
S2051006913A19
S2051006920052
S2051006930051
S205100694D080
S2051006953A15
S205100696004E
S205100697004D
S205100698D07C
S2051006993A11
S20510069A004A
S20510069B0049
S20510069CD078
S20510069D3A0D
S20510069E0046
S20510069F0045
S2051006A0D074
S2051006A13A09
S2051006A20042
S2051006A30041
S2051006A46CD4
S2051006A53C03
S2051006A6003E
S2051006A7003D
S2051006A8B08C
S2051006A93FFC
S2051006AA003A
S2051006AB0039
S2051006ACD068
S2051006AD3AFD
S2051006AE0036
S2051006AF0035
S2051006B0D064
S2051006B13AF9
S2051006B20032
S2051006B30031
S2051006B484AC
S2051006B53CF3
S2051006B6002E
S2051006B7002D
S2051006B8D05C
S2051006B93AF1
S2051006BA002A
S2051006BB0029
S2051006BCB870
S2051006BD3BEC
S2051006BE0026
S2051006BF0025
S2051006C0D054
S2051006C13AE9
S2051006C20022
S2051006C30021
S2051006C4D050
S2051006C53AE5
S2051006C6001E
S2051006C7001D
S2051006C878A4
S2051006C93CDF
S2051006CA001A
S2051006CB0019
S2051006D00014
S2051006D10013
S2051006D20012
S2051006D30011
S2051006D40010
S2051006D5000F
S2051006D624EA
S2051006D740CD
S2051006D8B854
S2051006D91EED
S2051006DA8585
S2051006DBEB1E
S2051006DC51B7
S2051006DDB84F
S2051006DE9E68
S2051006DF3FC6
S2051006E00004
S2051006E10003
S2051006E20002
S2051006E30001
S2051006E40000
S2051006E500FF
S2051006E6F00E
S2051006E73FBE
S2051006E814E8
S2051006E900FB
S2051006EA00FA
S2051006EB8079
S80400008477
