S00F000068656C6C6F5F6D652E733139A0
S20500000013E7
S20500000100F9
S20500000200F8
S20500000300F7
S20500000413E3
S20500000500F5
S20500000600F4
S20500000700F3
S20500000813DF
S20500000900F1
S20500000A00F0
S20500000B00EF
S20500000C13DB
S20500000D00ED
S20500000E00EC
S20500000F00EB
S20500001013D7
S20500001100E9
S20500001200E8
S20500001300E7
S20500001413D3
S20500001500E5
S20500001600E4
S20500001700E3
S20500001813CF
S20500001900E1
S20500001A00E0
S20500001B00DF
S20500001C13CB
S20500001D00DD
S20500001E00DC
S20500001F00DB
S20500002013C7
S20500002100D9
S20500002200D8
S20500002300D7
S20500002413C3
S20500002500D5
S20500002600D4
S20500002700D3
S20500002813BF
S20500002900D1
S20500002A00D0
S20500002B00CF
S20500002C13BB
S20500002D00CD
S20500002E00CC
S20500002F00CB
S20500003013B7
S20500003100C9
S20500003200C8
S20500003300C7
S20500003413B3
S20500003500C5
S20500003600C4
S20500003700C3
S20500003813AF
S20500003900C1
S20500003A00C0
S20500003B00BF
S20500003C13AB
S20500003D00BD
S20500003E00BC
S20500003F00BB
S20500004013A7
S20500004100B9
S20500004200B8
S20500004300B7
S20500004413A3
S20500004500B5
S20500004600B4
S20500004700B3
S205000048139F
S20500004900B1
S20500004A00B0
S20500004B00AF
S20500004C139B
S20500004D00AD
S20500004E00AC
S20500004F00AB
S2050000501397
S20500005100A9
S20500005200A8
S20500005300A7
S2050000541393
S20500005500A5
S20500005600A4
S20500005700A3
S205000058138F
S20500005900A1
S20500005A00A0
S20500005B009F
S20500005C138B
S20500005D009D
S20500005E009C
S20500005F009B
S2050000601387
S2050000610099
S2050000620098
S2050000630097
S2050000641383
S2050000650095
S2050000660094
S2050000670093
S205000068137F
S2050000690091
S20500006A0090
S20500006B008F
S20500006C137B
S20500006D008D
S20500006E008C
S20500006F008B
S2050000701377
S2050000710089
S2050000720088
S2050000730087
S2050000741373
S2050000750085
S2050000760084
S2050000770083
S205000078136F
S2050000790081
S20500007A0080
S20500007B007F
S20500007C136B
S20500007D007D
S20500007E007C
S20500007F007B
S2050000806F0B
S2050000810079
S2050000824038
S2050000830077
S20500008493E3
S2050000850075
S2050000860074
S2050000870073
S205000088135F
S20500008981F0
S20500008A0070
S20500008B006F
S20500008C93DB
S20500008D81EC
S20500008E006C
S20500008F006B
S2050000901357
S20500009182E7
S2050000920068
S2050000930067
S20500009493D3
S20500009582E3
S2050000960064
S2050000970063
S205000098134F
S20500009983DE
S20500009A0060
S20500009B005F
S20500009C93CB
S20500009D83DA
S20500009E005C
S20500009F005B
S2050000A01347
S2050000A184D5
S2050000A20058
S2050000A30057
S2050000A493C3
S2050000A584D1
S2050000A60054
S2050000A70053
S2050000A8133F
S2050000A985CC
S2050000AA0050
S2050000AB004F
S2050000AC93BB
S2050000AD85C8
S2050000AE004C
S2050000AF004B
S2050000B01337
S2050000B186C3
S2050000B20048
S2050000B30047
S2050000B493B3
S2050000B586BF
S2050000B60044
S2050000B70043
S2050000B8132F
S2050000B987BA
S2050000BA0040
S2050000BB003F
S2050000BC93AB
S2050000BD87B6
S2050000BE003C
S2050000BF003B
S2050000C01327
S2050000C188B1
S2050000C20038
S2050000C30037
S2050000C493A3
S2050000C588AD
S2050000C60034
S2050000C70033
S2050000C8131F
S2050000C989A8
S2050000CA0030
S2050000CB002F
S2050000CC939B
S2050000CD89A4
S2050000CE002C
S2050000CF002B
S2050000D01317
S2050000D18A9F
S2050000D20028
S2050000D30027
S2050000D49393
S2050000D58A9B
S2050000D60024
S2050000D70023
S2050000D8130F
S2050000D98B96
S2050000DA0020
S2050000DB001F
S2050000DC938B
S2050000DD8B92
S2050000DE001C
S2050000DF001B
S2050000E01307
S2050000E18C8D
S2050000E20018
S2050000E30017
S2050000E49383
S2050000E58C89
S2050000E60014
S2050000E70013
S2050000E813FF
S2050000E98D84
S2050000EA0010
S2050000EB000F
S2050000EC937B
S2050000ED8D80
S2050000EE000C
S2050000EF000B
S2050000F013F7
S2050000F18E7B
S2050000F20008
S2050000F30007
S2050000F49373
S2050000F58E77
S2050000F60004
S2050000F70003
S2050000F813EF
S2050000F98F72
S2050000FA0000
S2050000FB00FF
S2050000FC936B
S2050000FD8F6E
S2050000FE00FC
S2050000FF00FB
S20500010017E2
S2050001016197
S20500010210E7
S20500010300F6
S20500010413E2
S20500010501F3
S20500010601F2
S205000107DF13
S20500010817DA
S2050001090DE3
S20500010A10DF
S20500010B00EE
S20500010C13DA
S20500010D0DDF
S20500010E4D9E
S20500010F38B2
S2050001109752
S2050001110DDB
S20500011210D7
S20500011300E6
S2050001149352
S2050001158D57
S2050001164D96
S20500011738AA
S205000118637E
S2050001195888
S20500011ABD22
S20500011B01DD
S20500011C23BA
S20500011D20BC
S20500011E0DCE
S20500011F00DA
S20500012013C6
S2050001210DCB
S2050001224D8A
S20500012300D6
S205000124E3F2
S205000125DCF8
S205000126AD26
S205000127FFD3
S205000128EFE2
S20500012920B0
S20500012A10BF
S20500012B09C5
S20500012C13BA
S20500012D05C7
S20500012E00CB
S20500012F00CA
S2050001309336
S20500013105C3
S20500013200C7
S20500013300C6
S205000134EFD6
S20500013520A4
S2050001365073
S2050001374B77
S205000138EFD2
S20500013900C0
S20500013A00BF
S20500013B00BE
S20500013C6756
S20500013D803C
S20500013E00BB
S20500013F00BA
S2050001409326
S205000141D7E1
S2050001424572
S2050001434175
S20500014413A2
S20500014501B3
S20500014601B2
S205000147FFB3
S205000148931E
S205000149F7B9
S20500014AF7B8
S20500014B7F2F
S20500014C238A
S20500014D2488
S20500014E812A
S20500014F00AA
S2050001502386
S2050001512286
S2050001529116
S20500015300A6
S2050001542382
S2050001552084
S2050001562182
S20500015701A1
S205000158237E
S205000159267A
S20500015A118E
S20500015B009E
S20500015C138A
S20500015D8715
S20500015E1784
S20500015FC0DA
S2050001609306
S2050001610692
S2050001623067
S2050001630195
S2050001641382
S2050001658410
S205000166058E
S2050001670092
S20500016893FE
S205000169048C
S20500016A058A
S20500016B008E
S20500016C137A
S20500016D0983
S20500016E0685
S20500016F008A
S2050001706326
S205000171CCBC
S205000172E6A1
S2050001730482
S2050001746322
S2050001754A3A
S205000176077C
S2050001771072
S205000178B7CA
S2050001790779
S20500017A106F
S20500017B007E
S20500017C93EA
S20500017D87F5
S20500017EF784
S20500017FFF7B
S205000180B3C6
S205000181D7A1
S205000182E790
S2050001834036
S2050001843342
S205000185F77D
S205000186B7BC
S2050001870072
S205000188333E
S2050001896709
S20500018AA7C8
S20500018B006E
S20500018C630A
S20500018D1A52
S20500018E0764
S20500018F0664
S20500019093D6
S2050001910761
S2050001920463
S2050001930066
S205000194B7AE
S205000195065E
S2050001960063
S20500019780E2
S205000198233E
S2050001992040
S20500019A99C6
S20500019B005E
S20500019C332A
S20500019DF468
S20500019E86D5
S20500019F005A
S2050001A02336
S2050001A12236
S2050001A2F95E
S2050001A30056
S2050001A493C2
S2050001A50450
S2050001A60053
S2050001A70052
S2050001A883CE
S2050001A92030
S2050001AAC18E
S2050001AB004E
S2050001AC93BA
S2050001AD0547
S2050001AE0447
S2050001AF004A
S2050001B00346
S2050001B12424
S2050001B281C6
S2050001B30046
S2050001B40342
S2050001B5291B
S2050001B60142
S2050001B70042
S2050001B8132E
S2050001B985BB
S2050001BA043B
S2050001BB003E
S2050001BC83BA
S2050001BD2418
S2050001BE41FA
S2050001BF003A
S2050001C01326
S2050001C10137
S2050001C20136
S2050001C30135
S2050001C467CE
S2050001C580B4
S2050001C60033
S2050001C70032
S2050001C8939E
S2050001C9062A
S2050001CA30FF
S2050001CB032B
S2050001CC63CA
S2050001CDC26A
S2050001CEE645
S2050001CF0822
S2050001D01316
S2050001D10721
S2050001D2F037
S2050001D3FF27
S2050001D49392
S2050001D5879D
S2050001D6D74C
S2050001D7BE64
S2050001D8B36E
S2050001D957C9
S2050001DAF728
S2050001DB001E
S2050001DC33EA
S2050001DDF725
S2050001DEA774
S2050001DF001A
S2050001E0E336
S2050001E10810
S2050001E20710
S2050001E3FA1C
S2050001E49382
S2050001E5C74D
S2050001E6F71C
S2050001E7FF13
S2050001E8B35E
S2050001E9F719
S2050001EAA768
S2050001EB000E
S2050001EC13FA
S2050001ED8884
S2050001EE0704
S2050001EF000A
S2050001F013F6
S2050001F18682
S2050001F20700
S2050001F30006
S2050001F49372
S2050001F5887C
S2050001F605FE
S2050001F70002
S2050001F8936E
S2050001F9867A
S2050001FA05FA
S2050001FB00FE
S2050001FC6F8E
S2050001FD00FC
S2050001FE00FB
S2050001FF02F8
S2050002009365
S205000201C730
S205000202F7FF
S205000203FFF6
S20500020413E1
S20500020507EC
S20500020600F2
S20500020700F1
S205000208B33D
S205000209F7F8
S20500020AB737
S20500020B00ED
S20500020C13D9
S20500020D08E3
S20500020E07E3
S20500020F00E9
S20500021013D5
S20500021106E1
S20500021207DF
S20500021300E5
S2050002149351
S205000215885B
S20500021607DB
S20500021700E1
S205000218934D
S2050002198659
S20500021A07D7
S20500021B00DD
S20500021C23B9
S20500021D20BB
S20500021E09D1
S20500021F01D8
S20500022023B5
S20500022122B5
S20500022219BD
S20500022301D4
S205000224EFE5
S20500022510C3
S2050002269042
S2050002274A87
S20500022813BD
S205000229844B
S20500022A05C9
S20500022B00CD
S20500022C8349
S20500022D20AB
S20500022EC109
S20500022F00C9
S2050002309335
S20500023105C2
S20500023204C2
S20500023300C5
S20500023403C1
S205000235249F
S2050002368141
S20500023700C1
S205000238932D
S20500023904BB
S20500023A05B9
S20500023B00BD
S20500023C03B9
S20500023D2992
S20500023E01B9
S20500023F00B9
S20500024013A5
S2050002418532
S20500024204B2
S20500024300B5
S2050002448331
S205000245248F
S2050002464171
S20500024700B1
S205000248139D
S20500024901AE
S20500024A01AD
S20500024B01AC
S20500024C6745
S20500024D802B
S20500024E00AA
S20500024F00A9
S2050002502385
S2050002512087
S205000252A9FD
S20500025300A5
S2050002542381
S2050002552281
S205000256B9E9
S20500025700A1
S205000258EFB1
S205000259009F
S20500025A009E
S20500025B0796
S20500025C6339
S20500025D1E7D
S20500025E0595
S20500025F0495
S2050002601385
S2050002618611
S2050002620492
S2050002630095
S2050002641381
S205000265850E
S205000266048E
S2050002670091
S20500026893FD
S2050002690689
S20500026A048A
S20500026B008D
S20500026C93F9
S20500026D0586
S20500026E0486
S20500026F0089
S205000270EF99
S2050002710087
S2050002728006
S2050002730C79
S20500027493F1
S205000275047F
S205000276057D
S2050002770081
S205000278136D
S20500027984FB
S20500027A0579
S20500027B007D
S20500027C2359
S20500027D205B
S20500027EA9D1
S20500027F0079
S2050002802355
S2050002812255
S205000282B9BD
S2050002830075
S2050002846F05
S205000285F083
S2050002865F13
S205000287F27F
S205000288B7B9
S2050002890768
S20500028A006E
S20500028B80ED
S20500028C83E9
S20500028D204B
S20500028EC1A9
S20500028F0069
S205000290B3B5
S205000291F770
S205000292B7AF
S2050002930065
S20500029493D1
S205000295055E
S205000296045E
S2050002970061
S205000298035D
S205000299243B
S20500029A81DD
S20500029B005D
S20500029C2339
S20500029D203B
S20500029E0654
S20500029F0059
S2050002A02335
S2050002A12235
S2050002A2F660
S2050002A30055
S2050002A40351
S2050002A5292A
S2050002A60151
S2050002A70051
S2050002A8133D
S2050002A985CA
S2050002AA044A
S2050002AB004D
S2050002AC83C9
S2050002AD2427
S2050002AE4109
S2050002AF0049
S2050002B01335
S2050002B10146
S2050002B20145
S2050002B30144
S2050002B467DD
S2050002B580C3
S2050002B60042
S2050002B70041
S2050002B8B789
S2050002B90738
S2050002BA003E
S2050002BB80BD
S2050002BC3309
S2050002BDF447
S2050002BE87B3
S2050002BF0039
S2050002C093A5
S2050002C10433
S2050002C20036
S2050002C30035
S2050002C46FC5
S2050002C5F043
S2050002C65FD3
S2050002C7EE43
S2050002C833FD
S2050002C967C8
S2050002CAB579
S2050002CB002D
S2050002CC9399
S2050002CD0724
S2050002CE0525
S2050002CF0029
S2050002D063C5
S2050002D10C1B
S2050002D2071F
S2050002D30421
S2050002D437ED
S2050002D5071C
S2050002D60022
S2050002D780A1
S2050002D863BD
S2050002D9829D
S2050002DAE539
S2050002DB0419
S2050002DC9389
S2050002DD0615
S2050002DEF723
S2050002DFFF1A
S2050002E0B365
S2050002E1F621
S2050002E2B660
S2050002E30015
S2050002E437DD
S2050002E5080B
S2050002E6F022
S2050002E7FF12
S2050002E833DD
S2050002E98887
S2050002EA0608
S2050002EB010C
S2050002ECB755
S2050002ED0803
S2050002EEE02A
S2050002EF7F8A
S2050002F013F5
S2050002F10502
S2050002F240C6
S2050002F30005
S2050002F463A1
S2050002F562A1
S2050002F618EA
S2050002F703FE
S2050002F837C9
S2050002F908F7
S2050002FA10EE
S2050002FB00FD
S2050002FC13E9
S2050002FD05F6
S2050002FE30CA
S2050002FF00F9
S2050003006394
S205000301EC0A
S20500030205F0
S20500030301F3
S20500030433C0
S20500030507EB
S205000306B73A
S20500030700F0
S205000308638C
S2050003096886
S20500030A07E6
S20500030B01EB
S20500030C37B4
S20500030D07E3
S20500030EF0F9
S20500030F7F69
S20500031013D4
S20500031105E1
S20500031200E5
S20500031300E4
S2050003146380
S2050003158E54
S205000316E6FB
S20500031700E0
S2050003186778
S205000319805E
S20500031A00DD
S20500031B00DC
S20500031C33A8
S20500031D35A5
S20500031EA039
S20500031F00D8
S20500032013C4
S20500032105D1
S20500032225B0
S20500032300D4
S205000324676C
S2050003258052
S20500032600D1
S20500032700D0
S20500032813BC
S20500032905C9
S20500032A20AD
S20500032B00CC
S20500032C6764
S20500032D804A
S20500032E00C9
S20500032F00C8
S20500033013B4
S205000331B511
S20500033217AE
S20500033300C4
S205000334675C
S2050003358042
S20500033600C1
S20500033700C0
S205000338B708
S20500033907B7
S20500033A10AD
S20500033B00BC
S20500033C13A8
S20500033D01B9
S20500033E01B8
S20500033FFEBA
S2050003409324
S2050003418E28
S205000342F7BE
S205000343FFB5
S2050003443380
S205000345F8BA
S205000346BEF3
S20500034700B0
S205000348B3FC
S205000349F7B7
S20500034ADECF
S20500034B00AC
S20500034C1398
S20500034DD3D7
S20500034E4663
S20500034F01A7
S2050003502384
S205000351287E
S2050003522184
S20500035301A3
S2050003541390
S205000355D9C9
S205000356455C
S205000357019F
S205000358930C
S2050003599707
S20500035A3766
S20500035B009C
S20500035C2378
S20500035D2C6E
S20500035E8118
S20500035F0098
S2050003601384
S205000361187E
S205000362385D
S2050003630094
S2050003641380
S205000365D4BE
S205000366F59C
S205000367018F
S205000368137C
S2050003695737
S20500036AD5B8
S20500036B018B
S20500036C93F8
S20500036D5832
S20500036ED6B3
S20500036F0187
S2050003701374
S205000371790D
S205000372F98C
S2050003737F05
S2050003741370
S205000375730F
S205000376F38E
S2050003777F01
S205000378235C
S2050003792E50
S20500037A116C
S20500037B007C
S20500037C2358
S20500037D2A50
S20500037E91E8
S20500037F0078
S2050003802354
S2050003812650
S2050003823144
S2050003830173
S20500038493E0
S205000385D69C
S205000386F67B
S205000387016F
S205000388B3BC
S205000389E886
S20500038AF875
S20500038B006C
S20500038C3338
S20500038D6703
S20500038E0762
S20500038F0167
S20500039093D4
S2050003911551
S2050003923530
S2050003930064
S2050003941350
S2050003951F43
S205000396362B
S2050003970060
S205000398B3AC
S2050003990757
S20500039A69F4
S20500039B401C
S20500039C63F8
S20500039D0456
S20500039ED485
S20500039F1E3A
S2050003A063F4
S2050003A15204
S2050003A2F065
S2050003A3163E
S2050003A463F0
S2050003A5064C
S2050003A6034E
S2050003A72828
S2050003A893BC
S2050003A90648
S2050003AAF05D
S2050003AB7FCD
S2050003AC63E8
S2050003AD0644
S2050003AED970
S2050003AF4206
S2050003B093B4
S2050003B10640
S2050003B280C5
S2050003B30341
S2050003B41330
S2050003B5063C
S2050003B61031
S2050003B70040
S2050003B863DC
S2050003B9CE70
S2050003BAF647
S2050003BB023A
S2050003BCB784
S2050003BD0634
S2050003BE80B9
S2050003BF0038
S2050003C0B384
S2050003C1E84E
S2050003C2D85D
S2050003C30034
S2050003C493A0
S2050003C5062C
S2050003C6F041
S2050003C7012F
S2050003C863CC
S2050003C9CE60
S2050003CAF637
S2050003CB52DA
S2050003CC9398
S2050003CD0624
S2050003CE0029
S2050003CF0226
S2050003D0B374
S2050003D186A0
S2050003D2F62F
S2050003D340E4
S2050003D433F0
S2050003D5968C
S2050003D6D849
S2050003D70020
S2050003D833EC
S2050003D955C9
S2050003DAFF1E
S2050003DB001C
S2050003DCB368
S2050003DD1604
S2050003DEDF3A
S2050003DF0018
S2050003E033E4
S2050003E166B0
S2050003E2A66F
S2050003E30014
S2050003E4B360
S2050003E536DC
S2050003E6D041
S2050003E70010
S2050003E8B35C
S2050003E9D836
S2050003EAF815
S2050003EB000C
S2050003EC33D8
S2050003ED66A4
S2050003EED633
S2050003EF0008
S2050003F033D4
S2050003F107FF
S2050003F217EE
S2050003F341C3
S2050003F433D0
S2050003F5867C
S2050003F6C53C
S2050003F740C0
S2050003F8B34C
S2050003F9B549
S2050003FAC538
S2050003FB00FC
S2050003FC9368
S2050003FD04F6
S2050003FE06F3
S2050003FF00F8
S205000400B343
S20500040109EC
S205000402B73D
S20500040340B3
S205000404935F
S205000405975A
S2050004068967
S20500040700EF
S205000408638B
S205000409DA13
S20500040A07E5
S20500040B32B9
S20500040CB733
S20500040D07E2
S20500040E8068
S20500040F00E7
S2050004109353
S205000411875E
S205000412F7ED
S205000413FFE4
S205000414B32F
S205000415F9E8
S205000416F9E7
S20500041700DF
S205000418637B
S2050004198855
S20500041A09D3
S20500041B2CAF
S20500041C13C7
S20500041D8554
S20500041E09CF
S20500041F00D7
S205000420EFE7
S20500042120B5
S20500042200D4
S2050004235182
S205000424933F
S20500042507CA
S205000426854B
S205000427FFD0
S205000428933B
S20500042906C7
S20500042A00CC
S20500042B02C9
S20500042C3397
S20500042D8742
S20500042EF6D2
S20500042F4087
S2050004303393
S205000431D7EE
S205000432E4E0
S20500043300C3
S205000434B30F
S2050004359928
S205000436F9C7
S20500043700BF
S205000438338B
S2050004396756
S20500043A3785
S20500043B01BA
S20500043CB307
S20500043D9425
S20500043EF4C4
S20500043F00B7
S2050004406353
S205000441C8ED
S205000442278D
S2050004434B68
S205000444B3FF
S205000445872A
S2050004462789
S205000447416E
S205000448931B
S2050004498726
S20500044A1795
S20500044B00AB
S20500044CB3F7
S20500044D8623
S20500044EF6B2
S20500044F4067
S2050004503373
S205000451960F
S205000452D4D0
S20500045300A3
S205000454B3EF
S205000455D9C8
S205000456F4AC
S205000457009F
S205000458336B
S2050004593667
S20500045AC0DC
S20500045B009B
S20500045C3367
S20500045D6633
S20500045E3662
S20500045F0196
S205000460B3E3
S205000461167F
S205000462D7BD
S2050004630093
S205000464B3DF
S205000465E4AD
S205000466C6CA
S205000467008F
S205000468B3DB
S2050004695934
S20500046AF795
S20500046B008B
S20500046C1377
S20500046D0980
S20500046E0088
S20500046F0087
S20500047093F3
S205000471F78E
S2050004727410
S2050004730083
S205000474631F
S2050004758001
S2050004760779
S205000477027D
S20500047893EB
S205000479F786
S20500047AF488
S20500047B007B
S20500047C1367
S20500047D0772
S20500047E4038
S20500047F0077
S2050004806313
S2050004818AEB
S205000482E78D
S2050004830073
S20500048493DF
S20500048587EA
S205000486442C
S205000487006F
S205000488333B
S205000489B6B7
S20500048A97D5
S20500048B006B
S20500048CB3B7
S20500048D89E0
S20500048EC99F
S20500048F0067
S20500049093D3
S20500049184E1
S205000492075D
S2050004930063
S20500049493CF
S20500049597CA
S20500049689D7
S205000497005F
S20500049863FB
S205000499DA83
S20500049A0755
S20500049B6EED
S20500049C93C7
S20500049D0752
S20500049E193F
S20500049F0057
S2050004A01343
S2050004A1074E
S2050004A2F064
S2050004A37FD4
S2050004A4133F
S2050004A50E43
S2050004A6044C
S2050004A7004F
S2050004A863EB
S2050004A986C7
S2050004AAE765
S2050004AB2A21
S2050004AC3713
S2050004AD0742
S2050004AE80C8
S2050004AFFF48
S2050004B01333
S2050004B1073E
S2050004B2F74D
S2050004B3FF44
S2050004B4330F
S2050004B5F74A
S2050004B6E957
S2050004B7003F
S2050004B893AB
S2050004B9F746
S2050004BAF745
S2050004BB7FBC
S2050004BC1327
S2050004BD1821
S2050004BED761
S2050004BF0136
S2050004C01323
S2050004C1D65F
S2050004C23400
S2050004C30033
S2050004C4131F
S2050004C5171A
S2050004C69799
S2050004C7002F
S2050004C833FB
S2050004C968C5
S2050004CAC864
S2050004CB002B
S2050004CC1317
S2050004CD57D2
S2050004CEC761
S2050004CF0027
S2050004D083A3
S2050004D12005
S2050004D2C163
S2050004D30122
S2050004D4031F
S2050004D524FD
S2050004D6819F
S2050004D7011E
S2050004D8938B
S2050004D99786
S2050004DA47D5
S2050004DB011A
S2050004DCB367
S2050004DDE732
S2050004DEE731
S2050004DF0017
S2050004E01303
S2050004E117FE
S2050004E2FE16
S2050004E30112
S2050004E4B35F
S2050004E5E72A
S2050004E6E729
S2050004E7000F
S2050004E8838B
S2050004E924E9
S2050004EA41CB
S2050004EB010A
S2050004EC0307
S2050004ED29E0
S2050004EE0107
S2050004EF0106
S2050004F08383
S2050004F129DC
S2050004F2C143
S2050004F30003
S2050004F413EF
S2050004F505FC
S2050004F608F8
S2050004F700FF
S2050004F8936B
S2050004F98578
S2050004FA07F5
S2050004FB00FB
S2050004FC13E7
S2050004FD01F8
S2050004FE01F7
S2050004FF02F5
S205000500678E
S2050005018074
S20500050200F3
S20500050300F2
S205000504638E
S2050005058C64
S20500050607E8
S20500050714DA
S205000508B33A
S20500050907E5
S20500050A23C8
S20500050B41A9
S20500050C6386
S20500050D12D6
S20500050E09DE
S20500050F3CAA
S20500051033B2
S205000511657F
S205000512B72C
S20500051300E2
S205000514637E
S20500051504DC
S20500051605DA
S2050005174C92
S20500051813CA
S2050005198557
S20500051AF7E4
S20500051BFFDB
S20500051C6376
S20500051D02D6
S20500051E05D2
S20500051F6076
S20500052013C2
S20500052108CC
S205000522F0E3
S2050005237F53
S205000524636E
S205000525864A
S20500052607C8
S2050005275777
S205000528933A
S20500052907C5
S20500052A804B
S20500052B03C7
S20500052C13B6
S20500052D06C2
S20500052E10B7
S20500052F00C6
S2050005306362
S205000531CCF8
S205000532A71C
S20500053302C0
S205000534932E
S20500053507B9
S20500053605BA
S20500053700BE
S20500053813AA
S20500053906B6
S20500053AF0CB
S20500053B01B9
S20500053C6356
S20500053D4C6C
S20500053EF6C1
S20500053F5660
S20500054013A2
S20500054105AF
S20500054200B3
S20500054302B0
S205000544337E
S20500054505AB
S205000546F5BA
S205000547406E
S205000548337A
S2050005491696
S20500054AA704
S20500054B00AA
S20500054C3376
S20500054DD8D0
S20500054EF5B2
S20500054F00A6
S2050005503372
S205000551950F
S205000552A5FE
S20500055300A2
S205000554336E
S205000555663A
S2050005560699
S205000557019D
S205000558336A
S2050005593567
S20500055AA0FB
S20500055B009A
S20500055C3366
S20500055D5741
S20500055EF7A0
S20500055F0096
S2050005603362
S205000561662E
S205000562A6ED
S2050005630092
S205000564B3DE
S2050005658808
S205000566E8A7
S205000567404E
S205000568335A
S2050005690686
S20500056ACFBC
S20500056B404A
S20500056C3356
S20500056D3751
S20500056ECFB8
S20500056F0086
S20500057093F2
S2050005710480
S205000572067D
S2050005730082
S205000574B3CE
S20500057589F7
S205000576E897
S205000577403E
S205000578136A
S2050005790973
S20500057A0378
S20500057B007A
S20500057C1366
S20500057D84F4
S20500057E0671
S20500057F0076
S2050005806F06
S205000581F084
S2050005825F14
S205000583E88A
S205000584630E
S2050005855020
S205000586F07F
S2050005871E50
S205000588630A
S205000589105C
S20500058A0368
S20500058B1456
S20500058CB3B6
S20500058DE682
S20500058EE87F
S20500058F0165
S2050005906302
S2050005918CD8
S205000592065D
S205000593263C
S20500059493CE
S20500059586DA
S205000596F768
S205000597FF5F
S20500059863FA
S20500059980DC
S20500059A0655
S20500059B4812
S20500059C1346
S20500059D0652
S20500059EF067
S20500059F7FD7
S2050005A063F2
S2050005A18CC8
S2050005A2C78C
S2050005A32230
S2050005A493BE
S2050005A50749
S2050005A680CF
S2050005A7034B
S2050005A893BA
S2050005A90943
S2050005AA103B
S2050005AB004A
S2050005AC63E6
S2050005ADCC7C
S2050005AED770
S2050005AF0244
S2050005B093B2
S2050005B187BD
S2050005B2063D
S2050005B30042
S2050005B493AE
S2050005B5063A
S2050005B6F04F
S2050005B7013D
S2050005B863DA
S2050005B9C07C
S2050005BAF645
S2050005BB4AF0
S2050005BC93A6
S2050005BD0632
S2050005BE0037
S2050005BF0234
S2050005C0B382
S2050005C186AE
S2050005C2F63D
S2050005C340F2
S2050005C4B37E
S2050005C59997
S2050005C6D857
S2050005C7002E
S2050005C833FA
S2050005C956D6
S2050005CAFF2C
S2050005CB002A
S2050005CCB376
S2050005CD1612
S2050005CEDF48
S2050005CF0026
S2050005D0B372
S2050005D1E93B
S2050005D2C95A
S2050005D30022
S2050005D4B36E
S2050005D536EA
S2050005D6D04F
S2050005D7001E
S2050005D8B36A
S2050005D9D844
S2050005DAF823
S2050005DB001A
S2050005DCB366
S2050005DDE92F
S2050005DED93E
S2050005DF0016
S2050005E033E2
S2050005E1070D
S2050005E217FC
S2050005E30111
S2050005E4B35E
S2050005E5858B
S2050005E6B956
S2050005E7000E
S2050005E8B35A
S2050005E9B953
S2050005EA35D6
S2050005EB0109
S2050005EC9376
S2050005ED8484
S2050005EE0502
S2050005EF0006
S2050005F0B352
S2050005F1897B
S2050005F2E91A
S2050005F30002
S2050005F4936E
S2050005F59769
S2050005F68976
S2050005F700FE
S2050005F8639A
S2050005F9D22A
S2050005FA07F4
S2050005FB14E6
S2050005FC13E6
S2050005FD09EF
S2050005FE19DE
S2050005FF00F6
S2050006009361
S20500060107EC
S205000602F002
S2050006037F72
S205000604638D
S2050006050CE3
S205000606F9F5
S20500060736B7
S205000608B735
S20500060907E4
S20500060A806A
S20500060BFFEA
S20500060C9355
S20500060D8760
S20500060EF7EF
S20500060FFFE6
S20500061013D1
S205000611F6ED
S20500061214CE
S20500061300E1
S205000614B32D
S205000615F7E8
S205000616F9E5
S20500061700DD
S20500061813C9
S205000619D704
S20500061A14C6
S20500061B00D9
S20500061C33A5
S20500061D6770
S20500061EC70F
S20500061F00D5
S20500062013C1
S205000621963D
S205000622F7DB
S20500062301D0
S205000624B31D
S205000625646B
S205000626E6E8
S20500062700CD
S2050006289339
S205000629D9F2
S20500062A17B3
S20500062B00C9
S20500062C6F59
S20500062DF0D7
S20500062E5F67
S20500062FE4E1
S205000630B311
S205000631E6DD
S205000632E8DA
S20500063301C0
S205000634635D
S2050006358A35
S20500063606B8
S2050006371CA1
S2050006389329
S2050006398635
S20500063AF7C3
S20500063BFFBA
S20500063C6355
S20500063D8037
S20500063E06B0
S20500063F4075
S20500064013A1
S20500064106AD
S205000642F0C2
S2050006437F32
S205000644634D
S2050006458A25
S205000646C7E7
S2050006471895
S2050006489319
S20500064907A4
S20500064A802A
S20500064B03A6
S20500064C1395
S20500064D06A1
S20500064E1096
S20500064F00A5
S205000650E3C1
S205000651C2E1
S205000652D7CB
S205000653DAC7
S205000654930D
S2050006558718
S2050006560698
S205000657009D
S2050006586F2D
S205000659F0AB
S20500065ADFBB
S20500065BD6C3
S20500065C1385
S20500065D088F
S20500065E197D
S20500065F0095
S2050006601381
S205000661781B
S205000662E8AA
S2050006637F12
S205000664632D
S2050006651C73
S2050006660886
S205000667226B
S2050006683359
S2050006696328
S20500066AB7D3
S20500066B0089
S20500066C3355
S20500066DE89F
S20500066EE89E
S20500066F0184
S2050006706321
S2050006711073
S2050006720979
S2050006733849
S205000674631D
S2050006750E71
S205000676037B
S2050006774637
S2050006786319
S2050006790675
S20500067A0872
S20500067B4039
S20500067CB3C5
S20500067D89EE
S20500067EE591
S20500067F4134
S2050006803341
S205000681B5BE
S205000682353D
S2050006830170
S205000684333D
S2050006850669
S2050006861757
S205000687412C
S2050006883339
S2050006890665
S20500068AA6C4
S20500068B4029
S20500068C1355
S20500068D1552
S20500068E86E0
S20500068F0065
S2050006906301
S2050006915E05
S205000692055D
S2050006935011
S205000694B3AD
S205000695055A
S205000696BF9F
S205000697401D
S2050006983329
S20500069987D4
S20500069AE872
S20500069B4019
S20500069C3325
S20500069D3F18
S20500069EBF97
S20500069F0055
S2050006A03321
S2050006A1074C
S2050006A2E76B
S2050006A34110
S2050006A4133D
S2050006A51639
S2050006A687C7
S2050006A7004D
S2050006A893B9
S2050006A984C7
S2050006AA0545
S2050006AB0049
S2050006AC63E5
S2050006AD5EE9
S2050006AE0640
S2050006AF52F3
S2050006B0B78D
S2050006B1073C
S2050006B280C2
S2050006B3FF42
S2050006B493AD
S2050006B587B8
S2050006B6F747
S2050006B7FF3E
S2050006B83309
S2050006B977C4
S2050006BAF743
S2050006BB0039
S2050006BC1325
S2050006BD8EA9
S2050006BE0630
S2050006BF0035
S2050006C093A1
S2050006C1072C
S2050006C21022
S2050006C30031
S2050006C46FC1
S2050006C5F03F
S2050006C69F8F
S2050006C7DF4E
S2050006C89399
S2050006C90625
S2050006CAF03A
S2050006CB7FAA
S2050006CC63C5
S2050006CD0621
S2050006CED94D
S2050006CF1015
S2050006D09391
S2050006D1061D
S2050006D280A2
S2050006D3031E
S2050006D4938D
S2050006D50916
S2050006D6100E
S2050006D7001D
S2050006D8E339
S2050006D9C655
S2050006DAF624
S2050006DBF029
S2050006DCB761
S2050006DD0611
S2050006DE8096
S2050006DF0015
S2050006E0B361
S2050006E1E82B
S2050006E2D83A
S2050006E30011
S2050006E46FA1
S2050006E5F01F
S2050006E61FEF
S2050006E7ED20
S2050006E813F9
S2050006E98586
S2050006EA0406
S2050006EB0009
S2050006ECEF19
S2050006ED20E7
S2050006EE40C6
S2050006EF24E1
S2050006F09371
S2050006F107FC
S2050006F2857D
S2050006F30100
S2050006F4936D
S2050006F506F9
S2050006F6F00E
S2050006F701FC
S2050006F8E319
S2050006F9D823
S2050006FAF604
S2050006FBD227
S2050006FC13E5
S2050006FD07F0
S2050006FE8571
S2050006FFFFF6
S20500070033C0
S205000701975B
S205000702E40D
S20500070300F0
S205000704638C
S205000705C628
S20500070627C6
S20500070723C9
S20500070833B8
S2050007098961
S20500070A27C2
S20500070B41A7
S20500070C9354
S20500070D07DF
S20500070E19CC
S20500070F00E4
S2050007106380
S205000711D60C
S205000712F6EB
S2050007134898
S20500071413CC
S20500071509D5
S20500071619C4
S205000717FEDE
S2050007189348
S20500071906D4
S20500071A00D9
S20500071B02D6
S20500071CB324
S20500071D5482
S20500071E27AE
S20500071F01D3
S2050007206370
S2050007218C46
S205000722D7FA
S20500072300D0
S205000724933C
S20500072506C8
S20500072600CD
S20500072704C8
S205000728B318
S2050007298743
S20500072AF6D3
S20500072B4088
S20500072C3394
S20500072D17AF
S20500072EF7CE
S20500072F00C4
S2050007303390
S205000731378B
S205000732E0E1
S20500073300C0
S205000734B30C
S205000735E4DA
S205000736E4D9
S20500073700BC
S20500073813A8
S20500073909B1
S20500073A00B9
S20500073B00B8
S20500073C9324
S20500073DF7BF
S20500073E7441
S20500073F00B4
S205000740E3D0
S2050007419C16
S20500074207AA
S205000743D2DE
S205000744931C
S20500074507A7
S20500074609A4
S20500074700AC
S2050007481398
S205000749D6D4
S20500074A3475
S20500074B00A8
S20500074C1394
S20500074D871F
S20500074E099C
S20500074F00A4
S2050007506F34
S20500075100A2
S20500075200A1
S2050007530C94
S205000754930C
S2050007550797
S205000756F0AD
S2050007577F1D
S2050007581388
S2050007590793
S20500075A0099
S20500075B0098
S20500075C1384
S20500075D088E
S20500075E0095
S20500075F0094
S2050007606F24
S205000761F0A2
S2050007621F72
S205000763D7B9
S205000764632C
S2050007658A04
S2050007660786
S2050007670C80
S205000768B3D8
S2050007690783
S20500076A2366
S20500076B4147
S20500076C6324
S20500076D0284
S20500076E097C
S20500076F1E66
S20500077093F0
S205000771067C
S205000772F091
S2050007737F01
S205000774631C
S2050007750876
S205000776D3AA
S205000777324A
S20500077893E8
S2050007790674
S20500077A80F9
S20500077B0375
S20500077C93E4
S20500077D096D
S20500077E1065
S20500077F0074
S2050007806310
S205000781CEA4
S205000782F67B
S205000783026E
S205000784B7B8
S2050007850668
S20500078680ED
S205000787006C
S2050007883338
S2050007896703
S20500078AD792
S20500078B0068
S20500078C93D4
S20500078D0660
S20500078EF075
S20500078F0163
S2050007906300
S205000791C89A
S205000792F66B
S2050007933C24
S20500079493CC
S2050007950658
S205000796005D
S205000797025A
S205000798B3A8
S20500079986D4
S20500079AF663
S20500079B4018
S20500079CB3A4
S20500079D193D
S20500079ED77E
S20500079F0054
S2050007A03320
S2050007A1D67C
S2050007A2F55C
S2050007A30050
S2050007A4B39C
S2050007A596B8
S2050007A6D578
S2050007A7004C
S2050007A8B398
S2050007A9E961
S2050007AAC980
S2050007AB0048
S2050007ACB394
S2050007AD3610
S2050007AED075
S2050007AF0044
S2050007B03310
S2050007B157EB
S2050007B2F74A
S2050007B30040
S2050007B4B38C
S2050007B5E955
S2050007B6D964
S2050007B7003C
S2050007B8B388
S2050007B988B2
S2050007BAE851
S2050007BB0038
S2050007BC3304
S2050007BD87AF
S2050007BEE94C
S2050007BF0133
S2050007C0B380
S2050007C139F9
S2050007C237FA
S2050007C3012F
S2050007C4939C
S2050007C5042A
S2050007C60726
S2050007C7002C
S2050007C8B378
S2050007C989A1
S2050007CA1910
S2050007CB0127
S2050007CC1314
S2050007CD091D
S2050007CE0322
S2050007CF0024
S2050007D06FB4
S2050007D1F032
S2050007D25FC2
S2050007D3E23E
S2050007D463BC
S2050007D5100E
S2050007D60815
S2050007D7021A
S2050007D81308
S2050007D91604
S2050007DA35E4
S2050007DB0018
S2050007DC1304
S2050007DD56C0
S2050007DE36DF
S2050007DF0014
S2050007E01300
S2050007E118FA
S2050007E2D73A
S2050007E3010F
S2050007E433DC
S2050007E568A6
S2050007E6C845
S2050007E7000C
S2050007E813F8
S2050007E957B3
S2050007EA37D2
S2050007EB0008
S2050007EC33D4
S2050007ED679F
S2050007EE07FE
S2050007EF0103
S2050007F063A0
S2050007F106FC
S2050007F207FA
S2050007F318E8
S2050007F413EC
S2050007F50EF0
S2050007F600FD
S2050007F700FC
S2050007F89368
S2050007F907F3
S2050007FAF009
S2050007FB7F79
S2050007FC37C0
S2050007FD07EF
S2050007FE08ED
S2050007FF00F4
S20500080013DF
S20500080108E9
S20500080200F0
S20500080300EF
S2050008046F7F
S205000805F0FD
S205000806DF0D
S205000807CC1F
S20500080813D7
S20500080916D3
S20500080A35B3
S20500080B00E7
S20500080C13D3
S20500080D568F
S20500080E36AE
S20500080F00E3
S20500081013CF
S20500081118C9
S205000812D709
S20500081301DE
S205000814934B
S20500081506D7
S205000816F0EC
S2050008177F5C
S20500081833A7
S2050008196871
S20500081AC810
S20500081B00D7
S20500081C13C3
S20500081D577E
S20500081E379D
S20500081F00D3
S205000820E3EF
S205000821864B
S205000822D7F9
S205000823FCD3
S20500082413BB
S20500082517B6
S205000826C705
S20500082700CB
S20500082813B7
S2050008295772
S20500082AC701
S20500082B00C7
S20500082C9333
S20500082DF7CE
S20500082EF7CD
S20500082F7F44
S20500083013AF
S2050008310EB3
S20500083204BC
S20500083300BF
S2050008346F4F
S205000835F0CD
S205000836DFDD
S205000837C9F2
S2050008389327
S20500083906B3
S20500083A199F
S20500083B00B7
S20500083C13A3
S20500083DF8BD
S20500083EE6CE
S20500083F7F34
S205000840634F
S2050008411899
S20500084208A8
S205000843149B
S205000844B3FB
S2050008456647
S205000846B7F5
S20500084700AB
S2050008486347
S2050008491C8D
S20500084A099F
S20500084B287F
S20500084C6343
S20500084D8223
S20500084E069E
S20500084F3073
S205000850B3EF
S205000851E6BB
S205000852E8B8
S205000853019E
S205000854633B
S2050008558815
S2050008560696
S2050008572279
S205000858B3E7
S2050008598712
S20500085AE5B3
S20500085B0196
S20500085CB3E3
S20500085DB5E0
S20500085EB7DD
S20500085F0093
S205000860335F
S205000861078A
S2050008621779
S205000863018E
S205000864335B
S2050008650786
S205000866B7D5
S205000867008B
S2050008681377
S205000869D8B1
S20500086A3751
S20500086B0087
S20500086C93F3
S20500086D176E
S20500086E87FD
S20500086F0083
S205000870136F
S2050008710E73
S205000872047C
S205000873007F
S205000874631B
S205000875DE9F
S2050008760775
S2050008773447
S205000878B7C3
S2050008790772
S20500087A80F8
S20500087BFF78
S20500087C93E3
S20500087D87EE
S20500087EF77D
S20500087FFF74
S205000880333F
S20500088177FA
S205000882F779
S205000883006F
S20500088493DB
S2050008851756
S205000886D795
S205000887016A
S2050008881357
S2050008895712
S20500088A3731
S20500088B0067
S20500088C3333
S20500088DE87D
S20500088E075D
S20500088F0162
S205000890332F
S20500089177EA
S205000892D789
S205000893015E
S20500089493CB
S2050008950756
S205000896104C
S205000897005B
S2050008986FEB
S205000899F069
S20500089A9FB9
S20500089BC394
S20500089C3323
S20500089D88CD
S20500089EE56F
S20500089F4112
S2050008A0B39F
S2050008A1B79A
S2050008A2054B
S2050008A3014E
S2050008A4B39B
S2050008A50944
S2050008A61735
S2050008A7410A
S2050008A8B397
S2050008A989C0
S2050008AAF94F
S2050008AB4007
S2050008AC93B3
S2050008AD97AE
S2050008AE89BB
S2050008AF0043
S2050008B093AF
S2050008B1043D
S2050008B20838
S2050008B3003F
S2050008B463DB
S2050008B5C677
S2050008B60735
S2050008B7102B
S2050008B83307
S2050008B968D1
S2050008BA3800
S2050008BB0136
S2050008BCE353
S2050008BD1E17
S2050008BE082C
S2050008BFB47F
S2050008C0131F
S2050008C10E23
S2050008C20030
S2050008C3002F
S2050008C4939B
S2050008C50726
S2050008C6002C
S2050008C7002B
S2050008C81317
S2050008C90722
S2050008CA0028
S2050008CB0027
S2050008CC6FB7
S2050008CDF035
S2050008CE5FC5
S2050008CFC063
S2050008D0130F
S2050008D1051C
S2050008D2F030
S2050008D37FA0
S2050008D463BB
S2050008D50E0F
S2050008D6A379
S2050008D71A01
S2050008D81307
S2050008D90514
S2050008DA8098
S2050008DB0314
S2050008DC1303
S2050008DD060F
S2050008DE1004
S2050008DF0013
S2050008E0E32F
S2050008E144CD
S2050008E2F51B
S2050008E3C847
S2050008E437D7
S2050008E50607
S2050008E6808C
S2050008E7000B
S2050008E833D7
S2050008E967A2
S2050008EAC741
S2050008EB0007
S2050008EC6F97
S2050008EDF015
S2050008EEDF25
S2050008EFC43F
S2050008F0B74B
S2050008F109F8
S2050008F28080
S2050008F3FF00
S2050008F4936B
S2050008F58974
S2050008F6F903
S2050008F7FFFC
S2050008F833C7
S2050008F909F0
S2050008FAF9FF
S2050008FB40B7
S2050008FCB343
S2050008FD797C
S2050008FE37BD
S2050008FF01F2
S2050009006F82
S205000901F000
S2050009021FD0
S205000903B737
S205000904935A
S2050009058666
S20500090607E4
S205000907FEEC
S20500090813D6
S20500090906E2
S20500090A00E7
S20500090B02E4
S20500090CB332
S20500090DD60E
S20500090ED80B
S20500090F00E2
S205000910637E
S2050009118A56
S205000912C718
S20500091300DE
S20500091413CA
S20500091506D6
S20500091600DB
S20500091704D6
S205000918B326
S20500091907D1
S20500091AF6E1
S20500091B4096
S20500091CB322
S20500091D973D
S20500091EF8DB
S20500091F00D2
S205000920339E
S2050009216F61
S205000922FFD0
S20500092300CE
S205000924339A
S2050009253696
S205000926E0EB
S20500092701C9
S2050009283396
S2050009296662
S20500092AD6F1
S20500092B00C6
S20500092C6F56
S20500092DF0D4
S20500092E9F24
S20500092FAC16
S205000930B70A
S20500093106BA
S205000932803F
S205000933FFBF
S205000934932A
S2050009358636
S205000936F6C5
S205000937FFBB
S205000938B306
S20500093907B1
S20500093AF9BE
S20500093B4076
S20500093C3382
S20500093D773D
S20500093ED7DC
S20500093F00B2
S205000940139E
S2050009411898
S205000942D7D8
S20500094301AD
S205000944337A
S2050009456844
S2050009463873
S20500094701A9
S2050009481396
S2050009495751
S20500094A3770
S20500094B00A6
S20500094C6F36
S20500094DF0B4
S20500094E9F04
S20500094FEDB5
S205000950B3EE
S205000951663A
S205000952B7E8
S205000953009E
S205000954633A
S2050009558616
S2050009560695
S2050009571E7C
S2050009589306
S2050009598612
S20500095AF7A0
S20500095BFF97
S20500095C6332
S20500095D8E06
S20500095E068D
S20500095F0A88
S205000960137E
S205000961058B
S205000962F09F
S2050009637F0F
S205000964632A
S205000965800C
S205000966A7E4
S2050009671476
S20500096893F6
S2050009690781
S20500096A8007
S20500096B0383
S20500096C93F2
S20500096D097B
S20500096E1073
S20500096F0082
S205000970E39E
S205000971C6BA
S205000972D7A8
S205000973E49A
S20500097493EA
S20500097587F5
S2050009760675
S205000977007A
S2050009786F0A
S205000979F088
S20500097A5F18
S20500097BE195
S20500097C1362
S20500097D0E66
S20500097E046F
S20500097F0072
S20500098093DE
S2050009810769
S205000982F07F
S2050009837FEF
S205000984135A
S2050009850765
S205000986006B
S205000987006A
S2050009881356
S2050009890860
S20500098A0067
S20500098B0066
S20500098C6FF6
S20500098DF074
S20500098E5F04
S20500098FB4AE
S20500099093CE
S2050009910759
S205000992F06F
S2050009937FDF
S205000994E37A
S20500099584D8
S205000996F665
S205000997FE5C
S2050009983326
S2050009998FC9
S20500099AE572
S20500099B0155
S20500099CB3A2
S20500099D351F
S20500099EBF94
S20500099F0052
S2050009A0B39E
S2050009A10749
S2050009A21738
S2050009A3014D
S2050009A4B39A
S2050009A587C5
S2050009A6B794
S2050009A7004A
S2050009A81336
S2050009A996B2
S2050009AAF750
S2050009AB0145
S2050009AC1332
S2050009AD5FE5
S2050009AE1F24
S2050009AF0042
S2050009B0B38E
S2050009B164DC
S2050009B2E659
S2050009B3013D
S2050009B493AA
S2050009B5D963
S2050009B61724
S2050009B7003A
S2050009B81326
S2050009B989AF
S2050009BA0631
S2050009BB0036
S2050009BC6FC6
S2050009BDF044
S2050009BE5FD4
S2050009BFAB87
S2050009C033FE
S2050009C1062A
S2050009C2BF70
S2050009C340EE
S2050009C4B37A
S2050009C587A5
S2050009C6E843
S2050009C740EA
S2050009C833F6
S2050009C937F1
S2050009CACF58
S2050009CB0026
S2050009CC9392
S2050009CD0420
S2050009CE061D
S2050009CF0022
S2050009D0B36E
S2050009D18997
S2050009D2E738
S2050009D340DE
S2050009D4130A
S2050009D58498
S2050009D60615
S2050009D7001A
S2050009D86FAA
S2050009D9F028
S2050009DA1FF8
S2050009DBA472
S2050009DC1302
S2050009DD16FE
S2050009DE36DD
S2050009DF0012
S2050009E013FE
S2050009E156BA
S2050009E236D9
S2050009E3000E
S2050009E413FA
S2050009E58488
S2050009E60605
S2050009E7000A
S2050009E813F6
S2050009E98781
S2050009EA08FF
S2050009EB0006
S2050009EC6F96
S2050009EDF014
S2050009EE5FA4
S2050009EFE220
S2050009F0E31E
S2050009F112EE
S2050009F203FC
S2050009F3DE20
S2050009F4639A
S2050009F506F6
S2050009F608F3
S2050009F71CDE
S2050009F813E6
S2050009F9D721
S2050009FA38BF
S2050009FB00F6
S2050009FC13E2
S2050009FD16DE
S2050009FE36BD
S2050009FF00F2
S205000A00935D
S205000A019857
S205000A02D816
S205000A0301EC
S205000A0433B9
S205000A056784
S205000A0617D3
S205000A0701E8
S205000A0813D5
S205000A095691
S205000A0A36B0
S205000A0B00E5
S205000A0C33B1
S205000A0D677C
S205000A0EC71B
S205000A0F00E1
S205000A1013CD
S205000A11845B
S205000A1206D8
S205000A1300DD
S205000A146F6D
S205000A15F0EB
S205000A16DFFB
S205000A17DDFC
S205000A1833A5
S205000A198F48
S205000A1AE5F1
S205000A1B01D4
S205000A1CB321
S205000A1D08CB
S205000A1E17BB
S205000A1F01D0
S205000A20B31D
S205000A21359A
S205000A22BF0F
S205000A2300CD
S205000A24B319
S205000A258942
S205000A26B812
S205000A2700C9
S205000A289335
S205000A299730
S205000A2A893D
S205000A2B00C5
S205000A2C9331
S205000A2D04BF
S205000A2E0FB3
S205000A2F00C1
S205000A30635D
S205000A31D4EB
S205000A3207B7
S205000A330EAF
S205000A3413A9
S205000A3509B2
S205000A36209A
S205000A3700B9
S205000A386F49
S205000A39F0C7
S205000A3A1F97
S205000A3BBDF8
S205000A3C3381
S205000A3D8F24
S205000A3EE5CD
S205000A3F4170
S205000A40B3FD
S205000A4108A7
S205000A421797
S205000A43416C
S205000A44B3F9
S205000A45B5F6
S205000A46E5C5
S205000A4701A8
S205000A489315
S205000A4904A3
S205000A4A0F97
S205000A4B00A5
S205000A4CB3F1
S205000A4D891A
S205000A4EB8EA
S205000A4F4061
S205000A50138D
S205000A510996
S205000A52108E
S205000A53009D
S205000A546F2D
S205000A55F0AB
S205000A561F7B
S205000A579BFE
S205000A589305
S205000A598611
S205000A5A078F
S205000A5BFE97
S205000A5C1381
S205000A5D068D
S205000A5E0092
S205000A5F028F
S205000A60B3DD
S205000A61D6B9
S205000A62D8B6
S205000A63008D
S205000A646329
S205000A658A01
S205000A66C7C3
S205000A670089
S205000A681375
S205000A690681
S205000A6A0086
S205000A6B0481
S205000A6CB3D1
S205000A6D077C
S205000A6EF68C
S205000A6F4041
S205000A70B3CD
S205000A7197E8
S205000A72F886
S205000A73007D
S205000A743349
S205000A756F0C
S205000A76FF7B
S205000A770079
S205000A78B3C5
S205000A79393E
S205000A7AE096
S205000A7B0174
S205000A7CB3C1
S205000A7DE98A
S205000A7ED999
S205000A7F0071
S205000A806F01
S205000A81F07F
S205000A825F0F
S205000A83B6B7
S205000A841359
S205000A851655
S205000A863535
S205000A870069
S205000A8893D5
S205000A89590E
S205000A8A3630
S205000A8B0065
S205000A8C6FF5
S205000A8DF073
S205000A8E5F03
S205000A8FEB76
S205000A90134D
S205000A911649
S205000A923628
S205000A93005D
S205000A941349
S205000A955605
S205000A963624
S205000A970059
S205000A981345
S205000A9984D3
S205000A9A0650
S205000A9B0055
S205000A9C1341
S205000A9D87CC
S205000A9E084A
S205000A9F0051
S205000AA06FE1
S205000AA1F05F
S205000AA21F2F
S205000AA3D479
S205000AA41339
S205000AA51635
S205000AA63614
S205000AA70049
S205000AA81335
S205000AA956F1
S205000AAA3610
S205000AAB0045
S205000AAC1331
S205000AAD87BC
S205000AAE083A
S205000AAF0041
S205000AB06FD1
S205000AB1F04F
S205000AB21F1F
S205000AB3D36A
S205000AB41329
S205000AB585B6
S205000AB60733
S205000AB7FE3B
S205000AB81325
S205000AB90631
S205000ABA0036
S205000ABB0233
S205000ABC3301
S205000ABD55DE
S205000ABEA78B
S205000ABF0031
S205000AC063CD
S205000AC18AA5
S205000AC2C767
S205000AC3002D
S205000AC41319
S205000AC50625
S205000AC6002A
S205000AC70425
S205000AC8B375
S205000AC90720
S205000ACAF630
S205000ACB40E5
S205000ACCB371
S205000ACD170C
S205000ACEF72B
S205000ACF0021
S205000AD0B36D
S205000AD1E53A
S205000AD2F529
S205000AD3001D
S205000AD433E9
S205000AD536E5
S205000AD6B06A
S205000AD70019
S205000AD833E5
S205000AD966B1
S205000ADAA670
S205000ADB0015
S205000ADC6FA5
S205000ADDF023
S205000ADEDF33
S205000ADFA869
S205000AE0E32D
S205000AE1828D
S205000AE20608
S205000AE3FC11
S205000AE433D9
S205000AE5EF1C
S205000AE6E822
S205000AE70108
S205000AE8E325
S205000AE916F1
S205000AEA0FF7
S205000AEBD035
S205000AEC6F95
S205000AEDF013
S205000AEEDF23
S205000AEFCE33
S205000AF0E31D
S205000AF108F7
S205000AF208F6
S205000AF3DC21
S205000AF413E9
S205000AF518E3
S205000AF636C4
S205000AF700F9
S205000AF89365
S205000AF99760
S205000AFAD81E
S205000AFB01F4
S205000AFC13E1
S205000AFD589B
S205000AFE38BA
S205000AFF00F1
S205000B0013DC
S205000B01D717
S205000B0238B5
S205000B0300EC
S205000B0433B8
S205000B056882
S205000B06F8F1
S205000B0700E8
S205000B0833B4
S205000B09776F
S205000B0AD70E
S205000B0B01E3
S205000B0C13D0
S205000B0D8E54
S205000B0E06DB
S205000B0F00E0
S205000B10934C
S205000B1107D7
S205000B1200DD
S205000B1300DC
S205000B146F6C
S205000B15F0EA
S205000B16DFFA
S205000B179B3D
S205000B189344
S205000B1907CF
S205000B1A10C5
S205000B1B00D4
S205000B1C6F64
S205000B1DF0E2
S205000B1EDFF2
S205000B1FC20E
S205000B20B31C
S205000B2105C9
S205000B22BF0E
S205000B23408C
S205000B24B318
S205000B258842
S205000B26E8E1
S205000B274088
S205000B283394
S205000B29378F
S205000B2ABF06
S205000B2B00C4
S205000B2C9330
S205000B2D843E
S205000B2E05BC
S205000B2F00C0
S205000B30B30C
S205000B318935
S205000B32E8D5
S205000B33407C
S205000B3413A8
S205000B358436
S205000B3606B3
S205000B3700B8
S205000B3813A4
S205000B3909AD
S205000B3A10A5
S205000B3B00B4
S205000B3C6F44
S205000B3DF0C2
S205000B3E9F12
S205000B3F8C24
S205000B40139C
S205000B411698
S205000B423677
S205000B4300AC
S205000B441398
S205000B455654
S205000B463673
S205000B4700A8
S205000B481394
S205000B49871F
S205000B4A089D
S205000B4B00A4
S205000B4C6F34
S205000B4DF0B2
S205000B4E5F42
S205000B4FCCD4
S205000B50138C
S205000B511688
S205000B523667
S205000B53009C
S205000B549308
S205000B555941
S205000B563663
S205000B570098
S205000B581384
S205000B59870F
S205000B5A088D
S205000B5B0094
S205000B5C6F24
S205000B5DF0A2
S205000B5E5F32
S205000B5FDEB2
S205000B6093FC
S205000B618608
S205000B620786
S205000B63FE8E
S205000B641378
S205000B650684
S205000B660089
S205000B670286
S205000B68B3D4
S205000B695630
S205000B6AD7AE
S205000B6B0084
S205000B6C6320
S205000B6D8AF8
S205000B6EC7BA
S205000B6F0080
S205000B70136C
S205000B710678
S205000B72007D
S205000B730478
S205000B74B3C8
S205000B750773
S205000B76F683
S205000B774038
S205000B78B3C4
S205000B79175F
S205000B7AF77E
S205000B7B0074
S205000B7CB3C0
S205000B7DE58D
S205000B7EF57C
S205000B7F0070
S205000B80B3BC
S205000B813935
S205000B82B0BD
S205000B83006C
S205000B84B3B8
S205000B85E981
S205000B86D990
S205000B870068
S205000B886FF8
S205000B89F076
S205000B8A5F06
S205000B8BC3A1
S205000B8C1350
S205000B8DD68C
S205000B8E342D
S205000B8F0060
S205000B9093CC
S205000B910757
S205000B920954
S205000B93005C
S205000B941348
S205000B9587D3
S205000B960950
S205000B970058
S205000B986FE8
S205000B99F066
S205000B9A9FB6
S205000B9BC78D
S205000B9C93C0
S205000B9D064C
S205000B9E0051
S205000B9F024E
S205000BA0B39C
S205000BA186C8
S205000BA2F657
S205000BA3400C
S205000BA41338
S205000BA50644
S205000BA60049
S205000BA70048
S205000BA86FD8
S205000BA9F056
S205000BAA5FE6
S205000BAB8BB9
S205000BAC3310
S205000BADE85A
S205000BAEC978
S205000BAF0040
S205000BB0E35C
S205000BB10836
S205000BB20835
S205000BB3D06C
S205000BB493A8
S205000BB5D961
S205000BB63900
S205000BB70038
S205000BB81324
S205000BB9072F
S205000BBA062F
S205000BBB0034
S205000BBC6FC4
S205000BBDF042
S205000BBE5FD2
S205000BBFD858
S205000BC0131C
S205000BC10E20
S205000BC2002D
S205000BC3002C
S205000BC49398
S205000BC50723
S205000BC6F039
S205000BC77FA9
S205000BC837F0
S205000BC9071F
S205000BCA081D
S205000BCB0024
S205000BCC6FB4
S205000BCDF032
S205000BCE5FC2
S205000BCF9090
S205000BD0938C
S205000BD11707
S205000BD2D746
S205000BD3011B
S205000BD41308
S205000BD557C3
S205000BD637E2
S205000BD70018
S205000BD833E4
S205000BD9E82E
S205000BDA070E
S205000BDB0113
S205000BDC33E0
S205000BDD779B
S205000BDED73A
S205000BDF010F
S205000BE0937C
S205000BE10707
S205000BE2000D
S205000BE3000C
S205000BE46F9C
S205000BE5F01A
S205000BE6DF2A
S205000BE78E7A
S205000BE813F4
S205000BE918EE
S205000BEAD72E
S205000BEB0103
S205000BEC9370
S205000BEDD52D
S205000BEE35CC
S205000BEF0000
S205000BF033CC
S205000BF16896
S205000BF2B845
S205000BF300FC
S205000BF413E8
S205000BF557A3
S205000BF637C2
S205000BF700F8
S205000BF813E4
S205000BF98472
S205000BFA06EF
S205000BFB00F4
S205000BFC6F84
S205000BFDF002
S205000BFE9F52
S205000BFFC22E
S205000C0013DB
S205000C0101EC
S205000C0201EB
S205000C03FBF0
S205000C049357
S205000C05D712
S205000C0645A3
S205000C0701E6
S205000C0823C3
S205000C0924C1
S205000C0A8163
S205000C0B04DF
S205000C0C23BF
S205000C0D22BF
S205000C0E914F
S205000C0F04DB
S205000C1023BB
S205000C1120BD
S205000C1221BB
S205000C1305D6
S205000C1423B7
S205000C152CAD
S205000C164197
S205000C1703D4
S205000C1823B3
S205000C192AAB
S205000C1A5183
S205000C1B03D0
S205000C1C933F
S205000C1D943D
S205000C1EC50B
S205000C1F00CF
S205000C2023AB
S205000C2126A7
S205000C2211BB
S205000C2304C7
S205000C2423A7
S205000C252E9B
S205000C263197
S205000C2703C4
S205000C2823A3
S205000C29289D
S205000C2A6163
S205000C2B03C0
S205000C2C239F
S205000C2D269B
S205000C2E714F
S205000C2F03BC
S205000C30239B
S205000C312499
S205000C32813B
S205000C3303B8
S205000C349327
S205000C35F7C2
S205000C36F7C1
S205000C377F38
S205000C3813A3
S205000C3904B1
S205000C3A05AF
S205000C3B00B3
S205000C3C139F
S205000C3D0AA7
S205000C3E06AA
S205000C3F00AF
S205000C40139B
S205000C418924
S205000C4206A6
S205000C4300AB
S205000C449317
S205000C45D4D5
S205000C46C4E4
S205000C4700A7
S205000C489313
S205000C49DACB
S205000C4AF5AF
S205000C4B01A2
S205000C4C633F
S205000C4D8A17
S205000C4E0799
S205000C4F1887
S205000C50138B
S205000C510796
S205000C52F0AC
S205000C537F1C
S205000C546337
S205000C558811
S205000C56E7B1
S205000C57088F
S205000C581383
S205000C595B3A
S205000C5AD5BF
S205000C5B0192
S205000C5C93FF
S205000C5D94FD
S205000C5E345C
S205000C5F008F
S205000C60B3DB
S205000C616429
S205000C629BF1
S205000C63008B
S205000C643753
S205000C650782
S205000C668008
S205000C670087
S205000C683353
S205000C69EB9A
S205000C6AE4A0
S205000C6B0083
S205000C6C93EF
S205000C6D1B66
S205000C6E354B
S205000C6F007F
S205000C7093EB
S205000C7189F4
S205000C721765
S205000C73C0BB
S205000C7493E7
S205000C750475
S205000C760078
S205000C770077
S205000C781363
S205000C790C69
S205000C7A0074
S205000C7B0073
S205000C7C93DF
S205000C7D571A
S205000C7E4927
S205000C7F016E
S205000C80135B
S205000C811459
S205000C82C9A3
S205000C83006B
S205000C8493D7
S205000C85F772
S205000C86F771
S205000C877FE8
S205000C881353
S205000C895411
S205000C8AC4A0
S205000C8B0063
S205000C8C134F
S205000C8D5908
S205000C8EF967
S205000C8F015E
S205000C9063FB
S205000C9182DB
S205000C920755
S205000C930853
S205000C941347
S205000C950752
S205000C96F068
S205000C977FD8
S205000C9863F3
S205000C998ACB
S205000C9AE76D
S205000C9B183B
S205000C9C133F
S205000C9D143D
S205000C9E341C
S205000C9F004F
S205000CA0133B
S205000CA157F6
S205000CA2DA72
S205000CA3014A
S205000CA43317
S205000CA567E2
S205000CA687C1
S205000CA70047
S205000CA893B3
S205000CA987BE
S205000CAA172D
S205000CABC083
S205000CAC370B
S205000CAD043D
S205000CAE80C0
S205000CAF003F
S205000CB0B38B
S205000CB189B4
S205000CB2F943
S205000CB340FB
S205000CB43307
S205000CB564D5
S205000CB687B1
S205000CB70037
S205000CB81323
S205000CB9181D
S205000CBA3AFA
S205000CBB0033
S205000CBC939F
S205000CBD072A
S205000CBE0030
S205000CBF002F
S205000CC0131B
S205000CC10726
S205000CC2F03C
S205000CC3002B
S205000CC433F7
S205000CC5CA5F
S205000CC62AFE
S205000CC70126
S205000CC863C3
S205000CC964C1
S205000CCA978D
S205000CCB24FF
S205000CCC37EB
S205000CCD071A
S205000CCE1010
S205000CCF001F
S205000CD0130B
S205000CD10716
S205000CD20715
S205000CD3001B
S205000CD49387
S205000CD59485
S205000CD624F4
S205000CD70017
S205000CD8B363
S205000CD98491
S205000CDAE430
S205000CDB0013
S205000CDC030F
S205000CDDA76A
S205000CDE040C
S205000CDF000F
S205000CE067A7
S205000CE1000D
S205000CE20705
S205000CE3000B
S205000CE433D7
S205000CE5EB1E
S205000CE6A464
S205000CE70007
S205000CE863A3
S205000CE91EE7
S205000CEA0BF9
S205000CEB1CE7
S205000CEC936F
S205000CED57AA
S205000CEE49B7
S205000CEF01FE
S205000CF013EB
S205000CF114E9
S205000CF2C933
S205000CF300FB
S205000CF49367
S205000CF5F702
S205000CF6F701
S205000CF77F78
S205000CF89363
S205000CF90BEA
S205000CFA00F4
S205000CFB00F3
S205000CFC935F
S205000CFD04ED
S205000CFE8070
S205000CFF00EF
S205000D00935A
S205000D0109E3
S205000D02F0FB
S205000D037F6B
S205000D0413D6
S205000D050CDC
S205000D0620C7
S205000D0700E6
S205000D0813D2
S205000D095490
S205000D0AC41F
S205000D0B00E2
S205000D0C13CE
S205000D0D5987
S205000D0EF9E6
S205000D0F01DD
S205000D10E3FA
S205000D11924A
S205000D1207D4
S205000D13F8E2
S205000D1433A6
S205000D156870
S205000D164493
S205000D1701D5
S205000D186372
S205000D1902D2
S205000D1A08CB
S205000D1B1CB6
S205000D1C636E
S205000D1D06CA
S205000D1E04CB
S205000D1F5C72
S205000D2013BA
S205000D2105C7
S205000D2204C7
S205000D2300CA
S205000D24EFDA
S205000D2510B8
S205000D26D0F7
S205000D274086
S205000D289332
S205000D2907BD
S205000D2A05BE
S205000D2B00C2
S205000D2C932E
S205000D2D06BA
S205000D2E556A
S205000D2FFFBF
S205000D3013AA
S205000D3107B5
S205000D32D0EB
S205000D3301B9
S205000D3413A6
S205000D358830
S205000D368730
S205000D37FFB7
S205000D383382
S205000D3907AD
S205000D3AD7DC
S205000D3B4072
S205000D3C337E
S205000D3D149C
S205000D3E04AB
S205000D3F01AD
S205000D40337A
S205000D415755
S205000D42EAC1
S205000D4300AA
S205000D443376
S205000D456444
S205000D468720
S205000D4700A6
S205000D483372
S205000D49188C
S205000D4A0A99
S205000D4B01A1
S205000D4CB3EE
S205000D4D8719
S205000D4E3768
S205000D4F019D
S205000D50930A
S205000D518913
S205000D523764
S205000D533F5B
S205000D549306
S205000D550791
S205000D560097
S205000D570096
S205000D586F26
S205000D59F0A4
S205000D5A9FF4
S205000D5BF69C
S205000D5C335E
S205000D5D0789
S205000D5EF798
S205000D5F404E
S205000D6093FA
S205000D610686
S205000D62800B
S205000D630387
S205000D646326
S205000D65D0B8
S205000D66E6A1
S205000D676026
S205000D6893F2
S205000D69077D
S205000D6A0083
S205000D6B0082
S205000D6C93EE
S205000D6D067A
S205000D6E007F
S205000D6F007E
S205000D70136A
S205000D710775
S205000D72007B
S205000D73007A
S205000D7483F6
S205000D752058
S205000D76C1B6
S205000D770472
S205000D780372
S205000D792450
S205000D7A81F2
S205000D7B046E
S205000D7C93DE
S205000D7D97D9
S205000D7E4728
S205000D7F016D
S205000D80B3BA
S205000D81E785
S205000D82D794
S205000D83006A
S205000D8493D6
S205000D851652
S205000D86FA6D
S205000D870165
S205000D88B3B2
S205000D89E77D
S205000D8AD78C
S205000D8B0062
S205000D8C83DE
S205000D8D243C
S205000D8E411E
S205000D8F045A
S205000D90035A
S205000D912933
S205000D92015A
S205000D930456
S205000D9483D6
S205000D95292F
S205000D96C196
S205000D970353
S205000D980352
S205000D992A2A
S205000D9A81D2
S205000D9B034F
S205000D9C83CE
S205000D9D2A26
S205000D9E410E
S205000D9F034B
S205000DA0034A
S205000DA12B21
S205000DA2014A
S205000DA30347
S205000DA483C6
S205000DA52B1D
S205000DA6C186
S205000DA70244
S205000DA80342
S205000DA92C18
S205000DAA81C2
S205000DAB0240
S205000DAC132E
S205000DAD053B
S205000DAE0738
S205000DAF003E
S205000DB093AA
S205000DB185B7
S205000DB20734
S205000DB3003A
S205000DB41326
S205000DB50137
S205000DB60136
S205000DB70531
S205000DB867CE
S205000DB980B4
S205000DBA0033
S205000DBB0032
S205000DBC939E
S205000DBD0729
S205000DBEF03F
S205000DBF7FAF
S205000DC0939A
S205000DC10626
S205000DC2002B
S205000DC3002A
S205000DC41316
S205000DC50721
S205000DC60027
S205000DC70026
S205000DC86FB6
S205000DC9F034
S205000DCADF44
S205000DCBFA28
S205000DCC130E
S205000DCD0A16
S205000DCE001F
S205000DCF001E
S205000DD0938A
S205000DD10715
S205000DD2F02B
S205000DD37F9B
S205000DD4B762
S205000DD50612
S205000DD6080F
S205000DD70016
S205000DD81302
S205000DD9070D
S205000DDA0013
S205000DDB0012
S205000DDC6FA2
S205000DDDF020
S205000DDE9F70
S205000DDFF915
S205000DE033DA
S205000DE1EB21
S205000DE2A467
S205000DE3000A
S205000DE463A6
S205000DE50CFC
S205000DE60BFC
S205000DE710F6
S205000DE863A2
S205000DE98480
S205000DEA04FF
S205000DEB52B0
S205000DEC13EE
S205000DED857B
S205000DEE04FB
S205000DEF00FE
S205000DF0EF0E
S205000DF110EC
S205000DF210EB
S205000DF334C6
S205000DF413E6
S205000DF507F1
S205000DF605F2
S205000DF700F6
S205000DF89362
S205000DF907ED
S205000DFA559E
S205000DFBFFF3
S205000DFC13DE
S205000DFD0BE5
S205000DFED01F
S205000DFF01ED
S205000E009359
S205000E010BE0
S205000E028763
S205000E03FFEA
S205000E0433B5
S205000E050BDC
S205000E06FBEB
S205000E0740A5
S205000E08B331
S205000E09944F
S205000E0A746E
S205000E0B01E0
S205000E0C33AD
S205000E0D5B84
S205000E0E647A
S205000E0F01DC
S205000E1033A9
S205000E116B70
S205000E129B3F
S205000E1300D9
S205000E14B325
S205000E151BBC
S205000E167462
S205000E1701D4
S205000E189341
S205000E1907CC
S205000E1AD002
S205000E1BC011
S205000E1CB31D
S205000E1D8946
S205000E1EE7E7
S205000E1F408D
S205000E209339
S205000E2104C7
S205000E2200CA
S205000E2300C9
S205000E2413B5
S205000E250CBB
S205000E2600C6
S205000E2700C5
S205000E286F55
S205000E29F0D3
S205000E2A5F63
S205000E2BE5DC
S205000E2C338D
S205000E2D6857
S205000E2E447A
S205000E2F01BC
S205000E309329
S205000E318932
S205000E3219A1
S205000E338039
S205000E346355
S205000E351C9B
S205000E3608AE
S205000E370AAB
S205000E389321
S205000E39E4CF
S205000E3A248E
S205000E3B00B1
S205000E3C139D
S205000E3D04AB
S205000E3E00AE
S205000E3F00AD
S205000E409319
S205000E4107A4
S205000E42208A
S205000E4300A9
S205000E446F39
S205000E45F0B7
S205000E46DFC7
S205000E47E7BE
S205000E481391
S205000E49891A
S205000E4A0A98
S205000E4B00A1
S205000E4C138D
S205000E4D049B
S205000E4E0B93
S205000E4F009D
S205000E501389
S205000E518813
S205000E520B8F
S205000E530099
S205000E549305
S205000E550790
S205000E562076
S205000E570095
S205000E586331
S205000E59088B
S205000E5AFC96
S205000E5B6031
S205000E5C93FD
S205000E5D0788
S205000E5E305E
S205000E5F008D
S205000E60E3A9
S205000E610685
S205000E62FC8E
S205000E63F693
S205000E6493F5
S205000E650780
S205000E661076
S205000E670085
S205000E681371
S205000E690A79
S205000E6A0979
S205000E6B0081
S205000E6CE39D
S205000E6D0E71
S205000E6EFC82
S205000E6FEE8F
S205000E7093E9
S205000E7187F4
S205000E72F981
S205000E733F3A
S205000E746315
S205000E755225
S205000E76F086
S205000E773C39
S205000E781361
S205000E7977FC
S205000E7A78FA
S205000E7B0071
S205000E7C630D
S205000E7D1659
S205000E7E0767
S205000E7F5C11
S205000E801359
S205000E811754
S205000E8274F6
S205000E830069
S205000E846305
S205000E855A0D
S205000E86075F
S205000E870065
S205000E88B7AD
S205000E89075C
S205000E8A0062
S205000E8BFF62
S205000E8C93CD
S205000E8D87D8
S205000E8EF767
S205000E8FFF5E
S205000E903329
S205000E9174E7
S205000E92F466
S205000E930059
S205000E9493C5
S205000E9587D0
S205000E96094D
S205000E974015
S205000E981341
S205000E99074C
S205000E9AE072
S205000E9B7FD2
S205000E9CE36D
S205000E9D400F
S205000E9EF757
S205000E9FF25B
S205000EA01339
S205000EA158F3
S205000EA23812
S205000EA30049
S205000EA41335
S205000EA51730
S205000EA6D472
S205000EA70144
S205000EA893B1
S205000EA9162D
S205000EAA94AE
S205000EAB0041
S205000EAC330D
S205000EAD67D8
S205000EAE0737
S205000EAF013C
S205000EB093A9
S205000EB1D665
S205000EB2C674
S205000EB30039
S205000EB493A5
S205000EB5F740
S205000EB6F73F
S205000EB77FB6
S205000EB86FC5
S205000EB9F043
S205000EBADF53
S205000EBBEB46
S205000EBC131D
S205000EBD8CA3
S205000EBE0727
S205000EBF002D
S205000EC06FBD
S205000EC1F03B
S205000EC25FCB
S205000EC3F930
S205000EC41315
S205000EC58B9C
S205000EC60422
S205000EC70025
S205000EC89391
S205000EC90B18
S205000ECA051D
S205000ECB0021
S205000ECC938D
S205000ECD041B
S205000ECEC05E
S205000ECF001D
S205000ED09389
S205000ED10912
S205000ED2F02A
S205000ED37F9A
S205000ED41305
S205000ED50C0B
S205000ED630E6
S205000ED70015
S205000ED86FA5
S205000ED9F023
S205000EDA5FB3
S205000EDBDA37
S205000EDC937D
S205000EDDE42B
S205000EDE14FA
S205000EDF000D
S205000EE013F9
S205000EE10407
S205000EE2000A
S205000EE30009
S205000EE49375
S205000EE50700
S205000EE610F6
S205000EE70005
S205000EE86F95
S205000EE9F013
S205000EEA9F63
S205000EEBDD24
S205000EEC936D
S205000EEDE41B
S205000EEE34CA
S205000EEF00FD
S205000EF013E9
S205000EF108F3
S205000EF20AF0
S205000EF300F9
S205000EF49365
S205000EF507F0
S205000EF630C6
S205000EF700F5
S205000EF86F85
S205000EF9F003
S205000EFA9F53
S205000EFBDC15
S205000EFC935D
S205000EFD0BE4
S205000EFE00EE
S205000EFF00ED
S205000F009358
S205000F0104E6
S205000F0240A9
S205000F0300E8
S205000F049354
S205000F0509DD
S205000F0600E5
S205000F0700E4
S205000F0813D0
S205000F090CD6
S205000F0A10D1
S205000F0B00E0
S205000F0C6F70
S205000F0DF0EE
S205000F0E1FBE
S205000F0FD705
S205000F1023B8
S205000F1122B8
S205000F129148
S205000F1303D5
S205000F1423B4
S205000F1520B6
S205000F16A134
S205000F1703D1
S205000F1823B0
S205000F192EA4
S205000F1AB120
S205000F1B01CF
S205000F1C636C
S205000F1D6A64
S205000F1E6469
S205000F1F3B91
S205000F206368
S205000F2106C4
S205000F228B3E
S205000F233A8E
S205000F249334
S205000F25893D
S205000F26F9CC
S205000F27FFC5
S205000F2813B0
S205000F298C36
S205000F2A0BB6
S205000F2B00C0
S205000F2C932C
S205000F2D04BA
S205000F2E0BB2
S205000F2F00BC
S205000F3013A8
S205000F310DAD
S205000F3200B9
S205000F3300B8
S205000F349324
S205000F355C5A
S205000F36882D
S205000F3701B3
S205000F3813A0
S205000F39149E
S205000F3A842D
S205000F3B00B0
S205000F3C139C
S205000F3D5955
S205000F3E04A9
S205000F3F01AB
S205000F40B3F8
S205000F41ECBE
S205000F428C1D
S205000F4300A8
S205000F449314
S205000F4505A1
S205000F46099C
S205000F4700A4
S205000F481390
S205000F49851D
S205000F4A049D
S205000F4B00A0
S205000F4C138C
S205000F4D9B03
S205000F4E0C91
S205000F4F019B
S205000F509308
S205000F511A80
S205000F528811
S205000F530098
S205000F541384
S205000F555B3B
S205000F560B8A
S205000F570193
S205000F58EFA4
S205000F591082
S205000F5AD0C1
S205000F5B127E
S205000F5C93FC
S205000F5D0589
S205000F5E0588
S205000F5F008C
S205000F601378
S205000F610486
S205000F620584
S205000F630088
S205000F641374
S205000F650581
S205000F660B7A
S205000F670084
S205000F68EF94
S205000F691072
S205000F6A1071
S205000F6B0F71
S205000F6C93EC
S205000F6D0777
S205000F6E0578
S205000F6F007C
S205000F7093E8
S205000F710575
S205000F720970
S205000F730078
S205000F741364
S205000F7585F1
S205000F760471
S205000F770074
S205000F7893E0
S205000F7984EE
S205000F7A076A
S205000F7B0070
S205000F7CEF80
S205000F7D105E
S205000F7E105D
S205000F7F1557
S205000F801358
S205000F811555
S205000F820564
S205000F830167
S205000F8493D4
S205000F85570F
S205000F860C59
S205000F870163
S205000F88B3B0
S205000F89E77B
S205000F8AA7BA
S205000F8B0060
S205000F8C63FC
S205000F8DFA64
S205000F8E97C6
S205000F8F005C
S205000F90B3A8
S205000F9187D3
S205000F92FC5D
S205000F930058
S205000F941344
S205000F95074F
S205000F96F461
S205000F97FF55
S205000F9863F0
S205000F99FE54
S205000F9A97BA
S205000F9B3B15
S205000F9C133C
S205000F9D044A
S205000F9E0746
S205000F9F004C
S205000FA0B398
S205000FA184C6
S205000FA297B2
S205000FA34008
S205000FA493B4
S205000FA50541
S205000FA6093C
S205000FA70044
S205000FA81330
S205000FA985BD
S205000FAA043D
S205000FAB0040
S205000FACEF50
S205000FAD102E
S205000FAE90AD
S205000FAF0D2F
S205000FB093A8
S205000FB10535
S205000FB20534
S205000FB30038
S205000FB493A4
S205000FB50B2B
S205000FB60530
S205000FB70034
S205000FB81320
S205000FB9052D
S205000FBA0B26
S205000FBB0030
S205000FBCEF40
S205000FBD101E
S205000FBED05D
S205000FBF0923
S205000FC09398
S205000FC10723
S205000FC20524
S205000FC30028
S205000FC49394
S205000FC50521
S205000FC6091C
S205000FC70024
S205000FC81310
S205000FC9859D
S205000FCA041D
S205000FCB0020
S205000FCC938C
S205000FCD849A
S205000FCE0716
S205000FCF001C
S205000FD0EF2C
S205000FD1100A
S205000FD2D049
S205000FD30F09
S205000FD49384
S205000FD517FF
S205000FD60C09
S205000FD70113
S205000FD81300
S205000FD915FD
S205000FDA050C
S205000FDB010F
S205000FDC937C
S205000FDDD737
S205000FDE0706
S205000FDF010B
S205000FE0B358
S205000FE1E723
S205000FE2A762
S205000FE30008
S205000FE463A4
S205000FE5FA0C
S205000FE6976E
S205000FE70004
S205000FE8B350
S205000FE9877B
S205000FEAFC05
S205000FEB0000
S205000FEC13EC
S205000FED8777
S205000FEEFB02
S205000FEFFFFD
S205000FF06398
S205000FF1FA00
S205000FF29762
S205000FF335C3
S205000FF49364
S205000FF50BEB
S205000FF607EE
S205000FF700F4
S205000FF837BC
S205000FF903EF
S205000FFA01F0
S205000FFB00F0
S205000FFC13DC
S205000FFD14DA
S205000FFE04E9
S205000FFF01EB
S20500100033B7
S2050010016485
S2050010027474
S20500100301E6
S2050010049353
S2050010050DD8
S205001006F3F1
S205001007FFE4
S205001008B32F
S2050010097869
S20500100AB42C
S20500100B01DE
S20500100CB32B
S20500100DFDE0
S20500100EBA22
S20500100F01DA
S205001010B327
S2050010118B4E
S2050010129741
S2050010134097
S20500101413C3
S205001015DCF9
S2050010160ACA
S20500101701D2
S205001018933F
S205001019577A
S20500101A04CC
S20500101B01CE
S20500101C13BB
S20500101D8548
S20500101E08C4
S20500101F00CB
S2050010209337
S2050010218544
S2050010220DBB
S20500102300C7
S205001024EFD7
S20500102510B5
S2050010265074
S20500102703C0
S20500102813AF
S20500102908B9
S20500102A05BB
S20500102B00BF
S20500102C932B
S20500102D05B8
S20500102E0CB0
S20500102F00BB
S20500103013A7
S2050010318534
S20500103208B0
S20500103300B7
S205001034EFC7
S20500103510A5
S2050010365064
S20500103702B1
S205001038931F
S20500103908A9
S20500103A05AB
S20500103B00AF
S20500103C931B
S20500103D8528
S20500103E0D9F
S20500103F00AB
S2050010401397
S2050010418524
S20500104207A1
S20500104300A7
S205001044EFB7
S2050010451095
S2050010465054
S20500104701A2
S205001048138F
S2050010490E93
S20500104A059B
S20500104B009F
S20500104C930B
S20500104D0598
S20500104E0C90
S20500104F009B
S2050010501387
S2050010518514
S2050010520791
S2050010530097
S205001054EFA7
S2050010551085
S2050010565044
S2050010570093
S20500105893FF
S205001059573A
S20500105A0888
S20500105B018E
S20500105CB3DB
S20500105D8805
S20500105EC8C4
S20500105F018A
S205001060B3D7
S2050010618702
S2050010621771
S2050010630186
S2050010646323
S205001065F491
S205001066C7BD
S2050010670182
S205001068334F
S205001069057C
S20500106A651B
S20500106B007F
S20500106C3747
S20500106D0677
S20500106E017B
S20500106F007B
S2050010701367
S2050010710673
S205001072F682
S205001073FF78
S205001074B3C3
S205001075F481
S205001076C7AD
S2050010770073
S20500107893DF
S205001079D69B
S20500107A0769
S20500107B016E
S20500107C93DB
S20500107D94D9
S20500107E0468
S20500107F016A
S2050010803337
S20500108178F1
S205001082C8A0
S2050010830067
S205001084B3B3
S20500108587DE
S205001086A6BE
S2050010870063
S205001088B3AF
S20500108984DD
S20500108A045C
S20500108B015E
S20500108C63FB
S20500108DEA73
S20500108EFB61
S20500108F203B
S20500109063F7
S20500109186D3
S205001092FB5D
S2050010932037
S205001094B3A3
S2050010950451
S2050010969DB7
S2050010974013
S205001098B39F
S2050010998BC6
S20500109AFB55
S20500109B400F
S20500109C331B
S20500109D3D10
S20500109E9DAF
S20500109F004B
S2050010A0B397
S2050010A18BBE
S2050010A2AB9D
S2050010A34106
S2050010A463E3
S2050010A58ABB
S2050010A67CC8
S2050010A7370C
S2050010A893AF
S2050010A9053C
S2050010AA0937
S2050010AB003F
S2050010AC132B
S2050010AD85B8
S2050010AE0B31
S2050010AF003B
S2050010B0EF4B
S2050010B11029
S2050010B240F8
S2050010B37DBA
S2050010B493A3
S2050010B50530
S2050010B6052F
S2050010B70033
S2050010B8230F
S2050010B9260B
S2050010BAA18F
S2050010BB002F
S2050010BC131B
S2050010BD0D20
S2050010BE0527
S2050010BF002B
S2050010C01317
S2050010C10524
S2050010C20B1D
S2050010C30027
S2050010C4EF37
S2050010C51015
S2050010C640E4
S2050010C779AA
S2050010C8938F
S2050010C9071A
S2050010CA051B
S2050010CB001F
S2050010CC938B
S2050010CD0518
S2050010CE0913
S2050010CF001B
S2050010D01307
S2050010D18594
S2050010D20B0D
S2050010D30017
S2050010D49383
S2050010D58B8A
S2050010D6070D
S2050010D70013
S2050010D8EF23
S2050010D91001
S2050010DA40D0
S2050010DB7F90
S2050010DC13FB
S2050010DD15F8
S2050010DE0507
S2050010DF010A
S2050010E09377
S2050010E1D732
S2050010E20404
S2050010E30106
S2050010E4B353
S2050010E5E71E
S2050010E6A75D
S2050010E70003
S2050010E8639F
S2050010E9F011
S2050010EA7789
S2050010EB03FC
S2050010ECB34B
S2050010ED8776
S2050010EEFC00
S2050010EF00FB
S2050010F09367
S2050010F106F3
S2050010F2FDFB
S2050010F3FFF8
S2050010F46393
S2050010F5E213
S2050010F6975D
S2050010F737BC
S2050010F8638F
S2050010F9F001
S2050010FA7779
S2050010FB37B8
S2050010FC13DB
S2050010FD07E6
S2050010FEEDFF
S2050010FFFFEC
S20500110023C6
S20500110126C2
S205001102E106
S20500110300E6
S205001104B332
S205001105875D
S205001106974C
S20500110701E1
S205001108B32E
S2050011098B55
S20500110A7768
S20500110B419D
S20500110C934A
S20500110D05D7
S20500110E09D2
S20500110F00DA
S20500111013C6
S2050011118553
S2050011120BCC
S20500111300D6
S205001114EFE6
S20500111510C4
S20500111600D3
S205001117775B
S205001118933E
S20500111905CB
S20500111A05CA
S20500111B00CE
S20500111C13BA
S20500111D0DBF
S20500111E05C6
S20500111F00CA
S20500112013B6
S20500112105C3
S2050011220BBC
S20500112300C6
S205001124EFD6
S20500112510B4
S2050011264083
S205001127734F
S205001128932E
S20500112907B9
S20500112A05BA
S20500112B00BE
S20500112C932A
S20500112D05B7
S20500112E09B2
S20500112F00BA
S20500113013A6
S2050011318533
S2050011320BAC
S20500113300B6
S20500113413A2
S205001135892B
S20500113607AC
S20500113700B2
S205001138931E
S205001139941C
S20500113A04AB
S20500113B01AD
S20500113CEFBE
S20500113D109C
S20500113E00AB
S20500113F7931
S2050011401396
S2050011411593
S20500114205A2
S20500114301A5
S2050011449312
S205001145D4D0
S205001146049F
S20500114701A1
S205001148B3EE
S205001149E4BC
S20500114AA4FB
S20500114B009E
S20500114C633A
S20500114DFE9E
S20500114E2477
S20500114F0199
S205001150B3E6
S2050011518414
S2050011529CFB
S2050011530096
S2050011549302
S205001155078D
S205001156FD96
S205001157FF93
S205001158632E
S205001159E4AC
S20500115A94FB
S20500115B315D
S20500115C632A
S20500115DF29A
S20500115E2467
S20500115F3159
S2050011601376
S2050011610D7B
S205001162ED9A
S205001163FF87
S205001164B3D2
S2050011658400
S20500116694EF
S2050011670181
S20500116883FE
S2050011692759
S20500116AC1BE
S20500116B007E
S20500116CB3CA
S20500116D84F8
S20500116E2457
S20500116F4139
S20500117093E6
S20500117185F3
S2050011720D6A
S2050011730076
S2050011741362
S20500117598DC
S205001176076C
S2050011770171
S205001178333E
S2050011796808
S20500117AA8C7
S20500117B016D
S20500117C135A
S20500117D1359
S20500117E0863
S20500117F0169
S2050011801356
S2050011815315
S2050011820364
S2050011830165
S20500118493D2
S205001185570D
S205001186085B
S2050011870161
S205001188134E
S205001189055B
S20500118A035C
S20500118B005E
S20500118CEF6E
S20500118D104C
S20500118EC09B
S20500118F6CEE
S20500119093C6
S2050011910850
S2050011920552
S2050011930056
S20500119493C2
S205001195054F
S2050011960C47
S2050011970052
S205001198133E
S205001199054B
S20500119A034C
S20500119B004E
S20500119CEF5E
S20500119D103C
S20500119EC08B
S20500119F6BDF
S2050011A01336
S2050011A10345
S2050011A20542
S2050011A30046
S2050011A493B2
S2050011A585BF
S2050011A60D36
S2050011A70042
S2050011A8132E
S2050011A985BB
S2050011AA0738
S2050011AB003E
S2050011ACEF4E
S2050011AD102C
S2050011AEC07B
S2050011AF6AD0
S2050011B01326
S2050011B10E2A
S2050011B20532
S2050011B30036
S2050011B493A2
S2050011B5052F
S2050011B60C27
S2050011B70032
S2050011B8131E
S2050011B985AB
S2050011BA0728
S2050011BB002E
S2050011BCEF3E
S2050011BD101C
S2050011BEC06B
S2050011BF69C1
S2050011C09396
S2050011C1D751
S2050011C2081F
S2050011C30125
S2050011C433F2
S2050011C50321
S2050011C6C360
S2050011C70121
S2050011C8B36E
S2050011C98799
S2050011CA67B8
S2050011CB001E
S2050011CC63BA
S2050011CDF626
S2050011CEC754
S2050011CF0119
S2050011D037E2
S2050011D10711
S2050011D20116
S2050011D30016
S2050011D433E2
S2050011D5050F
S2050011D6E52E
S2050011D70012
S2050011D8B75A
S2050011D9060A
S2050011DA010E
S2050011DB000E
S2050011DC937A
S2050011DD8686
S2050011DEF615
S2050011DFFF0B
S2050011E013F6
S2050011E1D731
S2050011E20700
S2050011E30105
S2050011E4B352
S2050011E5F70D
S2050011E6D72C
S2050011E70002
S2050011E8936E
S2050011E99769
S2050011EA07F8
S2050011EB01FD
S2050011ECB34A
S2050011EDF804
S2050011EED823
S2050011EF00FA
S2050011F033C6
S2050011F107F1
S2050011F2A750
S2050011F300F6
S2050011F4B342
S2050011F5876D
S2050011F617DC
S2050011F701F1
S2050011F8638E
S2050011F9E010
S2050011FAE40B
S2050011FB02EC
S2050011FC638A
S2050011FD8C60
S2050011FEE407
S2050011FF00EA
S2050012008365
S2050012012CBB
S20500120241A5
S20500120302E3
S20500120403E1
S2050012052DB6
S20500120601E1
S20500120702DF
S205001208835D
S2050012092DB2
S20500120AC11D
S20500120B01DC
S20500120C13C9
S20500120D6873
S20500120E18C2
S20500120F00D9
S2050012106F69
S205001211F0E7
S2050012121FB7
S205001213C60F
S2050012146371
S2050012158A49
S20500121607CB
S2050012171CB5
S205001218B31D
S205001219844B
S20500121A9C32
S20500121B00CD
S20500121C13B9
S20500121D06C5
S20500121EF8D2
S20500121FFFCA
S2050012209335
S2050012218641
S20500122204C2
S20500122300C5
S2050012246361
S205001225ECD7
S205001226942E
S2050012271BA6
S205001228635D
S205001229EAD5
S20500122AE4DA
S20500122B2499
S20500122C6359
S20500122D8833
S20500122EE4D6
S20500122F2693
S20500123013A5
S20500123108AF
S20500123206B0
S20500123300B5
S2050012346F45
S205001235F0C3
S205001236DFD3
S205001237FCB5
S205001238139D
S20500123907A8
S20500123A109E
S20500123B00AD
S20500123CE3C9
S20500123D901B
S20500123E07A3
S20500123FB2F7
S2050012409315
S2050012418720
S205001242E9BD
S2050012434164
S205001244B3F1
S205001245168D
S205001246F8AA
S20500124700A1
S205001248B3ED
S2050012493669
S20500124AD0CE
S20500124B009D
S20500124CB3E9
S20500124D1784
S20500124EF4A6
S20500124F0099
S205001250B3E5
S205001251E7B0
S205001252F6A0
S2050012530095
S2050012543361
S205001255583B
S205001256E8AA
S2050012570091
S205001258335D
S2050012596827
S20500125AF896
S20500125B008D
S20500125C93F9
S20500125D7714
S20500125E7812
S20500125F0089
S2050012603355
S2050012615433
S205001262E4A2
S2050012630085
S2050012646321
S2050012658003
S205001266077B
S205001267027F
S20500126893ED
S2050012697708
S20500126AF886
S20500126B007D
S20500126C1369
S20500126D0774
S20500126E403A
S20500126F0079
S2050012706315
S2050012718AED
S205001272E78F
S2050012730075
S20500127493E1
S205001275076C
S205001276482A
S2050012770071
S205001278333D
S205001279B8B7
S20500127A0767
S20500127B016C
S20500127C3339
S20500127D0467
S20500127E0466
S20500127F0168
S2050012801355
S20500128188DF
S205001282075F
S2050012830065
S2050012841351
S205001285164D
S20500128684DE
S2050012870061
S20500128893CD
S2050012890758
S20500128A104E
S20500128B005D
S20500128C93C9
S20500128D0655
S20500128E005A
S20500128F0059
S2050012901345
S2050012910750
S2050012920056
S2050012930055
S205001294E371
S2050012954013
S205001296064C
S205001297AEA3
S2050012986FE1
S205001299004F
S20500129A80CE
S20500129B123B
S20500129CE369
S20500129D7CCF
S20500129E9DAD
S20500129FDE6B
S2050012A0B395
S2050012A10641
S2050012A25DE9
S2050012A30144
S2050012A43311
S2050012A5B68D
S2050012A6A69C
S2050012A70140
S2050012A8B38D
S2050012A9053A
S2050012AA96A8
S2050012AB013C
S2050012ACB389
S2050012AD8BB0
S2050012AEBB7F
S2050012AF0039
S2050012B01325
S2050012B18DAA
S2050012B20630
S2050012B30035
S2050012B493A1
S2050012B5052E
S2050012B6F43E
S2050012B7FF32
S2050012B863CD
S2050012B9FE31
S2050012BA7CB2
S2050012BB0726
S2050012BC63C9
S2050012BDE04B
S2050012BEFB2F
S2050012BF1415
S2050012C063C5
S2050012C18C9B
S2050012C277AF
S2050012C31312
S2050012C41311
S2050012C5849F
S2050012C6051D
S2050012C70021
S2050012C86FB1
S2050012C9F02F
S2050012CADF3F
S2050012CBDC41
S2050012CCE339
S2050012CDEC2F
S2050012CE0B0F
S2050012CFC554
S2050012D01305
S2050012D11CFB
S2050012D2FB1B
S2050012D30114
S2050012D41301
S2050012D5D73C
S2050012D61BF7
S2050012D70011
S2050012D8937D
S2050012D954BB
S2050012DA1BF3
S2050012DB000D
S2050012DC33D9
S2050012DD6C9F
S2050012DEEC1E
S2050012DF0009
S2050012E013F5
S2050012E19D6A
S2050012E2FB0B
S2050012E30104
S2050012E46F95
S2050012E5F013
S2050012E61FE3
S2050012E7C53C
S2050012E813ED
S2050012E905FA
S2050012EA0AF4
S2050012EB00FD
S2050012ECEF0D
S2050012ED10EB
S2050012EE40BA
S2050012EF6495
S2050012F09365
S2050012F106F1
S2050012F255A1
S2050012F301F4
S2050012F413E1
S2050012F507EC
S2050012F6C032
S2050012F701F0
S2050012F8935D
S2050012F907E8
S2050012FA05E9
S2050012FB02EB
S2050012FCE309
S2050012FD5A91
S2050012FED713
S2050012FFA247
S20500130013D4
S20500130105E1
S2050013028560
S205001303FFE5
S20500130413D0
S20500130508DA
S20500130600E1
S20500130700E0
S20500130833AC
S20500130914CA
S20500130AAA33
S20500130B00DC
S20500130C6F6C
S20500130DF0EA
S20500130E1FBA
S20500130FA434
S205001310EFE8
S20500131110C6
S20500131200D5
S2050013136272
S2050013149340
S20500131507CB
S205001316557C
S20500131701CF
S205001318933C
S20500131906C8
S20500131AC00D
S20500131B01CB
S20500131C13B8
S20500131D07C3
S20500131E05C4
S20500131F02C6
S205001320E3E4
S205001321DEE8
S205001322F6CF
S205001323AC18
S2050013249330
S20500132504BE
S205001326853C
S205001327FFC1
S205001328338C
S2050013291BA3
S20500132A9429
S20500132B00BC
S20500132C9328
S20500132D0BAF
S20500132E00B9
S20500132F00B8
S2050013306F48
S205001331F0C6
S2050013329F16
S205001333AE06
S205001334E3D0
S205001335981A
S2050013367C35
S205001337F9B7
S205001338E3CC
S20500133902AC
S20500133A06A7
S20500133BF8B4
S20500133C1398
S20500133D8426
S20500133E05A4
S20500133F00A8
S2050013406F38
S205001341F0B6
S2050013425F46
S205001343D5CF
S205001344E3C0
S205001345F8AA
S205001346970A
S205001347CAD6
S205001348930C
S2050013498B13
S20500134AEBB2
S20500134BFF9D
S20500134CB3E8
S20500134D8713
S20500134E9702
S20500134F0197
S2050013506F28
S205001351F0A6
S2050013529FF6
S205001353CACA
S205001354E3B0
S205001355F49E
S20500135697FA
S205001357C4CC
S205001358137C
S205001359048A
S20500135AE4A9
S20500135BFF8D
S20500135CB3D8
S20500135D8703
S20500135E97F2
S20500135F0187
S2050013606F18
S205001361F096
S2050013621F66
S205001363C4C0
S20500136493F0
S205001365067C
S205001366F091
S205001367017F
S205001368E39C
S205001369DCA2
S20500136AE697
S20500136BEC90
S20500136C93E8
S20500136D0674
S20500136E1069
S20500136FFE7A
S205001370B3C4
S20500137186F0
S205001372F67F
S2050013734034
S20500137493E0
S205001375076B
S2050013760071
S205001377026E
S205001378B3BC
S2050013795618
S20500137AD499
S20500137B006C
S20500137C6308
S20500137D0862
S20500137EF772
S20500137F0068
S20500138093D4
S20500138187DF
S205001382E97C
S2050013834321
S205001384B3B0
S205001385174B
S205001386F46D
S2050013870060
S205001388332C
S20500138968F6
S20500138AF865
S20500138B005C
S20500138C3328
S20500138D3822
S20500138E0059
S20500138F0157
S2050013903324
S20500139168EE
S205001392D87D
S2050013930054
S2050013941340
S20500139577DB
S20500139678D9
S2050013970050
S20500139893BC
S2050013990648
S20500139A004D
S20500139B004C
S20500139C63E8
S20500139D0842
S20500139E0742
S20500139F0246
S2050013A093B4
S2050013A177CF
S2050013A2F84D
S2050013A30044
S2050013A41330
S2050013A5073B
S2050013A64001
S2050013A70040
S2050013A8132C
S2050013A9043A
S2050013AA003D
S2050013AB003C
S2050013AC63D8
S2050013AD8AB0
S2050013AEE752
S2050013AF0038
S2050013B093A4
S2050013B1072F
S2050013B248ED
S2050013B30034
S2050013B43300
S2050013B5B87A
S2050013B6072A
S2050013B7012F
S2050013B833FC
S2050013B934FA
S2050013BA002D
S2050013BB012B
S2050013BC1318
S2050013BD88A2
S2050013BE0722
S2050013BF0028
S2050013C09394
S2050013C11610
S2050013C29491
S2050013C30024
S2050013C41310
S2050013C5170B
S2050013C6D44D
S2050013C7011F
S2050013C8938C
S2050013C9D648
S2050013CAC657
S2050013CB001C
S2050013CC1308
S2050013CD58C2
S2050013CE38E1
S2050013CF0018
S2050013D033E4
S2050013D167AF
S2050013D2E82D
S2050013D30014
S2050013D49380
S2050013D5070B
S2050013D60011
S2050013D70010
S2050013D86FA0
S2050013D9F01E
S2050013DADF2E
S2050013DB9973
S2050013DC13F8
S2050013DD0802
S2050013DE0603
S2050013DF0008
S2050013E0E324
S2050013E19076
S2050013E2E61F
S2050013E3E222
S2050013E4E320
S2050013E59E64
S2050013E657AA
S2050013E7E11F
S2050013E8837C
S2050013E92CD2
S2050013EA41BC
S2050013EB02FA
S2050013EC03F8
S2050013ED2DCD
S2050013EE01F8
S2050013EF02F6
S2050013F08374
S2050013F12DC9
S2050013F2C134
S2050013F301F3
S2050013F46F84
S2050013F5F002
S2050013F6DF12
S2050013F7A749
S2050013F8E30C
S2050013F9F6F8
S2050013FA9657
S2050013FBEC00
S2050013FCB338
S2050013FD8664
S2050013FEDA0F
S2050013FF00E8
S20500140033B3
S205001401B62F
S205001402568E
S20500140301E2
S20500140433AF
S20500140506DB
S205001406964A
S20500140701DE
S20500140813CB
S20500140904D9
S20500140AE4F8
S20500140BFFDC
S20500140C13C7
S20500140D8D4C
S20500140E06D2
S20500140F00D7
S205001410B323
S2050014118B4A
S205001412CB09
S20500141300D3
S2050014146F63
S205001415F0E1
S2050014161FB1
S205001417C807
S20500141813BB
S20500141907C6
S20500141A20AC
S20500141BC00B
S20500141C8347
S20500141D2C9D
S20500141E4187
S20500141F02C5
S20500142003C3
S2050014212D98
S20500142201C3
S20500142302C1
S205001424833F
S2050014252D94
S205001426C1FF
S20500142701BE
S205001428932B
S2050014298736
S20500142AF9C3
S20500142B3F7C
S20500142C13A7
S20500142D08B1
S20500142EF0C8
S20500142FFFB8
S205001430E3D3
S205001431C4F1
S205001432E9CB
S205001433E0D3
S205001434139F
S20500143507AA
S2050014364868
S20500143700AF
S205001438337B
S2050014393875
S20500143A07A5
S20500143B01AA
S20500143C3377
S20500143D04A5
S20500143E04A4
S20500143F01A6
S2050014401393
S205001441089D
S205001442079D
S20500144300A3
S2050014446F33
S205001445F0B1
S205001446DFC1
S205001447A3FC
S205001448138B
S2050014497726
S20500144AF8A4
S20500144B009B
S20500144C9307
S20500144D0693
S20500144E4058
S20500144F0097
S205001450E3B3
S205001451088D
S205001452D7BD
S205001453A2F1
S2050014546F23
S205001455F0A1
S2050014561F71
S205001457FE91
S205001458236B
S2050014592667
S20500145AD1BB
S20500145B008B
S20500145C6F1B
S20500145DF099
S20500145EDFA9
S20500145FCABD
S2050014601373
S2050014618DF8
S205001462077D
S2050014630083
S2050014646F13
S205001465F091
S2050014665F21
S205001467D0AF
S205001468136B
S2050014690A73
S20500146A0973
S20500146B007B
S20500146C93E7
S20500146D0772
S20500146EF088
S20500146F7FF8
S20500147093E3
S205001471066F
S2050014720074
S2050014730073
S205001474135F
S205001475076A
S2050014760070
S205001477006F
S2050014786FFF
S205001479F07D
S20500147ADF8D
S20500147B8FDC
S20500147C1357
S20500147D96D3
S20500147E1A4E
S20500147F0067
S205001480B3B3
S205001481362F
S205001482560E
S2050014830162
S205001484B3AF
S20500148586DB
S20500148696CA
S205001487015E
S205001488B3AB
S20500148986D7
S20500148AD488
S20500148B005B
S20500148C1347
S20500148D0851
S20500148EE870
S20500148FFF58
S20500149093C3
S2050014910A4B
S205001492064E
S2050014930053
S205001494E36F
S20500149588C9
S205001496E66A
S205001497F45B
S2050014986FDF
S205001499F05D
S20500149A9FAD
S20500149BD675
S20500149CE367
S20500149DE069
S20500149EFA4E
S20500149FFE49
S2050014A01333
S2050014A1083D
S2050014A2063E
S2050014A30043
S2050014A46FD3
S2050014A5F051
S2050014A61F21
S2050014A7F44B
S2050014A8132B
S2050014A9D766
S2050014AA45F7
S2050014AB013A
S2050014ACB783
S2050014AD0732
S2050014AE1028
S2050014AF0037
S2050014B093A3
S2050014B187AE
S2050014B2F73D
S2050014B3FF34
S2050014B4131F
S2050014B5D859
S2050014B646EA
S2050014B7012E
S2050014B8131B
S2050014B977B6
S2050014BAF735
S2050014BB7FAC
S2050014BC1317
S2050014BD0326
S2050014BEF038
S2050014BF7FA8
S2050014C033F3
S2050014C1FE27
S2050014C2B76D
S2050014C30023
S2050014C4938F
S2050014C50819
S2050014C6051B
S2050014C7001F
S2050014C8B36B
S2050014C9F726
S2050014CAD745
S2050014CB001B
S2050014CC9387
S2050014CDD544
S2050014CEF523
S2050014CF0116
S2050014D01303
S2050014D1789D
S2050014D2F81C
S2050014D37F94
S2050014D4937F
S2050014D5D63B
S2050014D6F61A
S2050014D7010E
S2050014D813FB
S2050014D90508
S2050014DA10FC
S2050014DB000B
S2050014DC63A7
S2050014DD0CFD
S2050014DE67A1
S2050014DF0007
S2050014E063A3
S2050014E108FD
S2050014E2689C
S2050014E30003
S2050014E4639F
S2050014E514ED
S2050014E607F9
S2050014E701FE
S2050014E8639B
S2050014E906F7
S2050014EAFEFE
S2050014EB02F9
S2050014EC6793
S2050014ED8079
S2050014EE00F8
S2050014EF00F7
S2050014F0678F
S2050014F18075
S2050014F200F4
S2050014F300F3
S2050014F4E30F
S2050014F51CD5
S2050014F6E808
S2050014F7FEF1
S2050014F8B33B
S2050014F96786
S2050014FAFEEE
S2050014FB00EB
S2050014FCB337
S2050014FDE702
S2050014FEC721
S2050014FF00E7
S205001500B332
S205001501E7FD
S20500150217CC
S20500150301E1
S205001504E3FE
S205001505944C
S20500150607D8
S205001507FEE0
S205001508B32A
S2050015098557
S20500150AD506
S20500150B409A
S20500150C33A6
S20500150D35A3
S20500150EB027
S20500150F00D6
S205001510676E
S2050015118054
S20500151200D3
S20500151300D2
S205001514E3EE
S2050015159C34
S205001516C807
S205001517FCD2
S205001518636A
S2050015198A42
S20500151AD5F6
S20500151B00CA
S20500151CE3E6
S20500151D18B0
S20500151E07C0
S20500151FFCCA
S2050015203392
S2050015216E56
S2050015221EA5
S20500152301C1
S205001524338E
S205001525358B
S205001526C0FF
S20500152701BD
S2050015286756
S205001529803C
S20500152A00BB
S20500152B00BA
S20500152C13A6
S20500152D05B3
S20500152E00B7
S20500152F00B6
S205001530674E
S2050015318034
S20500153200B3
S20500153300B2
S205001534931E
S205001535D8D8
S205001536456A
S20500153701AD
S205001538B7F6
S20500153907A5
S20500153A109B
S20500153B00AA
S20500153C9316
S20500153D8721
S20500153EF7B0
S20500153FFFA7
S2050015401392
S205001541D7CD
S205001542465D
S20500154301A1
S205001544930E
S205001545F8A8
S205001546F8A7
S2050015477F1F
S205001548138A
S2050015490E8E
S20500154AF0AB
S20500154B7F1B
S20500154C3366
S20500154DF3A5
S20500154EB7E0
S20500154F0096
S2050015501382
S205001551088C
S205001552058E
S2050015530092
S20500155493FE
S2050015550E82
S205001556058A
S205001557008E
S205001558B3DA
S205001559F795
S20500155AD7B4
S20500155B008A
S20500155C93F6
S20500155DD5B3
S20500155EF592
S20500155F0185
S2050015601372
S2050015610F75
S205001562067D
S2050015630082
S205001564136E
S205001565750B
S205001566F788
S2050015677FFF
S20500156893EA
S205001569D6A6
S20500156AF685
S20500156B0179
S20500156C6316
S20500156D88F0
S20500156EC8AF
S20500156F0571
S2050015706312
S2050015710470
S205001572C5AE
S205001573036F
S205001574630E
S2050015759AD6
S2050015760867
S2050015770668
S205001578333A
S2050015796804
S20500157A0368
S20500157B0169
S20500157C6306
S20500157D1058
S20500157E0562
S20500157F0660
S2050015803332
S205001581E67E
S205001582C79C
S2050015830062
S20500158463FE
S2050015850C54
S2050015860659
S2050015870856
S20500158863FA
S205001589124A
S20500158A0853
S20500158B0A50
S20500158C1346
S20500158D0553
S20500158E1047
S20500158F0056
S20500159063F2
S20500159182D2
S205001592064D
S205001593084A
S20500159467EA
S20500159580D0
S205001596004F
S205001597004E
S205001598331A
S205001599E666
S20500159AC784
S20500159B004A
S20500159C63E6
S20500159D1434
S20500159E0641
S20500159F083E
S2050015A063E2
S2050015A196AE
S2050015A2083B
S2050015A30042
S2050015A4330E
S2050015A563DD
S2050015A6033C
S2050015A7013D
S2050015A8E35A
S2050015A9023A
S2050015AA0338
S2050015ABFE3C
S2050015AC63D6
S2050015AD80B8
S2050015AED562
S2050015AF0630
S2050015B063D2
S2050015B192A2
S2050015B2052E
S2050015B3062C
S2050015B4131E
S2050015B5052B
S2050015B6101F
S2050015B7002E
S2050015B867C6
S2050015B980AC
S2050015BA002B
S2050015BB002A
S2050015BC33F6
S2050015BD63C5
S2050015BE0324
S2050015BF0125
S2050015C063C2
S2050015C11212
S2050015C20320
S2050015C3061C
S2050015C4E33E
S2050015C5160A
S2050015C6150A
S2050015C7FF1F
S2050015C8B36A
S2050015C9E735
S2050015CAC754
S2050015CB001A
S2050015CC63B6
S2050015CD9C7C
S2050015CE0710
S2050015CF0412
S2050015D0E332
S2050015D19084
S2050015D2D53E
S2050015D3FE14
S2050015D413FE
S2050015D5050B
S2050015D6000F
S2050015D7000E
S2050015D867A6
S2050015D9808C
S2050015DA000B
S2050015DB000A
S2050015DCE326
S2050015DD0800
S2050015DE08FF
S2050015DFFA0C
S2050015E0E322
S2050015E1986C
S2050015E2D52E
S2050015E3FC06
S2050015E46F92
S2050015E50000
S2050015E6807F
S2050015E702FC
S2050015E8E31A
S2050015E904F8
S2050015EA05F6
S2050015EBFCFE
S2050015ECE316
S2050015ED9266
S2050015EED522
S2050015EFFCFA
S2050015F0E312
S2050015F140B4
S2050015F215DE
S2050015F3FDF5
S2050015F4638E
S2050015F5CC24
S2050015F6A847
S2050015F700EE
S2050015F8E30A
S2050015F9EC00
S2050015FA6784
S2050015FBFAF0
S2050015FC6386
S2050015FD18D0
S2050015FEF3F4
S2050015FF00E6
S205001600E301
S205001601687B
S205001602DF03
S205001603FBE6
S20500160413CD
S20500160505DA
S20500160600DE
S20500160700DD
S205001608E3F9
S205001609F6E5
S20500160AEEEC
S20500160BF9E0
S20500160C13C5
S20500160D05D2
S20500160E10C6
S20500160F00D5
S205001610E3F1
S2050016119241
S20500161205CD
S205001613F8D9
S20500161413BD
S20500161505CA
S205001616F0DE
S205001617FFCE
S2050016186765
S205001619804B
S20500161A00CA
S20500161B00C9
S20500161CE3E5
S20500161D1AAD
S20500161E08BE
S20500161FF8CD
S205001620675D
S2050016218043
S20500162200C2
S20500162300C1
S20500162413AD
S20500162505BA
S205001626E0DE
S205001627FFBE
S2050016286755
S205001629803B
S20500162A00BA
S20500162B00B9
S20500162CE3D5
S20500162D8631
S20500162ED5E1
S20500162FFCB9
S2050016306F45
S205001631F0C3
S2050016321F93
S205001633F8B9
S205001634931D
S205001635D8D7
S2050016364569
S20500163701AC
S205001638B7F5
S20500163907A4
S20500163A109A
S20500163B00A9
S20500163C9315
S20500163D8720
S20500163EF7AF
S20500163FFFA6
S2050016401391
S205001641D7CC
S205001642465C
S20500164301A0
S205001644930D
S205001645F8A7
S205001646F8A6
S2050016477F1E
S2050016481389
S2050016490398
S20500164AF0AA
S20500164B7F1A
S20500164C3365
S20500164DFE99
S20500164EB7DF
S20500164F0095
S2050016501381
S205001651088B
S205001652058D
S2050016530091
S20500165493FD
S2050016550E81
S2050016560589
S205001657008D
S205001658B3D9
S205001659F794
S20500165AD7B3
S20500165B0089
S20500165C93F5
S20500165DD5B2
S20500165EF591
S20500165F0184
S2050016601371
S2050016610F74
S205001662067C
S2050016630081
S205001664136D
S205001665750A
S205001666F787
S2050016677FFE
S20500166893E9
S205001669D6A5
S20500166AF684
S20500166B0178
S20500166C6315
S20500166D8AED
S20500166E680E
S20500166F0471
S2050016706311
S205001671046F
S205001672650D
S205001673026F
S205001674630D
S20500167598D7
S2050016760866
S2050016770667
S2050016783339
S2050016796803
S20500167A0E5C
S20500167B0168
S20500167C6305
S20500167D1E49
S20500167E0561
S20500167F085D
S2050016803331
S205001681E67D
S205001682C79B
S2050016830061
S20500168463FD
S205001685045B
S2050016860658
S2050016870A53
S20500168863F9
S2050016891645
S20500168A0852
S20500168B0A4F
S20500168C1345
S20500168D0552
S20500168E1046
S20500168F0055
S20500169063F1
S20500169180D3
S205001692064C
S2050016930849
S20500169467E9
S20500169580CF
S205001696004E
S205001697004D
S2050016983319
S205001699E665
S20500169AC783
S20500169B0049
S20500169C1335
S20500169D0542
S20500169E2026
S20500169F0045
S2050016A0E361
S2050016A11A29
S2050016A2063C
S2050016A3FE43
S2050016A463DD
S2050016A596A9
S2050016A60836
S2050016A7003D
S2050016A83309
S2050016A96ECD
S2050016AA0E2C
S2050016AB0138
S2050016ACE355
S2050016AD0037
S2050016AE0E28
S2050016AFFE37
S2050016B063D1
S2050016B18CA7
S2050016B2D55D
S2050016B3042D
S2050016B463CD
S2050016B59E91
S2050016B60529
S2050016B70429
S2050016B81319
S2050016B90526
S2050016BA101A
S2050016BB0029
S2050016BC67C1
S2050016BD80A7
S2050016BE0026
S2050016BF0025
S2050016C033F1
S2050016C16EB5
S2050016C20E14
S2050016C30120
S2050016C463BD
S2050016C5100F
S2050016C60E10
S2050016C70617
S2050016C8E339
S2050016C91605
S2050016CA1505
S2050016CBFF1A
S2050016CCB365
S2050016CDE730
S2050016CEC74F
S2050016CF0015
S2050016D01301
S2050016D1050E
S2050016D220F2
S2050016D30011
S2050016D4E32D
S2050016D5907F
S2050016D60707
S2050016D7FC11
S2050016D8E329
S2050016D99E6D
S2050016DAD535
S2050016DBFC0D
S2050016DC13F5
S2050016DD0502
S2050016DE0006
S2050016DF0005
S2050016E0679D
S2050016E18083
S2050016E20002
S2050016E30001
S2050016E4E31D
S2050016E508F7
S2050016E605F9
S2050016E7FC01
S2050016E8E319
S2050016E99665
S2050016EAD525
S2050016EBFCFD
S2050016ECE315
S2050016ED44B3
S2050016EE15E1
S2050016EFFDF8
S2050016F06391
S2050016F1CC27
S2050016F2A84A
S2050016F300F1
S2050016F4E30D
S2050016F5E00F
S2050016F6C727
S2050016F7FDF0
S2050016F86389
S2050016F918D3
S2050016FAFEEC
S2050016FB00E9
S2050016FCE305
S2050016FD6C7B
S2050016FEDF07
S2050016FFFBEA
S20500170013D0
S20500170105DD
S20500170200E1
S20500170300E0
S205001704E3FC
S205001705F8E6
S205001706EEEF
S205001707F9E3
S20500170813C8
S20500170905D5
S20500170A10C9
S20500170B00D8
S20500170CE3F4
S20500170D9442
S20500170E05D0
S20500170FF8DC
S20500171013C0
S20500171105CD
S205001712F0E1
S205001713FFD1
S2050017146768
S205001715804E
S20500171600CD
S20500171700CC
S205001718E3E8
S2050017190AC0
S20500171A08C1
S20500171BF6D2
S20500171CE3E4
S20500171D9C2A
S20500171ED5F0
S20500171FF8CC
S2050017206F54
S205001721F0D2
S2050017229F22
S205001723FEC2
S20500172413AC
S20500172505B9
S205001726209D
S20500172700BC
S2050017286754
S205001729803A
S20500172A00B9
S20500172B00B8
S20500172CE3D4
S20500172D14A2
S20500172E08AD
S20500172FF8BC
S205001730674C
S2050017318032
S20500173200B1
S20500173300B0
S205001734E3CC
S205001735802E
S205001736D5D8
S205001737FCB0
S2050017386F3C
S205001739F0BA
S20500173ADFCA
S20500173BF7B1
S20500173C1394
S20500173D01A5
S20500173E01A4
S20500173FFDA7
S2050017409310
S205001741D7CB
S205001742455C
S205001743019F
S205001744237C
S205001745247A
S205001746811C
S205001747029A
S2050017482378
S2050017492278
S20500174A9108
S20500174B0296
S20500174C2374
S20500174D2076
S20500174E2174
S20500174F0391
S2050017502370
S2050017512E64
S2050017523160
S205001753018F
S205001754236C
S2050017552A64
S205001756513C
S205001757018B
S20500175893F8
S20500175994F6
S20500175AC5C4
S20500175B0088
S20500175C2364
S20500175D2660
S20500175E1174
S20500175F0282
S2050017602360
S2050017612C56
S2050017624140
S205001763017F
S205001764235C
S2050017652856
S205001766611C
S205001767017B
S2050017682358
S2050017692654
S20500176A7108
S20500176B0177
S20500176C2354
S20500176D2452
S20500176E81F4
S20500176F0173
S20500177093E0
S205001771F77B
S205001772F77A
S2050017737FF1
S205001774135C
S205001775046A
S2050017760568
S205001777006C
S20500177893D8
S2050017790A60
S20500177A0663
S20500177B0068
S20500177C93D4
S20500177D89DD
S20500177E065F
S20500177F0064
S20500178093D0
S205001781D48E
S205001782C49D
S2050017830060
S205001784134C
S205001785D985
S205001786F568
S205001787015B
S20500178863F8
S20500178980DA
S20500178A0752
S20500178B4E0A
S20500178C1344
S20500178D074F
S20500178EF065
S20500178F7FD5
S20500179063F0
S20500179186CC
S205001792E76A
S2050017930A46
S20500179493BC
S20500179596B8
S2050017963419
S205001797004C
S2050017981338
S20500179957F3
S20500179AD574
S20500179B0147
S20500179C3314
S20500179D67DF
S20500179ED76E
S20500179F0044
S2050017A0B78C
S2050017A1063C
S2050017A280C1
S2050017A30040
S2050017A4B38C
S2050017A564DA
S2050017A6D766
S2050017A7003C
S2050017A81328
S2050017A91A20
S2050017AA3504
S2050017AB0038
S2050017AC1324
S2050017AD8CAA
S2050017AE171E
S2050017AFC074
S2050017B01320
S2050017B10B27
S2050017B20031
S2050017B30030
S2050017B4939C
S2050017B50B23
S2050017B6002D
S2050017B7002C
S2050017B89398
S2050017B9D753
S2050017BA49E0
S2050017BB0127
S2050017BC1314
S2050017BD978F
S2050017BEC95C
S2050017BF0024
S2050017C09390
S2050017C1F72B
S2050017C2F72A
S2050017C37FA1
S2050017C4130C
S2050017C58E90
S2050017C60A13
S2050017C7001C
S2050017C81308
S2050017C954C6
S2050017CAC752
S2050017CB0018
S2050017CC9384
S2050017CDD93D
S2050017CEF91C
S2050017CF0113
S2050017D063B0
S2050017D18092
S2050017D2070A
S2050017D30A06
S2050017D413FC
S2050017D50707
S2050017D6F01D
S2050017D77F8D
S2050017D863A8
S2050017D98E7C
S2050017DAE722
S2050017DB14F4
S2050017DC13F4
S2050017DD17EF
S2050017DE34D1
S2050017DF0004
S2050017E09370
S2050017E1D62C
S2050017E2DA27
S2050017E301FF
S2050017E4B34C
S2050017E5E618
S2050017E6E617
S2050017E700FC
S2050017E89368
S2050017E98773
S2050017EA17E2
S2050017EBC038
S2050017EC37C0
S2050017ED07EF
S2050017EE8075
S2050017EF00F4
S2050017F033C0
S2050017F1E40E
S2050017F2E60B
S2050017F300F0
S2050017F413DC
S2050017F59E50
S2050017F63AB3
S2050017F700EC
S2050017F833B8
S2050017F98367
S2050017FA8762
S2050017FB01E7
S2050017FC9354
S2050017FD06E0
S2050017FE00E5
S2050017FF00E4
S205001800934F
S20500180107DA
S205001802A040
S20500180300DF
S205001804934B
S20500180508D5
S20500180613C9
S20500180700DB
S2050018086377
S205001809CC0D
S20500180A6771
S20500180B0BCC
S20500180CB323
S20500180D4590
S20500180E399B
S20500180F01D2
S205001810933F
S20500181107CA
S20500181220B0
S20500181300CF
S20500181413BB
S2050018158845
S20500181605C7
S20500181700CB
S2050018186367
S205001819C603
S20500181A6761
S20500181B15B2
S20500181C13B3
S20500181D0BBA
S20500181EFBC9
S20500181FFFC4
S20500182013AF
S20500182107BA
S20500182210B0
S20500182300BF
S205001824635B
S205001825605D
S2050018266755
S20500182717A4
S2050018286357
S2050018298633
S20500182AF6C2
S20500182B486F
S20500182C9323
S20500182D04B1
S20500182E04B0
S20500182F00B3
S205001830139F
S2050018310AA7
S2050018320EA2
S20500183300AF
S205001834931B
S2050018358B22
S20500183606A6
S20500183700AB
S2050018386F3B
S20500183900A9
S20500183AC0E8
S20500183B099E
S20500183C3373
S20500183DEABB
S20500183EA400
S20500183F00A3
S205001840633F
S205001841148D
S2050018420A96
S2050018434857
S205001844930B
S205001845D7C6
S2050018464953
S205001847019A
S2050018481387
S2050018499702
S20500184AC9CF
S20500184B0097
S20500184C9303
S20500184DF79E
S20500184EF79D
S20500184F7F14
S20500185093FF
S205001851048D
S2050018520090
S205001853008F
S205001854137B
S2050018550B82
S205001856800C
S205001857008B
S2050018581377
S2050018590C7D
S20500185AF098
S20500185B7F08
S20500185C93F3
S20500185D0B7A
S20500185E2064
S20500185F0083
S205001860136F
S2050018618EF3
S2050018620A76
S205001863007F
S205001864136B
S2050018655429
S205001866C7B5
S205001867007B
S20500186893E7
S205001869D9A0
S20500186AF97F
S20500186B0176
S20500186CE393
S20500186D94E1
S20500186E076D
S20500186FF67D
S205001870B3BF
S205001871670A
S205001872541C
S205001873016E
S205001874630B
S2050018758EDF
S2050018760765
S2050018774625
S2050018786307
S2050018790C5D
S20500187A0464
S20500187B5413
S20500187C1353
S20500187D0560
S20500187E0460
S20500187F0063
S205001880EF73
S2050018811051
S2050018820060
S2050018830B54
S205001884134B
S205001885035A
S2050018860557
S205001887005B
S2050018881347
S2050018890752
S20500188A5503
S20500188BFF58
S20500188C93C3
S20500188D074E
S20500188ED084
S20500188F0152
S205001890133F
S2050018910E43
S20500189283CD
S205001893FF50
S205001894B39B
S20500189587C6
S205001896E765
S205001897400B
S205001898B397
S205001899D772
S20500189AFA4E
S20500189B0047
S20500189C3313
S20500189D172E
S20500189EC480
S20500189F0142
S2050018A0330F
S2050018A1E45D
S2050018A2E759
S2050018A3003F
S2050018A4330B
S2050018A59E9F
S2050018A6CA72
S2050018A7013A
S2050018A83307
S2050018A90336
S2050018AA6CCC
S2050018AB40F7
S2050018AC1323
S2050018AD0332
S2050018AED361
S2050018AFC073
S2050018B0939F
S2050018B1072A
S2050018B2A090
S2050018B3002F
S2050018B4939B
S2050018B50627
S2050018B6002C
S2050018B7002B
S2050018B89397
S2050018B90821
S2050018BA1315
S2050018BB0027
S2050018BCE343
S2050018BDD84D
S2050018BE67BD
S2050018BFF52E
S2050018C0938F
S2050018C1051C
S2050018C20917
S2050018C3001F
S2050018C4938B
S2050018C50716
S2050018C620FC
S2050018C7001B
S2050018C863B7
S2050018C98693
S2050018CAFB1D
S2050018CB3ED9
S2050018CC9383
S2050018CD070E
S2050018CE30E4
S2050018CF0013
S2050018D063AF
S2050018D18889
S2050018D2FB15
S2050018D354BB
S2050018D4937B
S2050018D50706
S2050018D610FC
S2050018D7000B
S2050018D813F7
S2050018D98881
S2050018DA0503
S2050018DB0007
S2050018DC63A3
S2050018DD966F
S2050018DEFB09
S2050018DF52B1
S2050018E0936F
S2050018E107FA
S2050018E20000
S2050018E300FF
S2050018E4936B
S2050018E506F7
S2050018E600FC
S2050018E700FB
S2050018E813E7
S2050018E907F2
S2050018EA00F8
S2050018EB00F7
S2050018EC8373
S2050018ED20D5
S2050018EEC133
S2050018EF02F1
S2050018F003EF
S2050018F124CD
S2050018F2816F
S2050018F302ED
S2050018F4935B
S2050018F59756
S2050018F647A5
S2050018F701EA
S2050018F8B337
S2050018F9E702
S2050018FAD711
S2050018FB00E7
S2050018FC13D3
S2050018FD18CD
S2050018FEF8EC
S2050018FF01E2
S205001900B32E
S205001901E7F9
S20500190207D8
S20500190301DD
S205001904835A
S20500190524B8
S205001906419A
S20500190702D8
S20500190803D6
S20500190929AF
S20500190A01D6
S20500190B02D4
S20500190C8352
S20500190D29AB
S20500190EC112
S20500190F01D1
S20500191003CE
S2050019112AA6
S205001912814E
S20500191301CD
S205001914834A
S2050019152AA2
S205001916418A
S20500191701C9
S20500191803C6
S2050019192B9D
S20500191A01C6
S20500191B01C5
S20500191C8342
S20500191D2B99
S20500191EC102
S20500191F00C2
S20500192003BE
S2050019212C94
S205001922813E
S20500192300BE
S20500192413AA
S20500192505B7
S20500192607B4
S20500192700BA
S2050019289326
S2050019298533
S20500192A07B0
S20500192B00B6
S20500192C13A2
S20500192D01B3
S20500192E01B2
S20500192F03AF
S205001930674A
S2050019318030
S20500193200AF
S20500193300AE
S205001934337A
S2050019356745
S2050019365457
S20500193701A9
S2050019381396
S20500193903A5
S20500193AFCAB
S20500193B7F27
S20500193C6342
S20500193D069E
S20500193E079C
S20500193F3C66
S205001940376A
S2050019411789
S205001942009F
S205001943009E
S205001944336A
S2050019454854
S2050019463962
S2050019470199
S2050019481386
S2050019490791
S20500194A0790
S20500194B8016
S20500194C1382
S20500194D6B29
S20500194E3B58
S20500194F0092
S20500195093FE
S205001951068A
S205001952A0EF
S205001953008E
S20500195493FA
S2050019550587
S2050019560883
S205001957008A
S205001958B3D6
S2050019590880
S20500195AEC9B
S20500195B0086
S20500195C6322
S20500195DCCB8
S20500195E661D
S20500195F433F
S20500196093EE
S205001961067A
S205001962304F
S205001963007E
S205001964136A
S2050019650676
S205001966106B
S205001967007A
S2050019683346
S2050019691662
S20500196A6611
S20500196B0175
S20500196C1362
S20500196D77FD
S20500196E066D
S20500196F531F
S205001970E38E
S2050019711A56
S2050019720768
S205001973F47A
S20500197493DA
S20500197577F5
S2050019760665
S2050019772446
S2050019786306
S20500197990D8
S20500197A0760
S20500197B481E
S20500197C1352
S20500197D76EE
S20500197E86DD
S20500197F085A
S20500198063FE
S2050019811E42
S2050019820659
S2050019833826
S205001984B7A6
S2050019850F4D
S205001986015A
S205001987005A
S20500198893C6
S20500198982D6
S20500198AFF58
S20500198BFF57
S20500198C3322
S20500198D7FD5
S20500198E5AF9
S20500198F0052
S205001990B39E
S20500199172DE
S2050019925EF1
S205001993004E
S205001994133A
S2050019955AF2
S2050019960A41
S2050019970149
S2050019981336
S2050019995EEA
S20500199A0E39
S20500199B0145
S20500199C1332
S20500199D053F
S20500199E0F34
S20500199F0042
S2050019A093AE
S2050019A185BB
S2050019A2023D
S2050019A3003E
S2050019A4EF4E
S2050019A5003C
S2050019A650EB
S2050019A76BCF
S2050019A81326
S2050019A90731
S2050019AA0532
S2050019AB0036
S2050019AC93A2
S2050019AD052F
S2050019AE0E25
S2050019AF0032
S2050019B0131E
S2050019B1052B
S2050019B20F20
S2050019B3002E
S2050019B4EF3E
S2050019B5002C
S2050019B650DB
S2050019B76AC0
S2050019B89396
S2050019B90721
S2050019BA0522
S2050019BB0026
S2050019BC9392
S2050019BD859F
S2050019BE0221
S2050019BF0022
S2050019C0130E
S2050019C1051B
S2050019C20A15
S2050019C3001E
S2050019C4EF2E
S2050019C5001C
S2050019C650CB
S2050019C769B1
S2050019C89386
S2050019C90E0A
S2050019CA0512
S2050019CB0016
S2050019CC9382
S2050019CD050F
S2050019CE0E05
S2050019CF0012
S2050019D013FE
S2050019D1050B
S2050019D20A05
S2050019D3000E
S2050019D4EF1E
S2050019D5000C
S2050019D650BB
S2050019D768A2
S2050019D8B356
S2050019D98682
S2050019DAD730
S2050019DB0105
S2050019DC9372
S2050019DD53B1
S2050019DE07FC
S2050019DF0101
S2050019E0B34E
S2050019E1837D
S2050019E2D32C
S2050019E300FE
S2050019E4936A
S2050019E507F5
S2050019E605F6
S2050019E700FA
S2050019E86396
S2050019E9F404
S2050019EAD324
S2050019EB01F5
S2050019ECB342
S2050019ED07ED
S2050019EEF5FE
S2050019EF01F1
S2050019F0B73A
S2050019F109E7
S2050019F201EE
S2050019F300EE
S2050019F413DA
S2050019F58963
S2050019F6F9F2
S2050019F7FFEB
S2050019F8B336
S2050019F9FEEA
S2050019FA23C4
S2050019FB01E5
S2050019FC33B2
S2050019FD776D
S2050019FE27BC
S2050019FF01E1
S205001A00934D
S205001A019E41
S205001A020ED0
S205001A0301DC
S205001A0433A9
S205001A057962
S205001A0624B6
S205001A0701D8
S205001A089345
S205001A09D304
S205001A0A03D3
S205001A0B01D4
S205001A0CB321
S205001A0D8E45
S205001A0EEEE4
S205001A0F00D1
S205001A1013BD
S205001A11547B
S205001A1204CA
S205001A1301CC
S205001A1413B9
S205001A1505C6
S205001A160FBB
S205001A1700C9
S205001A189335
S205001A1905C2
S205001A1A09BD
S205001A1B00C5
S205001A1CEFD5
S205001A1D00C3
S205001A1ED0F2
S205001A1F635E
S205001A20932D
S205001A210FB0
S205001A2205B9
S205001A2300BD
S205001A249329
S205001A2505B6
S205001A2604B6
S205001A2700B9
S205001A2813A5
S205001A2905B2
S205001A2A0FA7
S205001A2B00B5
S205001A2CEFC5
S205001A2D00B3
S205001A2ED0E2
S205001A2F624F
S205001A30139D
S205001A3107A8
S205001A3205A9
S205001A3300AD
S205001A349319
S205001A3505A6
S205001A3609A1
S205001A3700A9
S205001A381395
S205001A3905A2
S205001A3A0A9C
S205001A3B00A5
S205001A3CEFB5
S205001A3D00A3
S205001A3ED0D2
S205001A3F6140
S205001A40138D
S205001A410F90
S205001A420599
S205001A43009D
S205001A449309
S205001A450596
S205001A460496
S205001A470099
S205001A481385
S205001A490592
S205001A4A0A8C
S205001A4B0095
S205001A4CEFA5
S205001A4D0093
S205001A4ED0C2
S205001A4F6031
S205001A5093FD
S205001A51D6B9
S205001A520F7F
S205001A53018C
S205001A543359
S205001A550784
S205001A56E7A3
S205001A570188
S205001A58B3D5
S205001A598601
S205001A5AE6A0
S205001A5B0085
S205001A5C6321
S205001A5DF48F
S205001A5EE69C
S205001A5F0180
S205001A60334D
S205001A61057A
S205001A623549
S205001A63017C
S205001A643745
S205001A650A71
S205001A660179
S205001A670079
S205001A681365
S205001A690F68
S205001A6AFA7C
S205001A6BFF76
S205001A6C3341
S205001A6DF77C
S205001A6EE68C
S205001A6F0170
S205001A70B3BD
S205001A71FF70
S205001A72EF7F
S205001A73016C
S205001A741359
S205001A751754
S205001A760763
S205001A770168
S205001A783335
S205001A790760
S205001A7AF76F
S205001A7B0164
S205001A7C3331
S205001A7DFF64
S205001A7EE47E
S205001A7F0160
S205001A8093CD
S205001A81D689
S205001A820658
S205001A83015C
S205001A84B3A9
S205001A858FCC
S205001A86A6B4
S205001A870059
S205001A88B3A5
S205001A8983D4
S205001A8AE373
S205001A8B0055
S205001A8C93C1
S205001A8DD47F
S205001A8E044E
S205001A8F0150
S205001A90133D
S205001A91054A
S205001A920F3F
S205001A93004D
S205001A9493B9
S205001A9585C6
S205001A960248
S205001A970049
S205001A98EF59
S205001A990047
S205001A9A1036
S205001A9B5CE9
S205001A9C93B1
S205001A9D0A39
S205001A9E053D
S205001A9F0041
S205001AA093AD
S205001AA1053A
S205001AA20E30
S205001AA3003D
S205001AA41329
S205001AA50536
S205001AA60F2B
S205001AA70039
S205001AA8EF49
S205001AA90037
S205001AAA1026
S205001AAB5BDA
S205001AAC93A1
S205001AAD092A
S205001AAE052D
S205001AAF0031
S205001AB0939D
S205001AB185AA
S205001AB2022C
S205001AB3002D
S205001AB41319
S205001AB585A6
S205001AB60426
S205001AB70029
S205001AB8EF39
S205001AB90027
S205001ABA1016
S205001ABB5ACB
S205001ABC9391
S205001ABD0221
S205001ABE051D
S205001ABF0021
S205001AC0938D
S205001AC1051A
S205001AC20E10
S205001AC3001D
S205001AC41309
S205001AC58596
S205001AC60416
S205001AC70019
S205001AC8EF29
S205001AC90017
S205001ACA1006
S205001ACB59BC
S205001ACC1301
S205001ACDD63D
S205001ACE0A08
S205001ACF0110
S205001AD0B35D
S205001AD18986
S205001AD259B5
S205001AD3000D
S205001AD433D9
S205001AD50605
S205001AD636D4
S205001AD70108
S205001AD863A5
S205001AD97493
S205001ADA56B0
S205001ADB0005
S205001ADC33D1
S205001ADD05FE
S205001ADE45BD
S205001ADF0100
S205001AE037C9
S205001AE10AF5
S205001AE201FD
S205001AE300FD
S205001AE49369
S205001AE506F5
S205001AE6FA00
S205001AE7FFFA
S205001AE8B345
S205001AE97285
S205001AEAD620
S205001AEB00F5
S205001AECB341
S205001AEDFAF9
S205001AEEDA18
S205001AEF00F1
S205001AF013DD
S205001AF15699
S205001AF206E8
S205001AF301EC
S205001AF49359
S205001AF59259
S205001AF602E8
S205001AF701E8
S205001AF833B5
S205001AF90ED9
S205001AFAA640
S205001AFB00E5
S205001AFCB331
S205001AFD8261
S205001AFE5290
S205001AFF01E0
S205001B0013CC
S205001B0105D9
S205001B020FCE
S205001B0300DC
S205001B049348
S205001B0505D5
S205001B0609D0
S205001B0700D8
S205001B08EFE8
S205001B0900D6
S205001B0A10C5
S205001B0B557F
S205001B0C9340
S205001B0D09C9
S205001B0E05CC
S205001B0F00D0
S205001B10933C
S205001B1105C9
S205001B1204C9
S205001B1300CC
S205001B1413B8
S205001B1505C5
S205001B160FBA
S205001B1700C8
S205001B18EFD8
S205001B1900C6
S205001B1A10B5
S205001B1B5470
S205001B1C13B0
S205001B1D0FB3
S205001B1E05BC
S205001B1F00C0
S205001B20932C
S205001B2105B9
S205001B2209B4
S205001B2300BC
S205001B2413A8
S205001B258535
S205001B2604B5
S205001B2700B8
S205001B28EFC8
S205001B2900B6
S205001B2A10A5
S205001B2B5361
S205001B2C13A0
S205001B2D09A9
S205001B2E05AC
S205001B2F00B0
S205001B30931C
S205001B3105A9
S205001B3204A9
S205001B3300AC
S205001B341398
S205001B358525
S205001B3604A5
S205001B3700A8
S205001B38EFB8
S205001B3900A6
S205001B3A1095
S205001B3B5252
S205001B3CB3F0
S205001B3D069C
S205001B3E2F72
S205001B3F019F
S205001B40930C
S205001B41D5C9
S205001B420994
S205001B43019B
S205001B443368
S205001B458416
S205001B46D5C4
S205001B470098
S205001B481384
S205001B490F87
S205001B4A0590
S205001B4B0094
S205001B4C6330
S205001B4D741E
S205001B4E246D
S205001B4F018F
S205001B50335C
S205001B510F7F
S205001B524548
S205001B53018B
S205001B543754
S205001B550684
S205001B560188
S205001B570088
S205001B581374
S205001B590680
S205001B5AF68F
S205001B5BFF85
S205001B5CB3D0
S205001B5D760C
S205001B5EC4BD
S205001B5F0080
S205001B60B3CC
S205001B61F985
S205001B62C9B4
S205001B63007C
S205001B6493E8
S205001B6596E4
S205001B660673
S205001B670177
S205001B68B3C4
S205001B6987EF
S205001B6A77FE
S205001B6B0074
S205001B6CB3C0
S205001B6D86EC
S205001B6E363B
S205001B6F016F
S205001B70B3BC
S205001B7185E9
S205001B72F677
S205001B73016B
S205001B743338
S205001B75B7B3
S205001B76E782
S205001B770068
S205001B783334
S205001B7987DF
S205001B7AE580
S205001B7B0064
S205001B7CB3B0
S205001B7D82E0
S205001B7E570A
S205001B7F0060
S205001B80332C
S205001B810658
S205001B82C796
S205001B83015B
S205001B84B3A8
S205001B85B7A3
S205001B86F267
S205001B870058
S205001B88B3A4
S205001B89074F
S205001B8AF65F
S205001B8B0054
S205001B8CB3A0
S205001B8DB69C
S205001B8ED57C
S205001B8F0050
S205001B90B39C
S205001B913519
S205001B92B796
S205001B93004C
S205001B94B398
S205001B95E664
S205001B96B693
S205001B970048
S205001B983314
S205001B99370F
S205001B9AE65F
S205001B9B0044
S205001B9C93B0
S205001B9D55ED
S205001B9E043D
S205001B9F013F
S205001BA0330C
S205001BA1B688
S205001BA2C776
S205001BA3003C
S205001BA4B388
S205001BA586B4
S205001BA6B683
S205001BA70038
S205001BA81324
S205001BA99A9C
S205001BAA92A3
S205001BAB0034
S205001BAC3300
S205001BAD67CB
S205001BAEC76A
S205001BAF0030
S205001BB033FC
S205001BB10727
S205001BB2D756
S205001BB3002C
S205001BB433F8
S205001BB56AC0
S205001BB6DA4F
S205001BB70127
S205001BB833F4
S205001BB9071F
S205001BBAE73E
S205001BBB0123
S205001BBC33F0
S205001BBD3AE8
S205001BBE40E1
S205001BBF011F
S205001BC0938C
S205001BC1D24C
S205001BC272AB
S205001BC3011B
S205001BC41308
S205001BC51703
S205001BC69782
S205001BC70018
S205001BC89384
S205001BC9D640
S205001BCA779E
S205001BCB0113
S205001BCC33E0
S205001BCD6AA8
S205001BCE5AB7
S205001BCF0010
S205001BD0937C
S205001BD19777
S205001BD29776
S205001BD3000C
S205001BD433D8
S205001BD56AA0
S205001BD6FA0F
S205001BD70008
S205001BD89374
S205001BD917EF
S205001BDA778E
S205001BDB0004
S205001BDCB350
S205001BDD649E
S205001BDED72A
S205001BDF0000
S205001BE0639C
S205001BE1D02E
S205001BE207F6
S205001BE302FA
S205001BE49368
S205001BE557A3
S205001BE61ADF
S205001BE700F8
S205001BE813E4
S205001BE97A7C
S205001BEA1ADB
S205001BEB00F4
S205001BEC13E0
S205001BED975B
S205001BEEF4FD
S205001BEF01EF
S205001BF0B33C
S205001BF1E707
S205001BF247A6
S205001BF301EB
S205001BF433B8
S205001BF5EA00
S205001BF6E702
S205001BF700E8
S205001BF89354
S205001BF9D412
S205001BFA14D1
S205001BFB00E4
S205001BFC13D0
S205001BFD835F
S205001BFE08D9
S205001BFF00E0
S205001C00934B
S205001C0107D6
S205001C02F3E9
S205001C033F9C
S205001C046377
S205001C055683
S205001C06F0E8
S205001C0712C5
S205001C0813C3
S205001C09775E
S205001C0A7A5A
S205001C0B00D3
S205001C0C636F
S205001C0D00D1
S205001C0E07C9
S205001C0F02CD
S205001C1013BB
S205001C117756
S205001C12FAD2
S205001C1300CB
S205001C149337
S205001C1506C3
S205001C164088
S205001C1700C7
S205001C186363
S205001C190ABB
S205001C1AD7ED
S205001C1B00C3
S205001C1C13AF
S205001C1D07BA
S205001C1E4A76
S205001C1F00BF
S205001C20338B
S205001C213A83
S205001C224775
S205001C2301BA
S205001C24B307
S205001C258435
S205001C264474
S205001C2701B6
S205001C2813A3
S205001C290AAB
S205001C2A07AD
S205001C2B00B3
S205001C2C139F
S205001C2D971A
S205001C2E743C
S205001C2F00AF
S205001C30634B
S205001C315A53
S205001C3207A5
S205001C3300AB
S205001C34B7F3
S205001C3507A2
S205001C3600A8
S205001C37FFA8
S205001C389313
S205001C39871E
S205001C3AF7AD
S205001C3BFFA4
S205001C3CB3EF
S205001C3DF4AD
S205001C3EF4AC
S205001C3F009F
S205001C40930B
S205001C410796
S205001C420399
S205001C43405B
S205001C441387
S205001C450792
S205001C46E0B8
S205001C477F18
S205001C486333
S205001C494451
S205001C4AF79D
S205001C4B1C77
S205001C4C137F
S205001C4D5A37
S205001C4E3A56
S205001C4F008F
S205001C50137B
S205001C5197F6
S205001C52D4B8
S205001C53018A
S205001C5493F7
S205001C5596F3
S205001C5694F4
S205001C570087
S205001C583353
S205001C59671E
S205001C5A473D
S205001C5B0182
S205001C5C93EF
S205001C5DD6AB
S205001C5EC6BA
S205001C5F007F
S205001C6093EB
S205001C61F786
S205001C62F785
S205001C637FFC
S205001C646F0B
S205001C65F089
S205001C669FD9
S205001C67C8AF
S205001C683343
S205001C69EA8B
S205001C6AA4D0
S205001C6B0073
S205001C6C630F
S205001C6D0869
S205001C6E0A66
S205001C6F0669
S205001C70630B
S205001C718EDF
S205001C720468
S205001C731259
S205001C741357
S205001C7585E4
S205001C760464
S205001C770067
S205001C78EF77
S205001C790065
S205001C7A90D4
S205001C7B4B18
S205001C7C134F
S205001C7D075A
S205001C7E055B
S205001C7F005F
S205001C8093CB
S205001C810657
S205001C825507
S205001C83FF5C
S205001C8493C7
S205001C850752
S205001C86D088
S205001C870156
S205001C881343
S205001C890A4B
S205001C8A87CD
S205001C8BFF54
S205001C8CB39F
S205001C8D87CA
S205001C8ED779
S205001C8F400F
S205001C90B39B
S205001C9157F6
S205001C92F458
S205001C93004B
S205001C94B397
S205001C9596B3
S205001C964404
S205001C970146
S205001C98B393
S205001C99E461
S205001C9AD76D
S205001C9B0043
S205001C9C330F
S205001C9D1A27
S205001C9E44FC
S205001C9F013E
S205001CA093AB
S205001CA10736
S205001CA2D06C
S205001CA3C07B
S205001CA43307
S205001CA58CAD
S205001CA6E751
S205001CA740F7
S205001CA81323
S205001CA90B2A
S205001CAA0034
S205001CAB0033
S205001CAC939F
S205001CAD0B26
S205001CAE0030
S205001CAF002F
S205001CB06FBF
S205001CB1F03D
S205001CB29F8D
S205001CB3B07B
S205001CB41317
S205001CB588A1
S205001CB60523
S205001CB70027
S205001CB89393
S205001CB9071E
S205001CBAF034
S205001CBB7FA4
S205001CBC938F
S205001CBD061B
S205001CBE0020
S205001CBF001F
S205001CC0130B
S205001CC10716
S205001CC2001C
S205001CC3001B
S205001CC46FAB
S205001CC5F029
S205001CC69F79
S205001CC7C255
S205001CC81303
S205001CC90A0B
S205001CCA050F
S205001CCB0013
S205001CCC13FF
S205001CCD0B06
S205001CCEC050
S205001CCF000F
S205001CD013FB
S205001CD10C01
S205001CD2F01C
S205001CD37F8C
S205001CD49377
S205001CD50BFE
S205001CD630D8
S205001CD70007
S205001CD86F97
S205001CD9F015
S205001CDA1FE5
S205001CDBAE55
S205001CDC936F
S205001CDD04FD
S205001CDE0000
S205001CDF00FF
S205001CE013EB
S205001CE10BF2
S205001CE240BC
S205001CE300FB
S205001CE413E7
S205001CE50CED
S205001CE600F8
S205001CE700F7
S205001CE89363
S205001CE90BEA
S205001CEA10E4
S205001CEB00F3
S205001CEC6F83
S205001CEDF001
S205001CEEDF11
S205001CEFAC43
S205001CF013DB
S205001CF16B82
S205001CF21BD1
S205001CF300EB
S205001CF413D7
S205001CF503E6
S205001CF60CDC
S205001CF700E7
S205001CF813D3
S205001CF904E1
S205001CFA00E4
S205001CFB00E3
S205001CFC13CF
S205001CFD0ED3
S205001CFE00E0
S205001CFF00DF
S205001D00934A
S205001D0106D6
S205001D0210CB
S205001D0300DA
S205001D046F6A
S205001D05F0E8
S205001D06DFF8
S205001D07AF27
S205001D0813C2
S205001D096B69
S205001D0A2BA8
S205001D0B00D2
S205001D0C13BE
S205001D0D04CC
S205001D0E00CF
S205001D0F00CE
S205001D1013BA
S205001D110EBE
S205001D1200CB
S205001D1300CA
S205001D149336
S205001D1506C2
S205001D1620A7
S205001D1700C6
S205001D186F56
S205001D19F0D4
S205001D1A9F24
S205001D1BAE14
S205001D1C932E
S205001D1D04BC
S205001D1E04BB
S205001D1F00BE
S205001D2013AA
S205001D210AB2
S205001D220EAD
S205001D2300BA
S205001D249326
S205001D258B2D
S205001D2606B1
S205001D2700B6
S205001D289322
S205001D29852F
S205001D2A09AA
S205001D2B00B2
S205001D2C6F42
S205001D2DF0C0
S205001D2E9F10
S205001D2FB9F5
S205001D30139A
S205001D3107A5
S205001D32109B
S205001D3300AA
S205001D346346
S205001D359018
S205001D3607A0
S205001D371096
S205001D381392
S205001D3903A1
S205001D3AE3C0
S205001D3B4161
S205001D3C336E
S205001D3D168A
S205001D3E6A35
S205001D3F009E
S205001D40336A
S205001D413666
S205001D42C0DB
S205001D43009A
S205001D443366
S205001D459305
S205001D466433
S205001D470096
S205001D483362
S205001D495A3A
S205001D4AEAA9
S205001D4B0092
S205001D4C335E
S205001D4D662A
S205001D4E6629
S205001D4F008E
S205001D50335A
S205001D516626
S205001D524645
S205001D530189
S205001D5493F6
S205001D557711
S205001D567611
S205001D570086
S205001D58B3D2
S205001D59D5AF
S205001D5AE49F
S205001D5B0082
S205001D5C631E
S205001D5D8000
S205001D5E0778
S205001D5F027C
S205001D6093EA
S205001D617705
S205001D62F685
S205001D63007A
S205001D641366
S205001D650771
S205001D664037
S205001D670076
S205001D686312
S205001D698AEA
S205001D6AE78C
S205001D6B0072
S205001D6C93DE
S205001D6D0769
S205001D6E4629
S205001D6F006E
S205001D70333A
S205001D71B6B6
S205001D72C7A4
S205001D73006A
S205001D74B3B6
S205001D7585E3
S205001D76C5A2
S205001D770066
S205001D781352
S205001D7986DE
S205001D7A075C
S205001D7B0062
S205001D7C134E
S205001D7D95CB
S205001D7E85DA
S205001D7F005E
S205001D8093CA
S205001D810755
S205001D82104B
S205001D83005A
S205001D8493C6
S205001D850652
S205001D860057
S205001D870056
S205001D881342
S205001D89074D
S205001D8A0053
S205001D8B0052
S205001D8CE36E
S205001D8D4010
S205001D8E054A
S205001D8FB698
S205001D906FDE
S205001D91004C
S205001D92C08B
S205001D93103A
S205001D941336
S205001D950741
S205001D96F057
S205001D970046
S205001D9863E2
S205001D991034
S205001D9AEB58
S205001D9B1230
S205001D9C132E
S205001D9D0838
S205001D9E003F
S205001D9F003E
S205001DA0B786
S205001DA10636
S205001DA20833
S205001DA3003A
S205001DA41326
S205001DA50731
S205001DA60037
S205001DA70036
S205001DA86FC6
S205001DA9F044
S205001DAA5FD4
S205001DABB47E
S205001DACEF42
S205001DAD0030
S205001DAE50DF
S205001DAF38F6
S205001DB0939A
S205001DB10626
S205001DB255D6
S205001DB30129
S205001DB49396
S205001DB50721
S205001DB6C067
S205001DB70125
S205001DB81312
S205001DB9071D
S205001DBA051E
S205001DBB0220
S205001DBCE33E
S205001DBDD44C
S205001DBED748
S205001DBFEC32
S205001DC0130A
S205001DC10517
S205001DC28596
S205001DC3FF1B
S205001DC41306
S205001DC50A0E
S205001DC60017
S205001DC70016
S205001DC8B362
S205001DC91400
S205001DCAA46F
S205001DCB0012
S205001DCC6FA2
S205001DCDF020
S205001DCE5FB0
S205001DCFED21
S205001DD013FA
S205001DD18587
S205001DD20A01
S205001DD3000A
S205001DD4EF1A
S205001DD50008
S205001DD6D037
S205001DD735D1
S205001DD813F2
S205001DD907FD
S205001DDA55AE
S205001DDB0101
S205001DDC936E
S205001DDD07F9
S205001DDEC03F
S205001DDF01FD
S205001DE013EA
S205001DE103F9
S205001DE205F6
S205001DE302F8
S205001DE4E316
S205001DE5D424
S205001DE6E710
S205001DE7AA4C
S205001DE813E2
S205001DE905EF
S205001DEA856E
S205001DEBFFF3
S205001DEC13DE
S205001DED0EE2
S205001DEE00EF
S205001DEF00EE
S205001DF033BA
S205001DF19458
S205001DF2AA41
S205001DF300EA
S205001DF46F7A
S205001DF5F0F8
S205001DF65F88
S205001DF7AB3B
S205001DF813D2
S205001DF908DC
S205001DFA00E3
S205001DFB00E2
S205001DFC934E
S205001DFD07D9
S205001DFEF0EF
S205001DFF7F5F
S205001E00B725
S205001E0106D5
S205001E0208D2
S205001E0300D9
S205001E046F69
S205001E05F0E7
S205001E069F37
S205001E07AE27
S205001E0813C1
S205001E098350
S205001E0A08CA
S205001E0B00D1
S205001E0C6F61
S205001E0DF0DF
S205001E0E5F6F
S205001E0FDFEE
S205001E109339
S205001E1107C4
S205001E12F0DA
S205001E137F4A
S205001E149335
S205001E1506C1
S205001E1600C6
S205001E1700C5
S205001E1813B1
S205001E1907BC
S205001E1A00C2
S205001E1B00C1
S205001E1C6F51
S205001E1DF0CF
S205001E1E1F9F
S205001E1FAD10
S205001E2013A9
S205001E2108B3
S205001E2200BA
S205001E2300B9
S205001E249325
S205001E2507B0
S205001E26F0C6
S205001E277F36
S205001E28B7FD
S205001E2906AD
S205001E2A08AA
S205001E2B00B1
S205001E2C139D
S205001E2D07A8
S205001E2E00AE
S205001E2F00AD
S205001E306F3D
S205001E31F0BB
S205001E32DFCB
S205001E33ABFE
S205001E343375
S205001E3507A0
S205001E36F7AF
S205001E374065
S205001E389311
S205001E39069D
S205001E3A8022
S205001E3B039E
S205001E3CE3BD
S205001E3DC2DD
S205001E3EE6B8
S205001E3FAAF3
S205001E409309
S205001E410695
S205001E42F0AA
S205001E430198
S205001E44E3B5
S205001E45DABD
S205001E46E6B0
S205001E47EEA7
S205001E489301
S205001E49068D
S205001E4A1082
S205001E4BFE93
S205001E4CB3DD
S205001E4D8708
S205001E4EF698
S205001E4F404D
S205001E5093F9
S205001E510685
S205001E52008A
S205001E530287
S205001E54B3D5
S205001E55D7B0
S205001E56F492
S205001E570085
S205001E586321
S205001E59087B
S205001E5AD7AB
S205001E5B0081
S205001E5C136D
S205001E5D037C
S205001E5EE39B
S205001E5F433A
S205001E603349
S205001E6193E8
S205001E626416
S205001E630079
S205001E643345
S205001E656A0D
S205001E666A0C
S205001E670075
S205001E683341
S205001E69363D
S205001E6A4032
S205001E6B0170
S205001E6C333D
S205001E6D6609
S205001E6EF678
S205001E6F006D
S205001E701359
S205001E7177F4
S205001E7276F4
S205001E730069
S205001E7493D5
S205001E750661
S205001E760066
S205001E770065
S205001E786301
S205001E79085B
S205001E7A075B
S205001E7B025F
S205001E7C93CD
S205001E7D77E8
S205001E7EF668
S205001E7F005D
S205001E801349
S205001E810754
S205001E82401A
S205001E830059
S205001E8493C5
S205001E850552
S205001E860056
S205001E870055
S205001E8863F1
S205001E898AC9
S205001E8AE76B
S205001E8B0051
S205001E8C93BD
S205001E8D0748
S205001E8E4608
S205001E8F004D
S205001E903319
S205001E91B695
S205001E92C783
S205001E930049
S205001E94B395
S205001E953512
S205001E96C086
S205001E970045
S205001E981331
S205001E9986BD
S205001E9A073B
S205001E9B0041
S205001E9C93AD
S205001E9D96A9
S205001E9E95A9
S205001E9F003D
S205001EA01329
S205001EA197A4
S205001EA2D565
S205001EA30138
S205001EA493A5
S205001EA5D661
S205001EA6C670
S205001EA70035
S205001EA81321
S205001EA956DD
S205001EAA36FC
S205001EAB0031
S205001EAC33FD
S205001EAD67C8
S205001EAEE648
S205001EAF002D
S205001EB09399
S205001EB10724
S205001EB2002A
S205001EB30029
S205001EB46FB9
S205001EB5F037
S205001EB69F87
S205001EB7A382
S205001EB89391
S205001EB9041F
S205001EBA041E
S205001EBB0021
S205001EBC130D
S205001EBD8A95
S205001EBE0A14
S205001EBF001D
S205001EC09389
S205001EC10B10
S205001EC230EA
S205001EC30019
S205001EC49385
S205001EC58592
S205001EC6090D
S205001EC70015
S205001EC86FA5
S205001EC9F023
S205001ECADF33
S205001ECB9F72
S205001ECCB759
S205001ECD0708
S205001ECE10FE
S205001ECF000D
S205001ED09379
S205001ED18784
S205001ED2F713
S205001ED3FF0A
S205001ED413F5
S205001ED50106
S205001ED60105
S205001ED7FE07
S205001ED8B351
S205001ED9F80B
S205001EDAB74B
S205001EDB0001
S205001EDC33CD
S205001EDDF807
S205001EDED727
S205001EDF00FD
S205001EE09369
S205001EE1D724
S205001EE246B4
S205001EE301F8
S205001EE49365
S205001EE5985F
S205001EE638BE
S205001EE700F5
S205001EE823D1
S205001EE92CC7
S205001EEA8171
S205001EEB00F1
S205001EEC23CD
S205001EED26C9
S205001EEE31BD
S205001EEF01EC
S205001EF013D9
S205001EF1D417
S205001EF2F5F5
S205001EF301E8
S205001EF49355
S205001EF5D90E
S205001EF645A1
S205001EF701E4
S205001EF813D1
S205001EF9578C
S205001EFAD50D
S205001EFB01E0
S205001EFC13CD
S205001EFD18C7
S205001EFE38A6
S205001EFF00DD
S205001F009348
S205001F015585
S205001F02D603
S205001F0301D7
S205001F0423B4
S205001F052EA8
S205001F0611C4
S205001F0700D4
S205001F0823B0
S205001F092AA8
S205001F0A9140
S205001F0B00D0
S205001F0C23AC
S205001F0D28A6
S205001F0E21AC
S205001F0F01CB
S205001F1013B8
S205001F11FFCB
S205001F12F7D2
S205001F137F49
S205001F1413B4
S205001F1503C3
S205001F16F0D5
S205001F177F45
S205001F183390
S205001F19675B
S205001F1A17AA
S205001F1B01BF
S205001F1C932C
S205001F1DF9C5
S205001F1EF9C4
S205001F1F7F3D
S205001F2013A8
S205001F210EAC
S205001F2204B5
S205001F2300B8
S205001F249324
S205001F25189E
S205001F263580
S205001F2700B4
S205001F289320
S205001F29D6DC
S205001F2AF6BB
S205001F2B01AF
S205001F2CB3FC
S205001F2DE5C9
S205001F2E05A8
S205001F2F01AB
S205001F309318
S205001F311E8C
S205001F323673
S205001F3300A8
S205001F346344
S205001F350C9A
S205001F366F36
S205001F372084
S205001F389310
S205001F39C6DC
S205001F3A168B
S205001F3B00A0
S205001F3CB3EC
S205001F3D8717
S205001F3EE9B4
S205001F3F415B
S205001F406338
S205001F410298
S205001F42D4C5
S205001F431682
S205001F44E3B4
S205001F455A3C
S205001F46F0A5
S205001F470094
S205001F486330
S205001F490A88
S205001F4A0F82
S205001F4B246C
S205001F4C632C
S205001F4D840A
S205001F4E6924
S205001F4F3C50
S205001F5093F8
S205001F510684
S205001F528009
S205001F530385
S205001F541374
S205001F550581
S205001F561075
S205001F570084
S205001F586320
S205001F59CEB4
S205001F5AF68B
S205001F5B027E
S205001F5CB7C8
S205001F5D0678
S205001F5E80FD
S205001F5F007C
S205001F60B3C8
S205001F61E595
S205001F62D5A4
S205001F630078
S205001F6493E4
S205001F650670
S205001F66F085
S205001F670173
S205001F686310
S205001F69C4AE
S205001F6AF67B
S205001F6B4E22
S205001F6C93DC
S205001F6D0668
S205001F6E006D
S205001F6F026A
S205001F70B3B8
S205001F7186E4
S205001F72F673
S205001F734028
S205001F743334
S205001F7595D1
S205001F76D590
S205001F770064
S205001F783330
S205001F79D68C
S205001F7AFE63
S205001F7B0060
S205001F7CB3AC
S205001F7D96C8
S205001F7EDE7F
S205001F7F005C
S205001F803328
S205001F8165F5
S205001F82C594
S205001F830058
S205001F84B3A4
S205001F853620
S205001F86D085
S205001F870054
S205001F88B3A0
S205001F89D77B
S205001F8AF55C
S205001F8B0050
S205001F8C331C
S205001F8D65E9
S205001F8ED578
S205001F8F004C
S205001F903318
S205001F910743
S205001F92F752
S205001F934008
S205001F943314
S205001F9585C1
S205001F96A89D
S205001F974004
S205001F983310
S205001F99B68C
S205001F9AA899
S205001F9B0040
S205001F9C93AC
S205001F9D043A
S205001F9E0538
S205001F9F003C
S205001FA03308
S205001FA10931
S205001FA2C772
S205001FA340F8
S205001FA493A4
S205001FA5171F
S205001FA689AC
S205001FA70034
S205001FA863D0
S205001FA9D85A
S205001FAA072A
S205001FAB34FC
S205001FACB778
S205001FAD0727
S205001FAE80AD
S205001FAF002C
S205001FB09398
S205001FB187A3
S205001FB2F732
S205001FB3FF29
S205001FB433F4
S205001FB579AD
S205001FB6F92C
S205001FB70024
S205001FB863C0
S205001FB9061C
S205001FBA0918
S205001FBB2EF2
S205001FBC130C
S205001FBD0519
S205001FBE0914
S205001FBF001C
S205001FC0EF2C
S205001FC1001A
S205001FC21009
S205001FC31701
S205001FC49384
S205001FC5070F
S205001FC68590
S205001FC7FF15
S205001FC89380
S205001FC9060C
S205001FCA0011
S205001FCB020E
S205001FCC33DC
S205001FCD8787
S205001FCEF617
S205001FCF40CC
S205001FD033D8
S205001FD1D733
S205001FD2E425
S205001FD30008
S205001FD433D4
S205001FD519ED
S205001FD6F90C
S205001FD70004
S205001FD833D0
S205001FD9679B
S205001FDA27DA
S205001FDB01FF
S205001FDCB34C
S205001FDD946A
S205001FDEF409
S205001FDF00FC
S205001FE06398
S205001FE1C436
S205001FE237C2
S205001FE33FB9
S205001FE4B344
S205001FE5876F
S205001FE637BE
S205001FE741B3
S205001FE89360
S205001FE9876B
S205001FEA17DA
S205001FEB00F0
S205001FECB33C
S205001FED8668
S205001FEEF6F7
S205001FEF40AC
S205001FF033B8
S205001FF19654
S205001FF2D415
S205001FF300E8
S205001FF433B4
S205001FF5D90D
S205001FF6F4F1
S205001FF700E4
S205001FF833B0
S205001FF936AC
S205001FFAC021
S205001FFB00E0
S205001FFC33AC
S205001FFD6678
S205001FFEC914
S205001FFF00DC
S205002000B327
S20500200116C3
S205002002D701
S20500200300D7
S205002004B323
S205002005E4F1
S205002006C60E
S20500200700D3
S205002008339F
S2050020095978
S20500200AF7D9
S20500200B00CF
S20500200C933B
S20500200D09C4
S20500200E00CC
S20500200F00CB
S2050020109337
S205002011F7D2
S2050020127454
S20500201300C7
S2050020146363
S2050020158045
S20500201607BD
S20500201702C1
S205002018932F
S205002019F7CA
S20500201AF4CC
S20500201B00BF
S20500201C13AB
S20500201D07B6
S20500201E407C
S20500201F00BB
S2050020206357
S2050020218A2F
S205002022E7D1
S20500202300B7
S2050020249323
S205002025872E
S2050020264470
S20500202700B3
S205002028337F
S205002029B5FC
S20500202A9719
S20500202B00AF
S20500202C337B
S20500202D09A4
S20500202EA903
S20500202F00AB
S2050020309317
S2050020318425
S20500203207A1
S20500203300A7
S2050020349313
S205002035178E
S205002036891B
S20500203700A3
S205002038633F
S205002039D0D1
S20500203A0799
S20500203B6C33
S20500203C930B
S20500203D8716
S20500203E1983
S20500203F009B
S2050020401387
S2050020410792
S205002042F0A8
S2050020437F18
S2050020446333
S205002045860F
S205002046E7AD
S205002047246F
S205002048375B
S205002049078A
S20500204A8010
S20500204BFF90
S20500204C137B
S20500204D0786
S20500204EF795
S20500204FFF8C
S2050020503357
S2050020517712
S205002052E99F
S2050020530087
S20500205493F3
S205002055F78E
S205002056F78D
S2050020577F04
S205002058136F
S2050020591869
S20500205AD7A9
S20500205B017E
S20500205C136B
S20500205DD5A8
S20500205E3448
S20500205F007B
S2050020601367
S2050020611762
S20500206297E1
S2050020630077
S2050020643343
S205002065680D
S205002066A8CC
S2050020670073
S205002068135F
S205002069571A
S20500206AC7A9
S20500206B006F
S20500206C135B
S20500206D7EEF
S20500206E1458
S20500206F006B
S20500207083E7
S2050020712049
S205002072C1A7
S2050020730166
S2050020740363
S2050020752441
S20500207681E3
S2050020770162
S20500207893CF
S20500207997CA
S20500207A4719
S20500207B015E
S20500207CB3AB
S20500207DE776
S20500207EE775
S20500207F005B
S2050020801347
S2050020811742
S205002082FE5A
S2050020830156
S205002084B3A3
S205002085E76E
S205002086E76D
S2050020870053
S20500208883CF
S205002089242D
S20500208A410F
S20500208B014E
S20500208C034B
S20500208D2924
S20500208E014B
S20500208F014A
S20500209083C7
S2050020912920
S205002092C187
S2050020930047
S2050020941333
S2050020950540
S205002096083C
S2050020970043
S20500209893AF
S20500209985BC
S20500209A0739
S20500209B003F
S20500209C132B
S20500209D013C
S20500209E013B
S20500209F0239
S2050020A067D3
S2050020A180B9
S2050020A20038
S2050020A30037
S2050020A463D3
S2050020A552E3
S2050020A6F044
S2050020A770C3
S2050020A863CF
S2050020A9161B
S2050020AA0F21
S2050020AB1C13
S2050020ACB37B
S2050020ADE647
S2050020AED557
S2050020AF012A
S2050020B063C7
S2050020B18E9B
S2050020B20622
S2050020B32601
S2050020B49393
S2050020B5869F
S2050020B6F72D
S2050020B7FF24
S2050020B863BF
S2050020B98899
S2050020BA061A
S2050020BB46D9
S2050020BC63BB
S2050020BD8C91
S2050020BE67B5
S2050020BF24F7
S2050020C09387
S2050020C10712
S2050020C28098
S2050020C30314
S2050020C41303
S2050020C5090C
S2050020C61004
S2050020C70013
S2050020C863AF
S2050020C9CC45
S2050020CAD739
S2050020CB020D
S2050020CC937B
S2050020CD8786
S2050020CE0606
S2050020CF000B
S2050020D09377
S2050020D10603
S2050020D2F018
S2050020D30106
S2050020D463A3
S2050020D5CA3B
S2050020D6F60E
S2050020D748BB
S2050020D8936F
S2050020D906FB
S2050020DA0000
S2050020DB02FD
S2050020DCB34B
S2050020DD8677
S2050020DEF606
S2050020DF40BB
S2050020E033C7
S2050020E19960
S2050020E2D523
S2050020E300F7
S2050020E433C3
S2050020E5D61F
S2050020E6FEF6
S2050020E700F3
S2050020E8B33F
S2050020E9965B
S2050020EADE12
S2050020EB00EF
S2050020EC33BB
S2050020ED6984
S2050020EEC923
S2050020EF00EB
S2050020F0B337
S2050020F136B3
S2050020F2D018
S2050020F300E7
S2050020F4B333
S2050020F5D70E
S2050020F6F5EF
S2050020F700E3
S2050020F833AF
S2050020F96978
S2050020FAD907
S2050020FB00DF
S2050020FC33AB
S2050020FD07D6
S2050020FEF7E5
S2050020FF00DB
S20500210033A6
S20500210106D2
S20500210219BE
S20500210301D5
S20500210433A2
S205002105399B
S20500210626AD
S20500210701D1
S205002108933E
S20500210904CC
S20500210A06C9
S20500210B00CE
S20500210C339A
S20500210D09C3
S20500210EE9E2
S20500210F00CA
S2050021109336
S20500211117B1
S205002112893E
S20500211300C6
S2050021146362
S205002115D2F2
S20500211607BC
S2050021171EA4
S205002118932E
S2050021198937
S20500211A19A6
S20500211B00BE
S20500211C932A
S20500211D07B5
S20500211EF0CB
S20500211F7F3B
S2050021206356
S2050021218830
S205002122F9BE
S20500212316A0
S205002124B7FE
S20500212507AD
S2050021268033
S205002127FFB3
S205002128931E
S2050021298729
S20500212AF7B8
S20500212BFFAF
S20500212C139A
S20500212DF5B7
S20500212E1497
S20500212F00AA
S205002130B3F6
S2050021317731
S205002132F9AE
S20500213300A6
S2050021341392
S205002135D7CD
S205002136148F
S20500213700A2
S205002138336E
S2050021396739
S20500213AA7F8
S20500213B009E
S20500213C138A
S20500213D9507
S20500213EF7A4
S20500213F0199
S205002140B3E6
S2050021416434
S205002142E5B2
S2050021430096
S2050021441382
S205002145D9BB
S205002146177C
S2050021470092
S2050021486F22
S205002149F0A0
S20500214A9FF0
S20500214BECA2
S20500214C335A
S20500214DE8A4
S20500214ED5B6
S20500214F0189
S2050021501376
S2050021518305
S205002152196E
S2050021538006
S2050021546322
S205002155087C
S205002156087B
S205002157067C
S205002158631E
S2050021590A76
S20500215AD4AB
S20500215B0678
S20500215C631A
S20500215D0478
S20500215E0378
S20500215F0E6C
S2050021606316
S2050021618EEA
S205002162096E
S2050021632650
S2050021641362
S205002165155F
S205002166363D
S2050021670072
S205002168135E
S205002169551B
S20500216A353A
S20500216B006E
S20500216C135A
S20500216D84E8
S20500216E0665
S20500216F006A
S2050021701356
S20500217187E1
S2050021720562
S2050021730066
S2050021741352
S205002175184C
S205002176D78C
S2050021770161
S205002178332E
S20500217968F8
S20500217AA8B7
S20500217B005E
S20500217C134A
S20500217D5705
S20500217E3724
S20500217F005A
S2050021803326
S20500218167F1
S2050021820750
S2050021830155
S20500218463F2
S205002185064E
S205002186074C
S2050021871042
S205002188133E
S2050021890E42
S20500218A004F
S20500218B004E
S20500218C93BA
S20500218D0745
S20500218EF05B
S20500218F7FCB
S2050021903712
S2050021910741
S205002192083F
S2050021930046
S2050021941332
S205002195083C
S2050021960043
S2050021970042
S2050021986FD2
S205002199F050
S20500219A9FA0
S20500219BED51
S20500219CB38A
S20500219DE656
S20500219ED566
S20500219F0139
S2050021A063D6
S2050021A186B2
S2050021A20631
S2050021A3181E
S2050021A493A2
S2050021A586AE
S2050021A6F73C
S2050021A7FF33
S2050021A863CE
S2050021A982AE
S2050021AA0629
S2050021AB3AF4
S2050021AC63CA
S2050021AD84A8
S2050021AE67C4
S2050021AF1614
S2050021B09396
S2050021B10721
S2050021B280A7
S2050021B30323
S2050021B41312
S2050021B5051F
S2050021B61013
S2050021B70022
S2050021B8E33E
S2050021B9CE52
S2050021BAD748
S2050021BBDC42
S2050021BC938A
S2050021BD8795
S2050021BE0615
S2050021BF001A
S2050021C06FAA
S2050021C1F028
S2050021C25FB8
S2050021C3DA3C
S2050021C49382
S2050021C5C64E
S2050021C616FD
S2050021C70012
S2050021C8E32E
S2050021C91AF6
S2050021CAD43B
S2050021CBF816
S2050021CC63AA
S2050021CD0804
S2050021CE0308
S2050021CF18F2
S2050021D063A6
S2050021D19078
S2050021D209FE
S2050021D32CDA
S2050021D49372
S2050021D507FD
S2050021D6F013
S2050021D77F83
S2050021D8B34E
S2050021D9669A
S2050021DA17E8
S2050021DB01FD
S2050021DC639A
S2050021DD8874
S2050021DE06F5
S2050021DF48B2
S2050021E09366
S2050021E18672
S2050021E2F700
S2050021E3FFF7
S2050021E46392
S2050021E58272
S2050021E606ED
S2050021E734BE
S2050021E813DE
S2050021E905EB
S2050021EAF0FF
S2050021EB7F6F
S2050021EC638A
S2050021ED826A
S2050021EEA744
S2050021EF2AC0
S2050021F09356
S2050021F107E1
S2050021F28067
S2050021F303E3
S2050021F413D2
S2050021F509DB
S2050021F610D3
S2050021F700E2
S2050021F8637E
S2050021F9CA16
S2050021FAD708
S2050021FB02DC
S2050021FC934A
S2050021FD07D5
S2050021FEF0EB
S2050021FF01D9
S2050022006375
S205002201C611
S205002202D7FF
S2050022034C89
S2050022049341
S20500220507CC
S20500220600D2
S20500220702CF
S205002208B31D
S2050022098748
S20500220AD7F7
S20500220B408D
S20500220C3399
S20500220D19B2
S20500220EF7D3
S20500220F00C9
S2050022103395
S205002211D6F1
S205002212D8EE
S20500221300C5
S205002214B311
S205002215972C
S205002216F8CA
S20500221700C1
S205002218338D
S2050022196956
S20500221AC9F5
S20500221B00BD
S20500221CB309
S20500221D3784
S20500221EF0CA
S20500221F00B9
S205002220B305
S2050022215661
S205002222D7DF
S20500222300B5
S2050022243381
S205002225694A
S205002226F9B9
S20500222700B1
S205002228B3FD
S205002229852A
S20500222AD5D9
S20500222B00AD
S20500222C3379
S20500222D07A4
S20500222ED9D1
S20500222F01A8
S2050022303375
S205002231396E
S205002232277F
S20500223301A4
S2050022349311
S205002235049F
S205002236079B
S20500223700A1
S205002238336D
S2050022390996
S20500223AB9E5
S20500223B009D
S20500223C9309
S20500223D0992
S20500223E0F8B
S20500223F0099
S2050022406F29
S205002241F0A7
S2050022421F77
S205002243EDA8
S2050022449301
S205002245870C
S2050022461979
S2050022470091
S20500224893FD
S205002249F798
S20500224AE7A7
S20500224B7F0E
S20500224C6329
S20500224D94F7
S20500224E0783
S20500224F1475
S2050022503355
S205002251E89F
S205002252D5B1
S2050022530184
S205002254B3D1
S205002255671C
S205002256176B
S2050022570180
S205002258631D
S20500225994EB
S20500225A0975
S20500225B2A53
S20500225C6319
S20500225D8EED
S20500225E0773
S20500225F3841
S2050022606315
S2050022611067
S205002262086E
S2050022633C39
S2050022641361
S205002265155E
S205002266353D
S2050022670071
S205002268135D
S2050022695916
S20500226A3539
S20500226B006D
S20500226C93D9
S20500226D0764
S20500226E006A
S20500226F0069
S2050022706FF9
S2050022710067
S2050022724026
S2050022731154
S2050022746301
S20500227580E3
S20500227669F9
S2050022770A57
S20500227893CD
S2050022790659
S20500227A80DE
S20500227B035A
S20500227C1349
S20500227D0952
S20500227E104A
S20500227F0059
S205002280E375
S205002281C097
S205002282F660
S205002283E86D
S205002284B79D
S205002285064D
S20500228680D2
S2050022870051
S205002288B39D
S205002289E56A
S20500228AD579
S20500228B004D
S20500228C6FDD
S20500228DF05B
S20500228E5FEB
S20500228FE465
S2050022901335
S2050022917EC9
S2050022921432
S2050022930045
S20500229493B1
S205002295073C
S205002296F052
S2050022977FC2
S205002298132D
S2050022990738
S20500229A003E
S20500229B003D
S20500229C1329
S20500229D0833
S20500229E003A
S20500229F0039
S2050022A06FC9
S2050022A1F047
S2050022A21F17
S2050022A3DD58
S2050022A41321
S2050022A585AE
S2050022A6042E
S2050022A70031
S2050022A8EF41
S2050022A9002F
S2050022AA80AE
S2050022AB68C5
S2050022AC9399
S2050022AD0724
S2050022AE85A5
S2050022AF0128
S2050022B09395
S2050022B10621
S2050022B2F036
S2050022B30124
S2050022B4E341
S2050022B5DA49
S2050022B6F62C
S2050022B7D051
S2050022B8130D
S2050022B90718
S2050022BA8599
S2050022BBFF1E
S2050022BC33E9
S2050022BD9784
S2050022BEE436
S2050022BF0019
S2050022C063B5
S2050022C1CE49
S2050022C237DF
S2050022C31BFA
S2050022C4B361
S2050022C5898A
S2050022C637DB
S2050022C741D0
S2050022C8937D
S2050022C98788
S2050022CA19F5
S2050022CB000D
S2050022CC63A9
S2050022CDDE2D
S2050022CEF614
S2050022CF42C7
S2050022D09375
S2050022D1897E
S2050022D219ED
S2050022D3FE07
S2050022D49371
S2050022D506FD
S2050022D60002
S2050022D702FF
S2050022D8B34D
S2050022D954AB
S2050022DA37C7
S2050022DB01FC
S2050022DC6399
S2050022DD8C6F
S2050022DED723
S2050022DF00F9
S2050022E09365
S2050022E106F1
S2050022E200F6
S2050022E304F1
S2050022E4B341
S2050022E5876C
S2050022E6F6FC
S2050022E740B1
S2050022E833BD
S2050022E917D8
S2050022EAF7F7
S2050022EB00ED
S2050022EC33B9
S2050022ED37B4
S2050022EEE00A
S2050022EF00E9
S2050022F0B335
S2050022F1E403
S2050022F2E402
S2050022F300E5
S2050022F49351
S2050022F509DA
S2050022F600E2
S2050022F700E1
S2050022F8934D
S2050022F9F7E8
S2050022FA746A
S2050022FB00DD
S2050022FCE3F9
S2050022FD9E3D
S2050022FE07D3
S2050022FFD009
S2050023009344
S205002301874F
S20500230209CC
S20500230300D4
S20500230413C0
S205002305D5FD
S205002306349D
S20500230700D0
S20500230813BC
S20500230907C7
S20500230A09C4
S20500230B00CC
S20500230C6F5C
S20500230D00CA
S20500230E8049
S20500230F02C6
S205002310E3E4
S2050023111CAA
S20500231208BD
S205002313E6DE
S20500231413B0
S20500231515AD
S205002316358C
S20500231700C0
S20500231813AC
S20500231918A6
S20500231AD7E6
S20500231B01BB
S20500231C13A8
S20500231D5565
S20500231E3584
S20500231F00B8
S2050023203384
S205002321684E
S205002322A80D
S20500232300B4
S20500232413A0
S205002325575B
S205002326377A
S20500232700B0
S2050023286F40
S205002329F0BE
S20500232A9F0E
S20500232BE5C7
S20500232C1398
S20500232D1595
S20500232E3574
S20500232F00A8
S2050023301394
S2050023315551
S2050023323570
S20500233300A4
S2050023341390
S205002335188A
S205002336D7CA
S205002337019F
S205002338930C
S2050023390698
S20500233AF0AD
S20500233B7F1D
S20500233C3368
S20500233D6832
S20500233EA8F1
S20500233F0098
S2050023401384
S205002341573F
S205002342375E
S2050023430094
S205002344E3B0
S2050023458E04
S205002346D7BA
S205002347E2AE
S205002348137C
S2050023491777
S20500234AC7C6
S20500234B008C
S20500234C1378
S20500234D5733
S20500234EC7C2
S20500234F0088
S20500235093F4
S205002351F78F
S205002352F78E
S2050023537F05
S2050023541370
S2050023557E04
S205002356146D
S2050023570080
S2050023586F10
S205002359F08E
S20500235A9FDE
S20500235BD1AB
S20500235C93E8
S20500235D86F4
S20500235E1960
S20500235F0078
S20500236093E4
S205002361F77F
S205002362E68F
S2050023637FF5
S2050023646310
S2050023659ED4
S205002366076A
S205002367125E
S205002368B3BC
S2050023696707
S20500236A1756
S20500236B016B
S20500236C6308
S20500236D9AD0
S20500236E0960
S20500236F2444
S2050023706304
S20500237186E0
S205002372075E
S2050023733034
S205002374B3B0
S205002375E77B
S205002376D58C
S205002377015F
S20500237863FC
S2050023799AC4
S20500237A0756
S20500237B302C
S20500237C1348
S20500237D1545
S20500237E3524
S20500237F0058
S2050023801344
S20500238159FD
S2050023823520
S2050023830054
S2050023841340
S205002385183A
S205002386D77A
S205002387014F
S205002388331C
S20500238968E6
S20500238A2825
S20500238B014B
S20500238C1338
S20500238D57F3
S20500238E3712
S20500238F0048
S2050023906FD8
S205002391F056
S2050023929FA6
S205002393FB49
S2050023943310
S20500239588BA
S205002396D869
S20500239741FF
S205002398B38C
S205002399B787
S20500239A0835
S20500239B013B
S20500239C3308
S20500239D0931
S20500239EB782
S20500239F40F8
S2050023A03304
S2050023A1092D
S2050023A2F93C
S2050023A340F4
S2050023A493A0
S2050023A5171B
S2050023A689A8
S2050023A70030
S2050023A8939C
S2050023A9042A
S2050023AA0825
S2050023AB002C
S2050023AC63C8
S2050023ADC268
S2050023AE0722
S2050023AF1216
S2050023B033F4
S2050023B168BE
S2050023B228FD
S2050023B30123
S2050023B4E340
S2050023B51210
S2050023B60819
S2050023B7C060
S2050023B8130C
S2050023B90E10
S2050023BA001D
S2050023BB001C
S2050023BC9388
S2050023BD0713
S2050023BE0019
S2050023BF0018
S2050023C01304
S2050023C1070F
S2050023C20015
S2050023C30014
S2050023C46FA4
S2050023C5F022
S2050023C6DF32
S2050023C7CA46
S2050023C837D8
S2050023C90905
S2050023CA808D
S2050023CBFF0D
S2050023CC13F8
S2050023CD0901
S2050023CEF910
S2050023CFFF09
S2050023D0B354
S2050023D1897D
S2050023D2F90C
S2050023D340C4
S2050023D433D0
S2050023D57989
S2050023D627DA
S2050023D701FF
S2050023D86F90
S2050023D9F00E
S2050023DA9F5E
S2050023DBC339
S2050023DC9368
S2050023DD07F3
S2050023DEF009
S2050023DF7F79
S2050023E033C4
S2050023E16591
S2050023E217DE
S2050023E301F3
S2050023E46390
S2050023E504EE
S2050023E605EC
S2050023E710E0
S2050023E813DC
S2050023E98866
S2050023EAF7F6
S2050023EBFFED
S2050023EC6388
S2050023ED02E8
S2050023EE08E1
S2050023EF1ECA
S2050023F013D4
S2050023F105E1
S2050023F2F0F5
S2050023F37F65
S2050023F4E300
S2050023F5885A
S2050023F6A73A
S2050023F7D60A
S2050023F8934C
S2050023F907D7
S2050023FA805D
S2050023FB03D9
S2050023FC13C8
S2050023FD8456
S2050023FE06D3
S2050023FF00D8
S20500240013C3
S20500240105D0
S20500240210C4
S20500240300D3
S205002404636F
S205002405CA07
S20500240607C9
S20500240703CC
S205002408933B
S20500240907C6
S20500240AF0DC
S20500240B01CA
S20500240C6367
S20500240DC405
S20500240E07C1
S20500240F19AE
S2050024109333
S20500241107BE
S20500241200C4
S20500241302C1
S205002414B30F
S205002415873A
S20500241607B9
S205002417417E
S205002418338B
S20500241915A8
S20500241AF7C5
S20500241B00BB
S20500241CB307
S20500241DD6E3
S20500241E08B0
S20500241F01B6
S205002420B303
S205002421971E
S205002422F8BC
S20500242300B3
S205002424337F
S205002425654C
S205002426D5DB
S20500242700AF
S205002428B3FB
S2050024293776
S20500242AF0BC
S20500242B00AB
S20500242C3377
S20500242D5851
S20500242E07A1
S20500242F01A6
S2050024303373
S2050024316540
S205002432F5AF
S20500243300A3
S205002434B3EF
S205002435851C
S205002436059B
S205002437415E
S205002438336B
S2050024398518
S20500243AAEEE
S20500243B405B
S20500243C3367
S20500243DB7E2
S20500243EAEEA
S20500243F0097
S2050024409303
S2050024410491
S205002442058F
S2050024430093
S205002444335F
S2050024458908
S205002446E5AB
S205002447404F
S20500244893FB
S2050024490984
S20500244A0F7D
S20500244B008B
S20500244C6F1B
S20500244DF099
S20500244E9FE9
S20500244FB5D2
S20500245093F3
S20500245186FF
S205002452077D
S205002453FE85
S205002454136F
S205002455067B
S2050024560080
S205002457027D
S205002458B3CB
S205002459D6A7
S20500245AD5A7
S20500245B007B
S20500245C6317
S20500245D8AEF
S20500245EC7B1
S20500245F0077
S2050024601363
S205002461066F
S2050024620074
S205002463046F
S205002464B3BF
S205002465076A
S205002466F67A
S205002467402F
S205002468B3BB
S20500246997D6
S20500246AF577
S20500246B006B
S20500246CB3B7
S20500246DEE7B
S20500246EFE6A
S20500246F0067
S2050024703333
S2050024713530
S205002472D094
S2050024730162
S205002474332F
S20500247565FC
S205002476D58B
S205002477005F
S2050024786FEF
S205002479F06D
S20500247ADF7D
S20500247BB1AA
S20500247CB7A3
S20500247D0653
S20500247E80D8
S20500247FFF58
S20500248093C3
S20500248186CF
S205002482F65E
S205002483FF54
S205002484B39F
S20500248587CA
S205002486F957
S205002487400F
S205002488331B
S20500248977D6
S20500248AD775
S20500248B004B
S20500248C6FDB
S20500248DF059
S20500248E9FA9
S20500248FEF58
S2050024901333
S2050024911530
S205002492360E
S2050024930043
S205002494132F
S20500249555EC
S205002496350B
S205002497003F
S205002498132B
S20500249987B6
S20500249A0537
S20500249B003B
S20500249C6FCB
S20500249DF049
S20500249E9F99
S20500249FCD6A
S2050024A093A3
S2050024A1072E
S2050024A2F044
S2050024A37FB4
S2050024A4E34F
S2050024A586AB
S2050024A6F63A
S2050024A7DE51
S2050024A8B37B
S2050024A98E9F
S2050024AAD854
S2050024AB012A
S2050024AC33F7
S2050024ADB673
S2050024AE1E0A
S2050024AF0126
S2050024B0B373
S2050024B1071E
S2050024B2B76D
S2050024B30023
S2050024B4B36F
S2050024B5879A
S2050024B6C759
S2050024B7001F
S2050024B8130B
S2050024B99588
S2050024BAF725
S2050024BB011A
S2050024BC9387
S2050024BDDE3B
S2050024BE1EFA
S2050024BF0017
S2050024C0B363
S2050024C164B1
S2050024C2D53F
S2050024C30112
S2050024C413FF
S2050024C5D938
S2050024C617F9
S2050024C7000F
S2050024C8937B
S2050024C98984
S2050024CA0606
S2050024CB000B
S2050024CC6F9B
S2050024CDF019
S2050024CE5FA9
S2050024CFB453
S2050024D033D3
S2050024D1867F
S2050024D21EE6
S2050024D341C2
S2050024D4B34F
S2050024D5877A
S2050024D6E51B
S2050024D740BF
S2050024D833CB
S2050024D9B746
S2050024DACE2E
S2050024DB00FB
S2050024DC9367
S2050024DD04F5
S2050024DE06F2
S2050024DF00F7
S2050024E033C3
S2050024E1896C
S2050024E2E70D
S2050024E340B3
S2050024E413DF
S2050024E5846D
S2050024E606EA
S2050024E700EF
S2050024E86F7F
S2050024E9F0FD
S2050024EA1FCD
S2050024EBAD3E
S2050024EC13D7
S2050024ED16D3
S2050024EE36B2
S2050024EF00E7
S2050024F013D3
S2050024F15590
S2050024F236AE
S2050024F300E3
S2050024F413CF
S2050024F5845D
S2050024F606DA
S2050024F700DF
S2050024F813CB
S2050024F98756
S2050024FA05D7
S2050024FB00DB
S2050024FC6F6B
S2050024FDF0E9
S2050024FE9F39
S2050024FFE3F4
S205002500E3F2
S205002501983C
S20500250207CC
S205002503E0F2
S205002504636E
S20500250506CA
S20500250608C7
S20500250722AC
S20500250813BA
S205002509D7F5
S20500250A3596
S20500250B00CA
S20500250C13B6
S20500250D16B2
S20500250E3691
S20500250F00C6
S2050025109332
S205002511952F
S205002512D5EE
S20500251301C1
S205002514338E
S2050025156759
S205002516B708
S20500251700BE
S20500251813AA
S2050025195666
S20500251A3685
S20500251B00BA
S20500251C3386
S20500251D6751
S20500251EC7F0
S20500251F00B6
S20500252013A2
S2050025218430
S20500252206AD
S20500252300B2
S2050025246F42
S205002525F0C0
S2050025261F90
S205002527C6E8
S205002528B3FA
S2050025298E1E
S20500252AD8D3
S20500252B01A9
S20500252CB3F6
S20500252D05A3
S20500252EB7F0
S20500252F00A6
S2050025303372
S205002531B6EE
S2050025321E85
S20500253301A1
S205002534336E
S2050025358917
S205002536C5DA
S205002537009E
S205002538930A
S2050025391785
S20500253A8912
S20500253B009A
S20500253C9306
S20500253D8414
S20500253E0E89
S20500253F0096
S2050025406332
S205002541D8BC
S205002542078C
S2050025430A88
S20500254493FE
S2050025450987
S205002546206F
S205002547008E
S2050025486F1E
S205002549F09C
S20500254ADFAC
S20500254BBDCD
S20500254CB3D6
S20500254D8EFA
S20500254ED8AF
S20500254F4145
S205002550B3D2
S205002551057F
S205002552B7CC
S2050025534042
S205002554334E
S205002555B6CA
S205002556D8A7
S205002557017D
S20500255893EA
S20500255984F8
S20500255A0E6D
S20500255B007A
S20500255C3346
S20500255D89EF
S20500255EC5B2
S20500255F4036
S20500256093E2
S205002561096B
S2050025621063
S2050025630072
S2050025646F02
S205002565F080
S2050025661F50
S205002567A4CA
S20500256893DA
S20500256986E6
S20500256A0764
S20500256BFE6C
S20500256C1356
S20500256D0662
S20500256E0067
S20500256F0264
S205002570B3B2
S205002571D68E
S205002572D58E
S2050025730062
S20500257463FE
S2050025758AD6
S205002576C798
S205002577005E
S205002578134A
S2050025790656
S20500257A005B
S20500257B0456
S20500257CB3A6
S20500257D0751
S20500257EF661
S20500257F4016
S205002580B3A2
S20500258197BD
S205002582F55E
S2050025830052
S205002584B39E
S205002585EE62
S205002586FE51
S205002587004E
S205002588331A
S2050025893913
S20500258AD07B
S20500258B0149
S20500258C3316
S20500258D69DF
S20500258ED96E
S20500258F0046
S2050025906FD6
S205002591F054
S2050025921F24
S205002593B78B
S20500259493AE
S2050025950739
S2050025960837
S205002597FE40
S20500259893AA
S2050025990636
S20500259A003B
S20500259B0238
S20500259CB386
S20500259D57E1
S20500259EF740
S20500259F0036
S2050025A063D2
S2050025A10A2A
S2050025A2D85B
S2050025A30032
S2050025A4939E
S2050025A5062A
S2050025A6002F
S2050025A7042A
S2050025A8B37A
S2050025A986A6
S2050025AA0625
S2050025AB41E9
S2050025AC33F6
S2050025AD1711
S2050025AED750
S2050025AF0026
S2050025B0B372
S2050025B1E83C
S2050025B2E83B
S2050025B30022
S2050025B433EE
S2050025B535EB
S2050025B6100F
S2050025B7011D
S2050025B833EA
S2050025B965B7
S2050025BAF526
S2050025BB001A
S2050025BC6FAA
S2050025BDF028
S2050025BEDF38
S2050025BFE72F
S2050025C0E332
S2050025C1888C
S2050025C2070C
S2050025C3EC26
S2050025C4B35E
S2050025C5EE22
S2050025C6D53A
S2050025C7010D
S2050025C8E32A
S2050025C9907C
S2050025CA0EFD
S2050025CBBC4E
S2050025CC6F9A
S2050025CDF018
S2050025CE9F68
S2050025CFD432
S2050025D033D2
S2050025D1867E
S2050025D21EE5
S2050025D341C1
S2050025D4B34E
S2050025D5857B
S2050025D6E51A
S2050025D740BE
S2050025D833CA
S2050025D9B745
S2050025DACE2D
S2050025DB00FA
S2050025DC9366
S2050025DD04F4
S2050025DE06F1
S2050025DF00F6
S2050025E033C2
S2050025E1896B
S2050025E2E50E
S2050025E340B2
S2050025E413DE
S2050025E5846C
S2050025E606E9
S2050025E700EE
S2050025E8935A
S2050025E909E3
S2050025EA10DB
S2050025EB00EA
S2050025EC6F7A
S2050025EDF0F8
S2050025EE9F48
S2050025EF9B4B
S2050025F09352
S2050025F107DD
S2050025F210D3
S2050025F300E2
S2050025F46F72
S2050025F5F0F0
S2050025F61FC0
S2050025F7D10D
S2050025F8E3FA
S2050025F900DC
S2050025FA08D3
S2050025FBDCFE
S2050025FC13C6
S2050025FD16C2
S2050025FE36A1
S2050025FF00D6
S2050026009341
S205002601577C
S205002602369C
S20500260300D1
S20500260413BD
S2050026059837
S205002606D5F9
S20500260701CC
S20500260813B9
S2050026099734
S20500260A9535
S20500260B00C9
S20500260C3395
S20500260D685F
S20500260EF8CE
S20500260F00C5
S20500261013B1
S205002611576C
S205002612C7FB
S20500261300C1
S20500261413AD
S2050026158E31
S20500261606B8
S20500261700BD
S2050026189329
S20500261907B4
S20500261A00BA
S20500261B00B9
S20500261C6F49
S20500261DF0C7
S20500261E5F57
S20500261FA510
S2050026203381
S205002621892A
S205002622D8DA
S2050026234170
S205002624B3FD
S205002625B7F8
S2050026262886
S20500262701AC
S2050026283379
S20500262906A5
S20500262AB7F3
S20500262B4069
S20500262C3375
S20500262D06A1
S20500262EF6B0
S20500262F4065
S2050026309311
S205002631178C
S205002632861C
S20500263300A1
S205002634633D
S205002635D2CD
S2050026360797
S2050026370E8F
S2050026383369
S2050026398615
S20500263A1E7C
S20500263B4158
S20500263C3365
S20500263D8710
S20500263EE5B1
S20500263F4055
S205002640B3E1
S205002641BED5
S205002642CEC4
S2050026430091
S205002644335D
S2050026450788
S205002646D7B7
S205002647414C
S20500264893F9
S2050026491774
S20500264A8703
S20500264B0089
S20500264C93F5
S20500264D0483
S20500264E0680
S20500264F0085
S2050026506321
S205002651DEA5
S205002652077B
S205002653126F
S205002654B7C9
S2050026550778
S20500265680FE
S205002657FF7E
S20500265893E9
S20500265987F4
S20500265AF783
S20500265BFF7A
S20500265C3345
S20500265D7700
S20500265EF77F
S20500265F0075
S2050026601361
S20500266184EF
S205002662066C
S2050026630071
S20500266493DD
S2050026650768
S205002666105E
S205002667006D
S2050026686FFD
S205002669F07B
S20500266A1F4B
S20500266B9FCA
S20500266C1355
S20500266D1651
S20500266E3630
S20500266F0065
S2050026701351
S205002671550E
S205002672362C
S2050026730061
S205002674134D
S20500267587D8
S2050026760559
S205002677005D
S2050026786FED
S205002679F06B
S20500267ADF7B
S20500267BCB8E
S20500267C1345
S20500267D1641
S20500267E3620
S20500267F0055
S2050026801341
S20500268159FA
S205002682361C
S2050026830051
S205002684133D
S20500268587C8
S2050026860549
S205002687004D
S2050026886FDD
S205002689F05B
S20500268ADF6B
S20500268BCF7A
S20500268CB395
S20500268D86C1
S20500268ED86E
S20500268F0144
S205002690B391
S205002691073C
S205002692B78B
S2050026930041
S205002694330D
S205002695B689
S2050026961628
S205002697013C
S205002698B389
S20500269987B4
S20500269AC773
S20500269B0039
S20500269C1325
S20500269D97A0
S20500269E87AF
S20500269F0035
S2050026A01321
S2050026A1D85B
S2050026A236FC
S2050026A30031
S2050026A463CD
S2050026A55ED1
S2050026A60727
S2050026A70825
S2050026A837F5
S2050026A90724
S2050026AA80AA
S2050026ABFF2A
S2050026AC1315
S2050026AD0720
S2050026AEF72F
S2050026AFFF26
S2050026B0B371
S2050026B1F72C
S2050026B2E73B
S2050026B30021
S2050026B4130D
S2050026B59788
S2050026B6D747
S2050026B7011C
S2050026B89389
S2050026B99784
S2050026BA9783
S2050026BB0019
S2050026BC33E5
S2050026BD68AF
S2050026BE070F
S2050026BF0114
S2050026C01301
S2050026C1D73C
S2050026C2C74B
S2050026C30011
S2050026C4937D
S2050026C50708
S2050026C610FE
S2050026C7000D
S2050026C86F9D
S2050026C9F01B
S2050026CA9F6B
S2050026CB9A6F
S2050026CC9375
S2050026CD8780
S2050026CE0600
S2050026CFFE07
S2050026D013F1
S2050026D106FD
S2050026D20002
S2050026D302FF
S2050026D4B34D
S2050026D557A8
S2050026D6F707
S2050026D700FD
S2050026D86399
S2050026D98A71
S2050026DAC634
S2050026DB00F9
S2050026DC13E5
S2050026DD06F1
S2050026DE00F6
S2050026DF04F1
S2050026E0B341
S2050026E106ED
S2050026E2D61C
S2050026E340B1
S2050026E433BD
S2050026E517D8
S2050026E6D717
S2050026E700ED
S2050026E8B339
S2050026E9E803
S2050026EAE802
S2050026EB00E9
S2050026EC33B5
S2050026ED39AE
S2050026EE10D6
S2050026EF01E4
S2050026F033B1
S2050026F1697A
S2050026F2F9E9
S2050026F300E1
S2050026F46F71
S2050026F5F0EF
S2050026F69F3F
S2050026F7B32A
S2050026F813C9
S2050026F9D506
S2050026FA34A6
S2050026FB00D9
S2050026FC9345
S2050026FD8750
S2050026FE09CD
S2050026FF00D5
S20500270013C0
S20500270107CB
S20500270209C8
S20500270300D0
S2050027046F60
S205002705F0DE
S2050027061FAE
S205002707C309
S2050027089338
S20500270906C4
S20500270A00C9
S20500270B02C6
S20500270CB314
S20500270D8640
S20500270EF6CF
S20500270F4084
S20500271013B0
S20500271106BC
S20500271200C1
S20500271300C0
S2050027146F50
S205002715F0CE
S2050027169F1E
S2050027178E2E
S2050027183388
S2050027196852
S20500271AC9F0
S20500271B00B8
S20500271CE3D4
S20500271D0EA8
S20500271E08AD
S20500271FC8EC
S20500272013A0
S2050027215959
S2050027223978
S20500272300B0
S205002724931C
S20500272507A7
S20500272600AD
S20500272700AC
S2050027281398
S20500272907A3
S20500272A06A3
S20500272B00A8
S20500272C6F38
S20500272DF0B6
S20500272E9F06
S20500272FC5DF
S2050027301390
S2050027310E94
S20500273200A1
S20500273300A0
S205002734930C
S2050027350797
S205002736F0AD
S2050027377F1D
S2050027383764
S2050027390793
S20500273A0891
S20500273B0098
S20500273C6F28
S20500273DF0A6
S20500273E5F36
S20500273F9301
S2050027401380
S20500274197FB
S205002742D7BA
S205002743018F
S20500274493FC
S20500274597F7
S20500274697F6
S205002747008C
S2050027483358
S2050027496822
S20500274A0782
S20500274B0187
S20500274C1374
S20500274DD7AF
S20500274EC7BE
S20500274F0084
S20500275093F0
S205002751077B
S2050027520081
S2050027530080
S2050027546F10
S205002755F08E
S205002756DF9E
S20500275791EB
S205002758E398
S20500275986F4
S20500275A0772
S20500275BAECA
S20500275C3344
S20500275D086E
S20500275E3F36
S20500275F4133
S20500276093E0
S205002761076B
S2050027620869
S2050027630070
S205002764E38C
S2050027658EE0
S2050027660964
S205002767C6A6
S20500276893D8
S2050027690763
S20500276A80E9
S20500276B0365
S20500276C6304
S20500276DCA9C
S20500276E075E
S20500276F0163
S205002770B7AC
S205002771075B
S20500277280E1
S2050027730060
S205002774332C
S20500277567F7
S205002776F766
S205002777005C
S2050027781348
S20500277984D6
S20500277A0653
S20500277B0058
S20500277C6FE8
S20500277DF066
S20500277EDF76
S20500277FC88C
S2050027801340
S20500278184CE
S205002782064B
S2050027830050
S205002784133C
S2050027850549
S205002786103D
S205002787004C
S2050027886FDC
S205002789F05A
S20500278A1F2A
S20500278BCB7D
S20500278C1334
S20500278D182E
S20500278ED76E
S20500278F0143
S2050027901330
S20500279156EC
S205002792360B
S2050027930040
S205002794330C
S20500279568D6
S205002796C875
S205002797003C
S2050027981328
S20500279957E3
S20500279A3702
S20500279B0038
S20500279C93A4
S20500279D072F
S20500279E0035
S20500279F0034
S2050027A01320
S2050027A184AE
S2050027A2062B
S2050027A30030
S2050027A46FC0
S2050027A5F03E
S2050027A65FCE
S2050027A7BA72
S2050027A8E348
S2050027A98AA0
S2050027AA0722
S2050027ABBA6E
S2050027ACB374
S2050027AD0620
S2050027AE3FE6
S2050027AF41E3
S2050027B063C0
S2050027B1968C
S2050027B20918
S2050027B30020
S2050027B4938C
S2050027B58797
S2050027B60617
S2050027B7001C
S2050027B86FAC
S2050027B9F02A
S2050027BA1FFA
S2050027BBA276
S2050027BC9384
S2050027BD070F
S2050027BE8095
S2050027BF0311
S2050027C01300
S2050027C10909
S2050027C21001
S2050027C30010
S2050027C4E32C
S2050027C5C44A
S2050027C6D736
S2050027C7A666
S2050027C8B754
S2050027C90703
S2050027CA8089
S2050027CB0008
S2050027CC33D4
S2050027CD679F
S2050027CEF70E
S2050027CF0004
S2050027D06F94
S2050027D1F012
S2050027D2DF22
S2050027D3A25E
S2050027D4936C
S2050027D5D727
S2050027D645B8
S2050027D701FB
S2050027D8B744
S2050027D906F4
S2050027DA10E9
S2050027DB00F8
S2050027DC13E4
S2050027DD876F
S2050027DEF6FF
S2050027DFFFF5
S2050027E09360
S2050027E1F7FB
S2050027E2F7FA
S2050027E37F71
S2050027E413DC
S2050027E506E8
S2050027E6E00D
S2050027E73FAD
S2050027E833B8
S2050027E97773
S2050027EAB732
S2050027EB00E8
S2050027EC9354
S2050027EDD511
S2050027EEF5F0
S2050027EF01E3
S2050027F06380
S2050027F15E84
S2050027F2F6EB
S2050027F300E0
S2050027F413CC
S2050027F506D8
S2050027F6D00D
S2050027F7419B
S2050027F86378
S2050027F95E7C
S2050027FAF6E3
S2050027FB00D8
S2050027FC37A0
S2050027FD05D1
S2050027FE00D5
S2050027FF8054
S20500280013BF
S20500280105CC
S205002802F5DB
S205002803FFD0
S205002804339B
S2050028058548
S205002806A527
S20500280700CB
S2050028086763
S2050028098049
S20500280A00C8
S20500280B00C7
S20500280C13B3
S20500280D05C0
S20500280E00C4
S20500280F00C3
S205002810675B
S2050028118041
S20500281200C0
S20500281300BF
S20500281413AB
S20500281506B7
S205002816308C
S2050028174378
S2050028183387
S20500281906B3
S20500281AF6C2
S20500281B4077
S20500281C13A3
S20500281D08AD
S20500281EF0C4
S20500281F01B2
S205002820337F
S205002821674A
S205002822D7D9
S20500282300AF
S205002824634B
S205002825505D
S205002826C8E4
S20500282702A9
S2050028289317
S20500282906A3
S20500282A3078
S20500282B4166
S20500282CB3F3
S20500282D871E
S20500282EF6AE
S20500282F4063
S205002830336F
S205002831574A
S205002832F7A9
S205002833009F
S205002834336B
S2050028350598
S205002836E0BC
S205002837405B
S205002838E3B7
S2050028399CFD
S20500283A0593
S20500283BFC9B
S20500283C1383
S20500283D0590
S20500283E078D
S20500283F0093
S205002840672B
S2050028418011
S2050028420090
S205002843008F
S20500284493FB
S2050028458706
S205002846D7B5
S205002847BECD
S2050028483357
S2050028491772
S20500284AF791
S20500284B0087
S20500284C3353
S20500284D5530
S20500284EC5BF
S20500284F0083
S205002850334F
S205002851671A
S205002852A7D9
S205002853007F
S2050028546F0F
S205002855F08D
S2050028561F5D
S205002857FE7D
S2050028581367
S2050028590673
S20500285A0573
S20500285B0077
S20500285C1363
S20500285D0570
S20500285E0074
S20500285F0073
S20500286093DF
S205002861F67B
S205002862155B
S205002863006F
S205002864630B
S20500286584E9
S2050028660666
S205002867006B
S2050028683337
S2050028690564
S20500286AC5A3
S20500286B0067
S20500286C93D3
S20500286DD590
S20500286E154F
S20500286F0063
S205002870134F
S205002871164B
S205002872164A
S205002873005F
S205002874E37B
S20500287596C7
S2050028760557
S205002877FE5D
S20500287867F3
S20500287980D9
S20500287A0058
S20500287B0057
S20500287C63F3
S20500287D4015
S20500287E054F
S20500287F064D
S20500288063EF
S205002881C68B
S205002882054B
S2050028830649
S205002884133B
S20500288586C7
S2050028860547
S205002887004B
S20500288893B7
S2050028890544
S20500288A0543
S20500288B0047
S20500288C1333
S20500288D0540
S20500288EF054
S20500288FFF44
S20500289063DF
S2050028910C35
S205002892063A
S205002893023D
S20500289493AB
S2050028950637
S205002896102C
S205002897003B
S20500289863D7
S2050028997ABF
S20500289AB682
S20500289B0037
S20500289C63D3
S20500289D58DD
S20500289EC074
S20500289F0033
S2050028A0131F
S2050028A1161B
S2050028A2161A
S2050028A3002F
S2050028A4939B
S2050028A59697
S2050028A61616
S2050028A7002B
S2050028A8E347
S2050028A96ABF
S2050028AAB672
S2050028ABFE29
S2050028AC1313
S2050028AD0520
S2050028AE0024
S2050028AF0023
S2050028B063BF
S2050028B1E63B
S2050028B2C55B
S2050028B3001F
S2050028B4B36B
S2050028B58598
S2050028B6C557
S2050028B740DB
S2050028B833E7
S2050028B965B4
S2050028BAD543
S2050028BB0017
S2050028BC9383
S2050028BDD63F
S2050028BE16FE
S2050028BF0013
S2050028C013FF
S2050028C156BB
S2050028C216FA
S2050028C3000F
S2050028C4E32B
S2050028C59677
S2050028C60606
S2050028C7FE0D
S2050028C867A3
S2050028C98089
S2050028CA0008
S2050028CB0007
S2050028CC9373
S2050028CD8283
S2050028CE0004
S2050028CF0003
S2050028D0EF13
S2050028D1F011
S2050028D25FA1
S2050028D3FB04
S2050028D413EB
S2050028D58578
S2050028D605F7
S2050028D700FB
S2050028D86793
S2050028D98079
S2050028DA02F6
S2050028DB00F7
S2050028DC33C3
S2050028DD05F0
S2050028DEA054
S2050028DF40B3
S2050028E0638F
S2050028E148A9
S2050028E2B040
S2050028E300EF
S2050028E4B33B
S2050028E505E8
S2050028E6B03C
S2050028E740AB
S2050028E86F7B
S2050028E9F0F9
S2050028EADF09
S2050028EBF9EE
S2050028ECB333
S2050028ED05E0
S2050028EEB034
S2050028EF40A3
S2050028F0934F
S2050028F1825F
S2050028F200E0
S2050028F300DF
S2050028F4EFEF
S2050028F5F0ED
S2050028F61FBD
S2050028F7F9E2
S2050028F833A7
S2050028F905D4
S2050028FAA038
S2050028FB4097
S2050028FC676F
S2050028FD8055
S2050028FE02D2
S2050028FF00D3
S205002900933E
S205002901824E
S20500290200CF
S20500290300CE
S205002904636A
S205002905CA02
S20500290605C6
S20500290700CA
S2050029086366
S2050029094C7C
S20500290A05C2
S20500290B00C6
S20500290CEFD6
S20500290DF0D4
S20500290E9F24
S20500290FF7CB
S20500291013AE
S205002911853B
S20500291205BA
S20500291300BE
S2050029146756
S205002915803C
S20500291602B9
S20500291700BA
S205002918B306
S20500291905B3
S20500291AB007
S20500291B4076
S20500291CE3D2
S20500291D585C
S20500291E05AE
S20500291FFEB4
S205002920337E
S20500292105AB
S205002922A00F
S205002923406E
S205002924EFBE
S205002925F0BC
S2050029261F8C
S205002927F6B4
S2050029283376
S20500292905A3
S20500292AB0F7
S20500292B4066
S20500292C673E
S20500292D8024
S20500292E02A1
S20500292F00A2
S205002930B7EA
S2050029310799
S205002932019E
S205002933009E
S205002934633A
S2050029357A22
S205002936F5A6
S2050029370298
S2050029381386
S2050029393761
S20500293A0592
S20500293B1086
S20500293C1382
S20500293D375D
S20500293E177C
S20500293F0092
S205002940137E
S2050029411779
S2050029423758
S205002943008E
S205002944B7D6
S2050029450785
S205002946107B
S205002947008A
S2050029483356
S2050029495533
S20500294AE5A2
S20500294B0086
S20500294C93F2
S20500294D87FD
S20500294E077C
S20500294F047E
S205002950B3CE
S20500295187F9
S205002952A7D8
S205002953007E
S205002954037A
S205002955C5B7
S2050029560774
S205002957007A
S20500295893E6
S2050029590672
S20500295A0077
S20500295B0274
S20500295CB3C2
S20500295D86EE
S20500295EE68D
S20500295F4032
S205002960333E
S20500296185EB
S205002962A6C9
S205002963402E
S2050029646706
S20500296580EC
S205002966006B
S205002967006A
S205002968B7B2
S2050029690761
S20500296A0067
S20500296B0165
S20500296C6302
S20500296D74F0
S20500296EF56E
S20500296F0260
S205002970134E
S2050029710759
S205002972005F
S205002973015D
S205002974B7A6
S2050029750755
S205002976104B
S205002977005A
S2050029783326
S2050029795503
S20500297AE572
S20500297B0056
S20500297C93C2
S20500297D87CD
S20500297E074C
S20500297F044E
S205002980B39E
S20500298187C9
S205002982A7A8
S205002983004E
S205002984034A
S205002985C587
S2050029860744
S205002987004A
S20500298893B6
S2050029890642
S20500298A0047
S20500298B0145
S20500298C3312
S20500298D85BF
S20500298EA69D
S20500298F4002
S20500299067DA
S20500299180C0
S205002992003F
S205002993003E
S205002994132A
S2050029950735
S20500299680BB
S2050029970139
S205002998B782
S2050029990731
S20500299A1027
S20500299B0036
S20500299C3302
S20500299D55DF
S20500299EE54E
S20500299F0032
S2050029A0939E
S2050029A187A9
S2050029A20728
S2050029A3042A
S2050029A4B37A
S2050029A587A5
S2050029A6A784
S2050029A7002A
S2050029A80326
S2050029A9C563
S2050029AA0720
S2050029AB0026
S2050029AC9392
S2050029AD061E
S2050029AE80A3
S2050029AF0022
S2050029B033EE
S2050029B1859B
S2050029B2A679
S2050029B340DE
S2050029B467B6
S2050029B5809C
S2050029B6001B
S2050029B7001A
S2050029B81306
S2050029B90117
S2050029BA0116
S2050029BBFF17
S2050029BC23F2
S2050029BD24F0
S2050029BE8192
S2050029BF0012
S2050029C023EE
S2050029C120F0
S2050029C221EE
S2050029C3010D
S2050029C49776
S2050029C5D735
S2050029C60FFC
S2050029C7000A
S2050029C89376
S2050029C98781
S2050029CAC740
S2050029CB63A3
S2050029CC17EE
S2050029CDD430
S2050029CE0FF4
S2050029CF0002
S2050029D013EE
S2050029D104FC
S2050029D244BB
S2050029D3639B
S2050029D423DA
S2050029D526D6
S2050029D611EA
S2050029D700FA
S2050029D823D6
S2050029D922D6
S2050029DA9166
S2050029DB00F6
S2050029DC33C2
S2050029DD896B
S2050029DE876C
S2050029DF40B2
S2050029E0638E
S2050029E18070
S2050029E28768
S2050029E302EC
S2050029E413DA
S2050029E55993
S2050029E629C2
S2050029E740AA
S2050029E89356
S2050029E904E4
S2050029EA00E7
S2050029EB00E6
S2050029EC8362
S2050029ED27BD
S2050029EE04DF
S2050029EF00E2
S2050029F0934E
S2050029F1845C
S2050029F214CB
S2050029F300DE
S2050029F413CA
S2050029F504D8
S2050029F64497
S2050029F700DA
S2050029F8E7F2
S2050029F98058
S2050029FA07D0
S2050029FB00D6
S2050029FCE3F2
S2050029FDE8EC
S2050029FE24AF
S2050029FFFFD3
S205002A009739
S205002A01D7F8
S205002A020FBF
S205002A0300CD
S205002A049339
S205002A058744
S205002A0607C3
S205002A076069
S205002A0817B1
S205002A09D4F3
S205002A0A0FB7
S205002A0B00C5
S205002A0C13B1
S205002A0D04BF
S205002A0E843E
S205002A0F5F62
S205002A10338D
S205002A118936
S205002A128737
S205002A13407D
S205002A1413A9
S205002A155962
S205002A162991
S205002A174079
S205002A186355
S205002A198E29
S205002A1A872F
S205002A1B00B5
S205002A1C9321
S205002A1D04AF
S205002A1E00B2
S205002A1F00B1
S205002A20832D
S205002A212788
S205002A2204AA
S205002A2300AD
S205002A249319
S205002A258427
S205002A261496
S205002A2700A9
S205002A281395
S205002A2904A3
S205002A2A4462
S205002A2B00A5
S205002A2CE7BD
S205002A2D8023
S205002A2E079B
S205002A2F00A1
S205002A30E3BD
S205002A31E8B7
S205002A32247A
S205002A33FF9E
S205002A348319
S205002A35207B
S205002A36C1D9
S205002A370099
S205002A380395
S205002A392473
S205002A3A8115
S205002A3B0095
S205002A3C8311
S205002A3D246F
S205002A3E4151
S205002A3F0091
S205002A40038D
S205002A412966
S205002A42018D
S205002A43008D
S205002A441379
S205002A45018A
S205002A460189
S205002A470188
S205002A486721
S205002A498007
S205002A4A0086
S205002A4B0085
S205002A4C6321
S205002A4DF68D
S205002A4EA5DD
S205002A4F027F
S205002A50334D
S205002A5187F8
S205002A52C5B9
S205002A53007D
S205002A546319
S205002A557209
S205002A56E595
S205002A570277
S205002A58B3C5
S205002A590770
S205002A5AC5B1
S205002A5B0075
S205002A5C6311
S205002A5D066D
S205002A5E066C
S205002A5F046D
S205002A6083ED
S205002A614629
S205002A62F777
S205002A63FF6E
S205002A6493D9
S205002A6587E4
S205002A66F773
S205002A67FF6A
S205002A681355
S205002A690760
S205002A6AF76F
S205002A6BFF66
S205002A6C2341
S205002A6D80E3
S205002A6ED78B
S205002A6F0061
S205002A70E37D
S205002A711847
S205002A72F569
S205002A73FE5F
S205002A7467F5
S205002A7580DB
S205002A76005A
S205002A770059
S205002A7893C5
S205002A790750
S205002A7AF066
S205002A7B0055
S205002A7C63F1
S205002A7DE86B
S205002A7EC78B
S205002A7F024F
S205002A8093BD
S205002A810748
S205002A820549
S205002A83004D
S205002A8493B9
S205002A850645
S205002A86F654
S205002A87FF4A
S205002A8863E5
S205002A890245
S205002A8A0640
S205002A8B0C39
S205002A8C93B1
S205002A8D86BD
S205002A8E162C
S205002A8F0041
S205002A90B38D
S205002A9186B9
S205002A92D767
S205002A93003D
S205002A940339
S205002A95C774
S205002A960535
S205002A970039
S205002A9893A5
S205002A9987B0
S205002A9A171F
S205002A9B0035
S205002A9C93A1
S205002A9D85AE
S205002A9E151D
S205002A9F0031
S205002AA0A38D
S205002AA18FA0
S205002AA2E747
S205002AA3FE2F
S205002AA4E349
S205002AA59893
S205002AA6D753
S205002AA7FE2B
S205002AA867C1
S205002AA980A7
S205002AAA0026
S205002AAB0025
S205002AACB371
S205002AAD67BC
S205002AAEB56D
S205002AAF0021
S205002AB0938D
S205002AB1F728
S205002AB237E7
S205002AB3001D
S205002AB463B9
S205002AB59685
S205002AB60713
S205002AB70811
S205002AB89385
S205002AB9080F
S205002ABA0610
S205002ABBFF16
S205002ABC9381
S205002ABDF81B
S205002ABE080A
S205002ABFFF12
S205002AC0937D
S205002AC18887
S205002AC20806
S205002AC3010C
S205002AC4B359
S205002AC50605
S205002AC615F5
S205002AC70108
S205002AC813F5
S205002AC98780
S205002ACA0501
S205002ACB0005
S205002ACC9371
S205002ACD07FC
S205002ACE05FD
S205002ACF0001
S205002AD003FD
S205002AD128D7
S205002AD207F7
S205002AD300FD
S205002AD413E9
S205002AD507F4
S205002AD607F3
S205002AD701F8
S205002AD89365
S205002AD98770
S205002ADA07EF
S205002ADB01F4
S205002ADC23D1
S205002ADDA84B
S205002ADE07EB
S205002ADFFFF2
S205002AE003ED
S205002AE128C7
S205002AE247A7
S205002AE3FFEE
S205002AE423C9
S205002AE5AA41
S205002AE607E3
S205002AE7FFEA
S205002AE803E5
S205002AE928BF
S205002AEA875F
S205002AEBFFE6
S205002AEC23C1
S205002AEDAC37
S205002AEE07DB
S205002AEFFFE2
S205002AF003DD
S205002AF128B7
S205002AF2C717
S205002AF3FFDE
S205002AF423B9
S205002AF5AE2D
S205002AF607D3
S205002AF7FFDA
S205002AF8E3F5
S205002AF99C3B
S205002AFAD7FF
S205002AFBFCD9
S205002AFC13C1
S205002AFD785B
S205002AFEC60C
S205002AFF00D1
S205002B00B31C
S205002B018549
S205002B0215B8
S205002B0301CB
S205002B0413B8
S205002B057753
S205002B06F6D3
S205002B0700C8
S205002B086364
S205002B0904C2
S205002B0A08BD
S205002B0B04C0
S205002B0C13B0
S205002B0D08BA
S205002B0EC7FA
S205002B0FFFC1
S205002B1013AC
S205002B117846
S205002B12C8F5
S205002B13FFBD
S205002B1413A8
S205002B1508B2
S205002B164871
S205002B1700B8
S205002B18B304
S205002B19872F
S205002B1A06AF
S205002B1B01B3
S205002B1C13A0
S205002B1D872B
S205002B1E05AC
S205002B1F00B0
S205002B20832C
S205002B212886
S205002B2207A6
S205002B2300AC
S205002B249318
S205002B258624
S205002B264663
S205002B2700A8
S205002B281394
S205002B29079F
S205002B2A475E
S205002B2B00A4
S205002B2C2380
S205002B2DAEF4
S205002B2E168B
S205002B2FFFA1
S205002B30E3BC
S205002B319806
S205002B32F6A7
S205002B33FE9E
S205002B341388
S205002B357624
S205002B363663
S205002B370098
S205002B38B3E4
S205002B398511
S205002B3A0590
S205002B3B0193
S205002B3C6F24
S205002B3DF0A2
S205002B3E9FF2
S205002B3FF49C
S205002B4093FC
S205002B410688
S205002B42F697
S205002B43FF8D
S205002B4493F8
S205002B450783
S205002B460584
S205002B470088
S205002B486F18
S205002B49F096
S205002B4A5F26
S205002B4BF490
S205002B4C671C
S205002B4D8002
S205002B4E0081
S205002B4F0080
S205002B50136C
S205002B510678
S205002B520776
S205002B53007C
S205002B546F0C
S205002B55F08A
S205002B561F5A
S205002B57F385
S205002B581364
S205002B590373
S205002B5AF085
S205002B5B0074
S205002B5C1360
S205002B5D076B
S205002B5E056C
S205002B5F0070
S205002B60630C
S205002B617EF0
S205002B62C3AA
S205002B63026A
S205002B6493D8
S205002B6577F3
S205002B66F772
S205002B670068
S205002B686304
S205002B6990D6
S205002B6A075E
S205002B6B0A5A
S205002B6C6300
S205002B6D92D0
S205002B6E055C
S205002B6F0858
S205002B7093CC
S205002B7176E8
S205002B720657
S205002B73FF5D
S205002B741348
S205002B7576E4
S205002B76F663
S205002B770058
S205002B78B3A4
S205002B7986D0
S205002B7AE66F
S205002B7B0054
S205002B7C2330
S205002B7D2032
S205002B7EB79A
S205002B7F0050
S205002B80232C
S205002B81222C
S205002B82B796
S205002B83004C
S205002B842328
S205002B852426
S205002B86B792
S205002B870048
S205002B882324
S205002B892620
S205002B8AB78E
S205002B8B0044
S205002B8C1330
S205002B8D073B
S205002B8E073A
S205002B8F013F
S205002B90E35C
S205002B9166D8
S205002B92D766
S205002B93FE3E
S205002B9463D8
S205002B951426
S205002B960633
S205002B970038
S205002B9867D0
S205002B9980B6
S205002B9A0035
S205002B9B0034
S205002B9CB380
S205002B9D062C
S205002B9EC36E
S205002B9F40F0
S205002BA0939C
S205002BA19698
S205002BA22607
S205002BA3002C
S205002BA49794
S205002BA50228
S205002BA60029
S205002BA70028
S205002BA8B374
S205002BA986A0
S205002BAA56CF
S205002BAB0024
S205002BAC67BC
S205002BAD80A2
S205002BAEC65B
S205002BAF0020
S205002BB023FC
S205002BB10717
S205002BB2B766
S205002BB3001C
S205002BB4A378
S205002BB50614
S205002BB6B762
S205002BB70018
S205002BB823F4
S205002BB90610
S205002BBAB75E
S205002BBB0014
S205002BBCA370
S205002BBD050D
S205002BBEB75A
S205002BBF0010
S205002BC023EC
S205002BC10509
S205002BC2B756
S205002BC3000C
S205002BC4A368
S205002BC50406
S205002BC6B752
S205002BC70008
S205002BC823E4
S205002BC90402
S205002BCAB74E
S205002BCB0004
S205002BCCA360
S205002BCD03FF
S205002BCEB74A
S205002BCF0000
S205002BD023DC
S205002BD103FB
S205002BD2B746
S205002BD300FC
S205002BD4A358
S205002BD502F8
S205002BD6B742
S205002BD700F8
S205002BD823D4
S205002BD902F4
S205002BDAB73E
S205002BDB00F4
S205002BDCA350
S205002BDD01F1
S205002BDEB73A
S205002BDF00F0
S205002BE023CC
S205002BE101ED
S205002BE2B736
S205002BE300EC
S205002BE4A348
S205002BE500EA
S205002BE6B732
S205002BE700E8
S205002BE823C4
S205002BE900E6
S205002BEAB72E
S205002BEB00E4
S205002BEC677C
S205002BED8062
S205002BEE00E1
S205002BEF00E0
S205002BF0934C
S205002BF1F5E9
S205002BF2F5E8
S205002BF30FCD
S205002BF49348
S205002BF59644
S205002BF68554
S205002BF700D8
S205002BF8B324
S205002BF9E5F1
S205002BFAD500
S205002BFB00D4
S205002BFC9340
S205002BFD963C
S205002BFE05CC
S205002BFF01CF
S205002C00B31B
S205002C01E5E8
S205002C02D5F7
S205002C0300CB
S205002C046F5B
S205002C05F0D9
S205002C06DFE9
S205002C07F6D1
S205002C089333
S205002C09962F
S205002C0A279D
S205002C0B00C3
S205002C0C972B
S205002C0D02BF
S205002C0E00C0
S205002C0F00BF
S205002C10B30B
S205002C118637
S205002C125666
S205002C1300BB
S205002C149327
S205002C158237
S205002C1600B8
S205002C1700B7
S205002C18E7CF
S205002C198035
S205002C1A06AE
S205002C1BFAB9
S205002C1C931F
S205002C1D8031
S205002C1E02AE
S205002C1F00AF
S205002C20931B
S205002C218726
S205002C2207A5
S205002C23FFAC
S205002C243377
S205002C2507A2
S205002C26F7B1
S205002C274067
S205002C283373
S205002C29069F
S205002C2AF6AE
S205002C2B00A3
S205002C2CE3BF
S205002C2D7829
S205002C2EC3DD
S205002C2FF6A9
S205002C306F2F
S205002C31F0AD
S205002C32DFBD
S205002C33F3A8
S205002C34B3E7
S205002C35C7D2
S205002C36A5F3
S205002C370097
S205002C389303
S205002C39F79E
S205002C3A375D
S205002C3B0093
S205002C3CB3DF
S205002C3D0889
S205002C3EC5CB
S205002C3F008F
S205002C40632B
S205002C4194F9
S205002C420785
S205002C430685
S205002C4493F7
S205002C450782
S205002C463058
S205002C470087
S205002C486323
S205002C49F095
S205002C4AC7BD
S205002C4B067D
S205002C4C93EF
S205002C4D770A
S205002C4E354B
S205002C4F007F
S205002C50136B
S205002C510776
S205002C520577
S205002C53007B
S205002C546317
S205002C559ADF
S205002C560771
S205002C570671
S205002C581363
S205002C59F67F
S205002C5AC8AC
S205002C5BFF74
S205002C5CB3BF
S205002C5D066B
S205002C5EE68A
S205002C5F402F
S205002C6093DB
S205002C610766
S205002C62006C
S205002C630269
S205002C646307
S205002C65CE9B
S205002C66D791
S205002C67085F
S205002C6893D3
S205002C6986DF
S205002C6A055F
S205002C6B0063
S205002C6C93CF
S205002C6D075A
S205002C6E0759
S205002C6F005F
S205002C7063FB
S205002C7178E5
S205002C72C795
S205002C730259
S205002C740357
S205002C75A8B1
S205002C760652
S205002C770057
S205002C7893C3
S205002C7987CE
S205002C7A470D
S205002C7B0053
S205002C7C93BF
S205002C7D86CB
S205002C7E460A
S205002C7F004F
S205002C80232B
S205002C81AE9F
S205002C820745
S205002C83FF4C
S205002C84E367
S205002C85E861
S205002C86C781
S205002C87FE49
S205002C8893B3
S205002C89073E
S205002C8AF64E
S205002C8BFF44
S205002C8CB38F
S205002C8D87BA
S205002C8EE759
S205002C8F40FF
S205002C9093AB
S205002C91F746
S205002C92C775
S205002C93FF3C
S205002C9493A7
S205002C9587B2
S205002C9647F1
S205002C970037
S205002C983303
S205002C99072E
S205002C9AF73D
S205002C9B0033
S205002C9CB37F
S205002C9D85AC
S205002C9EF53B
S205002C9F002F
S205002CA063CB
S205002CA168C5
S205002CA21715
S205002CA3012A
S205002CA467C3
S205002CA580A9
S205002CA60028
S205002CA70027
S205002CA81313
S205002CA9071E
S205002CAA051F
S205002CAB0023
S205002CAC63BF
S205002CAD78A9
S205002CAE150B
S205002CAF051A
S205002CB0839B
S205002CB1C756
S205002CB20517
S205002CB3001B
S205002CB41307
S205002CB50712
S205002CB61701
S205002CB70017
S205002CB89383
S205002CB98590
S205002CBA15FF
S205002CBB0013
S205002CBCA36F
S205002CBD0F02
S205002CBEF719
S205002CBFFE11
S205002CC0E32B
S205002CC19875
S205002CC2E824
S205002CC3FE0D
S205002CC467A3
S205002CC58089
S205002CC60008
S205002CC70007
S205002CC88383
S205002CC9C63F
S205002CCA05FF
S205002CCB0003
S205002CCC13EF
S205002CCD07FA
S205002CCE17E9
S205002CCF00FF
S205002CD0936B
S205002CD17786
S205002CD237C5
S205002CD300FB
S205002CD4A357
S205002CD50FEA
S205002CD6D721
S205002CD7FEF9
S205002CD89363
S205002CD98570
S205002CDA15DF
S205002CDB00F3
S205002CDCE30F
S205002CDD8E63
S205002CDE07E9
S205002CDFF6F9
S205002CE0836B
S205002CE1C627
S205002CE205E7
S205002CE300EB
S205002CE413D7
S205002CE507E2
S205002CE617D1
S205002CE700E7
S205002CE89353
S205002CE9776E
S205002CEA37AD
S205002CEB00E3
S205002CECA33F
S205002CED0FD2
S205002CEED709
S205002CEFFEE1
S205002CF0934B
S205002CF18558
S205002CF215C7
S205002CF300DB
S205002CF4E3F7
S205002CF59A3F
S205002CF607D1
S205002CF7FCDB
S205002CF86F67
S205002CF9F0E5
S205002CFA1FB5
S205002CFBF6DD
S205002CFC676B
S205002CFD8051
S205002CFE00D0
S205002CFF00CF
S205002D0013BA
S205002D0101CB
S205002D0201CA
S205002D03FFCB
S205002D0423A6
S205002D0526A2
S205002D068146
S205002D0700C6
S205002D0813B2
S205002D0904C0
S205002D0A00C3
S205002D0B02C0
S205002D0C833E
S205002D0DA31D
S205002D0E05BA
S205002D0F00BE
S205002D10833A
S205002D11A21A
S205002D124576
S205002D1300BA
S205002D148336
S205002D15AF09
S205002D168532
S205002D1700B6
S205002D1803B2
S205002D19AF05
S205002D1AC5EE
S205002D1B00B2
S205002D1C832E
S205002D1DAE02
S205002D1E05AA
S205002D1F01AD
S205002D2003AA
S205002D21AEFE
S205002D224566
S205002D2301A9
S205002D2403A6
S205002D25A305
S205002D268522
S205002D2701A5
S205002D2803A2
S205002D29A8FC
S205002D2AC5DE
S205002D2B01A1
S205002D2C831E
S205002D2DA6FA
S205002D2E059A
S205002D2F029C
S205002D30138A
S205002D310795
S205002D324754
S205002D330298
S205002D34B3E6
S205002D350791
S205002D36E6B1
S205002D374056
S205002D382372
S205002D392E66
S205002D3A771C
S205002D3BFC96
S205002D3C236E
S205002D3D2070
S205002D3E5738
S205002D3FFE90
S205002D40236A
S205002D41226A
S205002D42F794
S205002D43FF8B
S205002D442366
S205002D452464
S205002D46E7A0
S205002D47FF87
S205002D482362
S205002D49265E
S205002D4AD7AC
S205002D4BFF83
S205002D4C235E
S205002D4D2858
S205002D4EC7B8
S205002D4FFF7F
S205002D50235A
S205002D512A52
S205002D526714
S205002D53FE7C
S205002D542356
S205002D552C4C
S205002D560770
S205002D57FF77
S205002D582352
S205002D592E46
S205002D5AD79C
S205002D5BFE74
S205002D5C93DE
S205002D5D85EB
S205002D5E452A
S205002D5F026C
S205002D60E38A
S205002D614626
S205002D62F477
S205002D63FA70
S205002D6493D6
S205002D6586E2
S205002D660562
S205002D670066
S205002D6893D2
S205002D69075D
S205002D6A075C
S205002D6B0062
S205002D6C63FE
S205002D6D78E8
S205002D6EC798
S205002D6F025C
S205002D70035A
S205002D71A8B4
S205002D720655
S205002D73005A
S205002D7493C6
S205002D7587D1
S205002D764710
S205002D770056
S205002D7893C2
S205002D7986CE
S205002D7A460D
S205002D7B0052
S205002D7C232E
S205002D7DAEA2
S205002D7E0748
S205002D7FFF4F
S205002D80E36A
S205002D81E864
S205002D82C784
S205002D83FE4C
S205002D8493B6
S205002D850741
S205002D86F651
S205002D87FF47
S205002D88B392
S205002D8987BD
S205002D8AE75C
S205002D8B4002
S205002D8C93AE
S205002D8DF749
S205002D8EC778
S205002D8FFF3F
S205002D9093AA
S205002D9187B5
S205002D9247F4
S205002D93003A
S205002D943306
S205002D950731
S205002D96F740
S205002D970036
S205002D98B382
S205002D9985AF
S205002D9AF53E
S205002D9B0032
S205002D9C63CE
S205002D9D68C8
S205002D9E1718
S205002D9F012D
S205002DA0032A
S205002DA12408
S205002DA2C16A
S205002DA3002A
S205002DA41316
S205002DA50127
S205002DA60126
S205002DA70125
S205002DA867BE
S205002DA980A4
S205002DAA0023
S205002DAB0022
S205002DAC839E
S205002DADC759
S205002DAE051A
S205002DAF001E
S205002DB0130A
S205002DB10715
S205002DB21704
S205002DB3001A
S205002DB49386
S205002DB58593
S205002DB61502
S205002DB70016
S205002DB8A372
S205002DB90F05
S205002DBAF71C
S205002DBBFE14
S205002DBCE32E
S205002DBD828E
S205002DBEE827
S205002DBFFE10
S205002DC0838A
S205002DC1C745
S205002DC20506
S205002DC3000A
S205002DC413F6
S205002DC50701
S205002DC617F0
S205002DC70006
S205002DC89372
S205002DC9857F
S205002DCA15EE
S205002DCB0002
S205002DCCA35E
S205002DCD0FF1
S205002DCEF708
S205002DCFFE00
S205002DD0E31A
S205002DD19E5E
S205002DD2E813
S205002DD3FCFE
S205002DD46F8A
S205002DD5F008
S205002DD6DF18
S205002DD7FCFA
S205002DD800F5
S205002DD900F4
S205002DDA00F3
S205002DDB00F2
S205002DDC00F1
S205002DDD00F0
S205002DDE00EF
S205002DDF00EE
S205002DE000ED
S205002DE100EC
S205002DE200EB
S205002DE300EA
S205002DE400E9
S205002DE500E8
S205002DE600E7
S205002DE700E6
S205002DE837AE
S205002DE905DF
S205002DEA10D3
S205002DEB00E2
S205002DEC13CE
S205002DED01DF
S205002DEE01DE
S205002DEFFAE4
S205002DF013CA
S205002DF105D7
S205002DF205D6
S205002DF314C6
S205002DF423B6
S205002DF52EAA
S205002DF611C6
S205002DF704D2
S205002DF823B2
S205002DF92CA8
S205002DFA8152
S205002DFB04CE
S205002DFCEFE2
S205002DFD10C0
S205002DFE804F
S205002DFF6569
S205002E003795
S205002E0105C6
S205002E0210BA
S205002E0300C9
S205002E0413B5
S205002E0505C2
S205002E068541
S205002E0715B0
S205002E08EFD5
S205002E0900C3
S205002E0AC002
S205002E0B15AC
S205002E0C932D
S205002E0D05BA
S205002E0E01BD
S205002E0F00BD
S205002E1013A9
S205002E1104B7
S205002E1205B5
S205002E1300B9
S205002E14EFC9
S205002E1500B7
S205002E168036
S205002E171A9B
S205002E18377D
S205002E1905AE
S205002E1A10A2
S205002E1B00B1
S205002E1C931D
S205002E1D05AA
S205002E1E01AD
S205002E1F00AD
S205002E201399
S205002E2105A6
S205002E228525
S205002E231792
S205002E24EFB9
S205002E251097
S205002E2600A6
S205002E276342
S205002E281391
S205002E29059E
S205002E2A049E
S205002E2B00A1
S205002E2CEFB1
S205002E2D009F
S205002E2E405E
S205002E2F1687
S205002E30EFAD
S205002E31009B
S205002E32405A
S205002E332079
S205002E348315
S205002E352077
S205002E36C1D5
S205002E370590
S205002E380391
S205002E39246F
S205002E3A8111
S205002E3B058C
S205002E3C137D
S205002E3D058A
S205002E3E008E
S205002E3F008D
S205002E401379
S205002E41018A
S205002E420189
S205002E430683
S205002E446721
S205002E458007
S205002E460086
S205002E470085
S205002E48B7CD
S205002E49077C
S205002E4A1072
S205002E4B0081
S205002E4C3749
S205002E4D0F70
S205002E4E106E
S205002E4F007D
S205002E5083F9
S205002E51AECD
S205002E5287F3
S205002E534831
S205002E540375
S205002E552354
S205002E560F67
S205002E57492C
S205002E5893E1
S205002E59086B
S205002E5A0072
S205002E5B1061
S205002E5C93DD
S205002E5DD897
S205002E5E1856
S205002E5F006D
S205002E603735
S205002E616EFD
S205002E62105A
S205002E630069
S205002E6493D5
S205002E650760
S205002E661056
S205002E670065
S205002E6893D1
S205002E698FD4
S205002E6A88DA
S205002E6BFF62
S205002E6C233D
S205002E6DA0BF
S205002E6EFE60
S205002E6F005D
S205002E7093C9
S205002E710556
S205002E721347
S205002E730059
S205002E7493C5
S205002E7588CF
S205002E7678DE
S205002E77FF56
S205002E781341
S205002E79064D
S205002E7A0E44
S205002E7BF061
S205002E7C034D
S205002E7D4807
S205002E7E4608
S205002E7F004D
S205002E8083C9
S205002E814605
S205002E8256F4
S205002E830049
S205002E840345
S205002E854700
S205002E8666E0
S205002E870045
S205002E8883C1
S205002E8947FC
S205002E8A76CC
S205002E8B0041
S205002E8C93AD
S205002E8D96A9
S205002E8E86B8
S205002E8F003D
S205002E90B389
S205002E91E655
S205002E920634
S205002E930138
S205002E941325
S205002E951720
S205002E96072F
S205002E970134
S205002E983301
S205002E9967CC
S205002E9AD75B
S205002E9B0031
S205002E9C939D
S205002E9D9798
S205002E9E87A7
S205002E9F012C
S205002EA0B379
S205002EA1E744
S205002EA2E743
S205002EA30029
S205002EA4E345
S205002EA58C9B
S205002EA6B76F
S205002EA7FC29
S205002EA863C1
S205002EA9140F
S205002EAA130F
S205002EAB0120
S205002EACE33D
S205002EAD8897
S205002EAE0717
S205002EAFFC21
S205002EB0B765
S205002EB167B4
S205002EB2100A
S205002EB30019
S205002EB49385
S205002EB58790
S205002EB6878F
S205002EB7F025
S205002EB833E1
S205002EB90310
S205002EBAF31F
S205002EBB0011
S205002EBC23ED
S205002EBD28E7
S205002EBEBF4F
S205002EBF48C5
S205002EC023E9
S205002EC1000B
S205002EC2A367
S205002EC30009
S205002EC463A5
S205002EC59671
S205002EC6F511
S205002EC70104
S205002EC823E1
S205002EC928DB
S205002ECA0FF3
S205002ECB48B9
S205002ECC936D
S205002ECD05FA
S205002ECE00FE
S205002ECF00FD
S205002ED09369
S205002ED1F704
S205002ED2F505
S205002ED30FEA
S205002ED413E5
S205002ED5D720
S205002ED68571
S205002ED700F5
S205002ED88371
S205002ED946AD
S205002EDA0EE4
S205002EDBF001
S205002EDC13DD
S205002EDD7778
S205002EDEF7F7
S205002EDF0FDE
S205002EE023C9
S205002EE100EB
S205002EE2FEEC
S205002EE3F0F9
S205002EE49355
S205002EE5D710
S205002EE605E1
S205002EE701E4
S205002EE88361
S205002EE9469D
S205002EEA1EC4
S205002EEBF0F1
S205002EEC934D
S205002EEDF7E8
S205002EEEF7E7
S205002EEF0FCE
S205002EF0A339
S205002EF100DB
S205002EF2EEEC
S205002EF3F0E9
S205002EF403D5
S205002EF54790
S205002EF62EA8
S205002EF7F0E5
S205002EF89341
S205002EF9D5FE
S205002EFA854D
S205002EFB01D0
S205002EFC23AD
S205002EFD01CE
S205002EFEFED0
S205002EFFF0DD
S205002F008348
S205002F014783
S205002F023E8B
S205002F03F0D8
S205002F04A324
S205002F0501C5
S205002F06BE07
S205002F07F0D4
S205002F0823A0
S205002F09A022
S205002F0A0EB3
S205002F0B00C0
S205002F0C6758
S205002F0D803E
S205002F0E00BD
S205002F0F00BC
S205002F103784
S205002F1106B4
S205002F1210A9
S205002F1300B8
S205002F149324
S205002F1507AF
S205002F1600B5
S205002F1710A4
S205002F18377C
S205002F19674B
S205002F1A10A1
S205002F1B00B0
S205002F1C832C
S205002F1D2688
S205002F1EC6E7
S205002F1F4864
S205002F209318
S205002F21D7D3
S205002F221792
S205002F2300A8
S205002F241394
S205002F25079F
S205002F26079E
S205002F27F0B4
S205002F289310
S205002F29851D
S205002F2A871A
S205002F2BFFA1
S205002F2CB3EC
S205002F2D8717
S205002F2EE7B6
S205002F2F009C
S205002F300398
S205002F31A7F3
S205002F324752
S205002F330098
S205002F34E3B4
S205002F350E88
S205002F36D7BE
S205002F37FE96
S205002F381380
S205002F39870B
S205002F3A860B
S205002F3B0090
S205002F3C335C
S205002F3D8707
S205002F3EE7A6
S205002F3F008C
S205002F400388
S205002F414545
S205002F420782
S205002F430088
S205002F4493F4
S205002F458600
S205002F46166F
S205002F470084
S205002F482360
S205002F49265C
S205002F4AD6AB
S205002F4B4838
S205002F4C136C
S205002F4D7509
S205002F4EF588
S205002F4F0F6D
S205002F506318
S205002F5196E4
S205002F52B6C3
S205002F530078
S205002F542354
S205002F552650
S205002F56066F
S205002F57482C
S205002F5893E0
S205002F59066C
S205002F5A0071
S205002F5B0070
S205002F5C234C
S205002F5DA0CE
S205002F5ED796
S205002F5F006C
S205002F606704
S205002F6180EA
S205002F620069
S205002F630068
S205002F6493D4
S205002F650561
S205002F660560
S205002F670064
S205002F68372C
S205002F69055D
S205002F6A1051
S205002F6B0060
S205002F6C134C
S205002F6D015D
S205002F6E015C
S205002F6FFF5D
S205002F701348
S205002F710654
S205002F722039
S205002F730751
S205002F741344
S205002F750551
S205002F76C590
S205002F77173D
S205002F782330
S205002F79262C
S205002F7A1140
S205002F7B0050
S205002F7CEF60
S205002F7D103E
S205002F7E80CD
S205002F7F4DFF
S205002F80EF5C
S205002F81F05A
S205002F821F2A
S205002F83F94F
S205002F8483C4
S205002F852026
S205002F86C184
S205002F870044
S205002F881330
S205002F890141
S205002F8A0140
S205002F8B013F
S205002F8C67D8
S205002F8D80BE
S205002F8E003D
S205002F8F003C
S205002F9093A8
S205002F910535
S205002F920534
S205002F930038
S205002F943700
S205002F950531
S205002F961025
S205002F970034
S205002F981320
S205002F990131
S205002F9A0130
S205002F9BFF31
S205002F9C131C
S205002F9D0529
S205002F9EC568
S205002F9F1913
S205002FA02308
S205002FA12604
S205002FA21118
S205002FA30028
S205002FA4EF38
S205002FA51016
S205002FA60025
S205002FA74BD9
S205002FA8EF34
S205002FA9F032
S205002FAA9F82
S205002FABF62A
S205002FAC839C
S205002FAD20FE
S205002FAEC15C
S205002FAF001C
S205002FB01308
S205002FB10515
S205002FB21009
S205002FB30018
S205002FB41304
S205002FB50115
S205002FB60114
S205002FB70113
S205002FB867AC
S205002FB98092
S205002FBA0011
S205002FBB0010
S205002FBC13FC
S205002FBD010D
S205002FBE010C
S205002FBFFF0D
S205002FC09378
S205002FC10703
S205002FC20504
S205002FC30008
S205002FC437D0
S205002FC50501
S205002FC610F5
S205002FC70004
S205002FC823E0
S205002FC924DE
S205002FCA8180
S205002FCB0000
S205002FCC13EC
S205002FCD05F9
S205002FCEC538
S205002FCF1CE0
S205002FD013E8
S205002FD18476
S205002FD205F4
S205002FD300F8
S205002FD49364
S205002FD58571
S205002FD607EE
S205002FD700F4
S205002FD823D0
S205002FD922D0
S205002FDA9160
S205002FDB00F0
S205002FDC23CC
S205002FDD26C8
S205002FDE11DC
S205002FDF00EC
S205002FE09358
S205002FE104E6
S205002FE2F0F9
S205002FE30FD9
S205002FE4EFF8
S205002FE510D6
S205002FE600E5
S205002FE7479D
S205002FE823C0
S205002FE900E2
S205002FEA04DD
S205002FEB00E0
S205002FEC6F70
S205002FED00DE
S205002FEE00DD
S205002FEF01DB
S205002FF023B8
S205002FF100DA
S205002FF2A435
S205002FF300D8
S205002FF413C4
S205002FF504D2
S205002FF614C1
S205002FF700D4
S205002FF86370
S205002FF902D0
S205002FFA05CC
S205002FFB02CE
S205002FFCEFE0
S205002FFDF0DE
S205002FFE5F6E
S205002FFFF1DB
S205003000E3E7
S20500300118B1
S2050030029533
S205003003FEC9
S2050030048343
S20500300520A5
S205003006C103
S20500300700C3
S20500300803BF
S205003009249D
S20500300A813F
S20500300B00BF
S20500300C833B
S20500300D2499
S20500300E417B
S20500300F00BB
S20500301013A7
S20500301105B4
S20500301200B8
S20500301300B7
S20500301413A3
S20500301501B4
S20500301601B3
S20500301701B2
S205003018674B
S2050030198031
S20500301A00B0
S20500301B00AF
S20500301C832B
S20500301D208D
S20500301EC1EB
S20500301F00AB
S20500302003A7
S2050030212485
S2050030228127
S20500302300A7
S2050030248323
S2050030252481
S2050030264163
S20500302700A3
S205003028138F
S205003029059C
S20500302A1090
S20500302B009F
S20500302C138B
S20500302D019C
S20500302E019B
S20500302F019A
S2050030306733
S2050030318019
S2050030320098
S2050030330097
S205003034375F
S2050030350590
S2050030361084
S2050030370093
S205003038137F
S2050030390190
S20500303A018F
S20500303BFF90
S20500303C137B
S20500303D0588
S20500303EC5C7
S20500303F1F6C
S2050030402367
S2050030412663
S2050030421177
S2050030430087
S205003044EF97
S2050030451075
S2050030460084
S2050030474142
S20500304883FF
S2050030492061
S20500304AC1BF
S20500304B007F
S20500304C136B
S20500304D017C
S20500304E017B
S20500304F017A
S2050030506F0B
S205003051F089
S2050030521F59
S205003053EC8B
S2050030541363
S2050030550174
S2050030560173
S205003057F67D
S205003058234F
S2050030592C45
S20500305A81EF
S20500305B0867
S20500305C234B
S20500305D2A43
S20500305E91DB
S20500305F0863
S2050030602347
S2050030612841
S2050030622147
S205003063095E
S2050030642343
S205003065263F
S2050030663133
S205003067095A
S205003068233F
S2050030692041
S20500306A61FF
S20500306B0956
S20500306C233B
S20500306D2E2F
S20500306E114B
S20500306F0853
S2050030702337
S2050030712435
S2050030724117
S205003073094E
S2050030742333
S2050030752233
S2050030765103
S205003077094A
S205003078232F
S2050030792E23
S20500307A71DF
S20500307B0748
S20500307C232B
S20500307D2C21
S20500307E81CB
S20500307F0744
S2050030802327
S2050030812821
S205003082A1A7
S2050030830740
S2050030842323
S205003085261F
S205003086B193
S205003087073C
S205003088132F
S205003089F849
S20500308A0739
S20500308B043B
S20500308C132B
S20500308D0439
S20500308E0537
S20500308F003B
S20500309093A7
S20500309189B0
S2050030920533
S2050030930037
S20500309493A3
S2050030950431
S205003096062E
S2050030970033
S205003098131F
S20500309989A8
S20500309A062A
S20500309B002F
S20500309C131B
S20500309D0B22
S20500309E0725
S20500309F002B
S2050030A063C7
S2050030A11019
S2050030A20820
S2050030A31C0B
S2050030A4B76F
S2050030A50A1B
S2050030A61014
S2050030A70023
S2050030A8938F
S2050030A98A97
S2050030AA0A16
S2050030AB21FE
S2050030AC130B
S2050030ADFC21
S2050030AE0715
S2050030AF011A
S2050030B063B7
S2050030B10415
S2050030B20C0C
S2050030B318FF
S2050030B41303
S2050030B5070E
S2050030B60014
S2050030B70112
S2050030B823EF
S2050030B922EF
S2050030BAE12F
S2050030BB000F
S2050030BC13FB
S2050030BD0706
S2050030BE000C
S2050030BF0209
S2050030C09377
S2050030C1F712
S2050030C2E721
S2050030C3FF08
S2050030C423E3
S2050030C526DF
S2050030C6E123
S2050030C70003
S2050030C813EF
S2050030C9F70A
S2050030CA27D9
S2050030CB00FF
S2050030CC936B
S2050030CDFB02
S2050030CE07F5
S2050030CF02F9
S2050030D06397
S2050030D10EEB
S2050030D207F1
S2050030D318DF
S2050030D46393
S2050030D5CA2B
S2050030D609EB
S2050030D720D3
S2050030D813DF
S2050030D9F7FA
S2050030DA47A9
S2050030DB00EF
S2050030DC638B
S2050030DD12DB
S2050030DE07E5
S2050030DF1ECD
S2050030E09357
S2050030E1F7F2
S2050030E28761
S2050030E300E7
S2050030E423C3
S2050030E524C1
S2050030E601E3
S2050030E700E3
S2050030E8637F
S2050030E98859
S2050030EA07D9
S2050030EB00DF
S2050030EC934B
S2050030ED07D6
S2050030EE00DC
S2050030EF02D9
S2050030F013C7
S2050030F109D0
S2050030F2F9DF
S2050030F3FFD8
S2050030F423B3
S2050030F524B1
S2050030F6F1E3
S2050030F700D3
S2050030F8636F
S2050030F98E43
S2050030FA0BC5
S2050030FB00CF
S2050030FC933B
S2050030FD07C6
S2050030FE00CC
S2050030FF01CA
S2050031006366
S2050031018246
S205003102F4D3
S20500310320A6
S2050031049332
S205003105873D
S205003106843F
S205003107FFC3
S205003108932E
S205003109B709
S20500310A17A8
S20500310B00BE
S20500310C932A
S20500310D0BB1
S20500310E00BB
S20500310F02B8
S2050031103386
S20500311109AF
S205003112F9BE
S2050031134076
S2050031146352
S2050031159024
S20500311609AA
S205003117169C
S205003118931E
S20500311907A9
S20500311A00AF
S20500311B03AB
S20500311C238A
S20500311D0E9E
S20500311EF1BA
S20500311F00AA
S2050031201396
S2050031210D9B
S2050031221097
S20500312300A6
S2050031249312
S2050031250D97
S205003126C1E2
S20500312701A1
S205003128138E
S2050031290A96
S20500312A0D92
S20500312B009E
S20500312C633A
S20500312D5448
S20500312E6D2E
S20500312F0199
S2050031301386
S2050031310A8E
S2050031320B8C
S2050031330096
S2050031348312
S205003135276D
S2050031364152
S2050031370092
S205003138335E
S2050031390987
S20500313A4946
S20500313B414D
S20500313C632A
S20500313D90FC
S20500313E0784
S20500313F0288
S2050031406326
S2050031415A2E
S2050031422067
S2050031431F67
S2050031441372
S205003145067E
S205003146097A
S2050031470082
S205003148136E
S205003149057B
S20500314A047B
S20500314B007E
S20500314C93EA
S20500314D0577
S20500314E007B
S20500314F0278
S2050031503346
S2050031510474
S2050031522453
S2050031530175
S205003154EF86
S205003155F084
S2050031565F14
S205003157A0D2
S205003158135E
S2050031590967
S20500315AF07F
S20500315BFF6F
S20500315C83EA
S20500315D2745
S20500315E81EA
S20500315F006A
S2050031606306
S20500316186E2
S2050031620760
S2050031630066
S2050031642342
S2050031650064
S205003166F46F
S2050031670062
S205003168134E
S205003169045C
S20500316A144B
S20500316B005E
S20500316C63FA
S20500316D8AD2
S20500316E0B50
S20500316F005A
S2050031701346
S2050031710751
S20500317280D7
S2050031730056
S20500317463F2
S2050031758EC6
S205003176E46F
S205003177183A
S205003178133E
S2050031790749
S20500317A004F
S20500317B014D
S20500317C63EA
S20500317D8AC2
S20500317EE467
S20500317F1436
S20500318063E6
S2050031811038
S2050031820C3B
S2050031830244
S20500318463E2
S20500318554F0
S2050031862023
S2050031871B27
S20500318883BE
S205003189251B
S20500318AC17E
S20500318B003E
S20500318C132A
S20500318D0636
S20500318E0932
S20500318F003A
S2050031901326
S2050031910533
S2050031920433
S2050031930036
S205003194EF46
S205003195F044
S2050031965FD4
S2050031979C96
S20500319833FE
S205003199042C
S20500319A240B
S20500319B012D
S20500319C131A
S20500319D0923
S20500319EF03B
S20500319FFF2B
S2050031A063C6
S2050031A15ECA
S2050031A24DDA
S2050031A30125
S2050031A433F2
S2050031A50A1A
S2050031A6AA79
S2050031A741E1
S2050031A8130E
S2050031A9051B
S2050031AA041B
S2050031AB001E
S2050031AC130A
S2050031AD0616
S2050031AE0A11
S2050031AF001A
S2050031B09386
S2050031B10513
S2050031B20017
S2050031B30313
S2050031B4EF26
S2050031B5F024
S2050031B65FB4
S2050031B79A78
S2050031B833DE
S2050031B9040C
S2050031BA44CB
S2050031BB010D
S2050031BCB35A
S2050031BD8785
S2050031BE3DCE
S2050031BF0109
S2050031C013F6
S2050031C10701
S2050031C20403
S2050031C30006
S2050031C40302
S2050031C5C63E
S2050031C607FC
S2050031C70002
S2050031C8936E
S2050031C9867A
S2050031CA07F8
S2050031CB00FE
S2050031CC13EA
S2050031CD07F5
S2050031CE17E4
S2050031CF00FA
S2050031D0A356
S2050031D10FE9
S2050031D2C730
S2050031D3FEF8
S2050031D49362
S2050031D5876D
S2050031D6F7FC
S2050031D7FFF3
S2050031D8E30E
S2050031D9965A
S2050031DADD12
S2050031DBFEF0
S2050031DC935A
S2050031DD8963
S2050031DE19D2
S2050031DF00EA
S2050031E033B6
S2050031E104E4
S2050031E234B3
S2050031E301E5
S2050031E46382
S2050031E55C88
S2050031E620C3
S2050031E701E1
S2050031E813CE
S2050031E905DB
S2050031EA04DB
S2050031EB00DE
S2050031EC13CA
S2050031ED06D6
S2050031EE09D2
S2050031EF00DA
S2050031F09346
S2050031F105D3
S2050031F200D7
S2050031F302D4
S2050031F4EFE6
S2050031F5F0E4
S2050031F65F74
S2050031F7963C
S2050031F8339E
S2050031F904CC
S2050031FA24AB
S2050031FB01CD
S2050031FC834A
S2050031FD20AC
S2050031FEC10A
S2050031FF09C1
S20500320013B5
S20500320105C2
S20500320204C2
S20500320300C5
S20500320403C1
S205003205249F
S2050032068141
S20500320709B8
S205003208833D
S205003209249B
S20500320A417D
S20500320B09B4
S20500320C03B9
S20500320D2992
S20500320E01B9
S20500320F09B0
S2050032108335
S205003211298E
S205003212C1F5
S20500321308AD
S20500321403B1
S2050032152A89
S2050032168131
S20500321708A9
S205003218832D
S2050032192A85
S20500321A416D
S20500321B08A5
S20500321C03A9
S20500321D2B80
S20500321E01A9
S20500321F08A1
S2050032208325
S2050032212B7C
S205003222C1E5
S205003223079E
S20500322403A1
S2050032252C77
S2050032268121
S205003227079A
S205003228039D
S2050032292D72
S20500322A019D
S20500322B0796
S20500322C8319
S20500322D2D6E
S20500322EC1D9
S20500322F0693
S2050032301385
S2050032310196
S2050032320195
S2050032330A8B
S205003234672D
S2050032358013
S2050032360092
S2050032370091
S20500323893FD
S205003239F699
S20500323A1777
S20500323B018C
S20500323C1379
S20500323DF794
S20500323E1773
S20500323F0089
S2050032402365
S2050032412265
S205003242D1B5
S2050032430085
S2050032446321
S2050032450C77
S205003246077B
S2050032470E73
S205003248136D
S2050032490778
S20500324A007E
S20500324B037A
S20500324C2359
S20500324D2655
S20500324EE199
S20500324F0079
S2050032501365
S205003251F780
S205003252274F
S2050032530075
S20500325493E1
S205003255FB78
S205003256076B
S205003257026F
S205003258630D
S2050032590A65
S20500325A0767
S20500325B006D
S20500325C6FFD
S20500325DF07B
S20500325E9FCB
S20500325FE782
S205003260B7B1
S2050032610A5D
S2050032621056
S2050032630065
S20500326493D1
S2050032658AD9
S2050032668AD8
S205003267233E
S2050032686FF1
S205003269F06F
S20500326A5FFF
S20500326BE479
S20500326C2339
S20500326D2437
S20500326E0159
S20500326F0059
S2050032706FE9
S205003271F067
S2050032729FB7
S205003273E86D
S2050032742331
S2050032752A29
S20500327691C1
S205003277074A
S205003278133D
S20500327985CA
S20500327A0945
S20500327B004D
S20500327C1339
S20500327D0D3E
S20500327E004A
S20500327F0049
S20500328093B5
S2050032810D3A
S205003282C185
S2050032830144
S20500328493B1
S20500328585BE
S205003286043E
S2050032870041
S205003288132D
S2050032890A35
S20500328A0539
S20500328B003D
S20500328CEF4D
S20500328DF04B
S20500328E0F2B
S20500328FE455
S2050032903305
S20500329185B2
S205003292AA8C
S2050032930035
S20500329483B1
S20500329546ED
S205003296052D
S2050032970031
S205003298939D
S2050032990926
S20500329A0D21
S20500329B002D
S20500329C1319
S20500329D0D1E
S20500329E1D0D
S20500329F0029
S2050032A0B375
S2050032A18C9B
S2050032A2AD79
S2050032A30124
S2050032A49391
S2050032A5859E
S2050032A6041E
S2050032A70021
S2050032A8130D
S2050032A9051A
S2050032AA0A14
S2050032AB001D
S2050032ACA379
S2050032AD8F8C
S2050032AEDC3E
S2050032AFFE1B
S2050032B0EF29
S2050032B1F027
S2050032B24FC7
S2050032B3DD38
S2050032B4E331
S2050032B5789B
S2050032B69A78
S2050032B7FC15
S2050032B8838D
S2050032B92CE3
S2050032BA41CD
S2050032BB0706
S2050032BC6F9D
S2050032BDF01B
S2050032BEDF2B
S2050032BFE623
S2050032C09375
S2050032C10700
S2050032C2B056
S2050032C30203
S2050032C413F1
S2050032C509FA
S2050032C6F909
S2050032C7FF02
S2050032C823DD
S2050032C924DB
S2050032CAF10D
S2050032CB00FD
S2050032CC6F8D
S2050032CDF00B
S2050032CEDF1B
S2050032CFE217
S2050032D013E5
S2050032D107F0
S2050032D200F6
S2050032D303F2
S2050032D423D1
S2050032D500F3
S2050032D6E40E
S2050032D700F1
S2050032D813DD
S2050032D907E8
S2050032DA806E
S2050032DB07E6
S2050032DCA349
S2050032DD00EB
S2050032DEE406
S2050032DF00E9
S2050032E013D5
S2050032E104E3
S2050032E224C2
S2050032E300E5
S2050032E46F75
S2050032E5F0F3
S2050032E6DF03
S2050032E7E9F8
S2050032E8B32D
S2050032E909D6
S2050032EA30AE
S2050032EB419C
S2050032EC13C9
S2050032ED09D2
S2050032EEF9E1
S2050032EFFFDA
S2050032F06375
S2050032F1983F
S2050032F20BCB
S2050032F302D3
S2050032F49341
S2050032F507CC
S2050032F6D002
S2050032F702CF
S2050032F823AD
S2050032F92AA5
S2050032FA913D
S2050032FB07C6
S2050032FC23A9
S2050032FD24A7
S2050032FEF1D9
S2050032FF00C9
S2050033006F58
S205003301F0D6
S2050033029F26
S205003303F7CD
S20500330413B0
S20500330509B9
S205003306E9D8
S205003307FFC1
S205003308932C
S2050033090BB3
S20500330A00BD
S20500330B02BA
S20500330C6F4C
S20500330DF0CA
S20500330E9F1A
S20500330FE0D8
S20500331013A4
S20500331107AF
S20500331200B5
S20500331303B1
S2050033142390
S20500331500B2
S205003316E4CD
S20500331700B0
S205003318139C
S20500331904AA
S20500331A1499
S20500331B00AC
S20500331C6F3C
S20500331DF0BA
S20500331E5F4A
S20500331FE6C2
S2050033209314
S205003321079F
S205003322D0D5
S20500332302A2
S2050033242380
S205003325247E
S205003326F1B0
S20500332700A0
S2050033286F30
S205003329F0AE
S20500332A5F3E
S20500332BDDBF
S20500332C1388
S20500332D0991
S20500332EF9A0
S20500332FFF99
S2050033306F28
S205003331F0A6
S2050033321F76
S205003333E7AD
S2050033341380
S2050033350989
S205003336F998
S205003337FF91
S2050033386F20
S205003339F09E
S20500333A5F2E
S20500333BE2AA
S20500333C1378
S20500333D0783
S20500333E0089
S20500333F0286
S2050033402364
S2050033412264
S2050033420184
S2050033430084
S2050033442360
S205003345265C
S205003346E1A0
S2050033470080
S2050033486F10
S205003349F08E
S20500334A1F5E
S20500334BD8A4
S20500334C1368
S20500334D0179
S20500334E0178
S20500334FEF89
S2050033502354
S2050033512650
S2050033521164
S2050033531064
S2050033542350
S2050033552250
S20500335691E0
S2050033571060
S20500335883EC
S205003359C7A7
S20500335A0568
S20500335B006C
S20500335C2348
S20500335D2446
S20500335EA1C8
S20500335F0068
S205003360E384
S2050033618ED8
S205003362075E
S2050033633E26
S205003364B7AC
S205003365085A
S2050033661051
S2050033670060
S205003368233C
S205003369243A
S20500336A81DC
S20500336B104C
S20500336C2338
S20500336D203A
S20500336E2138
S20500336F1147
S2050033702334
S2050033712E28
S2050033723124
S2050033730F45
S2050033742330
S2050033752C26
S2050033764110
S2050033770F41
S205003378232C
S2050033792A24
S20500337A51FC
S20500337B0F3D
S20500337C2328
S20500337D2822
S20500337E61E8
S20500337F0F39
S2050033802324
S2050033812620
S20500338271D4
S2050033830F35
S2050033842320
S205003385241E
S20500338681C0
S2050033870F31
S205003388231C
S205003389221C
S20500338A91AC
S20500338B0F2D
S20500338C2318
S20500338D201A
S20500338EA198
S20500338F0F29
S2050033902314
S2050033912E08
S205003392B184
S2050033930D27
S2050033941320
S20500339584AE
S205003396052C
S2050033970030
S205003398939C
S2050033990B23
S20500339A0627
S20500339B002C
S20500339C9398
S20500339D0426
S20500339E0524
S20500339F0028
S2050033A09394
S2050033A1091D
S2050033A250D5
S2050033A30222
S2050033A41310
S2050033A50B17
S2050033A60021
S2050033A7011F
S2050033A8130C
S2050033A98995
S2050033AA8895
S2050033AB26F6
S2050033AC9388
S2050033AD0A10
S2050033AE9089
S2050033AF0018
S2050033B01304
S2050033B10A0C
S2050033B2E035
S2050033B30212
S2050033B463B0
S2050033B58092
S2050033B637DA
S2050033B70709
S2050033B823EC
S2050033B9808E
S2050033BAF419
S2050033BB000C
S2050033BC8388
S2050033BD47C3
S2050033BE14F5
S2050033BF0008
S2050033C09374
S2050033C18482
S2050033C214F1
S2050033C30004
S2050033C413F0
S2050033C504FE
S2050033C614ED
S2050033C70000
S2050033C8E31C
S2050033C99668
S2050033CA07F6
S2050033CBFEFE
S2050033CC03F8
S2050033CD24D6
S2050033CE8178
S2050033CF10E8
S2050033D003F4
S2050033D129CD
S2050033D201F4
S2050033D310E4
S2050033D48370
S2050033D529C9
S2050033D6C130
S2050033D70FE1
S2050033D803EC
S2050033D92AC4
S2050033DA816C
S2050033DB0FDD
S2050033DC8368
S2050033DD2AC0
S2050033DE41A8
S2050033DF0FD9
S2050033E003E4
S2050033E12BBB
S2050033E201E4
S2050033E30FD5
S2050033E48360
S2050033E52BB7
S2050033E6C120
S2050033E70ED2
S2050033E803DC
S2050033E92CB2
S2050033EA815C
S2050033EB0ECE
S2050033EC8358
S2050033ED2CAE
S2050033EE4198
S2050033EF0ECA
S2050033F003D4
S2050033F12DA9
S2050033F201D4
S2050033F30EC6
S2050033F48350
S2050033F52DA5
S2050033F6C110
S2050033F70DC3
S2050033F823AC
S2050033F9804E
S2050033FA04C9
S2050033FB00CC
S2050033FC8348
S2050033FD27A3
S2050033FE8148
S2050033FF00C8
S2050034008343
S20500340120A5
S205003402C103
S20500340310B3
S205003404338F
S205003405853C
S205003406F4CC
S205003407407F
S205003408833B
S2050034092499
S20500340A417B
S20500340B10AB
S20500340C13A7
S20500340D01B8
S20500340E01B7
S20500340F11A6
S205003410674F
S2050034118035
S20500341200B4
S20500341300B3
S205003414931F
S20500341507AA
S20500341600B0
S20500341700AF
S20500341803AB
S2050034194865
S20500341A1498
S20500341B00AB
S20500341C9317
S20500341D0C9D
S20500341E1494
S20500341F00A7
S2050034201393
S205003421079E
S205003422089C
S205003423FEA5
S205003424138F
S205003425772A
S205003426F7A9
S2050034270F90
S205003428633B
S2050034296A33
S20500342AEBB1
S20500342B009B
S20500342C1387
S20500342D1782
S20500342E2771
S20500342F0097
S2050034303363
S205003431078E
S205003432276D
S2050034330192
S205003434038F
S205003435276A
S2050034360789
S205003437008F
S2050034386727
S205003439008D
S20500343A0785
S20500343B008B
S20500343C1377
S20500343D0782
S20500343E0880
S20500343FFD8A
S2050034401373
S205003441770E
S205003442F78D
S2050034430F74
S205003444631F
S205003445FE83
S205003446EA96
S205003447106F
S205003448136B
S2050034490776
S20500344AA0DC
S20500344B0279
S20500344C1367
S20500344D0D6C
S20500344EF088
S20500344FFF78
S2050034506313
S2050034510273
S205003452E88C
S205003453145F
S20500345493DF
S2050034550D64
S205003456F080
S205003457FF70
S205003458630B
S2050034590E5F
S20500345A4824
S20500345B0D5E
S20500345C1357
S20500345D77F2
S20500345EF870
S20500345F0D5A
S20500346093D3
S205003461065F
S205003462C0A4
S205003463045F
S20500346463FF
S2050034650E53
S205003466D789
S2050034670857
S205003468134B
S2050034690756
S20500346AF864
S20500346BFB60
S20500346C1347
S20500346D77E2
S20500346EF761
S20500346F0F48
S20500347093C3
S205003471064F
S20500347270E4
S2050034730350
S20500347463EF
S205003475EC65
S205003476E66A
S205003477044B
S205003478B797
S2050034790647
S20500347A103C
S20500347B004B
S20500347C1337
S20500347D1732
S20500347E2721
S20500347F0047
S20500348093B3
S20500348186BF
S205003482C67E
S2050034832A19
S205003484330F
S205003485073A
S205003486D769
S205003487003F
S205003488033B
S2050034892716
S20500348A0735
S20500348B003B
S20500348C67D3
S20500348D0039
S20500348E0731
S20500348F0037
S20500349093A3
S205003491E74E
S205003492171D
S2050034930033
S205003494131F
S20500349584AD
S2050034960C24
S205003497002F
S2050034986FBF
S205003499F03D
S20500349A1F0D
S20500349BF833
S20500349C9397
S20500349DE742
S20500349E0721
S20500349F0126
S2050034A01313
S2050034A184A1
S2050034A20C18
S2050034A30023
S2050034A46FB3
S2050034A5F031
S2050034A65FC1
S2050034A7F728
S2050034A8938B
S2050034A9E736
S2050034AA47D5
S2050034AB001B
S2050034AC1307
S2050034AD8495
S2050034AE0C0C
S2050034AF0017
S2050034B06FA7
S2050034B1F025
S2050034B29F75
S2050034B3F61D
S2050034B4937F
S2050034B5E72A
S2050034B60709
S2050034B7020D
S2050034B813FB
S2050034B98489
S2050034BA0C00
S2050034BB000B
S2050034BC6F9B
S2050034BDF019
S2050034BEDF29
S2050034BFF512
S2050034C09373
S2050034C1E71E
S2050034C2877D
S2050034C30003
S2050034C413EF
S2050034C5847D
S2050034C60CF4
S2050034C700FF
S2050034C86F8F
S2050034C9F00D
S2050034CA1FDD
S2050034CBF506
S2050034CC13E7
S2050034CD8C6D
S2050034CE0CEC
S2050034CF00F7
S2050034D09363
S2050034D107EE
S2050034D250A4
S2050034D302F1
S2050034D4638F
S2050034D50AE7
S2050034D6F8F8
S2050034D700EF
S2050034D823CB
S2050034D9806D
S2050034DAF4F8
S2050034DB00EB
S2050034DC03E7
S2050034DD48A1
S2050034DE0CDC
S2050034DF00E7
S2050034E09353
S2050034E18461
S2050034E214D0
S2050034E300E3
S2050034E4E3FF
S2050034E504DD
S2050034E608D8
S2050034E7EEF1
S2050034E823BB
S2050034E9805D
S2050034EA04D8
S2050034EB01DA
S2050034EC8357
S2050034ED4792
S2050034EE1CBC
S2050034EF00D7
S2050034F013C3
S2050034F104D1
S2050034F21CB8
S2050034F300D3
S2050034F4933F
S2050034F5844D
S2050034F614BC
S2050034F700CF
S2050034F8E3EB
S2050034F99E2F
S2050034FA07C5
S2050034FBEAE1
S2050034FC6F5B
S2050034FDF0D9
S2050034FE1FA9
S2050034FFEDDA
S2050035009332
S20500350105BF
S20500350208BB
S20500350300C2
S20500350403BE
S205003505C8F8
S2050035061CA3
S20500350700BE
S205003508932A
S20500350906B6
S20500350A704B
S20500350B03B7
S20500350C13A6
S20500350D8C2C
S20500350E1C9B
S20500350F00B6
S20500351013A2
S20500351107AD
S205003512F8BB
S205003513FBB7
S205003514139E
S2050035157739
S205003516F7B8
S2050035170F9F
S205003518E3CA
S205003519ECC0
S20500351AE6C5
S20500351BFAB0
S20500351CB7F2
S20500351D06A2
S20500351E1097
S20500351F00A6
S2050035201392
S205003521178D
S205003522277C
S20500352300A2
S205003524930E
S205003525861A
S205003526C6D9
S2050035273866
S205003528336A
S2050035290795
S20500352AD7C4
S20500352B009A
S20500352C0396
S20500352D2771
S20500352E0790
S20500352F0096
S205003530672E
S2050035310094
S205003532078C
S2050035330092
S205003534038E
S205003535C8C8
S2050035361C73
S205003537008E
S205003538137A
S2050035390686
S20500353A90FB
S20500353B008A
S20500353C93F6
S20500353D8602
S20500353E1C6B
S20500353F0086
S2050035401372
S205003541077D
S205003542087B
S205003543FD85
S205003544136E
S2050035457709
S205003546F788
S2050035470F6F
S205003548631A
S205003549700C
S20500354AE695
S20500354B0A70
S20500354C1366
S20500354D0771
S20500354EA0D7
S20500354F0274
S2050035506312
S2050035510C68
S205003552E88B
S2050035530C66
S20500355493DE
S2050035558CE4
S2050035560669
S205003557006E
S20500355893DA
S2050035590D5F
S20500355A006B
S20500355B006A
S20500355C6FFA
S20500355DF078
S20500355E1F48
S20500355FF076
S2050035601352
S2050035610D57
S2050035620063
S2050035630062
S20500356493CE
S205003565065A
S20500356690CF
S205003567005E
S205003568134A
S2050035691745
S20500356A2D2E
S20500356B005A
S20500356C3326
S20500356D0751
S20500356EA7B0
S20500356F0155
S20500357093C2
S2050035718CC8
S2050035721C37
S2050035730052
S205003574133E
S2050035751739
S2050035761738
S205003577004E
S205003578331A
S2050035790745
S20500357A0744
S20500357B0149
S20500357C0346
S20500357DC880
S20500357E0C3B
S20500357F0046
S2050035801332
S2050035810D37
S205003582073C
S205003583FD45
S205003584132E
S2050035850739
S2050035860837
S205003587FD41
S205003588132A
S20500358977C5
S20500358AF744
S20500358B0F2B
S20500358CE356
S20500358DFE3A
S20500358EE651
S20500358FFC3A
S2050035906FC6
S205003591F044
S2050035925FD4
S205003593EC46
S205003594032E
S205003595AD83
S2050035960B24
S205003597002E
S205003598032A
S20500359948E4
S20500359A2407
S20500359B002A
S20500359C9396
S20500359D0C1C
S20500359E2403
S20500359F0026
S2050035A09392
S2050035A18B99
S2050035A24BD8
S2050035A30022
S2050035A4E33E
S2050035A558C8
S2050035A60D12
S2050035A7EA34
S2050035A833EA
S2050035A90D0F
S2050035AAA07B
S2050035AB41D9
S2050035AC9386
S2050035ADE731
S2050035AE0710
S2050035AF0115
S2050035B06FA6
S2050035B1F024
S2050035B25FB4
S2050035B3EA28
S2050035B413FE
S2050035B58C84
S2050035B60C03
S2050035B7000E
S2050035B813FA
S2050035B90606
S2050035BAA06B
S2050035BB000A
S2050035BC8386
S2050035BDA563
S2050035BE0BFC
S2050035BF0006
S2050035C09372
S2050035C18B79
S2050035C24BB8
S2050035C30002
S2050035C413EE
S2050035C5857B
S2050035C604FB
S2050035C700FE
S2050035C813EA
S2050035C98775
S2050035CA0DEE
S2050035CB00FA
S2050035CC9366
S2050035CD06F2
S2050035CE0DEA
S2050035CF00F6
S2050035D0EF06
S2050035D1F004
S2050035D25F94
S2050035D3A84A
S2050035D4836E
S2050035D547A9
S2050035D61CD3
S2050035D700EE
S2050035D8935A
S2050035D904E8
S2050035DA05E6
S2050035DB00EA
S2050035DC13D6
S2050035DD04E4
S2050035DE1CCB
S2050035DF00E6
S2050035E0E302
S2050035E19A4A
S2050035E207DC
S2050035E3DC06
S2050035E46F72
S2050035E5F0F0
S2050035E69F40
S2050035E7DE00
S2050035E8934A
S2050035E90ECE
S2050035EA00DB
S2050035EB00DA
S2050035EC13C6
S2050035ED9741
S2050035EE2EA9
S2050035EF00D6
S2050035F033A2
S2050035F107CD
S2050035F2D7FC
S2050035F301D1
S2050035F4933E
S2050035F5864A
S2050035F616B9
S2050035F700CE
S2050035F813BA
S2050035F917B5
S2050035FA17B4
S2050035FB00CA
S2050035FC3396
S2050035FD07C1
S2050035FE07C0
S2050035FF01C5
S20500360003C1
S205003601C8FB
S20500360206BC
S20500360300C1
S205003604932D
S2050036050EB1
S20500360607B7
S205003607FDC0
S20500360813A9
S20500360907B4
S20500360A08B2
S20500360BFDBC
S20500360C13A5
S20500360D7740
S20500360EF7BF
S20500360F0FA6
S205003610E3D1
S2050036117E35
S205003612E6CC
S205003613FCB5
S205003614139D
S205003615C7E8
S205003616FEB0
S205003617FFAE
S2050036181399
S2050036195754
S20500361AF7B3
S20500361B4168
S20500361CB3F5
S20500361DFDAA
S20500361EEEB8
S20500361F00A5
S2050036209311
S2050036218C17
S205003622069C
S20500362300A1
S2050036246F31
S205003625F0AF
S2050036269FFF
S205003627E3BA
S2050036288319
S205003629ADEE
S20500362A0B8F
S20500362B0099
S20500362C0395
S20500362DC8CF
S20500362E2C6A
S20500362F0095
S2050036309301
S2050036318B08
S2050036324B47
S2050036330091
S205003634137D
S205003635C7C8
S205003636FD91
S205003637FF8E
S2050036381379
S2050036395734
S20500363AF793
S20500363B4148
S20500363CB3D5
S20500363DFD8A
S20500363EED99
S20500363F0085
S20500364093F1
S2050036418CF7
S2050036422C56
S2050036430081
S2050036446F11
S205003645F08F
S2050036469FDF
S205003647E19C
S2050036481369
S2050036490774
S20500364AC0BA
S20500364B0673
S20500364C93E5
S20500364DE790
S20500364E274F
S20500364F0075
S205003650E391
S20500365184EF
S205003652E58D
S205003653F67B
S205003654135D
S20500365587E8
S2050036564B23
S205003657006D
S20500365883E9
S205003659A5C6
S20500365A0B5F
S20500365B0069
S20500365C1355
S20500365D0661
S20500365EA0C6
S20500365F0065
S20500366093D1
S2050036610B58
S205003662075B
S2050036630061
S2050036646FF1
S205003665F06F
S2050036661F3F
S205003667F667
S2050036681349
S2050036698CCF
S20500366A0C4E
S20500366B0059
S20500366C1345
S20500366D0651
S20500366E80D6
S20500366F0055
S2050036706FE5
S205003671F063
S205003672DF73
S205003673F45D
S205003674133D
S2050036758CC3
S2050036760C42
S205003677004D
S2050036781339
S2050036790645
S20500367A004A
S20500367B0148
S20500367C6FD9
S20500367DF057
S20500367E1F27
S20500367FF451
S2050036801331
S2050036818CB7
S2050036820C36
S2050036830041
S205003684033D
S205003685A49B
S2050036860B33
S205003687003D
S20500368893A9
S2050036898BB0
S20500368A4BEF
S20500368B0039
S20500368CE355
S20500368D0433
S20500368E0432
S20500368F2E07
S2050036900331
S20500369147EC
S205003692042E
S2050036930031
S205003694E34D
S205003695042B
S2050036960727
S20500369738F5
S205003698E349
S20500369982A9
S20500369A0D1D
S20500369B38F1
S20500369C1315
S20500369D0720
S20500369E0422
S20500369F0025
S2050036A06FB5
S2050036A10023
S2050036A2C062
S2050036A30021
S2050036A4B36D
S2050036A50619
S2050036A6B767
S2050036A741DC
S2050036A863B9
S2050036A98893
S2050036AA8694
S2050036AB0019
S2050036AC8395
S2050036AD46D1
S2050036AE17FF
S2050036AF0015
S2050036B01301
S2050036B1070C
S2050036B217FB
S2050036B30011
S2050036B4E32D
S2050036B59877
S2050036B60608
S2050036B7FE0F
S2050036B89379
S2050036B9F714
S2050036BA0703
S2050036BB0108
S2050036BCB355
S2050036BD0CFB
S2050036BE877F
S2050036BF40C5
S2050036C063A1
S2050036C18A79
S2050036C207FB
S2050036C30AF7
S2050036C4639D
S2050036C552AD
S2050036C6906E
S2050036C709F4
S2050036C89369
S2050036C98774
S2050036CAFCFE
S2050036CBFFFA
S2050036CC13E5
S2050036CD07F0
S2050036CE6096
S2050036CF00F5
S2050036D0E311
S2050036D1747F
S2050036D2F7FB
S2050036D30AE7
S2050036D4B33D
S2050036D5E708
S2050036D6846A
S2050036D700ED
S2050036D89359
S2050036D9F7F4
S2050036DA37B3
S2050036DB00E9
S2050036DCE305
S2050036DD9E49
S2050036DE07DF
S2050036DF08DD
S2050036E09351
S2050036E107DC
S2050036E214CE
S2050036E300E1
S2050036E433AD
S2050036E58758
S2050036E6F4EA
S2050036E7409D
S2050036E813C9
S2050036E937A4
S2050036EA37A3
S2050036EB00D9
S2050036ECE3F5
S2050036ED18BF
S2050036EE07CF
S2050036EF08CD
S2050036F09341
S2050036F1F5DE
S2050036F2CC06
S2050036F3FFD2
S2050036F4933D
S2050036F58748
S2050036F604CA
S2050036F700CD
S2050036F83399
S2050036F906C5
S2050036FAB416
S2050036FB00C9
S2050036FC03C5
S2050036FD27A0
S2050036FE04C2
S2050036FF00C5
S20500370013B0
S20500370104BE
S205003702447D
S20500370300C0
S205003704932C
S2050037058737
S2050037064776
S20500370700BC
S2050037082398
S205003709AE0C
S20500370AE7D2
S20500370BFEBA
S20500370CE3D4
S20500370D189E
S20500370E862F
S20500370FFEB6
S2050037103380
S205003711872B
S205003712B4FD
S20500371300B0
S205003714B3FC
S2050037158628
S2050037169419
S20500371701AB
S2050037186348
S2050037198624
S20500371A9514
S20500371B03A5
S20500371C03A4
S20500371D4561
S20500371E069F
S20500371F00A4
S2050037209310
S205003721871B
S205003722158C
S20500372300A0
S205003724237C
S205003725009E
S205003726A7F6
S205003727009C
S2050037286338
S205003729DEBC
S20500372A9702
S20500372B0197
S20500372C8314
S20500372D474F
S20500372E167F
S20500372F0094
S2050037309300
S205003731850D
S205003732256C
S2050037330090
S205003734A3EC
S205003735008E
S205003736F796
S205003737008C
S2050037386328
S205003739D6B4
S20500373A95F4
S20500373B0187
S20500373C8304
S20500373D473F
S20500373E265F
S20500373F0084
S2050037402360
S2050037410181
S205003742F78A
S2050037430080
S20500374493EC
S20500374584FA
S2050037460677
S205003747007C
S2050037481368
S2050037490476
S20500374A1C5D
S20500374B0078
S20500374CE394
S20500374DDA9C
S20500374EACC9
S20500374F3D37
S205003750B3C0
S2050037510C66
S2050037529DD4
S205003753412F
S205003754135C
S20500375585E9
S2050037560469
S205003757006C
S2050037581358
S20500375986E4
S20500375A0C5D
S20500375B0068
S20500375C93D4
S20500375D0561
S20500375E0065
S20500375F0262
S205003760EF74
S205003761F072
S2050037628FD2
S205003763BFA1
S20500376483DC
S2050037654717
S2050037661C41
S205003767005C
S205003768B3A8
S20500376984D6
S20500376A94C5
S20500376B0157
S20500376CE374
S20500376D94C2
S20500376E074E
S20500376FC490
S2050037706FE4
S205003771F062
S205003772DF72
S205003773C58B
S205003774E36C
S205003775D47A
S205003776ACA1
S2050037773319
S205003778B398
S2050037790D3D
S20500377A9DAC
S20500377B4107
S20500377C1334
S20500377D85C1
S20500377E0441
S20500377F0044
S2050037801330
S20500378186BC
S2050037820D34
S2050037830040
S20500378493AC
S2050037850539
S205003786003D
S205003787023A
S205003788EF4C
S205003789F04A
S20500378A0F2A
S20500378BBD7B
S20500378C1324
S20500378D8DA9
S20500378EFC39
S20500378FFF35
S205003790B380
S20500379184AE
S205003792B47D
S205003793012F
S2050037946FC0
S205003795F03E
S2050037961F0E
S205003797F339
S2050037981318
S2050037998C9E
S20500379A0C1D
S20500379B0028
S20500379C9394
S20500379D8B9B
S20500379E7BAA
S20500379F0024
S2050037A09390
S2050037A1FB27
S2050037A28B96
S2050037A3FF21
S2050037A4938C
S2050037A5F628
S2050037A60716
S2050037A7011B
S2050037A80318
S2050037A9A872
S2050037AA0B0E
S2050037AB0018
S2050037AC0314
S2050037ADA472
S2050037AE4BCA
S2050037AF0014
S2050037B09380
S2050037B18B87
S2050037B28B86
S2050037B30010
S2050037B463AC
S2050037B5848A
S2050037B60607
S2050037B77E8E
S2050037B89378
S2050037B9F713
S2050037BAE722
S2050037BBFF09
S2050037BC9374
S2050037BDEC1A
S2050037BE27DE
S2050037BF0004
S2050037C09370
S2050037C107FB
S2050037C20001
S2050037C301FF
S2050037C423DC
S2050037C526D8
S2050037C6F10C
S2050037C700FC
S2050037C89368
S2050037C907F3
S2050037CA00F9
S2050037CB02F6
S2050037CC23D4
S2050037CD2ACC
S2050037CEF104
S2050037CF00F4
S2050037D013E0
S2050037D105ED
S2050037D208E9
S2050037D300F0
S2050037D4935C
S2050037D505E9
S2050037D604E9
S2050037D700EC
S2050037D813D8
S2050037D906E4
S2050037DA00E9
S2050037DB00E8
S2050037DC9354
S2050037DD06E0
S2050037DE00E5
S2050037DF00E4
S2050037E023C0
S2050037E128BA
S2050037E201E0
S2050037E301DF
S2050037E4EFF0
S2050037E5D00E
S2050037E61FBE
S2050037E7E5F7
S2050037E803D8
S2050037E928B2
S2050037EA01D8
S2050037EB01D7
S2050037ECE3F4
S2050037ED4A8C
S2050037EE05D0
S2050037EF30A4
S2050037F09340
S2050037F1F7DB
S2050037F24C85
S2050037F300D0
S2050037F4E3EC
S2050037F5903E
S2050037F607C6
S2050037F720AC
S2050037F89338
S2050037F9F7D3
S2050037FA8C3D
S2050037FB00C8
S2050037FC23A4
S2050037FD289E
S2050037FE01C4
S2050037FF00C4
S205003800635F
S2050038018839
S20500380207B9
S20500380300BF
S205003804932B
S20500380507B6
S20500380600BC
S20500380702B9
S20500380813A7
S2050038090DAC
S20500380AFDBB
S20500380BFFB8
S20500380C2393
S20500380D288D
S20500380EF1C3
S20500380F00B3
S205003810931F
S20500381107AA
S205003812F0C0
S205003813FFB0
S205003814634B
S2050038159419
S205003816FDAF
S20500381700AB
S2050038189317
S2050038190D9C
S20500381A6048
S20500381B00A7
S20500381C1393
S20500381D05A0
S20500381E089C
S20500381F00A3
S205003820930F
S205003821079A
S205003822019F
S2050038230897
S205003824138B
S2050038250796
S205003826C1DB
S2050038270299
S2050038289307
S2050038290594
S20500382A0494
S20500382B0097
S20500382C9303
S20500382D068F
S20500382E8113
S20500382F0291
S205003830137F
S205003831860B
S2050038320D83
S205003833008F
S205003834EF9F
S205003835107D
S205003836404C
S2050038371D6E
S2050038380387
S2050038392762
S20500383AC1C7
S20500383B0285
S20500383C1373
S20500383D087D
S20500383E057F
S20500383F0083
S20500384093EF
S205003841077A
S205003842017F
S205003843037C
S205003844631B
S2050038450875
S2050038460775
S205003847007B
S20500384893E7
S2050038490772
S20500384AD0A8
S20500384B0275
S20500384C2353
S20500384D086D
S20500384EF183
S20500384F0271
S20500385093DF
S205003851076A
S205003852115F
S205003853036C
S205003854036B
S2050038554726
S2050038560864
S205003857006B
S205003858E387
S2050038590465
S20500385A0761
S20500385B3433
S20500385C83E3
S20500385D2540
S20500385E81E3
S20500385F0261
S20500386093CF
S205003861065B
S2050038621848
S205003863005F
S205003864134B
S2050038650558
S205003866E07C
S2050038670259
S205003868E377
S2050038695207
S20500386AB0A8
S20500386B381F
S20500386C3323
S20500386D86CF
S20500386E064E
S20500386F4112
S205003870133F
S205003871064B
S205003872F65A
S205003873FF50
S20500387493BB
S20500387586C7
S2050038761636
S205003877004B
S205003878E367
S20500387984C5
S20500387AC583
S20500387B2C1B
S20500387C2323
S20500387D80C5
S20500387EE75D
S20500387F0043
S205003880033F
S205003881C77A
S205003882F64A
S205003883FF40
S20500388493AB
S20500388587B6
S2050038861725
S205003887003B
S205003888E357
S2050038891227
S20500388A0731
S20500388BFE39
S20500388C2313
S20500388D80B5
S20500388E072D
S20500388F0033
S205003890939F
S205003891F73A
S2050038920C24
S205003893022D
S205003894E34B
S2050038958CA1
S2050038960725
S2050038972407
S20500389883A7
S20500389947E2
S20500389A0127
S20500389B0324
S20500389CE343
S20500389D80A5
S20500389E0D17
S20500389F1A09
S2050038A0E33F
S2050038A18C95
S2050038A20719
S2050038A32CF3
S2050038A4130B
S2050038A50617
S2050038A6011B
S2050038A70318
S2050038A89387
S2050038A90712
S2050038AA0612
S2050038AB0017
S2050038AC9383
S2050038AD060F
S2050038AE0113
S2050038AF1300
S2050038B06FA3
S2050038B10011
S2050038B28090
S2050038B3000F
S2050038B4E32B
S2050038B5808D
S2050038B6D735
S2050038B724E7
S2050038B80307
S2050038B9C742
S2050038BA17F1
S2050038BB0007
S2050038BC9373
S2050038BD877E
S2050038BE17ED
S2050038BF0003
S2050038C0E31F
S2050038C11AE7
S2050038C207F9
S2050038C3FE01
S2050038C433CB
S2050038C58479
S2050038C6C735
S2050038C740BB
S2050038C833C7
S2050038C90DEC
S2050038CA8D6B
S2050038CB40B7
S2050038CC8373
S2050038CD27CE
S2050038CEC133
S2050038CF00F3
S2050038D0638F
S2050038D19061
S2050038D207E9
S2050038D302ED
S2050038D4E30B
S2050038D55697
S2050038D6A04C
S2050038D72BC0
S2050038D813D7
S2050038D906E3
S2050038DA0DDB
S2050038DB00E7
S2050038DC13D3
S2050038DD8560
S2050038DE04E0
S2050038DF00E3
S2050038E0934F
S2050038E105DC
S2050038E200E0
S2050038E302DD
S2050038E4B32B
S2050038E58459
S2050038E6A438
S2050038E701DA
S2050038E8EFEB
S2050038E9F0E9
S2050038EA0FC9
S2050038EBA730
S2050038EC13C3
S2050038ED0DC8
S2050038EEF0E4
S2050038EFFFD4
S2050038F0834F
S2050038F127AA
S2050038F201CF
S2050038F301CE
S2050038F4636B
S2050038F58647
S2050038F607C5
S2050038F700CB
S2050038F823A7
S2050038F98049
S2050038FAF4D4
S2050038FB00C7
S2050038FC9333
S2050038FD8441
S2050038FE14B0
S2050038FF00C3
S205003900932E
S205003901FCC4
S2050039020CB3
S20500390301BD
S205003904635A
S205003905902C
S2050039060CAF
S20500390702B8
S205003908E3D6
S2050039095860
S20500390AA017
S20500390B2D89
S20500390C8332
S20500390D258F
S20500390E4172
S20500390F01B1
S205003910139E
S20500391106AA
S2050039120DA2
S20500391300AE
S205003914139A
S2050039158527
S20500391604A7
S20500391700AA
S205003918EFBA
S205003919F0B8
S20500391A0F98
S20500391BA402
S20500391CB3F2
S20500391D8420
S20500391EA4FF
S20500391F01A1
S205003920138E
S2050039210D93
S205003922F0AF
S205003923FF9F
S205003924633A
S2050039255C40
S205003926801B
S205003927009A
S2050039281386
S2050039298513
S20500392A0493
S20500392B0096
S20500392C1382
S20500392D068E
S20500392E048F
S20500392F0092
S20500393093FE
S205003931058B
S205003932018E
S205003933038B
S205003934EF9E
S205003935F09C
S2050039360F7C
S205003937B0DA
S205003938B3D6
S2050039398404
S20500393A8403
S20500393B0086
S20500393C6322
S20500393D5C28
S20500393EA0E3
S20500393F0181
S205003940136E
S20500394185FB
S205003942047B
S205003943007E
S205003944136A
S2050039450676
S2050039460D6E
S205003947007A
S20500394893E6
S2050039490573
S20500394A0077
S20500394B0274
S20500394CEF86
S20500394DF084
S20500394ECFA4
S20500394FA0D2
S205003950B3BE
S20500395184EC
S205003952A4CB
S205003953016D
S20500395483EA
S2050039554725
S2050039561C4F
S205003957006A
S2050039581356
S2050039590464
S20500395A1C4B
S20500395B0066
S20500395CE382
S20500395D9CC8
S20500395E075C
S20500395FA4BE
S2050039606FF2
S205003961F070
S205003962DF80
S205003963A6B8
S205003964134A
S2050039658CD0
S2050039660C4F
S205003967005A
S20500396893C6
S205003969F761
S20500396A0750
S20500396B0155
S20500396C93C2
S20500396D8CC8
S20500396E4B08
S20500396F0052
S205003970133E
S205003971044C
S2050039721C33
S205003973004E
S205003974E36A
S20500397586C6
S2050039760744
S205003977004A
S2050039780346
S205003979A7A1
S20500397A0B3C
S20500397B0046
S20500397C93B2
S20500397D073D
S20500397E1033
S20500397F0042
S205003980132E
S20500398185BB
S205003982142B
S205003983003E
S205003984231A
S20500398580BC
S205003986E457
S205003987003A
S205003988E356
S205003989D860
S20500398AA790
S20500398B1D19
S20500398C1322
S20500398D062E
S20500398EFD36
S20500398FFF33
S205003990939E
S205003991052B
S205003992002F
S205003993022C
S205003994EF3E
S205003995F03C
S2050039964FDC
S2050039979C8E
S20500399883A6
S20500399947E1
S20500399A1C0B
S20500399B0026
S20500399CB372
S20500399D84A0
S20500399EA47F
S20500399F0121
S2050039A0938E
S2050039A18B95
S2050039A20C13
S2050039A3001E
S2050039A4E33A
S2050039A59884
S2050039A60714
S2050039A7A07A
S2050039A86FAA
S2050039A9F028
S2050039AA5FB8
S2050039ABA274
S2050039AC1302
S2050039AD8C88
S2050039AE0C07
S2050039AF0012
S2050039B013FE
S2050039B10709
S2050039B2F01F
S2050039B3FF0F
S2050039B463AA
S2050039B516F6
S2050039B6ED1E
S2050039B7000A
S2050039B89376
S2050039B9E721
S2050039BA17F0
S2050039BB0006
S2050039BC13F2
S2050039BD0DF7
S2050039BE8083
S2050039BF0002
S2050039C0837E
S2050039C1A55B
S2050039C20BF4
S2050039C300FE
S2050039C413EA
S2050039C58577
S2050039C604F7
S2050039C700FA
S2050039C813E6
S2050039C98771
S2050039CA0DEA
S2050039CB00F6
S2050039CC9362
S2050039CD06EE
S2050039CE0DE6
S2050039CF00F2
S2050039D013DE
S2050039D106EA
S2050039D200EF
S2050039D301ED
S2050039D4EFFE
S2050039D5F0FC
S2050039D60FDC
S2050039D7E802
S2050039D88366
S2050039D947A1
S2050039DA1CCB
S2050039DB00E6
S2050039DC9352
S2050039DD8B59
S2050039DE4B98
S2050039DF00E2
S2050039E0934E
S2050039E104DC
S2050039E205DA
S2050039E300DE
S2050039E413CA
S2050039E504D8
S2050039E61CBF
S2050039E700DA
S2050039E8E3F6
S2050039E99642
S2050039EA07D0
S2050039EB9C3A
S2050039EC6F66
S2050039EDF0E4
S2050039EE1FB4
S2050039EF9E34
S2050039F0933E
S2050039F1E7E9
S2050039F207C8
S2050039F304CA
S2050039F413BA
S2050039F506C6
S2050039F600CB
S2050039F701C9
S2050039F86F5A
S2050039F9F0D8
S2050039FA5F68
S2050039FBBC0A
S2050039FC13B2
S2050039FD07BD
S2050039FEC003
S2050039FF06BC
S205003A00635D
S205003A018837
S205003A02E5D9
S205003A035E5F
S205003A048339
S205003A05A615
S205003A060BAF
S205003A0700B9
S205003A0813A5
S205003A098730
S205003A0A4B6B
S205003A0B00B5
S205003A0C2391
S205003A0D268D
S205003A0EE1D1
S205003A0F00B1
S205003A10832D
S205003A11CDE2
S205003A1206A8
S205003A1300AD
S205003A146349
S205003A158A21
S205003A160D9D
S205003A175257
S205003A181395
S205003A1907A0
S205003A1A3076
S205003A1B069F
S205003A1C6341
S205003A1D544F
S205003A1EB7EB
S205003A1F6B36
S205003A20930D
S205003A21059A
S205003A22405E
S205003A230697
S205003A241389
S205003A258516
S205003A260D8D
S205003A270099
S205003A282375
S205003A292A6D
S205003A2AD1C5
S205003A2B0095
S205003A2C2371
S205003A2D286B
S205003A2EF1A1
S205003A2F0091
S205003A30EFA1
S205003A31E0AF
S205003A321F6F
S205003A33EDA0
S205003A341379
S205003A350487
S205003A360585
S205003A370089
S205003A3893F5
S205003A390582
S205003A3A4046
S205003A3B067F
S205003A3C1371
S205003A3D85FE
S205003A3E0D75
S205003A3F0081
S205003A40EF91
S205003A41E09F
S205003A42DF9F
S205003A43E39A
S205003A443745
S205003A450774
S205003A46106A
S205003A470079
S205003A4893E5
S205003A490B6C
S205003A4A076F
S205003A4B2154
S205003A4C3341
S205003A4D87EC
S205003A4EABC7
S205003A4F0071
S205003A5093DD
S205003A51056A
S205003A52A0CE
S205003A53006D
S205003A541359
S205003A550566
S205003A560466
S205003A570069
S205003A5883E5
S205003A594C1B
S205003A5A075F
S205003A5B0065
S205003A5CEF75
S205003A5DE083
S205003A5E1F43
S205003A5FE27F
S205003A60332D
S205003A6187D8
S205003A62ABB3
S205003A63005D
S205003A640359
S205003A654714
S205003A660753
S205003A670059
S205003A6893C5
S205003A690552
S205003A6AA0B6
S205003A6B0055
S205003A6C1341
S205003A6D054E
S205003A6E044E
S205003A6F0051
S205003A70133D
S205003A711738
S205003A7287C7
S205003A73004D
S205003A74B399
S205003A75EC5F
S205003A76EC5E
S205003A770049
S205003A782325
S205003A791037
S205003A7A91B5
S205003A7B093C
S205003A7CEF55
S205003A7DE063
S205003A7E5FE3
S205003A7FE859
S205003A8083BD
S205003A812718
S205003A82013D
S205003A83013C
S205003A8483B9
S205003A852615
S205003A8641F9
S205003A870138
S205003A8893A5
S205003A890D2A
S205003A8A0531
S205003A8B0035
S205003A8C1321
S205003A8D072C
S205003A8E40F2
S205003A8F0031
S205003A90939D
S205003A910C23
S205003A9230FE
S205003A93002D
S205003A941319
S205003A950625
S205003A96200A
S205003A970029
S205003A98B375
S205003A998D9A
S205003A9ABB6B
S205003A9B0124
S205003A9C83A1
S205003A9DC55E
S205003A9E0D15
S205003A9F0021
S205003AA0130D
S205003AA10619
S205003AA20618
S205003AA30B12
S205003AA41309
S205003AA50516
S205003AA60119
S205003AA70217
S205003AA833E5
S205003AA90611
S205003AAAA670
S205003AAB0015
S205003AAC23F1
S205003AAD080B
S205003AAEB65C
S205003AAFFA17
S205003AB013FD
S205003AB18689
S205003AB20C02
S205003AB30B02
S205003AB49379
S205003AB50506
S205003AB60109
S205003AB70207
S205003AB8B355
S205003AB90DFA
S205003ABAB650
S205003ABB0005
S205003ABC13F1
S205003ABD06FD
S205003ABEE022
S205003ABF02FF
S205003AC023DD
S205003AC18877
S205003AC2CD31
S205003AC3FA03
S205003AC403F9
S205003AC5C437
S205003AC616E4
S205003AC700F9
S205003AC86395
S205003AC90AED
S205003ACA04F2
S205003ACB3EB7
S205003ACC13E1
S205003ACD06ED
S205003ACE30C2
S205003ACF06EB
S205003AD0638D
S205003AD15A95
S205003AD28668
S205003AD35895
S205003AD423C9
S205003AD52AC1
S205003AD6F1F9
S205003AD700E9
S205003AD89355
S205003AD907E0
S205003ADA07DF
S205003ADB0BDA
S205003ADC13D1
S205003ADD07DC
S205003ADE01E1
S205003ADF02DF
S205003AE033AD
S205003AE18857
S205003AE2E7F7
S205003AE300DD
S205003AE49349
S205003AE505D6
S205003AE6409A
S205003AE706D3
S205003AE813C5
S205003AE905D2
S205003AEA04D2
S205003AEB00D5
S205003AEC23B1
S205003AED2CA7
S205003AEED101
S205003AEF00D1
S205003AF023AD
S205003AF128A7
S205003AF201CD
S205003AF301CC
S205003AF4EFDD
S205003AF5E0EB
S205003AF69F2B
S205003AF7D8F1
S205003AF83791
S205003AF907C0
S205003AFA10B6
S205003AFB00C5
S205003AFC9331
S205003AFD0BB8
S205003AFE07BB
S205003AFF21A0
S205003B00338C
S205003B018638
S205003B02AB12
S205003B0300BC
S205003B0403B8
S205003B052892
S205003B0601B8
S205003B0701B7
S205003B0803B4
S205003B094670
S205003B0A06AF
S205003B0B00B4
S205003B0C9320
S205003B0D05AD
S205003B0E4071
S205003B0F06AA
S205003B10139C
S205003B1105A9
S205003B1204A9
S205003B1300AC
S205003B142388
S205003B1508A2
S205003B16C8E1
S205003B17FAAE
S205003B18EFB8
S205003B19E0C6
S205003B1A9F06
S205003B1BDEC6
S205003B1C1390
S205003B1D871B
S205003B1E3C65
S205003B1F00A0
S205003B20930C
S205003B210599
S205003B22A0FD
S205003B23009C
S205003B241388
S205003B250496
S205003B260594
S205003B270098
S205003B282374
S205003B29286E
S205003B2AE1B4
S205003B2B0094
S205003B2CEFA4
S205003B2DE0B2
S205003B2E1F72
S205003B2FD5BB
S205003B30335C
S205003B318608
S205003B32ABE2
S205003B33008C
S205003B340388
S205003B354644
S205003B360683
S205003B370088
S205003B381374
S205003B390581
S205003B3A0481
S205003B3B0084
S205003B3C93F0
S205003B3D057D
S205003B3EA0E1
S205003B3F0080
S205003B40235C
S205003B4189F5
S205003B42CDB0
S205003B43FA82
S205003B44EF8C
S205003B45E09A
S205003B46DF9A
S205003B47DB9D
S205003B480374
S205003B49274F
S205003B4A0174
S205003B4B0173
S205003B4C83F0
S205003B4D274B
S205003B4E4130
S205003B4F016F
S205003B5083EC
S205003B512648
S205003B5281EC
S205003B53016B
S205003B541358
S205003B550466
S205003B560564
S205003B570068
S205003B583334
S205003B5984E2
S205003B5A8BDA
S205003B5B0064
S205003B5C83E0
S205003B5D451D
S205003B5E045D
S205003B5F0060
S205003B60134C
S205003B610658
S205003B620756
S205003B630B51
S205003B641348
S205003B650555
S205003B660158
S205003B670256
S205003B683324
S205003B690650
S205003B6AA6AF
S205003B6B0054
S205003B6C93C0
S205003B6D0C46
S205003B6E173A
S205003B6F0050
S205003B70232C
S205003B710846
S205003B72B697
S205003B73FA52
S205003B741338
S205003B7587C3
S205003B760C3D
S205003B770B3D
S205003B781334
S205003B790640
S205003B7A0144
S205003B7B0242
S205003B7C3310
S205003B7D083A
S205003B7EC77A
S205003B7F0040
S205003B80132C
S205003B810737
S205003B82E05D
S205003B83023A
S205003B842318
S205003B850832
S205003B86E851
S205003B87FA3E
S205003B880334
S205003B89C472
S205003B8A260F
S205003B8B0034
S205003B8C93A0
S205003B8D8DA5
S205003B8E1C15
S205003B8F0030
S205003B9063CC
S205003B91022C
S205003B920429
S205003B9336F6
S205003B941318
S205003B950624
S205003B9630F9
S205003B970622
S205003B9863C4
S205003B9956D0
S205003B9A869F
S205003B9B46DE
S205003B9C1310
S205003B9D071B
S205003B9E0120
S205003B9F021E
S205003BA023FC
S205003BA128F6
S205003BA2F12C
S205003BA3001C
S205003BA49388
S205003BA50515
S205003BA640D9
S205003BA70612
S205003BA89384
S205003BA9878F
S205003BAA0D08
S205003BAB0B09
S205003BAC1300
S205003BAD050D
S205003BAE040D
S205003BAF0010
S205003BB0B35C
S205003BB18D81
S205003BB2E726
S205003BB3000C
S205003BB423E8
S205003BB52AE0
S205003BB6D138
S205003BB70008
S205003BB823E4
S205003BB92CDA
S205003BBA0104
S205003BBB0103
S205003BBCEF14
S205003BBDE022
S205003BBE1FE2
S205003BBFCC34
S205003BC037C8
S205003BC107F7
S205003BC210ED
S205003BC300FC
S205003BC49368
S205003BC50BEF
S205003BC607F2
S205003BC721D7
S205003BC833C4
S205003BC98670
S205003BCAAB4A
S205003BCB00F4
S205003BCC03F0
S205003BCD47AB
S205003BCE06EB
S205003BCF00F0
S205003BD0935C
S205003BD105E9
S205003BD240AD
S205003BD306E6
S205003BD413D8
S205003BD505E5
S205003BD604E5
S205003BD700E8
S205003BD823C4
S205003BD9885E
S205003BDAEDF8
S205003BDBFAEA
S205003BDCEFF4
S205003BDDE002
S205003BDE5F82
S205003BDFD20E
S205003BE0934C
S205003BE105D9
S205003BE2A03D
S205003BE300DC
S205003BE413C8
S205003BE504D6
S205003BE605D4
S205003BE700D8
S205003BE8EFE8
S205003BE9E0F6
S205003BEA5F76
S205003BEBC90B
S205003BEC33A0
S205003BED874B
S205003BEEAB26
S205003BEF00D0
S205003BF003CC
S205003BF14787
S205003BF207C6
S205003BF300CC
S205003BF403C8
S205003BF528A2
S205003BF68148
S205003BF701C7
S205003BF813B4
S205003BF905C1
S205003BFA04C1
S205003BFB00C4
S205003BFC9330
S205003BFD05BD
S205003BFEA021
S205003BFF00C0
S205003C00239B
S205003C0109B4
S205003C02E8D4
S205003C03FAC1
S205003C04EFCB
S205003C05E0D9
S205003C06DFD9
S205003C07CFE8
S205003C088333
S205003C09278E
S205003C0A01B3
S205003C0B01B2
S205003C0C832F
S205003C0D268B
S205003C0E416F
S205003C0F01AE
S205003C10931B
S205003C118D20
S205003C123C70
S205003C1300AB
S205003C141397
S205003C1504A5
S205003C1605A3
S205003C1700A7
S205003C183373
S205003C198421
S205003C1A8B19
S205003C1B00A3
S205003C1C831F
S205003C1D455C
S205003C1E049C
S205003C1F009F
S205003C20138B
S205003C218716
S205003C220D8F
S205003C230B90
S205003C241387
S205003C250693
S205003C260197
S205003C270295
S205003C283363
S205003C29068F
S205003C2AC7CD
S205003C2B0093
S205003C2C93FF
S205003C2D8C05
S205003C2E1D73
S205003C2F008F
S205003C30236B
S205003C310885
S205003C32B6D6
S205003C33FA91
S205003C341377
S205003C358702
S205003C360C7C
S205003C370B7C
S205003C381373
S205003C39067F
S205003C3A0183
S205003C3B0281
S205003C3C334F
S205003C3D067B
S205003C3EC7B9
S205003C3F007F
S205003C40136B
S205003C410776
S205003C42E09C
S205003C430279
S205003C442357
S205003C450871
S205003C46E692
S205003C47FA7D
S205003C4883F3
S205003C49CDA8
S205003C4A363E
S205003C4B0073
S205003C4C135F
S205003C4D87EA
S205003C4E1C54
S205003C4F006F
S205003C50630B
S205003C518EDF
S205003C520D5F
S205003C532C3F
S205003C5493D7
S205003C550663
S205003C563038
S205003C570661
S205003C586303
S205003C59D293
S205003C5AB6AE
S205003C5B4D16
S205003C5C233F
S205003C5D2A37
S205003C5EF16F
S205003C5F005F
S205003C6093CB
S205003C610558
S205003C62401C
S205003C630655
S205003C6493C7
S205003C650752
S205003C660751
S205003C670B4C
S205003C681343
S205003C6985D0
S205003C6A0D47
S205003C6B0053
S205003C6C133F
S205003C6D074A
S205003C6E014F
S205003C6F024D
S205003C70331B
S205003C7184C9
S205003C72E765
S205003C73004B
S205003C742327
S205003C752C1D
S205003C76C187
S205003C770047
S205003C78EF57
S205003C79E065
S205003C7A5FE5
S205003C7BC083
S205003C7C370B
S205003C7D073A
S205003C7E1030
S205003C7F003F
S205003C8093AB
S205003C810B32
S205003C820735
S205003C83211A
S205003C843307
S205003C8587B2
S205003C86AB8D
S205003C870037
S205003C880333
S205003C8947EE
S205003C8A072D
S205003C8B0033
S205003C8C939F
S205003C8D052C
S205003C8E40F0
S205003C8F0629
S205003C90131B
S205003C9185A8
S205003C920D1F
S205003C93002B
S205003C942307
S205003C950821
S205003C96E444
S205003C97FA2D
S205003C98EF37
S205003C99E045
S205003C9A9F85
S205003C9BC65D
S205003C9C130F
S205003C9D879A
S205003C9E3CE4
S205003C9F001F
S205003CA0938B
S205003CA10518
S205003CA2A07C
S205003CA3001B
S205003CA423F7
S205003CA528F1
S205003CA6E137
S205003CA70017
S205003CA81303
S205003CA90411
S205003CAA050F
S205003CAB0013
S205003CACEF23
S205003CADE031
S205003CAE1FF1
S205003CAFBD52
S205003CB0B35B
S205003CB18687
S205003CB2AB61
S205003CB3000B
S205003CB48387
S205003CB5C643
S205003CB60602
S205003CB70007
S205003CB80303
S205003CB926DF
S205003CBA8183
S205003CBB0102
S205003CBC936F
S205003CBD05FC
S205003CBEA060
S205003CBF00FF
S205003CC013EB
S205003CC105F8
S205003CC204F8
S205003CC300FB
S205003CC423D7
S205003CC509F0
S205003CC6D622
S205003CC7FAFD
S205003CC8EF07
S205003CC9E015
S205003CCA9F55
S205003CCBC330
S205003CCC03EF
S205003CCD27CA
S205003CCE01EF
S205003CCF01EE
S205003CD0836B
S205003CD127C6
S205003CD241AB
S205003CD301EA
S205003CD49357
S205003CD50DDC
S205003CD605E3
S205003CD700E7
S205003CD8B333
S205003CD98D58
S205003CDABB29
S205003CDB01E2
S205003CDC03DF
S205003CDDC61B
S205003CDE0DD3
S205003CDF00DF
S205003CE0934B
S205003CE106D7
S205003CE207D5
S205003CE30BD0
S205003CE49347
S205003CE505D4
S205003CE601D7
S205003CE702D5
S205003CE8B323
S205003CE9864F
S205003CEAB61E
S205003CEB00D3
S205003CEC13BF
S205003CED04CD
S205003CEE17B9
S205003CEF00CF
S205003CF023AB
S205003CF18845
S205003CF2C606
S205003CF3FAD1
S205003CF49337
S205003CF5F7D2
S205003CF607C1
S205003CF701C6
S205003CF86363
S205003CF99233
S205003CFA07BD
S205003CFB02C1
S205003CFC635F
S205003CFD5A67
S205003CFEA41C
S205003CFF6758
S205003D00338A
S205003D010DAF
S205003D028D2E
S205003D03407A
S205003D0413A6
S205003D0506B2
S205003D060DAA
S205003D0700B6
S205003D0813A2
S205003D09852F
S205003D0A04AF
S205003D0B00B2
S205003D0C931E
S205003D0D05AB
S205003D0E00AF
S205003D0F02AC
S205003D10B3FA
S205003D118428
S205003D12A407
S205003D1301A9
S205003D14EFBA
S205003D15E0C8
S205003D165F48
S205003D17E4C2
S205003D181392
S205003D190D97
S205003D1AF4AF
S205003D1BFFA3
S205003D1C138E
S205003D1D069A
S205003D1E049B
S205003D1F009E
S205003D20930A
S205003D210597
S205003D22019A
S205003D230892
S205003D241386
S205003D258513
S205003D260493
S205003D270096
S205003D28EFA6
S205003D29E0B4
S205003D2ADFB4
S205003D2BF0A2
S205003D2C335E
S205003D2D850B
S205003D2E840B
S205003D2F008E
S205003D30632A
S205003D315438
S205003D32A4E7
S205003D335F2B
S205003D343356
S205003D350682
S205003D368DFA
S205003D374046
S205003D3893F2
S205003D39057F
S205003D3A0083
S205003D3B0280
S205003D3CEF92
S205003D3DE0A0
S205003D3EDFA0
S205003D3FE19D
S205003D40B3CA
S205003D4184F8
S205003D42A4D7
S205003D430179
S205003D4483F6
S205003D454731
S205003D461C5B
S205003D470076
S205003D4883F2
S205003D492B49
S205003D4AC1B2
S205003D4B0072
S205003D4C135E
S205003D4D046C
S205003D4E1C53
S205003D4F006E
S205003D50630A
S205003D5192DA
S205003D520764
S205003D53E684
S205003D546FFA
S205003D55F078
S205003D568FD8
S205003D57E77F
S205003D581352
S205003D59075D
S205003D5AC0A3
S205003D5B065C
S205003D5C93CE
S205003D5DE779
S205003D5E0758
S205003D5F045A
S205003D60E37A
S205003D6192CA
S205003D62E576
S205003D63CA90
S205003D643722
S205003D650751
S205003D661047
S205003D670056
S205003D680352
S205003D69A6AE
S205003D6A0B48
S205003D6B0052
S205003D6C133E
S205003D6D0749
S205003D6E87C8
S205003D6F232B
S205003D7093BA
S205003D718BC1
S205003D724B00
S205003D73004A
S205003D7483C6
S205003D754602
S205003D760641
S205003D770046
S205003D7893B2
S205003D79053F
S205003D7AA0A3
S205003D7B033F
S205003D7C231E
S205003D7D013F
S205003D7EB18E
S205003D7F0836
S205003D80132A
S205003D81F547
S205003D82F645
S205003D83003A
S205003D843306
S205003D850533
S205003D86A790
S205003D870036
S205003D8893A2
S205003D89D65E
S205003D8A46ED
S205003D8B0032
S205003D8C032E
S205003D8D45EB
S205003D8E052A
S205003D8F002E
S205003D90B37A
S205003D910626
S205003D92D754
S205003D93002A
S205003D9483A6
S205003D95C662
S205003D960621
S205003D970026
S205003D981312
S205003D99150F
S205003D9A859E
S205003D9B0022
S205003D9C938E
S205003D9DF729
S205003D9E0718
S205003D9F011D
S205003DA0B36A
S205003DA1E636
S205003DA2A675
S205003DA3001A
S205003DA423F6
S205003DA51008
S205003DA6D146
S205003DA7080E
S205003DA88392
S205003DA946CE
S205003DAA16FD
S205003DAB0012
S205003DACA36E
S205003DAD020E
S205003DAEB15E
S205003DAF0806
S205003DB013FA
S205003DB1D537
S205003DB246C5
S205003DB3000A
S205003DB49376
S205003DB5F612
S205003DB6F611
S205003DB70006
S205003DB833D2
S205003DB905FF
S205003DBAA75C
S205003DBB0002
S205003DBCB34E
S205003DBD06FA
S205003DBED728
S205003DBF00FE
S205003DC003FA
S205003DC145B7
S205003DC205F6
S205003DC300FA
S205003DC48376
S205003DC5C632
S205003DC606F1
S205003DC700F6
S205003DC8A352
S205003DC901F3
S205003DCAA152
S205003DCB08EA
S205003DCC23CE
S205003DCD02EE
S205003DCED11E
S205003DCF08E6
S205003DD0836A
S205003DD146A6
S205003DD226C5
S205003DD300EA
S205003DD423C6
S205003DD504E4
S205003DD6B136
S205003DD708DE
S205003DD813D2
S205003DD9D50F
S205003DDA469D
S205003DDB00E2
S205003DDC934E
S205003DDDF6EA
S205003DDEF6E9
S205003DDF00DE
S205003DE033AA
S205003DE105D7
S205003DE2A734
S205003DE300DA
S205003DE4B326
S205003DE506D2
S205003DE6D700
S205003DE700D6
S205003DE803D2
S205003DE9458F
S205003DEA05CE
S205003DEB00D2
S205003DEC834E
S205003DEDC60A
S205003DEE06C9
S205003DEF00CE
S205003DF023AA
S205003DF103C9
S205003DF2A12A
S205003DF308C2
S205003DF4A326
S205003DF503C5
S205003DF6D1F6
S205003DF708BE
S205003DF88342
S205003DF9467E
S205003DFA368D
S205003DFB00C2
S205003DFCA31E
S205003DFD05BB
S205003DFEB10E
S205003DFF08B6
S205003E0013A9
S205003E01D5E6
S205003E024674
S205003E0300B9
S205003E049325
S205003E05F6C1
S205003E06F6C0
S205003E0700B5
S205003E083381
S205003E0905AE
S205003E0AA70B
S205003E0B00B1
S205003E0CB3FD
S205003E0D06A9
S205003E0ED7D7
S205003E0F00AD
S205003E108329
S205003E11C6E5
S205003E1206A4
S205003E1300A9
S205003E1403A5
S205003E154562
S205003E1605A1
S205003E1700A5
S205003E182381
S205003E19059E
S205003E1AD1D1
S205003E1B0899
S205003E1CA3FD
S205003E1D049B
S205003E1EA1FD
S205003E1F0895
S205003E208319
S205003E214655
S205003E224654
S205003E230099
S205003E242375
S205003E250790
S205003E26B1E5
S205003E27088D
S205003E289301
S205003E29D5BE
S205003E2A464C
S205003E2B0091
S205003E2C93FD
S205003E2DF699
S205003E2EF698
S205003E2F008D
S205003E30B3D9
S205003E310586
S205003E32B7D3
S205003E330089
S205003E34B3D5
S205003E350681
S205003E36D7AF
S205003E370085
S205003E388301
S205003E39C6BD
S205003E3A067C
S205003E3B0081
S205003E3C83FD
S205003E3DC5BA
S205003E3E0579
S205003E3F007D
S205003E40A3D9
S205003E410675
S205003E42D1A9
S205003E430871
S205003E442355
S205003E450671
S205003E46B1C5
S205003E47086D
S205003E4883F1
S205003E49462D
S205003E4A561C
S205003E4B0071
S205003E4C135D
S205003E4DD699
S205003E4E4628
S205003E4F006D
S205003E503339
S205003E510665
S205003E52C7A3
S205003E530069
S205003E540365
S205003E554621
S205003E560660
S205003E570065
S205003E5893D1
S205003E59F66D
S205003E5AF66C
S205003E5B0061
S205003E5C332D
S205003E5D0758
S205003E5ED787
S205003E5F005D
S205003E60A3B9
S205003E610754
S205003E62C199
S205003E630851
S205003E640355
S205003E654710
S205003E66074F
S205003E670055
S205003E682331
S205003E69084B
S205003E6AE171
S205003E6B0849
S205003E6C63ED
S205003E6D9AB5
S205003E6E0747
S205003E6F1439
S205003E7093B9
S205003E710744
S205003E72103A
S205003E730148
S205003E7463E5
S205003E75D473
S205003E76A79F
S205003E771530
S205003E781331
S205003E79043F
S205003E7AFD45
S205003E7BFE43
S205003E7C132D
S205003E7D0639
S205003E7E043A
S205003E7F003D
S205003E8093A9
S205003E810536
S205003E82003A
S205003E830237
S205003E841325
S205003E8585B2
S205003E860432
S205003E870035
S205003E88EF45
S205003E89E053
S205003E8A1F13
S205003E8BCD64
S205003E8C33FD
S205003E8D85AA
S205003E8E84AA
S205003E8F002D
S205003E901319
S205003E910625
S205003E92101A
S205003E930128
S205003E949395
S205003E950522
S205003E960125
S205003E97081D
S205003E98EF35
S205003E99E043
S205003E9ADF43
S205003E9BD948
S205003E9CB36D
S205003E9D849B
S205003E9EA47A
S205003E9F011C
S205003EA08399
S205003EA1C754
S205003EA22CEE
S205003EA30019
S205003EA41305
S205003EA58493
S205003EA62CEA
S205003EA70015
S205003EA863B1
S205003EA9967D
S205003EAA070B
S205003EABD041
S205003EAC6FA1
S205003EADF01F
S205003EAE0FFF
S205003EAFD23B
S205003EB09379
S205003EB1E724
S205003EB20703
S205003EB30405
S205003EB413F5
S205003EB58C7B
S205003EB60CFA
S205003EB70005
S205003EB86F95
S205003EB9F013
S205003EBADF23
S205003EBBB44D
S205003EBC13ED
S205003EBD06F9
S205003EBE01FD
S205003EBF02FB
S205003EC013E9
S205003EC107F4
S205003EC207F3
S205003EC30BEE
S205003EC433C5
S205003EC507F0
S205003EC6C72F
S205003EC700F5
S205003EC89361
S205003EC98C67
S205003ECA2CC6
S205003ECB00F1
S205003ECC13DD
S205003ECD06E9
S205003ECE00EE
S205003ECF03EA
S205003ED023C9
S205003ED108E3
S205003ED2C723
S205003ED3FAEF
S205003ED413D5
S205003ED58760
S205003ED60CDA
S205003ED70BDA
S205003ED813D1
S205003ED906DD
S205003EDA01E1
S205003EDB02DF
S205003EDC33AD
S205003EDD08D7
S205003EDEC717
S205003EDF00DD
S205003EE013C9
S205003EE107D4
S205003EE2E0FA
S205003EE302D7
S205003EE423B5
S205003EE508CF
S205003EE6E8EE
S205003EE7FADB
S205003EE803D1
S205003EE9C40F
S205003EEA26AC
S205003EEB00D1
S205003EEC933D
S205003EED8D42
S205003EEE1CB2
S205003EEF00CD
S205003EF0E3E9
S205003EF112B9
S205003EF204C6
S205003EF3CAFF
S205003EF413B5
S205003EF58740
S205003EF60DB9
S205003EF70BBA
S205003EF813B1
S205003EF906BD
S205003EFA01C1
S205003EFB02BF
S205003EFC338D
S205003EFD07B8
S205003EFEC7F7
S205003EFF00BD
S205003F009328
S205003F018C2E
S205003F022C8D
S205003F0300B8
S205003F0413A4
S205003F0506B0
S205003F0600B5
S205003F0703B1
S205003F082390
S205003F0908AA
S205003F0AC7EA
S205003F0BFAB6
S205003F0C139C
S205003F0D8727
S205003F0E0CA1
S205003F0F0BA1
S205003F101398
S205003F1106A4
S205003F1201A8
S205003F1302A6
S205003F143374
S205003F1506A0
S205003F16C7DE
S205003F1700A4
S205003F181390
S205003F19079B
S205003F1AE0C1
S205003F1B029E
S205003F1C237C
S205003F1D0896
S205003F1EE6B7
S205003F1FFAA2
S205003F208318
S205003F21CDCD
S205003F223663
S205003F230098
S205003F241384
S205003F25870F
S205003F261C79
S205003F270094
S205003F28E3B0
S205003F2996FC
S205003F2A0D84
S205003F2BD2BE
S205003F2C93FC
S205003F2D0688
S205003F2E018C
S205003F2F028A
S205003F301378
S205003F310783
S205003F320782
S205003F330B7D
S205003F343354
S205003F35077F
S205003F36D7AE
S205003F370084
S205003F3893F0
S205003F39067C
S205003F3A0081
S205003F3B037D
S205003F3C136C
S205003F3D84FA
S205003F3E2C51
S205003F3F007C
S205003F402358
S205003F410872
S205003F42D7A2
S205003F43FA7E
S205003F446F08
S205003F45F086
S205003F461F56
S205003F47DB99
S205003F481360
S205003F49076B
S205003F4A0071
S205003F4B036D
S205003F4C234C
S205003F4D006E
S205003F4EE18C
S205003F4F0864
S205003F5093D8
S205003F510C5E
S205003F521059
S205003F530068
S205003F541354
S205003F55075F
S205003F562045
S205003F570064
S205003F586FF4
S205003F59F072
S205003F5A9FC2
S205003F5BB5AB
S205003F5C93CC
S205003F5D045A
S205003F5E0558
S205003F5F005C
S205003F602338
S205003F6180DA
S205003F620455
S205003F630058
S205003F6483D4
S205003F652036
S205003F66C194
S205003F671044
S205003F6883D0
S205003F69242E
S205003F6A4110
S205003F6B1040
S205003F6C133C
S205003F6D0549
S205003F6E004D
S205003F6F004C
S205003F701338
S205003F710149
S205003F720148
S205003F731137
S205003F7467E0
S205003F7580C6
S205003F760045
S205003F770044
S205003F7893B0
S205003F79073B
S205003F7A142D
S205003F7B0040
S205003F7CB38C
S205003F7D86B8
S205003F7E94A9
S205003F7F013B
S205003F806FCC
S205003F81003A
S205003F8280B9
S205003F830038
S205003F8493A4
S205003F8587AF
S205003F86171E
S205003F870034
S205003F880330
S205003F89C76B
S205003F8AF73A
S205003F8BFF31
S205003F8C939C
S205003F8D84AA
S205003F8E1419
S205003F8F002C
S205003F90A388
S205003F918F9B
S205003F92E445
S205003F93FE2A
S205003F94E344
S205003F95988E
S205003F96D451
S205003F97FE26
S205003F986FB4
S205003F99F032
S205003F9ACF52
S205003F9BFA26
S205003F9C938C
S205003F9DF628
S205003F9E1706
S205003F9F001C
S205003FA09388
S205003FA1EC2E
S205003FA227F2
S205003FA30018
S205003FA49384
S205003FA5F71F
S205003FA617FE
S205003FA70113
S205003FA823F0
S205003FA926EC
S205003FAAF120
S205003FAB0010
S205003FAC63AC
S205003FAD828C
S205003FAE0607
S205003FAF38D4
S205003FB09378
S205003FB10703
S205003FB20009
S205003FB30305
S205003FB423E4
S205003FB52ADC
S205003FB6F114
S205003FB70004
S205003FB86F94
S205003FB9F012
S205003FBA9F62
S205003FBB817F
S205003FBC13EC
S205003FBD0DF1
S205003FBEFD00
S205003FBFFFFD
S205003FC013E8
S205003FC106F4
S205003FC210E9
S205003FC301F7
S205003FC49364
S205003FC505F1
S205003FC601F4
S205003FC708EC
S205003FC813E0
S205003FC9856D
S205003FCA04ED
S205003FCB00F0
S205003FCCEF00
S205003FCDE00E
S205003FCE9F4E
S205003FCFC626
S205003FD013D8
S205003FD104E6
S205003FD210D9
S205003FD301E7
S205003FD413D4
S205003FD58561
S205003FD614D1
S205003FD701E3
S205003FD86380
S205003FD9568C
S205003FDAA43D
S205003FDB4799
S205003FDC13CC
S205003FDD06D8
S205003FDEFDE0
S205003FDFFEDE
S205003FE09348
S205003FE105D5
S205003FE200D9
S205003FE302D6
S205003FE4EFE8
S205003FE5E0F6
S205003FE65F76
S205003FE7B71D
S205003FE8B320
S205003FE9844E
S205003FEAA42D
S205003FEB01CF
S205003FEC6F60
S205003FEDF0DE
S205003FEE5F6E
S205003FEFEBE1
S205003FF03794
S205003FF107C3
S205003FF210B9
S205003FF300C8
S205003FF403C4
S205003FF5A620
S205003FF60BBA
S205003FF700C4
S205003FF813B0
S205003FF907BB
S205003FFA07BA
S205003FFB219F
S205003FFC932C
S205003FFD8B33
S205003FFE4B72
S205003FFF00BC
S2050040006F4B
S205004001F0C9
S2050040025F59
S205004003D7E0
S20500400413A3
S20500400507AE
S2050040069024
S20500400700B3
S205004008634F
S2050040095061
S20500400A8729
S20500400B1E91
S20500400C139B
S20500400D07A6
S20500400E01AB
S20500400F02A9
S2050040102387
S2050040112881
S205004012F1B7
S20500401300A7
S2050040149313
S20500401505A0
S205004016A004
S20500401700A3
S205004018930F
S205004019871A
S20500401A0D93
S20500401B0B94
S20500401C138B
S20500401D0598
S20500401E0498
S20500401F009B
S205004020B3E7
S2050040218D0C
S205004022E7B1
S2050040230097
S2050040242373
S2050040252A6B
S205004026D1C3
S2050040270093
S205004028EFA3
S205004029E0B1
S20500402A5F31
S20500402B850A
S20500402C3757
S20500402D0786
S20500402E107C
S20500402F008B
S20500403093F7
S2050040310B7E
S2050040320781
S2050040332166
S2050040343353
S20500403586FF
S205004036ABD9
S2050040370083
S205004038037F
S205004039473A
S20500403A067A
S20500403B007F
S20500403C136B
S20500403D0578
S20500403E0478
S20500403F007B
S20500404093E7
S2050040410574
S205004042A0D8
S2050040430077
S2050040442353
S20500404588ED
S205004046ED87
S205004047FA79
S205004048EF83
S205004049E091
S20500404A9FD1
S20500404B8BE4
S20500404C93DB
S20500404D8CE1
S20500404E2C40
S20500404F006B
S20500405083E7
S2050040512742
S2050040520167
S2050040530166
S20500405483E3
S205004055263F
S2050040564123
S2050040570162
S205004058134F
S205004059045D
S20500405A055B
S20500405B005F
S20500405C93CB
S20500405D8DD0
S20500405E0C50
S20500405F005B
S2050040606FEB
S205004061F069
S2050040629FB9
S205004063BB9C
S2050040641343
S205004065064F
S20500406690C4
S2050040670053
S20500406863EF
S2050040695AF7
S20500406A86CA
S20500406B1639
S20500406C232B
S20500406D2825
S20500406EF15B
S20500406F004B
S20500407093B7
S2050040710544
S205004072A0A8
S2050040730047
S20500407493B3
S205004075073E
S205004076073D
S2050040770B38
S205004078132F
S205004079053C
S20500407A043C
S20500407B003F
S20500407C132B
S20500407D0736
S20500407E013B
S20500407F0239
S205004080B387
S2050040818DAC
S205004082E751
S2050040830037
S2050040842313
S2050040852A0B
S205004086D163
S2050040870033
S205004088EF43
S205004089E051
S20500408A4FE1
S20500408BFF30
S20500408C37F7
S20500408D0726
S20500408E101C
S20500408F002B
S2050040909397
S2050040910B1E
S2050040920721
S2050040932106
S20500409433F3
S205004095869F
S205004096AB79
S2050040970023
S205004098031F
S20500409947DA
S20500409A061A
S20500409B001F
S20500409C130B
S20500409D0518
S20500409E0418
S20500409F001B
S2050040A09387
S2050040A10514
S2050040A2A078
S2050040A30017
S2050040A423F3
S2050040A5888D
S2050040A6ED27
S2050040A7FA19
S2050040A8EF23
S2050040A9E031
S2050040AA9F71
S2050040AB858A
S2050040AC937B
S2050040AD8C81
S2050040AE2CE0
S2050040AF000B
S2050040B08387
S2050040B127E2
S2050040B20107
S2050040B30106
S2050040B48383
S2050040B526DF
S2050040B641C3
S2050040B70102
S2050040B813EF
S2050040B904FD
S2050040BA05FB
S2050040BB00FF
S2050040BC13EB
S2050040BD8776
S2050040BE0CF0
S2050040BF00FB
S2050040C06F8B
S2050040C1F009
S2050040C29F59
S2050040C3A94E
S2050040C413E3
S2050040C507EE
S2050040C69064
S2050040C700F3
S2050040C8638F
S2050040C95E93
S2050040CAB739
S2050040CB0FE0
S2050040CC935B
S2050040CD05E8
S2050040CEA04C
S2050040CF00EB
S2050040D013D7
S2050040D18564
S2050040D20DDB
S2050040D300E7
S2050040D423C3
S2050040D52ABB
S2050040D6D113
S2050040D700E3
S2050040D823BF
S2050040D928B9
S2050040DAF1EF
S2050040DB00DF
S2050040DCEFEF
S2050040DDE0FD
S2050040DE0FCD
S2050040DFFAE1
S2050040E037A3
S2050040E107D2
S2050040E210C8
S2050040E300D7
S2050040E49343
S2050040E50BCA
S2050040E607CD
S2050040E721B2
S2050040E8339F
S2050040E9874A
S2050040EAAB25
S2050040EB00CF
S2050040EC03CB
S2050040ED4786
S2050040EE07C5
S2050040EF00CB
S2050040F013B7
S2050040F18544
S2050040F20DBB
S2050040F300C7
S2050040F49333
S2050040F505C0
S2050040F6A024
S2050040F700C3
S2050040F8239F
S2050040F900C1
S2050040FAE1DF
S2050040FB08B7
S2050040FCEFCF
S2050040FDE0DD
S2050040FE5F5D
S2050040FF803B
S2050041008336
S2050041012791
S20500410201B6
S20500410301B5
S2050041048332
S205004105268E
S2050041064172
S20500410701B1
S205004108931E
S2050041090DA3
S20500410A05AA
S20500410B00AE
S20500410C139A
S20500410D07A5
S20500410E307B
S20500410F00AA
S2050041109316
S2050041110C9C
S2050041122087
S20500411300A6
S2050041141392
S205004115069E
S2050041161093
S20500411700A2
S2050041186F32
S205004119F0B0
S20500411A1F80
S20500411B9806
S20500411C930A
S20500411D0696
S20500411E900B
S20500411F009A
S2050041206336
S205004121DCBC
S205004122B6E1
S205004123098D
S2050041242372
S205004125286C
S205004126F1A2
S2050041270092
S20500412893FE
S205004129058B
S20500412AA0EF
S20500412B008E
S20500412C93FA
S20500412D0785
S20500412E0784
S20500412F0B7F
S2050041301376
S2050041318503
S2050041320D7A
S2050041330086
S2050041341372
S205004135077D
S2050041360182
S2050041370280
S205004138136E
S20500413984FC
S20500413A2C53
S20500413B007E
S20500413CB3CA
S20500413D8CF0
S20500413EE794
S20500413F007A
S205004140EF8A
S205004141E098
S205004142CFA8
S205004143F383
S205004144373E
S205004145076D
S2050041461063
S2050041470072
S20500414893DE
S2050041490B65
S20500414A0768
S20500414B214D
S20500414CB3BA
S20500414D86E6
S20500414EABC0
S20500414F006A
S2050041500366
S205004151C7A1
S2050041520661
S2050041530066
S2050041541352
S20500415585DF
S2050041560D56
S2050041570062
S20500415893CE
S205004159055B
S20500415AA0BF
S20500415B005E
S20500415C233A
S20500415D88D4
S20500415EEC6F
S20500415FFA60
S205004160EF6A
S205004161E078
S2050041620F48
S205004163FA5C
S20500416483D2
S205004165272D
S2050041660152
S2050041670151
S20500416893BE
S2050041690D43
S20500416A054A
S20500416B004E
S20500416C133A
S20500416D0745
S20500416E0447
S20500416F004A
S2050041706FDA
S205004171F058
S2050041729FA8
S205004173B690
S205004174370E
S2050041750440
S2050041761033
S2050041770042
S205004178132E
S205004179043C
S20500417A043B
S20500417B2618
S20500417C6FCE
S20500417DF04C
S20500417ECF6C
S20500417FD169
S20500418093A6
S2050041810731
S2050041821027
S2050041830036
S20500418463D2
S205004185DE56
S205004186A78C
S2050041870F23
S205004188131E
S2050041890D23
S20500418AFD32
S20500418BFF2F
S20500418C131A
S20500418D0626
S20500418E0D1E
S20500418F002A
S2050041901316
S20500419185A3
S2050041920423
S2050041930026
S2050041949392
S205004195051F
S2050041960023
S2050041970220
S205004198B36E
S205004199849C
S20500419AA47B
S20500419B011D
S20500419CEF2E
S20500419DE03C
S20500419EDF3C
S20500419F9B7F
S2050041A01306
S2050041A10D0B
S2050041A20017
S2050041A30016
S2050041A46FA6
S2050041A5F024
S2050041A64FC4
S2050041A7FD15
S2050041A8937E
S2050041A9E729
S2050041AA27E8
S2050041AB000E
S2050041AC13FA
S2050041AD8785
S2050041AE4BC0
S2050041AF000A
S2050041B013F6
S2050041B18C7C
S2050041B20CFB
S2050041B30006
S2050041B46F96
S2050041B5F014
S2050041B64FB4
S2050041B7CA38
S2050041B8B74A
S2050041B906FA
S2050041BA10EF
S2050041BB00FE
S2050041BC936A
S2050041BD8B71
S2050041BE06F5
S2050041BF21D9
S2050041C06F8A
S2050041C1F008
S2050041C29F58
S2050041C3B145
S2050041C4B73E
S2050041C505EF
S2050041C610E3
S2050041C700F2
S2050041C813DE
S2050041C907E9
S2050041CA20CF
S2050041CB00EE
S2050041CC935A
S2050041CD0CE0
S2050041CE10DB
S2050041CF00EA
S2050041D013D6
S2050041D106E2
S2050041D200E7
S2050041D300E6
S2050041D49352
S2050041D58B59
S2050041D605DE
S2050041D721C1
S2050041D86F72
S2050041D9F0F0
S2050041DA1FC0
S2050041DB8C52
S2050041DC37A6
S2050041DD06D6
S2050041DE10CB
S2050041DF00DA
S2050041E09346
S2050041E10BCD
S2050041E206D1
S2050041E321B5
S2050041E46F66
S2050041E5F0E4
S2050041E65F74
S2050041E7973B
S2050041E8379A
S2050041E907C9
S2050041EA10BF
S2050041EB00CE
S2050041EC933A
S2050041ED0BC1
S2050041EE07C4
S2050041EF21A9
S2050041F06F5A
S2050041F1F0D8
S2050041F29F28
S2050041F3A224
S2050041F49332
S2050041F507BD
S2050041F6B013
S2050041F702C0
S2050041F813AE
S2050041F90DB3
S2050041FAFDC2
S2050041FBFFBF
S2050041FC239A
S2050041FD2894
S2050041FEF1CA
S2050041FF00BA
S2050042006F49
S205004201F0C7
S2050042020FA7
S205004203E1D4
S20500420413A1
S2050042058C27
S2050042060CA6
S20500420700B1
S2050042086F41
S205004209F0BF
S20500420ACFDF
S20500420BFFAE
S20500420C9319
S20500420DE7C4
S20500420E07A3
S20500420F04A5
S2050042101395
S2050042118C1B
S2050042120C9A
S20500421300A5
S2050042141391
S205004215069D
S20500421600A2
S20500421701A0
S2050042186F31
S205004219F0AF
S20500421A4F4F
S20500421BBAE3
S20500421C9309
S20500421DFC9F
S20500421E0793
S20500421F0198
S2050042206335
S2050042218A0D
S2050042220C8A
S205004223D4C1
S2050042249301
S2050042250C87
S2050042260092
S2050042270091
S2050042286F21
S205004229F09F
S20500422A0F7F
S20500422BD2BB
S20500422CA3E9
S20500422D800B
S20500422E0783
S20500422F0089
S20500423093F5
S205004231F790
S2050042320C7A
S2050042330283
S2050042346321
S2050042358CF7
S205004236077B
S2050042370A77
S20500423883FD
S2050042394738
S20500423A017D
S20500423B037A
S20500423C6319
S20500423D88F3
S20500423E0773
S20500423F2059
S2050042401365
S2050042410671
S2050042420175
S2050042430372
S2050042441361
S205004245086B
S205004246066C
S2050042470071
S205004248135D
S2050042490768
S20500424AE08E
S20500424B026B
S20500424C93D9
S20500424D0566
S20500424E501A
S20500424F0663
S20500425093D5
S2050042510661
S2050042525016
S2050042530461
S2050042546301
S2050042558AD9
S205004256E77B
S205004257E47D
S20500425863FD
S20500425986D9
S20500425AB7A7
S20500425B0459
S20500425C63F9
S20500425D84D7
S20500425ED783
S20500425F0455
S20500426083D5
S2050042614710
S205004262183E
S2050042630055
S2050042641341
S205004265084B
S205004266183A
S2050042670051
S205004268E36D
S20500426996B9
S20500426A0747
S20500426BFE4F
S20500426C93B9
S20500426D0744
S20500426EE06A
S20500426F0247
S2050042702325
S2050042710047
S205004272F84E
S2050042730045
S20500427483C1
S20500427547FC
S2050042760141
S205004277033E
S205004278A39D
S205004279003F
S20500427A0836
S20500427B003D
S20500427C6FCD
S20500427DF04B
S20500427E4FEB
S20500427FE257
S20500428083B5
S205004281A790
S2050042820B2B
S2050042830035
S20500428493A1
S20500428584AF
S205004286141E
S2050042870031
S205004288939D
S2050042898BA4
S20500428A0C22
S20500428B002D
S20500428CA389
S20500428D8F9C
S20500428EF436
S20500428FFE2B
S20500429083A5
S20500429147E0
S2050042921C0A
S2050042930025
S20500429463C1
S2050042959093
S205004296071B
S205004297928F
S2050042986FB1
S205004299F02F
S20500429A4FCF
S20500429B938A
S20500429C1309
S20500429D0D0E
S20500429EFD1D
S20500429FFF1A
S2050042A06FA9
S2050042A1F027
S2050042A24FC7
S2050042A3C253
S2050042A40311
S2050042A547CC
S2050042A6080A
S2050042A70011
S2050042A8937D
S2050042A90609
S2050042AA0806
S2050042AB10FD
S2050042AC9379
S2050042AD0704
S2050042AE0802
S2050042AF0009
S2050042B063A5
S2050042B116F1
S2050042B207FF
S2050042B30005
S2050042B46F95
S2050042B50003
S2050042B60002
S2050042B703FE
S2050042B8639D
S2050042B98877
S2050042BAD727
S2050042BB00FD
S2050042BC03F9
S2050042BDC734
S2050042BE17E3
S2050042BF00F9
S2050042C09365
S2050042C18770
S2050042C217DF
S2050042C300F5
S2050042C4E311
S2050042C51AD9
S2050042C607EB
S2050042C7FEF3
S2050042C833BD
S2050042C98669
S2050042CA07E7
S2050042CB41AC
S2050042CC6389
S2050042CD5C8F
S2050042CEC02A
S2050042CF00E9
S2050042D09355
S2050042D105E2
S2050042D218CE
S2050042D300E5
S2050042D413D1
S2050042D505DE
S2050042D628BA
S2050042D700E1
S2050042D823BD
S2050042D92CB3
S2050042DA01DD
S2050042DB01DC
S2050042DCEFED
S2050042DDE0FB
S2050042DE0FCB
S2050042DFF7E2
S2050042E003D5
S2050042E128AF
S2050042E28155
S2050042E301D4
S2050042E49341
S2050042E507CC
S2050042E6E0F2
S2050042E702CF
S2050042E823AD
S2050042E900CF
S2050042EAF8D6
S2050042EB00CD
S2050042EC8349
S2050042ED4784
S2050042EE01C9
S2050042EF03C6
S2050042F06F59
S2050042F1F0D7
S2050042F20FB7
S2050042F3DBEA
S2050042F413B1
S2050042F50DB6
S2050042F60DB5
S2050042F7F0D1
S2050042F813AD
S2050042F904BB
S2050042FA00BE
S2050042FB10AD
S2050042FC6F4D
S2050042FDF0CB
S2050042FE0FAB
S2050042FFDDDC
S205004300B700
S20500430107AF
S20500430200B5
S2050043038034
S2050043043380
S205004305C4EE
S205004306872A
S20500430700B0
S205004308931C
S20500430907A7
S20500430AD0DD
S20500430B02AA
S20500430C1398
S20500430D0D9D
S20500430EFDAC
S20500430FFFA9
S2050043102384
S205004311287E
S205004312F1B4
S20500431300A4
S2050043146F34
S205004315F0B2
S205004316CFD2
S205004317CFD1
S205004318930C
S205004319049A
S20500431A0598
S20500431B009C
S20500431C6F2C
S20500431DF0AA
S20500431E9FFA
S20500431FA2F6
S2050043208314
S205004321474F
S2050043221C79
S2050043230094
S2050043246330
S205004325840E
S205004326078A
S2050043270090
S2050043286F20
S205004329F09E
S20500432ACFBE
S20500432B8804
S20500432C6F1C
S20500432DF09A
S20500432E0F7A
S20500432F8AFE
S20500433093F4
S205004331077F
S2050043320085
S2050043330282
S2050043342360
S205004335265C
S2050043360180
S2050043370080
S205004338235C
S2050043392A54
S20500433AF18C
S20500433B007C
S20500433C6F0C
S20500433DF08A
S20500433E4F2A
S20500433FC9AF
S205004340A3D4
S20500434180F6
S205004342E78E
S2050043430074
S2050043440370
S205004345C7AB
S205004346F67B
S205004347FF71
S205004348234C
S20500434980EE
S20500434AA7C6
S20500434B006C
S20500434C93D8
S20500434D87E3
S20500434E2742
S20500434F0068
S2050043506304
S2050043511E48
S205004352075E
S205004353D094
S2050043546FF4
S205004355F072
S2050043568FD2
S205004357D38D
S20500435883DC
S2050043594717
S20500435A1C41
S20500435B005C
S20500435C93C8
S20500435D8BCF
S20500435E0C4D
S20500435F0058
S20500436093C4
S2050043610452
S2050043620550
S2050043630054
S20500436463F0
S20500436584CE
S205004366074A
S2050043670050
S2050043686FE0
S205004369F05E
S20500436ACF7E
S20500436B84C8
S20500436C6FDC
S20500436DF05A
S20500436E0F3A
S20500436F86C2
S2050043701334
S2050043710D39
S205004372FD48
S205004373FF45
S2050043746FD4
S205004375F052
S2050043769FA2
S2050043779AA6
S205004378132C
S205004379043A
S20500437A003D
S20500437B003C
S20500437C6FCC
S20500437DF04A
S20500437E0F2A
S20500437FD563
S20500438083B4
S205004381270F
S2050043820134
S2050043830133
S20500438463D0
S2050043858EA4
S205004386072A
S205004387042C
S205004388230C
S20500438980AE
S20500438AF439
S20500438B002C
S20500438C9398
S20500438DFC2E
S20500438E0C1D
S20500438F0127
S2050043909394
S20500439184A2
S2050043921411
S2050043930024
S20500439463C0
S2050043959290
S2050043960C15
S205004397041C
S205004398130C
S2050043990D11
S20500439AED30
S20500439BFF1D
S20500439C6FAC
S20500439DF02A
S20500439E8F8A
S20500439FD840
S2050043A01304
S2050043A1070F
S2050043A20015
S2050043A30311
S2050043A423F0
S2050043A58092
S2050043A6E72A
S2050043A70010
S2050043A8E32C
S2050043A9828C
S2050043AA0D00
S2050043ABE824
S2050043AC13F8
S2050043AD8783
S2050043AE27E2
S2050043AF0008
S2050043B09374
S2050043B10600
S2050043B2E025
S2050043B30202
S2050043B4A360
S2050043B58082
S2050043B6D72A
S2050043B70000
S2050043B813EC
S2050043B905F9
S2050043BA07F6
S2050043BB00FC
S2050043BC13E8
S2050043BD8674
S2050043BE0DEC
S2050043BF00F8
S2050043C09364
S2050043C105F1
S2050043C200F5
S2050043C303F1
S2050043C4EF04
S2050043C5E012
S2050043C64FA2
S2050043C7F9F7
S2050043C833BC
S2050043C907E7
S2050043CAB538
S2050043CB01EB
S2050043CC23C8
S2050043CD00EA
S2050043CE07E2
S2050043CF00E8
S2050043D08364
S2050043D1479F
S2050043D201E4
S2050043D303E1
S2050043D46F74
S2050043D5F0F2
S2050043D6CF12
S2050043D7CC14
S2050043D813CC
S2050043D90DD1
S2050043DAFDE0
S2050043DBFFDD
S2050043DC6F6C
S2050043DDF0EA
S2050043DE8F4A
S2050043DFD404
S2050043E013C4
S2050043E10DC9
S2050043E2EDE8
S2050043E3FFD5
S2050043E46370
S2050043E54290
S2050043E68051
S2050043E7D4FC
S2050043E86F60
S2050043E9F0DE
S2050043EACFFE
S2050043EBD6F6
S2050043EC9338
S2050043ED06C4
S2050043EE00C9
S2050043EF03C5
S2050043F023A4
S2050043F18046
S2050043F2D7EE
S2050043F300C4
S2050043F49330
S2050043F506BC
S2050043F6E0E1
S2050043F702BE
S2050043F8A31C
S2050043F9803E
S2050043FAD7E6
S2050043FB00BC
S2050043FC3388
S2050043FD04B6
S2050043FEB009
S2050043FF4078
S2050044009323
S205004401872E
S205004402278D
S20500440300B3
S205004404634F
S205004405842D
S20500440605AB
S20500440702AD
S205004408139B
S2050044098528
S20500440A07A5
S20500440B00AB
S20500440C1397
S20500440D06A3
S20500440E04A4
S20500440F00A7
S2050044109313
S20500441105A0
S20500441200A4
S20500441303A0
S205004414237F
S2050044152E73
S205004416E1BF
S205004417009F
S205004418237B
S2050044192C71
S20500441A019B
S20500441B019A
S20500441CEFAB
S20500441DE0B9
S20500441ECFC9
S20500441FF3A4
S2050044200393
S205004421276E
S205004422C1D3
S2050044230192
S205004424038F
S2050044252869
S205004426810F
S205004427018E
S205004428B3DB
S2050044290786
S20500442A8507
S20500442B008B
S20500442C1377
S20500442D0881
S20500442E1870
S20500442F0087
S2050044302363
S2050044318005
S205004432E79D
S2050044330083
S205004434037F
S205004435473A
S2050044360878
S205004437007F
S20500443893EB
S20500443987F6
S20500443A1765
S20500443B007B
S20500443CE397
S20500443D1861
S20500443E0771
S20500443FFE79
S2050044406F07
S205004441F085
S205004442CFA5
S205004443C4AF
S20500444493DF
S205004445046D
S205004446056B
S205004447006F
S2050044486FFF
S205004449F07D
S20500444A9FCD
S20500444BA5C6
S20500444C1357
S20500444D0861
S20500444E0167
S20500444F0364
S2050044506FF7
S205004451F075
S205004452DF85
S205004453E182
S205004454134F
S2050044550160
S205004456015F
S205004457BCA3
S205004458134B
S205004459035A
S20500445A411B
S20500445B4219
S20500445C2337
S20500445D2A2F
S20500445E91C7
S20500445F4017
S20500446093C3
S2050044610451
S2050044620153
S2050044630152
S205004464232F
S205004465222F
S205004466B19F
S205004467420D
S205004468232B
S2050044692429
S20500446AC18B
S20500446B4209
S20500446C93B7
S20500446D0544
S20500446E0543
S20500446F0047
S2050044701333
S205004471063F
S2050044720341
S2050044730043
S205004474132F
S20500447585BC
S205004476043C
S205004477003F
S205004478231B
S2050044792E0F
S20500447A112B
S20500447B40FB
S20500447C2317
S20500447D2613
S20500447ED167
S20500447F42F5
S2050044802313
S205004481280D
S205004482E153
S20500448342F1
S205004484230F
S2050044852A07
S205004486F13F
S20500448742ED
S205004488230B
S2050044892C01
S20500448A012B
S20500448B43E8
S20500448C2307
S20500448D2EFB
S20500448E1117
S20500448F43E4
S2050044902303
S20500449126FF
S20500449261C3
S2050044930023
S205004494EF33
S205004495E041
S2050044969F81
S205004497EB34
S205004498031B
S20500449945D8
S20500449A011B
S20500449B011A
S20500449C63B7
S20500449D0E0B
S20500449E0513
S20500449F0215
S2050044A023F3
S2050044A12CE9
S2050044A28193
S2050044A340D3
S2050044A413FF
S2050044A5848D
S2050044A6040C
S2050044A7000F
S2050044A8EF1F
S2050044A9E02D
S2050044AA1FED
S2050044AB9A71
S2050044AC0307
S2050044AD45C4
S2050044AE14F4
S2050044AF0007
S2050044B09373
S2050044B107FE
S2050044B20400
S2050044B30003
S2050044B413EF
S2050044B504FD
S2050044B614EC
S2050044B700FF
S2050044B8E31B
S2050044B918E5
S2050044BA05F7
S2050044BBFEFD
S2050044BC03F7
S2050044BD24D5
S2050044BE8177
S2050044BF41B6
S2050044C08373
S2050044C120D5
S2050044C2C133
S2050044C341B2
S2050044C433BF
S2050044C5856C
S2050044C69759
S2050044C740AF
S2050044C813DB
S2050044C905E8
S2050044CA15D7
S2050044CB00EB
S2050044CC8367
S2050044CD24C5
S2050044CE41A7
S2050044CF41A6
S2050044D013D3
S2050044D101E4
S2050044D201E3
S2050044D3449F
S2050044D4677B
S2050044D58061
S2050044D600E0
S2050044D700DF
S2050044D8835B
S2050044D920BD
S2050044DAC11B
S2050044DB419A
S2050044DC8357
S2050044DD24B5
S2050044DE4197
S2050044DF4196
S2050044E013C3
S2050044E105D0
S2050044E200D4
S2050044E300D3
S2050044E413BF
S2050044E501D0
S2050044E601CF
S2050044E7448B
S2050044E86767
S2050044E9804D
S2050044EA00CC
S2050044EB00CB
S2050044EC13B7
S2050044ED01C8
S2050044EE01C7
S2050044EFF9CE
S2050044F023A3
S2050044F124A1
S2050044F28143
S2050044F306BD
S2050044F4239F
S2050044F5229F
S2050044F6912F
S2050044F706B9
S2050044F8239B
S2050044F9209D
S2050044FA219B
S2050044FB07B4
S2050044FC2397
S2050044FD2E8B
S2050044FE3187
S2050044FF05B2
S2050045002392
S2050045012C88
S2050045024172
S20500450305AD
S205004504238E
S205004505268A
S205004506119E
S20500450706A8
S205004508238A
S2050045092A82
S20500450A515A
S20500450B05A5
S20500450C2386
S20500450D2880
S20500450E6146
S20500450F05A1
S2050045102382
S205004511267E
S2050045127132
S205004513059D
S205004514237E
S205004515227E
S205004516910E
S2050045170599
S205004518237A
S2050045192E6E
S20500451AB1EA
S20500451B0397
S20500451C9306
S20500451D0890
S20500451EE0B7
S20500451F0492
S2050045202372
S2050045212E66
S2050045220192
S2050045230191
S20500452493FE
S2050045250987
S205004526058A
S205004527008E
S205004528137A
S2050045298408
S20500452A0586
S20500452B008A
S20500452C1376
S20500452D8AFE
S20500452E0681
S20500452F0086
S20500453093F2
S2050045310480
S205004532077C
S2050045330082
S205004534136E
S20500453589F7
S2050045360778
S205004537007E
S205004538631A
S205004539DCA0
S20500453AC8B3
S20500453B1A60
S20500453C93E6
S20500453D0771
S20500453EE097
S20500453F0472
S2050045402352
S2050045412C48
S205004542F182
S2050045430072
S205004544135E
S20500454585EB
S2050045460966
S205004547006E
S20500454893DA
S2050045490567
S20500454A0467
S20500454B006A
S20500454C1356
S20500454D0662
S20500454E0067
S20500454F0066
S20500455093D2
S205004551065E
S2050045520063
S2050045530062
S205004554EF72
S205004555D090
S2050045560F50
S2050045578ED0
S205004558134A
S2050045590755
S20500455A005B
S20500455B005A
S20500455C63F6
S20500455D5800
S20500455E0552
S20500455F0056
S205004560B79E
S205004561074D
S2050045620053
S20500456380D2
S205004564331E
S205004565C48C
S20500456687C8
S205004567004E
S205004568133A
S2050045690745
S20500456A103B
S20500456B004A
S20500456C93B6
S20500456D0543
S20500456E0443
S20500456F0046
S2050045702322
S205004571A0A4
S205004572E45F
S2050045730042
S205004574132E
S205004575063A
S205004576013E
S205004577023C
S205004578132A
S20500457985B7
S20500457A0932
S20500457B003A
S20500457CEF4A
S20500457DB088
S20500457E5FD8
S20500457FBC7A
S2050045800332
S2050045812B09
S2050045820132
S2050045830230
S20500458483AE
S2050045852B05
S20500458641EE
S205004587022C
S205004588939A
S20500458984A8
S20500458A0526
S20500458B002A
S20500458C1316
S20500458D0424
S20500458E0522
S20500458F0026
S2050045901312
S205004591061E
S2050045920023
S2050045930022
S205004594938E
S205004595061A
S205004596001F
S205004597001E
S205004598130A
S2050045990517
S20500459A0B10
S20500459B001A
S20500459C9386
S20500459D8593
S20500459E0B0C
S20500459F0016
S2050045A0EF26
S2050045A1C054
S2050045A29F74
S2050045A3F022
S2050045A463AE
S2050045A50C04
S2050045A6050A
S2050045A72CE2
S2050045A8B756
S2050045A90C00
S2050045AA10FB
S2050045AB000A
S2050045AC8386
S2050045ADA761
S2050045AE0CFB
S2050045AF47BF
S2050045B00302
S2050045B1A85C
S2050045B24CB7
S2050045B347BB
S2050045B4B74A
S2050045B506FA
S2050045B610EF
S2050045B700FE
S2050045B823DA
S2050045B920DC
S2050045BAF10A
S2050045BB00FA
S2050045BC8376
S2050045BDA751
S2050045BE8671
S2050045BF47AF
S2050045C023D2
S2050045C122D2
S2050045C201F2
S2050045C301F1
S2050045C403EE
S2050045C5A848
S2050045C6C629
S2050045C747A7
S2050045C823CA
S2050045C924C8
S2050045CAF1FA
S2050045CB00EA
S2050045CC9356
S2050045CD07E1
S2050045CE09DE
S2050045CF05E1
S2050045D023C2
S2050045D124C0
S2050045D28162
S2050045D305DD
S2050045D423BE
S2050045D520C0
S2050045D6A13E
S2050045D705D9
S2050045D823BA
S2050045D926B6
S2050045DA01DA
S2050045DB01D9
S2050045DC23B6
S2050045DD2AAE
S2050045DEF1E6
S2050045DF00D6
S2050045E09342
S2050045E18D47
S2050045E207CC
S2050045E300D2
S2050045E4933E
S2050045E50CC4
S2050045E600CF
S2050045E705C9
S2050045E803CA
S2050045E926A6
S2050045EA01CA
S2050045EB00CA
S2050045EC8346
S2050045ED26A2
S2050045EE4186
S2050045EF00C6
S2050045F013B2
S2050045F105BF
S2050045F20BB8
S2050045F300C2
S2050045F4932E
S2050045F5853B
S2050045F60BB4
S2050045F700BE
S2050045F8EFCE
S2050045F9C0FC
S2050045FA8F2C
S2050045FBE0DA
S2050045FC13A6
S2050045FD06B2
S2050045FE01B6
S2050045FF02B4
S205004600EFC5
S205004601B003
S2050046021F93
S205004603B4FD
S20500460403AD
S2050046052689
S205004606812D
S20500460700AD
S2050046088329
S2050046092685
S20500460AC1E9
S20500460B00A9
S20500460C2385
S20500460D2483
S20500460EA105
S20500460F02A3
S2050046102381
S205004611267D
S205004612B1F1
S205004613029F
S205004614EFB1
S205004615B0EF
S2050046165F3F
S205004617D2CB
S2050046180399
S2050046192675
S20500461A0199
S20500461B0099
S20500461C8315
S20500461D2671
S20500461E4155
S20500461F0095
S2050046201381
S2050046218C07
S2050046220D85
S2050046230091
S20500462493FD
S2050046258D02
S205004626FD91
S205004627FF8E
S205004628EF9D
S205004629D0BB
S20500462A4F3B
S20500462B91F8
S20500462CEF99
S20500462DE0A7
S20500462E8FF7
S20500462F9AEB
S2050046300381
S2050046312B58
S2050046320181
S205004633027F
S20500463483FD
S2050046352B54
S205004636413D
S205004637027B
S2050046381369
S2050046390576
S20500463A0575
S20500463B0376
S20500463CB3C5
S20500463D89EE
S20500463EBCBA
S20500463F4134
S2050046402351
S20500464180F3
S205004642ADC5
S2050046430071
S205004644135D
S2050046450669
S205004646006E
S205004647006D
S20500464893D9
S2050046490665
S20500464A006A
S20500464B0069
S20500464C1355
S20500464D0562
S20500464E0B5B
S20500464F0065
S20500465093D1
S20500465185DE
S2050046520B57
S2050046530061
S205004654134D
S2050046558DD2
S2050046560D51
S205004657005D
S20500465893C9
S2050046590A51
S20500465A0951
S20500465B0059
S20500465CB3A5
S20500465D89CE
S20500465E292D
S20500465F0154
S205004660EF65
S205004661C093
S2050046629FB3
S205004663E46D
S205004664E36D
S205004665123D
S2050046660549
S205004667F855
S20500466883C9
S2050046692724
S20500466A4109
S20500466B0148
S20500466C63E5
S20500466DFE49
S20500466EFD49
S20500466F360F
S205004670B391
S205004671073C
S205004672B989
S2050046734100
S20500467493AD
S20500467586B9
S205004676F747
S2050046770439
S2050046781329
S2050046790734
S20500467A60DA
S20500467B0039
S20500467C63D5
S20500467D74C3
S20500467ED75F
S20500467F082D
S2050046803301
S20500468167CC
S205004682B979
S2050046830130
S205004684131D
S20500468577B8
S20500468637F7
S205004687002D
S20500468863C9
S2050046891E0D
S20500468A0723
S20500468B0623
S20500468C33F5
S20500468D0C1B
S20500468E899D
S20500468F41E4
S2050046901311
S2050046913CE7
S2050046923CE6
S2050046930021
S20500469463BD
S2050046951807
S2050046960C12
S2050046970617
S2050046989389
S2050046998794
S20500469A0713
S20500469B0514
S20500469C1305
S20500469DF621
S20500469EC74F
S20500469FFF16
S2050046A0B361
S2050046A1060D
S2050046A2B65C
S2050046A30110
S2050046A4030D
S2050046A527E8
S2050046A60D01
S2050046A7000D
S2050046A813F9
S2050046A90DFE
S2050046AA4DBD
S2050046AB0009
S2050046AC9375
S2050046AD8A7D
S2050046AE4ABC
S2050046AF0005
S2050046B023E1
S2050046B1AE55
S2050046B2EA18
S2050046B3FE03
S2050046B4E31D
S2050046B59867
S2050046B6A658
S2050046B7FFFE
S2050046B833C9
S2050046B907F4
S2050046BAC931
S2050046BB00F9
S2050046BC6395
S2050046BD04F3
S2050046BEF600
S2050046BF06EF
S2050046C08371
S2050046C1C52E
S2050046C206EC
S2050046C300F1
S2050046C403ED
S2050046C525CA
S2050046C641AD
S2050046C701EC
S2050046C813D9
S2050046C98665
S2050046CA16D4
S2050046CB00E9
S2050046CC23C5
S2050046CD00E7
S2050046CEB72F
S2050046CF00E5
S2050046D06381
S2050046D17A69
S2050046D2A63C
S2050046D304DD
S2050046D4835D
S2050046D5C51A
S2050046D616C8
S2050046D700DD
S2050046D813C9
S2050046D98655
S2050046DA26B4
S2050046DB00D9
S2050046DCA335
S2050046DD00D7
S2050046DEB71F
S2050046DF00D5
S2050046E06371
S2050046E17261
S2050046E2A62C
S2050046E304CD
S2050046E4834D
S2050046E5C609
S2050046E626A8
S2050046E700CD
S2050046E823A9
S2050046E901CA
S2050046EAD7F3
S2050046EB00C9
S2050046EC6F59
S2050046ED00C7
S2050046EE8046
S2050046EF03C2
S2050046F09331
S2050046F1467D
S2050046F2F6CC
S2050046F3FFC2
S2050046F4932D
S2050046F5D6E9
S2050046F6F6C8
S2050046F7417C
S2050046F8B309
S2050046F97744
S2050046FAD6E4
S2050046FB00B9
S2050046FC2395
S2050046FD2C8B
S2050046FEF1C5
S2050046FF00B5
S2050047006F44
S205004701F0C2
S2050047025F52
S205004703E4CC
S205004704139C
S20500470507A7
S20500470609A4
S20500470700AC
S2050047088328
S205004709C6E4
S20500470A0D9C
S20500470B00A8
S20500470C9314
S20500470D8D19
S20500470E1D88
S20500470F00A4
S2050047101390
S205004711079B
S205004712178A
S20500471300A0
S205004714A3FC
S2050047150F8F
S205004716D7C6
S205004717FE9E
S2050047188318
S2050047192674
S20500471A4158
S20500471B0197
S20500471CE3B4
S20500471D9600
S20500471EB6DF
S20500471FFF95
S2050047209300
S205004721870B
S205004722078A
S205004723058B
S205004724038C
S2050047252C62
S205004726810C
S2050047270488
S2050047280388
S2050047292D5D
S20500472A0188
S20500472B0484
S20500472CB3D4
S20500472D0A7C
S20500472EF98C
S20500472F0084
S2050047308300
S205004731275B
S2050047328100
S205004733017F
S205004734B3CC
S2050047350D71
S205004736F984
S205004737007C
S20500473883F8
S2050047392753
S20500473AC1B8
S20500473B0177
S20500473C6314
S20500473D94E2
S20500473E076E
S20500473F0074
S205004740B3C0
S2050047418DE5
S2050047423D34
S205004743016F
S205004744234C
S205004745204E
S2050047463A33
S205004747016B
S2050047486308
S205004749E684
S20500474A2D3C
S20500474B1F49
S20500474C93D4
S20500474D095D
S20500474E095C
S20500474F055F
S2050047506300
S205004751EE74
S2050047525D04
S205004753055B
S205004754B7A8
S2050047550C52
S205004756104D
S205004757005C
S20500475863F8
S205004759FA60
S20500475A3A1F
S20500475B0553
S20500475C0354
S20500475DABAB
S20500475E0C49
S20500475F470D
S20500476083D0
S205004761ABA7
S2050047624C05
S2050047634709
S2050047646FE0
S205004765004E
S20500476680CD
S205004767004C
S20500476863E8
S2050047698AC0
S20500476A59F0
S20500476B1D2B
S20500476C93B4
S20500476D86C0
S20500476E0B3A
S20500476F0044
S2050047701330
S205004771053D
S205004772043D
S2050047730040
S20500477493AC
S20500477585B9
S2050047760439
S205004777003C
S2050047781328
S2050047790634
S20500477A0B2E
S20500477B0038
S20500477CEF48
S20500477DC076
S20500477E1F16
S20500477FFC38
S2050047801320
S205004781062C
S20500478281B0
S205004783022E
S205004784EF40
S205004785B07E
S205004786DF4E
S2050047879B91
S2050047881318
S2050047890426
S20500478A0524
S20500478B0028
S20500478C9394
S20500478D84A2
S20500478E0520
S20500478F0024
S2050047900320
S20500479125FD
S20500479281A0
S205004793021E
S205004794839C
S20500479525F9
S205004796C15C
S205004797021A
S2050047989388
S2050047998A90
S20500479A1AFF
S20500479B0018
S20500479CEF28
S20500479DE036
S20500479E8F86
S20500479F8391
S2050047A01300
S2050047A1050D
S2050047A2050C
S2050047A3030D
S2050047A4A36C
S2050047A58F7F
S2050047A6AA63
S2050047A7FE0E
S2050047A8E328
S2050047A9F01A
S2050047AA5DAC
S2050047ABFD0B
S2050047AC63A4
S2050047ADF80E
S2050047AE3DC8
S2050047AF19EB
S2050047B08380
S2050047B1C73B
S2050047B20DF4
S2050047B30000
S2050047B413EC
S2050047B507F7
S2050047B6906D
S2050047B703F9
S2050047B89368
S2050047B98773
S2050047BA57A2
S2050047BB00F8
S2050047BC9364
S2050047BDF7FF
S2050047BEF7FE
S2050047BF0FE5
S2050047C023D0
S2050047C18072
S2050047C2FDF4
S2050047C300F0
S2050047C4638C
S2050047C57E70
S2050047C6F7F6
S2050047C706E6
S2050047C88368
S2050047C927C3
S2050047CAC128
S2050047CB01E7
S2050047CC6384
S2050047CD9254
S2050047CE07DE
S2050047CF18CC
S2050047D09350
S2050047D1875B
S2050047D20DD4
S2050047D300E0
S2050047D413CC
S2050047D506D8
S2050047D600DD
S2050047D703D9
S2050047D89348
S2050047D905D5
S2050047DA9049
S2050047DB03D5
S2050047DC23B4
S2050047DD8056
S2050047DEC70E
S2050047DF00D4
S2050047E06370
S2050047E1646E
S2050047E2F9D8
S2050047E31CB4
S2050047E413BC
S2050047E507C7
S2050047E610BD
S2050047E703C9
S2050047E823A8
S2050047E9804A
S2050047EAE7E2
S2050047EB00C8
S2050047EC03C4
S2050047ED279F
S2050047EE0ABB
S2050047EF00C4
S2050047F013B0
S2050047F107BB
S2050047F217AA
S2050047F300C0
S2050047F4239C
S2050047F5209E
S2050047F6EAD3
S2050047F700BC
S2050047F86358
S2050047F97446
S2050047FAB900
S2050047FB01B7
S2050047FC2394
S2050047FD8036
S2050047FECDE8
S2050047FF00B4
S205004800832F
S205004801C6EB
S20500480207A9
S20500480300AF
S205004804139B
S20500480507A6
S205004806901C
S20500480703A8
S2050048089317
S2050048098D1C
S20500480A1D8B
S20500480B00A7
S20500480C6343
S20500480D7A2B
S20500480ED7CD
S20500480F02A1
S205004810138F
S205004811069B
S2050048121090
S205004813039C
S205004814930B
S2050048150598
S205004816009C
S2050048170398
S2050048189307
S2050048190693
S20500481A9008
S20500481B0394
S20500481C2373
S20500481D8015
S20500481EC7CD
S20500481F0093
S205004820038F
S205004821276A
S2050048220A86
S205004823008F
S205004824137B
S2050048250786
S2050048261775
S205004827008B
S2050048282367
S2050048292069
S20500482AEA9E
S20500482B0087
S20500482C6323
S20500482D7411
S20500482EB9CB
S20500482F0182
S205004830235F
S2050048318001
S205004832BDC3
S205004833007F
S205004834037B
S205004835C7B6
S2050048360775
S205004837007B
S20500483893E7
S2050048398DEC
S20500483A1D5B
S20500483B0077
S20500483CE393
S20500483DE095
S20500483EE68E
S20500483FFE75
S205004840234F
S20500484180F1
S2050048420D63
S205004843006F
S20500484483EB
S205004845204D
S205004846C1AB
S2050048470665
S2050048480367
S2050048492445
S20500484A81E7
S20500484B0661
S20500484C83E3
S20500484D2441
S20500484E4123
S20500484F065D
S20500485083DF
S2050048512938
S205004852C19F
S205004853055A
S205004854035B
S2050048552A33
S20500485681DB
S2050048570556
S20500485883D7
S2050048592A2F
S20500485A4117
S20500485B0552
S20500485C0353
S20500485D2B2A
S20500485E0153
S20500485F054E
S20500486083CF
S2050048612B26
S205004862C18F
S205004863044B
S20500486483CB
S2050048652C21
S205004866410B
S2050048670447
S20500486883C7
S2050048692D1C
S20500486AC187
S20500486B0344
S20500486C1333
S20500486D0540
S20500486E093B
S20500486F0043
S205004870033F
S2050048712918
S205004872013F
S2050048730639
S205004874132B
S205004875013C
S205004876013B
S2050048770734
S20500487867D3
S20500487980B9
S20500487A0038
S20500487B0037
S20500487C1323
S20500487D0530
S20500487E0430
S20500487F0033
S205004880939F
S20500488185AC
S205004882042C
S205004883002F
S205004884131B
S2050048850627
S205004886002C
S205004887002B
S2050048889397
S2050048890623
S20500488A0028
S20500488B0027
S20500488CEF37
S20500488DC065
S20500488E9F85
S20500488FCA59
S20500489063BF
S2050048915AC7
S205004892A080
S2050048930A15
S205004894B767
S2050048950C11
S205004896100C
S205004897001B
S2050048980317
S205004899A673
S20500489A0C0C
S20500489B47D0
S20500489C8393
S20500489DA66F
S20500489E4CC8
S20500489F47CC
S2050048A013FF
S2050048A1050C
S2050048A2040C
S2050048A3000F
S2050048A4937B
S2050048A58588
S2050048A60408
S2050048A7000B
S2050048A823E7
S2050048A920E9
S2050048AAA167
S2050048AB0502
S2050048ACEF17
S2050048ADC045
S2050048AE1FE5
S2050048AFE91A
S2050048B0B74B
S2050048B107FA
S2050048B210F0
S2050048B300FF
S2050048B403FB
S2050048B5AB52
S2050048B607F5
S2050048B748B3
S2050048B88377
S2050048B9AB4E
S2050048BA47B1
S2050048BB48AF
S2050048BC13E3
S2050048BD0DE8
S2050048BE05EF
S2050048BF00F3
S2050048C013DF
S2050048C106EB
S2050048C20BE5
S2050048C300EF
S2050048C4935B
S2050048C58667
S2050048C60BE1
S2050048C700EB
S2050048C89357
S2050048C98A5F
S2050048CA05E3
S2050048CB00E7
S2050048CCEFF7
S2050048CDC025
S2050048CE9F45
S2050048CFD60D
S2050048D0934F
S2050048D109D8
S2050048D200E0
S2050048D300DF
S2050048D4637B
S2050048D5508D
S2050048D605D7
S2050048D712C9
S2050048D823B7
S2050048D924B5
S2050048DA8157
S2050048DB05D2
S2050048DC03D3
S2050048DDAC29
S2050048DE0CC8
S2050048DF478C
S2050048E0834F
S2050048E1AC25
S2050048E24C84
S2050048E34788
S2050048E413BB
S2050048E505C8
S2050048E60DBF
S2050048E700CB
S2050048E89337
S2050048E98544
S2050048EA0ABE
S2050048EB00C7
S2050048EC13B3
S2050048ED06BF
S2050048EE0CB8
S2050048EF00C3
S2050048F0932F
S2050048F1863B
S2050048F20CB4
S2050048F300BF
S2050048F4EFCF
S2050048F5C0FD
S2050048F69F1D
S2050048F7E4D7
S2050048F813A7
S2050048F906B3
S2050048FA0BAD
S2050048FB00B7
S2050048FC9323
S2050048FD862F
S2050048FE0BA9
S2050048FF00B3
S205004900139E
S20500490104AC
S2050049020DA2
S20500490300AE
S205004904931A
S2050049058428
S2050049060AA1
S20500490700AA
S2050049089316
S205004909891F
S20500490AF9AE
S20500490BFFA7
S20500490C1392
S20500490D0D97
S20500490E059E
S20500490F00A2
S205004910930E
S2050049118A16
S205004912059A
S205004913009E
S205004914EFAE
S205004915C0DC
S2050049161F7C
S205004917D2C8
S205004918E3B6
S2050049194652
S20500491A0592
S20500491BFC9A
S20500491C2372
S20500491D2470
S20500491EA1F2
S20500491F038F
S205004920236E
S205004921266A
S205004922513E
S205004923038B
S205004924038A
S2050049252C60
S205004926810A
S2050049270486
S2050049280386
S2050049292D5B
S20500492A0186
S20500492B0482
S20500492C93F2
S20500492D0A7A
S20500492E097A
S20500492F0082
S2050049306F12
S205004931F090
S2050049321F60
S205004933E09E
S205004934235A
S205004935007C
S2050049360972
S205004937007A
S2050049386F0A
S205004939F088
S20500493ADF98
S20500493BF086
S20500493CA3D2
S20500493D076D
S20500493E096A
S20500493F046E
S2050049406F02
S205004941F080
S2050049425F10
S205004943F07E
S20500494493DA
S2050049450A62
S2050049460962
S205004947006A
S20500494893D6
S205004949095F
S20500494A0067
S20500494B0066
S20500494C6FF6
S20500494DF074
S20500494E5F04
S20500494FDE84
S20500495093CE
S20500495187D9
S2050049520D52
S205004953005E
S20500495493CA
S2050049550557
S205004956005B
S2050049570357
S2050049581346
S2050049590652
S20500495A90C7
S20500495B0353
S20500495C2332
S20500495D80D4
S20500495EB79C
S20500495F0052
S20500496063EE
S20500496164EC
S205004962F956
S2050049630648
S205004964133A
S2050049650745
S205004966103B
S2050049670347
S2050049682326
S20500496980C8
S20500496AE760
S20500496B0046
S20500496C0342
S20500496D271D
S20500496E0A39
S20500496F0042
S20500497093AE
S205004971053B
S20500497290AF
S205004973033B
S205004974132A
S2050049750636
S205004976102B
S2050049770337
S2050049781326
S2050049790731
S20500497A1720
S20500497B0036
S20500497C2312
S20500497D2014
S20500497EEA49
S20500497F0032
S205004980032E
S205004981C769
S2050049820728
S205004983002E
S205004984939A
S2050049850626
S205004986909B
S2050049870327
S205004988E346
S205004989FC2C
S20500498AE542
S20500498BEA3C
S20500498C2302
S20500498D80A4
S20500498EC75C
S20500498F0022
S205004990031E
S20500499127F9
S2050049920A15
S205004993001E
S205004994130A
S2050049950715
S2050049961704
S205004997001A
S20500499823F6
S20500499920F8
S20500499AEA2D
S20500499B0016
S20500499C0312
S20500499DC74D
S20500499E070C
S20500499F0012
S2050049A0E32E
S2050049A1E62A
S2050049A2E629
S2050049A3FE10
S2050049A46F9E
S2050049A5F01C
S2050049A6DF2C
S2050049A7E921
S2050049A80306
S2050049A9C741
S2050049AAF710
S2050049ABFF07
S2050049AC9372
S2050049AD867E
S2050049AEF70C
S2050049AFFF03
S2050049B013EE
S2050049B107F9
S2050049B217E8
S2050049B300FE
S2050049B413EA
S2050049B57785
S2050049B6F704
S2050049B70FEB
S2050049B8A356
S2050049B98F69
S2050049BAE710
S2050049BBFEF8
S2050049BCE312
S2050049BDF202
S2050049BEE50E
S2050049BFE80A
S2050049C0935E
S2050049C18769
S2050049C206E9
S2050049C300EE
S2050049C46F7E
S2050049C5F0FC
S2050049C69F4C
S2050049C7E109
S2050049C803E6
S2050049C9C721
S2050049CAF7F0
S2050049CBFFE7
S2050049CC9352
S2050049CD865E
S2050049CEF7EC
S2050049CFFFE3
S2050049D013CE
S2050049D107D9
S2050049D217C8
S2050049D300DE
S2050049D413CA
S2050049D57765
S2050049D6F7E4
S2050049D70FCB
S2050049D8A336
S2050049D98F49
S2050049DAE7F0
S2050049DBFED8
S2050049DCE3F2
S2050049DD7262
S2050049DEE6ED
S2050049DFE6EC
S2050049E0933E
S2050049E18749
S2050049E206C9
S2050049E300CE
S2050049E46F5E
S2050049E5F0DC
S2050049E69F2C
S2050049E7F7D3
S2050049E803C6
S2050049E92C9C
S2050049EA8146
S2050049EB04C2
S2050049EC03C2
S2050049ED2D97
S2050049EE01C2
S2050049EF04BE
S2050049F06F52
S2050049F1F0D0
S2050049F21FA0
S2050049F3D4EA
S2050049F4239A
S2050049F52498
S2050049F6A11A
S2050049F703B7
S2050049F82396
S2050049F92692
S2050049FA5166
S2050049FB03B3
S2050049FC03B2
S2050049FD2D87
S2050049FE01B2
S2050049FF04AE
S205004A00931D
S205004A010AA5
S205004A0209A5
S205004A0300AD
S205004A046F3D
S205004A05F0BB
S205004A06DFCB
S205004A07D2D7
S205004A081395
S205004A09089F
S205004A0A00A6
S205004A0B00A5
S205004A0C6F35
S205004A0DF0B3
S205004A0E1F83
S205004A0FAEF3
S20510000010DA
S2051000010FDA
S20510000200E8
S20510000300E7
S205100004BC2A
S2051000050DD8
S20510000600E4
S20510000700E3
S205100008687A
S2051000090DD4
S20510000A00E0
S20510000B00DF
S20510000CBC22
S20510000D0ECF
S20510000E00DC
S20510000F00DB
S2051000106872
S2051000110DCC
S20510001200D8
S20510001300D7
S205100014CC0A
S2051000150DC8
S20510001600D4
S20510001700D3
S205100018686A
S2051000190DC4
S20510001A00D0
S20510001B00CF
S20510001CBC12
S20510001D0EBF
S20510001E00CC
S20510001F00CB
S205100020BC0E
S2051000210DBC
S20510002200C8
S20510002300C7
S205100024BC0A
S2051000250DB8
S20510002600C4
S20510002700C3
S205100028CCF6
S2051000290DB4
S20510002A00C0
S20510002B00BF
S20510002CBC02
S20510002D0EAF
S20510002E00BC
S20510002F00BB
S2051000304872
S2051000310EAB
S20510003200B8
S20510003300B7
S205100034486E
S2051000350EA7
S20510003600B4
S20510003700B3
S205100038486A
S2051000390EA3
S20510003A00B0
S20510003B00AF
S20510003CCCE2
S20510003D0DA0
S20510003E00AC
S20510003F00AB
S20510004000AA
S20510004101A8
S20510004202A6
S20510004302A5
S20510004403A3
S20510004503A2
S20510004603A1
S20510004703A0
S205100048049E
S205100049049D
S20510004A049C
S20510004B049B
S20510004C049A
S20510004D0499
S20510004E0498
S20510004F0497
S2051000500595
S2051000510594
S2051000520593
S2051000530592
S2051000540591
S2051000550590
S205100056058F
S205100057058E
S205100058058D
S205100059058C
S20510005A058B
S20510005B058A
S20510005C0589
S20510005D0588
S20510005E0587
S20510005F0586
S2051000600684
S2051000610683
S2051000620682
S2051000630681
S2051000640680
S205100065067F
S205100066067E
S205100067067D
S205100068067C
S205100069067B
S20510006A067A
S20510006B0679
S20510006C0678
S20510006D0677
S20510006E0676
S20510006F0675
S2051000700674
S2051000710673
S2051000720672
S2051000730671
S2051000740670
S205100075066F
S205100076066E
S205100077066D
S205100078066C
S205100079066B
S20510007A066A
S20510007B0669
S20510007C0668
S20510007D0667
S20510007E0666
S20510007F0665
S2051000800763
S2051000810762
S2051000820761
S2051000830760
S205100084075F
S205100085075E
S205100086075D
S205100087075C
S205100088075B
S205100089075A
S20510008A0759
S20510008B0758
S20510008C0757
S20510008D0756
S20510008E0755
S20510008F0754
S2051000900753
S2051000910752
S2051000920751
S2051000930750
S205100094074F
S205100095074E
S205100096074D
S205100097074C
S205100098074B
S205100099074A
S20510009A0749
S20510009B0748
S20510009C0747
S20510009D0746
S20510009E0745
S20510009F0744
S2051000A00743
S2051000A10742
S2051000A20741
S2051000A30740
S2051000A4073F
S2051000A5073E
S2051000A6073D
S2051000A7073C
S2051000A8073B
S2051000A9073A
S2051000AA0739
S2051000AB0738
S2051000AC0737
S2051000AD0736
S2051000AE0735
S2051000AF0734
S2051000B00733
S2051000B10732
S2051000B20731
S2051000B30730
S2051000B4072F
S2051000B5072E
S2051000B6072D
S2051000B7072C
S2051000B8072B
S2051000B9072A
S2051000BA0729
S2051000BB0728
S2051000BC0727
S2051000BD0726
S2051000BE0725
S2051000BF0724
S2051000C00822
S2051000C10821
S2051000C20820
S2051000C3081F
S2051000C4081E
S2051000C5081D
S2051000C6081C
S2051000C7081B
S2051000C8081A
S2051000C90819
S2051000CA0818
S2051000CB0817
S2051000CC0816
S2051000CD0815
S2051000CE0814
S2051000CF0813
S2051000D00812
S2051000D10811
S2051000D20810
S2051000D3080F
S2051000D4080E
S2051000D5080D
S2051000D6080C
S2051000D7080B
S2051000D8080A
S2051000D90809
S2051000DA0808
S2051000DB0807
S2051000DC0806
S2051000DD0805
S2051000DE0804
S2051000DF0803
S2051000E00802
S2051000E10801
S2051000E20800
S2051000E308FF
S2051000E408FE
S2051000E508FD
S2051000E608FC
S2051000E708FB
S2051000E808FA
S2051000E908F9
S2051000EA08F8
S2051000EB08F7
S2051000EC08F6
S2051000ED08F5
S2051000EE08F4
S2051000EF08F3
S2051000F008F2
S2051000F108F1
S2051000F208F0
S2051000F308EF
S2051000F408EE
S2051000F508ED
S2051000F608EC
S2051000F708EB
S2051000F808EA
S2051000F908E9
S2051000FA08E8
S2051000FB08E7
S2051000FC08E6
S2051000FD08E5
S2051000FE08E4
S2051000FF08E3
S20510010008E1
S20510010108E0
S20510010208DF
S20510010308DE
S20510010408DD
S20510010508DC
S20510010608DB
S20510010708DA
S20510010808D9
S20510010908D8
S20510010A08D7
S20510010B08D6
S20510010C08D5
S20510010D08D4
S20510010E08D3
S20510010F08D2
S20510011008D1
S20510011108D0
S20510011208CF
S20510011308CE
S20510011408CD
S20510011508CC
S20510011608CB
S20510011708CA
S20510011808C9
S20510011908C8
S20510011A08C7
S20510011B08C6
S20510011C08C5
S20510011D08C4
S20510011E08C3
S20510011F08C2
S20510012008C1
S20510012108C0
S20510012208BF
S20510012308BE
S20510012408BD
S20510012508BC
S20510012608BB
S20510012708BA
S20510012808B9
S20510012908B8
S20510012A08B7
S20510012B08B6
S20510012C08B5
S20510012D08B4
S20510012E08B3
S20510012F08B2
S20510013008B1
S20510013108B0
S20510013208AF
S20510013308AE
S20510013408AD
S20510013508AC
S20510013608AB
S20510013708AA
S20510013808A9
S20510013908A8
S20510013A08A7
S20510013B08A6
S20510013C08A5
S20510013D08A4
S20510013E08A3
S20510013F08A2
S2051001404861
S2051001414563
S2051001424C5B
S2051001434C5A
S2051001444F56
S2051001452084
S2051001464B58
S205100147356D
S2051001482C75
S2051001492080
S20510014A4C53
S20510014B4559
S20510014C5449
S20510014D5349
S20510014E207B
S20510014F4753
S2051001504F4A
S2051001510A8E
S2051001520097
S2051001530096
S2051001540095
S2051001550094
S2051001560093
S2051001570092
S2051001586130
S2051001597020
S20510015A701F
S20510015B5F2F
S20510015C731A
S20510015D721A
S20510015E6328
S20510015F5F2B
S2051001606425
S205100161691F
S2051001627215
S2051001632F57
S2051001646B1A
S205100165354F
S2051001665F24
S205100167651D
S2051001687809
S205100169611F
S20510016A6D12
S20510016B700E
S20510016C6C11
S20510016D6517
S20510016E5F1C
S20510016F6911
S2051001706E0B
S2051001712E4A
S2051001727403
S20510017378FE
S2051001747401
S2051001750074
S2051001760073
S2051001770072
S205100178254C
S20510017973FD
S20510017A0A65
S20510017B006E
S20510017C2449
S20510017D70FC
S20510017E79F2
S20510017F73F7
S2051001806801
S2051001816503
S2051001826CFB
S2051001836CFA
S2051001842045
S2051001856FF5
S20510018670F3
S20510018765FD
S2051001886EF3
S205100189461A
S20510018A69F6
S20510018B6CF2
S20510018C65F8
S20510018D2834
S20510018E2239
S20510018F2535
S20510019073E6
S2051001912236
S2051001922C2B
S205100193272F
S2051001942530
S20510019563F1
S205100196272C
S2051001972929
S2051001980A47
S2051001990050
S20510019A004F
S20510019B004E
S20510019C2429
S20510019D70DC
S20510019E79D2
S20510019F73D7
S2051001A068E1
S2051001A165E3
S2051001A26CDB
S2051001A36CDA
S2051001A42025
S2051001A563E1
S2051001A66CD7
S2051001A76FD3
S2051001A873CE
S2051001A965DB
S2051001AA46F9
S2051001AB69D5
S2051001AC6CD1
S2051001AD65D7
S2051001AE2813
S2051001AF2515
S2051001B064D5
S2051001B1290F
S2051001B20A2D
S2051001B30036
S2051001B453E2
S2051001B574C0
S2051001B661D2
S2051001B772C0
S2051001B874BD
S2051001B969C7
S2051001BA6EC1
S2051001BB67C7
S2051001BC200D
S2051001BD6CC0
S2051001BE6FBC
S2051001BF61C9
S2051001C064C5
S2051001C12008
S2051001C246E1
S2051001C369BD
S2051001C46CB9
S2051001C565BF
S2051001C62003
S2051001C725FD
S2051001C864BD
S2051001C90A16
S2051001CA001F
S2051001CB001E
S2051001CC24F9
S2051001CD70AC
S2051001CE79A2
S2051001CF73A7
S2051001D068B1
S2051001D165B3
S2051001D26CAB
S2051001D36CAA
S2051001D420F5
S2051001D566AE
S2051001D673A0
S2051001D763AF
S2051001D861B0
S2051001D96EA2
S2051001DA739C
S2051001DB28E6
S2051001DC25E8
S2051001DD64A8
S2051001DE29E2
S2051001DF0A00
S2051001E00009
S2051001E10008
S2051001E20007
S2051001E30006
S2051001E44DB8
S2051001E5659F
S2051001E66D96
S2051001E76F93
S2051001E8728F
S2051001E97987
S2051001EA20DF
S2051001EB46B8
S2051001EC6994
S2051001ED6C90
S2051001EE6596
S2051001EF20DA
S2051001F025D4
S2051001F16494
S2051001F220D7
S2051001F34CAA
S2051001F46F86
S2051001F56193
S2051001F6648F
S2051001F7658D
S2051001F8648D
S2051001F90AE6
S2051001FA00EF
S2051001FB00EE
S2051001FC24C9
S2051001FD707C
S2051001FE7972
S2051001FF7377
S2051002006880
S2051002016582
S2051002026C7A
S2051002036C79
S20510020420C4
S2051002057172
S205100206756D
S2051002076978
S205100208746C
S205100209419E
S20510020A706E
S20510020B706D
S20510020C28B4
S20510020D29B2
S20510020E0AD0
S20510020F00D9
S20510021030A8
S20510021131A6
S20510021232A4
S20510021333A2
S20510021434A0
S205100215359E
S205100216369C
S205100217379A
S2051002183898
S2051002193996
S20510021A616D
S20510021B626B
S20510021C6369
S20510021D6467
S20510021E6565
S20510021F6663
S2051002206761
S205100221685F
S205100222695D
S2051002236A5B
S2051002246B59
S2051002256C57
S2051002266D55
S2051002276E53
S2051002286F51
S205100229704F
S20510022A714D
S20510022B724B
S20510022C7349
S20510022D7447
S20510022E7545
S20510022F7643
S2051002307741
S205100231783F
S205100232793D
S2051002337A3B
S20510023400B4
S20510023500B3
S20510023600B2
S20510023700B1
S2051002383080
S205100239317E
S20510023A327C
S20510023B337A
S20510023C3478
S20510023D3576
S20510023E3674
S20510023F3772
S2051002403870
S205100241396E
S2051002424165
S2051002434263
S2051002444361
S205100245445F
S205100246455D
S205100247465B
S2051002484759
S2051002494857
S20510024A4955
S20510024B4A53
S20510024C4B51
S20510024D4C4F
S20510024E4D4D
S20510024F4E4B
S2051002504F49
S2051002515047
S2051002525145
S2051002535243
S2051002545341
S205100255543F
S205100256553D
S205100257563B
S2051002585739
S2051002595837
S20510025A5935
S20510025B5A33
S20510025C008C
S20510025D008B
S20510025E008A
S20510025F0089
S2051002603C4C
S2051002614E39
S2051002625531
S2051002634C39
S2051002644C38
S2051002653E45
S2051002660082
S2051002670081
S205100268C0C0
S205100269344B
S20510026A007E
S20510026B007D
S20510026C3C40
S20510026D3447
S20510026E007A
S20510026F0079
S2051002703C3C
S2051002713443
S2051002720076
S2051002730075
S205100274B4C0
S205100275343F
S2051002760072
S2051002770071
S2051002783C34
S205100279343B
S20510027A006E
S20510027B006D
S20510027C3C30
S20510027D3437
S20510027E006A
S20510027F0069
S2051002803C2C
S2051002813433
S2051002820066
S2051002830065
S2051002843C28
S205100285342F
S2051002860062
S2051002870061
S2051002883C24
S205100289342B
S20510028A005E
S20510028B005D
S20510028C3C20
S20510028D3427
S20510028E005A
S20510028F0059
S2051002903C1C
S2051002913423
S2051002920056
S2051002930055
S205100294A8AC
S205100295341F
S2051002960052
S2051002970051
S2051002983C14
S205100299341B
S20510029A004E
S20510029B004D
S20510029C9CB0
S20510029D3417
S20510029E004A
S20510029F0049
S2051002A03C0C
S2051002A13413
S2051002A20046
S2051002A30045
S2051002A43C08
S2051002A5340F
S2051002A60042
S2051002A70041
S2051002A890B0
S2051002A9340B
S2051002AA003E
S2051002AB003D
S2051002ACB08C
S2051002AD3EFD
S2051002AE003A
S2051002AF0039
S2051002B0CC6C
S2051002B13403
S2051002B20036
S2051002B30035
S2051002B4CC68
S2051002B534FF
S2051002B60032
S2051002B70031
S2051002B8CC64
S2051002B934FB
S2051002BA002E
S2051002BB002D
S2051002BCCC60
S2051002BD34F7
S2051002BE002A
S2051002BF0029
S2051002C0CC5C
S2051002C134F3
S2051002C20026
S2051002C30025
S2051002C4CC58
S2051002C534EF
S2051002C60022
S2051002C70021
S2051002C8CC54
S2051002C934EB
S2051002CA001E
S2051002CB001D
S2051002CCCC50
S2051002CD34E7
S2051002CE001A
S2051002CF0019
S2051002D0CC4C
S2051002D134E3
S2051002D20016
S2051002D30015
S2051002D4CC48
S2051002D534DF
S2051002D60012
S2051002D70011
S2051002D8CC44
S2051002D934DB
S2051002DA000E
S2051002DB000D
S2051002DCCC40
S2051002DD34D7
S2051002DE000A
S2051002DF0009
S2051002E0CC3C
S2051002E134D3
S2051002E20006
S2051002E30005
S2051002E4CC38
S2051002E534CF
S2051002E60002
S2051002E70001
S2051002E8CC34
S2051002E934CB
S2051002EA00FE
S2051002EB00FD
S2051002ECCC30
S2051002ED34C7
S2051002EE00FA
S2051002EF00F9
S2051002F0CC2C
S2051002F134C3
S2051002F200F6
S2051002F300F5
S2051002F4CC28
S2051002F534BF
S2051002F600F2
S2051002F700F1
S2051002F8CC24
S2051002F934BB
S2051002FA00EE
S2051002FB00ED
S2051002FCCC20
S2051002FD34B7
S2051002FE00EA
S2051002FF00E9
S205100300CC1B
S20510030134B2
S20510030200E5
S20510030300E4
S205100304CC17
S20510030534AE
S20510030600E1
S20510030700E0
S2051003080CD3
S205100309429C
S20510030A00DD
S20510030B00DC
S20510030CCC0F
S20510030D34A6
S20510030E00D9
S20510030F00D8
S205100310CC0B
S20510031134A2
S20510031200D5
S20510031300D4
S205100314CC07
S205100315349E
S20510031600D1
S20510031700D0
S205100318CC03
S205100319349A
S20510031A00CD
S20510031B00CC
S20510031CCCFF
S20510031D3496
S20510031E00C9
S20510031F00C8
S205100320CCFB
S2051003213492
S20510032200C5
S20510032300C4
S205100324CCF7
S205100325348E
S20510032600C1
S20510032700C0
S205100328CCF3
S205100329348A
S20510032A00BD
S20510032B00BC
S20510032C04B7
S20510032D4278
S20510032E00B9
S20510032F00B8
S205100330CCEB
S2051003313482
S20510033200B5
S20510033300B4
S205100334644F
S2051003353979
S20510033600B1
S20510033700B0
S205100338A807
S205100339416D
S20510033A00AD
S20510033B00AC
S20510033CCCDF
S20510033D3476
S20510033E00A9
S20510033F00A8
S205100340980F
S205100341376F
S20510034200A5
S20510034300A4
S205100344CCD7
S205100345346E
S20510034600A1
S20510034700A0
S205100348CCD3
S205100349346A
S20510034A009D
S20510034B009C
S20510034CA8F3
S20510034D4159
S20510034E0099
S20510034F0098
S205100350CCCB
S2051003513462
S2051003520095
S2051003530094
S205100354CCC7
S205100355345E
S2051003560091
S2051003570090
S205100358CCC3
S205100359345A
S20510035A008D
S20510035B008C
S20510035CCCBF
S20510035D3456
S20510035E0089
S20510035F0088
S205100360CCBB
S2051003613452
S2051003620085
S2051003630084
S205100364681B
S205100365364C
S2051003660081
S2051003670080
S205100368ACD3
S2051003693945
S20510036A007D
S20510036B007C
S20510036CCCAF
S20510036D3446
S20510036E0079
S20510036F0078
S205100370CCAB
S2051003713442
S2051003720075
S2051003730074
S20510037480F3
S205100375363C
S2051003760071
S2051003770070
S205100378CCA3
S205100379343A
S20510037A006D
S20510037B006C
S20510037CB4B7
S20510037D3535
S20510037E0069
S20510037F0068
S205100380CC9B
S2051003813432
S2051003820065
S2051003830064
S205100384CC97
S205100385342E
S2051003860061
S2051003870060
S20510038874EB
S2051003893628
S20510038A005D
S20510038B005C
S20510038C5803
S20510038D3D1D
S20510038E0059
S20510038F0058
S205100390D087
S2051003913422
S2051003920055
S2051003930054
S205100394D083
S205100395341E
S2051003960051
S2051003970050
S205100398D07F
S205100399341A
S20510039A004D
S20510039B004C
S20510039CD07B
S20510039D3416
S20510039E0049
S20510039F0048
S2051003A0D077
S2051003A13412
S2051003A20045
S2051003A30044
S2051003A4D073
S2051003A5340E
S2051003A60041
S2051003A70040
S2051003A8D06F
S2051003A9340A
S2051003AA003D
S2051003AB003C
S2051003ACD06B
S2051003AD3406
S2051003AE0039
S2051003AF0038
S2051003B0D067
S2051003B13402
S2051003B20035
S2051003B30034
S2051003B4D063
S2051003B534FE
S2051003B60031
S2051003B70030
S2051003B8D05F
S2051003B934FA
S2051003BA002D
S2051003BB002C
S2051003BCD05B
S2051003BD34F6
S2051003BE0029
S2051003BF0028
S2051003C0D057
S2051003C134F2
S2051003C20025
S2051003C30024
S2051003C4D053
S2051003C534EE
S2051003C60021
S2051003C70020
S2051003C8D04F
S2051003C934EA
S2051003CA001D
S2051003CB001C
S2051003CCD04B
S2051003CD34E6
S2051003CE0019
S2051003CF0018
S2051003D0D047
S2051003D134E2
S2051003D20015
S2051003D30014
S2051003D4D043
S2051003D534DE
S2051003D60011
S2051003D70010
S2051003D8D03F
S2051003D934DA
S2051003DA000D
S2051003DB000C
S2051003DCD03B
S2051003DD34D6
S2051003DE0009
S2051003DF0008
S2051003E0D037
S2051003E134D2
S2051003E20005
S2051003E30004
S2051003E4D033
S2051003E534CE
S2051003E60001
S2051003E70000
S2051003E8F00F
S2051003E939C5
S2051003EA00FD
S2051003EB00FC
S2051003ECD02B
S2051003ED34C6
S2051003EE00F9
S2051003EF00F8
S2051003F0D027
S2051003F134C2
S2051003F200F5
S2051003F300F4
S2051003F4D023
S2051003F534BE
S2051003F600F1
S2051003F700F0
S2051003F8D01F
S2051003F934BA
S2051003FA00ED
S2051003FB00EC
S2051003FCD01B
S2051003FD34B6
S2051003FE00E9
S2051003FF00E8
S205100400D016
S20510040134B1
S20510040200E4
S20510040300E3
S205100404D012
S20510040534AD
S20510040600E0
S20510040700DF
S205100408D00E
S20510040934A9
S20510040A00DC
S20510040B00DB
S20510040CFCDE
S20510040D39A0
S20510040E00D8
S20510040F00D7
S205100410D006
S20510041134A1
S20510041200D4
S20510041300D3
S205100414686A
S2051004153998
S20510041600D0
S20510041700CF
S2051004184886
S2051004193697
S20510041A00CC
S20510041B00CB
S20510041CD0FA
S20510041D3495
S20510041E00C8
S20510041F00C7
S2051004209C2A
S205100421378E
S20510042200C4
S20510042300C3
S205100424D0F2
S205100425348D
S20510042600C0
S20510042700BF
S205100428D0EE
S2051004293489
S20510042A00BC
S20510042B00BB
S20510042C4872
S20510042D3683
S20510042E00B8
S20510042F00B7
S205100430D0E6
S2051004313481
S20510043200B4
S20510043300B3
S205100434D0E2
S205100435347D
S20510043600B0
S20510043700AF
S205100438D0DE
S2051004393479
S20510043A00AC
S20510043B00AB
S20510043CD0DA
S20510043D3475
S20510043E00A8
S20510043F00A7
S205100440D0D6
S2051004413471
S20510044200A4
S20510044300A3
S2051004446C36
S205100445366B
S20510044600A0
S205100447009F
S205100448B0EE
S2051004493964
S20510044A009C
S20510044B009B
S20510044CD0CA
S20510044D3465
S20510044E0098
S20510044F0097
S205100450D0C6
S2051004513461
S2051004520094
S2051004530093
S205100454840E
S205100455365B
S2051004560090
S205100457008F
S205100458D0BE
S2051004593459
S20510045A008C
S20510045B008B
S20510045CB8D2
S20510045D3554
S20510045E0088
S20510045F0087
S205100460D0B6
S2051004613451
S2051004620084
S2051004630083
S205100464D0B2
S205100465344D
S2051004660080
S205100467007F
S2051004687806
S2051004693647
S20510046A007C
S20510046B007B
S2051004700076
S2051004710075
S2051004720074
S2051004730073
S2051004740072
S2051004750071
S205100476244C
S205100477402F
S205100478B8B6
S2051004791E4F
S20510047A85E7
S20510047BEB80
S20510047C5119
S20510047DB8B1
S20510047E9ECA
S20510047F3F28
S2051004800066
S2051004810065
S2051004820064
S2051004830063
S2051004840062
S2051004850061
S205100486F070
S2051004873F20
S205100488144A
S205100489005D
S20510048A005C
S20510048B80DB
S80400008477
